1 19.733846187591553 3.862039883648949e7 -13.784470315890026 -43.115085931077054 -11.90189614514955 28.479411362045497 -118.13916588026744 -136.8455652309583 -116.56269092338277 -3.354110665030987 24.11014328655358
3 25.594452381134033 3.856503857711468e7 -7.299772218288702 -31.523688081614715 -17.840147741791583 25.42961341850237 -120.289597361751 -133.6518599833821 -122.46079958838129 -2.70497808012135 25.08842844323908
5 31.552958488464355 3.749171468965937e7 -25.548701344824856 -50.16366568943387 -10.343039385229673 45.40325325222365 -108.3839016538344 -136.87155617667486 -119.11062642739932 -15.527554240935501 8.168590006144541
6 34.680885314941406 3.857724812124966e7 -15.340797859314343 -39.737021414948046 -9.659281500005108 28.821757998795462 -118.27488662654225 -133.69220760622204 -118.17587054266266 -3.0893867303327625 24.34162222820919
7 37.79091668128967 3.840363171295472e7 -17.35105426957075 -34.090354748281385 -14.953087464718294 26.276338386302058 -119.2639987912887 -133.90213328073378 -120.18342501737743 -3.1059503572122935 24.66624378993015
8 40.75266480445862 3.866858844349232e7 -19.361310679827177 -43.84368808161471 -12.101145513907028 27.819924615867833 -118.59814819513302 -137.2331905789889 -116.66234916978459 -2.603179655928159 24.81257448916415
9 43.633848667144775 3.880781130061638e7 -18.107602380957594 -50.84268449738529 -5.561641615384524 31.38121122905821 -116.09308876220784 -137.23168496970646 -109.26167176907614 -2.5086621475020365 25.185825507530126
10 46.58917164802551 3.8883181997702144e7 -22.37669529521174 -58.473688081614696 -0.6530851104691564 60.959317524607314 -94.28935283841832 -138.68767985275463 -104.00912008062994 -2.8106098346133876 24.91279653026993
11 49.498175621032715 3.932432613779846e7 -19.361310679827163 -53.08368808161471 22.594516838193023 67.51814117437148 -94.45115298462142 -128.65403743334895 -100.97395078808313 6.734317379837137 23.66616559296301
12 52.32447266578674 3.9350610144582435e7 -18.38574506896743 -51.33986455220294 24.400913240694656 67.76555717936984 -89.37789329073851 -121.41697748576678 -76.90622598855373 -3.3454175420887964 23.51273538196199
13 55.28874182701111 3.99928153821823e7 -19.75045682728115 -58.5483436927404 0.8743461667036527 61.14984061915149 -98.29502522615428 -128.92507176808778 -98.71016024955082 15.744715194949663 49.13906831474867
14 58.269749879837036 3.90876534035296e7 -95.12767976361977 -93.20872412265426 27.214151032507807 109.85056493682453 -62.588681472165234 -139.43868985156735 -86.81286762757458 -18.457455642995058 4.2091061404874495
15 61.26974892616272 4.015574691807274e7 -108.06993584135911 -100.94300686161323 74.17229408781807 164.90498469763605 -18.50989776938904 -122.9738903167646 -27.62115362735551 -3.2677612489310377 24.179234353513834
16 64.24885392189026 4.0914419063317254e7 -139.74923971926395 -144.6437930956597 129.5625300743601 199.45984208047543 3.1838393263825058 -112.34141303305188 21.831312095069393 -18.973011444485905 3.5839779804960585
17 82.60231161117554 5.218799747705503e7 -22.645240998871948 -94.22088909942637 73.28519278691536 76.95303541234895 -88.72418782026199 -90.17715972221043 -2.1873501507931223 169.22274032028974 248.9088596038572
18 85.45433139801025 3.940710671271592e7 -134.48854346132558 -135.14160632816802 61.43106394508878 151.30374080344396 -32.20861786660551 -143.69486496076655 -54.356996000350705 -19.74378267555079 2.5860805002989196
19 88.24250745773315 3.8800310585470974e7 -74.31782907469743 -73.81620921861935 9.971684284575389 55.82166269761966 -98.73856817380673 -139.80486801861406 -95.27466373566301 -4.096066962041164 23.042716592690454
22 97.09012484550476 3.8403953477462254e7 -11.47852594898606 -34.69431126312434 -16.46903618150901 25.88946774247492 -119.95251923060212 -134.55666570429747 -121.74605039000562 -4.680043897086364 22.144150721589995
23 100.10255169868469 3.8461597179882266e7 -18.08225481841628 -38.27977843251518 -14.402473860185125 44.349362181047425 -106.75851045642926 -135.32042924729723 -119.04714131429057 -4.240287070818056 22.474837582145597
24 102.95421767234802 4.2753927879237436e7 -180.07682018392293 -213.88137943481937 192.80939393314827 308.95034224523596 74.28888374161048 -113.92341607617504 68.13451498748134 3.9035893353803885 18.749376963109285
25 105.98323464393616 3.8759877048010625e7 -49.6210578608621 -60.873015510712285 -1.7438786389985452 50.48222061566058 -102.62761017780835 -138.8561499172112 -106.85482535786105 -2.2617640936429666 25.861530819706445
28 115.16273045539856 3.827636572257721e7 -7.050162175549197 -17.455512841346234 -21.84783597088358 24.004178029118265 -121.24596343720805 -128.274431142556 -127.62227162604353 -4.860336036214221 21.762188032924655
29 117.98553562164307 3.910313405119458e7 -118.62347086552168 -93.30845256630933 34.99278318986346 94.96710379516072 -70.21175441451808 -139.91865702368216 -75.11428938734622 -4.802621166135168 22.105921572890452
30 120.96352863311768 3.8418562964077786e7 -17.10144422683124 -35.42217950801289 -15.800058677445321 43.92679692569823 -107.13053022821654 -134.48394954399225 -121.07959892176785 -4.425510671661527 22.511459778444532
32 158.02237844467163 3.74420499080669e7 -24.514833251079985 -35.29442686849555 -14.469502268877108 44.07073950817576 -109.28444082433454 -130.92050642919253 -123.4638578777379 -14.824901050241692 9.397005414064608
33 175.75008821487427 3.8241629788978174e7 -16.593953142180624 -19.892588034611048 -19.255277486139832 24.761588146530755 -120.32854779079048 -128.38525528292485 -125.26315498920275 -3.6917691564095207 23.902653269485995
34 193.7354052066803 3.852124882409953e7 -14.078129721399058 -24.63407969175003 -14.03451868237363 27.240058422950852 -118.96006891834668 -127.97465857157454 -119.35583715913629 -3.7027494821774667 23.944200985282464
35 212.55654454231262 3.8437549206051335e7 -20.657800503961916 -31.354743419653488 -15.88977874734303 26.5118328226703 -119.47093105621525 -132.4746175949058 -121.26764800977236 -4.180337448955584 22.720447208994415
36 231.1516604423523 3.838560686553547e7 -15.061785160221078 -25.63881346140395 -13.663726738929356 27.394520324839505 -119.23232654918357 -128.30934061262974 -123.22949247000315 -4.101372338799592 23.19301839101263
37 250.08770990371704 3.859259435518569e7 -23.175213594718265 -46.279042253110944 -5.603567052705067 59.360405312575566 -95.37909580400222 -134.7188293564957 -110.0090086183007 -4.604738344056329 21.84789042386626
38 269.9497129917145 3.851961152848447e7 -35.65765724458274 -68.59141027724371 3.1782829228078597 69.77686890019265 -91.74843094856766 -137.76954732269274 -110.19338507135274 -18.580815848860993 3.7594185485403955
39 287.68648409843445 3.974470111677335e7 -19.50084678454167 -44.48016845247194 -3.1333420623883725 59.724405229767356 -99.25139130161133 -123.58744503482234 -103.88191170805226 14.453623237030797 46.60149050805546
40 305.25586557388306 3.91212377818568e7 -87.4604185858056 -68.78884617467955 18.258058249624916 88.31169658847496 -74.91783932995293 -135.4267117899725 -87.62881668376366 -3.8922757114648903 23.086287403475467
41 323.84182262420654 3.9365259999432325e7 -35.16967699206998 -67.71914557587716 31.28103671895422 89.24910386381671 -79.01280599028615 -131.5515331195091 -92.46755243911844 5.56398953994659 22.454187629203943
42 343.57381772994995 5.207785152053011e7 -32.44691300741451 -98.11938052582454 75.32528185126162 95.45021891954478 -75.56512068672751 -91.07737013112211 -0.8416290283773833 168.24840837014892 246.9936692033948
43 362.2233066558838 5.243353350184347e7 -67.61941288860578 -95.82227531703909 99.46569063875509 136.7892424430133 -48.00506762750867 -75.77178332875985 16.37368031181802 155.17171720560316 227.17141746072468
44 379.95488357543945 4.272494170659406e7 -150.50687696552498 -163.77626859197227 150.15585945460347 245.37178657799092 30.770007188643618 -115.78007488227661 24.984224067025366 33.565308624683894 48.02585049117738
45 397.7060446739197 3.830976789399498e7 -22.12635397067701 -29.202080026653693 -15.391804285871409 26.58232582570487 -119.41219394961048 -130.8163794629129 -122.03413898579754 -5.145412991369312 21.972226628040403
48 406.88419461250305 3.832317097210769e7 -17.93247416122589 -10.627668551984048 -25.00490722983377 22.262488496816133 -122.08490502731277 -132.4056134971873 -132.9147989851511 -4.356385376052458 22.63358925145883
49 409.7635214328766 3.785194563846132e7 -27.901309962758432 -35.08070035139013 -15.144317416587256 26.16596568076656 -119.8737282521092 -132.252567388944 -122.79037422654216 -10.337778340154955 14.9581546402801
50 412.634934425354 3.6962835802404e7 -51.501877318417144 -60.23702729537009 -0.07389396103773294 50.563622639584906 -105.36846214655473 -134.6609941016261 -114.48389031658337 -20.410200522343416 2.013211798832401
51 415.4133403301239 4.2651165521797314e7 -159.60179271230598 -196.7675567750069 140.89951447736678 265.6974058154526 43.01651142674595 -129.23043391516813 21.30055146240477 8.410528381800532 27.357531408354816
52 418.537326335907 6.657864257990829e7 -170.1558706600449 -246.22336399867694 283.12281404504233 291.2094012294902 58.39869361560865 -48.42866068188903 209.2663808273345 330.36206617316634 446.89789122384286
53 421.5243082046509 3.772676429892978e7 -32.25553032873281 -35.82038180662094 -13.739412142115 26.64261400169113 -119.39494156080343 -132.8808695774482 -122.42968356774168 -11.765692966692882 12.75765417192872
54 424.4802453517914 3.7668546147780165e7 -13.566936584658066 -0.5732039961579805 -19.878706417250335 25.11587963909463 -120.39431437556547 -117.92878990928551 -129.5560628071599 -10.802074504692314 14.650055841452058
55 427.36179423332214 3.732626192617678e7 -120.73781165668333 -89.18186830597898 24.721674534640478 107.47189406476382 -63.96501016956266 -140.26292840464896 -92.931721269518 -21.126969403260205 1.2306765937917703
56 430.1563341617584 5.056342090044796e7 -57.49423497622038 -115.28123942721143 79.27644079697384 98.2664958535969 -73.50717122992054 -97.48653286088205 -1.3574764155770822 147.39680396905123 219.8573229846496
59 438.971355676651 3.695217496054204e7 -35.400833412357144 -37.26749340607944 -14.413635248284187 43.81208156792849 -109.49786857947439 -132.50309263796595 -127.34686408161599 -18.6842562996041 4.190941525591825
60 441.8548095226288 3.7514510470688865e7 -21.343105898842577 -2.558904374601525 -18.119701117968923 25.623464665626216 -119.77950024181948 -118.45731762280377 -128.58609023864705 -11.725465482742152 14.05066452078313
61 444.731169462204 3.773449103918888e7 -27.174574913070757 -14.472434574465296 -13.920649193709785 27.62353443264672 -118.61928199457267 -122.32179089763395 -123.7130379298298 -11.60742950804206 14.020539359390227
62 447.6273217201233 3.771547826210706e7 -32.354379671166555 -34.155758513291914 -13.872668071440508 26.514233949299182 -119.43297576988309 -132.43707944828526 -123.214723078835 -11.436524245478665 13.558285013325076
63 465.65764832496643 3.763144415444475e7 -20.766544095850634 -7.92708881116182 -11.592557569952284 57.15859088252445 -100.62739794617929 -117.79117754842798 -125.42952854708108 -11.660580204502025 12.344561279727941
64 483.75050258636475 3.795653749470599e7 -29.691988003827163 -29.39673340792268 -3.634437499071801 60.472106922551944 -94.52744674235956 -124.34581740693136 -112.07792163924148 -10.941714557282808 13.977228053718477
65 503.34013271331787 3.784623956352103e7 -39.52908371462473 -41.48420621482424 -6.078813430865985 29.759325363341844 -117.14055782132706 -132.4114447096091 -115.42433117614797 -11.695498771616997 13.284176672001763
66 521.441086769104 3.8882814975870006e7 -26.607212991945545 -28.877589662332753 -1.5017126113434713 60.91237193699831 -98.36218507260077 -114.00656691859183 -106.81068844034257 4.677598658973238 34.68763422893073
67 524.3208153247833 3.816745211639653e7 -29.648987866709348 -29.319870662824655 3.1130984116877514 81.70908893874164 -86.00082993932892 -119.37892427080362 -117.34607854434591 -17.178711330514886 6.260956935650597
68 527.2046256065369 3.81930762620314e7 -95.25147174339065 -63.14939253740135 12.27014642872907 84.44506016727385 -77.58946011786001 -135.34117843744832 -98.43532474485573 -11.848332995431008 12.567041455473031
69 530.1365194320679 3.827245131644365e7 -73.82296613377588 -92.40978419695153 51.47689937645482 113.5292007287355 -64.12179876851229 -132.9893204465444 -80.83511880188189 -6.5808124279867 3.54972869291322
70 533.1899983882904 4.044859863078987e7 -40.95336445975103 -63.57317722474002 53.05464534770524 125.0209459194719 -52.25938694932272 -122.48764754615382 -70.26299734617442 17.1418803071233 34.638870956637334
71 536.0775053501129 5.044518414815081e7 -29.313070346457636 -64.90740765151048 66.66821248035012 76.31123670659983 -89.03622074236173 -77.8566202900339 -15.235070938950287 148.19957186772194 222.51699908256614
72 539.0030591487885 4.3041354225841e7 -160.41234799519535 -187.45883615051562 166.07844207253785 268.68475147018194 45.00878490587852 -113.33367607682857 43.17202205945307 9.270895009467495 24.09744423022198
73 542.0883910655975 4.3259205309646904e7 -173.23819955542385 -193.34385238744466 187.80762482907994 273.4700950315616 48.191450178883755 -109.45226584918902 54.92568754387548 16.573978712481335 22.41275059892996
74 545.0526471138 3.837844240537514e7 -27.807267397490094 -42.32568034336617 -12.113874132697859 45.403770404027384 -105.97064922512948 -136.58641401832097 -117.74067572466743 -5.170011086625493 21.579295842457782
76 550.854709148407 3.7542913743950576e7 -20.106083850198765 -3.4990006493069012 -18.161818795398247 25.694655475582067 -119.82952432578223 -118.70794770236938 -128.1637952735548 -11.82064097157371 12.8963648240358
77 553.9344201087952 3.742119336801461e7 -36.556623772574646 -11.348723726010501 -13.974640102296 27.134539664910804 -118.49382080358248 -120.86762271211245 -124.25206664784184 -12.429437837423109 13.246539362191584
79 559.7903888225555 6.5688719047104746e7 -203.32708489659694 -269.22918894396184 324.5674976478081 333.5999882345816 88.93487484555499 -44.59731372474863 235.45753012011005 322.07150532341154 425.3446245574545
80 562.8376007080078 6.561717885093387e7 -203.40778135645144 -269.2910081962433 324.65946196960977 333.62829075860446 88.95525876580649 -44.77245736591817 235.1771261858545 321.20600804582637 423.9105977376671
81 565.8433198928833 3.830739089208574e7 -23.67232369367926 -40.517589640243145 -14.258644165540915 44.63122111960689 -106.68624679772833 -137.17084708708046 -120.79192119456832 -6.454331663797916 20.324528267227606
83 571.9133017063141 3.7149104141629204e7 -14.663776165426988 -2.5770331099915778 -15.613114677997402 44.326065210680056 -108.80995717620071 -115.13529305407246 -127.02988240992022 -16.282810991988526 7.327148835060768
84 574.8532068729401 3.749841826238771e7 -31.928490347394238 -11.52028356160395 -16.560635079918455 26.256468201494357 -119.39984743955554 -122.38845086896714 -126.77673347000092 -12.723491643599516 12.003006597211993
85 577.6793720722198 3.766791913354143e7 -18.16244644195411 -25.384189993311303 -15.231002633442188 8.594244610109143 -132.03673056777038 -128.40178390973153 -124.87531668037985 -10.941114165980537 14.438010697185632
86 580.6442248821259 3.750515953919127e7 -36.46830001901723 -14.46400379345447 -15.87401424328823 26.477587505102463 -119.23071912995411 -123.73863651117887 -126.18624781322654 -12.808747938267913 11.969862070625538
87 583.6920826435089 3.750271698879034e7 -32.32930971073153 -13.16130148119435 -12.815966422512929 27.8423812589172 -118.49257364985509 -121.60302846888982 -125.74270827999322 -12.993302261871634 12.074453863623603
88 601.2780873775482 3.742109375854936e7 -41.53545738487736 -15.469433148423281 -14.684937792429736 26.84032177450642 -118.80066191337923 -123.52910743670924 -124.83876797768039 -12.892767425507316 12.200311422217396
89 617.8936204910278 3.7659077152582206e7 -26.73561832055308 -9.303352880912996 -13.938669418942709 27.460053410581722 -118.57600168242702 -119.6254480074723 -123.77237121317262 -11.475287971739306 14.049289622824631
90 636.4586896896362 3.762842899657871e7 -37.86683358645502 -18.46508383683079 -13.502969148510488 27.587118656395035 -118.46774164467234 -124.3265795405988 -123.28845130428266 -11.905122579863473 13.533124133521028
91 639.3546924591064 3.787759808933121e7 -21.65179134595934 -21.84077572493262 -3.147622890984863 60.55556961698406 -94.34213612076925 -120.14772803324502 -111.96082329824907 -11.388805667342979 13.866308618052813
92 642.1399912834167 3.830070695703662e7 -31.35751898223092 -23.610940947814377 23.21594871393016 67.93444021538382 -88.99071913187105 -107.22255135469646 -83.80528412635306 -12.648181668627558 11.479807078095405
93 644.9285593032837 3.8470429106103145e7 -72.5795966529968 -68.71689707311033 35.72938138754009 107.04671232086629 -68.08577466652422 -130.92033443363363 -93.86845156893719 -2.3205036659600182 10.241528811789578
94 647.8764431476593 4.9737702296284705e7 -53.421359768610905 -80.48594531128066 68.14973408017704 77.53589094646044 -87.9509279971798 -86.03334188650382 -15.17768636725026 138.6222968514678 209.36138552325417
95 650.9594671726227 3.736783336021422e7 -34.7098612485685 -10.877139724344646 -14.430679384178497 27.00654642240505 -118.64885306498365 -120.93564435752825 -124.96839159989145 -13.336356731371325 11.81055996772227
96 653.9731230735779 5.197298630753325e7 -123.9635678189349 -187.16542245763176 195.91124132058644 256.11121592928885 30.711127607187933 -79.87853632225779 84.13976203371055 141.12661711481962 196.97007393029742
97 656.8652322292328 5.1923552148911506e7 -123.8353899656538 -187.06722906645746 195.53143934735272 256.0194977378187 30.650404979624483 -80.13024345592902 83.6528846453001 140.62896129107742 196.18096015849574
98 659.6312873363495 3.793253297664843e7 -9.714399512276714 -20.287859536537127 -18.111989575471732 7.7242454716609785 -132.69469925853863 -127.17716432251308 -126.02530568251939 -7.918015006332382 18.17171922597015
102 671.4110424518585 3.787895392399453e7 -7.673459496812136 -18.232395694552416 -19.41951052538308 7.1783651679752865 -133.07467503906227 -127.16231570428403 -128.10786807256585 -8.13208979468726 18.302665578556457
103 674.257205247879 3.767886128276254e7 -0.07201331617591933 -10.61002391841408 -23.295054852164597 5.467809145800274 -134.26657140773148 -125.70799781529166 -132.97915124566003 -9.643957548561218 16.01493181280955
104 692.4331791400909 3.779645116635709e7 -54.9045570423805 -73.14294709139634 17.708971662598586 112.38945750187187 -61.91906559858462 -140.88638516748517 -96.50686074264411 -13.879691642856528 10.4596955881957
105 710.1620728969574 3.794091123274965e7 -63.472495513679625 -62.02020616661619 11.66730084758867 130.57363545778514 -50.26593533886266 -136.77227794243612 -102.9584813353132 -15.312661781731151 8.454944794721143
106 727.7764298915863 4.995213831328628e7 -39.028950685144615 -70.8972776235472 66.39584732875262 76.56825652655273 -88.73141710505422 -82.05411387863717 -16.866638957127464 141.91031688049998 212.79606629705643
109 782.128036737442 3.7239467268990055e7 -11.970963172752924 -20.85476604792634 -19.349856761899716 24.228501901135786 -123.06772646711829 -128.23056972125374 -131.29266677174405 -14.890670170062037 9.336714679290651
110 801.4868378639221 3.7703782775980376e7 -7.271530612316575 -14.206734267558167 -22.552917565939694 5.507544074621677 -134.21483888407 -127.70023076080827 -132.39881423779389 -9.522101371940607 16.322639341503304
111 819.198139667511 3.758359880287667e7 -0.6306580993257924 -6.521266038583239 -25.628467336852466 4.124147768335945 -135.191634737953 -125.47163614769772 -135.9986636753015 -10.311912467921616 14.934211377470206
112 836.68021941185 3.77288063985728e7 -11.323511345370534 -25.634741215888205 -20.044189617194817 23.485930475191367 -121.47589333224612 -132.5285629995858 -129.9372611807638 -9.714711369659483 15.838852687318195
114 874.2964315414429 3.694842725101271e7 -15.416575832855855 -21.624024866403154 -18.549859433267315 24.608736501366195 -122.97841892849738 -127.59016730382922 -132.1833373257723 -17.634590404682058 5.981201487322437
115 892.7816562652588 3.772984062534766e7 -15.125870195802221 -21.327089822841266 -19.525682069108697 6.703898804644609 -133.36517852339477 -129.92720199674113 -129.23615993851973 -9.750055527088136 15.223801959832599
116 912.7861087322235 3.7515686037087694e7 -7.668180029868868 -8.318347531561201 -24.125912911243333 4.555679885426031 -134.66893995602584 -125.78504011235674 -134.74376090599873 -10.143488678384188 16.06715544144356
117 930.349406003952 3.805052918063893e7 -17.523569109883894 -36.71734446995578 -4.110006923218386 31.317386395725748 -119.00736178690308 -127.55679237995764 -124.14572433860826 -17.920465941518614 5.827038800132527
118 933.3155519962311 3.782573141327703e7 -16.825589321728124 -23.06323150146561 -9.683724602019694 39.48444237527596 -113.06526645019748 -126.38254751005235 -123.91448340514319 -9.36978272292248 15.63160570759419
119 936.2798643112183 3.794789026507796e7 -17.336390040514843 -36.38276188345862 -9.856012597582364 39.38877744439411 -109.39506893297958 -132.55484782386003 -118.57753300549962 -9.475327844844173 16.192951440949514
120 939.6078763008118 3.830158717001839e7 -13.85602921943375 -30.16161691577623 7.459764867582116 45.289924283079955 -105.1635568920718 -120.25186835247524 -100.4693681409853 -9.475954470497754 16.253988770047386
121 942.5666422843933 3.854037543691692e7 -11.53620824538227 -26.01493692465918 20.88712976461853 46.853012387963474 -108.94414469952521 -118.47777809649449 -111.5522032625899 3.4787752307488518 14.091221770255174
122 945.5916311740875 3.876648087850084e7 -14.238296427738518 -36.057131017486206 -7.546492205580748 39.98663649912815 -113.12729188059505 -121.8594299743815 -113.14315211377607 4.271820846549417 34.35264329259644
123 948.6108481884003 3.837619496746203e7 -88.81913847907623 -62.820161995298875 14.189594232206723 85.7986173744323 -76.54909323730442 -135.35749429679697 -96.31865095294177 -10.176720520584354 15.424861757182725
124 951.5224590301514 4.281897860183742e7 -17.48161311152176 -73.55796212190737 20.208683119543757 79.42713129372046 -89.07116447168701 -121.04985782162191 -80.29192425794423 31.02970875628364 68.42385446187006
125 954.3550109863281 4.0213296387166366e7 -57.77027573800169 -79.40426050805803 89.0235306949356 180.14647210493283 -21.733920505044892 -94.24858919023694 -35.264416556494325 2.4272547864724743 31.26184094029884
126 957.1194312572479 6.440373938403687e7 -168.12076894742512 -229.70687518371093 282.87549982652723 288.19526900388155 55.929879833460234 -49.00012553406731 188.020552098797 310.3803493857125 404.0120678325645
127 959.847953081131 4.566824374786341e7 -24.478176173256514 -80.0852206423014 39.868943987434825 54.28680640451874 -104.35727423304758 -107.53945377921673 -53.43535375130682 77.0368774445592 128.58240332169282
130 968.1623952388763 3.7241890402480364e7 -22.040010728265116 -22.583579896616996 -19.686944740741822 41.309120600524565 -110.94233972033862 -130.0940795380322 -131.6994961420137 -15.171871775617149 8.201508879161338
131 971.0498521327972 3.761024830470796e7 -4.337063675076507 -10.238678526509839 -21.469876185052577 5.801768635374799 -134.1913892006503 -125.50883303907665 -133.99941525660205 -10.204665129237412 14.993739471539698
132 973.9603650569916 3.7565223559085414e7 -2.2845993636451425 -7.3909223651116225 -25.398904402698236 4.158132814926006 -135.16399224448799 -126.05418419068337 -135.99615186187788 -10.722202408696148 14.34746339982371
133 976.8981161117554 3.763392899968063e7 -7.01430805488603 -9.84309833454585 -24.698405620634432 21.975473391570745 -122.50800661018262 -127.23972241420057 -135.16729711648048 -10.252917167145654 15.303001798742798
134 979.6607000827789 4.014763224648697e7 -73.59347895692613 -61.10897374180611 12.888668808419254 57.997434719127824 -97.02933427722927 -137.68377220771322 -86.43947173858118 7.038085613404519 35.13734068610188
135 997.3997330665588 4.481062579638266e7 -78.68844277704815 -117.46883523754477 114.46758109382262 221.11724162292103 10.337952535246618 -96.1414623150286 7.422047661176691 31.979161259378998 67.18310589418991
136 1015.119145154953 4.573945006245727e7 -23.588641344473672 -79.17662435290185 39.618246024715944 54.223882297851105 -104.3999158209521 -107.31318032201972 -53.59920525111164 77.97318568494018 129.9238109358172
138 1036.2641744613647 3.761361289438833e7 -5.901697256201189 -11.085529498222442 -21.26206054345603 5.829447124014862 -134.1713855474984 -126.01093388651122 -133.88459753712436 -10.366697130286525 14.942200312767909
139 1039.2974853515625 3.7615449556782335e7 -4.421323511823147 -8.897994862830728 -24.911261010251366 4.287348663132974 -135.07649862590023 -126.58420387949167 -135.5025367495469 -10.08707545210757 15.684240411409974
140 1058.1509346961975 3.791391335803449e7 -5.650939713757694 -21.008291450278975 -17.67701025381109 7.6139596202161215 -133.12912774014217 -124.05875779295616 -126.19760095111553 -6.5890925146158565 19.46006709210326
141 1078.4756696224213 3.754476535835401e7 -9.993530026251168 -10.893730597270704 -23.756833473674575 22.243682686618968 -122.20653809634399 -127.02856643446393 -134.3341725647083 -10.439956146536872 14.658835514582279
142 1096.922699689865 3.7730629438715726e7 -17.69876268353385 -20.161157603936793 -19.113618207058998 24.401957689888675 -120.83122275745657 -129.18801851717484 -129.3842495008442 -9.912717233845115 15.903233104436708
143 1114.9156868457794 3.763536324887333e7 -17.96965623012013 -18.841328313777517 -21.519172997984178 23.183878581965658 -121.70980565338147 -129.4993311302286 -131.89323229556106 -10.5789818054634 14.86973806369042
144 1131.707113981247 3.752117881141512e7 -9.07634291449687 -8.884428058627677 -24.9635171068755 21.670363598050642 -122.80265126642671 -125.92081522071044 -135.71572780422468 -10.904257834792531 14.041018974340318
145 1150.6921751499176 3.794571746573318e7 -1.1358482696352397 -24.798449143706357 -13.694217877188393 38.35901775431809 -110.07461912625257 -128.9505812817278 -122.37207492860813 -8.886720163040536 17.032361267163083
146 1153.590029001236 3.831550026453401e7 -13.304702108813295 -29.446388989935784 7.302935420899026 45.20979276019652 -105.21206601100165 -119.75487054970421 -99.97779223466398 -9.427763962726203 16.048939360220402
147 1156.375423192978 3.803864278969696e7 -26.013210002726247 -22.61876044696922 -2.276038248483765 79.21238586095771 -87.70398670591682 -119.30588601951968 -123.7816015711685 -17.59107129522954 6.05922353139249
148 1159.1251142024994 3.817572315356523e7 -88.62364468080688 -95.0976869385418 22.552438345510524 88.33531577329956 -74.90955303414553 -144.8616511921319 -86.55846312430424 -13.4533302487755 10.896993132210412
149 1161.9845042228699 3.871982609696372e7 -15.21111548615 -28.273427044925704 21.52937543288143 46.98117261178086 -108.853770929727 -118.8572799098003 -109.91137438435828 5.555651054213115 17.43027341151867
150 1164.9083902835846 5.024355455108575e7 -58.77213720720226 -119.71878659570393 86.60298280712266 131.33378122430747 -55.6859254189387 -95.4314121877353 -7.679354315325156 131.990078370349 200.88213751179978
152 1170.6808342933655 4.152822523918771e7 -67.47208867816143 -132.9487876152178 93.63107022990516 136.83046671237082 -51.3123469485968 -126.45322268249288 -44.344643296152924 21.467685580415377 26.541073134201156
153 1173.4702451229095 6.684410989008821e7 -137.1652424297233 -188.4805256063487 242.28297744020867 228.7400008575465 20.319702059922214 -40.76938573413946 195.18317699604393 348.3642474147946 483.29546628381866
154 1176.437987089157 4.582183994298398e7 -22.788384947022458 -78.72017120374845 39.35932750766679 54.126269434317294 -104.49957423329504 -106.91051406078248 -53.37969652097382 79.0934013120268 131.45962644165866
157 1185.0904490947723 3.736426846904086e7 -3.587749164729601 -9.480973289056239 -24.60402785405477 4.319686985842168 -135.08972357605933 -126.24681149092964 -136.0032996355975 -12.924968957373324 11.705113682705417
158 1187.8911032676697 3.701127340129215e7 -5.268633755257234 -13.56806301908829 -22.405241706009882 23.067373531493743 -123.96421523641214 -125.55766118108477 -134.87386229048582 -16.613720644310206 7.018321026572096
159 1205.7498090267181 6.516059517867315e7 -106.06261690313501 -154.76063885072077 203.76674589009212 204.20953211502774 0.5048137328432674 -38.84405812476149 149.3168031223173 325.1580199335233 450.16545196652567
160 1222.949753522873 4.5619573127166584e7 -22.52652489981194 -78.36495058206269 38.77388775239288 53.97505912314898 -104.59665542567825 -107.5284990791423 -54.89750572725461 76.1923582501613 127.68550897925172
163 1275.965240240097 3.7264865797344804e7 -2.4107402576119696 -7.98765387018718 -24.799542512366365 4.1622031954266845 -135.13757428992503 -125.32804122552955 -136.26836962000618 -13.53105785453414 11.079527252012497
164 1293.5061614513397 4.1713752095191605e7 -113.65365865925816 -56.88237984351554 79.21213808736715 145.49300707015678 -32.857717612365974 -115.2106652090261 -30.083494971327468 19.13497597478613 53.33555154123519
165 1312.0817196369171 4.170688867790143e7 -113.81073422773255 -57.04282131702868 79.47582362973755 145.58373420943894 -32.806035689014934 -115.23965658800148 -30.07506625500497 19.111550129474836 53.10710834189865
166 1329.9360814094543 4.536569838193139e7 -27.447630330761093 -83.39150827224657 40.75371155863853 54.43583986330647 -104.34487462155568 -108.05547360659045 -53.64098112393327 73.43696072997159 123.61770039410908
169 1382.8489291667938 3.725500540634222e7 -11.440340945019415 -12.215969703708534 -23.984036848846053 21.810103864888603 -122.57322682813138 -127.9009576526941 -135.81510973155406 -13.991875638616762 10.284853964289766
170 1403.0802953243256 3.726050728709737e7 -4.643066635687326 -10.267815813507035 -23.29924027393178 4.858096179246502 -134.6458286155922 -125.74216398560463 -134.7253972249693 -14.132880068182828 10.03325490607051
171 1421.4076685905457 3.735555069971143e7 -10.338628329281455 -16.08542525767821 -18.756925397270088 6.8877592834010954 -133.2118143951467 -126.54930923423404 -130.1389244747508 -13.895892021679344 10.30693718133864
172 1424.5372996330261 3.782542264903793e7 -63.48451454989405 -70.28450272711476 9.2256659485993 92.82064012752667 -74.46301220351017 -140.4763890425794 -104.92324843544458 -12.671890706213219 11.085275342422051
173 1427.7939648628235 3.824292354568216e7 -83.06274713840801 -90.80750242899853 27.120022092681637 99.67652340885007 -69.69901991409785 -140.016963182964 -85.19476299876749 -11.630385106722713 13.031256030634609
174 1446.882064819336 4.540912456755721e7 -31.089295183784024 -90.3873650316931 44.6316390256558 84.93647252317166 -85.67374724862393 -109.93762311416504 -51.19545505006357 72.33453704238877 121.99631760665613
176 1484.5341637134552 3.687292134388851e7 -48.03450276744369 -43.64885994575033 -3.918315331907337 76.67616919683687 -88.99103885145404 -132.68546095930367 -122.8784747433603 -19.530666107280638 2.419535663237127
177 1487.4320967197418 3.712634928290969e7 -1.7237067551196503 -6.58614781966043 -23.06554773947061 5.106750989338337 -134.28615761272343 -123.60072857832631 -134.78153280940398 -14.398463698142109 10.095570569330278
178 1490.3024775981903 3.727385902035617e7 -2.828825680615701 -9.150484219718308 -23.560273393452228 4.814337282262812 -134.6752521017573 -125.13909194111716 -134.70170399073936 -13.937276720241812 10.617453306636321
179 1493.3979296684265 3.741304649846447e7 -16.58757699114718 -19.476487102990887 -18.320427942011968 6.797893777686511 -133.2729682270831 -128.0913290703778 -129.42423687759447 -13.261167479042513 11.285500969552686
180 1496.4858648777008 3.741090334007584e7 -24.485172297784608 -28.218755191261764 -16.453443037935266 7.550098388808237 -132.73609044577734 -131.7543363892903 -127.58834618842832 -13.875933479832781 10.57379068104541
181 1499.7090239524841 3.766659459895371e7 -15.977478247684992 -29.294251557094853 -14.107595118845317 8.662588631074954 -132.3754915631587 -125.6659455603604 -123.2344273989446 -9.773830965354307 16.3326039569057
182 1502.5373148918152 3.758315275723244e7 -21.488790743981333 -40.37954765708248 -7.635716120424711 40.101096664860336 -108.86585158242028 -133.15317123182825 -117.80814142115338 -13.7946420074623 10.869769778425734
183 1505.5549166202545 3.74488653947369e7 -28.991730053558577 -36.1864701271803 -15.003323125691672 43.05275071282033 -107.54996555024685 -135.45602358697192 -126.29256195376149 -13.427150645832626 11.014520848195787
184 1508.4326167106628 3.797123166686087e7 -26.931343923820883 -41.91851286802654 1.834635980537513 62.10782857662667 -99.83348407728876 -128.379924894638 -120.95590831453893 -16.99669929227622 6.236947838006074
185 1511.397070646286 3.830363453636922e7 -17.42060036644397 -31.0298481734553 22.893280128581296 47.574361781681304 -108.40499355619923 -119.11459645466027 -109.90044835839791 0.6999839836819888 11.321873359262952
186 1514.2182476520538 4.83739485341188e7 -51.61424632399994 -90.76882602360232 86.09991605309628 131.98701874501583 -50.424246318393486 -82.34571393526602 1.5868999629093423 113.77783048460708 175.7372664273504
187 1517.2998876571655 5.037838796641107e7 -31.53176087865296 -71.01518809619074 87.5621843230965 144.22821797562847 -42.47521511940572 -75.7306296333424 3.277301848693469 136.71945044684014 206.25636032718444
188 1520.17165184021 3.731150594854434e7 -32.230823188920795 -34.80222119599219 28.595216580963587 119.31642216771363 -58.52412104104181 -104.23979652618317 -89.23501971768968 -17.39059126053786 4.8814919572224085
189 1523.0733199119568 4.5463397164823234e7 -24.537138366255135 -79.61731050441834 38.88864123660179 54.00989256788533 -104.51840320764778 -107.93967993056236 -54.98930097769329 74.47036580179167 125.2649135890199
193 1549.9990212917328 3.729387750607106e7 -0.9381224372742807 -2.2261021114159893 -26.554673544476877 3.358784306421626 -135.53667313168725 -125.60162126044736 -138.71691806489844 -12.999351057858235 11.452370735236798
194 1567.0403027534485 3.732590023061819e7 -2.3927725704609735 -8.642910948542777 -23.672374240541714 4.780711854194834 -134.69435730506163 -124.93833511662655 -134.7759552361257 -13.107070582834808 11.502501958197058
195 1570.24657869339 3.697242589421482e7 -11.624000984113827 -17.398341612256942 -19.79509522459505 24.127376925839258 -123.15035088860269 -126.57484863846139 -132.66189979089398 -17.22740278012492 5.949510304297121
196 1573.3800196647644 3.726858727125603e7 -0.22336649881192372 -5.753407816555723 -27.345645195555498 3.1376703272654964 -135.6676937218478 -125.48812009584356 -136.57023638354684 -13.336750249497868 10.487767596480921
197 1594.092571735382 3.7192607185031824e7 -8.136921093083295 -11.077917891049218 -22.614690705287153 5.041763262555364 -134.40593501396174 -125.9789325290763 -134.4403435415544 -14.22438015583316 10.037602241495335
198 1615.7832465171814 3.736898122189431e7 -10.859838917550181 -14.56588816829429 -22.193506908684704 5.0954065264159 -134.4893851181495 -127.36184505674822 -133.55203643034866 -12.816479851383235 12.237095737275126
199 1634.9859409332275 3.7302390078743935e7 -12.879890872404633 -15.953788354261615 -21.87570578016946 5.141480227317885 -134.46037979088536 -128.0499756653428 -133.5549322843313 -13.807646364279549 10.865668385957179
200 1637.9510278701782 3.762726616472043e7 -15.129240995970914 -36.29847915121614 -8.950670605004333 39.819075349917796 -109.0566525852039 -131.7229802663345 -118.88639825084084 -12.922527551343194 12.129477138541802
201 1640.717633008957 3.78519498347581e7 -8.859404106833452 -4.7277056218305855 6.625579365032479 62.83343918589789 -92.66821363247983 -106.90883468131506 -102.92313125699678 -14.067294765516465 9.95379869532303
202 1643.6354718208313 3.8012284175237425e7 -8.04061485070309 -26.245243924072952 11.30896384139593 46.15056170576908 -104.49437069879409 -115.67151894555343 -97.37906644300654 -13.395066480832554 11.360599758590865
203 1646.4054427146912 3.8018820760521926e7 -22.300802812401603 -39.49262329795923 1.3171033705210249 62.0811721236054 -99.86413507630566 -126.93409314825703 -120.86193364730542 -16.296217022063104 7.4003962558592775
204 1649.5816078186035 3.8349883354923e7 -11.20331406825424 -26.825043450589227 21.936222511299185 47.39959393031411 -108.5172782922415 -117.14260343818438 -110.05212538138653 1.4960691689917667 11.976744752970319
205 1652.4161639213562 4.921569829400052e7 -19.134834374250243 -88.44923548879284 61.54486641692928 56.539187812019236 -102.92834140700121 -93.62484119480246 -22.506353579257507 131.78779053823177 201.03497241771788
206 1655.319983959198 3.748985485319043e7 -8.874793915223883 -14.487561133370775 -23.125531979555575 22.558105512818116 -122.20698648690549 -128.02213837923125 -134.01756052542544 -12.228399813684632 12.587735587088446
207 1657.9893720149994 3.858833806148978e7 -76.3129613975573 -102.70265086154176 29.602590745247277 137.86663033420658 -45.33171825920394 -145.08817722678566 -90.04026927665643 -17.630676161186216 5.562516837105875
208 1660.8810341358185 3.8935730947076425e7 -75.7926774738725 -102.56681628048631 46.69985709779931 144.0320960613373 -40.946658461727665 -135.30868246415417 -71.55890658675048 -17.212031801102796 6.220901045268192
209 1663.769956111908 4.719877220524687e7 -24.342837381254384 -79.93671381367511 48.77898887714303 55.002400054746204 -103.93175055403054 -98.86163075226352 -40.42004059304418 101.99039679046496 161.18539959485304
212 1672.0466623306274 3.7126109163569786e7 -8.877892466533975 -13.22166859298451 -22.184720125693673 22.864863176769433 -123.89191460225375 -126.49514377997087 -134.30126252805104 -15.47512540256838 8.579599648842304
213 1675.1038982868195 3.729961867235998e7 -4.561481554102247 -10.246982480173703 -23.31764821757978 4.852781850678753 -134.65226561460517 -125.63214764064713 -134.54736617335953 -13.577975727888372 10.963788670434326
214 1677.843058347702 3.7295157639293484e7 -6.052993734444264 -10.6004882393105 -23.3692454090029 4.761489232465607 -134.6933612700887 -125.98916313941442 -134.4084404529521 -13.527409365011351 10.823795429840573
215 1680.553789138794 3.727026052932538e7 -4.736271260237036 -10.626369779828796 -23.15260475591763 4.927200407040118 -134.60805642177783 -125.62430299908078 -134.2815664141827 -14.108345510933646 10.2575666045758
216 1697.5655405521393 3.733071517795068e7 -9.548280664608857 -13.845516577145183 -22.240003547626216 5.247910332786617 -134.32888258106192 -127.44048139911399 -133.68083487015122 -13.283525703754208 11.283106550229036
217 1714.2401611804962 3.729652606767385e7 -7.1104848683672905 -11.416387974857113 -22.689134689474685 5.070536151624978 -134.46402389541646 -126.18533226030843 -133.82849705096476 -13.636093568518845 10.273535747781182
218 1732.2536795139313 3.730354167434643e7 -4.200186627882427 -9.489476725225128 -23.650201985987998 4.7121233884265195 -134.7293464369946 -125.62957902566109 -134.89345161763987 -13.25419380873683 10.9988246947687
219 1750.1719143390656 3.7378432829257056e7 -11.51899305553193 -26.23781227858688 -19.22436152163329 40.978715946412365 -111.0120825193052 -132.9740108446074 -130.9681432793323 -13.75812713086026 11.26231085836514
220 1766.5246686935425 3.763489176209615e7 -21.173424355065507 -39.70606715745011 -8.005073626053615 39.953041536003354 -108.94866873747816 -132.9997850194685 -117.89449823423928 -12.84457650614894 11.827319489006072
221 1783.0316598415375 3.800851247449948e7 -20.544657446997263 -38.682487316073335 1.294636782553205 62.15019445599232 -99.82888958208135 -126.47317817083598 -121.07841349883802 -16.643267489141238 7.352022697814107
222 1800.1199028491974 3.797321607396943e7 -17.42058527194612 -32.98327804421331 11.718683197282594 46.304139176691805 -104.4043405019034 -119.13525316080882 -97.45416007453207 -13.74526709756526 10.873218064120579
223 1817.4076216220856 3.8276809816171475e7 -15.55354782210507 -29.578636007008008 22.48367693295331 47.460966589486375 -108.47257660531218 -118.67404626196355 -110.3584007021422 0.35682508997183504 10.856178844792396
224 1834.5025298595428 4.9059851114221476e7 -19.39621039690322 -76.13963745283212 58.41815536809966 55.773133153375056 -103.47820209191877 -89.00563429007519 -26.751539530048603 130.79627108561328 199.28959222319736
225 1851.9360389709473 3.744627310062967e7 -0.5574198243703634 -8.071830957359024 -23.949447664501157 4.908676162174885 -134.6302276192639 -124.96365894663273 -134.70351587034548 -11.93144759758627 13.078977777564091
226 1869.8243358135223 4.7315375164674096e7 -96.4273229418514 -183.2265253208868 115.98298571340487 195.08964732918076 -4.9019725657874105 -119.47258800271567 25.182570943326482 67.66062154256895 115.70867024662482
227 1887.4926629066467 4.791523609728647e7 -97.60119286321984 -186.6184911287185 123.61574554569779 225.81735443135798 13.935017541118167 -116.51013934408019 31.056715534163914 80.04166349613229 132.16046282500497
228 1904.9759666919708 4.813777979141242e7 -22.77651027711463 -78.15013661749754 53.07029032559048 55.227436466279485 -103.79642695013173 -94.45797010343722 -34.024914801355465 116.4484188482337 180.5552563216744
231 1930.5968425273895 3.72545508610417e7 -4.252816437702812 -11.548880992059507 -22.82399881385158 5.130440504619116 -134.47798470493635 -125.78119906374621 -134.20804741964355 -14.137508069925559 10.171591009261249
232 1951.1103203296661 3.726084029848875e7 -4.462325795659915 -10.23854015321644 -23.334215439129302 4.852698914134024 -134.6491031327908 -125.69219575087294 -134.70312064896518 -14.100724472148329 10.0466742979645
233 1969.314302444458 3.7269852606954314e7 -2.3008679355428576 -8.307895428802905 -23.996697138353973 4.584016253450542 -134.84682980021552 -125.00893628940213 -135.45949625887346 -13.705403338505675 10.833497796491258
234 1972.2123386859894 3.727505954671793e7 -3.8343617694289165 -9.86103459632579 -23.547941788641666 4.765217586527925 -134.7386270345088 -125.8516299990149 -135.2420514220932 -14.09682361497488 10.62251105836441
235 1975.5229828357697 3.724966094352241e7 -6.276290332780071 -11.811345667328567 -22.62844245853389 22.69549749889225 -124.00218594234657 -125.97429568521483 -134.3550926532049 -14.15106985205125 10.47021261269748
236 1978.398572921753 3.730853733506689e7 -4.687989362385803 -9.704598154978648 -23.494702866928336 4.751747134163367 -134.71226662163988 -125.6905054982505 -134.76474802146618 -13.509321516213674 11.06269495806464
237 1981.48122382164 3.727429983500902e7 -5.263154733381814 -11.37964857435843 -22.306254022297715 5.296579935905456 -134.38546214058144 -125.75272095389494 -134.15341485256113 -13.727511742560637 10.245078318841308
238 1984.428543806076 3.73943638523041e7 -15.649335780418234 -29.733310179828422 -17.900479732604104 24.012927684308437 -121.0745016901583 -133.30436862030945 -129.31053463072243 -13.496528806215508 11.450713104890553
239 1987.5822608470917 3.758704558135728e7 -19.788015853807508 -38.03376137252093 -8.559142781181869 39.6981999535097 -109.10296988763584 -132.911484247725 -118.6444233736965 -13.516180142425071 10.94629438979132
240 1990.5126328468323 3.804948009020502e7 -18.925887660115738 -35.115062689158776 12.616135912105428 46.702464120290486 -104.17276887699992 -118.94351953976798 -95.84091705186358 -12.715553323255563 11.962343114328917
241 1993.4323427677155 3.8015000732212536e7 -20.00460997715545 -38.164311066929116 0.911855079567232 62.008506621789465 -99.91045365285017 -126.23108847477988 -120.93529341296056 -16.227670468012036 7.457438379207417
242 1996.3158860206604 3.826339168059173e7 -15.62967359323719 -30.560470858450923 22.591589939331087 47.61295739985718 -108.3834139892652 -118.70473214167913 -109.87954231703105 0.1608791157393057 10.39050623939687
243 1999.3103177547455 4.886437527439615e7 -21.096356197623642 -76.78474258794316 57.765010200403424 55.63258798883878 -103.55330697266886 -89.97867571427292 -27.80571654452291 127.95610150294874 195.25408420368387
244 2002.2599987983704 3.7355255528003104e7 -5.711549257822902 -8.419312374391932 -24.10046406055423 4.40847141158261 -134.88246506918904 -126.30168327782894 -135.6843423952235 -12.838868306324798 12.312159822513308
246 2008.0446100234985 5.485835465051986e7 -58.64709482319639 -173.0707873611617 149.78250579142227 206.82685353639664 -1.3494651216634566 -83.22375321588765 72.08198970492242 200.09838314118952 288.89027098894906
247 2010.9179799556732 5.488934991284715e7 -58.6416242167161 -173.06659648584025 149.77885129384094 206.8255192743265 -1.3504260780647428 -83.12998428076571 72.28402410784918 200.6567268511984 289.49439061032604
248 2013.758828163147 3.72334857188864e7 -1.5343976384610762 -9.485768506458694 -23.414894086426166 22.460508870300174 -124.16054978047788 -123.98304816855432 -134.0532440857358 -14.078153525212599 10.523515128684323
251 2022.6366658210754 3.730748066674791e7 -5.984739643028348 -11.279738553386833 -23.081764754345613 4.944341427480325 -134.57512390924512 -126.0914438797754 -134.06792125523066 -13.27525394300551 10.77229333460889
252 2025.7314989566803 3.730067140857155e7 -4.983114475086065 -11.0236797037707 -22.966559451659066 5.008217572842966 -134.55665120485563 -125.75261208952162 -134.38810196545052 -13.807830016258379 11.161164604854946
253 2028.970844745636 3.732274657723792e7 -4.683563763567538 -10.207223574894838 -23.363458877964945 4.828611752352899 -134.66404976709075 -125.62207529439365 -134.43606082615827 -13.31453291126553 11.27305410182754
254 2031.941644668579 3.724402799958482e7 -4.541315512970009 -10.41429133996789 -23.14114699912841 4.930398413968106 -134.60112444244788 -125.66756477661266 -134.56535101982786 -14.185202213870014 9.855724739226787
255 2034.8778343200684 3.7276113610029995e7 -4.089700282348478 -10.71428691352346 -22.73197061893105 5.122717437227621 -134.48216941091272 -125.43932423016798 -134.23819618402774 -13.957161707518082 10.919534877690182
256 2037.807321548462 3.7767534372620426e7 -62.107213043946885 -55.73461011605173 22.414604764075825 88.18976641312307 -77.67364034728189 -122.31924480721432 -90.94998782712969 -17.601151524361853 5.13083751907817
257 2040.9318354129791 5.607979616876984e7 -123.32732567166404 -181.64494446252525 224.08241179191523 230.86577623150106 18.007667387519454 -69.68874595911865 122.49129834266216 205.54576946423867 267.75253830204076
258 2059.3244795799255 3.7354603651877165e7 -0.5563814911547205 -8.224636367610444 -24.848036977092647 4.313169129393572 -135.02889350174095 -124.41479073464433 -135.04803118661886 -12.44362597507893 12.576413663852804
262 2103.2017233371735 3.722553378690857e7 -3.1076993118963827 -9.343383742853057 -23.97655476539721 4.599352029517306 -134.80148684573274 -125.72090305065433 -135.4750713034992 -14.569933014963397 10.024362326797643
263 2121.7391963005066 3.729345864224381e7 -3.080045914906112 -9.766919915279056 -23.180010311312486 4.951677269283721 -134.599834591732 -125.20306475837447 -134.6804424137395 -13.471909936502584 11.102870305753584
264 2140.484632253647 3.733798999363835e7 -6.384893122217349 -11.124672123390539 -23.17311666472196 4.865111046283587 -134.62520798312437 -126.23120569610779 -134.38846808351383 -13.032983548409106 11.894786650204026
265 2143.499363183975 3.71545528537274e7 -7.073615259192174 -12.456907174477575 -22.387391786127196 22.795275292963126 -123.93592967494183 -126.28791463580558 -134.36692615817606 -15.372766210158716 8.572158819133335
266 2146.587172269821 3.728460477835047e7 -4.612686329575457 -10.449207832882337 -23.13334686553955 4.93095309875504 -134.6004305745987 -125.7567598016359 -134.6540070256002 -13.767440920513422 10.876228900416095
267 2149.432073354721 3.727651555106386e7 -6.057651520605585 -12.120012556260145 -22.496269660944407 5.217758981880493 -134.3985528114357 -126.22016101233424 -133.83077457007215 -14.018791298680298 10.00002979045513
268 2152.359777212143 3.7250608188612536e7 -4.9450200673355695 -10.89069401624937 -22.7792331064498 5.101539378254543 -134.48062198471365 -125.71957780700353 -134.16285980235085 -14.170194572414346 9.630999146095462
269 2155.507222175598 3.738214205991666e7 -13.735297984746659 -29.43039830819486 -17.84277939738984 24.00316661476006 -121.11083436301476 -132.6394350861721 -128.98168099878188 -13.525588178063117 11.156056352276153
270 2158.7026529312134 3.762966588752834e7 -21.266337059795255 -40.403002458053194 -7.447291393178439 40.180436562021626 -108.81601878757996 -132.86904060459858 -117.41626968685449 -13.194958614793336 11.761404946109735
271 2161.653831720352 3.7993139889334306e7 -16.761477231342095 -32.96983407639149 11.967817937640312 46.42010128893911 -104.33945589046631 -118.60034324488566 -96.80757236636987 -13.691942161227871 11.124725420543484
272 2164.7671477794647 3.812919551297758e7 -34.43709039371304 -60.02369129161491 6.960056053258796 81.46053857600472 -86.12298761071274 -134.62673143343596 -114.68719912807529 -16.522984865943272 7.39124189178591
273 2167.788607597351 3.896956354992345e7 -28.894519705201514 -56.618623490276526 47.68431821121009 104.970229716561 -73.53532830401709 -118.33523291369943 -96.51551852619491 -2.0868827337817493 6.703157285101156
274 2170.6527926921844 4.890866469738124e7 -22.25179039886535 -77.58822824218232 57.76647917520825 55.66530555797094 -103.52128515180678 -90.37762516806589 -27.641779662627528 128.58698190230302 196.18648112283051
275 2173.542041540146 3.7266983696204744e7 -4.191747438267473 -10.818520794212093 -22.668126981520366 5.146386010354661 -134.4676446366556 -125.61310570141666 -134.52296924281882 -13.907525518372097 10.83658099916073
276 2176.5138347148895 3.708667619554299e7 -35.462127395448185 -59.73285473519395 -0.22638726091638262 78.05529659008194 -88.41873397793927 -135.8699781956297 -117.28681676371235 -18.109333579052816 3.897275734787911
277 2179.2616724967957 3.708615374034482e7 -32.79629211091328 -56.96492690574891 -0.9116045758781013 77.66493146519741 -88.60450554424447 -134.6936514676117 -117.81166845066531 -17.582730162736027 4.71113397101368
278 2182.1895134449005 3.729487547579152e7 -2.950084939696765 -9.574715658229941 -23.42465010769049 4.882334299427043 -134.62516509680984 -125.35074944576718 -134.7829212016116 -13.602840191786527 11.096767661729473
281 2221.6220955848694 3.724302685726172e7 -3.4087505455484646 -9.341391068722523 -23.535420380207498 4.766867517048539 -134.71657618052998 -125.37790720904326 -135.06535799625266 -14.313243951764889 10.045069731049239
282 2240.375748872757 3.727639494939469e7 -4.135896444344187 -10.094726315582669 -23.337431845376322 4.847110508277851 -134.6595471225437 -125.65490973074867 -134.8877983871406 -13.680403408842437 10.783375265699135
283 2259.704936981201 3.727743984765553e7 -3.440163040317856 -9.836001983203671 -23.398344101747675 4.852307114917764 -134.65363897268796 -125.35755182356212 -134.63229333688673 -13.875351982927782 10.551452743835455
284 2262.950891971588 3.730696296268637e7 -3.9366136547667807 -9.785684132779549 -23.416847972801193 4.8202773746068885 -134.6688606852314 -125.62034146739398 -134.93721793260232 -13.384538720269234 11.404763254223042
285 2266.2449061870575 3.72760379920801e7 -5.823821086855283 -11.509469105868341 -22.652479794223247 22.675029907738406 -124.01014139348507 -125.78732702149767 -134.15561664199407 -13.606650172329807 10.717713888912101
286 2269.5441331863403 3.73091707173365e7 -8.294191628787623 -12.881695124526372 -22.50138698501206 5.0685252080823915 -134.50548132467046 -126.70264974454102 -134.02325109131743 -13.385760663114297 11.09203659136341
287 2272.5326573848724 3.724810194497096e7 -5.3489868878900815 -10.50499146513696 -23.46432315215509 4.756816622098441 -134.69588468148842 -125.92909305427276 -134.65298280649415 -14.24060723038724 9.623508075868415
288 2276.1459896564484 3.742454781836455e7 -15.27562006532601 -29.91166875482819 -17.8005648419298 24.04087246001957 -121.06372485679181 -132.91869424608313 -128.542048354666 -13.088327644646085 11.759709925999289
289 2279.2901117801666 3.7601788561377995e7 -21.242536538371187 -40.386812585619126 -7.460187607243597 40.17450618911742 -108.81965333090196 -132.9626600102984 -117.56919982348643 -13.454637246630227 11.245117029191078
290 2282.292094707489 3.795107875225088e7 -19.14141697114665 -34.18651559349032 12.326984463731442 46.51400570109888 -104.28133079377818 -119.36838271884477 -96.8532480004622 -14.027262191229113 9.762470531567544
291 2285.4559137821198 3.797331875903056e7 -20.35946068277286 -38.23741698426982 1.1928229962666421 62.105105460586785 -99.84849871856369 -126.59941720029235 -121.56960439366895 -16.880087348052314 6.7733898773873875
292 2288.570039510727 3.828192176128178e7 -15.095718563937954 -29.851852530448298 22.661399497485213 47.56790541598852 -108.41316674010832 -118.39418443114158 -109.80723932214687 0.4155114818306629 10.616871143938965
293 2291.6113595962524 4.900720126625429e7 -21.89004373631011 -77.43500850740075 58.22882895021038 55.78421755362709 -103.45521593528736 -89.79396754937193 -26.812361230540205 130.00984133097404 198.10126214251852
294 2294.7354896068573 3.729468904898345e7 -2.635989027621907 -9.47298182256607 -23.07476963993554 5.073681269182316 -134.49982857408912 -125.20393268576288 -134.5170881404827 -13.504413773337205 11.064054924595553
296 2301.716361761093 5.004574080237658e7 -8.434767198212274 -79.9104898707154 133.18004547572158 160.0559931174235 -35.2037372363871 -55.896349014564066 23.522833630260493 120.30117835625788 171.8005982384616
297 2319.5731189250946 4.997921603726883e7 -8.005317185255311 -79.60289531892559 133.88677647055965 160.23390921052513 -35.089314363234024 -55.823288750441634 23.308392104224367 119.13321732470263 170.52755093799908
298 2338.420347213745 3.7329199492744796e7 -4.523005367087283 -10.479434277232237 -23.21010094988783 4.908083729715557 -134.608127084429 -125.58802868212064 -134.2832543385037 -13.04011894184464 11.656915873528646
301 2395.762638568878 3.731381057065248e7 -4.55041520363266 -10.410381781138714 -23.143107567219666 4.9286437561135585 -134.60260528073957 -125.56317870622632 -134.34368480884842 -13.440534067555802 11.313722866498892
302 2414.6701307296753 3.727920139282713e7 -4.436722281382362 -10.39102081991072 -23.159394762349812 4.926640809312644 -134.6062132114948 -125.61405617924521 -134.39144692412725 -13.856764126522762 10.533313006053845
303 2434.5669260025024 3.727700281182127e7 -4.476248722950594 -10.225637415703439 -23.224107686712536 4.891347847577009 -134.62479021320965 -125.72495216761206 -134.67090657864293 -13.793767560037224 10.723494942742889
304 2453.0834980010986 3.725826331816442e7 -4.154392275988712 -10.066812390475695 -23.29023734091846 4.895741468883202 -134.6203249983333 -125.81505454906113 -135.07587903104354 -14.086390010467653 10.207403027507667
305 2472.116505384445 3.724013388061961e7 -6.538433111419742 -11.724320006023422 -22.772873598060336 5.020725992080287 -134.5380684523841 -126.2683950717676 -134.33306806711175 -14.253623328092146 9.80736156529423
306 2489.615655183792 3.727281480652415e7 -12.290778434542588 -15.501201550629817 -21.65650284568577 5.2943208557115184 -134.3471082946774 -127.78585986068549 -133.41769792198642 -14.11945053349939 9.923547212165317
307 2507.8001070022583 4.021274150736497e7 -40.30538384517926 -53.278261959802435 109.20531197499577 170.1317374141227 -27.132399315104383 -89.10900766826387 -45.00797646273992 9.806181523941632 11.45176616554221
308 2510.5406148433685 4.028537721179277e7 -62.1373086494111 -71.84571556779812 112.05905901589733 171.72902603877316 -26.104282315834798 -97.46920885805673 -42.55070786203055 9.972658494797372 11.761629562198266
309 2513.4735009670258 3.7304873891723655e7 -4.590401619751361 -10.410862079899163 -23.255039248524028 4.876763967310453 -134.63031341814047 -125.63536797705115 -134.45792121509817 -13.19327802777758 11.112097601052824
313 2574.261445760727 3.730370409725648e7 -7.825269514084688 -12.582768637273022 -22.440782267051986 5.125794183575593 -134.47018663750535 -126.61329892492728 -134.16908516391175 -13.607261439008937 11.05026499381512
314 2577.092810869217 3.7254806551539205e7 -5.682504182574423 -11.32314878719244 -22.912399152590012 4.990833410624745 -134.559859054695 -125.97856702589104 -134.28153585095208 -14.016721696475031 9.962795863599695
315 2579.977684736252 3.723980492324525e7 -7.733001005755419 -12.656890016781075 -22.391480738146697 5.130994951472545 -134.46949493090852 -126.66917952513313 -134.45434603657753 -14.312078074945589 9.878199204556722
316 2582.869197845459 3.723738290408919e7 -5.37235210367184 -10.6054231803549 -23.179295523053895 4.852758570346296 -134.65607893052572 -125.79243566805718 -134.58948929362282 -14.309180632684388 9.695748445216395
317 2585.905705690384 3.723768287234652e7 -1.7037749334611085 -7.075872833182171 -24.44135584194484 4.330799599654114 -135.02303934079325 -124.44777306069346 -135.60647832743058 -13.99311379401803 9.91450239263446
318 2588.8754296302795 5.132179625505572e7 -66.24933108618713 -144.00771252532695 210.0539142996604 241.26074949172147 19.44943351227184 -57.11115751920818 81.18519037007161 137.84852383339353 179.11247939801206
319 2591.9866478443146 5.132166003829053e7 -66.24930034840885 -144.00766543065953 210.05378513596537 241.26072489240488 19.449418614267834 -57.111862907138175 81.18413628929648 137.84739222702729 179.11132524405434
320 2594.9507439136505 3.730966862869377e7 -4.384372536918004 -10.044481615762361 -23.378022481260736 4.800320130598493 -134.68755361799379 -125.44669049485748 -134.60201434653334 -13.476490234815117 11.315778220410095
323 2603.6240928173065 3.7234799582855344e7 -2.437440839072515 -7.779277142976804 -23.93558325599944 4.537767341741883 -134.89593968719436 -124.65552127052467 -135.5271761028921 -14.198239205957009 10.012036505911226
324 2606.7596526145935 3.720619197012231e7 -2.4695476253783752 -7.76576269734149 -24.186905418853343 4.434664113183786 -134.9487083299131 -124.78339722968815 -135.56212736118079 -14.228454276966659 9.234910830909655
325 2609.7420015335083 3.724096324712229e7 -4.714190844922403 -9.782458500136261 -23.447426927489154 4.736060921536762 -134.73218640912955 -125.55676204863823 -134.90477906454566 -14.370297985538457 9.781064725409635
326 2612.5834345817566 5.081727157494662e7 -109.80877691211884 -206.76408577680917 177.92852346174033 240.8253002027415 22.298481006449148 -101.5005699228804 64.21047953203333 123.64674366160011 170.29807631625306
327 2615.6292185783386 5.081757756528053e7 -110.25793230979662 -207.09747052925843 178.68094393436553 241.0238197496205 22.427242053947516 -101.56421281284804 64.21670485262132 123.34378633691813 169.8791786377717
328 2633.643456220627 3.7272891053091615e7 -1.6508360371669042 -7.3805457128571215 -24.57866535253458 4.331446216924235 -134.9853368481406 -124.72347649159968 -135.44816119605514 -13.75545227977102 10.76234399427716
332 2691.048138141632 3.720879938860758e7 -2.8123853464945867 -8.269245940452677 -23.447287575954945 4.745745475806359 -134.7689579468332 -124.6701097492176 -135.31904868460117 -14.574680059605384 9.279245148331768
333 2694.168787956238 3.7244909516565755e7 -1.069185305653079 -6.404232664614787 -24.69822270581205 4.225356911617737 -135.08676386297918 -124.52575358787209 -136.26362464320567 -13.981368189210912 10.73423293502674
334 2711.923825979233 3.7253099773611106e7 -2.708152571238042 -8.012683392000373 -24.14583600199083 4.452101820867142 -134.94041510362405 -124.9774575557206 -135.57874139591416 -13.860674080223191 10.321782121742501
335 2733.7525033950806 3.726231566105789e7 -1.8381373963147745 -7.247737639105875 -24.422071134086686 4.334589096554083 -135.02097651414675 -124.42189436888066 -135.3682944179448 -13.632110961985802 10.306272334461482
336 2753.089945793152 3.72121193854137e7 -3.3207863614413853 -8.407237643249978 -23.949139746108578 4.52570050332028 -134.88534343377376 -125.13408925025766 -135.5318535222674 -14.5860022473355 9.320638720892646
337 2756.0644967556 3.731122928081374e7 -3.6194974179241726 -8.654235930615162 -23.87221358691093 4.555982665557153 -134.86322087083965 -125.02354108173046 -135.08045033893683 -13.206462980131448 11.427792477751154
338 2759.224139690399 3.726452059870388e7 -11.272568860009422 -13.34949203105941 -22.506761372946492 22.493032308704315 -122.14266427303531 -126.90174608456249 -134.00852560528125 -13.98533583892521 10.071883675522088
339 2762.347181558609 3.728195799551877e7 -14.172615184773669 -27.802452930343456 -18.466214717336662 23.759363597063327 -121.26092810935087 -132.36834840619122 -129.4525911392708 -14.839787884979614 8.632598017428734
340 2765.358748435974 3.750565854416679e7 -18.981145620325513 -38.651679873609744 -9.55171899693051 39.41212433588156 -109.36577206381318 -133.27242845793035 -120.04782092715851 -14.08584297050993 10.409935996121988
341 2768.374851465225 3.798935904803723e7 -16.694581481598753 -34.374651622367224 -0.10740875394067473 61.524556835461226 -100.26072413435168 -125.21111588098631 -122.91419707228835 -16.080425629698027 7.62536910957499
342 2771.5141773223877 3.7968728263801105e7 -20.307415480113743 -45.696782350938044 14.794130660254652 81.97008100263938 -81.10973361229124 -123.50760123222727 -93.21424670807744 -14.598778036185536 9.43650906435687
343 2774.6815502643585 3.829074831389516e7 -13.852978620353806 -27.72992091694108 21.76135737537166 47.13001012311301 -108.71949854751139 -117.77637713020158 -110.72118032753144 0.6814884556800962 11.560839665511708
344 2777.7568912506104 4.8997530563091494e7 -17.862485291179897 -73.52089180870695 56.8091414769575 55.12873844440422 -103.91278104912523 -88.33560455978557 -28.05159935375991 130.24959004600146 198.4040686932351
345 2780.932089328766 3.7243674437479205e7 -4.730390478161684 -9.799991230662421 -23.431105436817738 4.74287636038521 -134.72813845381802 -125.54874617164865 -134.90207671948923 -14.341488883441286 9.79880763330209
346 2784.2167961597443 3.950107204264027e7 -62.255363523547324 -105.82184497548971 80.19903523513744 161.77211391740383 -25.90618402860521 -127.69594931358483 -48.52455718108911 1.9778180382255641 12.16861782026183
347 2787.407026052475 3.95101447662847e7 -37.54262125412275 -91.1665157951519 74.29369209127856 124.16037747879786 -52.55680456669616 -123.21529202514944 -54.12927195678782 3.615563683181165 13.530880343242984
348 2790.229619026184 3.721245171455814e7 -1.9386214828265231 -7.184600235348912 -24.31022100632819 4.363054862255794 -135.0045459437673 -124.58902050391924 -135.938601342347 -14.254184590710679 9.710338620387688
351 2799.4504890441895 3.724645913041901e7 -6.0895810639120995 -10.045229940950943 -23.477421640859504 4.600054852712788 -134.8390728172361 -125.72068598425483 -135.03474535393752 -14.08636934944883 10.164956890099802
352 2802.4664380550385 3.721399946439491e7 -1.3161595174633405 -6.901698588738142 -24.31896862250673 4.394613302628713 -134.98621344425942 -124.74185743541028 -136.5395545962818 -14.376436404304286 10.274563063388143
353 2821.0455832481384 3.727397723601688e7 -1.5087795698974666 -7.028399867443177 -24.35978277798452 4.370484194185082 -135.00119682932734 -124.33853999433012 -135.5184112369286 -13.462660324132173 11.080011719977108
354 2839.5359346866608 3.719845073196245e7 -2.4457919832303006 -7.755493375333398 -24.18302317611846 4.4371175811673425 -134.9473587896119 -124.88019902969972 -135.7148270980311 -14.449272990532506 9.097204634382877
355 2858.1188073158264 3.721808575405476e7 -2.351973222525352 -7.7008617516824245 -24.194102037304262 4.43501126348319 -134.94893271801223 -124.80764706996774 -135.57427021520112 -14.28548906550418 9.665160026753426
356 2876.183054447174 5.0866722111578144e7 -57.83532245352225 -146.99161957282024 125.0934561779652 173.84284347661116 -24.772450878186422 -89.15020349299004 32.41122521428224 132.95830597545933 202.04964931939844
357 2894.127449274063 5.088170361566848e7 -57.93192575916308 -147.12131555614647 125.08292966740171 173.83670340350994 -24.77454268478709 -89.18136668645928 32.40879447361806 133.29649471798416 202.0994717674838
358 2912.3368294239044 3.7287280579007864e7 -0.3966108306038407 -5.586517977768817 -24.92410056308635 4.093683081924809 -135.19379445492336 -123.87738142574716 -136.18407396141458 -13.32933167711019 11.659281878267223
361 2967.6187517642975 3.726514945255004e7 -6.011209840726604 -10.554113141041103 -23.140531993305572 4.792498929755411 -134.71227001548317 -125.65999923266571 -134.4030776738603 -13.842186816561593 9.923880618536487
362 2985.9765684604645 3.720033757976095e7 -2.406499666578675 -7.729804724651242 -24.190490953882083 4.4353617912454695 -134.9485474148224 -124.91957105826492 -135.80429630374113 -14.511328977024277 9.207763350920686
363 3004.812318086624 3.726339302994334e7 -3.6387264769028818 -8.903190545406098 -23.721902471795566 4.610330170340788 -134.8377911379301 -124.90488213578612 -134.8940440877505 -13.765544412075712 10.381493278429446
364 3025.252871990204 3.7266718337920904e7 -2.0684518637656097 -7.475204719057118 -24.233439766344404 4.428130612709495 -134.95359501021923 -124.8371636973742 -135.9849370738632 -13.585676750750565 10.938165279981376
365 3044.1437709331512 3.7279615701305486e7 -1.0371612927784817 -6.665440169309248 -24.58229295400882 4.300882702920504 -135.03940521388685 -124.4529760865554 -136.02001494150727 -13.50683047202034 11.339896188291561
366 3047.3196489810944 3.727510172609802e7 -0.44861380917633653 -6.463900150212385 -24.020265760085252 4.5664322324476245 -134.89334506828305 -123.90666307796869 -135.54309278411796 -13.62567020854317 11.159107667716228
367 3050.5884127616882 3.7317923843360454e7 -2.9094671799814655 -7.9200451678173245 -24.175305620670343 4.472617711320865 -134.91493899200313 -124.9889628520582 -135.42377529207778 -13.250241523301156 11.573392069306806
368 3070.488830804825 3.7403542508079596e7 -15.537235942812753 -28.81009969838414 -17.994331397711697 23.944701404297987 -121.13738246961033 -132.37481188241162 -128.7007323877595 -13.379243806611953 11.236847274316574
369 3094.0702102184296 3.7551814455832206e7 -22.383444549506645 -40.89315336665032 -8.314489395202251 39.8135594875495 -109.08741100839721 -133.80422883185418 -118.76246249391329 -13.872448366039691 10.617580270294866
370 3114.4326066970825 3.792554311688959e7 -18.209752885243624 -32.74415133274331 11.797736154045666 46.179748181398736 -104.50673189147062 -118.79412433953632 -97.33525104708104 -14.313628801239645 9.593508032821603
371 3117.8573367595673 3.7904960973168634e7 -22.11948147228194 -38.56930157631892 1.412135167682166 62.0528195238395 -99.90006798061353 -126.8751413939242 -121.92022807557203 -17.619829742837055 5.64914662318165
372 3120.944373846054 3.8197160271856606e7 -14.834014080458164 -28.485469454484537 22.21269499841666 47.251569771059565 -108.6403009941423 -118.33154069944385 -111.06568134646767 -0.5146624713735832 9.507167808767974
373 3123.7778549194336 4.892019834167228e7 -18.743792981748932 -74.20967689621342 57.000232498996944 55.21978542334577 -103.8494781018883 -88.82011690993761 -28.32612123163335 129.0844861321317 196.92331459422712
374 3126.83989405632 3.724779558282103e7 -2.3744035214607564 -7.724598826606336 -24.171370815150127 4.444477828865317 -134.9433101908723 -124.73911340003428 -135.38686212044365 -13.919645092572068 10.173927955450665
375 3130.3195221424103 3.736112786505651e7 -19.306769810112336 -30.042838546109408 -17.651272993726742 59.359747859654235 -98.01219600749309 -132.61217219033057 -128.50119562876256 -13.96590925915649 10.806639368688138
376 3133.8936562538147 3.733009404773982e7 -18.71975124154141 -28.757565619927618 -18.207151550136736 59.109057897903014 -98.16077168795938 -132.6974810674256 -129.44287350958194 -14.220433140370233 10.552625258762475
377 3137.1594092845917 3.722289898882519e7 -0.8074831297031544 -5.801478441617449 -24.806481907946235 4.119764884219066 -135.1803962106253 -123.86587942532788 -136.00436204377797 -14.148365813994872 10.116181126835272
381 3150.1954436302185 3.7251086183010615e7 -3.5312607146091004 -8.592519858825122 -23.65282292929448 4.628851992131601 -134.83245325750377 -124.83189382602359 -134.94575072317366 -13.930737579308243 10.17922972668947
382 3153.124762535095 3.723999676963386e7 -6.2576110932068545 -10.233277541704156 -23.407824785482937 4.6410932765775215 -134.8090469686673 -125.83539829134116 -135.104309159328 -14.158008172786538 9.898581687980993
383 3155.9276666641235 3.723633741531228e7 -3.147138140372437 -8.193009466540481 -24.08002160580609 4.453031201369257 -134.9345919262235 -124.91062255933122 -135.3657566354005 -14.106033930819024 10.035388364927769
384 3159.301329612732 3.719329502291078e7 -2.1044116922120146 -7.568687812623169 -24.220734809151246 4.435898254060703 -134.9502964668188 -124.73080633440742 -135.64646489488342 -14.629426877671847 8.925732339116394
385 3162.2983827590942 3.729278288246506e7 -1.0710604650596203 -7.002422530767818 -24.333774498969547 4.4322145563509 -134.95916546074602 -124.53879291098872 -135.83621716276917 -13.343143337558388 11.48937964081847
386 3165.286183834076 3.9188395651834995e7 -55.1768319261406 -90.23016925588209 73.49228707609241 159.64884727750768 -29.289619556466224 -122.23241271769984 -54.69957356362977 -1.2910508988035758 9.881708340343948
387 3168.3216648101807 3.9298237156431615e7 -59.191960876939326 -105.55674800756357 78.98409774606566 161.35802386374428 -28.094619254817896 -127.40175199130226 -48.891556966633004 -0.8639940044719765 9.924243285884131
388 3171.2619366645813 3.723016666913051e7 -0.23955705536580396 -5.275594692224235 -24.943445341300873 4.061496226446806 -135.22590242682494 -123.91029839083461 -136.61931952232493 -13.905359203266528 10.636180499746672
391 3195.777735710144 3.7226515482358895e7 -2.4267570424201104 -7.856744891342242 -24.083039248571417 4.479905562682404 -134.92547124013208 -124.8679844078726 -135.68631496749805 -14.30411769705313 9.91710102673892
392 3215.1535165309906 3.721597019861924e7 -2.066015516914838 -7.566132655514338 -24.224145332906943 4.437930142173087 -134.94880664645635 -124.8066259990702 -135.82558610076427 -14.279477777193847 9.700405329616729
393 3219.0910346508026 3.7204212512828134e7 -2.0891655487296283 -7.56290370787355 -24.222832902097302 4.43597035578351 -134.95021316774694 -124.73503454322099 -135.63777495241237 -14.490344511901469 9.074081421346591
394 3239.8430304527283 3.720096210546937e7 -2.0542709412630877 -7.519023923372535 -24.25707120302716 4.41933651978168 -134.96200161592492 -124.72125407843015 -135.68520531906097 -14.48364843617145 9.181206387053123
395 3261.8539464473724 3.7297785490888156e7 -2.1422476947699707 -7.5678779829836476 -24.217376883665928 4.4335117621126585 -134.95204153079675 -124.7643734675998 -135.6980861936854 -13.210437549541155 11.409465361822754
396 3264.900627374649 3.722848535105398e7 -2.3832186433025697 -7.901719046827434 -24.076469629138295 4.476507892355997 -134.9261369574818 -124.85715322311961 -135.63117888112924 -14.040368869532472 9.860390967805415
397 3267.852559328079 3.726872620926205e7 -2.0495420479915936 -7.560187405845948 -24.226858571755834 4.4377837760977314 -134.94888560928234 -124.67458314363205 -135.50399621093538 -13.554794225811975 10.677832912581323
398 3271.737904548645 3.7353890805997625e7 -13.27172743009508 -27.037402950952895 -18.728292589033288 23.632088836318914 -121.35290774860306 -131.96668355587798 -129.55824786460323 -13.64583766082842 10.295030497038283
399 3275.007930994034 3.754731702907175e7 -19.818283316083345 -39.14276978716602 -9.15024959289655 39.55464966460154 -109.26549651256508 -133.32396574331585 -119.59915818991436 -13.838545457018427 10.979597563197729
400 3278.414606809616 3.79928004332409e7 -14.44344957514382 -29.91458571511091 10.766856806837573 45.85003160050327 -104.72692314776441 -117.47308462536756 -97.39514936994925 -13.290428603841292 11.123741239021172
401 3281.6238157749176 3.795912507975072e7 -17.573795123820574 -35.15420233893701 0.09537436758940032 61.61012588218864 -100.19969756346154 -125.64740735983571 -122.94963722146747 -16.720350998065157 7.3846755829338235
402 3284.6861686706543 3.822598277574136e7 -13.075353097596306 -27.247766147077197 21.683161496423864 47.10817702834207 -108.73883421840301 -117.78081324946595 -111.33566463654523 -0.14367424554546915 10.031138765336095
403 3287.544857740402 4.8910066198726624e7 -18.378837400805 -74.0048532704034 56.952554592959 55.21636855586715 -103.85392063386377 -88.76710411139356 -28.443490430520853 129.06436816162034 196.67010569844354
404 3290.38467669487 3.8311604882151976e7 -16.662439798100586 -41.16641310294093 25.723366695296377 65.64590837277999 -95.62777996537375 -122.99629839901598 -106.98966100197907 0.3032636238750115 10.004031609898789
405 3293.1775245666504 3.8313634374701746e7 -16.66396265439181 -41.16814076144904 25.72289587306158 65.64615185678122 -95.62756310705548 -122.99141599677449 -106.97378208060246 0.31840529856913236 10.033746459819668
406 3296.048100709915 3.720016776849934e7 -2.395019719353133 -7.736324772011921 -24.12061087819653 4.464664880299139 -134.93259027598629 -124.98919303713689 -136.011891341338 -14.472987957935516 9.414926289749133
410 3308.020650625229 3.723085764370488e7 -2.119697199504582 -7.546004783664708 -24.243075412592454 4.423716591479746 -134.95814107808133 -124.84562188569839 -135.7777058488922 -14.255148071194071 9.89678079130806
411 3310.8656537532806 3.720311839742683e7 -2.1016460771856487 -7.619432340027844 -24.175050647575738 4.4596859833740865 -134.9345318854553 -124.90707842323957 -135.9633514090899 -14.542763803884213 9.521563510810495
412 3313.8327374458313 3.724472303412576e7 -2.0982892124629764 -7.577739371510551 -24.211842262222532 4.440705142566841 -134.94720541206001 -124.7280330601576 -135.64204637750004 -13.833386410361413 10.062848636776778
413 3316.6073722839355 3.719629374817054e7 -2.048064954793098 -7.521733715847491 -24.223222119156027 4.437611777721585 -134.94840207361946 -124.78602518798726 -135.7625829037171 -14.629466120526558 9.22870475309304
414 3319.607348680496 3.722362444482083e7 -2.2917269124200814 -7.714165268931643 -24.1713564696163 4.441133301876079 -134.94800536811064 -124.8337395351283 -135.7224110846098 -14.258059531750973 9.68189994469526
415 3322.893432378769 3.7189430046876386e7 -2.101521283604473 -7.565675024877313 -24.222320369531964 4.435230308693647 -134.95072854961174 -124.73753322099475 -135.66195952205499 -14.674629165092654 8.827137221013459
416 3326.0365102291107 3.718831138087787e7 -2.0928491553146706 -7.5566357392469605 -24.227077231216192 4.433226378821843 -134.95202486387134 -124.69950287833075 -135.634349290241 -14.594047132068795 8.776133851951442
417 3328.8795042037964 3.72250516729383e7 -2.0668246453754797 -7.529509577897835 -24.24134944246675 4.427213744769389 -134.9559143999347 -124.6314735249249 -135.5086232590877 -14.210596608719015 9.553670262395883
418 3349.006137609482 5.050453400365662e7 -62.97400394664535 -155.17928568626027 132.16536365606723 189.38666058082347 -12.814859171686777 -90.61798886725234 39.53405874179896 124.1316698307254 190.1761735766563
419 3352.0407836437225 5.046492661208429e7 -59.94514207856451 -152.8539058039988 129.99849684822382 188.60830436234968 -13.369872450271451 -90.40453380530465 37.66921374346987 124.16152612278984 190.17249789245272
420 3355.054031610489 3.725244931757031e7 -2.2323633292785594 -7.598659670180929 -24.23970216015192 4.419454731119913 -134.95896929340842 -124.84240569612763 -135.74531346074764 -13.964974139042397 10.602233162878179
423 3412.084265947342 3.7223955660533346e7 -2.1852391817526744 -7.646109733011446 -24.212807716263555 4.436201934926004 -134.95097469028767 -124.87376707507184 -135.72154824140927 -14.253458007313668 9.80665646716551
424 3415.5627467632294 3.7175645862692304e7 -2.0671673230236394 -7.53782897537485 -24.23140018973418 4.432265842122888 -134.9527694254066 -124.78086533528432 -135.77145579067377 -14.858204366108566 8.54129869065099
425 3418.7500216960907 3.7263531405693196e7 -1.9900870505138784 -7.481382620748409 -24.244369687870744 4.429383585539483 -134.95500356301207 -124.66827086822991 -135.583721879165 -13.807091840457645 10.56917143392974
427 3424.899886369705 3.9098460362803936e7 -43.000057622970026 -81.20887490019679 72.85084027161687 141.37492254876366 -42.310569793081456 -118.96854878296966 -57.578099231431054 -0.5859791075539533 8.03741731444552
428 3427.980860710144 3.9203355659870684e7 -43.35678649064072 -81.55038910444266 72.99125387792199 141.41956597627615 -42.28152940505743 -118.76568015135467 -56.89914372761052 0.6400212880180334 10.263913934973061
429 3430.842324733734 3.7253148853663765e7 -2.181706799178194 -7.56831624148383 -24.229862667314826 4.42668534927158 -134.9551030629927 -124.81475326023235 -135.6233571167652 -14.013840678725046 10.44074288309497
432 3440.506660223007 3.72452678409236e7 -2.2990818312283388 -7.713554895003812 -24.199815091277657 4.429263246414436 -134.95399271611336 -124.86093543985731 -135.65863036582994 -13.9445411413339 10.340039488007108
433 3444.024870157242 3.723064906594584e7 -2.0566346405389773 -7.535344638761524 -24.227358247053132 4.434385839202648 -134.95161145175425 -124.54998125334066 -135.37218083995054 -14.059756192275245 9.61356871108228
434 3447.3555171489716 3.723846852750601e7 -2.018728957234071 -7.542065126283255 -24.19293021764088 4.44917383788173 -134.94432241499237 -124.66020142463452 -135.63259463191577 -14.128269165058157 10.22456995743579
435 3450.5653641223907 3.722223096054715e7 -2.0673586164255333 -7.547504828319486 -24.218355259174636 4.437847050811143 -134.94958880773646 -124.55726980797806 -135.39214779020068 -14.127206076815241 9.439619018492749
436 3453.9834382534027 3.722392304629339e7 -2.0311279015422095 -7.469572595996883 -24.2525680589197 4.422422391240957 -134.9587485860327 -124.57482943798965 -135.48330402573373 -14.133620251438401 9.478071724509277
437 3456.9184141159058 3.7238262103805594e7 -2.0447173598899653 -7.568597906341589 -24.174588416843726 4.457593442690083 -134.93837259533154 -124.62059781300786 -135.5529286749192 -14.070026264196372 10.06517888480721
438 3460.0189492702484 3.7179734716036744e7 -2.070248942690494 -7.541255974660013 -24.228980164052857 4.433172153001209 -134.95223932811192 -124.76138570662528 -135.73037619715546 -14.787338232447041 8.587370112488713
439 3463.772755384445 3.737404891242588e7 -12.983665218341851 -27.013332775392175 -18.809143296188893 23.611152668155754 -121.36567273987353 -131.91006005031107 -129.5280634243838 -13.345191819909587 10.72156765572845
440 3483.5527272224426 3.7474724930989705e7 -19.731137154644806 -39.095838397910214 -9.167074650416659 39.55162386059331 -109.26707283268502 -133.2985894947069 -119.56232381766426 -14.616156976506318 9.226091347577153
441 3503.3923242092133 3.797126818300124e7 -14.810059715709667 -30.098310059492178 10.720301811963438 45.816611504661324 -104.7467906341323 -117.8647372717245 -97.91555850976033 -13.74689763047678 10.90643268935105
442 3522.5605132579803 3.7960177669570476e7 -17.39840933302741 -35.16263973123372 0.2864449461879275 61.699671574413046 -100.14803525056595 -125.51409587916339 -122.74632086839341 -16.670107390107887 7.307707926836031
443 3525.5141911506653 3.825089076340016e7 -13.070946536196058 -27.209165875061395 21.68513609496778 47.10239986873769 -108.74284692611275 -117.71910839721028 -111.27436256009679 0.3071247600428819 10.65924692690129
444 3528.8907463550568 4.888307532573911e7 -18.325753764607885 -73.95691556668821 56.930686077087174 55.20754326341711 -103.85929165715952 -88.7427581672872 -28.404250268569967 128.66959428589348 195.62666549666244
445 3549.042597055435 3.900339901869635e7 -52.43562978122211 -104.07499492795164 53.04709635441392 156.31605733396606 -31.428622061759388 -133.56997614124992 -65.78405760842247 -15.524865130715455 8.460643921525332
446 3567.3254640102386 3.995311958577239e7 -65.43893475917787 -125.12368642364278 98.36474979914848 199.07184579070068 -5.151737634795154 -127.33896100672649 -41.64200761730541 -2.685509944702403 8.311699052294728
447 3586.9265151023865 3.7208882112569846e7 -2.2883108224490876 -7.652269107593645 -24.221201152644475 4.4266522768596275 -134.95472913132926 -125.09347229448304 -136.19221608140526 -14.432758532836942 9.870441031638165
451 3599.810945749283 3.729824526488325e7 -2.0461953599432476 -7.5543707042035475 -24.221101098699684 4.438706107795923 -134.94890723186867 -124.51097220737768 -135.27137584875936 -13.206698875013103 11.103227709740565
452 3602.5578656196594 3.718119657797196e7 -2.0744815250048987 -7.546528690622168 -24.224480630534053 4.435573881264887 -134.95042645075807 -124.71937170978077 -135.7049885485456 -14.709647050093281 8.639269875380876
453 3605.662364721298 3.717670304637109e7 -2.157496717251572 -7.625477027160619 -24.19346738657508 4.441971965943054 -134.94707033540553 -124.84705184943061 -135.79883515704114 -14.959080596931017 8.726055033636271
454 3608.595015525818 3.724890028502815e7 -2.1029591078900616 -7.595237022628936 -24.155483944537117 4.4656376685604044 -134.93290525641123 -124.63145133019071 -135.47536520929003 -13.855529162722064 10.171414754761031
455 3611.7065625190735 3.722120699163141e7 -2.2673815264512314 -7.645058058861542 -24.196419826822847 4.438941534126158 -134.9481438273818 -124.85469332707947 -135.7651888871664 -14.410404970772277 9.633230509884072
456 3615.049223423004 3.717539382542471e7 -2.0852885146760833 -7.54845849501077 -24.228199710759803 4.432894542493116 -134.95240267614352 -124.78727936024478 -135.79953867647595 -14.881382297975733 8.628156764268226
457 3618.081042289734 3.723557593882471e7 -2.1958073966550273 -7.611143889995558 -24.209754180360967 4.436063975562163 -134.95064592665213 -124.77299620825329 -135.62654150286892 -14.219449741641426 10.045271283460806
458 3620.924655199051 3.755280064192853e7 -19.701449718222285 -39.080877635242146 -9.165506222392857 39.55326725132463 -109.26616515474677 -133.14265971265303 -119.15771854572074 -13.633454875384189 10.821661377262046
459 3624.076919078827 3.74267960891808e7 -12.756572521132053 -26.93018398839559 -18.837457844226044 23.597851783995182 -121.37573822047293 -131.9604164869658 -129.63739082519976 -12.942372192267783 12.167617701025165
460 3627.0498690605164 3.796200012918073e7 -14.601724019223738 -30.100353306284806 10.871738799290824 45.886606457155395 -104.7067004680737 -117.5654793186439 -97.5329357545383 -13.806547650028278 10.50147838749632
461 3630.301525115967 3.8002155958210066e7 -28.687239081396893 -54.752972165213755 5.582168307588248 80.8196448716931 -86.59321745247726 -133.00521805795364 -117.04098592281025 -17.172213611899622 5.75742035856814
462 3633.3545892238617 3.8856519642632626e7 -6.966419786478255 -16.011435002794425 41.05377081125074 103.12123265286141 -74.78720754334944 -100.50849874696871 -103.05715976608724 -3.010325532720799 6.200751010510146
463 3651.301258087158 4.8956035580087766e7 -18.462178278843194 -74.04309006017824 56.97092244705405 55.21764776761407 -103.85355331307252 -88.69225977192849 -28.173747181944805 129.60094931302297 197.5252378266838
464 3669.700211763382 3.725648257609798e7 -1.6498510258176111 -7.2402447110252535 -24.38681167952278 4.379596304773003 -134.98460280773753 -124.60000913192704 -135.66776938738735 -13.833445365508908 10.594057692729052
465 3688.965083837509 3.745461905713545e7 -12.627664675251797 -11.412577320991286 -10.113714911012778 74.90875393762016 -86.12483403690771 -119.34713858089896 -120.88516916265121 -14.76135213469604 9.147631331778882
466 3707.5547597408295 3.7568550709490635e7 -33.618095720966885 -48.57850325303053 -4.56184797450031 76.22684113990724 -85.21632271737577 -135.97265020985253 -114.96012067186956 -14.550823832900619 9.955374435727492
467 3726.0665209293365 3.7241482526046604e7 -2.189485337068696 -7.60051025740931 -24.229433322099503 4.426867695900711 -134.9553642377434 -124.87435676138608 -135.78115213103035 -14.14604811628999 10.315977598060954
470 3783.449365377426 3.721228349326677e7 -2.128741550977974 -7.573530386946672 -24.219365269835066 4.435019171679286 -134.9506953334532 -124.7978976758817 -135.74060177196174 -14.371268935458204 9.420944851717934
471 3802.323018550873 3.724341701426972e7 -2.0232948208574157 -7.510037809076682 -24.23974930071069 4.43045378632317 -134.95391833070488 -124.62320292365843 -135.47093153003334 -13.995151550239996 9.900466791686256
472 3821.403984308243 3.720108865877879e7 -2.112387961779703 -7.580399555637856 -24.2159931394754 4.437606344358073 -134.94953731639097 -124.7890157164286 -135.69832499704557 -14.564265384399619 9.149172494798222
473 3842.576709985733 3.7265938231444255e7 -2.1917252940180276 -7.657204292020493 -24.190089845877147 4.449095804081992 -134.94089535276234 -124.8103867216177 -135.66171451155788 -13.659031024611636 10.733110700762154
474 3862.1072330474854 3.723086556401592e7 -2.1580298396637367 -7.595383059792253 -24.214087400926843 4.436023181442124 -134.95038746568179 -124.93632990535946 -135.97642001631556 -14.18917989656154 9.973863180300896
475 3865.300586938858 3.7222634606326245e7 -2.106793038729055 -7.549008443685322 -24.23315517051462 4.43124038024861 -134.95322286657614 -124.81530689079693 -135.722104338014 -14.12230308951905 9.584472263235227
476 3883.550832271576 3.724738653662864e7 -2.0796619828657157 -7.561646314701569 -24.19510374019103 4.44841192287771 -134.9432267520126 -124.61685683520028 -135.45438683241417 -13.851442174357544 10.290435935769608
477 3903.9376723766327 3.752310677478265e7 -19.76506455917516 -39.12221558665161 -9.155108245615821 39.555467253428745 -109.2648338719977 -133.27504414055494 -119.49990420539882 -13.97649776182135 10.338814711728958
478 3906.794414281845 3.735110633549302e7 -13.011105679964128 -27.05233924995226 -18.77675095519693 23.62349499443934 -121.35867246031157 -132.17958846013386 -130.04378825164918 -13.847388014180751 10.660134241218884
479 3909.8234622478485 3.7973722005649686e7 -14.52822406397188 -30.044346153864936 10.859400459277992 45.88269577759526 -104.7093924086676 -117.56518189246322 -97.51465555572508 -13.728636567059255 10.699804541392439
480 3912.854233264923 3.79483292402431e7 -17.188425926956114 -34.93054467420248 -0.003122910400676915 61.58446758817385 -100.21603072400184 -125.49829126808208 -122.84337264229453 -16.709239713234012 6.560653644447484
481 3916.5000603199005 3.828405924458715e7 -12.98335033563146 -27.155481475033284 21.66859867724434 47.099388575637306 -108.74480136912966 -117.41181126391552 -110.81145778174687 0.6463163714376492 11.145519578566677
482 3919.633174419403 4.888465711230648e7 -18.301813010212484 -73.9507757358489 56.94070372940835 55.2122571586044 -103.85666133922733 -88.82258219799826 -28.53005621404276 128.6615946187634 195.89717490581336
483 3922.5034132003784 3.7252471340367116e7 -1.92624368719461 -7.420681546782314 -24.26702723909184 4.417191466088909 -134.96368225190955 -124.75023676882881 -135.85029778287236 -13.925681173159205 10.589972205484855
485 3928.5188319683075 5.003157469819398e7 -24.168681564381416 -87.06323307748649 102.00148355923106 130.5462404418798 -48.790907065022935 -71.21797057271374 20.77140638708238 131.9548160446883 200.83131414698494
486 3931.617368221283 5.002616594228071e7 -28.043588099429968 -89.93128771749517 102.15639632601443 130.50649155159223 -48.80253541690351 -72.89273251805508 20.729377658108206 131.52257324387278 200.78092970700834
487 3934.557897567749 3.719386904659578e7 -2.0374078549415735 -7.5418926817509 -24.218970135154784 4.439059776380475 -134.9486900003778 -124.70391933573262 -135.71463922404303 -14.645632525316046 9.262545726946769
490 3943.353432416916 3.718034701159011e7 -2.071099093243788 -7.5467440773291425 -24.227021490323565 4.433398104394868 -134.95208263801644 -124.79914677258483 -135.83084529119532 -14.797508797761225 8.832789688720254
491 3946.2848813533783 3.719734526216277e7 -2.1126621192098796 -7.569110421948366 -24.218985847083708 4.435437025760507 -134.95098108577315 -124.77295957319939 -135.6609026423684 -14.491632062234544 9.00925122583925
492 3949.218015432358 3.717092654134139e7 -2.0759144383004866 -7.543836386873057 -24.229022963156424 4.432871951072542 -134.95242747979347 -124.76848970464533 -135.76850250315357 -14.895151116564591 8.447828391571875
493 3952.148108482361 3.718269118662517e7 -2.1021451798746256 -7.5618528994848635 -24.221892176619143 4.434689960156078 -134.9514020061626 -124.79645693456803 -135.77639956307155 -14.835726916358453 8.849133117246652
494 3955.1252524852753 3.85911978304931e7 -11.68322549883182 -21.213439101451446 29.915720106871042 101.74329971309243 -70.86019127591369 -102.15770426504878 -90.46881896158078 -16.780369690540738 6.697704057671615
495 3958.1549775600433 3.859160305632875e7 -11.761966801581362 -21.28174526135672 29.864628665923448 101.72060705041278 -70.87354372860236 -102.30262116514717 -90.62606647119992 -17.005338957484355 6.966827005994787
496 3961.2597064971924 3.7190421114880174e7 -2.035372031213736 -7.5389610059688685 -24.219922078029803 4.438583233898868 -134.94903053809006 -124.70769394015332 -135.72765209309722 -14.675683351318924 9.20406757515184
500 4004.511358499527 3.718744914032494e7 -2.0619876661787515 -7.537047943604911 -24.229227882914522 4.433351086000073 -134.95206781250008 -124.70410900269144 -135.67592037833424 -14.646280185596936 8.784106207281695
501 4024.993730068207 3.7188157148970865e7 -2.0693060972441693 -7.54063848824835 -24.229098416959935 4.433109401469551 -134.9522494361338 -124.68563039228872 -135.65675071498435 -14.598290877690658 8.77085571989835
502 4045.273846387863 3.7186766008775406e7 -2.068706140859632 -7.540341654160528 -24.229106847293444 4.433130621592085 -134.9522335868931 -124.68848382766896 -135.66137428372588 -14.616347730418568 8.741194378935916
503 4062.821518421173 3.715900353566121e7 -2.113372612913235 -7.5794901434832855 -24.214282496679886 4.436472937898472 -134.95034303000034 -124.87606941961349 -135.93793690102444 -15.161599290066704 8.41732382938136
504 4081.5123431682587 3.7238891243828624e7 -2.2255490476351305 -7.6862506913606214 -24.170078969315256 4.447268446855389 -134.94409426039647 -124.80284504832076 -135.67253848257633 -14.071024024165695 9.998510257935322
505 4100.938798666 3.855212801179688e7 -33.00094372974448 -60.116362208292145 37.68751355833341 82.44142989316353 -82.91253659674634 -126.59971984331065 -94.06228615324449 0.41821796093091734 10.479569687751564
506 4119.273757457733 3.924720750484963e7 -48.506350092719266 -87.82775121433829 61.84770779804728 139.5518912803691 -48.2009429484694 -127.43663836009165 -81.16824787727728 -2.606051185928834 6.570301152407922
507 4137.470481395721 3.719254100945548e7 -2.033419023245223 -7.538540565903519 -24.21900777438632 4.438757357727297 -134.94900494931932 -124.70873139828092 -135.7205262033874 -14.665275031829879 9.278440145565014
510 4193.180369615555 3.724212862377891e7 -2.0272996873087905 -7.521044410260615 -24.232819119638627 4.432399290934413 -134.95308229980674 -124.68514020914182 -135.6700324134457 -13.965559074498174 10.234328628703793
511 4213.247719049454 3.715287489709036e7 -2.1052296912977297 -7.5762245679398035 -24.211427344375224 4.4387187400630665 -134.94868064332172 -124.8626951805353 -135.91016781511388 -15.206366294544125 8.2735556068493
512 4231.296509027481 3.721576886509386e7 -2.080757389486255 -7.5663885317328585 -24.202860737374145 4.445454610303443 -134.94369456721773 -124.82276183794562 -135.78357908526522 -14.28323517011927 9.611658132099251
514 4237.274876117706 3.810758048945031e7 -27.22744127154674 -50.341875836057234 16.485093197050368 65.21135314818875 -91.02842993517763 -125.29716106256757 -91.5872718457864 -13.05047080197528 11.390082326930212
515 4256.394619941711 3.8107692212009415e7 -27.227487176724292 -50.34184328920962 16.485078599983012 65.21135312491172 -91.02842865457279 -125.29790254134542 -91.58625469240542 -13.049826783349658 11.391138285040483
516 4275.580949783325 3.720330615625387e7 -2.0391655893640745 -7.544143670154572 -24.216265422179056 4.439622246505749 -134.94845490842232 -124.63479366763409 -135.5821183647871 -14.489750098991294 9.40091432241013
519 4302.010157823563 3.718174461746936e7 -2.0906376680504835 -7.560852984819515 -24.22597290304511 4.431441051860688 -134.95332171359397 -124.80371996657766 -135.82958399566462 -14.809446941822841 8.90360914572517
520 4304.913966655731 3.7162887108869314e7 -2.1028889675045583 -7.573779361796815 -24.213716248323053 4.437575637338881 -134.949409911507 -124.8851186974693 -135.94391022269508 -15.114194221464174 8.47796574065427
521 4307.926857709885 3.7165386350548625e7 -2.106765648327869 -7.581863746449139 -24.210177485257496 4.439172144817306 -134.94845863041047 -124.88262530372987 -135.94120001401723 -15.086334501408714 8.525348337966022
522 4310.997696638107 3.7197140511918485e7 -2.146244385660971 -7.618096671097712 -24.196948209358524 4.444872771418375 -134.9443021572778 -124.7981631597413 -135.71395171935876 -14.664684420718231 9.157928838282942
523 4314.08602643013 3.723576109978267e7 -2.0920887163397843 -7.569657877199562 -24.217470324962655 4.436132618623489 -134.9506700749071 -124.70138122033757 -135.6133365514965 -14.104193551763501 9.962816314329473
524 4317.0104150772095 3.715902968708786e7 -2.1089586385887955 -7.580151101518457 -24.207714173791878 4.440575786098279 -134.94749641233776 -124.82045349205538 -135.85496166645953 -15.096096029088812 8.363359612667011
525 4319.85005402565 3.715881843636145e7 -2.106905017026662 -7.577979449719445 -24.209775400898174 4.439544957212718 -134.94815346699872 -124.83011161174545 -135.86297390305384 -15.10793325297368 8.364122540131234
526 4323.251300811768 3.756197404406447e7 -19.761783048262043 -39.13557523279534 -9.141312983402102 39.56122662984478 -109.26118352075073 -133.1080478966581 -119.10814623146672 -13.446373134589408 10.895375445680031
527 4326.966421127319 3.742415940199845e7 -13.009564848729482 -27.068216696631787 -18.76697076724406 23.62586543816026 -121.3573305865887 -132.0215615615972 -129.65050360298562 -12.97762265486449 12.141137908696237
528 4331.144408941269 3.792072256452198e7 -14.763136438684281 -30.20497283168821 10.916898975962532 45.89600632990812 -104.70091430365393 -117.87873797336601 -97.88313985466021 -14.281353986030808 9.525723719240716
529 4334.350234985352 3.7918619914932154e7 -17.545322589867947 -35.16421424423095 0.12695108280660605 61.625054925797315 -100.19069824008717 -125.58054061915192 -122.86360544340704 -17.101565460417817 6.0042814982367645
530 4338.021665096283 3.825660551890764e7 -13.101263001647471 -27.242823397840677 21.673143034053886 47.10250758749403 -108.74243164113024 -117.83269770159944 -111.43335406420573 0.4021203848593018 11.146678939731999
531 4341.295745134354 4.886024035469665e7 -18.362334838226573 -74.00320208971166 56.96215238740313 55.21875974136637 -103.85254401789481 -88.91541717047755 -28.811941010022622 128.4670876323064 195.5668252846017
532 4344.492713928223 5.055193586055286e7 -18.095258839485414 -75.32214434217224 133.0136791127113 138.14365830921327 -48.222352574470406 -56.20139394335814 28.221611630680172 143.42400680919536 196.9019187804621
533 4347.359130144119 5.0552708227503195e7 -18.09040381500034 -75.31803070993487 133.012617307367 138.14329646048492 -48.22260762832455 -56.20744182651657 28.202550649343266 143.38204928286962 196.8905978127152
534 4350.465157985687 3.716565441785632e7 -2.0900648240480066 -7.556713819055066 -24.22265213934159 4.434965492591957 -134.95113551377855 -124.77279457590521 -135.76445990093106 -14.949772176537465 8.387388766697427
538 4363.18471622467 3.720875643024426e7 -2.0546878771338157 -7.53612203491388 -24.225025749540166 4.43372073939733 -134.95221414422687 -124.71285933883956 -135.6340430658338 -14.438560336442094 9.401050803113094
539 4383.119998931885 3.71798144323946e7 -2.10030240278045 -7.576821772661077 -24.205505378192186 4.441543141435304 -134.94707669506613 -124.80551473214098 -135.81134133387633 -14.832366772177636 8.833333775831875
540 4401.274711847305 3.718442673350011e7 -2.0581178308180696 -7.534158217351218 -24.228950848220073 4.434177043936259 -134.9514290782895 -124.73292705294222 -135.72870945229897 -14.674354055584615 8.716337027100565
541 4419.71600818634 3.715406549956325e7 -2.105461729275781 -7.579123008840469 -24.21006869204657 4.439383994110088 -134.94829404511788 -124.86380195982866 -135.91579895482903 -15.193689415923302 8.294131012917148
542 4437.817138910294 3.730289359430973e7 -2.1607887759304347 -7.609354011446946 -24.20078116027529 4.441606665903606 -134.94665642122237 -124.6604044781622 -135.41248004782074 -13.061043955142793 11.217083014953232
543 4456.1025767326355 3.720684933966201e7 -2.078052087527279 -7.565744063578206 -24.209683846994295 4.440980545207196 -134.94707054492955 -124.7704527297193 -135.69687321524623 -14.408398621608967 9.271969278677943
544 4475.09396314621 3.7235245547521405e7 -2.061365351781358 -7.550063061424559 -24.21982624827607 4.4364408587997985 -134.95027711015283 -124.62860191095848 -135.4513901276626 -14.057334593579355 9.816234942687743
545 4493.807421684265 3.754466718883513e7 -19.804468345884175 -39.161398715475215 -9.13603812358 39.56218676414497 -109.26045007337767 -133.20585886874363 -119.34022245511699 -13.598505751183723 10.648725979404446
546 4512.9377427101135 3.7398619073319614e7 -13.025378641605599 -27.076631429893443 -18.762416272986144 23.62798442337119 -121.35585796314683 -132.17721872392536 -129.992526974087 -13.294955629132971 11.767475799184467
547 4531.669702291489 3.799256458582333e7 -14.811969792369677 -30.234031704146364 10.935201898560997 45.901068582932396 -104.69744214746639 -117.74589781907417 -97.69636898498231 -13.49154821590929 11.426390530057063
548 4551.273500204086 3.797833894898418e7 -17.47649644325822 -35.11859622167929 0.0995888460688974 61.61594496835873 -100.19624417833376 -125.3658722611276 -122.40670779301325 -16.516746636094524 7.461256620427662
549 4570.5118997097015 3.8294722897360995e7 -13.122528903714173 -27.256398699314076 21.713605066194347 47.11072005083814 -108.73757771922206 -117.7324232994585 -111.2468298017003 0.8415703210949914 11.744226271432183
550 4589.163508415222 4.885579419869488e7 -18.34766923607571 -73.99512998866595 56.96089789713169 55.21875449055533 -103.8526009389109 -88.99759494374462 -28.92050012504029 128.34640933451965 195.54586612834828
551 4609.486463308334 3.725966595158877e7 -2.2207772132702885 -7.659992057458448 -24.188058006051563 4.443957222028786 -134.94495163600064 -124.86614124318453 -135.76873890414618 -13.803573137145463 10.521345180984326
552 4627.748155593872 5.155006593530567e7 -53.04565957877844 -136.28351512841465 172.67653079166695 230.5594893179213 12.298840272993196 -66.05079295107771 57.97973299911348 140.42210740676808 193.9353346165973
553 4631.331472396851 5.154843689751294e7 -53.02679648931492 -136.26956829704056 172.62980707931922 230.54678379377833 12.290474469158198 -65.91274403122503 58.23687484505683 140.4850069978164 193.6892015319322
554 4634.451364517212 3.718798726888041e7 -2.108024143042048 -7.567175007663963 -24.21981332859189 4.435436528949424 -134.9507906437716 -124.79416096829249 -135.75581802237912 -14.761788446698972 8.96420422763481
557 4695.614371299744 3.725571450578381e7 -2.0674330247290804 -7.552097666271413 -24.218120266690143 4.437183917489875 -134.9497343985613 -124.5844048952709 -135.39000572618846 -13.82104931331736 10.331006217843196
558 4698.986886262894 3.723001367856037e7 -2.096114207311622 -7.567579264043612 -24.216465167504417 4.436097397909492 -134.95047724784766 -124.76182065783433 -135.73655190498744 -14.177255473249488 9.860386647549547
559 4701.926678180695 3.7161589437141545e7 -2.122236698213996 -7.593361997515538 -24.203759410530097 4.440778557181474 -134.9474500456362 -124.84439410633144 -135.89014627468885 -15.11108460827603 8.407119617895148
560 4704.853305101395 3.716675808823131e7 -2.109928731733291 -7.581571556179583 -24.20773236277492 4.440347645445996 -134.94753512155808 -124.8627500987356 -135.9222565995338 -15.06514138380669 8.5699967311931
561 4707.882097005844 3.716747586467089e7 -2.1085826788174593 -7.57999365247823 -24.20748383275638 4.440294498121119 -134.94777610530178 -124.86706159262548 -135.9075712740525 -15.037633009415117 8.57333057415076
562 4710.782005786896 3.7162827103008926e7 -2.1049047731050017 -7.576006270864562 -24.21157748717583 4.438636534446189 -134.94873977691216 -124.85675094974448 -135.89306643724706 -15.095258291001642 8.479456152892567
563 4713.70948266983 3.71872310040841e7 -2.1154942037028164 -7.587127961149655 -24.20786623508866 4.440170825252096 -134.9476539990265 -124.83339926825323 -135.83690881841716 -14.794730281481066 8.956743942677065
564 4716.986988782883 3.759571256392176e7 -19.759297886530476 -39.133187810689506 -9.143830152259369 39.55999127451015 -109.26198011707845 -133.21135060188925 -119.30284445092093 -12.99333470825104 11.839945269261648
565 4719.971735715866 3.742236749975292e7 -13.01043307371198 -27.069040058419034 -18.766133389465644 23.626307206795502 -121.35704263751295 -132.02593042833513 -129.66183853242518 -12.993839557035187 12.109434235108097
566 4722.868926763535 3.7964372300640926e7 -17.531499771715588 -35.15238026256532 0.1075762196071679 61.61760474207 -100.19501627271552 -125.46615126105138 -122.56692917910425 -16.471041399582873 7.069900756102811
567 4725.78545498848 3.793762052932222e7 -14.766802410352629 -30.207994356535092 10.92387551982388 45.89845095086093 -104.69929320504139 -117.86292715302602 -97.86421404484179 -14.105865298044762 10.00500965847317
568 4728.560710191727 3.826666394022693e7 -13.111498045564542 -27.249893957969192 21.711172497893692 47.11012213635439 -108.73799486479206 -117.81271826118996 -111.42468988481971 0.5197288113275818 11.344240086873128
569 4731.674294233322 4.887390595629087e7 -18.364333606701116 -74.00516850568935 56.96397156627092 55.219669549773386 -103.85195683426497 -88.90979105668282 -28.777799478439135 128.61347587609157 195.9216297114283
571 4737.8492000103 5.066647525434302e7 -53.36829374583312 -136.04927389548462 143.45769166812357 158.55003796592442 -33.78757262910839 -82.08295808784732 39.94649241012246 142.57915978127755 196.09083793525906
572 4740.883122205734 5.066652641382095e7 -53.368288826898734 -136.04927285324533 143.4576873969477 158.55003715028204 -33.7875729900679 -82.08266714440612 39.94649241012246 142.5799134588716 196.09218063182584
573 4743.813403367996 3.718445371118014e7 -2.1085816080965003 -7.5678442656751805 -24.220637177860795 4.435051718682274 -134.9509881635844 -124.81689541135194 -135.80854336000567 -14.827735870960169 8.906161157868041
576 4752.861666440964 3.726791962413184e7 -2.085141723990038 -7.563037987354324 -24.21538423246927 4.437836596771177 -134.94926177055416 -124.67458559965996 -135.5986055712184 -13.58879869689514 10.735575111739251
577 4755.8031215667725 3.715646862660791e7 -2.1052594717811246 -7.577744245019147 -24.21024003502238 4.439001268162798 -134.94856072980218 -124.88298559036355 -135.937468855722 -15.176673596826845 8.323991573418482
578 4758.923367738724 3.7181199846740715e7 -2.1114801379695862 -7.584394581612868 -24.207500755754694 4.439962552478519 -134.94790588917684 -124.8116358886075 -135.8086432169714 -14.819766445932657 8.860500656267334
579 4761.986442565918 3.715446169759002e7 -2.105008392852074 -7.576505500230363 -24.211028856509785 4.438765962298277 -134.94867767450438 -124.88782611898614 -135.95240204441734 -15.203716093677656 8.307312088931155
580 4765.217463493347 3.714979428348673e7 -2.104280430430798 -7.576152455262088 -24.21141530392456 4.438687957151544 -134.94874528663527 -124.88191502473279 -135.95012739723495 -15.239770039114262 8.142349511807708
581 4768.243342638016 3.716960838994267e7 -2.101432065734258 -7.575935734304446 -24.21137931380612 4.438595565456339 -134.94893926116274 -124.85115445682953 -135.89185195277867 -15.014268689003472 8.57887445776015
582 4787.441903114319 3.887710202171473e7 -25.67107578472803 -50.09162736371785 45.34019683905353 137.050396577387 -45.054446965563656 -109.07015919458769 -73.99897988748279 -16.519375001523997 7.170428252634679
583 4806.167115688324 3.8963767173910476e7 -47.52381088672437 -89.1509022862263 50.31208953717768 138.2088111020819 -44.258327394426644 -127.06540904438248 -68.75740291794727 -16.26020789867482 7.555118046713972
584 4824.633512496948 3.7183042811877035e7 -2.109047160114912 -7.5699538716637225 -24.218424922800423 4.436025790308889 -134.95033636367748 -124.80134952047212 -135.81542696597035 -14.88238590141583 8.928046178005445
588 4901.271785736084 3.71632963683622e7 -2.0730187659960535 -7.550378546970251 -24.221244960145135 4.435567651581948 -134.9508328458971 -124.84019165582527 -135.89167827273735 -15.018465324361273 8.481014712330534
589 4921.388602018356 3.714575844750104e7 -2.101285380843777 -7.573683793629371 -24.212356681159307 4.438389023853517 -134.9489453122033 -124.86507992537241 -135.91824246376007 -15.272547536451384 8.052657402751322
590 4940.291235923767 3.7161254929085605e7 -2.0922999052679288 -7.566277524232204 -24.215180845259837 4.437492209350836 -134.94954539917174 -124.81308347937141 -135.85482839673205 -15.041815863032525 8.395249217886942
591 4959.46696639061 3.829280699197109e7 -12.75167978074623 -26.977625118327303 21.64243196503724 47.09005660938409 -108.75098782184227 -117.38633122720762 -110.766744694652 0.6029452850915504 11.467593579148854
592 4978.9079530239105 3.899185546386081e7 -25.469675365716387 -49.63987952568476 56.79603347652204 88.55257282150998 -78.50053438567181 -110.59916264451311 -73.28775357931676 0.8961204120165576 11.70436536258552
593 4997.790612220764 3.7166041171914175e7 -2.110774403198679 -7.572565466899091 -24.216840974480853 4.436552500476637 -134.94999940144464 -124.85728389455721 -135.91372352504777 -15.086668541483789 8.603718443073774
596 5038.309505701065 3.727046031393506e7 -2.0820074329796228 -7.561267368195905 -24.215839471154055 4.437614251378093 -134.94947064631697 -124.67734842109854 -135.59189558460542 -13.57956568036343 10.77412775752191
597 5041.693824529648 3.715947748080157e7 -2.1199065986016166 -7.592424306056223 -24.204013107243597 4.4407200968440605 -134.9475321075546 -124.85453920842758 -135.89450655753205 -15.133504291028089 8.305072575506358
598 5062.767104387283 3.716457135476105e7 -2.1052940118732515 -7.578190769633839 -24.20971542604515 4.43922116257103 -134.94840775759872 -124.82447510366956 -135.86538916792517 -15.012181745742168 8.42906638777339
599 5085.250106334686 3.7173577465281226e7 -2.102254206745908 -7.575077541734984 -24.211857766539786 4.43824607221066 -134.94909564914872 -124.81735185559523 -135.8561290446305 -14.909508310554997 8.630912860287253
600 5103.421658039093 3.714369000267923e7 -2.0904416870068907 -7.562517458043642 -24.216282439868507 4.4367927127677405 -134.95006657355054 -124.87982959392366 -135.94958087594648 -15.302739824582375 8.028936718552018
601 5106.181793928146 3.721349242482617e7 -2.057892167527296 -7.528999620850891 -24.22806476606504 4.432001688818673 -134.95343185434763 -124.66782436671417 -135.63770784505664 -14.312559919096316 9.558731114027808
603 5112.168979883194 3.793832647608829e7 -17.3522117869026 -35.05849901329158 0.19224162769480557 61.65449459374753 -100.17263905602678 -125.41252419854067 -122.5595666465141 -16.792191556269756 6.536807611412655
604 5115.239007949829 3.893361676085585e7 -28.36177711443873 -54.738150704552595 46.094731845687015 104.32392218008805 -73.96322095822525 -118.25936671000284 -97.892603319952 -2.6680293773574704 6.740239385818995
605 5118.4042427539825 3.71620483573878e7 -2.1099181197475936 -7.572066852291581 -24.217276003213378 4.4361498380196736 -134.9503002458579 -124.8644493486118 -135.9215420307744 -15.132249149238703 8.5391091119198
608 5126.980305433273 3.724827352760296e7 -2.0735678658875933 -7.552257734879774 -24.218391739133118 4.4363395445044915 -134.95041271001517 -124.68713370230785 -135.6197924264556 -13.836578043289023 10.201722646500741
609 5130.194806575775 3.714357251506012e7 -2.0905753763375188 -7.562608202493209 -24.216247550729946 4.436801328418966 -134.9500610664437 -124.87979996628377 -135.94927129633658 -15.304057163904588 8.026142034895429
610 5133.174164772034 3.7144618132609e7 -2.0909764432157587 -7.562880435026216 -24.216142883313708 4.4368271753648685 -134.9500445451274 -124.87930618397024 -135.94929357957648 -15.290419502336817 8.053415294437968
611 5135.999666929245 5.129850962050817e7 -57.247325912375494 -143.70764086173475 162.27276795039074 196.50131786696434 -12.656400567071437 -75.74967585293717 46.35800089521524 140.16308046818688 193.41731765701672
612 5138.863593816757 5.129870402496691e7 -57.24713064336491 -143.70748506084965 162.27273001787057 196.50127990566932 -12.656427104958361 -75.75155166977822 46.35843631302578 140.16265459892975 193.42333435324417
613 5141.750157833099 3.716682505528794e7 -2.1055159980576583 -7.567658151148192 -24.21898121898417 4.435515582845028 -134.95073959853627 -124.86281311436687 -135.9181236190031 -15.080749693724215 8.639962983583928
617 5153.4734563827515 3.724746167807933e7 -2.0723719334945763 -7.551333203162246 -24.219300641536194 4.436154527023064 -134.9505081026251 -124.68755621754923 -135.63084960993842 -13.837536978827131 10.187606422122371
618 5156.185209512711 3.714341405584552e7 -2.106285190197628 -7.578651154015514 -24.209169687405655 4.438614344963355 -134.94899883535538 -124.89994243608834 -135.98901084780528 -15.322792181761486 7.986023852014284
619 5159.087382316589 3.720231399367011e7 -2.1533662258227615 -7.626730565361905 -24.187940604169 4.444051527125254 -134.9458132894849 -124.8277852098339 -135.84750543905915 -14.445218189736806 9.287239571734915
620 5161.986629247665 5.043576162651137e7 -57.37468748796184 -143.7556417994371 121.93776800775746 173.07082346459742 -25.243020258349965 -89.78124178872474 28.62004790612923 126.57197878483134 193.7323155013995
621 5165.565200090408 5.043476776076729e7 -57.3760504642604 -143.75709656194132 121.93826827629715 173.07103962524877 -25.242869613394227 -89.77971081916877 28.624404836317808 126.56563214786672 193.7193830087998
622 5168.469753026962 3.72042115736878e7 -2.103422740591089 -7.565541588739766 -24.21977365777758 4.435191996989275 -134.95096498176326 -124.78635654490398 -135.80735559642034 -14.476132737966736 9.41329134795592
625 5177.253794670105 3.720233092063134e7 -2.1373546446551615 -7.6103370334039315 -24.195121872901417 4.442194715043101 -134.94690527000142 -124.79337583627444 -135.78082090318134 -14.410091075157197 9.175305016114294
626 5195.603611707687 3.714075951070571e7 -2.1034495955936663 -7.575526208139889 -24.210231351470746 4.438211064253835 -134.9492647432677 -124.90242394117911 -135.98380681115736 -15.354573447822474 7.933640840982093
627 5213.866295576096 3.716232423132157e7 -2.09494193988046 -7.566150482340788 -24.213416565656978 4.43700112926274 -134.95006253377395 -124.86773294324513 -135.93612397356515 -15.115413815049635 8.383913607339082
629 5251.996974945068 3.851019074286386e7 -30.893505459759563 -58.95242820147319 36.84664104566303 82.2557653222175 -83.03534672181473 -126.20821253043988 -94.83661676245276 0.10944287679063791 10.070660503729698
630 5272.009780883789 3.848029707624241e7 -31.019398449796153 -59.03297049504065 36.869310085535936 82.26111272960513 -83.03166783743777 -126.25608779383128 -94.78119794011263 -0.4678803774081075 9.377095028876909
631 5275.061642885208 3.7204092460487045e7 -2.1031065254956935 -7.564981421756643 -24.21980141720305 4.435010377449331 -134.9511151536981 -124.78761005139631 -135.81054425132612 -14.481034792760397 9.404042431803248
634 5317.359190940857 3.714279299537127e7 -2.1014747797809896 -7.573675930116142 -24.210945759713333 4.4379764636352945 -134.94941810246414 -124.89570641783666 -135.97275600277538 -15.32275991826225 7.958798601435888
635 5336.092439413071 3.715343725150966e7 -2.107349515117555 -7.5793598511969105 -24.208085095946075 4.439113003633224 -134.94863848024812 -124.86784937875495 -135.93541766679198 -15.202251043510557 8.202363403353388
636 5339.257335424423 3.715900003722758e7 -2.094688830500097 -7.567323825221376 -24.21339904135761 4.437171977753934 -134.94994374080352 -124.84379863856032 -135.9221970191985 -15.087029457553854 8.311101524129413
637 5342.265062332153 3.7143458086901754e7 -2.0991616795823482 -7.569331048885742 -24.212803631641428 4.437161620003039 -134.9499061289431 -124.89523331962033 -135.97394609507222 -15.314944943811668 7.9778588417461265
638 5345.400093317032 3.715565914524464e7 -2.088096200947497 -7.561149718103627 -24.21578246650627 4.436389424767825 -134.95045528024585 -124.86476506919234 -135.9582916185238 -15.123776154888446 8.23750970749893
639 5348.459979295731 3.717465883606815e7 -2.1393656569894155 -7.61299096853204 -24.197362872855223 4.444031855525523 -134.94507573057513 -124.79728380854533 -135.78289060146443 -14.862715390468736 8.609953452633988
640 5351.482340097427 3.715657403605982e7 -2.091098818868268 -7.564126761340294 -24.21343306056051 4.437330809499969 -134.9498886276539 -124.85918045587204 -135.9454874483448 -15.096778600474352 8.241196194763177
641 5354.573995113373 3.736261807100903e7 -13.002304004648384 -27.062647572452164 -18.76747763943785 23.6248096052919 -121.35828803159757 -131.98637887964293 -129.62547866330584 -13.723205911056596 10.644397068663238
642 5357.406626939774 3.757434801535841e7 -19.774970304541025 -39.150303555282974 -9.13823138828598 39.56110957668521 -109.26152681085551 -133.04796445382908 -119.0465902081009 -13.346540593618158 11.105115249910568
643 5360.40344786644 3.799295538921247e7 -14.738650967677536 -30.182802949092224 10.91543507766567 45.8947124314093 -104.70200143767364 -117.71780778803196 -97.66315121362561 -13.349958570266722 11.168348876076266
644 5363.344303846359 3.79592347449782e7 -17.529730985240807 -35.14832451645318 0.11761876609780586 61.62091277030639 -100.19320300242153 -125.61564801969655 -122.84930270612728 -16.607063184287597 7.158760904072665
645 5366.257129669189 3.8278325020550646e7 -13.118380416785602 -27.25725814661463 21.715911445456797 47.11068330146284 -108.73788162001227 -117.79790635675613 -111.36994051040062 0.6621815534057873 11.637715410083274
646 5369.128487586975 4.887030931355432e7 -18.387949060449667 -74.02849645041042 56.973783010200954 55.22208383726293 -103.85063570235147 -88.87242648308944 -28.697102919363317 128.60793298704868 195.7146592088934
647 5371.931720495224 3.7163409719664365e7 -2.120202936246386 -7.591018143498479 -24.20541122820009 4.4389938614602755 -134.94891115721128 -124.83999074858536 -135.8205236418051 -15.061101629940424 8.229143881252412
648 5375.346750736237 3.8252235054389305e7 -34.997680376724475 -66.60375268535401 15.072369708217103 96.70726908829789 -74.5299161872319 -134.00518615003938 -106.47096634219236 -16.601434209761976 7.334937215441016
649 5378.31357383728 3.823126385909013e7 -35.00620899587669 -66.60734124739622 15.078634380248005 96.70941987616041 -74.52838168355946 -134.12249716188728 -106.66969565337672 -16.937850405731808 7.008433870400097
650 5381.199522972107 3.716985570155173e7 -2.1172909174072387 -7.580374622912105 -24.209814583174015 4.438000460193749 -134.94934575187813 -124.84099939449811 -135.90266352516915 -15.023606244348741 8.61422229763565
654 5392.957197904587 3.714080582534042e7 -2.103390563990633 -7.575490173393433 -24.21024388607494 4.438211344407151 -134.94926396564264 -124.90244884276854 -135.98386226519057 -15.353957714209969 7.934860170032721
655 5396.274458885193 3.71579344388161e7 -2.1009731169358723 -7.5743273642353035 -24.21061992735894 4.438332809601235 -134.94915064783038 -124.83554570800305 -135.89265030832814 -15.075865223088329 8.270495201200617
656 5399.271618843079 3.716099410594211e7 -2.099653185668803 -7.57368250304371 -24.210829644254346 4.438395672460473 -134.94909133039522 -124.83662133696919 -135.88944965406398 -15.044440333486989 8.333251965078148
657 5402.544574737549 3.716138062377095e7 -2.098560996341437 -7.571241385693355 -24.211889166366355 4.437911135327084 -134.94938047077758 -124.83627527994554 -135.89143479044776 -15.03878102529643 8.345588412442169
658 5405.542722702026 3.7155534315310016e7 -2.1031378287177276 -7.574803009041304 -24.210870098306614 4.4378260768319535 -134.94954537233713 -124.88959541818343 -135.95507263615337 -15.153318412090073 8.231018035350928
659 5424.231431722641 3.7159641738823794e7 -2.1013606456460323 -7.574513229936576 -24.21056002095184 4.4383132357021395 -134.94916886744738 -124.83609304291701 -135.89658173905423 -15.059133493084289 8.320971064283299
660 5442.146088600159 3.715619848407399e7 -2.1005093271474102 -7.57362416030209 -24.211454774612115 4.437937664543995 -134.94939256144198 -124.84538805457919 -135.91662034852766 -15.11273665057729 8.264288410567985
661 5459.971232414246 3.736817309023895e7 -13.00903042793615 -27.06860847091756 -18.765012851177744 23.62564943680377 -121.35773958069021 -131.96333541067793 -129.55369583330355 -13.681209242515365 10.79288666868581
662 5478.645680189133 3.75333249267884e7 -19.754586686265576 -39.136657207402635 -9.149481895076889 39.556938875302606 -109.26455077360036 -133.15426772283809 -119.25402336904921 -13.818829866014426 10.311476526377248
663 5497.811253786087 3.797749903426954e7 -14.768129733989582 -30.208700605127007 10.925282954205272 45.897569336094634 -104.70018747992847 -117.76982908977413 -97.78373328330315 -13.577195521950046 10.94046258420616
664 5515.784355640411 3.792940178362539e7 -17.52982980056693 -35.146953402622394 0.11815246642507304 61.62092581681138 -100.19324318082622 -125.71764773431767 -123.12817679905947 -17.038499098219177 6.4780292304656655
665 5534.542161464691 3.827821056031113e7 -13.111778609325626 -27.25019361257607 21.71266700193234 47.10950243917762 -108.73868185183507 -117.79320029292927 -111.36273483825335 0.6759197084236916 11.620668799217583
666 5553.292003631592 4.88715427140955e7 -18.362307063608565 -74.00436728359799 56.964835918609595 55.21906379452321 -103.8526106708134 -88.88962460369737 -28.754433576949054 128.58668088550655 195.79660859169383
667 5572.029895782471 3.720080224337701e7 -2.114493469039246 -7.583729702656685 -24.206673954547178 4.438910873608023 -134.94894239445745 -124.8698280460552 -135.9274344218748 -14.525724577904384 9.314085847290812
668 5592.107553243637 3.8523753376984514e7 -30.942849385449733 -58.97478180400556 36.87967568872689 82.26407897142559 -83.0293751691128 -126.1130853852992 -94.56552997685117 0.30614288470894735 10.077756900572581
669 5610.7372443675995 3.852015113275532e7 -30.93889752792827 -58.97203551010777 36.87884767616795 82.26389900383184 -83.02948483123713 -126.1341437398982 -94.61334402305033 0.2420314985809 10.008516953405262
670 5629.099117279053 3.715748804717109e7 -2.1093578160153825 -7.575438421234782 -24.210569748288222 4.437260755244466 -134.9499887937868 -124.89584044977391 -135.98664587811618 -15.200521804508014 8.395143392961643
674 5672.0055096149445 3.714164816128961e7 -2.103707195395149 -7.575851456622894 -24.210027558896726 4.4382168504333634 -134.9492777468849 -124.89895942619091 -135.9739574006927 -15.342944846569026 7.934869499738625
675 5691.221760034561 3.7151291708390154e7 -2.104444559757628 -7.576640832212615 -24.209493810490947 4.4384107017435355 -134.94915073235512 -124.87521481355083 -135.94013904758503 -15.238682027120888 8.13712742810651
676 5709.324267864227 3.714206400986695e7 -2.1028855172630436 -7.574912500931676 -24.21076974302872 4.4380351184395295 -134.94935930822305 -124.89956975504487 -135.98109635112235 -15.340005096537823 7.955429606143582
677 5727.015833377838 3.7142092778982446e7 -2.103261164643275 -7.575288287178413 -24.210380423508468 4.438206838121317 -134.94925522522962 -124.89892547461704 -135.9808794406013 -15.338727914426727 7.956125444668999
678 5729.792659282684 3.715565621099845e7 -2.102357823114964 -7.574815441518332 -24.210984090580567 4.438481964417576 -134.94898736187292 -124.85956550980677 -135.9089595689419 -15.175325081619064 8.221851579985753
679 5733.3624675273895 3.714044824925075e7 -2.1037768814955022 -7.575526259872314 -24.21020434941908 4.438235942454028 -134.9492281684834 -124.9057181650515 -135.98999309698968 -15.35709328045624 7.932701069305381
680 5736.43017244339 3.7148787662341416e7 -2.1047586405445458 -7.575526363053232 -24.210123373843054 4.4383105673467185 -134.94911845468886 -124.90157043561283 -135.9845435107755 -15.276339686587733 8.15875352981891
681 5739.355214357376 4.9816165461827844e7 -42.00944109708888 -116.1979443373292 97.56917354054417 115.87816651047018 -60.00325470749874 -89.09618023196992 15.495211725642093 130.180196833869 198.9507138199549
682 5742.402118206024 4.97488113745574e7 -42.043045856512606 -116.2321570300914 97.58115126522483 115.88328107824422 -59.99962267177173 -89.20900625784572 15.377674038775694 129.4692733695182 197.37362837448097
683 5745.3564710617065 3.7167188104484305e7 -2.1147927877419583 -7.580807014706071 -24.20803782061578 4.437823518462096 -134.94967344319545 -124.81793117406971 -135.82743209895074 -15.02299140955813 8.360920069137308
686 5754.644177675247 3.71452149839229e7 -2.102596625941377 -7.574303242416139 -24.21078036368729 4.438144913766976 -134.94927150862944 -124.89987989670516 -135.97590230723642 -15.314978951979413 8.070010368084695
687 5757.520853757858 3.7157790751234114e7 -2.0977593855646752 -7.570611937181109 -24.211938384460268 4.437790761853066 -134.9494996048087 -124.84373909512937 -135.902228450635 -15.105964693290389 8.349576343486433
688 5760.767265796661 3.715745122721315e7 -2.1029466533740298 -7.574586444984659 -24.21076151440696 4.4380127023326565 -134.94937835951518 -124.89152930448654 -135.95272226850403 -15.152864531146065 8.310112308620944
689 5763.779002904892 3.7140892558344945e7 -2.103335819600524 -7.575063547979434 -24.210636664884213 4.438059689239012 -134.9493325896426 -124.9049312663634 -135.98826281941513 -15.351930336890632 7.942244002840596
690 5766.917393922806 3.714042332974018e7 -2.1039391120971764 -7.575742576180403 -24.210105929108224 4.438263207681217 -134.9492130645978 -124.90585144926581 -135.98999309698968 -15.357461350674157 7.931750525213488
691 5769.936027050018 3.714044604004032e7 -2.1044257926382564 -7.576391513839903 -24.20981066922397 4.438345002930873 -134.9491677532159 -124.90612899171452 -135.98915652361853 -15.357353322040012 7.9318464650467035
692 5772.8506462574005 3.759242026674046e7 -19.83379137023943 -39.2219313611909 -9.085549132939697 39.578031359690016 -109.25046140715152 -133.20722941279575 -119.3372277041438 -12.870925347406512 11.895840833167256
693 5775.91192817688 3.759068515757713e7 -19.874778062301893 -39.250822121306605 -9.06558503219869 39.5847550288526 -109.24569656505332 -133.11618690074147 -119.14203941196178 -13.045787963132398 11.509172597352858
694 5779.562159061432 3.7167222352639414e7 -2.115993235004062 -7.582176580587895 -24.207487556233644 4.43802706328762 -134.94954019712875 -124.81415302336734 -135.82245294111016 -15.018576924572699 8.362032085481587
698 5791.5898180007935 3.7145823430612795e7 -2.100029674864139 -7.571621689903289 -24.211824049798707 4.437726244780606 -134.94954896919745 -124.89411076902525 -135.9652106285244 -15.29991644287503 8.05861474041484
699 5794.937628030777 3.714603003228822e7 -2.1007498571427092 -7.572845058395963 -24.211299199458196 4.437944596099129 -134.94941793820385 -124.89373611618555 -135.96433015276966 -15.297195809680943 8.062542702028736
700 5798.201638221741 3.715154378545936e7 -2.113021290390705 -7.584960884255819 -24.206990634251028 4.439683409164147 -134.94818513507695 -124.88489515339779 -135.9463057542938 -15.243226965366375 8.156946528068943
701 5801.103810310364 3.715523411451476e7 -2.1053060132384758 -7.577201822207824 -24.209655642578404 4.438345638875717 -134.9491763029376 -124.8980172629731 -135.97279256885895 -15.173986327095065 8.228002147904135
702 5804.028235435486 3.714401381205849e7 -2.1017340565942177 -7.573418278764715 -24.21107501342761 4.437960343350554 -134.9494025260157 -124.90028515979492 -135.97531918194068 -15.329723675167088 8.033946152916712
703 5823.221098423004 3.714750760827685e7 -2.1067802582126305 -7.578044725641636 -24.209042617060994 4.438590860469475 -134.94897499182107 -124.90700083311282 -135.98664932140224 -15.298655884421805 8.131538488469175
704 5842.389228820801 3.714042506546934e7 -2.1038273055362033 -7.575624733678653 -24.21015507010644 4.438247853687145 -134.94922266909612 -124.90566540860073 -135.98999309698968 -15.357250877570436 7.931750525213431
705 5862.356296777725 3.736826182962244e7 -13.01004684565822 -27.069691874701657 -18.764563569383924 23.62582417842833 -121.35760684352161 -131.96978835421027 -129.5892360900586 -13.653264373709533 10.782185227235516
706 5881.359881877899 3.755081487080625e7 -19.76521795682656 -39.1424114779209 -9.142782630040607 39.55970068776956 -109.26246481807942 -133.09065659698297 -119.16286433268749 -13.54390366798583 10.716042664698818
707 5900.22722530365 3.796055010937967e7 -17.52854385060043 -35.14714153469233 0.11668090440497991 61.62057461121347 -100.1934003248605 -125.61280433987605 -122.85403475915973 -16.578246018432196 7.184785549040953
708 5920.047854185104 3.797914693831858e7 -14.769893487263445 -30.21201103552184 10.926963244052267 45.89817203768625 -104.6997987397343 -117.73616679200444 -97.7365921644789 -13.55173152664014 11.007656814622976
709 5940.04625749588 3.827538526321811e7 -13.112360181804437 -27.25167806247567 21.71357455465249 47.10997348394619 -108.73833595614713 -117.80373729296889 -111.37530456124017 0.6381868270456721 11.572076755512114
710 5959.316209793091 4.88628132443761e7 -18.357681633500444 -73.99955173260956 56.962963472525374 55.2187520080482 -103.85272421467594 -88.95578921328661 -28.8625746874676 128.4358931117299 195.71600170796648
711 5978.089051246643 3.714308152200364e7 -2.102731994425504 -7.5745623302606795 -24.210600746065225 4.437986490352344 -134.94942489003944 -124.90219292168422 -135.97912557831665 -15.335984917190103 7.973969995722655
712 5996.795995235443 3.960345605875055e7 -41.21319828328812 -77.45478825807135 81.19511522283366 145.75785353609416 -43.72984690958914 -111.48619732821004 -60.35043116869804 -3.105047381159011 5.894719961033275
713 6015.391160964966 3.960753222959895e7 -41.21606175902511 -77.45665520891923 81.19895462162273 145.7591773084649 -43.72904390561771 -111.48819962738077 -60.36036135545055 -3.066677429678464 5.958223532870477
714 6034.982301950455 3.7197233517133035e7 -2.106823140513555 -7.578563757603817 -24.20886388751947 4.4383743121093175 -134.9491945315136 -124.8580544313341 -135.90054991553671 -14.525486544327975 9.2208952671499
718 6080.3435480594635 3.7145578167847134e7 -2.100257856768966 -7.571939207627093 -24.21171748490446 4.437818797456558 -134.94948008668177 -124.89815299448469 -135.97108366086286 -15.308904212438108 8.066642025849774
719 6101.015118360519 3.714161956879011e7 -2.1041292217226157 -7.575992704053316 -24.210080678520903 4.438309089370605 -134.94917789811967 -124.90274670591242 -135.98712932072033 -15.343634100560678 7.951642780373902
720 6121.540618658066 3.7140456635973185e7 -2.103712092748033 -7.57550649636411 -24.2102582076839 4.438190733360528 -134.9492644815757 -124.90560808049383 -135.990016843562 -15.35708187642814 7.931750525213431
721 6141.683406829834 3.714042193749691e7 -2.1039706269995797 -7.575783991637254 -24.210101701627828 4.438270796169519 -134.94920725058034 -124.90575542882186 -135.98999309698968 -15.35737115206291 7.931750525213431
722 6144.968373775482 3.714463663909592e7 -2.0996018618542855 -7.571346232499694 -24.21168850194517 4.437608732135345 -134.9496756928529 -124.90770391103541 -136.00373576087617 -15.302217411376432 8.010609970124278
723 6148.254500627518 3.7143289013259515e7 -2.104146603210431 -7.57601554578102 -24.210078350902698 4.438313274374153 -134.94917469171358 -124.9025080264953 -135.9931416752949 -15.322519605717787 7.981187387013733
724 6151.353444576263 3.714316011076132e7 -2.1043384066056348 -7.57626790205493 -24.210052864403522 4.438359561385113 -134.9491392161277 -124.90099658679321 -135.99182945091275 -15.323920845622865 7.980306874873293
725 6154.88197350502 3.73677053504888e7 -13.009005912061586 -27.068580869712612 -18.765005966892538 23.625669582680047 -121.35770616793718 -131.9715687136262 -129.5917067231423 -13.661283884448665 10.77275452298943
726 6158.115198612213 3.75519039275077e7 -19.761590408656527 -39.13880918655164 -9.144725161912234 39.55911009524392 -109.26284179380325 -133.0887350475653 -119.16290771202756 -13.530726654615364 10.740638549597179
727 6161.164818763733 3.7962052616567455e7 -17.527731553411368 -35.14621244613229 0.11772832181937076 61.620917830946055 -100.19321618290262 -125.60551349979892 -122.84030647630141 -16.547801018884797 7.206987954204692
728 6164.1776757240295 3.798241602659905e7 -14.764632928395564 -30.206830708474975 10.92471992540721 45.897747404476235 -104.70000725837704 -117.75599836334266 -97.75506183397391 -13.516857071616982 11.05257844392554
729 6167.05396771431 3.827547936713362e7 -13.10974834813464 -27.248815053836164 21.71259604535566 47.10957853059739 -108.73859653547335 -117.80282992115735 -111.37767097044338 0.6411761967758594 11.582683743628934
730 6170.160626649857 4.88758948039919e7 -18.362566250605948 -74.00437439752874 56.964735551298276 55.21905522571731 -103.85260290219966 -88.88479118959572 -28.727679470614532 128.6480268744416 195.87866616672306
731 6173.170973777771 3.7142754629243165e7 -2.1085195567482486 -7.580416337638539 -24.20864608043309 4.438856809554878 -134.94880653077075 -124.89817931414109 -135.97896695365807 -15.331262592726375 7.944953824206152
732 6176.107294559479 4.966435312775282e7 -31.151924271397135 -96.75776491628258 92.15370113031179 96.69501095505933 -73.59241804916729 -81.80045403381473 9.565983097674803 129.41229349743264 197.6971964642065
733 6179.138763666153 4.96643546204028e7 -31.15189328965485 -96.75772484323551 92.1536870041727 96.69500514148918 -73.59242161622856 -81.80036595887316 9.565983097674803 129.41232318840787 197.6971964642065
734 6182.4529366493225 3.720095113559448e7 -2.109498776395146 -7.580973893330846 -24.207638199107194 4.438578952770513 -134.94911118314653 -124.86046137552216 -135.90645738022022 -14.490211935071954 9.283310110817297
737 6191.401599407196 3.714010969423315e7 -2.105446331616431 -7.577287352617965 -24.209420542753243 4.4384354187071295 -134.9491131587174 -124.90716427815215 -135.98736928806267 -15.368376818207537 7.920309223097206
738 6194.520436286926 3.719658757755989e7 -2.1099675053702285 -7.581921186741978 -24.20736442896809 4.438952033025799 -134.94881345260862 -124.86074902512274 -135.89565607658704 -14.536785240754682 9.220976084587164
740 6200.442622184753 5.165146783090603e7 -75.10867072214295 -175.44517112884662 177.43933111114686 231.66109677231208 13.05445531776924 -83.92916037902785 63.37363145045447 141.063944538476 194.55990178629054
741 6203.355710029602 5.165361053725955e7 -75.10963482104991 -175.44595805273107 177.44135642096813 231.66182071748003 13.054871127737645 -83.92061985777889 63.394175761278575 141.10058259237917 194.60948282403228
742 6206.198569774628 3.71999805235026e7 -2.109480464391261 -7.580868890156603 -24.208087133006615 4.438772721753594 -134.94889755811948 -124.86459207648346 -135.91244391075747 -14.490322893602581 9.312988199424012
745 6215.308533668518 3.714018608647279e7 -2.1050959200051835 -7.576953165965016 -24.209563147999425 4.438397011927961 -134.94913670814245 -124.90731277550674 -135.98707667576264 -15.367551596312808 7.921996540654618
746 6218.683359861374 3.7142742171086915e7 -2.1073048128664738 -7.579200474899302 -24.208764068442534 4.438729749317446 -134.9489020872117 -124.90531151451148 -135.99395473005535 -15.337023215090198 7.9751983066727234
747 6237.476491928101 3.714010968610307e7 -2.1054449485471913 -7.577286040233886 -24.209421107152814 4.438435270065796 -134.94911324902026 -124.90716427815215 -135.98736928806267 -15.368376832233253 7.920309223097206
748 6256.296763658524 3.714010308145769e7 -2.105440799339366 -7.5772821030812825 -24.20942280035154 4.438434824141709 -134.94911351992897 -124.90723977021514 -135.98736928806267 -15.368525464924687 7.920309223097206
749 6275.518818616867 3.714010306207105e7 -2.1054283517138437 -7.5772702916215415 -24.20942787994794 4.438433486369277 -134.9491143326544 -124.90723977021514 -135.98736928806267 -15.368525443855106 7.920309223097206
750 6294.591290473938 3.714005125468201e7 -2.1053910088175627 -7.577234857222246 -24.20944311873908 4.438429473051471 -134.94911677083093 -124.90738952971788 -135.98736928806267 -15.368969087902087 7.919539886523864
751 6312.967931032181 3.7140056841728e7 -2.1052789799530807 -7.577128553845821 -24.209488835128226 4.4384174330911605 -134.94912408536538 -124.9070072653493 -135.98736928806267 -15.368738584958976 7.919539886523864
752 6331.997985839844 3.7548042859794326e7 -19.7444457337608 -39.12748436182025 -9.15107489129506 39.556961290050026 -109.26433190234124 -133.09440308657253 -119.15209649372719 -13.666765735295883 10.731776894680593
753 6335.358664751053 3.7548089535534605e7 -19.744715807237966 -39.127776210213064 -9.150938387249532 39.55699739053823 -109.26431073753226 -133.09434631135667 -119.15209649372719 -13.666509360080795 10.732900848087468
754 6338.477421998978 3.719962717721267e7 -2.110817321605303 -7.582185596052177 -24.207496044534075 4.438922504474874 -134.94880756491108 -124.85897637483885 -135.91053874408243 -14.495286889509885 9.29817760532751
758 6399.613026380539 3.71401923517637e7 -2.1053516406117794 -7.577125405366882 -24.20948832911828 4.438404766953923 -134.94913141365444 -124.90738883053365 -135.98705292919033 -15.367781712513704 7.922494351191062
759 6402.579350471497 3.714004339685984e7 -2.104999906023167 -7.576801519104704 -24.209633796534114 4.438374343146364 -134.94915002197246 -124.90689891697627 -135.98736928806267 -15.369355198340031 7.917698871168284
760 6405.768929481506 3.714328436473042e7 -2.1041626663111757 -7.575820396803206 -24.210068682620943 4.438245072531458 -134.94922783229202 -124.90355880213633 -135.97940934300067 -15.338446430084673 8.025198393721155
761 6408.61350440979 4.926057360072054e7 -46.910011558609504 -125.03466086754283 77.47070154511448 109.52786336748076 -64.57372732878113 -104.66615742515984 -6.58571425077821 128.65331185401794 196.1358978189362
762 6411.381976366043 4.913285197877207e7 -36.00597322337326 -105.54332636348906 72.02543438773283 90.33990283294432 -78.16561937905158 -97.36798493618966 -12.400745995580564 128.19312962958247 195.2883702649093
763 6414.401022434235 3.7199591884417996e7 -2.111015419621136 -7.5823848026729515 -24.207399983717345 4.43895075112907 -134.9487899563526 -124.85924984053139 -135.9105424931201 -14.495986275782172 9.29626395262352
766 6424.200870513916 3.714070819719113e7 -2.101853685056149 -7.573591795593726 -24.211049179721947 4.438012299865832 -134.94936193629974 -124.90218287288315 -135.98529824476776 -15.353264243404851 7.93035842840311
767 6427.164866685867 3.713986415921655e7 -2.104669615761228 -7.576270857491748 -24.20986854565988 4.438266594250479 -134.94922125541592 -124.9061080219235 -135.98700425441962 -15.371010281192412 7.914655942822833
768 6430.148575782776 3.714226348483734e7 -2.1036787081909587 -7.574678835268633 -24.210572800844155 4.437943344067037 -134.9494349582439 -124.90010877407786 -135.98153781081055 -15.32485249941982 7.962046678843365
769 6433.365600824356 5.0765460872094974e7 -55.72825596713172 -140.77230098110758 132.68053390559666 174.26805984468695 -29.289407668459912 -89.45969693638057 15.696287955257503 141.1354333638876 194.15741511009514
770 6436.80824971199 5.0769868887625754e7 -55.72630667552489 -140.77071948467784 132.67878733066803 174.26735215177018 -29.289851308767254 -89.45335421016836 15.719332862007036 141.18145682942634 194.2266981565449
771 6439.934546470642 3.7198097913873605e7 -2.1086532175200325 -7.580257468627524 -24.208072182288873 4.438589298760192 -134.94905903681854 -124.85414344293099 -135.89007496251895 -14.509774622450323 9.228227712436478
775 6453.0213878154755 3.714140634879963e7 -2.1023355290137182 -7.5737277474947415 -24.2110479660277 4.437991688408857 -134.94937175077976 -124.90167135924952 -135.98453932612875 -15.342276803564744 7.951771719263149
776 6456.0524978637695 3.714307783720125e7 -2.1034519402132013 -7.5752429233158 -24.210141790208667 4.438187188476945 -134.9492818342713 -124.89689767788889 -135.96997418889305 -15.310229658579942 7.961870054285782
777 6459.223664999008 3.714081279968911e7 -2.105359565402683 -7.576868977355378 -24.209643570230597 4.4383431922099135 -134.94916913593065 -124.90610909733402 -135.98697106414238 -15.356875725914733 7.941533393943473
778 6462.248575925827 3.7140092833328344e7 -2.1044281768514317 -7.575832938248693 -24.210055027951384 4.438184798215886 -134.94927048114218 -124.90546785506456 -135.98700425441962 -15.368634711902587 7.91891875773149
779 6465.410177707672 3.714008871115954e7 -2.104341933708646 -7.575986768280485 -24.209975402602986 4.438230210723972 -134.94924601182504 -124.90475811062532 -135.98941742845767 -15.36162010445372 7.923186126434359
780 6468.310173749924 3.714092007846522e7 -2.105864127628628 -7.577306422835553 -24.20947903918939 4.438399220709684 -134.94913101093746 -124.90646508442052 -135.98661036942366 -15.356123734288076 7.943572366099033
781 6471.345963478088 3.7141861704291e7 -2.10781734116075 -7.57973197831021 -24.20868662098647 4.438816130917104 -134.94882637344418 -124.9010373294696 -135.98221306973335 -15.342155842982322 7.920150037843541
782 6474.791361570358 3.736815390299472e7 -13.008349565249066 -27.067946055128687 -18.76524344500254 23.625518378863077 -121.35781842615873 -131.96865004842834 -129.58580761124762 -13.638346922217124 10.769004046635985
783 6493.420324802399 3.7551375407651864e7 -19.762770223393645 -39.13982405181316 -9.144440064559177 39.559144200830374 -109.26282956256702 -133.08748020085454 -119.16109176933088 -13.535247365744112 10.730345476751495
784 6511.612037658691 3.7953374346516885e7 -17.52395517966912 -35.143039139306296 0.11516698086474975 61.61998274704976 -100.19381260234493 -125.61061770552914 -122.83094713199313 -16.617476519565855 7.014494989205161
785 6530.210385322571 3.7981851308373064e7 -14.764386044503247 -30.206613606941335 10.924558564659343 45.897663135151205 -104.70007116114125 -117.75765077213998 -97.75750931021622 -13.523085415378318 11.043983187712456
786 6548.753153562546 3.827555056279217e7 -13.11131130567897 -27.250258860463973 21.712929743100638 47.10971552175714 -108.73850516730842 -117.80444631712476 -111.37591320182969 0.6392225314477287 11.580753581339422
787 6568.314505338669 4.887693117944024e7 -18.36280209208587 -74.0045758027171 56.96472163838366 55.219023752045175 -103.85263065703836 -88.88492771105149 -28.727145968185084 128.65635622106515 195.8999814989977
788 6571.499707460403 3.7973070936715774e7 -28.477110092863217 -54.67548103872612 5.58447697376252 80.81666163400368 -86.59615237795703 -133.06886395012612 -117.16285850178224 -17.749194204551543 5.077155802281652
789 6574.8476593494415 3.797302645728412e7 -28.477189127272023 -54.67553535042204 5.584556241856411 80.81668952059147 -86.59613523703736 -133.06902146923954 -117.16285850178224 -17.749442179987966 5.076742646790308
790 6594.714034080505 3.720026345124505e7 -2.111127469432457 -7.582437251823661 -24.206969011054134 4.438732820502679 -134.94901759943747 -124.86258054254216 -135.90288442105856 -14.495767779685366 9.251308557295602
794 6639.806219339371 3.714009785194771e7 -2.1045821404016714 -7.576077887656213 -24.209950828720466 4.4382272366758855 -134.94924526602202 -124.90530593118638 -135.98700425441962 -15.368429190582674 7.918843531251696
795 6643.084933280945 3.714015779068444e7 -2.104583935880896 -7.576203867958743 -24.209955074589423 4.438246760462434 -134.94922844377055 -124.90533269424691 -135.98953903723105 -15.360101412948666 7.92529068259978
796 6646.136419057846 3.7140051835105605e7 -2.1046676441597256 -7.576286227462351 -24.20987010422619 4.438279578067821 -134.94920965511895 -124.90525749364303 -135.98910784884782 -15.36113507333107 7.922495998943248
797 6648.963095903397 3.713995631776112e7 -2.104671526671698 -7.576255899798102 -24.209867027412315 4.438253961637557 -134.9492325420969 -124.90562297480699 -135.98700425441962 -15.370088777426645 7.916768484215368
798 6651.923762083054 3.713979934981149e7 -2.104669405112663 -7.576272967269745 -24.20986873432323 4.43826833841878 -134.94921969867355 -124.90668419591327 -135.98700425441962 -15.371889456065276 7.91338325531035
799 6654.839970111847 3.713995566811023e7 -2.104668772960128 -7.576279296394583 -24.20986930035393 4.438273570906503 -134.94921502845855 -124.90542320984855 -135.98910784884782 -15.362646306159888 7.92039144277777
800 6657.764654874802 5.07171448296392e7 -55.66996078824374 -140.7089441017742 132.6294036780612 174.2498597501509 -29.301115924343563 -89.54552256892339 15.54191449438622 140.58691314934458 193.0248828797986
801 6660.671581983566 5.071711179489006e7 -55.669968864939676 -140.70895178628368 132.62942049797113 174.24986392103546 -29.301113282443026 -89.54557731893226 15.54191449438622 140.58658382278406 193.02431549319908
802 6663.690660238266 3.7200145205866046e7 -2.1107596438995984 -7.581940095863915 -24.207186675831082 4.438647581767455 -134.94907243210102 -124.86306948831026 -135.90327852352885 -14.49766024686852 9.248195400623672
805 6672.685653448105 3.71400595657911e7 -2.104422145401287 -7.575972959012876 -24.21000763019407 4.43821588266934 -134.94925359019044 -124.90471099098903 -135.98910784884782 -15.361407065409026 7.922495998943248
806 6675.608316421509 3.7142442208985835e7 -2.1067105438287754 -7.578346274449695 -24.20914842403372 4.438577562045225 -134.94899955996007 -124.9054922654837 -135.99393776274553 -15.340917420916185 7.967213347804943
807 6678.491316318512 3.713984871059975e7 -2.1046674422251748 -7.576286451254298 -24.20990744550688 4.438250561337114 -134.94922936280443 -124.90665144947985 -135.98712586319294 -15.371205829059988 7.914655942822833
808 6681.404559135437 3.713981533513833e7 -2.1046868660111713 -7.576294173703733 -24.209858910300092 4.438272051800496 -134.94921729934313 -124.90674097158762 -135.98700425441962 -15.37172620783781 7.91338325531035
809 6684.562865018845 3.713982271277273e7 -2.104711083072118 -7.576408270848619 -24.209811790124093 4.43829598346521 -134.9492037936144 -124.90616872334414 -135.98700425441962 -15.371546615652846 7.91338325531035
810 6687.775479078293 3.7139877418398686e7 -2.104818817107322 -7.5764542710553435 -24.209784784145597 4.438300041000375 -134.94919921672485 -124.90627262080648 -135.98693674506632 -15.370845742937433 7.9160067640438
811 6690.64097905159 3.714002925253279e7 -2.1049345886603845 -7.5765947434369405 -24.20971974957029 4.438324603845047 -134.94918334643387 -124.90636073123943 -135.98724632467616 -15.369268700107568 7.918801447700332
812 6693.659080982208 3.7370255454705924e7 -13.010265864518267 -27.06963996726114 -18.76451860183814 23.625789119194025 -121.35763177458685 -131.96462137977034 -129.5817609093304 -13.62122950853427 10.829119335230814
813 6696.72901391983 3.755173336354259e7 -19.76223836057579 -39.1393297158149 -9.144739141882418 39.55904429335624 -109.26289600820596 -133.08838291331665 -119.15965368979937 -13.529010936352677 10.737206365877228
814 6715.561599493027 3.795945801701045e7 -17.529119129373193 -35.1473348819776 0.11762835989058829 61.620883517555924 -100.19321859383852 -125.61451010099938 -122.8645619526481 -16.619183178376034 7.1592855423361925
815 6734.420791149139 3.798175644357974e7 -14.765573441209487 -30.20763857185925 10.924977159497708 45.89780165103073 -104.69997625066496 -117.75766086373466 -97.7552039478598 -13.526027432408455 11.040623823910778
816 6753.474408626556 3.827531210514373e7 -13.11074689930582 -27.24972225868511 21.712695781669176 47.10963789940553 -108.73855647056104 -117.80366381228475 -111.37971631632445 0.6400283136474627 11.579262398924186
817 6757.198147535324 4.8876369741364636e7 -18.363474599431836 -74.0051557521743 56.96493434552233 55.219098199704476 -103.85257949422373 -88.88393690093505 -28.725844417096653 128.65033626446802 195.89096544522704
818 6760.628574371338 3.714303944056549e7 -2.102540240358376 -7.574072479584643 -24.210605860222422 4.43795631991064 -134.94944324788602 -124.90459174825747 -135.99795369467898 -15.328213415027335 7.9669282435784226
819 6781.365000247955 3.715599104734782e7 -2.0973724152203275 -7.568699534702752 -24.213551707372396 4.4373309228883215 -134.9497830851235 -124.87771248762715 -135.96443586434208 -15.19375462737429 8.32840162403528
820 6802.586313247681 3.719496617595541e7 -2.1126212863460907 -7.58316410136486 -24.206705876384426 4.438764989684202 -134.9490316225706 -124.89893362201536 -135.9858607112099 -14.653416112874197 9.174060460316184
821 6822.119291305542 3.7140153832778774e7 -2.104420724169703 -7.576287920275265 -24.209883085540305 4.438253636968426 -134.94923888503916 -124.90656048855362 -135.98783252231118 -15.368487643612639 7.922518828759166
825 6834.019654512405 3.714082316318153e7 -2.1036448366554517 -7.575227820870312 -24.210233973629435 4.438112143541218 -134.94933067382885 -124.90265774404872 -135.98036857768886 -15.352298976142777 7.920422716056464
826 6837.148102521896 3.713982695432309e7 -2.1045367432647453 -7.576127759672486 -24.209933708715063 4.438242350504254 -134.94923681160623 -124.90604569248086 -135.98700425441962 -15.371887442434229 7.91338325531035
827 6840.672370433807 3.7139813261233576e7 -2.1046741072907658 -7.576316769686995 -24.20985023723229 4.43827747563293 -134.94921466465382 -124.90616872334414 -135.98700425441962 -15.37154522983991 7.91338325531035
828 6843.559770822525 3.71407685670888e7 -2.10503943033369 -7.576504877733953 -24.20980571067114 4.438282238235303 -134.94921008918834 -124.90593153720158 -135.9866224247438 -15.357869872405956 7.939576956796657
829 6846.482068061829 3.713982470045802e7 -2.1044918471352148 -7.576123324919523 -24.209941632938786 4.438240519133217 -134.94923993687496 -124.90614486639936 -135.98700425441962 -15.371986048923247 7.91338325531035
830 6849.672631025314 3.713980965054725e7 -2.104662495661451 -7.576268429954837 -24.2098939180769 4.438257621104924 -134.94922562819897 -124.9068100990425 -135.98700425441962 -15.371862665257026 7.91338325531035
831 6852.743670940399 3.7139815692127e7 -2.1046869890763347 -7.57629221408841 -24.209860122225628 4.4382717830142155 -134.94921743041755 -124.90682152046014 -135.98700425441962 -15.371726754190036 7.91338325531035
832 6855.692419052124 3.737191586203713e7 -13.009668636622212 -27.069036816181857 -18.76480081773032 23.62568658372767 -121.35770229179431 -131.96047424435574 -129.5727973870383 -13.6024184721947 10.863868943422744
833 6858.5339012146 3.755168635046622e7 -19.762451335280844 -39.139570351964466 -9.144574419153933 39.559102206718805 -109.26285802466373 -133.08898040198306 -119.15965368979937 -13.529749416918207 10.73528652390047
834 6861.6031839847565 3.7959435580611266e7 -17.5291037239202 -35.14730447328813 0.11754306980356688 61.62085104973211 -100.1932384175367 -125.6131152464364 -122.86181230018337 -16.6178537744928 7.1564197087851085
835 6864.332556962967 3.798172937107939e7 -14.765496146386774 -30.207556873347826 10.924920621686937 45.89778336064384 -104.69998851125798 -117.75731094252825 -97.75519458697994 -13.525909175333823 11.040623823910835
836 6867.128442764282 3.8275630777512126e7 -13.11095815092736 -27.249970131073333 21.712820214871996 47.109682951790234 -108.73852721450616 -117.80540610002828 -111.3768618791454 0.6408586320898735 11.583843163679262
837 6870.170971870422 4.887634277223575e7 -18.36362372805683 -74.00531810511266 56.965019068587 55.21912869862139 -103.85255947938893 -88.8838055917501 -28.72581808817256 128.6495910140037 195.88979218102736
838 6873.143657684326 3.714298787390529e7 -2.1048118860249865 -7.576384766439041 -24.209813143117138 4.43828943837282 -134.94920380994475 -124.90489834438904 -135.97737325792576 -15.349064453549943 8.013863829337879
839 6876.49636554718 3.9293481662113704e7 -46.18474145656637 -86.37774145163417 61.09392808386333 139.4090648662321 -48.29876393287746 -126.72553976132167 -81.44793622929052 -1.7732043705956357 8.241848221512498
840 6879.437645673752 3.929340921952414e7 -46.184506912816815 -86.37756464495823 61.09358862212965 139.40894540786135 -48.298837887957454 -126.72520991103232 -81.44793473850763 -1.7738436139645728 8.24094275640715
841 6882.514561653137 3.714098926333544e7 -2.105625447181062 -7.577186613303661 -24.209551603153727 4.438345911811595 -134.94917485499434 -124.90618402444977 -135.98658312051862 -15.354430101916023 7.945849598895279
844 6891.334006786346 3.713982624450922e7 -2.1046447558733163 -7.576214860457879 -24.209892338675736 4.438256937695385 -134.94922682798887 -124.90621309652005 -135.98700425441962 -15.371915886492843 7.91338325531035
845 6909.261568069458 3.7139812245968856e7 -2.1046798797810347 -7.576304107348264 -24.209858114577372 4.438274492339431 -134.949215392035 -124.90655644615185 -135.98700425441962 -15.371661273583015 7.91338325531035
846 6927.92982172966 3.714106541457795e7 -2.104217644433618 -7.575824887737149 -24.210026380889303 4.438202086904582 -134.9492667284494 -124.90168530321893 -135.97980239945423 -15.348427063818349 7.927066250647329
847 6948.061376810074 3.7139842983949736e7 -2.104661150515721 -7.5762484260287835 -24.209877103638185 4.438263488535185 -134.9492230927206 -124.90601453233796 -135.98700425441962 -15.371928082393651 7.91338325531035
848 6968.179158210754 3.71398863804095e7 -2.104984850163639 -7.57659484366577 -24.209726727085076 4.438304761012432 -134.94919834849705 -124.90652584582176 -135.98700425441962 -15.370463177254123 7.916266211400568
849 6986.44668006897 3.713983691481794e7 -2.1046618178739678 -7.576250410583249 -24.209876426948178 4.4382638807858115 -134.94922281819868 -124.90595298272177 -135.98700425441962 -15.371924812009354 7.91338325531035
850 7005.314882278442 3.7139809797279485e7 -2.1046974412399884 -7.57631198947467 -24.209847288442297 4.438278832131388 -134.9492123050203 -124.90653233689085 -135.98700425441962 -15.371903151095466 7.91338325531035
851 7023.446954250336 3.755176663057062e7 -19.762461856366933 -39.1395859684557 -9.144547812293922 39.55911226348768 -109.26285098706165 -133.08836725098445 -119.1603382120507 -13.531462659737656 10.736238428146294
852 7042.473854064941 3.796181657932147e7 -17.528896981347977 -35.14706734331823 0.11740282439123462 61.62079223728314 -100.19327689343568 -125.61185334543876 -122.85649061273824 -16.58879994941384 7.202079416818663
853 7061.207782745361 3.798175718954307e7 -14.765575063568413 -30.207644312097393 10.924978253357047 45.89780264613165 -104.69997555238862 -117.75766086373471 -97.7552039478598 -13.526025251001386 11.040623823910835
854 7079.9463131427765 3.800237802299582e7 -28.434048541775592 -54.64006734401379 5.562559778117688 80.80824908248732 -86.60173353843646 -133.04999580719675 -117.15639831064249 -17.246175479697797 5.877364125264876
855 7099.284925699234 3.827561692556241e7 -13.110892925292138 -27.249894783446706 21.712783727393102 47.109668869321865 -108.73853653813245 -117.8050990710679 -111.3768618791454 0.6402476084833779 11.58287673023574
856 7117.217182636261 4.88763843757024e7 -18.363500729330305 -74.00520319327902 56.96494839994427 55.21910643032142 -103.85257391044614 -88.88386676031604 -28.725844417096653 128.6502796670611 195.89096544522704
858 7157.173694610596 5.060811712667379e7 -42.03177509718542 -116.31214790933939 138.0235707775808 139.35003673795154 -47.392787482830045 -74.78802318770084 33.983175006067086 143.03831749775725 197.20584404098713
859 7160.206713438034 5.097894058414781e7 -59.68958647849276 -147.87668610245055 153.08595987909305 174.47018000528027 -21.706910447489037 -82.94239363954142 50.80015123563999 144.15635876326587 198.2931974449756
860 7163.301532506943 3.714089932414865e7 -2.105359533031578 -7.5768357423456845 -24.209696336449113 4.438285813636554 -134.94921386386105 -124.90602926751711 -135.9863079840834 -15.356869992465079 7.942890684639224
863 7223.764497041702 3.713982017410987e7 -2.1046962293481464 -7.576310555207707 -24.209853415290766 4.4382742868201746 -134.94921602672025 -124.90642695506352 -135.98700425441962 -15.371378044645212 7.91338325531035
864 7226.891327857971 3.713980354743455e7 -2.1046293769986235 -7.576232358850573 -24.20988415886469 4.438263544136305 -134.94922285670543 -124.90631349153529 -135.98700425441962 -15.371900206840849 7.91338325531035
865 7230.154606819153 3.714003753700542e7 -2.1045362630149285 -7.576136547084859 -24.20993270637552 4.438253180751204 -134.94922805797256 -124.90518835260383 -135.98910784884782 -15.361449180037994 7.922495998943248
866 7233.443156719208 3.7139860958463736e7 -2.104721855340042 -7.5763261778968385 -24.20984852304167 4.43827462057601 -134.94921556055618 -124.90650585327325 -135.98700425441962 -15.370977449272857 7.914655942822833
867 7236.423358678818 3.713980828002416e7 -2.104859680539441 -7.576467521764258 -24.209801216817837 4.438298469016999 -134.94919815093442 -124.90679628356872 -135.98700425441962 -15.371701207100955 7.91338325531035
868 7239.298834562302 3.713993453331231e7 -2.1045765893131367 -7.576214414240127 -24.20988489596435 4.438264631545593 -134.94922225347864 -124.90647039103038 -135.98731383402946 -15.370369613749347 7.916177938966996
869 7242.333133459091 3.713980010549597e7 -2.1046564015515763 -7.576259775195041 -24.209873745161886 4.438266780961982 -134.94922072457905 -124.90644620589501 -135.98700425441962 -15.371893054020518 7.91338325531035
870 7245.214968442917 3.73711876795107e7 -13.009604805877462 -27.068980536369914 -18.76482321254681 23.625683143765187 -121.35770410544369 -131.9639327911018 -129.5790885194283 -13.611430234183103 10.840826697361763
871 7248.244936704636 3.7632824675257355e7 -30.66750347655088 -58.63240306914416 -3.699479362560183 58.74653538919905 -95.67133086580779 -140.67783498034743 -113.73518383808613 -13.830099515780034 10.668072465625869
872 7251.254474878311 3.79594578741555e7 -17.528941142860635 -35.147127756680504 0.11744241572601055 61.62080900752541 -100.19326584660126 -125.61449841170474 -122.86400117621719 -16.61864075659804 7.159479185519103
873 7254.2252197265625 3.7981749804366946e7 -14.76558581627631 -30.207650930678547 10.924982131744962 45.89780311735868 -104.69997527999081 -117.75778561425858 -97.7552039478598 -13.52627288604316 11.040623823910835
874 7257.037546634674 3.8275625656303786e7 -13.11090841004106 -27.24991513679086 21.712790014196344 47.10967167474227 -108.73853463274084 -117.80540534004433 -111.3768618791454 0.6404225202737166 11.583157316925679
875 7259.792348623276 4.887637209060215e7 -18.36343937656116 -74.00512279391967 56.964926289846176 55.21909581831436 -103.85258111494107 -88.88378832091655 -28.725815356529324 128.6503809766615 195.89096544522704
876 7262.9675097465515 3.8929689434174135e7 -47.847278737310425 -89.34201581316844 50.31993440461303 138.2020766214044 -44.25720708572572 -127.01305176104802 -68.46867591071623 -16.795391877813245 6.534051100784268
877 7266.2074019908905 3.893387102819619e7 -47.847982337328204 -89.34255475762295 50.320429846653944 138.2022524111252 -44.257080614448846 -127.00485506907518 -68.45930486330491 -16.73575975690511 6.618271160197082
878 7269.269723176956 3.713997594198196e7 -2.1044988128693767 -7.576064613631244 -24.2099637485926 4.43822949507927 -134.94924509127875 -124.90512300641228 -135.98910784884782 -15.362860202490083 7.92039144277777
882 7281.846522331238 3.7139813440168634e7 -2.104564723133297 -7.5761660952061085 -24.209906348683674 4.438252383599377 -134.9492309973892 -124.9062406214561 -135.98700425441962 -15.371966883267248 7.91338325531035
883 7284.90461230278 3.713995201108674e7 -2.1045857925416485 -7.576190818815613 -24.209904417251096 4.438259374295498 -134.94922495132215 -124.9053549517572 -135.98910784884782 -15.36249558504511 7.92039144277777
884 7287.8861610889435 3.7139799217440024e7 -2.104656048579635 -7.576255593217015 -24.20987598935489 4.438265993616241 -134.94922104289037 -124.90668419591327 -135.98700425441962 -15.37189103553311 7.91338325531035
885 7290.827336072922 3.713994689578586e7 -2.10461597895749 -7.576203471033006 -24.209897754451475 4.438258959207573 -134.94922507554145 -124.90558060831262 -135.98910784884782 -15.362729462578613 7.92039144277777
886 7293.67816901207 3.925564756627817e7 -46.192835643054366 -86.38398243520308 61.107116578471725 139.4136124151653 -48.29593543548235 -126.8086880060871 -81.58832442017325 -2.3203931746696185 7.410331543376685
887 7296.694905757904 3.925564774512065e7 -46.19283179849808 -86.38398041146895 61.10711488794188 139.4136119018566 -48.29593582932448 -126.8086880060871 -81.58832442017325 -2.3203922398355985 7.410331543376685
888 7316.033504962921 3.713997107840018e7 -2.1045039472919065 -7.576071489086207 -24.20995859953174 4.438231711792724 -134.94924372292434 -124.90505058102156 -135.98910784884782 -15.362737893761789 7.92039144277777
891 7370.454108476639 3.714004615615297e7 -2.1044063045554466 -7.576004135217586 -24.209977729887072 4.43823398390488 -134.94924180666064 -124.90480047309075 -135.98910784884782 -15.361545695570214 7.922495998943248
892 7389.954449415207 3.713982102821384e7 -2.104560644036134 -7.576152918815723 -24.20991239652477 4.438249722947106 -134.94923244011653 -124.9062406214561 -135.98700425441962 -15.371961194538585 7.91338325531035
893 7393.367772102356 3.7139827366699025e7 -2.104527641714281 -7.576119045258073 -24.209924119113715 4.438243822958299 -134.94923714967354 -124.90592194265673 -135.98700425441962 -15.371992946943351 7.91338325531035
894 7396.469265222549 3.7139813327031225e7 -2.1045599522466 -7.576161035860684 -24.20991079514276 4.438250513009962 -134.94923213006672 -124.9062406214561 -135.98700425441962 -15.371967776657641 7.91338325531035
895 7416.600520849228 3.7139813898979776e7 -2.1045456395815876 -7.5761458578198315 -24.209924134519234 4.4382449012411485 -134.9492355281008 -124.90630974891093 -135.98700425441962 -15.372106286475969 7.91338325531035
897 7456.124417304993 3.803069078979649e7 -25.669522598628618 -49.69860490821195 16.36907808298305 65.08510466227654 -91.10846072688096 -125.19722623296997 -92.03960493285905 -14.40274833435268 10.221784341061039
898 7459.486406326294 3.803069078996982e7 -25.66952259597441 -49.6986049125874 16.369078087737712 65.08510466409572 -91.10846072595136 -125.19722623296997 -92.03960493285905 -14.402748336427408 10.221784341061039
899 7462.6549463272095 3.7139974850385755e7 -2.104440906025914 -7.576006984328689 -24.20998338802425 4.438220751878774 -134.9492513853328 -124.9049047226282 -135.98910784884782 -15.362900708340192 7.92039144277777
902 7471.7395350933075 3.7139811369270675e7 -2.1045352318966764 -7.5761253637813635 -24.20993344464855 4.438241038580145 -134.94923777723386 -124.90630974891093 -135.98700425441962 -15.372104136886549 7.91338325531035
903 7474.994740009308 3.71398554533484e7 -2.104504008823305 -7.576063881630768 -24.20996137503333 4.438229450596168 -134.94924452463536 -124.9062469133487 -135.98700425441962 -15.37172138711901 7.914034434310167
904 7478.340342998505 3.929719731379089e7 -46.19225072296531 -86.38348024184064 61.102434225324465 139.41201162757233 -48.29679516160162 -126.71167195421697 -81.42007480844944 -1.6656504198314792 8.27682265371243
905 7481.470861911774 3.929719716284286e7 -46.192251132669 -86.38348681440216 61.102433771227986 139.4120121956526 -48.29679496098416 -126.71167195421697 -81.42007480844944 -1.6656501326089028 8.27682265371243
906 7484.318214893341 3.71399693426895e7 -2.104421533906521 -7.575988051649995 -24.20999205587799 4.438217298036932 -134.94925364449037 -124.90500511764344 -135.98910784884782 -15.362902323909452 7.92039144277777
910 7497.516422986984 3.713981130975305e7 -2.104533427964398 -7.576123302017942 -24.209934309978834 4.438240745510768 -134.94923796175954 -124.90630974891093 -135.98700425441962 -15.372104595259088 7.91338325531035
911 7500.716933727264 3.713981392943205e7 -2.104528016167464 -7.5761171167272625 -24.209936905970103 4.438239866302368 -134.94923851533508 -124.90630974891099 -135.98700425441962 -15.372105833718535 7.91338325531035
912 7503.8716769218445 4.000397190620654e7 -69.75712750687734 -128.50659667933374 101.6831407310973 200.05922047589678 -4.455950504598931 -127.33940908076096 -38.06698630214112 -2.741028398441813 6.368846648295573
913 7506.712505817413 4.0003971906449266e7 -69.75712750619871 -128.506596679238 101.68314073419796 200.0592204766637 -4.455950504036636 -127.33940908076096 -38.06698630214112 -2.7410283981820385 6.368846648295573
914 7509.686216592789 3.713996717859102e7 -2.1043987592697917 -7.575966430542849 -24.21000321413254 4.438212881189173 -134.94925651398853 -124.90507216438738 -135.98910784884782 -15.362902115303768 7.92039144277777
917 7534.644909858704 3.714004429451002e7 -2.1043745865885164 -7.575960657076145 -24.210006285805832 4.438222315959905 -134.9492487475242 -124.90486960054562 -135.98910784884782 -15.361681303252908 7.922495998943248
918 7553.305752038956 3.713982504630743e7 -2.1044842309465785 -7.5760969093572825 -24.209940865881713 4.43823947543676 -134.94923953167708 -124.90589149917508 -135.98700425441962 -15.37178952266106 7.91338325531035
919 7571.712472915649 3.713980859219024e7 -2.104504071477656 -7.576091955711796 -24.209949752492598 4.438234276860115 -134.94924238203708 -124.90641935872526 -135.98700425441962 -15.372090521636153 7.91338325531035
920 7589.925670623779 3.7139817033170395e7 -2.1044322373682185 -7.576016472624575 -24.209988292062846 4.438217508530286 -134.9492539821466 -124.90635985487921 -135.98700425441962 -15.372043853105765 7.91338325531035
922 7627.560840129852 5.0313926517665684e7 -57.93305025975564 -144.7354557189466 123.39839546189873 152.19884076553842 -38.36396823456018 -97.44132592704517 18.483609835754805 143.2647153686272 197.32379257334162
923 7646.032500982285 5.0313926607189886e7 -57.93305394796329 -144.7354594342115 123.39839745035 152.1988412793854 -38.36396791666536 -97.44132592704517 18.483609835754805 143.26471571550485 197.32379257334162
924 7664.753121376038 3.713997783125216e7 -2.1043609598225856 -7.575927280520704 -24.210023457873945 4.438204592511795 -134.94926202131143 -124.904944537468 -135.98910784884782 -15.362886471071192 7.92039144277777
927 7721.277130126953 3.71398527001596e7 -2.104301108146842 -7.575879710171041 -24.21003844035063 4.43819751256612 -134.94926768012604 -124.90620088917825 -135.98700425441962 -15.371680478296241 7.914034434310167
928 7740.00642490387 3.713982569907297e7 -2.1044081205474363 -7.575991338442378 -24.210004919162394 4.4382101770435725 -134.94925907767097 -124.90639949392124 -135.98700425441962 -15.372006556569715 7.91338325531035
929 7759.795944452286 3.714000289271686e7 -2.1044546756776583 -7.576015850500331 -24.209994323217863 4.438215644721282 -134.949254524524 -124.90506006161831 -135.98910784884782 -15.362484163430793 7.9210426217775876
930 7779.136132478714 3.7139816950998716e7 -2.1044286474166896 -7.576016022935166 -24.209988939237277 4.438217314896889 -134.949254268411 -124.90635985487921 -135.98700425441962 -15.372043977753265 7.91338325531035
931 7782.056799411774 3.7139816778520785e7 -2.104417877555459 -7.576014673865227 -24.209990880763385 4.438216733996157 -134.94925512720457 -124.90635985487927 -135.98700425441962 -15.372044166478702 7.91338325531035
932 7785.029918432236 3.713981243098053e7 -2.1043855679137664 -7.576010626639755 -24.209996705364112 4.438214991287168 -134.949257703594 -124.90637781755521 -135.98700425441962 -15.372180702108722 7.91338325531035
933 7803.061032533646 3.713994232390331e7 -2.1042886384650075 -7.575998484824238 -24.210014179371335 4.438209763099152 -134.94926543283464 -124.90643782897786 -135.98740133392795 -15.370447539744418 7.916592944323554
934 7821.687104463577 3.864696618089104e7 -41.67249876782096 -78.30451278398579 42.22270901367054 101.41784703134628 -69.46066924351433 -133.4722358023892 -88.92705373286736 0.5000508717301386 10.764749228742517
935 7841.326197862625 3.864696619676735e7 -41.672499068600565 -78.3045135127955 42.22270952686343 101.41784720666988 -69.46066914464967 -133.4722358023892 -88.92705373286736 0.5000508534733967 10.76474922874246
936 7844.397693872452 3.7139817940371774e7 -2.104385963597508 -7.575955961427516 -24.21001539578669 4.438204877391755 -134.94926215314004 -124.90630243672712 -135.98700425441962 -15.372032410287488 7.91338325531035
937 7847.2052257061005 3.713986889838836e7 -2.10417791115848 -7.575724853939937 -24.210121213891632 4.43816015284041 -134.9492919368979 -124.90652926423581 -135.98706900342347 -15.371663837670724 7.914034434310167
941 7858.635162115097 3.713982092048112e7 -2.104341620717072 -7.575913140864424 -24.210039220445417 4.438195901433431 -134.94926826080263 -124.90630243672712 -135.98700425441962 -15.371998198062386 7.91338325531035
942 7861.6068551540375 3.713985411295398e7 -2.1043620614163423 -7.575912054828818 -24.21003428732753 4.438196881089965 -134.94926689810518 -124.90623960116494 -135.98700425441962 -15.371657385891126 7.914034434310167
943 7864.537522315979 3.713981768563247e7 -2.1043689394375136 -7.575940436999694 -24.21002176290346 4.438203432606002 -134.9492629970054 -124.90630243672712 -135.98700425441962 -15.372033957878045 7.91338325531035
944 7867.383856296539 3.7139962678008445e7 -2.104317866914858 -7.575893863672437 -24.210040864257664 4.438199098246727 -134.9492655286019 -124.90499057818545 -135.98910784884782 -15.362875455460426 7.92039144277777
945 7870.295551300049 3.73660419426095e7 -13.008869416626979 -27.068588822475128 -18.76505857542432 23.62569931413637 -121.35767660347031 -131.97610433399893 -129.604111188302 -13.662290875056215 10.73204619906329
946 7873.10228228569 3.73660314704268e7 -13.008891159778912 -27.06861103155176 -18.76505040232766 23.625702827862114 -121.35767411214172 -131.9762506658937 -129.604111188302 -13.662320316418914 10.73204619906329
947 7875.952302455902 3.7140000012668036e7 -2.1042205555769904 -7.575779703156364 -24.21010110664954 4.438171031339849 -134.94928501493948 -124.9049621621989 -135.98910784884782 -15.362419908714116 7.9210426217775876
950 7884.945827484131 3.713982069386337e7 -2.104355218710886 -7.5759241688875925 -24.2100338611719 4.438197815222949 -134.9492668643639 -124.90630243672712 -135.98700425441962 -15.371998583592017 7.91338325531035
951 7888.060417413712 3.713985711296745e7 -2.104328192403404 -7.575878095720924 -24.21005422083381 4.43818896846463 -134.94927229663523 -124.90623960116494 -135.98700425441962 -15.371622727804436 7.914034434310167
952 7891.211903333664 3.713982518459762e7 -2.104305217694396 -7.575890163743184 -24.21004538215943 4.438194541323796 -134.9492691868098 -124.90620328732768 -135.98700425441962 -15.372008484961952 7.913383255310464
953 7894.191890239716 3.713982087586035e7 -2.104344205821725 -7.575915237450889 -24.210038201580247 4.438196265258767 -134.94926799533374 -124.90630243672712 -135.98700425441962 -15.371998275574583 7.91338325531035
954 7897.01500916481 3.7140055295379736e7 -2.1041853323348434 -7.575753098145661 -24.210109733488444 4.4381778647387335 -134.94927880026682 -124.9048336430402 -135.98910784884782 -15.361519981785307 7.922495998943248
955 7900.421058177948 3.713982089961112e7 -2.1043428289738273 -7.5759141206225316 -24.210038744281896 4.438196071501736 -134.94926813669682 -124.90630243672712 -135.98700425441962 -15.371998234319392 7.91338325531035
956 7903.378298282623 3.713981760509426e7 -2.104326084838018 -7.5759015920665576 -24.21004223426273 4.438195120666123 -134.94926911673372 -124.90634412286886 -135.98700425441962 -15.372000748616927 7.91338325531035
957 7906.399945259094 3.714001272112512e7 -2.104279477168266 -7.575866945653493 -24.21005127572319 4.438192778360758 -134.94927168453177 -124.90496631184726 -135.98910784884782 -15.362457195037223 7.9210426217775876
959 7928.025010585785 3.8285686122428566e7 -46.09165883984312 -86.20313713826543 20.62782273880036 115.92905535426053 -60.915383651482784 -141.610734625212 -101.11280925816891 -17.208131182866282 6.21700036747643
960 7946.296189546585 3.8287115744862676e7 -46.092086691667944 -86.20344590291481 20.62796645454275 115.92912249481807 -60.91533609659708 -141.60867400838066 -101.10664599601307 -17.184093815138397 6.2618908926430095
961 7964.901619911194 3.7143054702328674e7 -2.104260011105012 -7.575802069800405 -24.210088863788258 4.438173135990539 -134.94928278744 -124.90409237066768 -135.97703027906152 -15.348270100123898 8.014382277240486
964 8005.483986377716 3.7139859396195315e7 -2.10430027754348 -7.575864438092307 -24.210056611016128 4.438188286439498 -134.94927298267038 -124.90614045176551 -135.98700425441962 -15.371628656310008 7.914034434310167
965 8008.787829399109 3.713997136326067e7 -2.104291857137465 -7.5758764796082545 -24.210051228541282 4.438193112562516 -134.94926995387777 -124.90498738948139 -135.98910784884782 -15.362846575885897 7.92039144277777
966 8029.116578102112 3.713983209827956e7 -2.104202465336293 -7.575785211371958 -24.210082206836987 4.4381787657266045 -134.9492803884503 -124.90653796128237 -135.98706900342347 -15.371996672722048 7.913383255310464
967 8050.236197471619 3.714022306596476e7 -2.1041893730474364 -7.575771513555678 -24.21009607395731 4.438182153083972 -134.94927583776442 -124.90457310004666 -135.98941742845767 -15.359635613702494 7.925941861599597
968 8068.697103500366 3.713994820054255e7 -2.1042809800500386 -7.575880484899722 -24.21004580893659 4.438194517913388 -134.9492694447727 -124.9061507910522 -135.98731383402946 -15.3705853913782 7.916177938966939
969 8071.996105670929 3.713982305151711e7 -2.1043168044524734 -7.575902031114072 -24.210040311960398 4.438195780400505 -134.94926852157545 -124.90620328732768 -135.98700425441962 -15.372004687563049 7.91338325531035
970 8075.332205533981 3.713982409926957e7 -2.104265344659293 -7.575880718082807 -24.21005418102701 4.438191982455891 -134.94927235530395 -124.90620647603168 -135.98700425441962 -15.3720113358724 7.91338325531035
971 8078.348617315292 3.713994737315547e7 -2.104145724916542 -7.5758523809389935 -24.210080577881342 4.4381843057768435 -134.9492818608753 -124.90657957438265 -135.98740133392795 -15.37069015728133 7.916592944323554
972 8081.333498239517 3.7368068580005355e7 -13.010686922611935 -27.07034540171145 -18.764296323164785 23.625869108253355 -121.35758288921197 -131.96911328699701 -129.59210824949815 -13.652228932390642 10.77871725533771
973 8084.4912922382355 3.803110637104322e7 -25.668966840235946 -49.69884727314125 16.36952102581906 65.08506645521386 -91.10855096951501 -125.20626844672796 -92.04547866318262 -14.407415508901124 10.242018592882062
974 8087.405234098434 3.713999271489066e7 -2.1042725504562725 -7.575867871853463 -24.210069540130213 4.438181100035692 -134.9492785201756 -124.90574676017087 -135.98731383402946 -15.370288003442454 7.916303992628684
978 8099.918563127518 3.714341571415486e7 -2.1040353920315553 -7.575600903612472 -24.210159261948647 4.438153146214319 -134.949296201987 -124.90296493220904 -135.9795082021035 -15.336268181153287 8.026289704529916
979 8102.986500263214 3.713997402610436e7 -2.1041394063242684 -7.575715647449922 -24.2101112900106 4.438169096043069 -134.9492863570248 -124.90538099298084 -135.98917259785168 -15.362824936763957 7.92039144277777
980 8105.949483156204 3.714005109259286e7 -2.1041020308514966 -7.57569405067623 -24.210125950639508 4.438172404622421 -134.94928345972298 -124.90468821100524 -135.98910784884782 -15.361536421924711 7.922495998943248
981 8109.1717829704285 3.714000525615532e7 -2.104245769704395 -7.575822549772605 -24.21007529635761 4.438185392179022 -134.94927449774528 -124.90489208207129 -135.98910784884782 -15.36246071287161 7.9210426217775876
982 8112.38992524147 3.714000655467069e7 -2.104174740167725 -7.575733848360336 -24.210107642551044 4.438169514506171 -134.94928596839878 -124.9054173068181 -135.98917259785168 -15.362436389910044 7.9210426217775876
983 8115.425149202347 3.713997283095451e7 -2.1040986060778124 -7.575709478387468 -24.210119320892183 4.4381668786884205 -134.94928949938202 -124.9053841816849 -135.98917259785168 -15.362828498860608 7.92039144277777
984 8118.249165296555 3.7139975361196294e7 -2.1041474248010488 -7.575746886424806 -24.210097535747018 4.438176016276799 -134.94928229200997 -124.90546318709522 -135.98917259785168 -15.362823913155012 7.92039144277777
985 8121.269857168198 3.7371990061051406e7 -13.0092702239096 -27.068625483975882 -18.764982363067254 23.625609774026117 -121.35775439872182 -131.9609053609949 -129.5727973870383 -13.601563128243924 10.865284399017867
986 8125.30149102211 3.7551911344767965e7 -19.762054709397937 -39.13920947051297 -9.144839113959534 39.55900245345639 -109.26292643457825 -133.08913143512092 -119.16103669474586 -13.528925762391168 10.739679806860067
987 8128.452404975891 3.7962013661668345e7 -17.528508267771173 -35.14664346794956 0.11731353393430766 61.62074518509782 -100.19331174363833 -125.61246639141973 -122.85867948877205 -16.587155611844366 7.209286263722561
988 8131.466008901596 3.798172933832666e7 -14.765126662547065 -30.20718590807398 10.924691914482061 45.89770222150118 -104.7000443937205 -117.7572219433381 -97.75531775880506 -13.52525579720475 11.040623823910835
989 8134.949298858643 3.827558177131098e7 -13.110519051204989 -27.249517657313717 21.712580804915717 47.109590697946416 -108.73859014928722 -117.80347191034463 -111.37933176789966 0.6443846952784043 11.58654244298532
990 8138.2396676540375 4.8876980855540276e7 -18.363091238656992 -74.0047712653602 56.96472923368593 55.21901955507764 -103.8526333629701 -88.88566824300148 -28.727957226825595 128.65534320442316 195.90750026417663
991 8141.6174058914185 3.7140945379535355e7 -2.103894206445794 -7.575470352402716 -24.210192681371957 4.438131438727055 -134.94931399352186 -124.9022689810136 -135.97980239945423 -15.350238021887378 7.92493642974506
992 8160.742132902145 5.0613265425148435e7 -42.02976592506528 -116.3093443455453 138.02210665346115 139.34990667626803 -47.39273910108001 -74.77929752622163 34.008919018702386 143.11467628850357 197.2778070719603
993 8180.058668613434 5.061332546455358e7 -42.02987980312355 -116.30947725464661 138.0222268737569 139.3499390215104 -47.39271852883407 -74.77908507057839 34.009762285958004 143.11629814030448 197.27935128738795
994 8199.578832864761 3.714308794238354e7 -2.104150846402195 -7.575702126416054 -24.210131727740098 4.438155749046544 -134.9492949897783 -124.90418096891108 -135.97709502806538 -15.348251803958249 8.014382277240486
997 8255.453202009201 3.714124760822307e7 -2.1040644900110905 -7.575641031438915 -24.21013865012256 4.438156664376962 -134.94929582945775 -124.90089360109056 -135.98190599388244 -15.33904119884886 7.934725617114452
998 8273.829245328903 3.713986564044664e7 -2.1041800260066523 -7.575741736144343 -24.210098622995872 4.438170547522205 -134.94928537991584 -124.90653405526496 -135.98706900342347 -15.371626184236845 7.914034434310167
999 8293.596512794495 3.713999977853443e7 -2.1042099077141323 -7.575790111425013 -24.210085297031753 4.438179108523713 -134.94927994956277 -124.90484579943569 -135.98910784884782 -15.362448900363972 7.9210426217775876
1000 8312.898359060287 3.7140089175987564e7 -2.1041613001872825 -7.5757590653160864 -24.21009350915581 4.438177087448722 -134.94928135987402 -124.90503033371544 -135.98941742845767 -15.361408961420693 7.923186126434359
1001 8332.423079252243 3.71400077920899e7 -2.104211731182012 -7.575791312256593 -24.210086053520627 4.438179192563879 -134.94927984202434 -124.90489300912645 -135.98910784884782 -15.362450070538728 7.9210426217775876
1002 8351.635703802109 3.713996358259142e7 -2.1041989609310328 -7.575779229717387 -24.21009524514016 4.438174796794513 -134.9492825365259 -124.90508282999093 -135.98910784884782 -15.3628248064839 7.92039144277777
1003 8370.87690615654 3.7139829174534574e7 -2.104198264619022 -7.575782445350697 -24.21008046329554 4.438178572189415 -134.94928063617886 -124.90659689082719 -135.98706900342347 -15.372002881288722 7.91338325531035
1004 8389.633647203445 3.7144438135550454e7 -2.1041856623394857 -7.5757741471614946 -24.210075232697 4.438177991566732 -134.9492813793711 -124.89987373712296 -135.97013800370604 -15.323039777976078 8.031355411084917
1006 8395.547728300095 4.991948023809401e7 -48.68251613493093 -128.20009485812776 107.16504873382362 131.79946550187728 -47.91697433167252 -90.24860575592567 25.73303788702708 129.4389571003328 197.27561766178417
1007 8416.054610729218 4.992022770372288e7 -48.682515590681035 -128.2001311815387 107.16516286062713 131.79948062931933 -47.91696764206681 -90.24755506999259 25.735481382191324 129.4478940205055 197.29550766354112
1008 8437.508123874664 3.714091481244563e7 -2.1051323763547423 -7.576643304891185 -24.209794160762442 4.438242403306646 -134.9492443016266 -124.9053702778063 -135.9863079840834 -15.356151057750253 7.943291088881892
1011 8461.475795030594 3.714106702426689e7 -2.1041019552850635 -7.575688944794061 -24.210122119506224 4.438162538111726 -134.9492921185215 -124.90204969763977 -135.97980239945423 -15.348564383318376 7.927066250647215
1012 8464.740303993225 3.71444333488691e7 -2.104045282835955 -7.57562071978005 -24.21012741109859 4.4381565618477055 -134.94929612511868 -124.90005707593889 -135.97013800370604 -15.323136602738145 8.03135541108486
1013 8467.959677934647 3.7139819693213195e7 -2.104113778825635 -7.5756995187404925 -24.21012745448688 4.43815993211247 -134.94929306196482 -124.90656760768326 -135.98706900342347 -15.37198969607249 7.91338325531035
1014 8471.007196903229 3.714130405713491e7 -2.103860321048831 -7.575450738540146 -24.21026842812867 4.438104011846349 -134.94933033935098 -124.9003610616328 -135.98202760265576 -15.33825838470085 7.935839124656866
1015 8474.01312994957 5.027272940653685e7 -47.02769353476328 -125.24233022150713 117.95269602406037 133.01129515668754 -51.955562366389 -90.12532459129801 12.494854951932325 144.0859332330058 198.5557121093816
1016 8476.905283212662 5.027272498976334e7 -47.027703316168534 -125.24233922579447 117.95270328165091 133.01129721211817 -51.95556099697389 -90.12531551027337 12.494854951932325 144.08593913263041 198.5557121093816
1017 8480.244534254074 3.714743568895615e7 -2.105856082895322 -7.577148328065704 -24.20948037355874 4.438347709026928 -134.94915990150128 -124.91233180521021 -135.9764709650384 -15.320980272386521 8.16622499719307
1021 8492.945379257202 3.714110504451676e7 -2.1036540164585418 -7.575237219940634 -24.210292952573496 4.438092093073365 -134.949341147712 -124.90095344070994 -135.98183893279372 -15.341121102187856 7.93194461721248
1022 8496.131625175476 3.714116571928424e7 -2.1040112114364113 -7.575580905308772 -24.210208950315092 4.438116821677369 -134.94932358568065 -124.90186948266546 -135.97992400822756 -15.347631234323785 7.9288640634978265
1023 8499.670953035355 3.714113452078416e7 -2.104131980860725 -7.575709309396073 -24.21012032569236 4.438159578911055 -134.9492933509272 -124.90208091731313 -135.97980239945423 -15.347657563193877 7.9288640634978265
1024 8502.759113073349 3.714111008879164e7 -2.104122922116865 -7.575704436811385 -24.210123873502383 4.43815975471756 -134.9492932070949 -124.90201933392547 -135.97980239945423 -15.34820814349166 7.927717429647032
1025 8505.740911006927 3.7141109334636554e7 -2.1041862471693236 -7.575809445643062 -24.21007522080175 4.438177819873502 -134.94928256152292 -124.90202418543788 -135.97992400822756 -15.347833273308993 7.928212884498009
1026 8508.695872068405 3.714114489714001e7 -2.104209585613951 -7.575778189087355 -24.210054848904257 4.438182860257314 -134.9492796168363 -124.90168483257384 -135.97980239945423 -15.347069265815435 7.929295277358847
1027 8512.03282213211 3.713993614626111e7 -2.1044704740318494 -7.57607710039334 -24.209965158827792 4.438204907585103 -134.9492665614416 -124.90613342626318 -135.98706900342347 -15.370565841369626 7.916266211400568
1028 8514.966820955276 3.7372004643347785e7 -13.009235302399844 -27.06859430171085 -18.76500287781819 23.625598238546715 -121.35776256425349 -131.9610808979557 -129.5727973870383 -13.60199182363209 10.864651638746636
1029 8518.00411605835 3.755169193042707e7 -19.762068556511814 -39.13923507817277 -9.14488236166951 39.5589803987649 -109.26294206723405 -133.08835539264555 -119.15965368979937 -13.530411455805222 10.734746230331154
1030 8521.601637840271 3.7962026693365775e7 -17.528352488565478 -35.14654895797426 0.11710730327984464 61.62067302205311 -100.19335631527844 -125.61239209943682 -122.85867948877205 -16.58691164749905 7.2095374828893455
1031 8524.560589790344 3.798175892696131e7 -14.765030626787773 -30.20709981005811 10.924628042256678 45.89768131192601 -104.70005858028273 -117.75713126928258 -97.7554770258443 -13.524852527263874 11.040623823910835
1032 8527.668523550034 3.8275596590651676e7 -13.110351663782446 -27.249347338810985 21.712469019964686 47.10955600295077 -108.7386126836154 -117.8034174592089 -111.37933176789966 0.6435873503020844 11.58572807109664
1033 8546.216685771942 4.886582318378917e7 -18.362841675756524 -74.00452912552666 56.96460236784368 55.21896973665632 -103.85266443383829 -88.8833713521675 -28.73356171177977 128.55918539650645 195.61108322966106
1034 8566.131648540497 3.7140278539365456e7 -2.104369177245708 -7.5759986740128475 -24.210026328146228 4.438226980542794 -134.94924309240056 -124.90517146975532 -135.98941742845767 -15.358357109652275 7.927739040764777
1035 8585.38025355339 3.905111676090535e7 -36.676244632919776 -69.37357806698937 62.29230857382858 107.7564740774287 -64.8978875532328 -118.00452173801642 -67.24538165508972 0.3732864569458343 10.733133034192974
1036 8603.433344125748 3.905111678098843e7 -36.67624440157803 -69.37357784603192 62.292308525168764 107.75647405522452 -64.89788756888396 -118.00452173801654 -67.24538165508972 0.37328664366742714 10.73313303419286
1037 8622.455573797226 3.713992021815115e7 -2.104924523417367 -7.576536408310917 -24.20972764243531 4.438315930153507 -134.9491900356466 -124.90611200546834 -135.98693674506632 -15.37029761221919 7.916768484215368
1040 8678.592814683914 3.7140990483739994e7 -2.103939987620027 -7.575523420058161 -24.21017909865236 4.43813641115355 -134.94931024368822 -124.90236619081821 -135.97980239945423 -15.349864711071177 7.925587608744877
1041 8681.711265802383 3.713982071163695e7 -2.10409784343328 -7.575682989132085 -24.210135087378767 4.438156935477636 -134.94929509851312 -124.90656760768326 -135.98706900342347 -15.37198410521944 7.91338325531035
1042 8684.9996175766 3.714127769100681e7 -2.103937583375121 -7.575485020607413 -24.210224773723155 4.438120175244762 -134.94931906419708 -124.90042963575974 -135.98190599388244 -15.338800064720942 7.934725617114452
1043 8706.236763477325 3.7140037175172724e7 -2.104269603445996 -7.57586115391743 -24.210052816348565 4.438189234906034 -134.94927314739022 -124.90586124189576 -135.98731383402946 -15.369362904310321 7.918101805479182
1044 8727.397469520569 3.714009779877459e7 -2.103992218126635 -7.575576216592967 -24.210180662925673 4.438149803499968 -134.9492980489101 -124.90506845028222 -135.98917259785168 -15.361158161810692 7.923147177943008
1045 8746.302933454514 3.713982016869679e7 -2.1041066395011825 -7.575692113216421 -24.210130874053725 4.438158589627335 -134.94929397433202 -124.90656760768326 -135.98706900342347 -15.371986756052422 7.91338325531035
1046 8749.327189207077 3.714134106080892e7 -2.1040137346129058 -7.5756127623230345 -24.210162544965428 4.438147370867043 -134.94930161269042 -124.90074024545129 -135.98221557349234 -15.337976755524437 7.936869121771224
1047 8752.15605521202 3.737199479695021e7 -13.009172936659606 -27.068533499576983 -18.765031930607663 23.625588271914665 -121.35776931341465 -131.96128224858978 -129.5727973870383 -13.601612557009958 10.865284399017867
1048 8755.369060277939 3.755185148442472e7 -19.762003635418306 -39.139172281382386 -9.144879617209128 39.5589863510247 -109.26293757730595 -133.0890332045072 -119.16103669474586 -13.529445136432003 10.73823755591718
1049 8758.544319152832 3.796186570006774e7 -17.52852311661202 -35.14673075910435 0.11726252873319254 61.62073424806664 -100.19331717523815 -125.61262138490105 -122.85867948877205 -16.589232810673764 7.205960610899069
1050 8761.639567136765 3.7981750040940836e7 -14.765060631255903 -30.20712375245047 10.924656618779757 45.89768755880917 -104.70005422286198 -117.75722889906677 -97.7554770258443 -13.525169951820487 11.040623823910778
1051 8764.554119110107 3.827559498569659e7 -13.110346860298897 -27.24934318457939 21.712467982628702 47.109555629668606 -108.73861293603358 -117.80341139705183 -111.37933176789966 0.643601877132312 11.58572807109664
1052 8767.463657140732 4.887676611022723e7 -18.362956568437557 -74.00463719560281 56.964651153913685 55.21899313366744 -103.8526505448847 -88.88586748574988 -28.727957226825595 128.6526794081757 195.90268539163446
1053 8770.420022249222 3.7139833475665525e7 -2.1044575942903663 -7.576066200024794 -24.209992340660733 4.438213939709911 -134.94925667454288 -124.90623419651763 -135.98700425441962 -15.37145125697748 7.91338325531035
1055 8776.405308008194 3.714449749863989e7 -2.1031743786003645 -7.574685447387727 -24.210508054352978 4.438018471329428 -134.94938404592682 -124.89963875236327 -135.97351291305034 -15.31722295442745 8.035766745881915
1056 8779.80360198021 3.7144503679929666e7 -2.1031886113727367 -7.574696359643218 -24.210503402252904 4.438020081303534 -134.94938293776528 -124.89945374853687 -135.97351291305034 -15.317063043807536 8.035766745881915
1057 8784.086642980576 3.71399540267193e7 -2.104663359354646 -7.576236318790537 -24.209845351403523 4.438268011077199 -134.94922181794934 -124.90554368684349 -135.98700425441962 -15.369595104495318 7.91665794304356
1060 8793.577535629272 3.7141194725075945e7 -2.1040487409316064 -7.5756357680897874 -24.210157169537716 4.43814929803132 -134.94929997454568 -124.90107891050639 -135.98190599388244 -15.339666855345854 7.934074438114635
1061 8796.48296046257 3.7141249350616604e7 -2.1040661415528383 -7.575641462191353 -24.210150173676027 4.438151334797226 -134.94929857792206 -124.9007709642313 -135.98190599388244 -15.339032639690004 7.934725617114452
1062 8799.396576404572 3.714111328780916e7 -2.1041391305663524 -7.575730078411578 -24.210107071147007 4.438162701962227 -134.94929255963476 -124.90197648089293 -135.97980239945423 -15.347767011509006 7.928212884498009
1063 8802.315537452698 3.714121250538767e7 -2.104087998734858 -7.575674438164153 -24.210136662343267 4.438156905021174 -134.94929513848504 -124.90083379979353 -135.98190599388244 -15.339405426244355 7.934074438114635
1064 8805.4762403965 3.713982858275414e7 -2.104145361998331 -7.575730244937006 -24.210116173944137 4.438163640602312 -134.94929051801984 -124.90656760768326 -135.98706900342347 -15.371986901430489 7.91338325531035
1065 8808.459602594376 3.71399702087599e7 -2.1041761386360633 -7.575768130266658 -24.210104900518637 4.4381731127704 -134.94928343594586 -124.90495584468869 -135.98910784884782 -15.362832374693426 7.92039144277777
1066 8811.37697672844 3.7139945857401736e7 -2.104098531003743 -7.575691024154677 -24.210129509882634 4.438159580535157 -134.94929330431955 -124.9064182621226 -135.98737858303332 -15.370565568976076 7.916177938966939
1067 8814.494727611542 3.7371947252873056e7 -13.009233055176086 -27.068595714629765 -18.76500412468623 23.625598905055142 -121.357762090318 -131.96105845836058 -129.5727973870383 -13.602412900780223 10.863868943422744
1068 8817.398555517197 3.755186102014639e7 -19.762019569587675 -39.139185118400206 -9.14487192562207 39.55898843367986 -109.26293610835016 -133.0890332045072 -119.16103669474586 -13.529432838858384 10.73823755591718
1069 8821.044526576996 3.79620145056672e7 -17.52820462173887 -35.14640359073072 0.11703551333419426 61.62064502761119 -100.19337505519363 -125.61360154027409 -122.85835755063505 -16.586186758949395 7.211029863936801
1070 8825.226168632507 3.798165373179612e7 -14.765211896609646 -30.207270714377948 10.924700648382299 45.89770251297544 -104.7000439956658 -117.75691601382584 -97.75496619710106 -13.525382246368963 11.037903834647523
1071 8844.227025985718 3.8275595192742355e7 -13.110349075840954 -27.249345495885954 21.71246924536841 47.109556096860985 -108.73861261938366 -117.80341139705183 -111.37933176789966 0.6436046776083231 11.585728071096469
1072 8863.325671195984 4.887674450130048e7 -18.362908557346778 -74.00458792751473 56.964637158384 55.218986823790004 -103.85265487633689 -88.88632179992737 -28.730186462846234 128.65180453396715 195.900248012941
1073 8881.60016798973 3.713982089666706e7 -2.104127649294142 -7.575706733391909 -24.210125847421452 4.438160144769839 -134.94929291655154 -124.90656760768326 -135.98706900342347 -15.37198421539506 7.91338325531035
1074 8885.174552202225 3.971274505777894e7 -52.10137866663275 -96.94513769864987 86.62006671723165 164.9392049313198 -30.141798397122955 -118.77051292795352 -54.287395925703095 -3.0005048752271364 5.9907664225631265
1075 8888.308083295822 3.97127450586865e7 -52.10137903306597 -96.94513846279949 86.62006703173125 164.9392050773576 -30.14179831083472 -118.77051292795352 -54.287395925703095 -3.0005048682481856 5.9907664225631265
1076 8908.230159521103 3.713987723725595e7 -2.1043179120845217 -7.575909515845588 -24.210035416653554 4.438196017071192 -134.94926878661292 -124.90599874477118 -135.98700425441962 -15.371142809873163 7.914655942822833
1080 8957.182890892029 3.714105808735396e7 -2.1040743882757447 -7.57565896403106 -24.210141530938806 4.438153811131244 -134.94929741191433 -124.90221507908052 -135.97980239945423 -15.348582493071376 7.927066250647215
1081 8960.677103757858 3.7139822577978946e7 -2.1041046274612754 -7.575689993730123 -24.210134425172498 4.438156652292534 -134.94929538361916 -124.90641062605397 -135.98706900342347 -15.371973071369439 7.91338325531035
1082 8963.584541797638 3.713985595904665e7 -2.1041113672907663 -7.575692886221097 -24.210130342110944 4.43815857428163 -134.94929385629123 -124.90650477212102 -135.98706900342347 -15.371614133821424 7.914034434310167
1083 8967.177637815475 3.713981970282092e7 -2.1041420805539275 -7.575729094832962 -24.21011429821472 4.438163166247833 -134.9492912353576 -124.90656760768326 -135.98706900342347 -15.371989491741829 7.91338325531035
1084 8970.075824975967 3.713981970079054e7 -2.10410919048433 -7.575695358956363 -24.210129200426188 4.438159368986078 -134.94929344758367 -124.90656760768326 -135.98706900342347 -15.371989534895704 7.913383255310464
1085 8973.108142852783 3.713982035362998e7 -2.1041189229979125 -7.5757014963154905 -24.210127522498546 4.4381597499999685 -134.94929318555177 -124.90656760768326 -135.98706900342347 -15.371986623774774 7.91338325531035
1086 8976.31993174553 3.713982083878836e7 -2.1041170387007213 -7.575696768209747 -24.210127569975185 4.438159827953299 -134.9492928326399 -124.90656441897926 -135.98706900342347 -15.371986336640646 7.91338325531035
1087 8979.431823730469 3.76345711646752e7 -30.667150935080784 -58.63209053273077 -3.6997436939979735 58.74642915397965 -95.67140394590916 -140.67646182583547 -113.73490292675655 -13.809867355310814 10.703728792688366
1088 8982.446821928024 3.7961960281450056e7 -17.52836939457326 -35.1465464501969 0.1171457193598684 61.62068565268754 -100.19334851893295 -125.61251367483305 -122.85867948877205 -16.587629589916105 7.208277569837662
1089 8985.414438962936 3.798175774008743e7 -14.765038041435446 -30.207101408748848 10.924639331920957 45.89768221992844 -104.70005790968474 -117.7572348788513 -97.7554770258443 -13.52517316277465 11.040623823910778
1090 8988.74119591713 3.827559428566518e7 -13.110354146707976 -27.24935013445457 21.712471092702685 47.10955670876285 -108.73861220000771 -117.80341139705178 -111.37933176789966 0.643607235696436 11.58572807109664
1091 8991.689504861832 4.887677455759976e7 -18.362929048790377 -74.00460935932158 56.9646417358417 55.21898894940672 -103.85265340580355 -88.88586748574988 -28.727957226825595 128.6527019931948 195.90268539163446
1092 8995.294339895248 4.9102557494347095e7 -29.26804491464242 -93.49750213942637 62.409763881769216 74.40642747499979 -90.26112274300813 -95.9499410075793 -22.285314706349823 130.23029921642387 198.77687738569375
1093 8998.22188782692 3.713982066109891e7 -2.104117180665849 -7.57570396887469 -24.210122651070826 4.438162545347154 -134.94929119568422 -124.90660007953124 -135.98706900342347 -15.372007501699045 7.91338325531035
1094 9001.22316980362 3.737179920512883e7 -13.008980317094952 -27.068373362478837 -18.765100382892008 23.625546489660934 -121.35780200187867 -131.96189837910498 -129.5737323940636 -13.604949585054896 10.861161203812458
1095 9004.24771785736 3.737178556744062e7 -13.009089287659336 -27.068450649387934 -18.765047603223458 23.625568520401472 -121.3577881377004 -131.96141858596695 -129.5737323940636 -13.604925053849797 10.861161203812458
1096 9007.193390130997 3.7139829471340805e7 -2.1041731603077594 -7.575754596913237 -24.210108144943312 4.438165954615414 -134.94928889200824 -124.90656760768326 -135.98706900342347 -15.37198208984995 7.91338325531035
1099 9016.674861192703 3.7141066575762436e7 -2.1040897789747355 -7.575674104616439 -24.210136862160248 4.438156208433938 -134.9492956163291 -124.90204969763977 -135.97980239945423 -15.34857293245932 7.927066250647329
1100 9019.811413288116 3.7139966333265014e7 -2.10408931573561 -7.575675797868257 -24.210137154399334 4.43815708336578 -134.94929488846893 -124.90535170983702 -135.98917259785168 -15.3628246166042 7.92039144277777
1101 9022.82071518898 3.713981967341761e7 -2.1041118344727074 -7.575695615394787 -24.210129083055634 4.438159161896962 -134.94929353232754 -124.90656760768326 -135.98706900342347 -15.371989769695972 7.91338325531035
1102 9025.749126195908 3.713985588142012e7 -2.1041060014137045 -7.575683905356453 -24.210133968761696 4.438156851250341 -134.94929494341443 -124.90650477212102 -135.98706900342347 -15.371614390199 7.914034434310167
1104 9047.610503673553 3.965923867582051e7 -41.1955584870493 -77.45158830800983 81.17471828059793 145.75166883892678 -43.733391623255216 -111.31473510256626 -59.952318357653155 -2.374298967612276 6.8271154550164965
1105 9066.267010688782 3.9659238672946826e7 -41.195558338559266 -77.45158819688716 81.17471805024223 145.75166875898273 -43.73339167089629 -111.31473510256626 -59.952318357653155 -2.3742989446632805 6.8271154550164965
1106 9084.434536457062 3.7139832334132425e7 -2.1041960909305324 -7.575784305665998 -24.21009433389603 4.438171705889275 -134.94928513291305 -124.9065135980648 -135.98706900342347 -15.371993040245798 7.91338325531035
1109 9143.371275901794 3.7141066327801615e7 -2.10409293154402 -7.575677545507801 -24.210135332649017 4.438156419947546 -134.94929555465714 -124.90204969763977 -135.97980239945423 -15.348574107616741 7.927066250647215
1110 9161.526771306992 3.713985630213415e7 -2.1041097448026953 -7.575689452802498 -24.210131645723237 4.438158029130804 -134.9492942042072 -124.90650477212102 -135.98706900342347 -15.371612204110704 7.914034434310167
1111 9181.286794662476 3.713985597687524e7 -2.1041063698053293 -7.575688321478838 -24.210131783286414 4.438158110713985 -134.9492941707686 -124.90650477212102 -135.98706900342347 -15.371613726521105 7.914034434310167
1112 9200.005072593689 3.713981969067859e7 -2.104107534369369 -7.575690403773576 -24.210132088437774 4.43815794737435 -134.94929426042268 -124.90656760768326 -135.98706900342347 -15.37198955778473 7.91338325531035
1113 9219.234756946564 3.713981968482411e7 -2.104110106302276 -7.5756933087313545 -24.21012993698917 4.438158829465493 -134.9492937342312 -124.90656760768326 -135.98706900342347 -15.371989629659993 7.91338325531035
1114 9237.392359018326 3.713981972541059e7 -2.1041086686059707 -7.575695327621506 -24.21012854415477 4.438159647051037 -134.94929326424884 -124.90656760768326 -135.98706900342347 -15.371989131386783 7.91338325531035
1115 9256.041575670242 3.713982114604629e7 -2.104108394104607 -7.575692738778134 -24.21013194640517 4.4381577775461665 -134.9492945493489 -124.90656760768326 -135.98706900342347 -15.371981375435382 7.91338325531035
1116 9274.923217773438 3.737194679038489e7 -13.009226439779347 -27.06858758085363 -18.765007304338894 23.62559765009277 -121.35776290630928 -131.9610601480236 -129.5727973870383 -13.602416857155788 10.863868943422744
1117 9277.883103847504 3.7551850742022075e7 -19.761997141340498 -39.13916490779957 -9.144884652070786 39.55898437747783 -109.26293890015542 -133.0890332045072 -119.16103669474586 -13.529453071920955 10.738237555917237
1118 9281.085943698883 3.796196018073576e7 -17.528362214447583 -35.14654069542304 0.11714113175090546 61.6206839638444 -100.19334965949277 -125.61251367483311 -122.85867948877205 -16.587629256041907 7.208277569837662
1119 9301.327645540237 3.798175772284161e7 -14.765032308273991 -30.207092589670467 10.92463557601166 45.89768069143568 -104.70005884817033 -117.7572348788513 -97.7554770258443 -13.525174553044167 11.040623823910835
1120 9323.610056877136 3.8275612693363085e7 -13.110372626652605 -27.249366739439083 21.712477155006226 47.109559063999086 -108.73861049809112 -117.80349446759897 -111.37933176789966 0.6440949059910963 11.586674045132952
1121 9341.911504507065 4.887676761231743e7 -18.362940507711027 -74.00461944047869 56.96464183928255 55.21898962634569 -103.85265289582699 -88.88597253500262 -28.727957226825595 128.65269561759771 195.90268539163446
1122 9345.16551733017 3.991426276791785e7 -58.853396374083516 -109.01510389212461 96.23973164112579 180.87242485450298 -18.04708225311981 -119.96747682742915 -43.867782862624324 -2.934958621950443 6.635630633581513
1123 9348.309819221497 3.9914287506194346e7 -58.8534421585439 -109.0151411825401 96.23977736792759 180.87244058079375 -18.047071697993182 -119.96718506258276 -43.867782862624324 -2.93484754323606 6.635764555809374
1124 9351.309162139893 3.713982981054725e7 -2.104135533551311 -7.575719079724898 -24.2101221563874 4.438161282950077 -134.94929208392924 -124.90656760768326 -135.98706900342347 -15.37197976741038 7.91338325531035
1128 9363.080724954605 3.713981953789811e7 -2.104101681087897 -7.575685311508572 -24.210132679056983 4.438157612283888 -134.94929463750753 -124.90656760768326 -135.98706900342347 -15.371990847135692 7.91338325531035
1129 9365.884140014648 3.7141058019897394e7 -2.1040712209147827 -7.575654399831389 -24.21014346706623 4.438152963442462 -134.94929795304915 -124.90221507908052 -135.97980239945423 -15.348582821802495 7.927066250647329
1130 9368.811466217041 5.0750095612511754e7 -52.93554210743105 -135.8028438961141 143.4671192101079 158.5373590988762 -33.80119684174722 -81.86175373025236 40.259453282942104 143.64101707896873 197.61162086569914
1131 9371.802156209946 5.075032956755123e7 -52.935301399177376 -135.80260977762072 143.46703573660346 158.53732354297006 -33.80122204199501 -81.86141978715432 40.2584442625963 143.64197695664473 197.61687456762274
1132 9375.159753084183 3.71398298080293e7 -2.104134378260035 -7.575717533964363 -24.210122691561267 4.438161012688184 -134.9492922669945 -124.90656760768326 -135.98706900342347 -15.371980004927536 7.91338325531035
1135 9384.455714941025 3.7141059413173154e7 -2.1040797556285504 -7.575662459886489 -24.210140856286294 4.438154171862735 -134.9492970503964 -124.90216562120236 -135.97980239945423 -15.348577658211923 7.927066250647329
1136 9387.388940811157 3.7139805193422884e7 -2.104091910652482 -7.575675737995672 -24.210136704024677 4.438156511866865 -134.9492953193428 -124.90735287026189 -135.9919791075485 -15.371841399355617 7.9018695936405265
1137 9390.618674993515 3.714121965380321e7 -2.1040625993334174 -7.575647017443588 -24.21014877892913 4.43815321061561 -134.9492973648492 -124.90083379979353 -135.98190599388244 -15.339407835239172 7.934074438114635
1138 9393.827368974686 3.863492262786947e7 -41.095126222594914 -77.27148064004297 40.697477164384836 122.26781459756394 -56.35247319866848 -126.15485229444255 -79.54346389029052 -18.160486218275594 4.613527950665457
1139 9396.832858085632 3.8634922474460244e7 -41.09512853754415 -77.2714826854517 40.697478105515394 122.26781496786995 -56.35247293338058 -126.15489314456283 -79.54346389029052 -18.160486540656564 4.613527950665457
1140 9399.95959019661 3.713986574912406e7 -2.104159478319364 -7.575741265062911 -24.210113755744736 4.438163719688205 -134.9492904089103 -124.90650477212102 -135.98706900342347 -15.371605978917898 7.914034434310167
1144 9412.093493461609 3.714106291305105e7 -2.1040508530135504 -7.575633641926029 -24.210151480429694 4.4381501693882655 -134.94929981719895 -124.90229973948738 -135.97980239945423 -15.348589507977692 7.927066250647215
1145 9415.103321552277 3.713980268562572e7 -2.1041071000921647 -7.575692276450177 -24.210129303497133 4.4381584798133815 -134.94929418975778 -124.90735287026189 -135.9919791075485 -15.371841487227925 7.9018695936405265
1146 9435.068646907806 3.713980520791963e7 -2.104089921308706 -7.575674346711342 -24.21013725089334 4.438156413308619 -134.94929539253764 -124.90735287026189 -135.9919791075485 -15.371841454360094 7.9018695936405265
1147 9453.747980356216 3.713980580863257e7 -2.1040920524253046 -7.575675079516575 -24.210137680634034 4.438155872460868 -134.9492957666901 -124.90735287026189 -135.9919791075485 -15.371837666850524 7.901869593640583
1148 9471.415089130402 3.713994971120684e7 -2.1040914883711217 -7.575675314734783 -24.21013702283198 4.438156474087336 -134.94929535220518 -124.90613697241565 -135.9940827019767 -15.36267454989877 7.908877781107947
1149 9489.51037979126 3.713980520360972e7 -2.104089680641991 -7.575673910408387 -24.210137934369072 4.438156091243542 -134.94929557946395 -124.90735287026189 -135.9919791075485 -15.371841438006697 7.9018695936405265
1150 9507.449588775635 3.7139805207972005e7 -2.1040881662625495 -7.575673895380271 -24.210137647461195 4.43815629903014 -134.9492955307927 -124.90735287026189 -135.9919791075485 -15.371841454554158 7.901869593640583
1151 9525.741974592209 3.7371998454588585e7 -13.00919768166115 -27.06856103288861 -18.76501759161345 23.625594393680174 -121.3577651198629 -131.96110235606238 -129.5727973870383 -13.60161575108981 10.865284399017867
1152 9544.089031457901 3.755190130678154e7 -19.761980834850597 -39.13915002533213 -9.144894705292828 39.55898106658475 -109.26294114882084 -133.08883628664057 -119.16103669474586 -13.528769292822005 10.739679806859897
1153 9563.119674444199 3.798174184631704e7 -14.765016118138398 -30.20707748684234 10.92463022304564 45.897678803784984 -104.70006016190823 -117.7572348788513 -97.7554770258443 -13.525181538865525 11.040623823910778
1154 9583.01132941246 3.8275600231668405e7 -13.110329255979241 -27.24932330545552 21.71246043534397 47.109552793597274 -108.73861479146885 -117.80341139705183 -111.37933176789966 0.6435840956289098 11.58572807109664
1155 9603.089042901993 4.910255568531638e7 -29.268039918613972 -93.49749478531199 62.40975183616041 74.40642494026045 -90.26112433598185 -95.94997535261842 -22.285314706349823 130.23028994015397 198.77687738569387
1156 9622.810868024826 4.956658667575967e7 -11.976945699125832 -62.58966280399481 76.30937853038188 111.24145634834625 -69.89422383543793 -71.52346212911692 -20.56020405885681 126.4085917145452 193.58065941085647
1157 9641.851331949234 3.714000236924963e7 -2.104088937638892 -7.575669234896342 -24.210139070368015 4.438155883310131 -134.94929554409586 -124.90528887427479 -135.98917259785168 -15.362450560807986 7.9210426217775876
1158 9662.484812021255 5.02686855192872e7 -24.638249536616293 -85.2214888920971 111.44408461415637 152.70096025102657 -39.64499174297578 -64.6500086251869 17.27686820534882 126.39603193553705 193.6706401583075
1159 9681.734962940216 5.026856238908081e7 -24.638243561972647 -85.22147760469173 111.44405759088716 152.70095491362804 -39.644994878691456 -64.65031544706625 17.27686820534882 126.39419810879713 193.66746049447613
1160 9684.524397850037 3.713985621736633e7 -2.1041142889689475 -7.575696380507326 -24.21012971247442 4.438158420707865 -134.9492940064375 -124.90650477212102 -135.98706900342347 -15.371612605817404 7.914034434310167
1163 9727.155452728271 3.7141058962074846e7 -2.1040706243574157 -7.57565402003384 -24.210144412127278 4.438153256882899 -134.9492976214039 -124.90216562120236 -135.97980239945423 -15.348579217219992 7.927066250647215
1164 9744.985415697098 3.7139955303736225e7 -2.104083025488201 -7.575666613568895 -24.21014056162454 4.4381554670006125 -134.94929594871985 -124.90613697241565 -135.9940827019767 -15.362675687593764 7.908877781107947
1165 9747.892436742783 3.713984145018172e7 -2.1040901344814564 -7.575671891463655 -24.210138340593097 4.438155759413988 -134.9492957693385 -124.90729003469966 -135.9919791075485 -15.371465908406833 7.902520772640287
1166 9750.7720246315 3.713980545768175e7 -2.104090752768794 -7.575674526608507 -24.210137424429462 4.438156136811074 -134.94929559222427 -124.90735287026189 -135.9919791075485 -15.371840025086215 7.9018695936405265
1167 9754.234014749527 3.7139802619283065e7 -2.1040914183115476 -7.5756751983697335 -24.210137059830146 4.438156310785999 -134.94929545108425 -124.90735287026183 -135.9919791075485 -15.371841850088629 7.9018695936405265
1168 9757.218284845352 3.7141065430008106e7 -2.104089941288475 -7.575673579491905 -24.210138127246246 4.438155707543345 -134.94929584630856 -124.90204969763977 -135.97980239945423 -15.34857275793405 7.927066250647329
1170 9763.665699720383 4.910213167390666e7 -29.267957672936593 -93.49744094815593 62.40985895404778 74.40644170619616 -90.26111558844984 -95.9508551478225 -22.28632441616952 130.22614389642456 198.76936763374806
1171 9766.715252876282 4.910213340787265e7 -29.2679813130725 -93.497463362816 62.40986194696665 74.40644308264108 -90.2611147136548 -95.9508551478225 -22.28632441616952 130.22615706523618 198.76936763374806
1172 9770.050745010376 3.713985604163106e7 -2.1041131873201344 -7.575695060679202 -24.210130077712485 4.43815827271284 -134.94929409760556 -124.90650477212102 -135.98706900342347 -15.371613545518358 7.914034434310167
1175 9778.873278141022 3.714105913749636e7 -2.1040693494068883 -7.575652726799047 -24.210145113933905 4.4381529158754915 -134.9492978749436 -124.90216562120236 -135.97980239945423 -15.34857801210211 7.927066250647329
1176 9781.907331466675 3.7141065724801466e7 -2.1040890922791853 -7.575672720136639 -24.21013800593795 4.43815577803511 -134.94929585001216 -124.90204969763977 -135.97980239945423 -15.348571178133966 7.927066250647329
1177 9784.781453609467 3.7141212659556754e7 -2.1040801994490295 -7.575663655293699 -24.210142039943378 4.438154776995091 -134.94929642915017 -124.90083379979353 -135.98190599388244 -15.339404632879507 7.934074438114635
1178 9787.742122650146 3.714106613140867e7 -2.1040886103669685 -7.575672272786603 -24.210138587101277 4.438155548634498 -134.9492960103668 -124.90204969763977 -135.97980239945423 -15.34856899246796 7.927066250647215
1179 9790.92341041565 3.714106583796949e7 -2.10409046718922 -7.5756737208267175 -24.21013771379573 4.438155882850921 -134.94929577611882 -124.90204969763977 -135.97980239945423 -15.348570617026212 7.927066250647329
1180 9793.869139432907 3.714106562360582e7 -2.104089531131976 -7.575673123353159 -24.210137108171857 4.438156103027865 -134.94929567522524 -124.90204969763977 -135.97980239945423 -15.348571746126368 7.927066250647329
1181 9796.787578344345 3.714106586860659e7 -2.1040892008608516 -7.57567354935146 -24.210137861624872 4.4381559303691205 -134.94929576798705 -124.90204969763977 -135.97980239945423 -15.348570370983339 7.927066250647329
1182 9799.79555940628 3.737199825231473e7 -13.009204853303714 -27.06856573511909 -18.76501595492268 23.62559452818374 -121.35776501724408 -131.96110235606238 -129.5727973870383 -13.601613238539642 10.865284399017867
1183 9803.174610376358 3.755190146928136e7 -19.76197825375914 -39.139147654209424 -9.144895827870073 39.55898072315625 -109.26294133807691 -133.08883628664057 -119.16103669474586 -13.52876790982208 10.739679806859954
1184 9806.280373334885 3.796201588413296e7 -17.528335662967486 -35.14651359288484 0.11712551861991471 61.62067780206857 -100.19335368210564 -125.61243374404808 -122.85867948877205 -16.586895407283862 7.2095374828893455
1185 9809.211019277573 3.798174118312814e7 -14.765012321898041 -30.20707364890856 10.924627722292854 45.8976777440148 -104.70006093096043 -117.75723487885136 -97.7554770258443 -13.52518408292309 11.040623823910835
1186 9812.249603271484 3.827560014020013e7 -13.110326981016524 -27.24932146116474 21.712459618035993 47.10955245798071 -108.7386150391466 -117.80341139705183 -111.37933176789966 0.6435824943371813 11.58572807109664
1187 9815.601640224457 4.8876536598776095e7 -18.36291930621037 -74.00459763857123 56.96463374587411 55.218986669427906 -103.85265487348738 -88.88666701284262 -28.730186462846234 128.649019629073 195.89543314039895
1188 9818.695779323578 3.7141066669663236e7 -2.1040872791171132 -7.5756708924465475 -24.210139585643866 4.4381550116436586 -134.94929641086839 -124.90204969763977 -135.97980239945423 -15.348566165136901 7.927066250647215
1189 9821.684390544891 3.9139963715619184e7 -24.38228501729906 -47.39787292587883 56.12238397463761 138.25282625381737 -49.093837342831364 -108.87553537701865 -86.83643013243693 -2.826541576977263 6.2344171927297225
1190 9840.10526585579 3.913997137459083e7 -24.382293052946938 -47.39787941535083 56.12238414939323 138.25282649957933 -49.093836723977724 -108.87544436677575 -86.83643013243693 -2.826547571266076 6.2344171927297225
1191 9858.864694833755 3.713981940593063e7 -2.1041020078520702 -7.57568659621457 -24.210132382701126 4.438157800630933 -134.94929451424372 -124.90656760768326 -135.98706900342347 -15.371991541307807 7.913383255310464
1195 9933.183473825455 3.714105907182827e7 -2.104069427877807 -7.575652668472266 -24.21014514221597 4.4381529085183615 -134.94929786533694 -124.9021656212023 -135.97980239945423 -15.34857835591913 7.927066250647215
1196 9950.968092918396 3.714106673322957e7 -2.1040869854465 -7.575671266813616 -24.21013827856084 4.438155255725505 -134.94929634587544 -124.90204969763977 -135.97980239945423 -15.348571648133202 7.927066250647215
1197 9968.889905691147 3.713980872703925e7 -2.1040896167046164 -7.575673415211607 -24.210138331562142 4.438155716227655 -134.94929586121305 -124.90735287026183 -135.9919791075485 -15.371840166143613 7.901869593640583
1198 9988.220257997513 3.713980298932247e7 -2.1040915447826727 -7.575674995840451 -24.21013729099976 4.438156138837542 -134.9492955971273 -124.90735287026189 -135.9919791075485 -15.371839821269248 7.9018695936405265
1199 10007.081679344177 3.713980545774033e7 -2.1040924794576057 -7.57567830963634 -24.210135781181563 4.438156875082569 -134.94929515528963 -124.90735287026183 -135.9919791075485 -15.371840037201878 7.9018695936405265
1200 10025.14637851715 3.713996697807481e7 -2.10409079980176 -7.575674333124169 -24.210138133481166 4.4381560121472745 -134.9492956264935 -124.90535170983702 -135.98917259785168 -15.36282131823674 7.92039144277777
1201 10044.4388589859 3.713981969339127e7 -2.104101971397803 -7.575685799460034 -24.21013263746302 4.438157575860956 -134.94929467326247 -124.90664974475993 -135.98706900342347 -15.371989969922026 7.91338325531035
1202 10064.046254634857 3.737194138028091e7 -13.009203996864933 -27.068564919044064 -18.76501619568578 23.62559433037943 -121.35776517561611 -131.9612389405471 -129.5727973870383 -13.602430871104161 10.863868943422744
1203 10082.339836597443 3.755190345677635e7 -19.76197782254771 -39.13914820267097 -9.144896610782354 39.55898035055071 -109.26294169277548 -133.08883628664057 -119.16103669474586 -13.528775033948023 10.739679806859897
1204 10085.910150527954 3.798175510646492e7 -14.765018483233888 -30.20707937052426 10.924630266379538 45.89767929442853 -104.70005969259785 -117.75723487885136 -97.7554770258443 -13.525176592981722 11.040623823910835
1205 10089.694036722183 3.7962016077868365e7 -17.528338157314465 -35.14651661965925 0.11712513777089839 61.62067778031161 -100.1933536456998 -125.61243374404808 -122.85867948877205 -16.586896653477197 7.2095374828893455
1206 10109.009319782257 3.827559995144753e7 -13.110326528052742 -27.249320980474064 21.712459365231588 47.10955234792962 -108.73861511772868 -117.80341139705178 -111.37933176789966 0.6435811153372697 11.58572807109664
1207 10128.575147151947 4.887676855704434e7 -18.36291762766363 -74.00459614397191 56.964633584080715 55.21898641206208 -103.85265511165792 -88.88597253500262 -28.727957226825595 128.65271705656914 195.90268539163446
1208 10147.057392120361 3.714001177960492e7 -2.1041143851501545 -7.57569606659832 -24.210130089908148 4.438159731285808 -134.94929286660494 -124.90528887427479 -135.98917259785168 -15.36244513951624 7.9210426217775876
1209 10150.071092128754 3.90629249744479e7 -39.43967925629153 -74.31303765129677 51.48487462263557 123.47952085020253 -60.39113831198101 -125.67999326665489 -92.05343710440297 -2.2477384769317723 7.338071683104715
1210 10153.29296207428 3.9062924926428564e7 -39.439679359945636 -74.31303777601599 51.48487483377491 123.47952094037885 -60.391138253359145 -125.67999326665489 -92.05343710440297 -2.247739057319677 7.338071683104715
1211 10156.343288898468 3.713980523462322e7 -2.104095735208162 -7.575680012484446 -24.210135253806094 4.438156793218141 -134.94929517344312 -124.90735287026183 -135.9919791075485 -15.371841127951825 7.901869593640583
1214 10165.490500926971 3.7141066280507036e7 -2.1040787252774322 -7.575661997255228 -24.210141744309112 4.438154449541855 -134.94929676433333 -124.90204969763977 -135.97980239945423 -15.348573725998676 7.927066250647215
1215 10168.715797901154 3.714106628897604e7 -2.1040814847099156 -7.575665215106461 -24.210140748468746 4.438154617647612 -134.9492966854262 -124.90204969763977 -135.97980239945423 -15.348573688311319 7.927066250647215
1216 10171.621411800385 3.713980546555193e7 -2.104090167171666 -7.575672925481575 -24.210138145194158 4.4381558050424275 -134.94929578518975 -124.90735287026189 -135.9919791075485 -15.371839929338933 7.901869593640583
1217 10174.481100797653 3.714106574323282e7 -2.104090624453125 -7.575674313946774 -24.210137115162716 4.438156023195205 -134.94929571987203 -124.90204969763977 -135.97980239945423 -15.3485711028124 7.927066250647215
1218 10177.598443746567 3.714106574452604e7 -2.1040862529278392 -7.5756702341683635 -24.21013897358508 4.438155543295551 -134.9492960214459 -124.90204969763977 -135.97980239945423 -15.348571095395528 7.927066250647215
1219 10180.857544898987 3.713980560172173e7 -2.1040902547465166 -7.575674018596237 -24.210137788010655 4.438155969102539 -134.94929571078293 -124.90735287026189 -135.9919791075485 -15.371839186178988 7.901869593640583
1220 10183.69166302681 3.714106593022104e7 -2.104089948551298 -7.575673532361341 -24.21013778345398 4.4381559856715285 -134.94929569733364 -124.90204969763977 -135.97980239945423 -15.348570059590315 7.927066250647215
1221 10186.47321176529 3.737199704368952e7 -13.009206128040965 -27.068567048028747 -18.76501549558379 23.625594678764116 -121.35776491447628 -131.96110235606238 -129.5727973870383 -13.601612643766657 10.865284399017867
1222 10189.569846868515 3.75519035160551e7 -19.761977309215105 -39.1391474671925 -9.144896733460463 39.5589803708408 -109.26294165535387 -133.08883628664057 -119.16103669474586 -13.52877413163668 10.739679806859897
1223 10192.653846740723 3.796201656699328e7 -17.528347551273818 -35.14652629878563 0.11712782752161388 61.620679005787466 -100.19335274187756 -125.61243374404808 -122.85867948877205 -16.586899953692978 7.2095374828893455
1224 10195.892135620117 3.798174186351388e7 -14.765015873647744 -30.207077514948843 10.924628716031854 45.89767839774463 -104.70006046537348 -117.7572348788513 -97.7554770258443 -13.52518046190113 11.040623823910835
1225 10199.352388620377 3.827559940346877e7 -13.110323641300603 -27.24931795522167 21.71245846841203 47.10955195968445 -108.73861538791239 -117.80341139705183 -111.37933176789966 0.6435769348026952 11.58572807109664
1226 10202.368778944016 4.8876768605233505e7 -18.36291694810476 -74.00459518261317 56.96463265132251 55.21898618886463 -103.85265521456323 -88.88597253500262 -28.727957226825595 128.65271461732198 195.90268539163446
1227 10205.359049081802 3.7139819666010365e7 -2.1040981032325625 -7.575682986203782 -24.21013406438051 4.438157593737259 -134.94929459408974 -124.90656760768326 -135.98706900342347 -15.3719898016343 7.91338325531035
1229 10211.366118907928 3.815369288644084e7 -10.612689043065139 -22.784786221088105 21.007354362662475 79.85844746582146 -79.81122015562758 -108.72000606154569 -87.41699743621604 -13.99545611992329 10.693735867497594
1230 10214.293279886246 3.815369288644084e7 -10.612689230436107 -22.784786940525898 21.007354655610385 79.85844760406727 -79.81122008006932 -108.72000606154569 -87.41699743621604 -13.99545611992329 10.693735867497594
1231 10217.308412075043 3.713980533175307e7 -2.1040968554070076 -7.575680412448147 -24.210135072918277 4.4381567578816 -134.94929518373414 -124.90735287026189 -135.9919791075485 -15.371840617758323 7.9018695936405265
1234 10241.975798606873 3.714106570671029e7 -2.104086836164363 -7.575670526603611 -24.21013881495064 4.438155526139099 -134.9492960291167 -124.90204969763977 -135.97980239945423 -15.34857131919506 7.927066250647329
1235 10261.632211446762 3.713980546024307e7 -2.1040904850950106 -7.575673849517342 -24.210137722242287 4.438155998613823 -134.94929567370866 -124.90735287026189 -135.9919791075485 -15.371840001597263 7.901869593640583
1236 10280.154417276382 3.7139808689148575e7 -2.1040916113434562 -7.575675402196142 -24.210136961618268 4.438156216409212 -134.9492955560687 -124.90735287026183 -135.9919791075485 -15.371840379695243 7.901869593640583
1237 10298.795496225357 3.7139802970499165e7 -2.104089853120815 -7.5756736069563395 -24.210137850526927 4.438155972911574 -134.9492957031016 -124.90735287026189 -135.9919791075485 -15.371839841971621 7.901869593640583
1238 10301.913692951202 3.7141066092065506e7 -2.1040871541767423 -7.575670847999888 -24.21013912881927 4.438155481212775 -134.9492960357339 -124.90204969763977 -135.97980239945423 -15.34856918939596 7.927066250647215
1239 10305.031105995178 3.828540282113057e7 -46.09142361007051 -86.2029526176001 20.62756704450399 115.9289693801365 -60.91545010071985 -141.61259832033448 -101.11284327991501 -17.213213319545616 6.2183515734861885
1240 10324.653878688812 5.038334218012642e7 -57.353287269167396 -143.69981166281622 121.87184541828653 173.04848983594178 -25.25593326826794 -89.73724951441886 28.636519021608933 125.91702272694943 192.17838946032248
1241 10344.546248674393 3.713980537663872e7 -2.1040964515786555 -7.575679991257305 -24.210135260909034 4.438156684328035 -134.94929523428775 -124.90735287026189 -135.9919791075485 -15.371840336560467 7.9018695936405265
1244 10369.801344871521 3.714107216028662e7 -2.1040856357893425 -7.5756692665917065 -24.210139408285094 4.438155310236937 -134.94929617163214 -124.90204969763977 -135.97980239945423 -15.348571079567535 7.927066250647215
1245 10372.7884247303 3.713995565880831e7 -2.1040865850213493 -7.575670282091311 -24.210139297776237 4.43815559855021 -134.9492959238872 -124.90613697241565 -135.9940827019767 -15.362673626974981 7.908877781107947
1246 10375.810014009476 3.713980297351302e7 -2.1040895193071947 -7.575672859847378 -24.21013817841291 4.438155825061898 -134.94929579066886 -124.90735287026183 -135.9919791075485 -15.371839820480147 7.901869593640583
1247 10379.09404540062 3.7139808739371836e7 -2.104089658726952 -7.575673442120827 -24.21013787464058 4.4381559600961396 -134.9492957137394 -124.90735287026189 -135.9919791075485 -15.371840086947941 7.901869593640583
1248 10382.064764499664 3.713980297924068e7 -2.1040897411267885 -7.5756734839813245 -24.21013800855623 4.438155907995238 -134.94929574088764 -124.90735287026189 -135.9919791075485 -15.3718397796369 7.901869593640583
1249 10384.942017555237 3.713980871960439e7 -2.1040897560469425 -7.575673414552369 -24.210137843672257 4.438155966373287 -134.94929570391332 -124.90735287026189 -135.9919791075485 -15.371840198423797 7.901869593640583
1250 10387.970363616943 3.737199838641146e7 -13.009202329831428 -27.068563239517545 -18.765017109904754 23.62559399710983 -121.35776539294706 -131.96110235606238 -129.5727973870383 -13.601613598078018 10.865284399017867
1251 10390.787893772125 3.737199835490596e7 -13.0092034766894 -27.06856417984423 -18.765016472061973 23.62559428129532 -121.35776519395415 -131.9611006663995 -129.5727973870383 -13.601614953301635 10.865284399017867
1252 10393.531436681747 3.7551901010771304e7 -19.761977383297058 -39.13914738450312 -9.144896656486587 39.55898038292308 -109.26294164028707 -133.08883628664057 -119.16103669474586 -13.528773638876544 10.739679806859783
1253 10396.521439552307 3.7962016064495884e7 -17.52833698445985 -35.14651545577817 0.1171246856852477 61.620677582787025 -100.19335378747687 -125.61243374404808 -122.85867948877205 -16.58689632494628 7.2095374828893455
1254 10400.276996612549 3.7981741741163895e7 -14.765014219714175 -30.207075840077668 10.924627746068168 45.89767808151703 -104.70006068328404 -117.7572348788513 -97.7554770258443 -13.525180843221221 11.040623823910948
1255 10403.239338874817 3.827559984185734e7 -13.11032553133618 -27.249319981039825 21.712458912379653 47.10955217700322 -108.73861523412486 -117.80341139705183 -111.37933176789966 0.6435801995450561 11.58572807109664
1256 10406.341882944107 4.910255846175451e7 -29.26802991335725 -93.49748535195255 62.40975371776075 74.40642438398116 -90.26112478047868 -95.94997535261842 -22.285314706349823 130.23028562161414 198.77687738569387
1258 10412.224996805191 5.1041764055386856e7 -73.35642653015212 -172.30546858342862 147.72487546761855 209.38117353821352 -3.6081433315675078 -97.79586142370829 32.277514162956436 141.26793082986217 193.6277856639099
1259 10415.418139696121 5.104176420595182e7 -73.3564260687959 -172.30546814540654 147.7248747289609 209.38117339748797 -3.6081434346770607 -97.79586142370829 32.277514162956436 141.26793200795476 193.6277856639099
1260 10418.41275858879 3.7141065834277846e7 -2.104090724650888 -7.575674025477538 -24.21013760150175 4.438155816577364 -134.9492958253595 -124.90204969763977 -135.97980239945423 -15.34857057340463 7.927066250647329
1263 10428.131455898285 3.714106585658082e7 -2.104087931750147 -7.575671640313262 -24.2101385216032 4.438155676642353 -134.9492959147172 -124.90204969763977 -135.97980239945423 -15.348570471161395 7.927066250647215
1264 10431.457003831863 3.714106601259031e7 -2.104088182761476 -7.575671926206322 -24.210138564483145 4.438155728422657 -134.94929586738428 -124.90204969763977 -135.97980239945423 -15.348569609430513 7.927066250647215
1265 10434.426120758057 3.7139808784490965e7 -2.104089412820347 -7.575672948812448 -24.2101381335179 4.438155857064842 -134.94929577483532 -124.90735287026189 -135.9919791075485 -15.371839832765318 7.901869593640583
1266 10437.843450784683 3.7139808785698056e7 -2.104091221977118 -7.575675011826339 -24.210137223758863 4.438156117841913 -134.94929562359715 -124.90735287026189 -135.9919791075485 -15.37183982614556 7.901869593640583
1267 10455.926545143127 3.71398029625586e7 -2.104089425716566 -7.5756732495761465 -24.21013798397911 4.438155931073396 -134.94929573134206 -124.90735287026189 -135.9919791075485 -15.371839890933984 7.901869593640583
1268 10474.186999320984 3.713980873736532e7 -2.104088143504228 -7.57567217743552 -24.21013838433558 4.438155805558964 -134.94929581606274 -124.90735287026183 -135.9919791075485 -15.371840037819823 7.901869593640583
1269 10492.327946662903 5.007643992508736e7 -40.274318497539085 -113.1711848553849 108.33237795482663 117.07782988302188 -64.05043794990091 -88.66589831509788 2.6724121965933705 144.25750187618792 197.98612477659208
1270 10510.908936738968 5.007645201902907e7 -40.27431659848581 -113.17118109491602 108.33235961301008 117.07782635685484 -64.0504401261189 -88.66583452269083 2.6724121965933705 144.25762767212905 197.98612477659208
1271 10529.061747789383 3.714106581790759e7 -2.104090281285046 -7.575673615587574 -24.21013775836694 4.438155768163497 -134.94929585681186 -124.90204969763977 -135.97980239945423 -15.348570656620723 7.927066250647215
1275 10574.758962392807 3.714121281491389e7 -2.1040861204567527 -7.575670139126146 -24.21013923753806 4.438155564747433 -134.9492959643975 -124.90083379979353 -135.98190599388244 -15.33940373957006 7.934074438114635
1276 10595.431819200516 3.71410657794567e7 -2.104086457803575 -7.5756705999619935 -24.21013884494071 4.43815557599261 -134.94929598719935 -124.90204969763977 -135.97980239945423 -15.348570841908554 7.927066250647215
1277 10598.43409538269 3.7139808870420285e7 -2.1040874997849315 -7.575671529135448 -24.210138792568053 4.438155617022588 -134.949295949852 -124.90735287026183 -135.9919791075485 -15.371839266044674 7.9018695936405265
1278 10601.599787473679 3.714106594081425e7 -2.1040878184141434 -7.5756716533149735 -24.21013859200555 4.438155709923279 -134.94929587590758 -124.90204969763977 -135.97980239945423 -15.348569945460952 7.927066250647329
1279 10605.031047344208 3.7141065930077024e7 -2.1040878088699806 -7.575671922293479 -24.210138471724015 4.438155766040381 -134.94929584811106 -124.90204969763977 -135.97980239945423 -15.34857000511363 7.927066250647329
1280 10608.234223365784 3.714106593967392e7 -2.1040880674391254 -7.575672113258912 -24.210138344297754 4.438155818601743 -134.9492958115742 -124.90204969763977 -135.97980239945423 -15.348569951797003 7.927066250647215
1281 10611.411450147629 3.737199828714488e7 -13.00920413085068 -27.068565460177858 -18.765016186234135 23.625594420814082 -121.35776508991816 -131.96110235606238 -129.5727973870383 -13.601612352638426 10.865284399017867
1282 10614.73625612259 3.7371998444767796e7 -13.009201418147708 -27.068562407425134 -18.765017250119634 23.625593973074288 -121.3577654065757 -131.96110235606238 -129.5727973870383 -13.601614878660541 10.865284399017867
1283 10617.585999250412 3.755190094649169e7 -19.76197579465407 -39.139146180587396 -9.144897237519757 39.5589802140025 -109.26294175583499 -133.08883628664057 -119.16103669474586 -13.528774412345797 10.739679806859954
1284 10620.582466363907 3.796201603142806e7 -17.528335548250094 -35.146514388183675 0.11712388350473901 61.6206773020168 -100.19335396816537 -125.61243374404808 -122.85867948877205 -16.586896167411453 7.2095374828893455
1285 10623.772299289703 3.798174163809561e7 -14.765012005541468 -30.207073959542484 10.924627016550517 45.89767783959125 -104.70006085233841 -117.7572348788513 -97.7554770258443 -13.52518147594293 11.040623823910835
1286 10626.818583011627 3.827559972560371e7 -13.110323802341131 -27.249318520680582 21.7124583820019 47.10955200242165 -108.7386153521258 -117.80341139705183 -111.37933176789966 0.6435796906616815 11.58572807109664
1287 10629.753346920013 4.887653677511649e7 -18.362916747573344 -74.00459516424158 56.96463241128039 55.21898618856969 -103.85265519682852 -88.88666701284262 -28.730186462846234 128.64902183703077 195.89543314039895
1288 10632.913261890411 3.714106585178036e7 -2.1040842968672315 -7.57566896101342 -24.21013958540538 4.438155429015936 -134.949296070225 -124.90204969763977 -135.97980239945423 -15.348570361664713 7.927066250647329
1289 10635.925664901733 3.857646405713077e7 -30.768216952386247 -58.81279592981825 36.77771143583777 82.2303823181153 -83.05225684604827 -126.01420541757591 -94.54673293094862 0.703612601775319 11.303519740079082
1290 10638.7638027668 3.857646405713077e7 -30.768231936513295 -58.812811529945094 36.77771653094063 82.23038370604993 -83.05225604033008 -126.01420541757591 -94.54673293094862 0.703612601775319 11.303519740078968
1291 10642.481199741364 3.714106588444977e7 -2.1040896371600013 -7.575673129116524 -24.210138004802154 4.438155717433716 -134.94929588847438 -124.90204969763977 -135.97980239945423 -15.348570277013323 7.927066250647215
1294 10652.5276055336 3.714106581890134e7 -2.1040860761589713 -7.575670066147524 -24.21013912548328 4.438155489507352 -134.94929604020467 -124.90204969763977 -135.97980239945423 -15.348570648424982 7.927066250647215
1295 10655.419173717499 3.713995564395312e7 -2.1040864900512517 -7.575670483515493 -24.21013913891082 4.438155603291534 -134.94929593669417 -124.90613697241565 -135.9940827019767 -15.362673646317887 7.908877781107947
1296 10658.511601686478 3.713980888785727e7 -2.104087451215012 -7.575671489922254 -24.21013885149965 4.438155610693499 -134.9492959519255 -124.90735287026189 -135.9919791075485 -15.371839175283242 7.901869593640583
1297 10661.66304063797 3.7139808727133915e7 -2.1040879763669658 -7.575671804620406 -24.210138540069828 4.438155739158006 -134.94929585406425 -124.90735287026183 -135.9919791075485 -15.371840098539565 7.901869593640583
1298 10664.56540465355 3.713980869643971e7 -2.104087474954895 -7.575670686175238 -24.21013900727214 4.43815553995492 -134.94929596806801 -124.90735287026183 -135.9919791075485 -15.371840280698791 7.901869593640583
1299 10667.49363565445 3.713984487174632e7 -2.1040859707186 -7.575667330839529 -24.21014040887895 4.43815494234579 -134.94929631008105 -124.90729003469966 -135.9919791075485 -15.371465226806777 7.9025207726404005
1301 10689.825138568878 3.863423349400545e7 -41.094376647628266 -77.27080143867943 40.69700471958495 122.26763487318868 -56.35258973506191 -126.15541199830051 -79.54511396245101 -18.171286674520104 4.598948628665767
1302 10708.042256116867 3.863423352832127e7 -41.09437697359242 -77.27080165405165 40.69700480081795 122.26763490509802 -56.35258970919156 -126.15541199830051 -79.54511396245101 -18.171286611001392 4.598948628665767
1303 10726.586755990982 3.71410658115872e7 -2.1040883890287105 -7.575671995891682 -24.210138454604923 4.43815556934733 -134.9492959840925 -124.90204969763977 -135.97980239945423 -15.348570663706937 7.927066250647329
1306 10753.265280485153 3.713984496274708e7 -2.104086620233783 -7.57566881080138 -24.210139821497528 4.438155172819762 -134.9492961854718 -124.90729003469966 -135.9919791075485 -15.371464685937497 7.902520772640287
1307 10773.149688243866 3.714106572462087e7 -2.104085299853736 -7.575668577587978 -24.2101397329769 4.438155243457942 -134.9492961769721 -124.90204969763977 -135.97980239945423 -15.348571143192714 7.927066250647215
1308 10792.196305274963 3.713980899604561e7 -2.104086549807029 -7.575669800978325 -24.21013971120798 4.438155220359022 -134.9492961930085 -124.90735287026189 -135.9919791075485 -15.371838541253737 7.9018695936405265
1309 10795.029554367065 3.7141065938810356e7 -2.1040867647488923 -7.575669996909115 -24.210139296248173 4.4381554080253665 -134.94929607032523 -124.90204969763977 -135.97980239945423 -15.348569981435332 7.927066250647329
1310 10798.11152935028 3.7141065859270126e7 -2.104086202970656 -7.575669720231778 -24.210139307481967 4.438155440157999 -134.94929603869164 -124.90204969763977 -135.97980239945423 -15.348570340921356 7.927066250647215
1311 10801.226189374924 3.714106592540765e7 -2.1040872739136134 -7.5756704280828995 -24.21013910502461 4.43815549199023 -134.94929600274187 -124.90204969763977 -135.97980239945423 -15.348570036662181 7.927066250647215
1312 10804.163865566254 3.7139955590271756e7 -2.1040858805644262 -7.575669053489044 -24.21013972607402 4.43815535352563 -134.94929607791877 -124.90613697241565 -135.9940827019767 -15.362673965459692 7.908877781107947
1313 10807.095680475235 3.737199845713313e7 -13.009199650712624 -27.06855959438966 -18.765018633698666 23.625593395159 -121.35776576110764 -131.96110235606238 -129.5727973870383 -13.60161459258751 10.865284399017867
1314 10810.12777543068 3.755190345836529e7 -19.76197486150052 -39.13914447689788 -9.144898079120914 39.55897986286932 -109.26294197100096 -133.08883628664057 -119.16103669474586 -13.528774777670662 10.739679806859954
1315 10813.287878513336 3.796201602486928e7 -17.528334271406884 -35.14651214433603 0.1171228772995363 61.620676852943916 -100.1933542493561 -125.61243374404813 -122.85867948877205 -16.586895916336573 7.2095374828893455
1316 10816.23575925827 3.798174168783848e7 -14.765011675650772 -30.207072732552437 10.924626598482028 45.89767763328818 -104.70006095959984 -117.7572348788513 -97.7554770258443 -13.52518130636821 11.040623823910778
1317 10819.509016513824 3.8275599741914615e7 -13.110323176670963 -27.249317042595052 21.712457751128213 47.10955173427014 -108.73861550557862 -117.80341139705183 -111.37933176789966 0.6435798368220276 11.58572807109664
1318 10822.34139251709 4.887653683433862e7 -18.36291476001181 -74.00459303038922 56.964629771447356 55.21898560842989 -103.85265556905824 -88.88656196358988 -28.730186462846234 128.64902376118027 195.89543314039884
1319 10825.198015451431 3.713981944718705e7 -2.104092558288013 -7.575676704642804 -24.210136288346405 4.438156737993381 -134.94929515654172 -124.90664974475993 -135.98706900342347 -15.3719914085313 7.913383255310464
1320 10828.189060211182 3.7141072163441055e7 -2.104083584517415 -7.575666574174921 -24.21014063966952 4.438154753048167 -134.9492965174537 -124.90204969763977 -135.97980239945423 -15.348571001400785 7.927066250647215
1323 10837.677760124207 3.714106592835769e7 -2.1040862873930024 -7.575669361661731 -24.21013959577155 4.4381553443337225 -134.94929609059537 -124.90204969763977 -135.97980239945423 -15.34857001693797 7.927066250647215
1324 10840.475903272629 3.714106582648586e7 -2.1040864168282916 -7.575669694105004 -24.21013933014227 4.438155418279521 -134.9492960560696 -124.90204969763977 -135.97980239945423 -15.348570580344017 7.927066250647215
1325 10843.309266090393 3.713984495222433e7 -2.104087226061086 -7.575670041772508 -24.210139280312546 4.43815543215031 -134.94929602552676 -124.9072900346996 -135.9919791075485 -15.371464747909442 7.9025207726404005
1326 10846.247572183609 3.714106592973664e7 -2.1040872567684836 -7.575670339155698 -24.210139165162715 4.43815544990008 -134.9492960295673 -124.90204969763977 -135.97980239945423 -15.348570010397225 7.927066250647329
1327 10849.378089427948 3.713980884956444e7 -2.104087006406534 -7.575670282584117 -24.210139336110153 4.438155399640067 -134.94929606850334 -124.90735287026189 -135.9919791075485 -15.371839395351344 7.901869593640583
1328 10852.299679279327 3.713980870641731e7 -2.104087224930737 -7.575670416183765 -24.210139140593583 4.438155469993603 -134.9492960191383 -124.90735287026189 -135.9919791075485 -15.371840222593562 7.901869593640583
1329 10855.359929323196 3.7139808671874605e7 -2.104087094835247 -7.575670442076714 -24.210139075859722 4.438155523618462 -134.94929597929615 -124.90735287026183 -135.9919791075485 -15.371840389809279 7.901869593640583
1330 10858.16645026207 3.713980859817926e7 -2.1040859544766732 -7.575669709781151 -24.21013928162246 4.438155474608934 -134.94929601298125 -124.90735287026189 -135.9919791075485 -15.371840717140799 7.9018695936405265
1331 10861.536250591278 3.7139808377093285e7 -2.1040825334005895 -7.575667512894688 -24.210139898910917 4.438155327580347 -134.94929611403438 -124.90735287026189 -135.9919791075485 -15.371841699135757 7.901869593640583
1332 10864.359508514404 3.713993496845832e7 -2.1040722701715033 -7.575660922234464 -24.2101417507763 4.438154886494473 -134.94929641719497 -124.90732112845603 -135.99228868715835 -15.370415369010516 7.904664277297172
1334 10886.167512655258 3.920315318841197e7 -43.42913999256753 -81.44419628060837 71.91246051051917 123.68989694203078 -52.80302736447735 -119.25801018736342 -57.0699696431293 -0.11671239981575354 9.872118132140201
1335 10904.41976594925 3.9203153372525774e7 -43.42914158206605 -81.44419744170737 71.91246271269574 123.68989759468083 -52.80302688871214 -119.25813008162146 -57.0699696431293 -0.11671176307771702 9.872118132140315
1336 10922.850240707397 3.7141108323359445e7 -2.1040815088111096 -7.575664584481967 -24.2101413615952 4.438154507447777 -134.94929667101005 -124.90198686207759 -135.97980239945423 -15.348195911651771 7.927717429647146
1339 10980.074454307556 3.713984466695692e7 -2.104080820612147 -7.575665670053407 -24.210140687118027 4.43815501052822 -134.94929631990559 -124.90729003469966 -135.9919791075485 -15.371465898876636 7.902520772640287
1340 10999.013800621033 3.714106551129678e7 -2.104082030409156 -7.575666798817085 -24.210140120372927 4.4381552187873154 -134.94929618987078 -124.90204969763977 -135.97980239945423 -15.348572039363091 7.927066250647329
1341 11017.65875673294 3.7139808392271645e7 -2.104081677428418 -7.575666921156447 -24.210140148346333 4.438155241161468 -134.94929617720618 -124.90735287026189 -135.9919791075485 -15.371841564137412 7.9018695936405265
1342 11036.3029358387 3.71398083849627e7 -2.1040829104765812 -7.575668044554748 -24.210139658451922 4.438155377761817 -134.94929609107774 -124.90735287026183 -135.9919791075485 -15.37184162914457 7.901869593640583
1343 11056.088782548904 3.713980807790795e7 -2.1040790788029753 -7.575665354853832 -24.210140413553383 4.438155237391015 -134.94929617210622 -124.90735287026189 -135.9919791075485 -15.3718431002182 7.901869593640583
1344 11075.37214589119 3.713992865849358e7 -2.104068715009369 -7.575658880730689 -24.210141957481014 4.4381549668228075 -134.94929634632172 -124.90720352470123 -135.99228868715835 -15.370417935874968 7.904664277297059
1345 11094.571289539337 5.169834884423633e7 -86.01729771028354 -194.93683187039304 182.85959882587744 250.840682656444 26.641082627153086 -91.2338925153831 69.40455315801671 140.11673960391522 193.3627217760013
1346 11114.812069892883 5.169834884424826e7 -86.0172977166337 -194.93683187531423 182.85959883183187 250.8406826585311 26.641082628534125 -91.2338925153831 69.40455315801671 140.1167396071454 193.3627217760013
1347 11118.226640939713 3.714110810662934e7 -2.1040786850737376 -7.575662692542741 -24.210141867090385 4.4381543816089675 -134.94929675425635 -124.90198686207759 -135.97980239945423 -15.348196923466332 7.927717429647032
1351 11180.942198753357 3.713984433559325e7 -2.1040780704844693 -7.575663369350968 -24.210141258367933 4.438154858730897 -134.94929639818932 -124.90729003469966 -135.9919791075485 -15.371467544224231 7.902520772640287
1352 11183.91829776764 3.714106522493202e7 -2.1040778756145535 -7.575663681083576 -24.210141076681325 4.43815493550008 -134.9492963823762 -124.90204969763977 -135.97980239945423 -15.348573441459337 7.927066250647215
1353 11187.125230073929 3.713980838079813e7 -2.1040782178995023 -7.575664390515298 -24.210141137986255 4.438154900332492 -134.94929640950903 -124.90735287026189 -135.9919791075485 -15.371841366951628 7.9018695936405265
1354 11189.88937997818 3.713992893742481e7 -2.1040695752280065 -7.575659253001845 -24.21014214912711 4.438154846839836 -134.949296434941 -124.90720352470123 -135.99228868715835 -15.370416456956605 7.904664277297059
1355 11193.300358772278 3.714119240606194e7 -2.1040775779952057 -7.575664400105895 -24.21014071321094 4.438155134941823 -134.94929624521697 -124.9020146693685 -135.98011197906413 -15.347144278949145 7.929860934303861
1356 11196.223054885864 3.713980803896386e7 -2.104078640167863 -7.57566505732818 -24.21014047047081 4.438155219526607 -134.94929618389807 -124.90735287026183 -135.9919791075485 -15.371843278306642 7.901869593640583
1357 11199.218938827515 3.714119235995753e7 -2.1040773242622954 -7.57566416475116 -24.21014064122295 4.43815516593375 -134.94929621927417 -124.90201466936844 -135.98011197906413 -15.347144509085524 7.929860934303804
1358 11202.40702867508 3.8005525413650006e7 -28.43342394343411 -54.63938534113109 5.562235885808143 80.80811162738351 -86.60182609378084 -133.04728099719767 -117.15550634413313 -17.23906463237705 5.9287258139223695
1359 11205.238022565842 3.828552138918082e7 -46.091311563900106 -86.20286005518713 20.627475320831756 115.92893550122314 -60.915472362328174 -141.61371191026524 -101.11414325767913 -17.21255957216357 6.222113008668941
1360 11208.295228481293 3.714110167515907e7 -2.104080184063271 -7.575665233825594 -24.210140701057234 4.438154863644172 -134.94929643374545 -124.90198686207759 -135.97980239945423 -15.348196883656556 7.927717429647032
1364 11220.253407716751 3.714008241445907e7 -2.104075001379293 -7.57566144519056 -24.21014228745979 4.438154573226328 -134.9492966111406 -124.90610194414432 -135.99439228158656 -15.361246195736442 7.911672464764479
1365 11223.460777521133 3.714106546080498e7 -2.104076241436868 -7.575662348236614 -24.21014185939446 4.4381545908470486 -134.94929662929778 -124.90204969763977 -135.97980239945423 -15.348572153258772 7.927066250647329
1366 11226.396599531174 3.713980869141659e7 -2.1040774975501932 -7.575663565014224 -24.210141817730282 4.438154580087399 -134.94929663676004 -124.90735287026183 -135.9919791075485 -15.371839602197326 7.901869593640583
1367 11229.454140663147 3.71399350291738e7 -2.1040687298763885 -7.575658473594194 -24.210142774898834 4.438154549865132 -134.94929665163548 -124.90720352470123 -135.99228868715835 -15.370414841862043 7.904664277297059
1368 11232.567784786224 3.713997169199372e7 -2.1040749179309906 -7.575661846478974 -24.210141896631285 4.438154628074315 -134.94929659297446 -124.90725500642839 -135.99228868715835 -15.370037336131475 7.905315456296989
1369 11235.405185699463 3.713993550628429e7 -2.104077677560735 -7.575665499179809 -24.210140487789886 4.43815522854031 -134.94929622526382 -124.90731784199056 -135.99228868715835 -15.370412571113263 7.904664277297172
1370 11238.430680036545 3.7139808341494836e7 -2.1040776941446033 -7.575663898145509 -24.21014125910532 4.438154854143974 -134.94929643461506 -124.90735287026189 -135.9919791075485 -15.371841532361316 7.9018695936405265
1371 11241.24001288414 3.713997171731206e7 -2.1040761228802616 -7.575662421036354 -24.210141622462636 4.438154715578506 -134.94929650993384 -124.90725500642839 -135.99228868715835 -15.370037222872043 7.905315456296989
1372 11244.370854854584 3.892539865763491e7 -47.84714676981308 -89.34138645023629 50.31713043394199 138.20102331727298 -44.257765177813965 -127.00893373970365 -68.46400757459253 -16.794721049475925 6.4056062194140395
1373 11247.416022062302 3.892539865491206e7 -47.84714778290778 -89.34138715355631 50.31713110921159 138.2010235421207 -44.25776503918737 -127.00893373970365 -68.46400757459253 -16.794721006693578 6.4056062194140395
1374 11250.78360915184 3.714110164153267e7 -2.104077918649164 -7.575663562443713 -24.210141329099542 4.438154657002528 -134.94929657402187 -124.90198686207759 -135.97980239945423 -15.348196974105292 7.927717429647032
1377 11274.99699807167 3.714122908009933e7 -2.104072275757261 -7.5756587126545245 -24.210143470337236 4.438153998918082 -134.94929700287346 -124.90195183380627 -135.98011197906413 -15.346766483963279 7.930512113303621
1378 11294.195914030075 3.7141065987835355e7 -2.1040783126787623 -7.57566296776249 -24.210142231067515 4.438154282598148 -134.94929684047813 -124.90204969763977 -135.97980239945423 -15.348569516524037 7.927066250647329
1379 11312.746663570404 3.713980888810431e7 -2.1040750948566647 -7.575661675648924 -24.21014278417009 4.438154190320745 -134.94929691513573 -124.90735287026189 -135.9919791075485 -15.371838358682396 7.9018695936405265
1380 11331.088338851929 3.713995564878327e7 -2.104076733384108 -7.575662420863438 -24.210142418205976 4.438154415678227 -134.949296728757 -124.90613697241565 -135.9940827019767 -15.36267298717081 7.908877781107947
1381 11350.652314901352 3.7139935787344724e7 -2.1040758313295846 -7.575662549589536 -24.21014213242585 4.438154504823572 -134.94929668952597 -124.90731784199056 -135.99228868715835 -15.370410992799975 7.904664277297059
1382 11368.534457683563 3.714119288254273e7 -2.1040745912760883 -7.575661793961725 -24.210142222405437 4.438154515118711 -134.9492966834003 -124.9020146693685 -135.98011197906413 -15.34714173461822 7.929860934303861
1383 11386.842839956284 3.713980860810534e7 -2.1040764118300466 -7.575662927266906 -24.210141974743408 4.438154552928168 -134.9492966584265 -124.90735287026183 -135.9919791075485 -15.371839995753191 7.901869593640583
1384 11405.582751750946 3.714119279526613e7 -2.104073154669429 -7.5756610140249805 -24.21014244578285 4.438154471450503 -134.94929672342423 -124.9020146693685 -135.98011197906413 -15.347142171689313 7.929860934303861
1385 11425.156189918518 5.061374495604724e7 -42.03004964414787 -116.30962362178475 138.02197742609007 139.34990030060936 -47.3927425713208 -74.77763766628607 34.009762285958004 143.12216787404952 197.28918842150574
1386 11445.305612802505 5.061374495581398e7 -42.03004964831992 -116.30962363013347 138.0219774524743 139.3499003059547 -47.392742567983696 -74.77763766628607 34.009762285958004 143.12216787632224 197.28918842150574
1387 11464.786481142044 3.714122896703391e7 -2.104075964165741 -7.575662049961522 -24.21014205396957 4.438154376157499 -134.9492967713021 -124.90195183380627 -135.98011197906413 -15.346767161283651 7.930512113303621
1391 11525.533387422562 3.713984520412944e7 -2.10407473608257 -7.575660141468687 -24.21014351405912 4.438153836978003 -134.9492971239572 -124.90729003469966 -135.9919791075485 -15.371462513087124 7.902520772640287
1392 11528.712415456772 3.7141066017628424e7 -2.1040737272066643 -7.575660076456954 -24.210143392897457 4.4381538980968 -134.94929712600927 -124.90204969763977 -135.97980239945423 -15.34856919409333 7.927066250647215
1393 11549.365541934967 3.7141193518633045e7 -2.1040727813559315 -7.5756595845728185 -24.210143868261746 4.438153744071286 -134.9492972257778 -124.9020146693685 -135.98011197906413 -15.34713838514324 7.929860934303804
1394 11569.583712816238 3.713993558727194e7 -2.104065834162686 -7.5756558834110574 -24.21014440138687 4.438153817024869 -134.94929717438828 -124.90720352470123 -135.99228868715835 -15.37041156071109 7.904664277297172
1395 11587.791148900986 3.714119320775471e7 -2.1040739078390516 -7.575660728017786 -24.21014311446173 4.438154092671866 -134.94929697533786 -124.9020146693685 -135.98011197906413 -15.347140032318975 7.929860934303804
1396 11591.058191776276 3.71399360193701e7 -2.104075847559926 -7.575662676327152 -24.21014222190341 4.438154336115431 -134.9492968319512 -124.90731784199062 -135.99228868715835 -15.370409609724504 7.904664277297059
1397 11594.036048650742 3.713993607084466e7 -2.1040748745241338 -7.5756614167634275 -24.210142831018352 4.438154180025961 -134.9492969153573 -124.90731784199062 -135.99228868715835 -15.370409350185582 7.904664277297059
1398 11596.801060676575 3.737199892532876e7 -13.009189287148118 -27.068553493131837 -18.765021891503693 23.62559197625849 -121.35776677104832 -131.96122909921382 -129.5727973870383 -13.601608188113914 10.865284399017867
1399 11599.653713703156 3.7551902815903865e7 -19.761962396395486 -39.13913544793494 -9.144901792137318 39.558978548340306 -109.26294289134081 -133.08883628664057 -119.16103669474586 -13.528781209789429 10.739679806859954
1400 11602.776992559433 3.82756022175013e7 -13.110308575654212 -27.24930634015137 21.71245350294646 47.109550276947544 -108.73861651884192 -117.80329259642076 -111.37933176789966 0.6435829827481712 11.58572807109664
1401 11606.056825399399 3.796201574569265e7 -17.528321337917166 -35.14650308134741 0.11711898091417083 61.62067551859997 -100.1933551722826 -125.61243568325955 -122.85867948877205 -16.586894911692298 7.2095374828893455
1402 11608.98342037201 3.798174213565349e7 -14.76499929810026 -30.207064482376616 10.924619948648498 45.89767587949059 -104.70006220649157 -117.75731477741522 -97.7554770258443 -13.525178702960886 11.040623823910835
1403 11612.071382522583 4.887653300005329e7 -18.36290444225497 -74.00458540400496 56.96462677256723 55.218984366584905 -103.85265645258409 -88.88656196358988 -28.730186462846234 128.64902810910985 195.89543314039895
1404 11615.006831407547 3.714119389889572e7 -2.1040678867751446 -7.575656007552988 -24.21014568348982 4.438153021020369 -134.94929775026208 -124.90180308268879 -135.98011197906413 -15.347136308209883 7.929860934303804
1405 11618.176968336105 4.995036907376121e7 -29.36914906870483 -93.6782363872463 102.88721886402425 97.89037941031432 -77.64197673843944 -81.59124480945383 -3.6597567869091563 143.57185493575605 197.85244125392012
1406 11620.983713388443 4.995036906088834e7 -29.369149146782433 -93.67823646570969 102.88721882626123 97.89037941909457 -77.64197672946621 -81.59124480945377 -3.6597567869091563 143.57185509808585 197.85244125392023
1407 11623.95027756691 3.7141229017625846e7 -2.1040697029008726 -7.575657523673808 -24.21014388497273 4.438153745063815 -134.94929721097458 -124.90195512027168 -135.98011197906413 -15.346766767334941 7.930512113303621
1411 11636.147316932678 3.714119313198562e7 -2.104072046769989 -7.575658747392488 -24.21014379792357 4.438153773863235 -134.94929720631026 -124.90201466936844 -135.98011197906413 -15.347140488087746 7.929860934303861
1412 11639.233643054962 3.7141102381003916e7 -2.1040749451573717 -7.575660040961177 -24.210143569892317 4.4381538082975425 -134.94929713911728 -124.90198686207759 -135.97980239945423 -15.348193060567155 7.927717429647032
1413 11642.027620077133 3.714119272401041e7 -2.1040655105406927 -7.575655608327658 -24.210144464173673 4.43815380958759 -134.94929717877295 -124.90190035207911 -135.98011197906413 -15.347142372277744 7.929860934303861
1414 11644.968189954758 3.713980919273243e7 -2.1040743245755387 -7.575660801249349 -24.210143480797946 4.438153860249798 -134.94929715028698 -124.90735287026189 -135.9919791075485 -15.37183663277466 7.901869593640583
1415 11647.823745012283 3.714106611623079e7 -2.1040761153721803 -7.57566244626949 -24.21014253558804 4.438154272408468 -134.94929686309982 -124.90204969763977 -135.97980239945423 -15.34856865385973 7.927066250647329
1416 11650.823448896408 3.714106610816848e7 -2.1040756344692007 -7.5756621769106545 -24.210142649383478 4.4381542365893125 -134.94929689286712 -124.90204969763977 -135.97980239945423 -15.348568675668332 7.927066250647329
1417 11653.973761796951 3.7139808897576526e7 -2.1040770968999283 -7.575663624649529 -24.21014195683253 4.438154409277402 -134.94929678534663 -124.90735287026183 -135.9919791075485 -15.371838343407205 7.901869593640583
1418 11657.447327375412 3.7371998909353375e7 -13.009189628801746 -27.068553732729335 -18.765021793289336 23.625592018764024 -121.35776674270245 -131.96122909921377 -129.5727973870383 -13.601608289751482 10.865284399017867
1419 11660.3271214962 3.7551900273241445e7 -19.761961858853763 -39.13913496651014 -9.144901854331465 39.558978517300375 -109.2629429095344 -133.08883628664057 -119.16103669474586 -13.528781152954707 10.739679806859954
1420 11663.450383663177 3.79620158418574e7 -17.528322708885874 -35.146504110258256 0.11711936968806214 61.62067563311621 -100.1933551005263 -125.61243568325949 -122.85867948877205 -16.586895067532566 7.2095374828893455
1421 11682.071659564972 3.798174203526938e7 -14.765000921503049 -30.207065726438227 10.924620330328636 45.897675990685286 -104.70006213604654 -117.75731477741522 -97.7554770258443 -13.525178811840988 11.040623823910778
1422 11700.18591761589 3.827560223046256e7 -13.110311417010276 -27.249308554006248 21.712454074713847 47.10955043950965 -108.73861641623387 -117.80329259642076 -111.37933176789966 0.6435819231064102 11.58572807109664
1423 11719.709367275238 4.887682801657633e7 -18.362901202596934 -74.00458317190234 56.96462520646326 55.21898409323981 -103.8526566252056 -88.88658821336378 -28.731101111459736 128.65268742076853 195.90384562738666
1424 11738.63401222229 3.965780846479727e7 -41.19548498254736 -77.45155060858349 81.17446976650395 145.75159032177604 -43.733442057908874 -111.31990916926691 -59.955336918349644 -2.387893974643873 6.797892630390436
1425 11757.915852069855 3.9712819363140464e7 -52.100598711806484 -96.94444130196402 86.61959106899167 164.9390287064428 -30.14191148431915 -118.77055086492032 -54.28608446574469 -3.003521348098843 5.9892994428400925
1426 11776.322148323059 3.714123550822246e7 -2.1040615248999046 -7.575650258032072 -24.210146952079413 4.438152589825336 -134.94929800588153 -124.90183751651688 -135.98011197906413 -15.346766307070197 7.930512113303621
1429 11833.52776169777 3.7141066019720875e7 -2.1040740772351256 -7.575660634641807 -24.210143148995705 4.4381540343738095 -134.9492970258648 -124.90204969763977 -135.97980239945423 -15.348569123451966 7.927066250647215
1430 11852.926823854446 3.713993612414766e7 -2.1040740190593574 -7.575660679442549 -24.210143195291685 4.438154026324284 -134.94929702385906 -124.90731784199062 -135.99228868715835 -15.370409000292511 7.904664277297172
1431 11872.19977402687 3.713993612399307e7 -2.1040739129966646 -7.5756606583120085 -24.210143217848227 4.438154020185905 -134.94929703203678 -124.90731784199056 -135.99228868715835 -15.37040900174145 7.904664277297059
1432 11892.731855869293 3.71399361189093e7 -2.1040742696981454 -7.575660906771375 -24.21014313121477 4.4381540510517254 -134.94929700600986 -124.90731784199056 -135.99228868715835 -15.370409049375723 7.904664277297059
1433 11912.015165805817 3.713993610795615e7 -2.1040741507548155 -7.575660725309202 -24.21014319944789 4.438154075687606 -134.9492969840761 -124.90731784199062 -135.99228868715835 -15.370409152005266 7.904664277297059
1434 11915.131557703018 3.71398091025619e7 -2.1040757088973727 -7.575662158952371 -24.210142839615813 4.438154130233457 -134.94929696762506 -124.90735287026189 -135.9919791075485 -15.371837212487605 7.9018695936405265
1435 11918.364324569702 3.713993612431077e7 -2.10407450715541 -7.575661750513104 -24.21014273099965 4.438154236109497 -134.94929689933082 -124.90731784199062 -135.99228868715835 -15.370408998764844 7.904664277297059
1436 11940.537396669388 3.737199889918347e7 -13.009189864650615 -27.068553975336634 -18.765021674895074 23.62559207156127 -121.35776670710929 -131.96122909921377 -129.5727973870383 -13.601608354310486 10.865284399017867
1437 11961.143409967422 3.755190283598205e7 -19.76196286750268 -39.139135843974515 -9.144901637624656 39.558978601590994 -109.26294285627925 -133.08883628664057 -119.16103669474586 -13.528781010141756 10.739679806859954
1438 11980.05621933937 3.7962015842094876e7 -17.52832315749444 -35.14650455591409 0.1171195611968372 61.62067571226119 -100.19335504759819 -125.61243568325955 -122.85867948877205 -16.58689510473488 7.2095374828893455
1439 11983.057205438614 3.798174214631893e7 -14.764999634312126 -30.207064723368884 10.924619730649653 45.897675818474085 -104.70006225081171 -117.75731477741522 -97.7554770258443 -13.525178406098576 11.040623823910778
1440 11986.069296598434 3.827560228550753e7 -13.110310262277611 -27.249307651708243 21.71245406134537 47.10955046283928 -108.73861638700713 -117.80329259642076 -111.37933176789966 0.6435834314009412 11.58572807109664
1441 11989.241277694702 4.8876827852359205e7 -18.362902619636667 -74.00458408698375 56.96462633738455 55.21898430308943 -103.85265649032753 -88.88658821336378 -28.731101111459736 128.6526871711784 195.90384562738666
1442 11992.151458740234 3.713993264452701e7 -2.104076377482432 -7.575663045076443 -24.21014200157451 4.438154550554515 -134.9492966577853 -124.90731784199062 -135.99228868715835 -15.370410049917894 7.904664277297059
1444 11998.128868341446 3.905098481006745e7 -36.67635793672247 -69.37360482542884 62.29233356466938 107.75650867879074 -64.89785242478365 -118.00480437297972 -67.24481940003324 0.3699033600386201 10.728936156887755
1445 12001.380466222763 3.905098481099586e7 -36.6763579335349 -69.37360482701673 62.29233355719311 107.75650867731144 -64.8978524258342 -118.00480437297972 -67.24481940003324 0.36990337319338096 10.728936156887812
1446 12004.37706398964 3.714119299089921e7 -2.1040714139491925 -7.5756588774830735 -24.210143543079752 4.438153990616215 -134.94929704135686 -124.90201795583391 -135.98011197906413 -15.347141125653025 7.929860934303861
1449 12013.618077993393 3.7139808891724385e7 -2.1040749014431483 -7.57566126290957 -24.210142966572448 4.438154109887364 -134.94929696312514 -124.90735287026183 -135.9919791075485 -15.371838340503075 7.9018695936405265
1450 12016.591651201248 3.714106605661529e7 -2.1040746871848484 -7.575661269079193 -24.21014292131578 4.438154130156377 -134.94929695812573 -124.90204969763977 -135.97980239945423 -15.34856890761182 7.927066250647329
1451 12019.67544412613 3.7139935991615504e7 -2.104073163862008 -7.575660430551453 -24.210143137852477 4.43815410701292 -134.9492969722363 -124.90731784199056 -135.99228868715835 -15.370409696348474 7.904664277297172
1452 12023.251836061478 3.713993615980998e7 -2.1040748947409718 -7.57566148931533 -24.210142918252664 4.438154124971618 -134.94929696186915 -124.90731784199062 -135.99228868715835 -15.370408856035851 7.904664277297172
1453 12026.165037155151 3.7139808898393564e7 -2.1040750536835553 -7.575661606382029 -24.210142824289726 4.438154177636463 -134.94929692325837 -124.90735287026189 -135.9919791075485 -15.371838307010876 7.9018695936405265
1454 12029.156343221664 3.713980889719997e7 -2.104075012814839 -7.575661602762452 -24.210142829940104 4.438154176132883 -134.9492969259197 -124.90735287026183 -135.9919791075485 -15.371838313005185 7.901869593640583
1455 12033.037591457367 3.737199892107072e7 -13.009189560606842 -27.068553775276968 -18.76502177587433 23.62559200937112 -121.35776675000689 -131.96122909921377 -129.5727973870383 -13.601608150864479 10.865284399017867
1456 12036.214033603668 3.7371998908687055e7 -13.009189308705256 -27.068553366019643 -18.76502197832899 23.625591959281067 -121.357766779975 -131.96122909921382 -129.5727973870383 -13.601608199230498 10.865284399017867
1457 12039.448951482773 3.7551902821466155e7 -19.76196258989692 -39.13913557509556 -9.144901759140495 39.55897855516805 -109.26294288697267 -133.08883628664057 -119.16103669474586 -13.528781177331155 10.739679806859954
1458 12042.656420707703 3.7962015829879105e7 -17.528322538338134 -35.146503978838965 0.11711938965107294 61.62067564367723 -100.1933550941334 -125.61243568325955 -122.85867948877205 -16.586895073423648 7.2095374828893455
1459 12045.503013849258 3.798174212297308e7 -14.765000084912653 -30.207065098087128 10.924620000090215 45.89767590138828 -104.70006219438002 -117.75731477741522 -97.7554770258443 -13.525178518879954 11.040623823910778
1460 12048.327766180038 3.8275602293799594e7 -13.110310923491145 -27.24930821500322 21.71245401108235 47.10955041202129 -108.73861643356105 -117.80329259642076 -111.37933176789966 0.6435827038317825 11.58572807109664
1461 12051.246340036392 4.8876827899670884e7 -18.36290217653502 -74.00458373384483 56.9646260039323 55.218984221197886 -103.85265654424269 -88.88658821336378 -28.731101111459736 128.65268735039297 195.90384562738666
1462 12054.295199871063 4.000618762695111e7 -69.75848549350347 -128.50792074562958 101.68484739743333 200.05985749500707 -4.455554564666183 -127.33420790616378 -38.0539468548651 -2.7021013388247184 6.423949097136983
1463 12073.47023177147 5.169836033656547e7 -86.01730706509396 -194.9368392007602 182.8596152285317 250.84068718771223 26.641085543727158 -91.23389046296472 69.40455315801671 140.11674795856686 193.36274304567223
1464 12095.284949541092 3.714119310984354e7 -2.104071616482724 -7.575658830320791 -24.210143715892343 4.438153908524825 -134.94929709814656 -124.9020146693685 -135.98011197906413 -15.34714051776325 7.929860934303804
1468 12170.00373339653 3.7141066072782986e7 -2.1040749467395727 -7.575661518725518 -24.210142834620143 4.438154167938393 -134.94929693134924 -124.90204969763977 -135.97980239945423 -15.3485688189744 7.927066250647215
1469 12173.457125425339 3.71399361118047e7 -2.1040747992526576 -7.575661399220628 -24.21014290252039 4.438154143600542 -134.94929694674275 -124.90731784199062 -135.99228868715835 -15.370409125397657 7.904664277297059
1470 12176.574008464813 3.713993610997459e7 -2.104074995093537 -7.575661719937793 -24.210142763957144 4.438154204236056 -134.94929690962027 -124.90731784199062 -135.99228868715835 -15.370409139844298 7.904664277297172
1471 12196.11123418808 3.713993610969803e7 -2.1040749168026522 -7.575661495338986 -24.210142859003618 4.438154160293138 -134.9492969347426 -124.90731784199062 -135.99228868715835 -15.370409142027427 7.904664277297172
1472 12215.910518407822 3.713993604083144e7 -2.104074183964844 -7.575661116254423 -24.210142930012104 4.438154161196351 -134.9492969352872 -124.90731784199062 -135.99228868715835 -15.37040947106334 7.904664277297059
1473 12234.573477745056 3.713980888861931e7 -2.104075229564433 -7.57566181529498 -24.21014272229567 4.438154204902077 -134.94929690692217 -124.90735287026183 -135.9919791075485 -15.371838354617239 7.901869593640583
1474 12237.548034667969 3.713980893031589e7 -2.1040754253571343 -7.575661967500986 -24.210142712918646 4.4381542093964725 -134.94929690417635 -124.90735287026183 -135.9919791075485 -15.371838138750036 7.901869593640583
1475 12240.614869832993 3.737199891255008e7 -13.009189573558714 -27.068553719598164 -18.76502179958603 23.625592013369797 -121.35776674606836 -131.96122909921382 -129.5727973870383 -13.601608202880925 10.865284399017867
1476 12243.56163907051 3.755190282201807e7 -19.76196260679109 -39.139135603034106 -9.144901737858909 39.55897856168163 -109.2629428827457 -133.08883628664057 -119.16103669474586 -13.528781157731089 10.739679806859954
1477 12246.91345500946 3.7962015833667725e7 -17.52832255084853 -35.14650398653312 0.11711935250797723 61.62067562957924 -100.19335510276744 -125.61243568325955 -122.85867948877205 -16.586895075209327 7.2095374828893455
1478 12249.90356683731 3.7981742128445946e7 -14.765000037432177 -30.207065073634993 10.924619992547711 45.89767589721022 -104.70006219752577 -117.75731477741522 -97.7554770258443 -13.525178511874117 11.040623823910835
1479 12253.155757904053 3.827560228246123e7 -13.110310412594686 -27.249307705850295 21.712453768901995 47.10955032059003 -108.7386164944208 -117.8032925964207 -111.37933176789966 0.6435825851123695 11.58572807109664
1480 12256.214203834534 4.88768278951807e7 -18.362902208731647 -74.00458375307862 56.96462602944857 55.21898422671326 -103.85265654048754 -88.88658821336378 -28.731101111459736 128.65268733421885 195.90384562738666
1481 12259.12949681282 3.920315250127485e7 -43.429134236052064 -81.44419302230152 71.91245385828483 123.68989511162815 -52.80302872469729 -119.2578896745473 -57.0699696431293 -0.116714802969625 9.872118132140201
1482 12262.677119970322 3.920315343770678e7 -43.429141403333205 -81.44419940462785 71.91246706961793 123.68989905354583 -52.8030259154789 -119.25803555098253 -57.0699696431293 -0.1167115307879385 9.872118132140315
1483 12265.650516748428 3.7141193061867535e7 -2.104071605280293 -7.575658905598534 -24.210143621183256 4.438153957731075 -134.9492970639413 -124.9020146693685 -135.98011197906413 -15.347140766175187 7.929860934303804
1486 12275.290008544922 3.7139808883402206e7 -2.1040749844859157 -7.575661562822823 -24.210142826132056 4.4381541716418695 -134.94929692842916 -124.90735287026189 -135.9919791075485 -15.37183838518746 7.9018695936405265
1487 12279.300985574722 3.7141066069174066e7 -2.10407465337374 -7.575661224344621 -24.210142952017847 4.4381541156052435 -134.94929696830908 -124.90204969763977 -135.97980239945423 -15.34856884170398 7.927066250647215
1488 12282.24657869339 5.057318904678802e7 -64.1059654757734 -155.77030402908048 131.49188095721107 188.98184862649052 -13.161128078212126 -90.88652398642881 39.072537723980304 125.66215824968833 192.52265716746058
1489 12285.00827741623 5.057318938549499e7 -64.10596966935752 -155.7703071232634 131.4918876529853 188.98185070235678 -13.161126700570552 -90.88663941409686 39.072537723980304 125.66215267129814 192.52265716746058
1490 12288.095897436142 3.714119310583744e7 -2.1040721453515445 -7.5756593074114615 -24.210143518506683 4.438153983660044 -134.94929704855068 -124.9020146693685 -135.98011197906413 -15.347140548431526 7.929860934303861
1494 12300.006501674652 3.71411932884022e7 -2.1040746565277644 -7.57566124597278 -24.210142945203792 4.438154123226781 -134.9492969620206 -124.9020146693685 -135.98011197906413 -15.34713964265137 7.929860934303804
1495 12303.082736730576 3.713980891612793e7 -2.1040749662354123 -7.575661517207855 -24.2101428804555 4.438154141598673 -134.94929695072787 -124.90735287026189 -135.9919791075485 -15.371838206103064 7.901869593640583
1496 12306.193329572678 3.713980888266565e7 -2.1040748412775017 -7.575661413146953 -24.21014289183009 4.438154155316681 -134.94929693788984 -124.90735287026183 -135.9919791075485 -15.371838390733842 7.9018695936405265
1497 12309.183770418167 3.7139808880455986e7 -2.1040744116521957 -7.575660964118994 -24.210143088924006 4.4381541063415 -134.9492969662724 -124.90735287026189 -135.9919791075485 -15.371838407371854 7.9018695936405265
1498 12312.22707438469 3.714121296733472e7 -2.10407312277642 -7.575659617035392 -24.210143680205846 4.438153959415757 -134.94929705141934 -124.90083379979353 -135.98190599388244 -15.339402506695762 7.934074438114635
1499 12331.520067930222 3.894684235944091e7 -28.534549494200956 -54.820143308036776 46.03971727641094 104.29207245979703 -73.98267423065866 -118.25032088187567 -97.73849598236654 -2.7515735824854914 6.606976820535124
1500 12349.727982759476 3.894684236072066e7 -28.534549505077038 -54.82014330838539 46.03971726747523 104.29207245455461 -73.98267423441 -118.25032088187567 -97.73849598236654 -2.7515735808202066 6.606976820535124
1501 12368.490129709244 3.71411931457645e7 -2.104071797702076 -7.575658942933707 -24.21014371825047 4.438153903852424 -134.94929710327145 -124.9020146693685 -135.98011197906413 -15.347140340446515 7.929860934303804
1504 12394.487717628479 3.714008298357501e7 -2.1040733433924466 -7.575659970928543 -24.2101435100272 4.438153994318554 -134.94929703474185 -124.90610194414432 -135.99439228158656 -15.361242935380233 7.911672464764479
1505 12413.832715034485 3.714106605551328e7 -2.10407404864549 -7.575660556657926 -24.210143236184827 4.438154044112821 -134.94929700969865 -124.90204969763977 -135.97980239945423 -15.348568925379311 7.927066250647215
1506 12432.018871307373 3.713980895613409e7 -2.1040743400668127 -7.575660781939591 -24.21014325241252 4.438154032779494 -134.94929701611204 -124.90735287026189 -135.9919791075485 -15.371837991797292 7.901869593640583
1507 12435.20185637474 3.713993609304133e7 -2.104074213448488 -7.575660717655046 -24.21014318507556 4.438154062012046 -134.94929699436932 -124.90731784199062 -135.99228868715835 -15.370409238978652 7.904664277297059
1508 12438.876236438751 3.713993609397157e7 -2.1040743277160914 -7.575660929391605 -24.21014309542874 4.438154102664157 -134.94929696987094 -124.90731784199062 -135.99228868715835 -15.370409236147339 7.904664277297059
1509 12441.820723295212 3.7139808880076945e7 -2.104074395199401 -7.575660952426798 -24.210143097749267 4.4381541025785225 -134.94929696864898 -124.90735287026189 -135.9919791075485 -15.371838408525377 7.901869593640583
1510 12444.835366249084 3.713980887893999e7 -2.104074345840793 -7.575660917350131 -24.21014312422541 4.438154091289675 -134.94929697577913 -124.90735287026189 -135.9919791075485 -15.371838411986005 7.9018695936405265
1511 12448.111700296402 3.7139936092825085e7 -2.104074197765126 -7.57566081211999 -24.21014320365324 4.438154057423034 -134.94929699716994 -124.90731784199062 -135.99228868715835 -15.370409239637581 7.904664277297172
1513 12454.69848537445 5.028236474630874e7 -47.02701952664002 -125.24170257888963 117.9524666044534 133.01120561605129 -51.95562155485611 -90.1112837286521 12.51141340788729 144.23130779230655 198.82001450774885
1514 12457.757351398468 5.1691479312673755e7 -75.11221332727514 -175.44396064240712 177.41449473758723 231.65324972449412 13.049555524490152 -83.81743323160356 63.62128372356699 141.65415880386604 195.14622624528715
1515 12460.744717359543 3.714119315333255e7 -2.104071527323299 -7.575658646470783 -24.210143860786253 4.438153861322789 -134.94929712916343 -124.9020146693685 -135.98011197906413 -15.347140302060893 7.929860934303861
1518 12470.391868114471 3.713995577900203e7 -2.104073624276719 -7.575660148006856 -24.210143476120663 4.438153998180823 -134.94929703058617 -124.90613697241565 -135.9940827019767 -15.36267206832946 7.908877781107947
1519 12473.394032239914 3.714106604905156e7 -2.10407387080064 -7.57566044270361 -24.210143290976795 4.438154023710837 -134.94929702324984 -124.90204969763977 -135.97980239945423 -15.348568952169273 7.927066250647329
1520 12476.44547533989 3.713980893491673e7 -2.104074086248886 -7.575660660787918 -24.210143289044126 4.438154018996926 -134.94929702649247 -124.90735287026189 -135.9919791075485 -15.371838086068351 7.9018695936405265
1521 12479.395250320435 3.713993603642255e7 -2.1040734543094537 -7.575660371733848 -24.210143269276678 4.438154056395405 -134.94929700064324 -124.90731784199062 -135.99228868715835 -15.370409496624234 7.904664277297059
1522 12482.708857297897 3.713980888140348e7 -2.1040743161017836 -7.5756607730443175 -24.210143190820453 4.4381540568978295 -134.94929699630734 -124.90735287026189 -135.9919791075485 -15.37183840058475 7.901869593640583
1523 12486.131446361542 3.713980888068861e7 -2.104074388060294 -7.5756609523767615 -24.21014311193302 4.438154093766428 -134.9492969743762 -124.90735287026189 -135.9919791075485 -15.37183840389315 7.9018695936405265
1524 12489.321921110153 3.713980888567847e7 -2.104074553541526 -7.575661098296335 -24.21014303109699 4.43815411983762 -134.94929695908743 -124.90735287026189 -135.9919791075485 -15.371838380799261 7.9018695936405265
1525 12492.369226932526 3.7371998929025985e7 -13.00918848575568 -27.06855268045899 -18.76502226005381 23.62559187442119 -121.35776683244207 -131.96122909921382 -129.5727973870383 -13.601608240002406 10.865284399017867
1526 12495.48632979393 3.755190281156228e7 -19.761961814195576 -39.13913483922177 -9.144902122462199 39.55897845348457 -109.26294294952282 -133.08883628664057 -119.16103669474586 -13.52878131641495 10.739679806859897
1527 12498.367264986038 3.79620158260537e7 -17.528321895872295 -35.14650345347191 0.11711865937043342 61.620675381886585 -100.19335525494743 -125.61243568325955 -122.85867948877205 -16.586895027111666 7.2095374828893455
1528 12501.424915075302 3.7981742102582395e7 -14.764999535252823 -30.207064525278692 10.924619743854244 45.897675821650395 -104.70006224331297 -117.75731477741522 -97.7554770258443 -13.525178614612116 11.040623823910948
1529 12504.42620396614 3.82756022509102e7 -13.110310344295499 -27.24930757023934 21.71245364283252 47.10955030759986 -108.73861649853848 -117.80329259642076 -111.37933176789966 0.6435822650450973 11.58572807109664
1530 12507.484436035156 4.910255975723183e7 -29.26801640272897 -93.49747537477455 62.40974686129513 74.40642198439579 -90.26112641300348 -95.95004440001924 -22.285314706349823 130.23028266196286 198.77687738569375
1531 12510.582003116608 3.713980890521541e7 -2.1040753493170747 -7.575661687752726 -24.21014285505968 4.438154196224488 -134.94929690197597 -124.90735287026189 -135.9919791075485 -15.371838333224787 7.901869593640583
1532 12530.290469408035 3.714122923844653e7 -2.1040670159648442 -7.575656281141896 -24.210144395820407 4.438153532896308 -134.94929738590682 -124.90183751651688 -135.98011197906413 -15.346765470015612 7.930512113303678
1533 12549.05627822876 3.73719971010011e7 -13.009194233354908 -27.06855263621832 -18.765023213998525 23.625591880924716 -121.35776668691216 -131.96110066639943 -129.5727973870383 -13.601606127979437 10.865284399017867
1534 12568.837149858475 3.7141339977163896e7 -2.1040711030936166 -7.575658191345408 -24.21014400473662 4.438153844434623 -134.94929713139533 -124.9007987715222 -135.98221557349234 -15.337974358986571 7.936869121771224
1537 12625.637019395828 3.714106606662051e7 -2.104074109132288 -7.575660669038154 -24.2101432171225 4.438154053102508 -134.94929700220405 -124.90204969763977 -135.97980239945423 -15.34856885454235 7.927066250647329
1538 12628.661838531494 3.714106607359093e7 -2.1040743475739667 -7.575660883038186 -24.21014312936996 4.438154084039823 -134.9492969804176 -124.90204969763977 -135.97980239945423 -15.348568811988173 7.927066250647329
1539 12631.89336848259 3.713980887628122e7 -2.1040740237775566 -7.5756605969135755 -24.21014326108353 4.4381540574044465 -134.94929699576699 -124.90735287026189 -135.9919791075485 -15.37183842701279 7.9018695936405265
1540 12651.469628810883 3.71412129615702e7 -2.1040730575876623 -7.575659635603898 -24.210143671658173 4.438153955748675 -134.94929705573009 -124.90083379979353 -135.98190599388244 -15.339402528234757 7.934074438114635
1542 12688.840075969696 5.0920956379447795e7 -62.4512728827635 -152.8125461896727 142.2797244754857 190.19372607694672 -17.199680300814734 -90.79928589309543 25.853044661517742 140.65435160485072 193.51548479651888
1543 12691.761877775192 5.0920956370809525e7 -62.451274813782746 -152.8125476861308 142.2797269173107 190.19372686148733 -17.199679824737423 -90.79928589309543 25.853044661517742 140.65435165412327 193.51548479651888
1544 12694.822145938873 3.71413399748298e7 -2.1040709680679974 -7.575658088884181 -24.210144050046125 4.438153836360229 -134.94929713641739 -124.90079877152226 -135.98221557349234 -15.337974371891164 7.936869121771224
1547 12703.807204961777 3.714106606300162e7 -2.1040737843303674 -7.575660350659096 -24.210143351069036 4.438154021526373 -134.94929702069567 -124.90204969763977 -135.97980239945423 -15.348568873999852 7.927066250647215
1548 12707.112535715103 3.713980890471392e7 -2.104073946720444 -7.57566051974988 -24.210143322066827 4.43815402661096 -134.949297017994 -124.90735287026189 -135.9919791075485 -15.37183826234417 7.9018695936405265
1549 12710.360828638077 3.7139808875741675e7 -2.1040739954715733 -7.575660469391233 -24.210143315132918 4.438154027507352 -134.94929701361696 -124.90735287026189 -135.9919791075485 -15.371838429700517 7.9018695936405265
1550 12713.481814622879 3.713980887412291e7 -2.1040739105538684 -7.575660086824563 -24.210143477281235 4.438153937816367 -134.94929706716732 -124.90735287026189 -135.9919791075485 -15.371838437764836 7.9018695936405265
1551 12716.731298685074 3.714122955406282e7 -2.1040736558004873 -7.575658939124255 -24.210143963726274 4.4381536687431264 -134.94929722781717 -124.90195183380627 -135.98011197906413 -15.346764048340162 7.930512113303621
1552 12719.75073480606 3.920315370958607e7 -43.42912425809429 -81.44418536334277 71.91245840348694 123.68989671245156 -52.803027475746816 -119.2578743715631 -57.0699696431293 -0.11670894971246071 9.872118132140201
1553 12722.662328720093 3.920315370939743e7 -43.429124275604536 -81.44418539777354 71.91245843376282 123.68989672218662 -52.80302747008977 -119.2578743715631 -57.0699696431293 -0.11670894994892933 9.872118132140315
1554 12725.62533569336 3.714133997696244e7 -2.104070761581333 -7.575657813044883 -24.210144175565354 4.438153788552356 -134.94929716556828 -124.90079877152226 -135.98221557349234 -15.337974360284136 7.936869121771224
1558 12737.670650959015 3.714106606368153e7 -2.104073773502421 -7.575659959092407 -24.210143519316844 4.438153915596047 -134.94929708434157 -124.90204969763977 -135.97980239945423 -15.348568870106874 7.927066250647215
1559 12740.463794231415 3.7141066067419164e7 -2.1040741412914628 -7.575660734826046 -24.210143187672998 4.438154078815046 -134.94929698291847 -124.90204969763977 -135.97980239945423 -15.348568842612679 7.927066250647215
1560 12743.318526268005 3.7141066068513095e7 -2.1040737424096747 -7.575659894380145 -24.210143577737156 4.438153902645283 -134.94929708765065 -124.90204969763977 -135.97980239945423 -15.348568836973982 7.927066250647215
1561 12746.1434674263 3.7141066068894394e7 -2.104073776192955 -7.5756599434438225 -24.210143534481823 4.438153920664249 -134.94929707766775 -124.90204969763977 -135.97980239945423 -15.348568835008791 7.927066250647329
1562 12749.139461517334 3.713980887165611e7 -2.104073856970494 -7.575660023258116 -24.210143501665968 4.438153930484518 -134.94929707134844 -124.90735287026189 -135.9919791075485 -15.371838451191763 7.9018695936405265
1563 12752.27742433548 3.714122954915196e7 -2.1040736962201194 -7.575659832558744 -24.210143574819803 4.438153908489369 -134.94929708389304 -124.90195183380627 -135.98011197906413 -15.346764074733017 7.930512113303678
1564 12755.320608615875 3.905099066664307e7 -36.67634424996311 -69.37359709197983 62.292336173892885 107.7565091803197 -64.89785200258468 -118.0049453571578 -67.24481940003324 0.3698904997398813 10.728936156887755
1565 12758.342401742935 3.905099066629221e7 -36.676344248208565 -69.37359709205856 62.292336173427266 107.75650918009848 -64.89785200277453 -118.0049453571578 -67.24481940003324 0.3698904981399096 10.728936156887755
1566 12761.224478721619 3.714133997588716e7 -2.104070686370296 -7.57565767549211 -24.210144233633144 4.438153763813176 -134.94929718027115 -124.90079877152226 -135.98221557349234 -15.337974365955517 7.936869121771224
1570 12818.466301441193 3.714110235156456e7 -2.104074238515434 -7.575659946001808 -24.210143538445323 4.4381538533144465 -134.94929711825654 -124.90198686207759 -135.97980239945423 -15.348193162438179 7.927717429647146
1571 12821.619409322739 3.714124923668015e7 -2.104072195009042 -7.575658159154555 -24.210144324753877 4.43815369490639 -134.94929721009996 -124.9007709642313 -135.98190599388244 -15.339026887925968 7.934725617114452
1572 12841.957239866257 3.7140119234917976e7 -2.104072897853154 -7.5756590008116405 -24.210143940845185 4.438153803088127 -134.94929714578615 -124.90603910858209 -135.99439228158656 -15.360867425113554 7.912323643764296
1573 12862.934656143188 3.714119327304979e7 -2.1040735827852437 -7.575659817827141 -24.21014357230583 4.438153910146639 -134.94929708702514 -124.9020146693685 -135.98011197906413 -15.347139727264903 7.929860934303804
1574 12881.519410610199 3.7139808899219826e7 -2.1040736928811725 -7.575659923052193 -24.210143573392614 4.438153906263693 -134.94929708956278 -124.90735287026189 -135.9919791075485 -15.371838289845527 7.9018695936405265
1575 12884.613230466843 3.714122953247994e7 -2.1040735635926104 -7.57565971600938 -24.210143593153305 4.43815388353201 -134.94929710132942 -124.90195183380627 -135.98011197906413 -15.346764146911994 7.930512113303678
1576 12887.62047457695 3.714110234283887e7 -2.104073925528372 -7.575659955329545 -24.210143557430662 4.438153889040308 -134.94929709628116 -124.90198686207754 -135.97980239945423 -15.348193202788934 7.927717429647146
1577 12890.580046415329 3.737199892610737e7 -13.009188292853153 -27.06855196711865 -18.765022565413823 23.625591723398912 -121.35776692200017 -131.96122909921377 -129.5727973870383 -13.601608309120422 10.865284399017867
1578 12893.583674669266 3.7551902810556374e7 -19.76196146646165 -39.13913401318664 -9.144902490049589 39.55897828432019 -109.26294305057675 -133.08883628664057 -119.16103669474586 -13.528781344471668 10.739679806859954
1579 12896.686440706253 3.7962015821277104e7 -17.528321436899816 -35.146502669608765 0.11711822087897161 61.62067519989566 -100.19335536374646 -125.6124356832596 -122.85867948877205 -16.586895015566597 7.2095374828893455
1580 12899.662284851074 3.7981742108440414e7 -14.76499883493793 -30.207063481242663 10.924619340466165 45.897675659714025 -104.70006233869258 -117.75731477741522 -97.7554770258443 -13.525178640907257 11.040623823910778
1581 12902.820505857468 3.827560225191301e7 -13.110309653443817 -27.249306502678735 21.71245322048869 47.10955013562078 -108.73861660035868 -117.80329259642076 -111.37933176789966 0.6435823500809192 11.58572807109664
1582 12905.982583761215 4.887682789142536e7 -18.362901951028388 -74.00458333989117 56.96462510997789 55.21898403752323 -103.85265665832532 -88.88658821336378 -28.731101111459736 128.65268750882262 195.90384562738666
1583 12908.90427684784 3.713980890808539e7 -2.104074741675838 -7.57566094394466 -24.210143153692883 4.438154058679956 -134.94929698958276 -124.90735287026189 -135.9919791075485 -15.371838272860543 7.9018695936405265
1584 12911.831547021866 4.967227413548065e7 -31.023829235209767 -96.6359890999032 92.0993902638554 96.6785061838572 -73.6034216946964 -81.95311906265522 9.029904891319404 129.4846419389885 198.53438604487428
1585 12915.446211099625 4.967227415720132e7 -31.023826499499982 -96.63598618095453 92.09938912986831 96.67850589126186 -73.60342185859184 -81.95311906265522 9.029904891319404 129.4846419456244 198.53438604487428
1586 12918.760625362396 3.7141213010792896e7 -2.1040738435129818 -7.575659609897032 -24.210143803191293 4.43815382753067 -134.94929713433436 -124.90083379979353 -135.98190599388244 -15.339402344500286 7.934074438114635
1589 12927.764772176743 3.713995576442531e7 -2.104073043674429 -7.575659177980199 -24.21014387349374 4.438153832120648 -134.94929712912756 -124.90613697241565 -135.9940827019767 -15.362672140841937 7.908877781107947
1590 12931.152694225311 3.714106606487555e7 -2.10407375665109 -7.575659917297541 -24.21014353866763 4.438153913964825 -134.94929708301024 -124.90204969763977 -135.97980239945423 -15.34856885965911 7.927066250647329
1591 12934.211993217468 3.713980888612119e7 -2.1040737995026504 -7.575659968766304 -24.210143539651234 4.43815391392684 -134.94929708311315 -124.90735287026189 -135.9919791075485 -15.371838367758983 7.901869593640583
1592 12937.690368175507 3.713993607632354e7 -2.104073643898662 -7.575659896503282 -24.210143538018094 4.438153924888979 -134.94929707537216 -124.90731784199062 -135.99228868715835 -15.37040932501833 7.904664277297172
1593 12940.977214097977 3.713980887174823e7 -2.1040738528285985 -7.575660023296507 -24.210143501931476 4.438153931252856 -134.9492970708717 -124.90735287026189 -135.9919791075485 -15.371838450896462 7.9018695936405265
1594 12944.025439977646 3.713980887176917e7 -2.1040738601081657 -7.575660025404169 -24.210143500136205 4.43815393196283 -134.9492970701143 -124.90735287026183 -135.9919791075485 -15.3718384508295 7.901869593640583
1595 12946.964703083038 3.7139808871004224e7 -2.104074094128748 -7.575660474157285 -24.210143304286383 4.438154013305464 -134.94929702229314 -124.90735287026189 -135.9919791075485 -15.371838453282578 7.9018695936405265
1596 12950.267181158066 3.737199892650238e7 -13.009188227525307 -27.068551980131637 -18.765022561373584 23.625591735856133 -121.35776691448189 -131.96122909921382 -129.5727973870383 -13.601608306396031 10.865284399017867
1597 12953.225358247757 3.755190281038095e7 -19.761961413888542 -39.13913402168192 -9.144902483158162 39.5589782949544 -109.26294304408883 -133.08883628664057 -119.16103669474586 -13.528781339665215 10.739679806859897
1598 12956.238936185837 3.798174210772856e7 -14.764998870216843 -30.207063475883444 10.92461933620909 45.89767565251607 -104.70006234311285 -117.75731477741522 -97.7554770258443 -13.52517864067778 11.040623823910835
1599 12959.491138219833 3.827560225116691e7 -13.110309412944098 -27.24930605258251 21.712453023068605 47.10955005345242 -108.73861664901884 -117.80329259642076 -111.37933176789966 0.6435823381049772 11.58572807109664
1600 12978.290325403214 3.796201582569156e7 -17.528321434770707 -35.146502744272325 0.11711810994344773 61.62067516519663 -100.19335538492174 -125.61243568325955 -122.85867948877205 -16.586895017930487 7.2095374828893455
1601 12997.48573088646 4.887682790593797e7 -18.36290102280587 -74.00458242671151 56.96462440392652 55.21898388788894 -103.85265674676701 -88.88658821336378 -28.731101111459736 128.65268751636518 195.90384562738666
1602 13016.177566289902 3.713984513740164e7 -2.104074252983146 -7.575660284706135 -24.21014339246866 4.438153953135938 -134.9492970557198 -124.90729003469966 -135.9919791075485 -15.371462876871249 7.9025207726404005
1603 13019.13917708397 3.920315371032437e7 -43.42912004513838 -81.44418262770034 71.9124562855346 123.68989613345556 -52.80302789941274 -119.25783091768125 -57.0699696431293 -0.11670846322607531 9.872118132140315
1604 13022.21695303917 3.920315371753049e7 -43.429120001298834 -81.44418250162762 71.91245631741484 123.68989613111327 -52.803027897437886 -119.25783091768125 -57.0699696431293 -0.11670843461712366 9.872118132140315
1605 13042.592386007309 3.713980888458816e7 -2.1040738435175115 -7.575660082650634 -24.21014348980774 4.438153940420321 -134.94929706683342 -124.90735287026183 -135.9919791075485 -15.371838378364203 7.901869593640583
1609 13085.834428071976 3.713980887224301e7 -2.104073536916925 -7.5756596810712065 -24.210143652554912 4.438153889751575 -134.94929709525468 -124.90735287026189 -135.9919791075485 -15.371838448291385 7.9018695936405265
1610 13088.768745422363 3.713984514128314e7 -2.104073899546016 -7.57566000850081 -24.21014350807878 4.438153921310629 -134.94929707679373 -124.90729003469966 -135.9919791075485 -15.371462839762387 7.9025207726404005
1611 13091.820705413818 3.714106606919473e7 -2.104073818131212 -7.57565997997307 -24.210143516950595 4.438153923559142 -134.94929707619502 -124.90204969763977 -135.97980239945423 -15.348568835114122 7.927066250647215
1612 13094.798832178116 3.7139808877126284e7 -2.1040738281794624 -7.575660003549318 -24.210143515932145 4.438153924973818 -134.94929707541525 -124.90735287026189 -135.9919791075485 -15.371838419238827 7.9018695936405265
1613 13098.064079999924 3.7139936083056524e7 -2.104073769121385 -7.575659953599899 -24.210143521860488 4.4381539232963405 -134.94929707601105 -124.90731784199062 -135.99228868715835 -15.370409294321746 7.904664277297059
1614 13101.060737848282 3.7139808870980255e7 -2.1040738484580253 -7.575660028825798 -24.21014349874752 4.438153933538729 -134.94929706936068 -124.90735287026189 -135.9919791075485 -15.371838454532735 7.901869593640583
1615 13104.229318857193 3.7139808873779394e7 -2.104074025752812 -7.575660287923618 -24.2101433869992 4.438153976291645 -134.9492970441315 -124.90735287026189 -135.9919791075485 -15.37183844069699 7.901869593640583
1616 13107.13971400261 3.737199892698142e7 -13.009188232955154 -27.06855198327819 -18.76502256017396 23.6255917346311 -121.35776691532547 -131.96122909921382 -129.5727973870383 -13.601608303355704 10.865284399017867
1617 13110.032454967499 3.755190280990335e7 -19.761961240359305 -39.13913375809841 -9.144902598572557 39.55897825005002 -109.26294307075771 -133.08883628664057 -119.16103669474586 -13.528781342731975 10.739679806859954
1618 13113.043199062347 3.79620158220632e7 -17.52832145723737 -35.1465026375068 0.11711825032666923 61.62067520672554 -100.19335535953422 -125.61243568325955 -122.85867948877205 -16.58689501484531 7.2095374828893455
1619 13116.70691204071 3.798174210738236e7 -14.764998874504734 -30.207063472946707 10.924619334275704 45.89767565142715 -104.70006234374091 -117.75731477741522 -97.7554770258443 -13.525178640282888 11.040623823910835
1620 13119.900576353073 3.827560225202508e7 -13.110309653548253 -27.249306502030674 21.712453220611117 47.1095501355735 -108.73861660037565 -117.80329259642076 -111.37933176789966 0.6435823507171108 11.58572807109664
1621 13123.313531398773 4.887682790353187e7 -18.36290106156708 -74.00458244016504 56.964624282156294 55.218983865479885 -103.85265676034918 -88.88658821336378 -28.731101111459736 128.65268750661062 195.90384562738666
1622 13126.49347949028 3.857646755278172e7 -30.76819547853795 -58.81277939474927 36.77769378077374 82.23037445637051 -83.05226259955991 -126.01413499258467 -94.54673293094862 0.7036610936096963 11.303519740078855
1623 13129.416654586792 3.8576467552636355e7 -30.768195510745684 -58.81277946174128 36.77769383084337 82.23037447369754 -83.0522625893355 -126.01413499258467 -94.54673293094862 0.703661099375779 11.303519740078968
1624 13132.590035438538 3.714106607329567e7 -2.104073700970641 -7.575659886365958 -24.21014355908045 4.438153918721213 -134.94929707858574 -124.90204969763977 -135.97980239945423 -15.34856881192735 7.927066250647329
1628 13144.834663152695 3.713980887413002e7 -2.104073883757458 -7.575660045447986 -24.210143494735135 4.438153930931605 -134.94929707132053 -124.90735287026189 -135.9919791075485 -15.371838437704298 7.901869593640583
1629 13147.962557315826 3.713980887228623e7 -2.1040736993745774 -7.57565986096856 -24.210143573967436 4.438153911572783 -134.94929708249953 -124.90735287026189 -135.9919791075485 -15.371838447756772 7.9018695936405265
1630 13150.750455379486 3.713984513893193e7 -2.104073820625942 -7.5756599460194405 -24.21014353501159 4.438153915554054 -134.9492970802072 -124.90729003469966 -135.9919791075485 -15.371462851441379 7.902520772640287
1631 13154.087480306625 3.7141066070321485e7 -2.1040738351208503 -7.575660001161104 -24.2101435093928 4.438153927292731 -134.94929707360006 -124.90204969763977 -135.97980239945423 -15.348568828453324 7.927066250647215
1632 13157.07400727272 3.7139936087244265e7 -2.1040738261833596 -7.5756600056803265 -24.210143506275138 4.4381539289354635 -134.9492970725279 -124.90731784199062 -135.99228868715835 -15.370409275043357 7.904664277297059
1633 13176.708232402802 3.713980887134189e7 -2.1040738495077527 -7.575660016292437 -24.210143506674754 4.43815392871322 -134.94929707237034 -124.90735287026189 -135.9919791075485 -15.371838452905024 7.9018695936405265
1634 13195.449664592743 3.7139808870399274e7 -2.1040738271201 -7.575659995395419 -24.21014352170102 4.438153923399284 -134.94929707543577 -124.90735287026189 -135.9919791075485 -15.371838458044522 7.901869593640583
1635 13213.958102703094 3.713980886757145e7 -2.104073759956954 -7.575659932704502 -24.210143566780033 4.438153907457192 -134.9492970846327 -124.90735287026189 -135.9919791075485 -15.371838473462333 7.9018695936405265
1636 13216.841255664825 3.713993607638393e7 -2.1040735584672916 -7.575659744631656 -24.21014370201712 4.438153859631072 -134.94929711222355 -124.90731784199062 -135.99228868715835 -15.370409336984267 7.904664277297172
1637 13219.870606660843 4.959920921779253e7 -33.787151755096275 -101.57542716527303 81.2918874379693 112.40150587114294 -69.09671457941283 -89.50775995605056 -15.21788117601767 125.81228318864578 192.48902520345166
1638 13239.090868234634 4.959920922099366e7 -33.787151602781016 -101.57542706824817 81.2918874200181 112.40150586477836 -69.0967145838242 -89.50775995605056 -15.21788117601767 125.81228320539446 192.48902520345166
1639 13259.00494146347 3.71410660763848e7 -2.104073624034964 -7.575659815720101 -24.210143599504185 4.438153905236746 -134.94929708714557 -124.90204969763977 -135.97980239945423 -15.34856879517929 7.927066250647215
1642 13285.34848022461 3.7139808869211346e7 -2.1040734294645986 -7.575659586697617 -24.210143729666342 4.438153861785992 -134.94929711158846 -124.90735287026189 -135.9919791075485 -15.371838464683208 7.9018695936405265
1643 13288.899666309357 3.713980888156446e7 -2.104073690626887 -7.575659866868419 -24.2101436039731 4.438153892229053 -134.94929709562825 -124.90735287026189 -135.9919791075485 -15.371838392108316 7.9018695936405265
1644 13291.825727462769 3.714106606651733e7 -2.1040737410591603 -7.575659912750531 -24.210143574478835 4.438153903920309 -134.94929708710956 -124.90204969763977 -135.97980239945423 -15.348568847897184 7.927066250647215
1645 13295.361288309097 3.713993607944383e7 -2.1040736754440097 -7.575659879081579 -24.210143586959333 4.4381539001470856 -134.94929708945344 -124.90731784199062 -135.99228868715835 -15.370409313860364 7.904664277297059
1646 13298.508445501328 3.713980887014042e7 -2.104073796465201 -7.57565995678517 -24.21014357227613 4.438153900044611 -134.94929708924695 -124.90735287026189 -135.9919791075485 -15.371838459709352 7.901869593640583
1647 13301.471831560135 3.7139808869307026e7 -2.104073824389811 -7.575660035290502 -24.21014353309028 4.438153919334212 -134.9492970777193 -124.90735287026189 -135.9919791075485 -15.371838464171049 7.9018695936405265
1648 13304.7653465271 3.713993607512155e7 -2.1040735346690944 -7.575659752703038 -24.21014363417313 4.438153898930551 -134.94929708889396 -124.90731784199062 -135.99228868715835 -15.370409342903486 7.904664277297059
1649 13307.75805258751 3.737199892748295e7 -13.009188128201792 -27.06855188276397 -18.765022624666436 23.625591712428417 -121.35776692813928 -131.96122909921382 -129.5727973870383 -13.601608316216243 10.865284399017867
1650 13310.841655492783 3.755190281144572e7 -19.761961291598546 -39.139133917927666 -9.144902545565927 39.55897827696111 -109.26294305423914 -133.08883628664057 -119.16103669474586 -13.52878132077808 10.739679806859897
1651 13313.931561470032 3.7962015818813145e7 -17.52832136343877 -35.14650255504712 0.1171181503293397 61.6206751704912 -100.19335538084047 -125.6124356832596 -122.85867948877205 -16.58689501245192 7.2095374828893455
1652 13317.088661432266 3.7981742108047195e7 -14.764998766064426 -30.20706338047805 10.924619281990225 45.897675631818515 -104.70006235474354 -117.75731477741522 -97.7554770258443 -13.525178652798957 11.040623823910835
1653 13319.965339422226 3.82756022520762e7 -13.110309523729377 -27.24930640162566 21.712453119204795 47.10955011658996 -108.73861661123881 -117.80329259642076 -111.37933176789966 0.643582377174198 11.58572807109664
1654 13322.980143547058 4.887682790642497e7 -18.36290089277093 -74.00458230742703 56.96462437079712 55.21898387319405 -103.8526567548486 -88.88658821336378 -28.731101111459736 128.65268751600388 195.90384562738666
1655 13325.939099550247 3.713984513290685e7 -2.1040743438158884 -7.575660419296254 -24.210143331973107 4.438153971479835 -134.94929704449274 -124.90729003469966 -135.9919791075485 -15.371462895902823 7.902520772640287
1656 13328.855366706848 3.755190019997955e7 -19.761958761040493 -39.13913234260977 -9.144903290409289 39.558978102959514 -109.26294317660694 -133.08883628664057 -119.16103669474586 -13.528782140523674 10.739679806859783
1657 13331.819487810135 3.713993609109276e7 -2.104073507514567 -7.575659747279921 -24.210143652615365 4.438153892033526 -134.94929709478427 -124.90731784199062 -135.99228868715835 -15.370409253039838 7.904664277297059
1661 13343.859530448914 3.71398088686972e7 -2.1040736045959143 -7.575659770363057 -24.21014363625754 4.438153889586729 -134.9492970952207 -124.90735287026189 -135.9919791075485 -15.371838467154475 7.9018695936405265
1662 13347.125777244568 3.713980887318481e7 -2.1040737064962762 -7.5756598813421245 -24.210143597606894 4.438153896051276 -134.94929709218374 -124.90735287026189 -135.9919791075485 -15.371838440811985 7.9018695936405265
1663 13350.354269266129 3.7141066066868104e7 -2.104073743622738 -7.575659916684588 -24.21014357327669 4.4381539051567245 -134.94929708615854 -124.90204969763977 -135.97980239945423 -15.348568845684383 7.927066250647215
1664 13353.183668136597 3.713993608267303e7 -2.1040737305285617 -7.575659916379681 -24.210143569409084 4.438153906940386 -134.94929708512743 -124.90731784199062 -135.99228868715835 -15.37040930012688 7.904664277297059
1665 13356.336644172668 3.713980886752351e7 -2.1040737585719533 -7.575659931445365 -24.21014356742569 4.4381539072923175 -134.94929708472523 -124.90735287026183 -135.9919791075485 -15.371838473730747 7.901869593640583
1666 13374.667873620987 3.713980886737973e7 -2.1040737544174952 -7.575659927667905 -24.210143569362664 4.438153906797822 -134.94929708500158 -124.90735287026183 -135.9919791075485 -15.371838474536105 7.901869593640583
1667 13393.454318761826 3.713980886694847e7 -2.1040737419537336 -7.575659916335669 -24.21014357517312 4.438153905314053 -134.94929708583055 -124.90735287026189 -135.9919791075485 -15.371838476952178 7.9018695936405265
1668 13413.062021970749 3.7139808865654744e7 -2.1040737045625484 -7.575659882338915 -24.210143592604958 4.4381539008631705 -134.9492970883174 -124.90735287026189 -135.9919791075485 -15.37183848420085 7.9018695936405265
1669 13430.891078948975 3.713993607906962e7 -2.104073592388758 -7.575659780348664 -24.210143644900505 4.4381538875101825 -134.94929709577912 -124.90731784199062 -135.99228868715835 -15.370409323215654 7.904664277297172
1670 13449.127705574036 3.755190281310032e7 -19.761963667002938 -39.13913703502731 -9.144901058080428 39.558978760694146 -109.26294276499881 -133.08883628664057 -119.16103669474586 -13.528781144530683 10.739679806859954
1671 13467.66605257988 3.7551902813102745e7 -19.76196369215548 -39.139137060701415 -9.144901050379666 39.55897876163425 -109.26294276446731 -133.08883628664057 -119.16103669474586 -13.528781144474351 10.739679806859954
1672 13486.009351730347 3.7139936084414646e7 -2.104073461707504 -7.575659659375541 -24.210143696555846 4.438153874401024 -134.94929710434246 -124.90731784199062 -135.99228868715835 -15.370409291837007 7.904664277297172
1676 13562.614457130432 3.713993609059675e7 -2.1040736382145653 -7.575659807201225 -24.21014362864127 4.438153886271991 -134.94929709810538 -124.90731784199062 -135.99228868715835 -15.370409255965967 7.904664277297172
1677 13581.218900203705 3.713993608850293e7 -2.1040732590344255 -7.5756594187588835 -24.21014379602981 4.438153845672318 -134.94929712148888 -124.90731784199062 -135.99228868715835 -15.37040926891035 7.904664277297059
1678 13599.883362531662 3.713980888427414e7 -2.104073497389031 -7.57565965842695 -24.21014369630609 4.438153868652208 -134.94929710948554 -124.90735287026189 -135.9919791075485 -15.371838378839755 7.9018695936405265
1679 13618.267493963242 3.713984513507322e7 -2.104073561149228 -7.5756596840122565 -24.21014367183782 4.438153875010855 -134.94929710367848 -124.90729003469966 -135.9919791075485 -15.371462873049666 7.902520772640287
1680 13621.336845874786 3.714106606900549e7 -2.1040736003160276 -7.575659766457552 -24.210143638623222 4.438153887352016 -134.94929709690567 -124.90204969763977 -135.97980239945423 -15.348568834322066 7.927066250647215
1681 13624.396744251251 3.713980886778566e7 -2.104073515764501 -7.575659679133155 -24.210143721318104 4.4381538555440585 -134.9492971152585 -124.90735287026189 -135.9919791075485 -15.371838472790387 7.9018695936405265
1682 13643.333026647568 3.713980886505114e7 -2.1040732492703356 -7.5756594054436714 -24.210143976499708 4.438153753416003 -134.94929717537127 -124.90735287026183 -135.9919791075485 -15.371838489695335 7.901869593640583
1683 13662.478013277054 3.7139808856847584e7 -2.1040724497875516 -7.575658584375326 -24.210144742044527 4.438153447031581 -134.9492973557104 -124.90735287026189 -135.9919791075485 -15.371838540409954 7.9018695936405265
1684 13681.450234174728 3.714121292644253e7 -2.104070051339555 -7.5756561211703595 -24.21014703867894 4.438152527878486 -134.9492978967267 -124.90083379979353 -135.98190599388244 -15.339402719690554 7.934074438114635
1685 13684.321846961975 5.028235985938567e7 -47.0270263635244 -125.24170481682148 117.95246191740631 133.0112044245803 -51.95562228047185 -90.1111423921223 12.51141340788729 144.23131806903962 198.82001450774885
1686 13687.504556894302 5.028235986198866e7 -47.027026606980066 -125.24170499433859 117.95246254109895 133.01120456635044 -51.955622194532616 -90.1111423921223 12.51141340788729 144.2313180827431 198.82001450774885
1687 13690.875221967697 3.713980891468755e7 -2.1040732150450694 -7.5756594478316615 -24.210143954299056 4.438153765230567 -134.9492971743283 -124.90735287026183 -135.9919791075485 -15.371838206986638 7.9018695936405265
1690 13700.492893695831 3.713980888573973e7 -2.1040718213120613 -7.575657929600178 -24.210145286449517 4.438153227009181 -134.9492974899078 -124.90735287026189 -135.9919791075485 -15.371838375025163 7.901869593640583
1691 13703.3933968544 3.713984511775679e7 -2.104072396388915 -7.575658430945939 -24.210144810805772 4.438153414104548 -134.94929737448237 -124.9072900346996 -135.9919791075485 -15.371462977133604 7.902520772640287
1692 13706.791256666183 3.713995573682628e7 -2.1040708791241443 -7.575656985875627 -24.21014545223909 4.438153266507015 -134.94929745991865 -124.9061369724156 -135.9940827019767 -15.36267230406628 7.908877781107947
1693 13709.837801933289 3.713993607677564e7 -2.104072164721078 -7.575658362877331 -24.210144812840944 4.438153427427764 -134.94929737003895 -124.90731784199062 -135.99228868715835 -15.370409325970058 7.904664277297059
1694 13712.854705095291 3.7141066054434225e7 -2.1040724375276163 -7.575658572542713 -24.210144745985858 4.438153444981779 -134.94929735710423 -124.90204969763977 -135.97980239945423 -15.348568914554846 7.927066250647329
1695 13715.797747850418 3.713980886429634e7 -2.1040723928218696 -7.57565853555813 -24.210144762484745 4.438153440579768 -134.9492973611156 -124.90735287026189 -135.9919791075485 -15.371838497771535 7.901869593640583
1696 13718.760312795639 3.7139808834561445e7 -2.1040725707127734 -7.575658717790503 -24.210144692066606 4.438153463107554 -134.9492973434477 -124.90735287026189 -135.9919791075485 -15.371838667980853 7.9018695936405265
1697 13721.905725717545 3.7371998925795555e7 -13.009187062281907 -27.068550822941752 -18.765023798731292 23.62559121976031 -121.35776721772032 -131.96122909921382 -129.5727973870383 -13.60160843390247 10.865284399017867
1698 13724.929894685745 3.755190282265185e7 -19.761960055044103 -39.13913264252211 -9.144903702461939 39.55897781943192 -109.26294332254193 -133.08883628664057 -119.16103669474586 -13.528781181864417 10.739679806859954
1699 13728.037458658218 3.796201582226407e7 -17.528320119467462 -35.14650133498577 0.11711673544168377 61.620674605948324 -100.19335571719624 -125.61243568325955 -122.85867948877205 -16.58689501712678 7.2095374828893455
1700 13731.502647638321 3.798174210438861e7 -14.764997387555134 -30.20706195527013 10.924618089541298 45.89767516417777 -104.70006263135319 -117.75731477741522 -97.7554770258443 -13.525178664611929 11.040623823910835
1701 13734.667047739029 3.827559789276664e7 -13.110308529523973 -27.24930556837356 21.712450388974872 47.10954949844991 -108.73861698297088 -117.80329865857789 -111.37933176789966 0.6435704366447226 11.58572807109664
1702 13737.68162560463 4.887682790155867e7 -18.362899487357524 -74.00458084138224 56.96462314524706 55.218983391695375 -103.85265704129736 -88.88658821336378 -28.731101111459736 128.6526875049101 195.90384562738666
1703 13740.958598613739 3.713980887673108e7 -2.104074286891116 -7.575660382293853 -24.21014396568625 4.438153647308582 -134.94929723768112 -124.90735287026189 -135.9919791075485 -15.371838443257275 7.901869593640583
1704 13744.040410757065 3.9914451233115055e7 -58.85337057411837 -109.01502754281915 96.23971781990663 180.87241760838037 -18.047086061986256 -119.96773008990857 -43.86838347590344 -2.9346330379527217 6.637736882690888
1705 13747.162958621979 3.9914451233115286e7 -58.853370574142716 -109.01502754284313 96.23971781988354 180.87241760838063 -18.04708606198553 -119.96773008990857 -43.86838347590344 -2.934633037950107 6.637736882690831
1706 13750.674722671509 3.713980885088131e7 -2.1040731972417994 -7.575659366867088 -24.21014425906673 4.4381536148212035 -134.94929725569187 -124.90735287026189 -135.9919791075485 -15.371838574650155 7.9018695936405265
1710 13778.489383935928 3.714121296283795e7 -2.1040718842491586 -7.575657982399138 -24.210145026530277 4.438153364475639 -134.94929740573767 -124.90083379979347 -135.98190599388244 -15.339402523266983 7.934074438114635
1711 13799.035020589828 3.714134016745704e7 -2.104071997377517 -7.575658152362001 -24.210144931855318 4.438153393139174 -134.94929738876166 -124.90079877152226 -135.98221557349234 -15.337973401552063 7.936869121771224
1712 13817.559547901154 3.714121295791627e7 -2.104072118279099 -7.575658223349356 -24.210144911601 4.438153397823996 -134.9492973851314 -124.90083379979353 -135.98190599388244 -15.339402548630801 7.934074438114635
1713 13837.23939871788 3.7141212956096716e7 -2.1040722311568736 -7.575658396085391 -24.210144834451427 4.4381534263069256 -134.94929736847214 -124.90083379979353 -135.98190599388244 -15.339402558008317 7.934074438114635
1714 13856.663040876389 3.713995575594416e7 -2.104072225943014 -7.57565834560881 -24.21014485632 4.438153414439455 -134.94929737527676 -124.90613697241565 -135.9940827019767 -15.362672195618245 7.908877781107947
1715 13874.994337320328 3.713980888427997e7 -2.10407263325709 -7.5756587851545785 -24.210144675737077 4.43815345104899 -134.94929735744083 -124.90735287026189 -135.9919791075485 -15.371838379999247 7.901869593640583
1716 13895.002910614014 3.713980885589987e7 -2.104072330902536 -7.575658464771038 -24.210144884770287 4.438153385081932 -134.94929739242906 -124.90735287026183 -135.9919791075485 -15.371838545653418 7.9018695936405265
1717 13913.247135400772 3.7139808853056796e7 -2.1040719742467537 -7.575658105958016 -24.210145312947276 4.438153199232929 -134.9492975025862 -124.90735287026189 -135.9919791075485 -15.371838561385118 7.9018695936405265
1718 13932.324053287506 3.713980884452756e7 -2.1040709042796983 -7.5756570295186805 -24.21014659747855 4.438152641686017 -134.94929783305702 -124.90735287026189 -135.9919791075485 -15.371838608578798 7.9018695936405265
1719 13951.138860940933 3.713992477565596e7 -2.104067694377658 -7.575653800199866 -24.210150451072273 4.438150969045196 -134.9492988244696 -124.90744702914088 -135.99228868715835 -15.370663845787647 7.904664277297059
1720 13970.249837875366 3.894684348102189e7 -28.534552810231094 -54.820145515623956 46.03970467950869 104.29206876870809 -73.98267649515418 -118.25043489993254 -97.73849598236654 -2.7515669336551127 6.606976820535124
1721 13989.2021048069 3.894684348102189e7 -28.53455282933991 -54.820145525379296 46.03970470969331 104.292068778208 -73.98267648938672 -118.25043489993254 -97.73849598236654 -2.7515669336551127 6.606976820535124
1722 14007.891642570496 3.7139808837574966e7 -2.1040722088897716 -7.575658362359194 -24.210145159548475 4.438153254136637 -134.9492974684416 -124.90735287026189 -135.9919791075485 -15.371838648940411 7.9018695936405265
1726 14051.019105434418 3.714008297334872e7 -2.1040676099836446 -7.575653688571203 -24.210148083203194 4.438152249305787 -134.9492980666255 -124.90610194414432 -135.99439228158656 -15.36124300247161 7.911672464764479
1727 14070.32631444931 3.713984511358792e7 -2.104070856411102 -7.575656881875501 -24.21014666223563 4.438152608007613 -134.94929785340383 -124.9072900346996 -135.9919791075485 -15.371462998058917 7.902520772640287
1728 14089.052892446518 3.7139955708494626e7 -2.104070208162767 -7.5756562806860615 -24.210146908358844 4.438152578787026 -134.9492978645109 -124.90613697241565 -135.9940827019767 -15.362672474079375 7.908877781107947
1729 14091.869582414627 3.7141066037892886e7 -2.1040707388034576 -7.575656852659932 -24.210146669523652 4.4381526254042 -134.94929784187707 -124.90204969763977 -135.97980239945423 -15.348569001416195 7.927066250647215
1730 14094.811180591583 3.7139803501629665e7 -2.104069302859905 -7.575655394084659 -24.21014822891496 4.43815196362786 -134.94929823582336 -124.90741416939494 -135.9919791075485 -15.371959261913673 7.901869593640583
1731 14097.915972709656 3.713979376522938e7 -2.104064498600181 -7.575650487782047 -24.210153123224032 4.4381499294533455 -134.94929944412365 -124.90754268226561 -135.99210071632183 -15.372213220060871 7.901869593640583
1732 14101.374547719955 3.7139792539552346e7 -2.1040500858140625 -7.575635768867857 -24.21016780615063 4.438143826929334 -134.9493030690246 -124.90751338971376 -135.99210071632183 -15.37215671871985 7.9018695936405265
1733 14104.216665744781 3.713992630514937e7 -2.104006847399006 -7.575591612067004 -24.210211854923834 4.438125519353591 -134.94931394372836 -124.90736145829379 -135.99241029593173 -15.370497398034559 7.904664277297059
1734 14107.091752767563 3.7634588269217685e7 -30.66707322623527 -58.63202320399572 -3.6997835811484805 58.7464153154753 -95.67141335830439 -140.67625454030178 -113.73490292675655 -13.809889874293276 10.703349676707944
1735 14110.575877666473 3.7634588269534916e7 -30.667074531973803 -58.632024516986625 -3.6997822285229063 58.74641588256581 -95.67141302107316 -140.67625454030178 -113.73490292675655 -13.809889861168926 10.703349676707944
1736 14113.795462846756 3.713979756704996e7 -2.1040669857508405 -7.575653037778432 -24.21015061270313 4.4381509729643085 -134.94929882224136 -124.90748205741221 -135.9919791075485 -15.372092983160655 7.9018695936405265
1739 14123.42873096466 3.7139939420153886e7 -2.104040797262062 -7.575626185441205 -24.21017670725923 4.438140216629904 -134.94930520870432 -124.90629749186746 -135.99420431075004 -15.362990496038947 7.908877781107947
1740 14126.868586301804 3.713979259950199e7 -2.104048971820607 -7.575634609862147 -24.210169408164617 4.4381430901112395 -134.94930351514694 -124.90751338971376 -135.99210071632183 -15.372156375603197 7.9018695936405265
1741 14129.908839225769 3.7140073195372045e7 -2.104032848937667 -7.575618188860712 -24.210184660023764 4.438136907375053 -134.9493071787673 -124.90614556044756 -135.99451389035994 -15.361331100533334 7.911672464764479
1742 14133.222397327423 3.713979253942576e7 -2.104050045288929 -7.575635726501773 -24.21016787226452 4.438143796514254 -134.9493030870882 -124.90751338971376 -135.99210071632183 -15.372156719619056 7.9018695936405265
1743 14136.193551301956 3.713979253904605e7 -2.104049923713802 -7.575635599403794 -24.210168070606024 4.438143705269326 -134.94930314128072 -124.90751338971376 -135.99210071632183 -15.372156722317754 7.901869593640583
1744 14139.407096385956 3.713979253790673e7 -2.1040495589880557 -7.575635218109767 -24.210168665630512 4.438143431534797 -134.9493033038577 -124.90751338971376 -135.99210071632183 -15.372156730412769 7.9018695936405265
1745 14142.457391262054 3.713979253448888e7 -2.1040484648112674 -7.575634074227427 -24.21017045070414 4.438142610330871 -134.94930379158865 -124.9075133897137 -135.99210071632183 -15.372156754698494 7.9018695936405265
1746 14145.514945268631 3.7139799066259205e7 -2.1040451822782735 -7.575630642578476 -24.21017580592492 4.43814014671905 -134.94930525478065 -124.90739648656512 -135.99210071632183 -15.371926727729488 7.9018695936405265
1747 14148.528059244156 3.863424154984761e7 -41.094358816871626 -77.27079668434477 40.69699949567824 122.26763382379917 -56.35259101464117 -126.1554926245604 -79.54511396245101 -18.171280046781874 4.598948628665767
1748 14151.510169506073 3.863424154989092e7 -41.09435882550688 -77.2707966936285 40.69699950405388 122.26763382748234 -56.35259101247232 -126.1554926245604 -79.54511396245101 -18.171280046651134 4.598948628665767
1749 14154.62835741043 3.713979251979101e7 -2.104046001809561 -7.575631589219213 -24.210172890115913 4.438141605226349 -134.94930438708735 -124.90751338971376 -135.99210071632183 -15.372156835217766 7.9018695936405265
1750 14158.12703537941 3.7139799036142215e7 -2.1040328382698554 -7.575618158334761 -24.210186939160884 4.438135692360987 -134.9493078966454 -124.90739648656506 -135.99210071632183 -15.371926882330627 7.9018695936405265
1751 14161.221841335297 3.713992617642074e7 -2.103993347594013 -7.575577865623687 -24.21022908628933 4.438117953761179 -134.94931842532046 -124.90736145829379 -135.99241029593173 -15.370498140418249 7.904664277297172
1753 14167.333476305008 3.71398352453376e7 -2.103993459505549 -7.575577663639422 -24.210229202396967 4.438117889875571 -134.94931846226868 -124.90733365100294 -135.99210071632183 -15.371551639690722 7.9025207726404005
1754 14185.773806333542 3.713983524866421e7 -2.104003155447458 -7.575587615956218 -24.210219357782208 4.438121979605185 -134.94931603318147 -124.90733365100289 -135.99210071632183 -15.371551620501862 7.902520772640287
1755 14204.474071264267 3.713979905210668e7 -2.104040502680281 -7.575625972433947 -24.210178874715936 4.438139073103969 -134.94930589025464 -124.90739648656512 -135.99210071632183 -15.371926791887915 7.9018695936405265
1758 14263.660623550415 3.713979907815044e7 -2.1040006215045217 -7.575585239616803 -24.21021984823814 4.438122010667172 -134.94931602682198 -124.90739648656512 -135.99210071632183 -15.371926653371645 7.9018695936405265
1759 14283.491531848907 3.714118343627054e7 -2.104025417630421 -7.575610734567082 -24.210194165822323 4.438132701389591 -134.94930967571955 -124.90205828567167 -135.98023358783746 -15.347228108642412 7.929860934303861
1760 14302.242872953415 3.7139799044616766e7 -2.1040259779301103 -7.575611148521432 -24.210193942292655 4.438132780834948 -134.9493096269065 -124.90739648656512 -135.99210071632183 -15.371926836277908 7.9018695936405265
1761 14305.592387914658 3.713983531123128e7 -2.104026510889291 -7.575611584907323 -24.21019339067623 4.438133007006698 -134.94930949248894 -124.90733365100294 -135.99210071632183 -15.37155124011906 7.9025207726404005
1762 14308.749581813812 3.7139799043324284e7 -2.1040270676983326 -7.575612228705982 -24.210192864410907 4.438133227713578 -134.94930935958695 -124.90739648656506 -135.99210071632183 -15.371926843301765 7.9018695936405265
1763 14329.678488016129 3.713994592934902e7 -2.10401695850965 -7.575601938258208 -24.210194149611297 4.4381338240077355 -134.9493089927393 -124.90618058871883 -135.99420431075004 -15.362760570302044 7.908877781107947
1764 14351.03741979599 3.713979889391173e7 -2.1040300160408343 -7.57561527441916 -24.210189990958902 4.438134440204308 -134.94930862097064 -124.90739648656506 -135.99210071632183 -15.371927706456006 7.901869593640583
1765 14370.70243382454 3.7141055679328635e7 -2.104021549350005 -7.57560662266893 -24.21019914635285 4.438130683733817 -134.94931079394775 -124.90209331394294 -135.97992400822756 -15.348660170811627 7.927066250647215
1766 14373.73557806015 3.828545371517478e7 -46.091227485525515 -86.20277336086845 20.62737967934759 115.92889648490798 -60.91549546842387 -141.61444780230704 -101.11430477360466 -17.215779281036248 6.2169809439919845
1767 14376.617481946945 3.82854537127705e7 -46.09122978199628 -86.20277567132554 20.62738202539387 115.92889745514597 -60.915494894482464 -141.61444780230704 -101.11430477360466 -17.215779430220095 6.2169809439919845
1768 14379.658890724182 3.713979899851e7 -2.1040216136351155 -7.575606685597901 -24.210199036753366 4.43813059599033 -134.9493109188048 -124.90739648656506 -135.99210071632183 -15.37192710385267 7.901869593640583
1769 14382.688198804855 3.713979894118493e7 -2.1039962559671963 -7.575580802861877 -24.21022615911329 4.4381191785044365 -134.9493176942226 -124.90739648656506 -135.99210071632183 -15.371927435023167 7.901869593640583
1770 14386.03886294365 3.713978433068158e7 -2.1039201827513736 -7.575503154437133 -24.21030752616864 4.438084926033838 -134.94933802048408 -124.90754547122003 -135.99210071632183 -15.372224159235998 7.9018695936405265
1771 14389.128357887268 3.713979539333683e7 -2.103691961194407 -7.575270207212501 -24.210551627120886 4.437982168506053 -134.9493989993377 -124.90728397861665 -135.99210071632183 -15.371710918110978 7.9018695936405265
1773 14395.154237747192 3.837399992004708e7 -43.32803347770877 -81.26346263958455 31.434998069475434 100.2059417133593 -65.42217568972164 -133.54512276383787 -75.64914182547994 -13.371900927469426 11.457245817140858
1774 14398.396336555481 3.837399992123485e7 -43.328037635452276 -81.26346695056459 31.435002245982908 100.20594343767422 -65.42217466626003 -133.54512276383787 -75.64914182547994 -13.371900938587714 11.457245817140858
1775 14401.248985528946 3.714121928843294e7 -2.1039343146167155 -7.575517741134318 -24.21028921439453 4.438092841934406 -134.94933332847825 -124.90199545010944 -135.98023358783746 -15.346854681628201 7.930512113303621
1778 14410.417982578278 3.7139795330046244e7 -2.1037037906783738 -7.5752822298861435 -24.210539105963264 4.43798728593184 -134.94939603716227 -124.90725140978907 -135.99210071632183 -15.371643477545206 7.9018695936405265
1779 14413.406396627426 3.714117524593136e7 -2.10364428606292 -7.575221711575621 -24.21059919639859 4.437962434577074 -134.94941076287736 -124.90203268837706 -135.98023358783746 -15.347181168451982 7.929860934303804
1780 14416.404104709625 3.7139795475624725e7 -2.1036831418903468 -7.575261082392458 -24.210560759430408 4.437978366834571 -134.9494012640022 -124.90728397861665 -135.99210071632183 -15.37171047507178 7.9018695936405265
1781 14419.24424982071 3.7139795400980435e7 -2.1036906171536884 -7.575268902334303 -24.210552905053696 4.437981640689003 -134.9493993172519 -124.90728397861665 -135.99210071632183 -15.37171087356785 7.9018695936405265
1782 14422.2457010746 3.713979534411971e7 -2.1037000898058515 -7.575278475719246 -24.21054351655188 4.437985533142594 -134.9493969936529 -124.90728397861665 -135.99210071632183 -15.371711204919563 7.9018695936405265
1783 14425.701924800873 3.737193164825362e7 -13.00883036505979 -27.0681868751469 -18.765406725713568 23.62542992170394 -121.35786291246762 -131.96224338748397 -129.5727952694457 -13.60375114652419 10.864651638746636
1784 14428.533467054367 3.7371937816082545e7 -13.008845630777191 -27.06820212297342 -18.765391362795803 23.625436287466684 -121.35785912036368 -131.9620642004502 -129.5727952694457 -13.60355649137756 10.864651638746636
1785 14431.479315042496 3.7551798326033026e7 -19.761581261187608 -39.138745978229636 -9.14530885129546 39.558807262005075 -109.26304453728126 -133.08807236409268 -119.16229722661984 -13.534051643185421 10.73197813228893
1786 14434.57157087326 3.796224662286586e7 -17.527923151471217 -35.14608972122036 0.1167197323831175 61.62050769268481 -100.19345460930765 -125.61278599341045 -122.8604856392052 -16.585439644317603 7.214174855366139
1787 14437.632453918457 3.7982445084727526e7 -14.764623879062547 -30.20668004240121 10.92422214824893 45.89750754240403 -104.7001620242614 -117.75562238154868 -97.75241506123746 -13.519471713917994 11.055145963148107
1788 14440.605267047882 3.8274816526415445e7 -13.110039100988143 -27.24910891788698 21.711456978345936 47.10932368112681 -108.7387537115953 -117.8055035345169 -111.38154595434645 0.635611808134172 11.574578623331035
1789 14443.724732875824 4.886598157112774e7 -18.362520482307943 -74.00419383186883 56.96421821321211 55.218812753460924 -103.85275829921326 -88.88219415798716 -28.73312137965297 128.56377317379042 195.61767268745075
1790 14446.8281519413 3.713809792720255e7 -2.1030072793382573 -7.57457134798455 -24.21128392805136 4.4376738948785 -134.94958193651996 -124.91201249019599 -136.00050013310602 -15.395937236403483 7.869926262104968
1791 14465.432382822037 3.714286373922214e7 -2.1009530790865654 -7.572474612303273 -24.213480813506763 4.4367490645972225 -134.95013075366552 -124.88358407850313 -135.95698023510244 -15.273633417960696 7.990356250551713
1792 14483.166496992111 3.906209846422015e7 -39.43878608471046 -74.31236025356586 51.48192890223703 123.47884350525291 -60.39154794807776 -125.68228556568351 -92.05840109269508 -2.2651022169706607 7.319556547198431
1793 14501.429262161255 3.97122511010515e7 -52.099793384982604 -96.94382730942854 86.61681239760284 164.93840564403155 -30.142288868726343 -118.77237327859484 -54.28826552231561 -3.0096333548762004 5.9809482533455025
1794 14520.047957897186 3.713979578938363e7 -2.1037910284760066 -7.575371335410642 -24.210446001251157 4.4380265866956705 -134.949372647917 -124.90730167374176 -135.99210071632183 -15.371745767116465 7.9018695936405265
1798 14564.251440048218 3.713809748372389e7 -2.103042686019517 -7.574607616653466 -24.211247819119436 4.437688889293824 -134.94957303644975 -124.91192336975837 -136.00050013310602 -15.395934162328842 7.869926262104968
1799 14583.15099644661 3.7137968676525705e7 -2.1029469690742175 -7.5745100615196765 -24.211345468397724 4.437648354534346 -134.9495970961273 -124.91225569603733 -136.00075836423218 -15.396853539733513 7.867673676514926
1800 14601.419039487839 3.713799471196552e7 -2.102766037267436 -7.574326201088583 -24.211530089321684 4.437571733440109 -134.94964257498694 -124.912049643035 -136.00075836423218 -15.396448942016093 7.867673676514926
1801 14619.394992113113 3.903811802910953e7 -58.75084190765865 -108.8328373917104 55.76082321840873 157.38786792627084 -30.666587104102746 -134.3923397540505 -62.72315023927513 -16.573047929250095 7.031624699909685
1802 14622.316867113113 3.9038120299227424e7 -58.7508819648864 -108.83287833752804 55.7608639093274 157.38788483537115 -30.666577061906168 -134.39228433379986 -62.72315023927513 -16.572935875167616 7.031624699909628
1803 14625.456500291824 3.713802754144115e7 -2.1034079142601385 -7.574980088123894 -24.210855302893698 4.437854508410467 -134.94947473689913 -124.9120276839995 -136.0001905534961 -15.397323825442243 7.867745190511187
1806 14634.147750377655 3.713981866975108e7 -2.1026832475484625 -7.57424135911223 -24.211616479862997 4.437535614428427 -134.94966401278344 -124.9060749599883 -135.98371211429264 -15.3662247661087 7.901505705003615
1807 14637.350781440735 3.713887591009333e7 -2.1025719679462647 -7.574127320040393 -24.211732799101043 4.437486983403133 -134.94969287167328 -124.91094265530012 -135.9955397141714 -15.385699224590894 7.883057091098067
1808 14640.10193991661 3.713981735969817e7 -2.102690382440194 -7.574248690001211 -24.211607116698858 4.437539364502243 -134.94966199577564 -124.90598815760137 -135.98371211429264 -15.366108544912663 7.901505705003615
1809 14642.848149061203 3.713856385588367e7 -2.1027377895947126 -7.57429725318949 -24.211559565636186 4.437559409694657 -134.94964988952694 -124.91126169748384 -135.99588882238686 -15.389265439577855 7.876309047996926
1810 14645.630196809769 3.714013314401477e7 -2.1025727694060095 -7.574129563804922 -24.211731890225124 4.437487401371186 -134.949692628504 -124.90563948267794 -135.98336300607713 -15.362428011041345 7.908253748104812
1811 14648.532235860825 3.7137972173748784e7 -2.102873409142987 -7.574435393767933 -24.21141992964538 4.437617718160993 -134.94961527308928 -124.91225954853178 -136.00075836423218 -15.396862953009531 7.867673676514926
1812 14651.408818006516 3.71379720338324e7 -2.102872746141589 -7.5744354102986176 -24.211418892659047 4.4376182180870245 -134.94961497727292 -124.91225954853178 -136.00075836423218 -15.396863571119468 7.867673676514926
1813 14654.75761294365 3.737188008240853e7 -13.007905444769573 -27.067243776721163 -18.766382972755245 23.625020500121565 -121.35810590880537 -131.96291924961133 -129.5727952694457 -13.604941866762829 10.865451784133086
1814 14657.745629787445 3.755126534819043e7 -19.76064840206416 -39.13779488154811 -9.146294477494699 39.558393838054414 -109.26328988890981 -133.08865193112268 -119.16455421725215 -13.539197868144527 10.719857861193987
1815 14660.566475629807 3.798313812901632e7 -14.763882117512068 -30.205922366952024 10.923442943680065 45.89717895037778 -104.70035691705087 -117.75299770781311 -97.74960180449165 -13.508723672864562 11.068903829474209
1816 14663.695836782455 3.7955460031077385e7 -17.527073821555827 -35.14521322111972 0.11586637136726097 61.620149892051586 -100.19366665010955 -125.61541448191758 -122.8667692733273 -16.6260067408885 7.061178181635228
1817 14666.686254024506 3.827455775627196e7 -13.109329759901005 -27.248585304218135 21.708919143940363 47.108746431102944 -108.73910323498369 -117.8054469289608 -111.3829805037289 0.6346406745125819 11.568996465232146
1818 14669.524101257324 4.8863787439567104e7 -18.3616209382454 -74.00327547547127 56.96327236834727 55.21841442331147 -103.85299467834112 -88.88561767032638 -28.740086786136885 128.5445404171486 195.56878089419013
1819 14672.57239818573 3.7139365634800635e7 -2.1029113179075587 -7.574474794452797 -24.211378186885582 4.437635449360215 -134.94960456673078 -124.90675230537812 -135.98889123574781 -15.371838751863606 7.895665017178203
1820 14675.631954431534 3.714012062469948e7 -2.1022232327142767 -7.573774610466746 -24.212083951061537 4.437341869601454 -134.9497790118981 -124.9057905262377 -135.98341482903703 -15.362729828051215 7.908253748104812
1822 14681.56695842743 3.7140336572642185e7 -2.1020932878885183 -7.573645276299191 -24.21214393765539 4.437324327164831 -134.94978994019993 -124.90456778672461 -135.98582800307514 -15.353094894101105 7.916909985378027
1823 14684.427757263184 3.714033640288558e7 -2.1020935773427034 -7.573645403136119 -24.212143716012818 4.437324445206954 -134.94978984760303 -124.90456778672461 -135.98582800307514 -15.353095795154786 7.916909985378027
1824 14687.510500192642 3.713802748615834e7 -2.1033839524821545 -7.5749554066599085 -24.210882276401172 4.437843037348998 -134.9494815371505 -124.9119998329329 -136.0001905534961 -15.397267751666334 7.867745190511187
1827 14712.501066207886 3.713799284899112e7 -2.1027622045603636 -7.574322621451843 -24.211538730000015 4.437567185233121 -134.94964547945906 -124.91204510827288 -136.00075836423218 -15.396495898303556 7.867673676514926
1828 14731.007518529892 3.713860334192292e7 -2.1027507063798936 -7.574311882481078 -24.211564652034134 4.437553540609315 -134.94965419287723 -124.911004001008 -135.99588882238686 -15.388576219942877 7.877659869217894
1829 14750.161082267761 5.069747004061058e7 -75.01118670323032 -175.26328186952233 136.93717864003256 208.16934454992378 0.4304381896153835 -98.42190079681984 44.53171099123006 126.13147997562112 193.28006431529843
1830 14768.11521434784 5.0697469903224625e7 -75.01118776386745 -175.26328237234785 136.93717718148704 208.16934438894992 0.430438122725775 -98.42190079681978 44.53171099123006 126.13147852008649 193.28006431529843
1831 14787.189655303955 3.713803528621782e7 -2.1034402104928134 -7.575012814938908 -24.210822833501204 4.437867948630341 -134.94946678188728 -124.91195075965078 -136.0001905534961 -15.39716952475601 7.867745190511187
1835 14863.724779129028 3.714013632797145e7 -2.1025946419101835 -7.5741512408276765 -24.211698392102058 4.4375021308636065 -134.94968411766735 -124.9054696963749 -135.98336300607713 -15.362148476987159 7.908253748104812
1836 14882.6001329422 3.713900836792282e7 -2.1024465023145 -7.57399991421657 -24.211839915474805 4.437444480151456 -134.94971835216757 -124.91078086793169 -135.9958492937813 -15.384073811451742 7.885851774754656
1837 14902.951027154922 3.713887914004869e7 -2.1026036350644866 -7.57416279654271 -24.211690127971693 4.437505586384518 -134.94968205687013 -124.91077286899707 -135.9955397141714 -15.38541855346466 7.883057091098067
1838 14922.250302791595 3.713863271923867e7 -2.102641746163876 -7.574199417887506 -24.21165371896187 4.437520335388612 -134.94967329908275 -124.91129541189497 -135.9962810391428 -15.388847839602079 7.8780457832596085
1839 14941.320603370667 3.713863271875542e7 -2.1026438162249796 -7.574201535126125 -24.21165174230603 4.437521140815733 -134.94967282081558 -124.91129541189497 -135.9962810391428 -15.388847842939413 7.8780457832596085
1840 14959.72281908989 3.713856014411274e7 -2.1026818941963263 -7.574240480868127 -24.21161539361418 4.437535950296265 -134.9496640268879 -124.91129133022355 -135.99588882238686 -15.389378798559562 7.876309047996926
1841 14963.006145954132 3.713887388941986e7 -2.1025316224860227 -7.57408582326126 -24.211760782666545 4.437476636722948 -134.94969923779922 -124.91091018345219 -135.9955397141714 -15.385687987559379 7.883057091098067
1842 14966.183686971664 3.737187479103222e7 -13.007923719503783 -27.067262753963355 -18.76637272874853 23.625023370337317 -121.35810440468155 -131.9629192496114 -129.5727952694457 -13.604934897834141 10.865451784133086
1843 14985.805090904236 3.755127298186213e7 -19.760768134495883 -39.13791768877739 -9.146184692801555 39.55843759647203 -109.26326410918006 -133.08850695389407 -119.16455421725215 -13.538919764696686 10.719857861193816
1844 15006.077586650848 3.795546529952852e7 -17.52710079880457 -35.145235743247575 0.11590098091166823 61.62016237147466 -100.19365929848404 -125.61547107279102 -122.8667692733273 -16.625898614191556 7.061178181635398
1845 15024.599152326584 3.798320708664394e7 -14.763766368103887 -30.205806149773284 10.923305190119088 45.897120754803055 -104.70039174226946 -117.75222370401048 -97.75175104135894 -13.505619015643674 11.0718695480669
1846 15027.97424530983 3.827457583996032e7 -13.109368790307641 -27.248617395239293 21.70902751435454 47.10877051731296 -108.73908885502394 -117.80523674521402 -111.38286123499523 0.6351379197397478 11.569211735807244
1847 15031.017304182053 4.8863786489594705e7 -18.36140407395926 -74.00305406269149 56.96305746637271 55.21832564112155 -103.85304759897963 -88.88557910098086 -28.740308996162753 128.54441951003696 195.5687808941899
1848 15033.964385032654 3.713806099120054e7 -2.1035088574114127 -7.575084703025835 -24.2108244705011 4.437858183340225 -134.94947267497423 -124.91186948534659 -136.0001905534961 -15.396488044861712 7.86909601173204
1849 15037.343361854553 3.714390473862696e7 -2.1009325608608656 -7.572452763590329 -24.213498028543086 4.436740862097949 -134.95013666083491 -124.87851084858448 -135.9444939473983 -15.252982736722288 8.010753961517025
1850 15040.14500617981 3.795269888028253e7 -17.524895788081107 -35.14300753860236 0.1136235773201193 61.61922410377569 -100.19421761452503 -125.62140804536398 -122.88203323216845 -16.661622847140393 6.999669204390045
1851 15042.931383371353 3.713929468059366e7 -2.1034665026737294 -7.575040339850538 -24.210808969870612 4.43787249231184 -134.94946387388092 -124.90668005887659 -135.98801384540184 -15.373908801201196 7.892941847517875
1854 15052.047214746475 3.713856169215352e7 -2.102737107400216 -7.574296929707037 -24.211559213590817 4.437559231616817 -134.94965023622873 -124.9112292256359 -135.99588882238686 -15.389255033987581 7.876309047996926
1855 15055.326820611954 3.713799288327746e7 -2.102760080698456 -7.574321459875053 -24.21154035363967 4.4375666072217115 -134.94964582664545 -124.91204510827288 -136.00075836423218 -15.396495700522962 7.867673676514926
1856 15058.553118467331 3.713799296927559e7 -2.1027533319025693 -7.574313538092575 -24.211546072107808 4.437564337392402 -134.94964717890548 -124.91204510827288 -136.00075836423218 -15.396495173517792 7.867673676514926
1857 15061.36588549614 3.713799007994329e7 -2.102767405406663 -7.574327958605377 -24.21153385122657 4.437568790533831 -134.9496447230742 -124.9119755611759 -136.00075836423218 -15.396183430963845 7.868104890375946
1858 15064.175149440765 3.71380263569749e7 -2.1028375197853464 -7.574399538506519 -24.211506752405327 4.437574827262026 -134.94964101708106 -124.91191476068656 -136.00075836423218 -15.395716393143402 7.869024497735779
1859 15066.958153247833 3.713799291407248e7 -2.1027628514013266 -7.574322918898501 -24.211538805815103 4.437567129568805 -134.9496455092375 -124.91204510827288 -136.00075836423218 -15.396495604356005 7.867673676514926
1860 15069.807474136353 3.713798028566622e7 -2.102921042958325 -7.574484852282952 -24.21137624296105 4.437634776122792 -134.94960534166557 -124.91205803442358 -136.00075836423218 -15.396521378607872 7.867673676514926
1861 15072.699416160583 3.795564746888767e7 -17.52696592446186 -35.14510141568891 0.11576018056850756 61.62010507787649 -100.1936934393131 -125.6154281331219 -122.86494637658842 -16.625089514444312 7.061710607566511
1862 15075.849637269974 3.798319564188039e7 -14.763710914184486 -30.20574927048669 10.923249931808108 45.8970976010969 -104.70040543676392 -117.75237183205576 -97.75175104135894 -13.505914168567756 11.071869548066957
1863 15078.828082323074 3.803099068810089e7 -25.668753475433792 -49.698568273149036 16.36830869948581 65.08451202395493 -91.10888932503539 -125.20741923273965 -92.04877929883554 -14.403776739527927 10.238216294627364
1864 15081.826708078384 3.8352773178997844e7 -24.014497205437596 -46.741522851991895 27.154164783127555 66.29621243582704 -95.14755617668412 -124.92190539598198 -105.0151550404305 0.3005644150300668 10.54827651337655
1865 15084.944103002548 3.828566222842375e7 -46.09002952298569 -86.20152622306973 20.62618888247175 115.92839366600498 -60.91579336393886 -141.61358242331386 -101.11575651654601 -17.211991514939427 6.221093458714051
1866 15087.837167024612 4.8863779892381266e7 -18.361584695453725 -74.00323853776794 56.963231380211845 55.21839628676585 -103.85300565240823 -88.88569251980186 -28.740086786136885 128.54439633318873 195.56878089419
1868 15093.786522865295 3.713811534957023e7 -2.1034199433516854 -7.5749855363260945 -24.210892870509376 4.437834269135536 -134.9494863411515 -124.91112383257354 -135.99528044937108 -15.396202153779313 7.881386906063483
1869 15096.856626749039 3.835375650276879e7 -24.013926403470702 -46.74112358920646 27.15176027720191 66.29566821488712 -95.14788540231923 -124.9199505351591 -105.01310601865919 0.30939006940570835 10.570483264934182
1870 15100.056226015091 3.7139235149380624e7 -2.1030477128286265 -7.574614056365217 -24.211252044675817 4.437686291074641 -134.94957451048032 -124.90665712788336 -135.98801384540184 -15.373926408671139 7.892328235455125
1873 15157.762187957764 3.713799236259071e7 -2.102760803238507 -7.574321136113724 -24.21153752358721 4.437567978147584 -134.9496450240178 -124.91201717118696 -136.00075836423218 -15.39643963304178 7.867673676514926
1874 15176.435999155045 3.713799248683406e7 -2.1027600086091347 -7.574320792177941 -24.211536031145997 4.437568872193111 -134.94964450673947 -124.91201717118696 -136.00075836423218 -15.396438913587929 7.867673676514926
1875 15195.24677491188 3.713855910654006e7 -2.1026796639846985 -7.574238288139735 -24.21162147802243 4.437532949515784 -134.9496658199938 -124.91134566076238 -135.99588882238686 -15.389486412072927 7.876309047996926
1876 15214.264304637909 3.713799261323063e7 -2.1027257062117073 -7.574285431891729 -24.211558265897153 4.437561353752685 -134.94964888339382 -124.91204510827288 -136.00075836423218 -15.396497263518427 7.867673676514926
1877 15232.68525481224 3.713864840657022e7 -2.102616210962367 -7.574173863003541 -24.211616873605365 4.437543859303318 -134.949659095203 -124.9103801493572 -135.99799241681507 -15.38119753406653 7.882170601613552
1878 15251.061024188995 3.714273297257792e7 -2.1009346574916385 -7.572453762978906 -24.213491401772302 4.43674693458145 -134.95013187694695 -124.88364267020279 -135.95667065549253 -15.275104008533901 7.987561566895181
1879 15270.27509522438 3.802990279578607e7 -25.666677346755602 -49.69644945640243 16.366238199145933 65.08366342289436 -91.10939391063336 -125.21168846798133 -92.06060933259221 -14.417111419032153 10.216837611104381
1880 15288.920756340027 3.7139228866703965e7 -2.1029829932956865 -7.574548165152917 -24.21131616094106 4.43765975136985 -134.94959032925092 -124.90677051088409 -135.9885816561379 -15.373486905248626 7.892870333521614
1884 15364.957377672195 3.713855995078994e7 -2.1027040486303967 -7.574263277542331 -24.211581357349658 4.437551609085958 -134.949654681438 -124.91129133022343 -135.99588882238686 -15.389379937023193 7.876309047996926
1885 15368.390141487122 3.713856121683362e7 -2.1027184654795477 -7.5742778762296386 -24.211566329685425 4.437557937757191 -134.94965091441424 -124.9112292256359 -135.99588882238686 -15.389257815506198 7.876309047996926
1886 15371.972586631775 3.71385611874443e7 -2.1027195981415367 -7.574279151924895 -24.21156481315598 4.437558589545105 -134.94965052642442 -124.9112292256359 -135.99588882238686 -15.389257951945922 7.876309047996926
1887 15391.050292730331 3.713856118455254e7 -2.102721466813197 -7.574282111596332 -24.21156289728868 4.4375594238040605 -134.94965003205684 -124.9112292256359 -135.99588882238686 -15.389257968783 7.876309047996926
1888 15413.213680744171 3.713808184617179e7 -2.102643433750174 -7.574201391800294 -24.211597225250273 4.437550803687259 -134.94965508266426 -124.91110145555865 -136.0028619586604 -15.388310358040314 7.8735352301315515
1889 15432.863365888596 3.713924984237904e7 -2.102722133844992 -7.574281777741804 -24.211562001278722 4.43755977722698 -134.9496498232412 -124.9067419356507 -135.9885816561379 -15.37322678503682 7.892870333521614
1890 15435.705405950546 3.713856364281503e7 -2.1027258919073475 -7.574285613741873 -24.211559999519174 4.4375607625789115 -134.9496490407072 -124.91126169748395 -135.99588882238686 -15.389266761571662 7.876309047996926
1891 15438.541522979736 3.7371903357792415e7 -13.00779385283845 -27.067130068917045 -18.766486566052734 23.624978394429974 -121.35813107846454 -131.96243466622934 -129.5727952694457 -13.603977955929679 10.865451784133086
1892 15441.405272245407 3.7635511632207364e7 -30.665802876858965 -58.63072810949555 -3.701122488962014 58.745853792990175 -95.67174674457749 -140.67450813410494 -113.72841766784978 -13.793747555954269 10.728594414882707
1893 15444.541775226593 3.795564723923839e7 -17.526940103854287 -35.14507972891519 0.1157281113002071 61.620093330728 -100.19370045559717 -125.61533075466343 -122.86494637658842 -16.625089745315734 7.061710607566681
1894 15447.635605096817 3.7983191326154895e7 -14.763670966754379 -30.205708526553863 10.923233040083986 45.8970935656926 -104.70040779563658 -117.752382157944 -97.75175104135894 -13.50597595787076 11.071762538575285
1895 15450.788377046585 3.82745583615476e7 -13.109328267018768 -27.248577828873092 21.70899014721801 47.108761715456964 -108.73909407617283 -117.80542070239392 -111.3829805037289 0.6346904174816927 11.568996465232146
1896 15453.60852432251 4.8863778399663836e7 -18.361541153139807 -74.00319408713011 56.96320351698951 55.21838676262054 -103.85301124892875 -88.88579574163782 -28.740086786136885 128.54419068964125 195.56878089419013
1897 15456.728162288666 3.714390424660855e7 -2.100685711945257 -7.572209528283764 -24.213592098308723 4.436722274719003 -134.9501465456603 -124.87861353116597 -135.94480352700816 -15.253280423199499 8.010289469930342
1898 15459.933811426163 3.714390424660855e7 -2.100709819509458 -7.572234152438629 -24.213567590793915 4.436732453000573 -134.95014050046615 -124.87861353116597 -135.94480352700816 -15.253280423199499 8.010289469930342
1899 15462.887236356735 3.7137972779006414e7 -2.102828643378544 -7.574390224025514 -24.211477113372617 4.437592235903722 -134.94963049869565 -124.91221824788835 -136.00075836423218 -15.39661179638125 7.868104890375946
1902 15471.751081228256 3.7137946458151065e7 -2.1026978949147654 -7.574257030496582 -24.21156866677616 4.4375592860376685 -134.94965008515302 -124.91215575278494 -136.00075836423218 -15.397158599948511 7.866527042664131
1903 15475.182410001755 3.7138132411595754e7 -2.102614460826061 -7.574171826109373 -24.211599869431005 4.437553082884648 -134.94965369043487 -124.91085272417644 -136.0028619586604 -15.387389413564392 7.874648737673908
1905 15481.352786064148 3.714124153771007e7 -2.104345004830247 -7.575930416669715 -24.210027207218438 4.438181646154078 -134.9492813066469 -124.90152177437574 -135.97980239945423 -15.346310022458454 7.9309766048902475
1906 15484.20594215393 3.7139999877233565e7 -2.1043565103809208 -7.575942168767918 -24.210023078029387 4.438183409190799 -134.94928005613875 -124.9060275208625 -135.98706900342347 -15.369651662589717 7.917419663215128
1907 15487.105617284775 3.713797653920162e7 -2.102818159954584 -7.574379582411099 -24.211483048365167 4.437590320919341 -134.94963165410516 -124.91225985789941 -136.00075836423218 -15.396859448347357 7.867673676514926
1910 15496.197394132614 3.7137947028900094e7 -2.1026947925200794 -7.574253863367984 -24.21157192008338 4.437557771302281 -134.949651063786 -124.91215575278483 -136.00075836423218 -15.397155295948778 7.866527042664188
1911 15499.149088144302 3.713794125502828e7 -2.102699917838951 -7.57425909285087 -24.211564855711863 4.437561083505287 -134.9496490208305 -124.91221047724196 -136.00075836423218 -15.397265569791386 7.866527042664131
1912 15502.272447347641 3.7138081834054634e7 -2.10261788730924 -7.574175309290972 -24.211605336390235 4.437549689438839 -134.9496557156229 -124.91110145555865 -136.0028619586604 -15.388310426402995 7.8735352301315515
1913 15505.395928382874 3.713920366876364e7 -2.1026974231437237 -7.574256549328721 -24.211569396921853 4.4375589433360005 -134.94965028994247 -124.90685258016276 -135.9885816561379 -15.373888222670018 7.89172369967082
1914 15508.640353441238 3.713850914702771e7 -2.1026552315147384 -7.574213449824052 -24.211610673780065 4.437542007883891 -134.94966034971353 -124.91148463627843 -135.99588882238686 -15.390204115179188 7.875162414146132
1915 15529.002595424652 3.7137946443737894e7 -2.102697657614325 -7.574257198468898 -24.211569449785223 4.437558909966839 -134.94965030753946 -124.91215575278494 -136.00075836423218 -15.397158681504038 7.866527042664188
1916 15547.417575120926 3.7137946400498435e7 -2.102696945712296 -7.574257702385106 -24.211571798812457 4.437557781754563 -134.9496509746985 -124.91215575278494 -136.00075836423218 -15.39715892617096 7.866527042664188
1917 15550.499345064163 3.71385597094038e7 -2.1026948099987024 -7.574259214125668 -24.211578845893307 4.437554397117438 -134.94965297617682 -124.91129133022355 -135.99588882238686 -15.389381312373189 7.876309047996926
1918 15554.109992027283 3.795267751760218e7 -17.525115872667403 -35.14317801738046 0.11391060161641064 61.61932490090949 -100.19415653276246 -125.62143434116973 -122.88203323216845 -16.661957147958105 6.99893887355978
1919 15576.782971143723 3.796196142259728e7 -17.52854128698904 -35.14667708175505 0.11739339836424278 61.62077133141379 -100.19329746631843 -125.61255010939362 -122.85867948877205 -16.587769831479136 7.207873741252172
1920 15598.127805948257 3.713797641063195e7 -2.1027786901170344 -7.574339642197616 -24.211502576647973 4.4375848411339405 -134.949634861397 -124.91225985789941 -136.00075836423218 -15.396860179359635 7.867673676514926
1924 15626.85004901886 3.713794194463934e7 -2.102686925000981 -7.574247017560785 -24.211576332801556 4.4375565524533584 -134.9496517196959 -124.91223841432787 -136.00075836423218 -15.397320651871269 7.866527042664188
1925 15629.837640285492 3.7137942454543866e7 -2.102656862849141 -7.574214963069622 -24.211589934770593 4.437552864549076 -134.94965395468682 -124.91223841432787 -136.00075836423218 -15.397317722188404 7.866527042664188
1926 15632.769591331482 3.80299044703885e7 -25.667970404172127 -49.6977790049753 16.367400214310784 65.0841247522649 -91.10912040674212 -125.21145689296873 -92.06056174170897 -14.417219732244803 10.216504215189047
1927 15636.134231328964 3.8029904468796365e7 -25.667970475161002 -49.697779044855864 16.36740023084122 65.08412475923693 -91.10912040185359 -125.21145689296873 -92.06056174170897 -14.417219739484608 10.216504215189047
1928 15639.107078313828 3.7137930267233334e7 -2.102752594000332 -7.5743130241447005 -24.21151486000612 4.437581529193693 -134.94963681044766 -124.91237050241142 -136.00075836423218 -15.397521456416484 7.866527042664188
1931 15648.693539142609 3.713865188547617e7 -2.1026337386736884 -7.574192150059993 -24.211605816995935 4.43754709246214 -134.94965748283894 -124.91028557292168 -135.99799241681507 -15.381062632380804 7.882170601613552
1932 15652.00038099289 3.713877877835575e7 -2.102638810910662 -7.574197584661247 -24.211601674140518 4.437548628502682 -134.94965654625048 -124.91025054465041 -135.99830199642497 -15.379635196849677 7.884965285270084
1933 15655.016211032867 3.713851149039349e7 -2.1026440502694754 -7.574202295179788 -24.21159875230365 4.437549659333925 -134.94965591237244 -124.9114225316909 -135.99588882238686 -15.390075761872424 7.875162414146132
1934 15657.860732078552 3.713797891967875e7 -2.102647867554346 -7.574201692822411 -24.21159705962289 4.437549968397178 -134.94965569732062 -124.91217557876564 -136.00075836423218 -15.396940988073482 7.867178221664005
1935 15660.931364059448 3.7137942663627446e7 -2.102651267419784 -7.5742094308173495 -24.21159378522313 4.437551464943908 -134.94965480954022 -124.91223841432787 -136.00075836423218 -15.397316523438064 7.866527042664188
1936 15664.001538276672 3.713919975198592e7 -2.10265399585602 -7.574212121572593 -24.21159183854774 4.437552167769098 -134.94965438343402 -124.90693524170575 -135.9885816561379 -15.374047208587626 7.89172369967082
1937 15667.743400335312 3.71379424080042e7 -2.102658107754273 -7.574216193899703 -24.211589077847236 4.437553176080968 -134.94965376440837 -124.91223841432787 -136.00075836423218 -15.397317989016415 7.866527042664188
1938 15670.888833522797 3.737194463255428e7 -13.007761464874562 -27.067097206559573 -18.766475649878025 23.62498828041352 -121.35812525274635 -131.9624762400407 -129.5727952694457 -13.603198874109808 10.867260138262338
1939 15674.079197645187 3.755127013531888e7 -19.760550006220086 -39.137694487267986 -9.146345063584256 39.558378630148596 -109.26329907154968 -133.0885997954577 -119.16455421725215 -13.538895375049776 10.720398154763302
1940 15676.938175678253 3.795561140254511e7 -17.526901608175713 -35.14505343977891 0.1156744265475993 61.62007531689797 -100.19371151777884 -125.6153785449207 -122.86494637658842 -16.625302234064065 7.060908179551916
1941 15679.885372638702 3.79832617113262e7 -14.763575644941643 -30.205611799360007 10.923171219146433 45.89707347931474 -104.70041985916416 -117.7525737870028 -97.75210260306295 -13.505669391506274 11.074482527838768
1942 15682.90426158905 3.8274579215507075e7 -13.109257813056843 -27.24850654672229 21.70894055118066 47.108748237646125 -108.73910236959426 -117.80540891125321 -111.3829805037289 0.6345262863579251 11.569128067379893
1943 15686.043359518051 4.886383442737733e7 -18.361496401079467 -74.00314825291278 56.963191142089016 55.21838637786388 -103.8530114514575 -88.88550445611702 -28.740086786136885 128.54522137633626 195.5699541583898
1944 15689.528279542923 3.71394685220295e7 -2.1025666762291806 -7.57411879942809 -24.21163074069279 4.43754180082928 -134.9496606596657 -124.905204148628 -135.99068525056612 -15.363216152604764 7.901487622303534
1946 15712.236723184586 3.835300939919847e7 -24.014976104436496 -46.74184849425143 27.156241296920328 66.29668729032413 -95.14726755308718 -124.9206365064752 -105.01446388805283 0.3039208279405443 10.551535684674775
1947 15731.112413406372 3.835300940229259e7 -24.01496939321247 -46.741842051609716 27.156232382145156 66.29668517910841 -95.14726882009822 -124.9206365064752 -105.01446388805283 0.303920869666058 10.551535684674775
1948 15750.028219223022 3.713792580585967e7 -2.1027049851322985 -7.574264376364415 -24.21154668068594 4.437570283708979 -134.94964353006134 -124.91246705642777 -136.00075836423218 -15.397773418034774 7.866527042664188
1951 15806.64655828476 3.713980491846868e7 -2.1026439040204714 -7.574198626431945 -24.211600200741636 4.437548830658258 -134.94965639432644 -124.90605652350655 -135.98371211429264 -15.366430590529205 7.901010250152751
1952 15825.816232442856 3.713919996635892e7 -2.102644281600906 -7.574199830650928 -24.21159918330553 4.437549263790771 -134.94965613639533 -124.90693524170575 -135.9885816561379 -15.374046025806024 7.89172369967082
1953 15828.7611784935 3.7139199930953875e7 -2.1026458378205675 -7.574201653380131 -24.211598065647514 4.437549697767395 -134.94965587140294 -124.9069352417057 -135.9885816561379 -15.374046214285329 7.8917236996709335
1954 15832.003043413162 3.713919985002472e7 -2.1026492250307633 -7.574205776555138 -24.211595549445647 4.437550678565756 -134.94965527917736 -124.90693524170575 -135.9885816561379 -15.374046645111662 7.8917236996709335
1955 15850.55031657219 3.7138169961331256e7 -2.102499602667475 -7.574054488850734 -24.211660532301458 4.437534813781667 -134.94966453644383 -124.91084855971803 -136.0028619586604 -15.386994944510604 7.875639786296972
1956 15869.003522396088 3.713794263722801e7 -2.1026502184657048 -7.574206929495684 -24.211594906170504 4.437550932128431 -134.94965512188176 -124.91223841432787 -136.00075836423218 -15.397316620609558 7.866527042664188
1957 15888.771195411682 3.713794390081027e7 -2.1026582478488614 -7.574217722918208 -24.21158874495096 4.437553030731891 -134.94965405104753 -124.91213678296236 -136.00075836423218 -15.397309370535822 7.866527042664188
1958 15892.249913454056 3.737188762521294e7 -13.007772440920668 -27.067108333807425 -18.766468054671442 23.62499105771849 -121.35812355915982 -131.96261282452542 -129.5727952694457 -13.604017057458805 10.865844682667102
1959 15895.212442398071 3.75512700758629e7 -19.76054593706576 -39.13769078907753 -9.146347787815934 39.55837766864586 -109.26329966088574 -133.0885997954577 -119.16455421725215 -13.538896221283267 10.720398154763302
1960 15898.079574346542 3.7955611348440856e7 -17.526904593642637 -35.14505654765915 0.11567762529681858 61.62007657210704 -100.19371075253989 -125.6153785449207 -122.86494637658842 -16.625302292907918 7.0609081795520865
1961 15901.134410381317 3.7983261647755764e7 -14.763593384573827 -30.205631639091322 10.923186237164302 45.89707875384457 -104.70041661795702 -117.75257378700275 -97.75210260306295 -13.505671692591534 11.074482527838768
1962 15904.284471273422 3.827457657382264e7 -13.109245951698323 -27.248495653633416 21.70891948548349 47.10874404985488 -108.73910471974202 -117.80552771188428 -111.3829805037289 0.6345289220521977 11.569128067379893
1963 15907.441678285599 4.8864034814909816e7 -18.36149078772684 -74.00314297957154 56.963192318727465 55.21838571060874 -103.85301186287472 -88.8851146941364 -28.740086786136885 128.5478506506489 195.57476903093198
1964 15910.327810287476 4.992033874003244e7 -48.68050124418795 -128.19822547780916 107.1633883578517 131.79881321744045 -47.91737554936497 -90.24196012721723 25.739857184929065 129.46237513834933 197.29926640099518
1965 15913.084154367447 5.093348431743208e7 -59.687279146094625 -147.87264387499818 153.08450773347218 174.470106141874 -21.70676402966598 -82.96450018032698 50.77782080140139 143.5967670216187 197.3444875122533
1966 15915.940331459045 3.713792625013715e7 -2.1026915872484793 -7.574250595352217 -24.211553686003754 4.437568093994372 -134.94964488086737 -124.91246705642777 -136.00075836423218 -15.397770849599965 7.866527042664131
1970 15928.119888544083 3.713794252361009e7 -2.102663182588401 -7.574220795060267 -24.21158923436346 4.437552392572812 -134.94965425305838 -124.91223841432787 -136.00075836423218 -15.397317319546744 7.866527042664188
1971 15931.115809679031 3.71379425210021e7 -2.1026629439350337 -7.5742205748246985 -24.211589260817917 4.437552410393451 -134.94965424179264 -124.91223841432787 -136.00075836423218 -15.397317334751108 7.866527042664131
1972 15934.058987617493 3.7137943026836246e7 -2.102650682997968 -7.574209034984376 -24.21159198025233 4.437552414853101 -134.94965429409703 -124.91223841432787 -136.00075836423218 -15.397314413958952 7.866527042664188
1973 15937.050922632217 3.7139199715090975e7 -2.102661736862533 -7.574219449527522 -24.21158942323595 4.437552474225981 -134.9496542028038 -124.90693524170575 -135.9885816561379 -15.374047382428614 7.8917236996709335
1974 15940.178090572357 3.713794246904665e7 -2.10265820637985 -7.574216191910301 -24.21158978397512 4.43755276651504 -134.94965401603963 -124.91223841432787 -136.00075836423218 -15.397317637639958 7.866527042664131
1975 15943.09140253067 3.713933886708645e7 -2.1026359479189765 -7.574191571090488 -24.2115949733073 4.437552789439863 -134.94965394911475 -124.90577034585061 -135.99068525056612 -15.364982222481899 7.89873188713824
1976 15945.982129573822 3.713794248964267e7 -2.1026581877280606 -7.574216077508472 -24.21158976228591 4.437552809795335 -134.94965398842794 -124.91223841432787 -136.00075836423218 -15.397317551826859 7.866527042664131
1977 15949.101090669632 3.737188763012042e7 -13.007771414328662 -27.067107041224002 -18.766468944040156 23.624990685405777 -121.35812378533913 -131.96261282452542 -129.5727952694457 -13.604016890521791 10.865844682667102
1978 15952.158463001251 3.755132190320655e7 -19.760524153427024 -39.13767027029383 -9.146351167780402 39.558378742656416 -109.26329897069286 -133.08857683934247 -119.16455421725215 -13.5382921210184 10.721840405705962
1979 15955.31082201004 3.795561133908618e7 -17.526899084468035 -35.14505319240219 0.11566966943152579 61.6200739595095 -100.19371234667287 -125.6153785449207 -122.86494637658842 -16.625302277670244 7.060908179551916
1980 15958.789095878601 3.798326169595697e7 -14.763583304810005 -30.205619097133905 10.923175981868276 45.897074817880224 -104.70041903254484 -117.75257378700275 -97.75210260306295 -13.505670195307289 11.074482527838768
1981 15961.68827176094 3.8274574741255336e7 -13.109235508359355 -27.248485551438975 21.708933242962516 47.10874749570934 -108.73910256658087 -117.80555995675547 -111.3829805037289 0.6344659059008677 11.569128067379893
1982 15964.659811496735 4.88637163755414e7 -18.36147701313828 -74.00312870863549 56.963184176608465 55.21838384976401 -103.85301298151496 -88.88609178492169 -28.74231602215741 128.54318443185514 195.56582535227915
1983 15983.332801580429 3.713851054574873e7 -2.102676063538432 -7.574237010488856 -24.211583727502926 4.437553976421839 -134.9496532503373 -124.9114225316909 -135.99588882238686 -15.390081195393748 7.875162414146189
1984 16001.53726387024 5.0572727123935685e7 -64.1045707792437 -155.76884747711284 131.49052182511448 188.98126947199256 -13.161471089824698 -90.88645661500658 39.07202757995367 125.66177669228398 192.51674862830782
1985 16020.67972278595 5.093351412867513e7 -59.686986928427544 -147.87241766714374 153.08352888291884 174.46988386679647 -21.706898187158895 -82.96522283122738 50.77858339729096 143.59563338780663 197.3439563376562
1986 16024.010655641556 3.713856128285336e7 -2.1027065976798625 -7.574264816288929 -24.21157301586681 4.437555758040574 -134.9496522139356 -124.9112292256359 -135.99588882238686 -15.389257410724667 7.876309047996926
1989 16069.454770803452 3.713794250015489e7 -2.102661174552228 -7.574218334783488 -24.211585376307525 4.437554735504435 -134.94965284869667 -124.91223841432787 -136.00075836423218 -15.397317463965805 7.866527042664188
1990 16087.846173763275 3.7138082465704344e7 -2.1026251560826026 -7.574182572152976 -24.211604301041625 4.437549150597292 -134.9496561331906 -124.91110145555865 -136.0028619586604 -15.388306793028676 7.8735352301315515
1991 16090.637537956238 3.713794273806402e7 -2.1026521907627647 -7.574210074450951 -24.211594385817477 4.437550971184848 -134.9496551183628 -124.91223841432787 -136.00075836423218 -15.397316078630297 7.866527042664188
1992 16093.673179149628 3.713919966752426e7 -2.1026568628985416 -7.574214964494583 -24.211589906782528 4.437552876104263 -134.9496539485953 -124.90693524170575 -135.9885816561379 -15.374047623900708 7.89172369967082
1993 16097.186324357986 3.7137942455609836e7 -2.1026569882309936 -7.574215095298721 -24.21158980508669 4.437552918725046 -134.94965392263114 -124.91223841432787 -136.00075836423218 -15.397317716153736 7.866527042664188
1994 16100.100041389465 3.713794246487783e7 -2.102658070130264 -7.574216242888587 -24.21158867937166 4.437553389239525 -134.9496536445605 -124.91223841432787 -136.00075836423218 -15.397317663683168 7.866527042664131
1995 16103.054150342941 3.737188762946075e7 -13.007763685545473 -27.067098922310144 -18.766476752425575 23.624987445921818 -121.3581257020587 -131.96261282452542 -129.5727952694457 -13.604017155169686 10.865844682667102
1996 16105.973464488983 3.7371887649051026e7 -13.007785272037932 -27.067121843011932 -18.766454125346108 23.624996907093006 -121.35812010590945 -131.96261282452537 -129.5727952694457 -13.604016337226312 10.865844682667102
1997 16108.803744316101 3.755126426465885e7 -19.760542898638803 -39.13768735911364 -9.146350475306484 39.55837657808149 -109.2633003124252 -133.08866630091228 -119.16455421725215 -13.539027305221737 10.720398154763245
1998 16111.830836296082 3.7955611387713656e7 -17.526905057901352 -35.14505688664426 0.1156780363418406 61.62007678227816 -100.19371064154099 -125.6153785449207 -122.86494637658842 -16.625302246461274 7.060908179551916
1999 16114.80674815178 3.803094616583733e7 -25.668708704554977 -49.69852297635771 16.36831006151978 65.0845184782131 -91.10888540599818 -125.20750930164434 -92.04877929883554 -14.404222955200737 10.237521940494503
2000 16117.677046060562 3.8274576566004544e7 -13.109250880121792 -27.24850108125861 21.708927436564707 47.10874612511796 -108.73910345599967 -117.80552771188428 -111.3829805037289 0.6345291196002449 11.569128067379893
2001 16120.678639888763 4.886382553457762e7 -18.361483345208185 -74.00313497103956 56.96318337226679 55.21838321309913 -103.85301338157552 -88.88556312888767 -28.740086786136885 128.54486927940934 195.5699541583898
2002 16123.564070940018 3.826113428237582e7 -32.4215436407699 -61.76917392531395 25.98838796164287 81.017876312342 -79.01407906035737 -126.33715919777194 -81.63800024658411 -13.572477184394756 11.135416079908225
2003 16126.699640989304 3.826113428237161e7 -32.42154358814352 -61.769173871369034 25.988387937716922 81.01787630591713 -79.01407906409014 -126.33715919777194 -81.63800024658411 -13.572477184429033 11.135416079908225
2004 16129.585602998734 3.713851109471065e7 -2.1026785002008204 -7.574236259890034 -24.211585712030242 4.437552330399612 -134.9496543092103 -124.9114225316909 -135.99588882238686 -15.390078022772798 7.875162414146189
2008 16141.88217163086 3.7138082517354876e7 -2.1026402500729766 -7.574198108678193 -24.211597826657922 4.43755071102639 -134.94965522715822 -124.91110145555865 -136.0028619586604 -15.388306493037078 7.8735352301315515
2009 16145.446695566177 3.713794259843332e7 -2.1026514837012726 -7.574209364858495 -24.211592167957 4.437552304938677 -134.9496543017491 -124.91223841432787 -136.00075836423218 -15.397316891183152 7.866527042664131
2010 16148.25706243515 3.713794248463418e7 -2.102659528763059 -7.5742172867464745 -24.211589176742123 4.4375529094440935 -134.94965393530924 -124.91223841432787 -136.00075836423218 -15.397317547314628 7.866527042664131
2011 16151.2394926548 3.7137942496026866e7 -2.1026610991071486 -7.57421938416503 -24.21158836211724 4.43755316462898 -134.94965378647333 -124.91223841432787 -136.00075836423218 -15.397317481105006 7.866527042664131
2012 16153.958194732666 3.7138511002839044e7 -2.102647800883993 -7.574205686927423 -24.211598566824478 4.437549354668391 -134.94965603718498 -124.9114225316909 -135.99588882238686 -15.390078556943024 7.875162414146189
2013 16157.546579837799 3.713794243307445e7 -2.1026552291368503 -7.574213298137169 -24.211590522186633 4.437552751723388 -134.94965401845377 -124.91223841432787 -136.00075836423218 -15.397317838173478 7.866527042664131
2014 16160.99375987053 3.7137942368666165e7 -2.102650327999676 -7.57420830333893 -24.2115922844346 4.437552413246664 -134.9496542097537 -124.91223841432787 -136.00075836423218 -15.397318186129326 7.866527042664131
2015 16179.721891641617 3.7138209405107304e7 -2.1026356245820708 -7.574193318938798 -24.211597571179297 4.4375513978159375 -134.9496547836544 -124.91106642728738 -136.00317153827024 -15.386879111260441 7.876329913788084
2016 16197.818773031235 5.065846977666938e7 -44.79216937994655 -121.24814702456825 127.21068706612392 155.0720168387866 -42.886569973910774 -82.25818088685071 9.523513094216867 140.91487956036713 194.20734640229853
2017 16216.67935371399 5.065846977669224e7 -44.79216938071468 -121.24814702579319 127.2106870655931 155.07201683881675 -42.88656997381028 -82.25818088685071 9.523513094216867 140.91487956453614 194.20734640229864
2018 16220.09683561325 3.713856129648185e7 -2.1027044063267084 -7.574262797647355 -24.211573780973502 4.437555614672377 -134.94965230120965 -124.9112292256359 -135.99588882238686 -15.38925732512314 7.876309047996926
2022 16284.657981395721 3.713851105148813e7 -2.102648259100011 -7.574206116072357 -24.211597916527644 4.4375495920835135 -134.94965590831248 -124.9114225316909 -135.99588882238686 -15.390078241482684 7.875162414146132
2023 16288.101029396057 3.713794243045569e7 -2.102654349542483 -7.574212374663732 -24.21158993041665 4.437553153864442 -134.94965378117632 -124.91223841432787 -136.00075836423218 -15.397317828356279 7.866527042664188
2024 16291.060160398483 3.7138173481448814e7 -2.1025718272641 -7.574128102683227 -24.211627382612974 4.437543463874675 -134.94965946126322 -124.91078502995742 -136.0028619586604 -15.386870067561404 7.875639786296972
2025 16294.432886362076 3.713808295441466e7 -2.102641864023024 -7.574199712222258 -24.21159753854289 4.437550508059616 -134.94965541478163 -124.91110145555865 -136.0028619586604 -15.38830393422677 7.8735352301315515
2026 16297.251979351044 3.713794243027595e7 -2.102654250723379 -7.574212274822168 -24.21158999329424 4.437553134977605 -134.94965379166115 -124.91223841432787 -136.00075836423218 -15.397317826305596 7.866527042664188
2027 16300.377891302109 3.7137942397575036e7 -2.102653102187489 -7.57421214573036 -24.211590343496823 4.437553138771477 -134.94965378407687 -124.91223841432787 -136.00075836423218 -15.397318018742112 7.866527042664188
2028 16303.246121406555 3.713820956029725e7 -2.1026490838163063 -7.574207185901299 -24.21159285799898 4.437552238334391 -134.94965431268776 -124.91106642728738 -136.00317153827024 -15.386878254370004 7.876329913788084
2029 16306.262130260468 3.737195034728644e7 -13.007744890524108 -27.06708018069473 -18.766482920434385 23.624986586179446 -121.35812615285471 -131.9623954133512 -129.5727952694457 -13.603202116779869 10.867260138262225
2030 16309.436657428741 3.795561127727174e7 -17.526893014266506 -35.145046864484 0.11566328049687513 61.62007144233358 -100.1937138391083 -125.6153785449207 -122.86494637658842 -16.62530227095408 7.060908179551916
2031 16312.31026148796 3.798326170192138e7 -14.763574928050836 -30.205610711044592 10.923173907597779 45.89707464243277 -104.70041911254215 -117.75257378700275 -97.75210260306295 -13.505670579449998 11.074482527838825
2032 16315.379826784134 3.8274574748031445e7 -13.109235133155309 -27.2484855412759 21.708915259592715 47.108743272785105 -108.73910512774735 -117.80555995675547 -111.3829805037289 0.6344662815108109 11.569128067379893
2033 16318.47541975975 3.913925925345789e7 -24.381164361107803 -47.39703679068381 56.1189376735366 138.2520457361117 -49.0943150896628 -108.87779897588075 -86.83436141677106 -2.835418493008433 6.219081325064792
2034 16321.55353474617 4.886359370075678e7 -18.361472932706224 -74.00312444783494 56.96317861345115 55.21838206050131 -103.85301404252263 -88.88649640380908 -28.74231602215741 128.54117783343963 195.5627019071543
2035 16324.515761852264 3.7139198370787166e7 -2.1026992081599865 -7.574257163853623 -24.211563671181295 4.437561751209913 -134.94964861427414 -124.90690730461984 -135.9885816561379 -15.373995699512932 7.8917236996709335
2036 16327.368229866028 5.002012005864487e7 -62.34863216254391 -152.63026811710336 101.80066927637657 166.70912135797397 -29.81921511357088 -105.40854250624079 6.6400668219233125 126.40785490819007 193.52490734486014
2037 16330.13296842575 5.002012005849055e7 -62.348632153266855 -152.63026810727112 101.80066926676125 166.70912135456663 -29.819215115917732 -105.40854250624079 6.6400668219233125 126.40785491395866 193.52490734486014
2038 16333.197270393372 3.713794670521175e7 -2.102702987931167 -7.574261788315072 -24.211569079012456 4.437558357396583 -134.94965067645032 -124.91215575278494 -136.00075836423218 -15.397157209708155 7.866527042664131
2041 16342.749450922012 3.713808245993956e7 -2.1026416501851912 -7.574199403158852 -24.21159605604543 4.437551466758677 -134.94965477446132 -124.91110145555865 -136.0028619586604 -15.388306799450504 7.8735352301315515
2042 16345.584823608398 3.7137942654156655e7 -2.102650769104091 -7.574208760432686 -24.211592395425555 4.437552221468721 -134.94965436394952 -124.91223841432787 -136.00075836423218 -15.397316534226036 7.866527042664188
2043 16348.422499656677 3.7138082383865066e7 -2.102648413571373 -7.57420641734403 -24.211593065438464 4.437552218108252 -134.94965432687806 -124.91110145555865 -136.0028619586604 -15.388307216999408 7.8735352301315515
2044 16351.404645681381 3.713794238396494e7 -2.1026819210708787 -7.574240566455863 -24.211578026454312 4.437556080167695 -134.94965206092752 -124.91223841432787 -136.00075836423218 -15.397318098286348 7.866527042664131
2045 16354.492907762527 3.713794237395581e7 -2.1026457120591786 -7.574203586082589 -24.21159664485043 4.4375506432592715 -134.94965526115286 -124.91223841432787 -136.00075836423218 -15.397318155757546 7.866527042664131
2046 16357.370372772217 3.713794237058669e7 -2.1026504714763163 -7.574208852330036 -24.211592044544318 4.437552539653325 -134.94965413471118 -124.91223841432787 -136.00075836423218 -15.39731817510193 7.866527042664131
2047 16361.060716867447 3.713794234401151e7 -2.1026529918067 -7.574211035426385 -24.21159112628488 4.437552703561352 -134.94965403663053 -124.91223841432787 -136.00075836423218 -15.397318327692517 7.866527042664188
2048 16379.535812139511 3.7371944627842516e7 -13.00776663565738 -27.067102222994684 -18.766470487990787 23.624990441885117 -121.35812391822583 -131.96247624004076 -129.5727952694457 -13.603200751107067 10.867260138262225
2049 16397.935537815094 3.755132233928014e7 -19.760538961218412 -39.13768340765796 -9.146350790772352 39.55837689776297 -109.263300110768 -133.0885271308087 -119.16455421725215 -13.53819518006162 10.721840405706132
2050 16416.61993408203 3.7955611360719405e7 -17.526893485963036 -35.14504749381529 0.11566364437436505 61.620071649430315 -100.19371374075538 -125.6153785449207 -122.86494637658842 -16.625302202946045 7.060908179551916
2051 16435.288529872894 3.7983261695840724e7 -14.76358043386384 -30.205616321955734 10.923176471799728 45.897075246656854 -104.70041874637742 -117.75257378700275 -97.75210260306295 -13.505670846267208 11.074482527838768
2052 16453.78618788719 3.827457656556141e7 -13.1092418353496 -27.24849182430451 21.708923398378694 47.10874509333276 -108.73910405548824 -117.80552771188428 -111.3829805037289 0.6345294281342149 11.569128067379893
2053 16472.790979146957 4.886359399445744e7 -18.361474299995102 -74.00312582610317 56.96317971393021 55.21838250313816 -103.85301379189949 -88.8864516136245 -28.74231602215741 128.54126705727674 195.5627019071543
2054 16491.46773648262 3.71380821181805e7 -2.1026471633983874 -7.5742050493714785 -24.211593341532726 4.437552317400545 -134.94965422672522 -124.91110145555865 -136.0028619586604 -15.388308772205107 7.8735352301315515
2055 16510.426061868668 5.064581505184127e7 -20.21891468715775 -77.32319220444714 133.03591008841804 138.18903952795216 -48.19074310636064 -56.86746580392702 28.693035074641898 144.48392247376125 199.5485513063154
2056 16528.95184612274 5.064581505330716e7 -20.218913759320674 -77.32319145795387 133.03591187117806 138.1890398012804 -48.19074293373972 -56.86746580392702 28.693035074641898 144.48392247644904 199.5485513063154
2057 16548.57181286812 3.7137942684774585e7 -2.102656677815233 -7.574214544245079 -24.21159252585123 4.437551428220132 -134.9496548414675 -124.91223841432787 -136.00075836423218 -15.397316398371004 7.866527042664131
2061 16609.656373739243 3.713794262176175e7 -2.1026493758991904 -7.574207011289131 -24.21159321853277 4.437551992403414 -134.94965448899055 -124.91223841432787 -136.00075836423218 -15.397316756111081 7.866527042664188
2062 16612.73802280426 3.713794264008609e7 -2.102667147231145 -7.5742253922710585 -24.211585127511455 4.437554098769795 -134.9496532556509 -124.91223841432787 -136.00075836423218 -15.397316650012954 7.866527042664131
2063 16631.516677379608 3.7137942600558974e7 -2.10264970070687 -7.57420754509813 -24.21159388247669 4.437551604754702 -134.9496547177558 -124.91223841432787 -136.00075836423218 -15.397316878875927 7.866527042664131
2064 16651.188049793243 3.713794262363589e7 -2.102649411809061 -7.574207264295033 -24.211593111165847 4.437552053799607 -134.94965445257247 -124.91223841432782 -136.00075836423218 -15.397316745259786 7.866527042664131
2065 16669.82418203354 3.713794261907832e7 -2.1026498165991114 -7.5742076758035495 -24.211592926982476 4.437552103085281 -134.9496544229578 -124.91223841432787 -136.00075836423218 -15.397316771039812 7.866527042664188
2066 16672.61648106575 3.713794261095659e7 -2.102651058727446 -7.574208898597867 -24.21159238768751 4.4375522458634435 -134.94965433690146 -124.91223841432787 -136.00075836423218 -15.39731682700085 7.866527042664131
2067 16675.44231414795 3.713794258573935e7 -2.1026525281696493 -7.574210423102963 -24.211591692677807 4.437552431491071 -134.94965422571138 -124.91223841432787 -136.00075836423218 -15.397316964681522 7.866527042664188
2068 16678.256189107895 3.7371944631272025e7 -13.007761563548836 -27.0670969310652 -18.76647313872084 23.624989625862185 -121.358124432237 -131.96247624004076 -129.5727952694457 -13.603199551565012 10.867260138262225
2069 16681.261820316315 3.75513222494951e7 -19.760536036289444 -39.13768032098592 -9.146352508810232 39.55837630833412 -109.26330049129848 -133.0885271308087 -119.16455421725215 -13.53819649171362 10.721840405706018
2070 16684.825483322144 3.795561145888681e7 -17.526898425856423 -35.14505101344773 0.11567021524390242 61.620073873429135 -100.19371240951651 -125.6153785449207 -122.86494637658842 -16.625302177568983 7.060908179551916
2071 16687.840709209442 3.798326170983724e7 -14.763574828703597 -30.205610652792625 10.923172562474974 45.89707422913503 -104.7004194019555 -117.75257378700275 -97.75210260306295 -13.505669611759231 11.074482527838825
2072 16690.84746313095 3.827457657830053e7 -13.109244109497844 -27.248494092191425 21.708923557738103 47.108745053595655 -108.73910410861302 -117.80552771188428 -111.3829805037289 0.6345288166237992 11.569128067379893
2073 16693.70880651474 4.88635940000788e7 -18.36146639160229 -74.00311765259502 56.9631759390565 55.21838128955014 -103.85301454865223 -88.88633221508377 -28.74231602215741 128.54126815887173 195.5627019071543
2074 16696.59684753418 3.71380830424716e7 -2.102635346251482 -7.574192570218774 -24.21159886751635 4.43755062610731 -134.94965534293493 -124.91110145555865 -136.0028619586604 -15.388303462161957 7.8735352301315515
2075 16699.519314289093 3.7138511768574506e7 -2.1026793876192507 -7.574237799238606 -24.211586871429724 4.43755210345293 -134.9496541807536 -124.91151710812642 -135.99588882238686 -15.390211853301082 7.875162414146189
2076 16702.463128328323 3.713794275922705e7 -2.1026530278918507 -7.574210889201009 -24.211594113853025 4.437551034319014 -134.94965508045814 -124.91223841432787 -136.00075836423218 -15.397315980497751 7.866527042664131
2079 16711.07889342308 3.713794282725591e7 -2.1026559082110126 -7.574213740863545 -24.211593114596056 4.4375511693978495 -134.94965501463707 -124.91223841432787 -136.00075836423218 -15.397315573476817 7.866527042664188
2080 16713.933133363724 3.713794268553815e7 -2.102656701680594 -7.574214570540882 -24.21159250400143 4.437551436981636 -134.9496548363552 -124.91223841432787 -136.00075836423218 -15.39731639404016 7.866527042664188
2081 16716.91839838028 3.713808269746855e7 -2.1026409067820317 -7.574198436076276 -24.211599625656888 4.437549605821118 -134.9496559102909 -124.91110145555865 -136.0028619586604 -15.388305460526169 7.8735352301315515
2082 16719.819937229156 3.713794266395409e7 -2.1026562580174115 -7.574214328280625 -24.211592904533674 4.437551287310626 -134.9496549226518 -124.91223841432787 -136.00075836423218 -15.397316516459568 7.866527042664131
2083 16722.80016732216 3.713851115860083e7 -2.102654998623514 -7.574213680387171 -24.211594040580778 4.4375508645817945 -134.94965516620442 -124.9114225316909 -135.99588882238686 -15.390077654332117 7.875162414146132
2085 16728.662172555923 3.971231895970862e7 -52.09958741853001 -96.94367171825165 86.61611934137073 164.93824898433962 -30.142383167364805 -118.7725566152858 -54.28826552231561 -3.009793428059936 5.980864199911707
2086 16731.58619260788 3.971233117940896e7 -52.09965165018656 -96.9437204945757 86.6162031253768 164.9382784806415 -30.14236519037608 -118.77254666935613 -54.28826552231561 -3.0097279295822545 5.980981644765279
2087 16734.888395547867 3.713851138876861e7 -2.1026566572424557 -7.574214586491891 -24.21159403659548 4.437550599544522 -134.9496553530463 -124.9114225316909 -135.99588882238686 -15.390076351175367 7.875162414146189
2090 16743.704781532288 3.713808281082057e7 -2.1026370620483092 -7.574194577415788 -24.211601390381887 4.437549133572432 -134.9496562007763 -124.91110145555865 -136.0028619586604 -15.38830481993108 7.8735352301315515
2091 16762.684161901474 3.713794272881452e7 -2.1026513039212666 -7.574209131247592 -24.211594825138995 4.437550876123325 -134.9496551689302 -124.91223841432787 -136.00075836423218 -15.39731615461244 7.866527042664188
2092 16780.372744321823 3.7137942637577e7 -2.1026461320093546 -7.574203857386609 -24.211596958996793 4.43755040153593 -134.94965543434589 -124.91223841432787 -136.00075836423218 -15.397316676956677 7.866527042664188
2093 16798.93181824684 3.7138082376234226e7 -2.1026306162666053 -7.574188035797814 -24.211603360571154 4.437548977773943 -134.94965623059403 -124.91110145555865 -136.0028619586604 -15.38830730798486 7.8735352301315515
2094 16817.42331814766 3.7635417769270405e7 -30.66548104242002 -58.63040040750567 -3.7013183388567654 58.745788669513544 -95.67178547565901 -140.67467495340554 -113.72917662441614 -13.795938862637911 10.726252324776624
2095 16836.04061818123 3.864607521004636e7 -41.67207801142273 -78.30469302918156 42.219170740005104 101.41697863327157 -69.4612370546144 -133.4585730052222 -88.88645173448225 0.5003069945541938 10.748214494459148
2096 16855.38382959366 3.713794678833629e7 -2.1026998959536662 -7.574258599896961 -24.211572440948522 4.437556924703443 -134.94965153725002 -124.91215575278483 -136.00075836423218 -15.397156740315268 7.866527042664188
2100 16902.644320487976 3.7138082766331196e7 -2.1026362854527108 -7.574193882564945 -24.211601670805308 4.4375490719499595 -134.94965623384837 -124.91110145555865 -136.0028619586604 -15.388305057150319 7.8735352301315515
2101 16923.590458393097 3.7138082685109906e7 -2.102642972814561 -7.57420044376488 -24.211598555871447 4.43754992159657 -134.94965572237456 -124.91110145555865 -136.0028619586604 -15.38830553435514 7.8735352301315515
2102 16926.52254629135 3.713794293318595e7 -2.102655418606407 -7.574213251723409 -24.21159287431881 4.4375513574106975 -134.94965491333326 -124.91223841432787 -136.00075836423218 -15.397314978855377 7.866527042664188
2103 16930.019201278687 3.7137942702596396e7 -2.102677172065892 -7.57423560880685 -24.211583130370258 4.437553887088129 -134.94965340113217 -124.91223841432787 -136.00075836423218 -15.39731629494463 7.866527042664131
2104 16933.818422317505 3.7138082715299785e7 -2.102640691275287 -7.574198345880507 -24.211599563945157 4.4375496670881915 -134.94965587578415 -124.91110145555865 -136.0028619586604 -15.388305355392845 7.8735352301315515
2105 16936.66170835495 3.71380826688639e7 -2.1026445356976033 -7.574202237141014 -24.211597723917073 4.437550185695613 -134.94965556396957 -124.91110145555865 -136.0028619586604 -15.388305629805927 7.8735352301315515
2106 16939.56087732315 3.713808266826e7 -2.102648657641655 -7.574206450157536 -24.211593557388056 4.43755191293242 -134.94965453822635 -124.91110145555865 -136.0028619586604 -15.388305633354378 7.8735352301315515
2107 16942.4992351532 3.73719446230695e7 -13.007759447878886 -27.067094695715262 -18.766476471515738 23.62498810858142 -121.35812533211578 -131.96247624004076 -129.5727952694457 -13.603199625482205 10.867260138262225
2108 16945.7323513031 3.755132229927513e7 -19.760540758169785 -39.137685017334576 -9.14635254747538 39.55837572418811 -109.2633008307319 -133.08852713080876 -119.16455421725215 -13.538195868326454 10.721840405705962
2109 16948.97269630432 3.795561147525889e7 -17.526893998410483 -35.14504655781201 0.11566546926265886 61.62007193348347 -100.19371356601614 -125.6153785449207 -122.86494637658842 -16.625302196181565 7.0609081795520865
2110 16952.00147652626 3.798326171014117e7 -14.763568682422878 -30.205604369414665 10.923167206276595 45.89707217918662 -104.70042062573829 -117.75257378700269 -97.75210260306295 -13.505669419271612 11.074482527838768
2111 16954.997396469116 3.827457658322599e7 -13.109237452567111 -27.24848807671505 21.70891150606444 47.10874222637247 -108.73910582009387 -117.80552771188428 -111.3829805037289 0.6345286423354537 11.569128067379893
2112 16958.1038274765 4.886382550824494e7 -18.361482610466705 -74.00313407112576 56.96318094826276 55.218382114457555 -103.85301404189389 -88.88556312888767 -28.740086786136885 128.54486938079242 195.5699541583898
2113 16961.196988344193 3.7138650786670335e7 -2.102606864253495 -7.574163850790386 -24.211616518607016 4.437544957432522 -134.94965857921656 -124.91028557292168 -135.99799241681507 -15.381068955958256 7.882170601613552
2114 16964.162536382675 3.83528633267683e7 -24.01428293684991 -46.7413084850952 27.154022613131957 66.29617694906283 -95.14757736132938 -124.92188982082808 -105.01552740182899 0.3016446656898779 10.550450107780193
2115 16967.353947639465 3.86461418679699e7 -41.67219946745641 -78.30481194339919 42.21927629567954 101.4170043945861 -69.46122157405773 -133.45811851835543 -88.88645173448225 0.5015171595816241 10.749011296103902
2116 16970.3917324543 3.713851149638034e7 -2.102654052699762 -7.5742118045151425 -24.21159568618495 4.437550021049546 -134.94965570817092 -124.9114225316909 -135.99588882238686 -15.390075740074451 7.875162414146189
2119 16979.46710538864 3.713808268304706e7 -2.1026408355853654 -7.5741984508120535 -24.21159906145862 4.437549932130921 -134.9496557129285 -124.91110145555865 -136.0028619586604 -15.388305548606183 7.8735352301315515
2120 16982.475326538086 3.713808266948252e7 -2.1026441443857493 -7.574201790318481 -24.21159776979338 4.437550220683789 -134.94965554128927 -124.91110145555865 -136.0028619586604 -15.388305636281984 7.8735352301315515
2121 16985.41222333908 3.713808250607051e7 -2.1026425863854854 -7.574200238422176 -24.211598170973375 4.437550236104585 -134.94965550936405 -124.91110145555865 -136.0028619586604 -15.388306572438523 7.8735352301315515
2122 16988.73663520813 3.7138082660729714e7 -2.1026444083001934 -7.5742020965336625 -24.21159764352791 4.437550248729622 -134.94965552496535 -124.91110145555865 -136.0028619586604 -15.388305678291601 7.8735352301315515
2123 16991.68112230301 3.71379426390985e7 -2.102645976286631 -7.574203799295644 -24.211596973122802 4.437550417209948 -134.949655425022 -124.91223841432787 -136.00075836423218 -15.39731666811565 7.866527042664188
2124 16994.831512451172 3.713808259729464e7 -2.102629699662611 -7.574187067598768 -24.211604812326385 4.4375482718480015 -134.9496566781576 -124.91110145555865 -136.0028619586604 -15.388306046911055 7.8735352301315515
2125 17014.41872048378 3.71379425813485e7 -2.102655041193657 -7.5742129518531005 -24.211593422161727 4.437551190694521 -134.94965496611536 -124.91223841432787 -136.00075836423218 -15.397317004623915 7.866527042664131
2126 17032.810341358185 3.737194462054032e7 -13.007761534312781 -27.067096816904108 -18.766475559473427 23.624988341479096 -121.3581251927277 -131.96247624004076 -129.5727952694457 -13.603199721330327 10.867260138262225
2127 17051.98435473442 3.755132225911522e7 -19.760533902262747 -39.13767807425904 -9.146355847132781 39.558374787850695 -109.26330139393573 -133.08852713080876 -119.16455421725215 -13.53819639443094 10.721840405706132
2128 17070.231940746307 3.827457478066593e7 -13.109229937530646 -27.248480160296864 21.708910564455962 47.10874188522217 -108.73910601176215 -117.80555995675547 -111.3829805037289 0.6344651048813148 11.569128067379893
2129 17088.02517557144 3.795561148167613e7 -17.526892938457053 -35.14504575805053 0.11566408994368516 61.620071452088226 -100.19371385947943 -125.6153785449207 -122.86494637658842 -16.625302188420676 7.060908179551916
2130 17107.21709561348 3.7983261707035534e7 -14.763570030216233 -30.205605716051995 10.923167974780263 45.89707239748364 -104.70042049258285 -117.75257378700275 -97.75210260306295 -13.505669507432799 11.074482527838768
2131 17125.978924274445 4.886382552871817e7 -18.361482864765023 -74.00313438249935 56.963180329845365 55.218381687268234 -103.85301430560503 -88.88556312888767 -28.740086786136885 128.5448696269293 195.5699541583898
2132 17144.76954293251 3.713794268782143e7 -2.102651667913193 -7.57420941788765 -24.21159488963984 4.437550797246686 -134.94965521142075 -124.91223841432787 -136.00075836423218 -15.397316387200192 7.866527042664188
2134 17180.80011677742 3.920505972092532e7 -43.42811351479647 -81.44343016988645 71.90893683157157 123.68909405216361 -52.803513533483056 -119.25168151593425 -57.051836532977234 -0.09718322538958546 9.908297563035887
2135 17200.165905475616 3.920505972119715e7 -43.42809004819406 -81.44340634836722 71.90892650257419 123.68909141943415 -52.80351507614718 -119.25168151593425 -57.051836532977234 -0.09718322457837303 9.908297563035887
2136 17218.3023955822 3.713851111422628e7 -2.1026588925895915 -7.574216741547465 -24.21159390237586 4.437550444096246 -134.94965541196484 -124.9114225316909 -135.99588882238686 -15.390077932046552 7.875162414146132
2139 17259.30994606018 3.713794263988699e7 -2.1026458188297106 -7.574203497064261 -24.211597163067545 4.4375503290084595 -134.94965547758707 -124.91223841432787 -136.00075836423218 -15.39731666370966 7.866527042664188
2140 17262.154367923737 3.713794269483764e7 -2.102645959892122 -7.574203680233042 -24.211597084834096 4.437550340549819 -134.94965547836244 -124.91223841432782 -136.00075836423218 -15.397316345740478 7.866527042664131
2141 17280.548650979996 3.7137942639557526e7 -2.1026459001553555 -7.574203628029721 -24.211597099481942 4.437550354918599 -134.94965546217247 -124.91223841432787 -136.00075836423218 -15.39731666559868 7.866527042664131
2142 17298.745027780533 3.713794263672109e7 -2.102645400183821 -7.574203106652911 -24.211597744197547 4.437550070371714 -134.94965563097452 -124.91223841432787 -136.00075836423218 -15.397316681865618 7.866527042664188
2143 17317.444137573242 3.7138511191245705e7 -2.10264320470786 -7.574200854451453 -24.211600099800172 4.43754907687871 -134.94965622086033 -124.9114225316909 -135.99588882238686 -15.390077480554396 7.875162414146132
2144 17320.374754667282 3.894644702788154e7 -28.53353397286734 -54.819368778926716 46.03620340748685 104.29128027514838 -73.9831538506792 -118.24930361422179 -97.73780123642268 -2.753222811865328 6.597208998719225
2145 17323.68826651573 3.894644701929927e7 -28.53353867050044 -54.81937245081261 46.03620971796174 104.29128250733275 -73.98315249327487 -118.24930361422184 -97.73780123642268 -2.753222786990534 6.597208998719225
2146 17326.71554160118 3.713851106885422e7 -2.1026538019757837 -7.574211550104655 -24.21159606470689 4.437549940904276 -134.94965569958367 -124.9114225316909 -135.99588882238686 -15.39007819670337 7.875162414146132
2150 17339.15544772148 3.71386512302018e7 -2.1026423870639803 -7.574200020005721 -24.21160003831534 4.437549208513786 -134.9496561449098 -124.91028557292168 -135.99799241681507 -15.381066391177399 7.882170601613552
2151 17342.09415960312 3.713794264698713e7 -2.1026449989633846 -7.574202693004626 -24.21159782328322 4.43755007638056 -134.94965562828216 -124.91223841432787 -136.00075836423218 -15.397316622616074 7.866527042664188
2152 17345.470541715622 3.71379426491786e7 -2.1026449516272336 -7.5742026878576425 -24.211597804133838 4.4375500939290475 -134.94965561804494 -124.91223841432787 -136.00075836423218 -15.397316609967845 7.866527042664188
2153 17348.95220375061 3.71379426482503e7 -2.1026534714218315 -7.574211346544196 -24.21159399411131 4.437551063223651 -134.94965504961436 -124.91223841432787 -136.00075836423218 -15.397316615325792 7.866527042664131
2154 17351.903118610382 3.7137942629995696e7 -2.1026456798981314 -7.57420339499051 -24.211597688372443 4.43755006690013 -134.9496556323588 -124.91223841432787 -136.00075836423218 -15.397316720080937 7.866527042664131
2155 17354.78970003128 3.713851116685271e7 -2.1026465190409347 -7.574204260003521 -24.21159752089686 4.437550056485293 -134.9496556365129 -124.9114225316909 -135.99588882238686 -15.390077620025465 7.875162414146132
2156 17358.073089838028 3.8006129201636e7 -28.431930099749557 -54.6378736243365 5.56069176954999 80.80747510391836 -86.60220439795323 -133.04582865559058 -117.15665533477511 -17.22769037838634 5.956400683083473
2157 17360.978941202164 3.800612920163487e7 -28.43193010417439 -54.63787362750891 5.560691775584189 80.80747510598202 -86.60220439669958 -133.04582865559058 -117.15665533477511 -17.227690378393675 5.956400683083473
2158 17363.8051841259 3.713851104891732e7 -2.1026517531099813 -7.574209462016309 -24.21159708438195 4.437549655770425 -134.94965586470886 -124.9114225316909 -135.99588882238686 -15.390078311029754 7.875162414146132
2161 17373.476363420486 3.713865126269404e7 -2.102643579443132 -7.574201201951945 -24.21159889642353 4.43754966797637 -134.949655875962 -124.91028557292162 -135.99799241681507 -15.381066205161915 7.882170601613552
2162 17376.363814353943 3.713794264783067e7 -2.1026450466911513 -7.574202734138529 -24.211598050022957 4.4375499470693285 -134.9496557057107 -124.91223841432787 -136.00075836423218 -15.397316619261801 7.866527042664188
2163 17379.459332466125 3.713794277240134e7 -2.102645670251647 -7.574203398379673 -24.211597772057907 4.437549985185925 -134.949655700752 -124.91223841432787 -136.00075836423218 -15.397315895733584 7.866527042664188
2164 17382.543159484863 3.713794263755567e7 -2.1026535059825804 -7.574211383091944 -24.21159419417473 4.437550953870613 -134.9496551133146 -124.91223841432787 -136.00075836423218 -15.397316676638354 7.866527042664188
2165 17385.609873771667 3.713851117956679e7 -2.1026442845661144 -7.574201975406641 -24.211599217099987 4.437549419812569 -134.9496560158924 -124.9114225316909 -135.99588882238686 -15.390077547439375 7.875162414146132
2166 17388.655799865723 3.713794263321382e7 -2.102645573871669 -7.574203283644065 -24.211597749638557 4.4375500466610305 -134.94965564468583 -124.91223841432787 -136.00075836423218 -15.397316701588295 7.866527042664188
2167 17392.04284310341 3.737194462071719e7 -13.007759808326984 -27.067095049469522 -18.76647683048789 23.624987873488877 -121.35812547054445 -131.9624762400407 -129.5727952694457 -13.603199694867783 10.867260138262225
2168 17395.12819123268 3.755132226633008e7 -19.760533605906925 -39.13767777906837 -9.146356445727761 39.55837450587644 -109.26330155942851 -133.08852713080876 -119.16455421725215 -13.538196293743795 10.721840405705962
2169 17414.227875232697 3.795561150503555e7 -17.526891643702033 -35.145044439465686 0.115662811235552 61.62007090891758 -100.19371418659075 -125.6153785449207 -122.86494637658842 -16.625302179039807 7.060908179551916
2170 17433.276576280594 3.798326170069626e7 -14.763571797535814 -30.205607446092174 10.923168670145174 45.89707246115724 -104.70042044321788 -117.75257378700275 -97.75210260306295 -13.50566979390112 11.074482527838768
2171 17451.370661258698 3.798326170903577e7 -14.763569220668082 -30.205604878480507 10.923166890573967 45.89707193379314 -104.70042077118431 -117.75257378700275 -97.75210260306295 -13.505669438367079 11.074482527838825
2172 17471.518656730652 3.82745765804153e7 -13.109239979548441 -27.248490793437625 21.70891084936848 47.10874213759867 -108.73910587520368 -117.80552771188428 -111.3829805037289 0.6345287191529678 11.569128067379893
2173 17490.181199789047 4.886382553890562e7 -18.361472753311276 -74.00312406834028 56.963175853157765 55.218380542748406 -103.85301498278028 -88.88556312888767 -28.740086786136885 128.5448697972936 195.5699541583898
2174 17510.01331973076 3.71380824582134e7 -2.1026434998456836 -7.574201231623556 -24.211598109422987 4.437550167035425 -134.949655545064 -124.91110145555865 -136.0028619586604 -15.388306848295485 7.8735352301315515
2176 17546.97662472725 5.008014560007434e7 -40.27322399543402 -113.17034713934635 108.3288239725143 117.07701546387905 -64.05093204484017 -88.66406367225505 2.6787141401719055 144.30784542973277 198.08020863586455
2177 17565.458515167236 5.008014560168577e7 -40.2732237879154 -113.17034689765828 108.32882423755306 117.07701551591745 -64.05093201328846 -88.66406367225505 2.6787141401719055 144.3078454302663 198.08020863586455
2178 17584.728051662445 3.713808271180867e7 -2.1026430103827742 -7.574200658656801 -24.211598711828863 4.437549837438482 -134.9496557755479 -124.91110145555865 -136.0028619586604 -15.38830538398122 7.8735352301315515
2181 17645.276071548462 3.713794268721857e7 -2.1026452347565794 -7.574202939133773 -24.211597923428876 4.437549981742038 -134.94965569047915 -124.91223841432787 -136.00075836423218 -15.397316389088815 7.866527042664131
2182 17663.884115934372 3.713794262563466e7 -2.1026449462692547 -7.5742026660929 -24.21159793834059 4.43755002736313 -134.94965565450525 -124.91223841432787 -136.00075836423218 -15.39731674526837 7.866527042664131
2183 17667.25109887123 3.713808262492133e7 -2.102642745382088 -7.574200479400117 -24.211598688244912 4.437549908752061 -134.94965572094483 -124.91110145555865 -136.0028619586604 -15.388305884825172 7.8735352301315515
2184 17670.283123731613 3.926980199932976e7 -46.19135441787746 -86.3827916011313 61.101393220351824 139.4120792456166 -48.29681523465858 -126.79231730625844 -81.59927349269202 -2.1288599913453936 7.795638472768587
2185 17689.39458346367 3.926980199636521e7 -46.191354393643344 -86.3827915860066 61.10139314817249 139.4120792310317 -48.29681524393697 -126.79231730625844 -81.59927349269202 -2.12885999859634 7.795638472768587
2186 17708.373696565628 3.713808268295928e7 -2.1026448619323332 -7.574202610990179 -24.21159749853033 4.437550264662207 -134.9496555191323 -124.91110145555865 -136.0028619586604 -15.388305548940593 7.8735352301315515
2190 17736.12261557579 3.7138082707946405e7 -2.1026373830024276 -7.574194918037671 -24.211601430327207 4.437549087414681 -134.94965621596702 -124.91110145555865 -136.0028619586604 -15.388305404761525 7.8735352301315515
2191 17739.05846428871 3.7138511248962335e7 -2.102643930573116 -7.574201606394912 -24.211599425587593 4.437549334517655 -134.94965607578348 -124.9114225316909 -135.99588882238686 -15.390077146376655 7.875162414146132
2192 17741.985113620758 3.713794268944402e7 -2.1026454326731354 -7.574203181517454 -24.211597808965116 4.437550019325684 -134.94965566858315 -124.91223841432787 -136.00075836423218 -15.39731637622259 7.866527042664188
2193 17745.51565861702 3.713794267531243e7 -2.1026443645247603 -7.574202051806568 -24.211598358400245 4.437549860759418 -134.9496557600422 -124.91223841432787 -136.00075836423218 -15.397316457924035 7.866527042664131
2194 17748.96519947052 3.713865120905337e7 -2.1026417538289977 -7.5741993898247575 -24.21159966331463 4.437549497811503 -134.94965596873072 -124.91028557292168 -135.99799241681507 -15.381066512452549 7.882170601613552
2195 17751.79511833191 3.7635538267586246e7 -30.665754840914236 -58.63067953411639 -3.7011850237755723 58.7458258456132 -95.67176350737918 -140.67437668329313 -113.72841766784978 -13.79376360337318 10.72927405223129
2196 17754.987278461456 3.763552571613745e7 -30.665768183308348 -58.63069264412599 -3.7011714193453003 58.74583148079408 -95.67176016099462 -140.67460095474325 -113.72841766784978 -13.79420505771742 10.72927405223129
2197 17758.186267375946 3.713808272793726e7 -2.102642827093785 -7.574200482344924 -24.21159894174449 4.437549732746319 -134.94965583996665 -124.91110145555865 -136.0028619586604 -15.3883052901881 7.8735352301315515
2200 17767.026272535324 3.713808268887615e7 -2.102642704391947 -7.574200315963294 -24.21159895248114 4.437549750108587 -134.94965582425513 -124.91110145555865 -136.0028619586604 -15.388305514900367 7.8735352301315515
2201 17769.834981679916 3.71379427325651e7 -2.102644177938327 -7.574201861853277 -24.211598499355688 4.437549793511522 -134.94965580777915 -124.91223841432787 -136.00075836423218 -15.397316126773148 7.866527042664131
2202 17772.935040473938 3.713794267514606e7 -2.1026441478434315 -7.574201825345789 -24.21159843594421 4.43754984595175 -134.9496557687188 -124.91223841432787 -136.00075836423218 -15.397316459462047 7.866527042664131
2203 17776.188447475433 3.713808268701654e7 -2.102643497799569 -7.574201145963482 -24.21159866857608 4.4375498015289025 -134.9496557947488 -124.91110145555865 -136.0028619586604 -15.388305528068656 7.8735352301315515
2204 17779.12986755371 4.9949706518734016e7 -29.368065648335467 -93.67741098603204 102.88367862899625 97.88957142480548 -77.64246589506621 -81.58998705651413 -3.6467832974427097 143.5627653489446 197.81257315320704
2205 17782.06214261055 4.994970651859953e7 -29.3680656931981 -93.67741102756308 102.88367869722977 97.88957144082637 -77.64246588540702 -81.58998705651413 -3.6467832974427097 143.56276534881783 197.81257315320704
2206 17785.43582868576 3.713851146237445e7 -2.102641802907687 -7.574198799026062 -24.21160328337365 4.437547453175583 -134.9496572229918 -124.9114225316909 -135.99588882238686 -15.390075920287984 7.875162414146132
2210 17798.028560638428 3.713851129276767e7 -2.102644434361771 -7.574202023888802 -24.211598789440565 4.437549598844754 -134.94965592468944 -124.9114225316909 -135.99588882238686 -15.390076892642185 7.875162414146132
2211 17801.461318731308 3.7138651303760886e7 -2.102635934967978 -7.574193454035699 -24.21160241045635 4.43754873248696 -134.94965643139813 -124.91028557292168 -135.99799241681507 -15.38106596471647 7.882170601613552
2212 17820.776332616806 3.713851129753043e7 -2.102645091801886 -7.574202848596451 -24.21159898209593 4.437549414612604 -134.9496560360672 -124.9114225316909 -135.99588882238686 -15.390076864686534 7.875162414146189
2213 17839.74267244339 3.71385112898073e7 -2.1026442737790667 -7.574201965952344 -24.21159855934316 4.437549747783251 -134.9496558355036 -124.91142253169085 -135.99588882238686 -15.39007691076074 7.875162414146132
2214 17858.527918338776 3.7137942789842874e7 -2.102643876835522 -7.574201549304959 -24.211598606386147 4.437549759124906 -134.94965583577243 -124.91223841432782 -136.00075836423218 -15.39731579554865 7.866527042664131
2215 17878.63864326477 3.713851129275707e7 -2.102644405258257 -7.574202098331826 -24.211598605076432 4.437549708531932 -134.94965585890805 -124.9114225316909 -135.99588882238686 -15.390076894587821 7.875162414146132
2216 17897.955745220184 3.71385112913348e7 -2.10264437265036 -7.574202072810852 -24.21159860286646 4.437549712364159 -134.94965585670533 -124.9114225316909 -135.99588882238686 -15.390076901053192 7.875162414146189
2217 17916.26345849037 3.737194462919299e7 -13.00775829022772 -27.067093491868242 -18.766477410471182 23.62498772861109 -121.35812556824374 -131.96247624004076 -129.5727952694457 -13.603199248925023 10.867260138262225
2218 17935.170929908752 3.7551322222536236e7 -19.760528469698276 -39.13767247431747 -9.146359428557439 39.558373520511154 -109.2633021558177 -133.08852713080876 -119.16455421725215 -13.53819689232455 10.721840405706018
2219 17957.097063064575 3.795561152978175e7 -17.52689172763735 -35.14504459462802 0.1156628473996193 61.620070956563836 -100.19371416732221 -125.6153785449207 -122.86494637658842 -16.625302146974377 7.060908179551916
2220 17976.275978803635 3.798326171827968e7 -14.763568705281749 -30.20560443020672 10.923166291989972 45.897071775186106 -104.70042088185265 -117.75257378700275 -97.75210260306295 -13.505669097783027 11.074482527838825
2221 17995.365740060806 3.827457658890587e7 -13.109238508984728 -27.248489277154754 21.708910248127673 47.10874192540987 -108.73910601317758 -117.80552771188428 -111.3829805037289 0.6345285103953415 11.569128067379893
2222 18014.819357156754 4.8863593689827956e7 -18.361470717561517 -74.00312198250377 56.96317480345305 55.21838021751165 -103.85301519019193 -88.88637700526834 -28.74231602215741 128.54117913549533 195.5627019071543
2223 18033.66807436943 3.713794290432298e7 -2.102643618179137 -7.574201291993534 -24.211598922221683 4.437549591767947 -134.9496559509904 -124.91223841432787 -136.00075836423218 -15.397315133319694 7.866527042664131
2224 18052.720637321472 3.8274582514711246e7 -13.10927768634961 -27.248527761344217 21.708944065435567 47.108750251446224 -108.73910100116132 -117.80545931978082 -111.3829805037289 0.6346637535478976 11.569128067379893
2225 18055.80186033249 3.8274582514689945e7 -13.109277750267697 -27.24852781252661 21.70894426607456 47.108750297629896 -108.73910097319296 -117.80545931978082 -111.3829805037289 0.6346637525875849 11.569128067379893
2226 18059.0049803257 3.71379426290916e7 -2.102647720101338 -7.574205609903524 -24.211595788385914 4.437550834923897 -134.94965517696747 -124.91223841432787 -136.00075836423218 -15.397316722631444 7.866527042664188
2230 18124.666493177414 3.713851146566668e7 -2.102643540405545 -7.574201111838235 -24.211599059141527 4.437549522866135 -134.9496559925492 -124.9114225316909 -135.99588882238686 -15.390075892692437 7.875162414146132
2231 18127.698801279068 3.713808291764423e7 -2.1026357050044453 -7.574193210705683 -24.211602499457328 4.437548669166219 -134.94965649227302 -124.91110145555865 -136.0028619586604 -15.388304191747864 7.8735352301315515
2232 18131.047889232635 3.71385114807795e7 -2.1026436746112367 -7.574201381440998 -24.21159916865964 4.437549446128756 -134.94965604090504 -124.9114225316909 -135.99588882238686 -15.390075806133268 7.875162414146132
2233 18134.229748249054 3.713794296143373e7 -2.102643370271032 -7.574201031333583 -24.21159902885298 4.437549550483979 -134.94965598320294 -124.91223841432787 -136.00075836423218 -15.397314803304084 7.866527042664188
2234 18137.016678333282 3.7138511468908004e7 -2.102643644596945 -7.57420133120776 -24.211599008968733 4.437549540156567 -134.94965598279308 -124.9114225316909 -135.99588882238686 -15.390075873820933 7.875162414146132
2235 18139.737651586533 3.7138511466979235e7 -2.102643638521073 -7.574201321308939 -24.211598986505102 4.437549553472181 -134.94965597456036 -124.9114225316909 -135.99588882238686 -15.390075885050862 7.875162414146132
2236 18142.756452560425 3.713794290631396e7 -2.1026436399024853 -7.574201308070744 -24.21159892753648 4.437549587374292 -134.94965595363828 -124.91223841432787 -136.00075836423218 -15.397315123406543 7.866527042664188
2237 18146.057217359543 3.737194464427367e7 -13.007757950176114 -27.067093159883388 -18.766477953630144 23.624987433381534 -121.35812576782828 -131.96247624004064 -129.5727952694457 -13.603198429639292 10.867260138262338
2238 18148.880169391632 3.755132215665375e7 -19.760531078265853 -39.13767515700998 -9.146357626141466 39.55837412154317 -109.26330182188417 -133.0885271308087 -119.16455421725215 -13.538197789292326 10.721840405706018
2239 18151.992935419083 3.795561164081804e7 -17.52689116892777 -35.14504375884549 0.11566287333381808 61.620070839108024 -100.19371425692634 -125.6153785449207 -122.86494637658842 -16.625302052185702 7.060908179551916
2240 18154.92977833748 3.798326173920531e7 -14.76356829775376 -30.205604149143728 10.923165188236005 45.897071459232734 -104.70042110758077 -117.75257378700275 -97.75210260306295 -13.505668310486783 11.074482527838825
2241 18158.00840640068 3.827457660312007e7 -13.109237999554942 -27.24848875574831 21.70890984128186 47.108741732341684 -108.73910615070938 -117.80540891125321 -111.3829805037289 0.6345281540217798 11.569128067379893
2242 18160.93118739128 4.8863595019263834e7 -18.36147024588113 -74.00312150368774 56.963174341144544 55.21837997436592 -103.85301535840085 -88.88637700526834 -28.74231602215741 128.54117977231635 195.5627019071543
2243 18163.9974694252 3.713794288573506e7 -2.1026437154316966 -7.574201478534633 -24.211598605614597 4.437549756448917 -134.9496558506967 -124.91223841432782 -136.00075836423218 -15.397315240431112 7.866527042664188
2244 18167.198283433914 3.713794341959668e7 -2.102641938901897 -7.574199582414339 -24.211600190819688 4.437548986537166 -134.94965638062408 -124.91223841432787 -136.00075836423218 -15.39731215295933 7.866527042664131
2245 18170.22016119957 4.910414742500732e7 -29.266610816145413 -93.49604026699394 62.40830498714636 74.40581921052066 -90.2614843878682 -95.94885216457027 -22.28592858037797 130.24703284465102 198.81578707648669
2246 18172.98865032196 4.910414742501416e7 -29.26661080949693 -93.49604026019122 62.40830498258263 74.40581920890406 -90.26148438882504 -95.94885216457027 -22.28592858037797 130.24703284468876 198.81578707648669
2247 18176.04930639267 3.713808292665467e7 -2.102641881041091 -7.574199532554765 -24.211599688157293 4.437549397334678 -134.9496560663838 -124.91110145555865 -136.0028619586604 -15.388304139621084 7.8735352301315515
2250 18185.257969379425 3.7137943476608746e7 -2.102641645571591 -7.574199270634248 -24.211600386740322 4.437548902408835 -134.94965643834541 -124.91223841432787 -136.00075836423218 -15.39731182314 7.866527042664188
2251 18188.341015338898 3.713794343401459e7 -2.102642223348255 -7.574199766064492 -24.211600095524865 4.4375489961919925 -134.94965637675242 -124.91223841432787 -136.00075836423218 -15.397312069915131 7.866527042664131
2252 18191.334445238113 3.713794342296668e7 -2.1026420421497356 -7.574199705135008 -24.211600133969483 4.437549004402811 -134.94965637044666 -124.91223841432787 -136.00075836423218 -15.397312133549178 7.866527042664188
2253 18194.595523118973 3.713808343241615e7 -2.10263405197302 -7.574191528782416 -24.211603742335164 4.43754807469017 -134.94965691544996 -124.91110145555865 -136.0028619586604 -15.388301214363423 7.8735352301315515
2254 18212.65785741806 3.713794342772519e7 -2.102642207183127 -7.57419990373857 -24.211600040295792 4.437549033249681 -134.94965635432587 -124.91223841432787 -136.00075836423218 -15.397312108208155 7.866527042664131
2255 18232.904171943665 3.713851197698204e7 -2.1026403401422584 -7.574197950947022 -24.211601820588093 4.437548309173025 -134.9496567829708 -124.9114225316909 -135.99588882238686 -15.390072935398734 7.875162414146189
2256 18251.529380083084 3.713794340806896e7 -2.1026415529722904 -7.574199105600822 -24.211600415566465 4.437548915430668 -134.94965642097168 -124.91223841432787 -136.00075836423218 -15.397312222168694 7.866527042664131
2257 18270.704038858414 3.7138651943033874e7 -2.1026403951833608 -7.57419767516058 -24.211601089806607 4.437548702111343 -134.94965654201346 -124.91028557292168 -135.99799241681507 -15.381062275812496 7.882170601613552
2259 18307.755374908447 3.8352771709131375e7 -24.014459257697194 -46.741491402000854 27.15407810196681 66.2961915258573 -95.14756908292007 -124.92212942735983 -105.0151550404305 0.30012140274953936 10.54827651337655
2260 18326.02788567543 3.905111836048247e7 -36.67538331363123 -69.37289457786899 62.288834089594275 107.75571187065103 -64.89833520594668 -118.00833659451695 -67.25292940120585 0.3680892036742307 10.743182780743666
2263 18383.02846097946 3.7138511968248434e7 -2.1026447410930302 -7.574202260373587 -24.211599050067676 4.437549242120795 -134.94965623010293 -124.9114225316909 -135.99588882238686 -15.390072988068141 7.875162414146189
2264 18401.8016769886 3.713865197974887e7 -2.1026336623898416 -7.574191081902294 -24.21160397436254 4.437548001357371 -134.94965695728195 -124.91028557292168 -135.99799241681507 -15.3810620570801 7.882170601613552
2265 18420.13556265831 3.7138083418214455e7 -2.102639159882237 -7.574196625077217 -24.211601489325453 4.437548639533034 -134.94965658256152 -124.91110145555865 -136.0028619586604 -15.388301299164084 7.8735352301315515
2266 18439.569787979126 3.713808341970752e7 -2.102639780827083 -7.5741972685237435 -24.21160121181409 4.4375487115868 -134.9496565401281 -124.91110145555865 -136.0028619586604 -15.388301288781236 7.8735352301315515
2267 18442.584431886673 3.71379434652923e7 -2.102641143291674 -7.5741986841735205 -24.211600654377875 4.437548823628589 -134.94965648310003 -124.91223841432787 -136.00075836423218 -15.397311891196694 7.866527042664188
2268 18445.624196767807 3.713851196467877e7 -2.10264239362337 -7.574199984871788 -24.21160003300394 4.437549013813751 -134.9496563634336 -124.9114225316909 -135.99588882238686 -15.390073006958403 7.875162414146189
2269 18465.85704946518 3.71379434081759e7 -2.1026432766089975 -7.574200867912424 -24.211598728555707 4.437549607870835 -134.94965600981925 -124.91223841432787 -136.00075836423218 -15.397312221543302 7.866527042664188
2270 18485.04233980179 3.7371944687019095e7 -13.007757953103525 -27.06709311554065 -18.766478511785444 23.62498699990971 -121.35812609533973 -131.9624762400407 -129.5727952694457 -13.603196067606746 10.867260138262225
2271 18503.14723277092 3.7551321938311666e7 -19.760531491451573 -39.1376755735084 -9.146358319278491 39.55837355769819 -109.26330223080984 -133.08852713080876 -119.16455421725215 -13.538200763413215 10.721840405706018
2272 18506.265420913696 3.795561190754167e7 -17.5268888714483 -35.14504151634057 0.11566083282186668 61.62007000717611 -100.1937148211153 -125.6153785449207 -122.86494637658842 -16.625301800528916 7.060908179551916
2273 18509.29112792015 3.79832617951445e7 -14.763566489169072 -30.205602566445272 10.923161916548793 45.89707055864413 -104.70042174870703 -117.75265368556666 -97.75210260306295 -13.505666111397659 11.074482527838938
2274 18512.564186811447 3.827457917423075e7 -13.109235782813784 -27.248486460399143 21.708907873479987 47.108740961542736 -108.73910667880784 -117.80540891125321 -111.3829805037289 0.6345270643497543 11.569128067379893
2275 18515.51764369011 4.88635950819096e7 -18.36146667067935 -74.00311781376449 56.96317196783552 55.21837911252824 -103.85301593755224 -88.88637700526834 -28.74231602215741 128.5411816073937 195.5627019071543
2276 18518.475777626038 3.713865191978781e7 -2.10263855221584 -7.574196052829889 -24.211602605842977 4.437548131442583 -134.94965687714543 -124.91028557292168 -135.99799241681507 -15.38106240559091 7.882170601613552
2277 18521.462273597717 3.713794364764503e7 -2.10264076558099 -7.574198335293913 -24.21160097450226 4.437548650023885 -134.9496566115082 -124.91223841432787 -136.00075836423218 -15.39731083368224 7.866527042664131
2278 18524.40703368187 3.737193983622631e7 -13.007659748942473 -27.06699431884639 -18.76653289218403 23.624970237070457 -121.35813596845907 -131.96240603194377 -129.5727952694457 -13.603161476635364 10.86698918181935
2279 18527.393991708755 3.80309330306147e7 -25.668599857520896 -49.69841336703626 16.368233679895233 65.0844927922688 -91.10890088915944 -125.20757626211179 -92.04877929883554 -14.404347447439307 10.237521940494503
2280 18530.77860069275 3.7137943477292635e7 -2.102643805015642 -7.574201497311666 -24.211599414121324 4.437549153861141 -134.9496562907906 -124.91223841432787 -136.00075836423218 -15.397311819690742 7.866527042664131
2284 18543.24276781082 3.713851226218806e7 -2.102640338960775 -7.574197893209725 -24.211601237934865 4.437548547213197 -134.94965668015413 -124.91132090032539 -135.99588882238686 -15.390071285278282 7.875162414146132
2285 18546.146963834763 3.7137943650738426e7 -2.102640973330363 -7.574198447660237 -24.21160090594882 4.437548655489195 -134.9496566090023 -124.91223841432787 -136.00075836423218 -15.397310815817491 7.866527042664131
2286 18549.131948709488 3.713794365105534e7 -2.102641099327048 -7.574198686461838 -24.211600800437317 4.437548700510689 -134.94965658233238 -124.91223841432787 -136.00075836423218 -15.39731081398753 7.866527042664131
2287 18552.199650764465 3.713808366122791e7 -2.1026328862189096 -7.574190290741679 -24.211604515550853 4.437547742484455 -134.9496571439223 -124.91110145555865 -136.0028619586604 -15.38829989067034 7.8735352301315515
2288 18555.028515577316 3.7137943654481515e7 -2.1026413104742723 -7.574198899072117 -24.21160069824323 4.437548729915989 -134.94965656523433 -124.91223841432787 -136.00075836423218 -15.397310796198724 7.866527042664188
2289 18558.20106768608 3.713794365684893e7 -2.1026415715817635 -7.57419918291315 -24.211600556541107 4.437548771979166 -134.94965654073326 -124.91213678296236 -136.00075836423218 -15.397310778452152 7.866527042664188
2290 18561.801958799362 3.7138512205514684e7 -2.1026392248276267 -7.5741967638378895 -24.211602578205053 4.437547979088734 -134.94965701017958 -124.9114225316909 -135.99588882238686 -15.390071613006683 7.875162414146189
2291 18565.092445611954 3.7371944709195785e7 -13.007755039727723 -27.06709014211153 -18.76648003084206 23.62498648559864 -121.35812643178491 -131.96257553709398 -129.5727952694457 -13.60319493730293 10.867260138262225
2292 18568.143568515778 3.7551321837038174e7 -19.76052841003826 -39.137672427138995 -9.146359900674419 39.558373031290074 -109.26330257433666 -133.0885271308087 -119.16455421725215 -13.538202134242852 10.721840405705962
2293 18571.38828754425 3.7955612039649904e7 -17.526888129610132 -35.14504074389952 0.11566042189085834 61.620069795728966 -100.19371497805892 -125.6153785449207 -122.86494637658842 -16.6253016776775 7.0609081795520865
2294 18574.20743560791 3.798326182295769e7 -14.76356435107352 -30.205600523636406 10.923159743687421 45.897069941971964 -104.70042216125213 -117.75265368556666 -97.75210260306295 -13.505665121597588 11.074482527838825
2295 18577.096500635147 3.8274579191349775e7 -13.109234435118918 -27.248485112700862 21.708906876942685 47.10874058833129 -108.73910693247575 -117.80540891125321 -111.3829805037289 0.6345265704134704 11.569128067379893
2296 18580.22869157791 4.886359511040257e7 -18.36146748336819 -74.0031186708308 56.96317224409481 55.218379044386396 -103.8530160122724 -88.88637700526834 -28.74231602215741 128.54118238386366 195.5627019071543
2297 18598.7457947731 3.713794361131999e7 -2.102643263959269 -7.5742009550320315 -24.21159963013409 4.437549068083882 -134.9496563601939 -124.91223841432787 -136.00075836423218 -15.397311041922762 7.866527042664188
2298 18617.891354084015 3.713851271789062e7 -2.1026381256085322 -7.574195529272815 -24.21160273778836 4.437547892869148 -134.94965713099745 -124.91120765854583 -135.99588882238686 -15.39006864826672 7.875162414146189
2299 18636.133207798004 3.713985280698761e7 -2.1027747441806284 -7.574333097097936 -24.211567657424617 4.437549237142463 -134.94965649674776 -124.90564293687004 -135.98371211429264 -15.36531878731239 7.902856526224525
2300 18655.52782201767 3.713851235335725e7 -2.102641674310764 -7.574199292942682 -24.21160070584716 4.437548640640173 -134.94965663856374 -124.91132090032539 -135.99588882238686 -15.390070756487717 7.875162414146132
2303 18680.867903232574 3.713851220784416e7 -2.102641246309787 -7.574198810225775 -24.211600875829973 4.437548640516226 -134.9496566181581 -124.9114225316909 -135.99588882238686 -15.39007159961227 7.875162414146132
2304 18701.16127204895 3.7138652220047496e7 -2.102632672471387 -7.574190053526593 -24.211604731830484 4.437547651892814 -134.949657197915 -124.91028557292168 -135.99799241681507 -15.381060664566405 7.882170601613552
2305 18719.70535826683 3.7137943704870656e7 -2.102640285835637 -7.574197854007547 -24.21160118266439 4.43754858422416 -134.94965665803937 -124.91213678296236 -136.00075836423218 -15.397310502654591 7.866527042664131
2306 18722.634061336517 3.7138512211036876e7 -2.102641856869031 -7.57419954986622 -24.21160066567515 4.437548679710602 -134.9496565959062 -124.91132090032539 -135.99588882238686 -15.39007158120694 7.875162414146189
2307 18725.78161048889 3.713794364700151e7 -2.102640776718623 -7.574198345951107 -24.21160097380519 4.437548648014371 -134.949656612929 -124.91223841432787 -136.00075836423218 -15.397310838851354 7.866527042664188
2308 18729.397976636887 3.7139769396166936e7 -2.10264081013144 -7.574198377922633 -24.211600971713388 4.437548641985586 -134.9496566171928 -124.90611935906878 -135.98371211429264 -15.366802205608906 7.900359071152934
2309 18732.555782794952 3.713926957916275e7 -2.1028665802502253 -7.574431420786196 -24.211475298343224 4.437587709855464 -134.94963364450663 -124.90662535701927 -135.9885816561379 -15.372887511656927 7.8942211547425245
2310 18735.447752714157 3.713794386814954e7 -2.1026413456973785 -7.574198958131246 -24.211600914179776 4.437548550547618 -134.94965670189472 -124.91213678296236 -136.00075836423218 -15.397309556361847 7.866527042664188
2314 18747.85043978691 3.713865230428826e7 -2.102632756658025 -7.5741901681896735 -24.211604838143735 4.437547561413297 -134.94965726400687 -124.91018394155611 -135.99799241681507 -15.381060179639235 7.882170601613552
2315 18750.918090581894 3.7138652283880435e7 -2.1026380861546166 -7.574195608570326 -24.21160225194849 4.4375482855870985 -134.94965683478074 -124.91018394155611 -135.99799241681507 -15.381060295174848 7.882170601613552
2316 18754.14495754242 3.713808371943508e7 -2.1026396925192934 -7.574197146994088 -24.211601511140273 4.437548478211795 -134.94965672086428 -124.91099982419314 -136.0028619586604 -15.38829955387132 7.8735352301315515
2317 18757.217786550522 3.7138512307234064e7 -2.102645145388056 -7.574202824238503 -24.21159936538401 4.437548937311988 -134.9496564585262 -124.91132090032539 -135.99588882238686 -15.390071024223516 7.875162414146132
2318 18760.561040639877 3.713794376112794e7 -2.102644279612928 -7.574201930686641 -24.21159930252591 4.437549074036582 -134.94965637849802 -124.91213678296236 -136.00075836423218 -15.397310177964926 7.866527042664131
2319 18763.536873579025 3.713865228962453e7 -2.102636378964153 -7.574193875006248 -24.211603074472663 4.4375480560646 -134.9496569707138 -124.91018394155611 -135.99799241681507 -15.381060259802098 7.882170601613552
2320 18766.467349529266 3.713808372452421e7 -2.1026403101013145 -7.574197879844535 -24.211600268462192 4.4375490747442825 -134.94965636622555 -124.91099982419314 -136.0028619586604 -15.388299524242086 7.8735352301315515
2321 18769.324377536774 3.7371944713888556e7 -13.007756762566434 -27.06709191118253 -18.766479166547562 23.62498671949926 -121.35812630108623 -131.96257553709398 -129.5727952694457 -13.603194709322054 10.867260138262225
2322 18772.749378681183 3.7551321814544596e7 -19.760527952632753 -39.137671965500076 -9.146360101390478 39.55837296701209 -109.26330261975666 -133.08852713080876 -119.16455421725215 -13.538202447150013 10.721840405706018
2323 18775.638914585114 3.795561206794672e7 -17.526889688489476 -35.14504197475864 0.11566251411215234 61.6200705333293 -100.1937145391666 -125.6153785449207 -122.86494637658842 -16.62530164642783 7.060908179551916
2324 18778.819377422333 3.7983261832607426e7 -14.76356349215327 -30.20559977093705 10.923159069690136 45.89706979871967 -104.70042226410753 -117.75265368556666 -97.75210260306295 -13.505664746384412 11.074482527838825
2325 18781.82205915451 3.827457920024837e7 -13.109233134393595 -27.248483797512392 21.70890646614715 47.10874044263048 -108.73910702695086 -117.80540891125321 -111.3829805037289 0.634526442387255 11.569128067379893
2326 18784.93759202957 4.8863595113414824e7 -18.361462061424284 -74.00311313592849 56.9631701631654 55.21837861187261 -103.85301626624033 -88.88637700526834 -28.74231602215741 128.54118243089943 195.5627019071543
2327 18787.91658806801 3.713808388891731e7 -2.102638846599639 -7.574196410148444 -24.2116018071505 4.4375483868248295 -134.94965679763212 -124.91099982419314 -136.0028619586604 -15.388298573566317 7.8735352301315515
2328 18790.864047050476 3.882737709023213e7 -26.035565348218512 -50.35419780324555 45.333280433019475 137.040407070287 -45.05561095072503 -109.1836064570333 -73.86677498043895 -17.245654663604512 5.7344937854422255
2329 18794.214916944504 3.713851226713253e7 -2.102645565914006 -7.574203235805506 -24.2115992299971 4.43754896656975 -134.94965643605116 -124.91132090032539 -135.99588882238686 -15.390071256120223 7.875162414146132
2332 18850.947073459625 3.713865244681401e7 -2.102638892116623 -7.574196476896837 -24.211602172360635 4.437548179914188 -134.9496569220408 -124.91018394155611 -135.99799241681507 -15.381059352447664 7.882170601613552
2333 18870.638139247894 3.7138512431048214e7 -2.102639994629616 -7.57419747798121 -24.211601651320287 4.437548319590448 -134.94965683882208 -124.91132090032539 -135.99588882238686 -15.390070306333712 7.875162414146132
2334 18889.08447432518 3.7137943925246164e7 -2.102642085665906 -7.574199704000234 -24.211600577326394 4.437548622658241 -134.94965666762073 -124.91202354118286 -136.00075836423218 -15.39730922664313 7.866527042664188
2335 18892.1309633255 3.713794386427415e7 -2.1026421794266135 -7.574199801157578 -24.211600485146818 4.437548676467941 -134.94965662727375 -124.91213678296236 -136.00075836423218 -15.397309579235412 7.866527042664188
2336 18895.344261169434 3.7138512432179496e7 -2.102649056843042 -7.574206849897042 -24.211597536435278 4.4375493899831895 -134.94965621096 -124.91132090032539 -135.99588882238686 -15.390070299705371 7.875162414146132
2337 18915.46139407158 3.713851243010456e7 -2.1026405954163785 -7.574198192079638 -24.21160130695089 4.437548435055405 -134.9496567702576 -124.91132090032539 -135.99588882238686 -15.390070313689932 7.875162414146189
2338 18934.81068086624 3.71379438721372e7 -2.1026421919208786 -7.574199831304298 -24.21159962309646 4.437549140510683 -134.94965635132573 -124.91213678296236 -136.00075836423218 -15.39730953282583 7.866527042664131
2339 18953.144905805588 3.737188774407493e7 -13.007756913239827 -27.067092075925558 -18.766479305776265 23.624986580460813 -121.35812640723493 -131.96271212157865 -129.5727952694457 -13.604010352373564 10.865844682667102
2340 18955.960453748703 3.755132178843129e7 -19.76052481257899 -39.13766881866843 -9.146361985951835 39.55837230202633 -109.26330303761597 -133.08852713080876 -119.16455421725215 -13.538203345118006 10.721840405705962
2341 18959.22046160698 3.795561216681528e7 -17.52688796543987 -35.145040438184914 0.11566074914608748 61.62006984511376 -100.19371497588705 -125.6153785449207 -122.86494637658842 -16.625301559331092 7.060908179551916
2342 18962.219079732895 3.7983261852698974e7 -14.763565238231383 -30.205601707404895 10.923158973119712 45.89706973231175 -104.70042234046768 -117.75271042432314 -97.75210260306295 -13.50566402581569 11.074482527838825
2343 18965.2187666893 3.8274579214186385e7 -13.109234712802191 -27.248485470410223 21.708906719139947 47.10874043593475 -108.739107056001 -117.80540891125321 -111.3829805037289 0.6345261143933953 11.569128067379893
2344 18968.28706264496 4.8863828297885686e7 -18.361472058611184 -74.00312334257697 56.9631743164359 55.218379544355116 -103.85301574736363 -88.88556312888767 -28.740086786136885 128.54487406081296 195.5699541583898
2345 18971.192655801773 3.713794453159364e7 -2.102643052634331 -7.574200794671231 -24.21160073530376 4.437548258147771 -134.94965696879066 -124.91202354118275 -136.00075836423218 -15.397305708894976 7.866527042664131
2346 18975.23476576805 5.0698225075601324e7 -75.00973055400118 -175.26178613207404 136.93568021635053 208.16872566893028 0.4300697501036126 -98.42182203653994 44.53117318197735 126.13766360483453 193.28689300894553
2347 18978.28005504608 5.069823341782166e7 -75.0098173821913 -175.26187481455932 136.93576848728605 208.16876232788678 0.4300915233202005 -98.42169745995102 44.53117318197735 126.13790993447913 193.28689300894553
2348 18981.39618206024 3.713851242677919e7 -2.1026458296632526 -7.574203525300776 -24.211599305073868 4.437548849796784 -134.94965652807366 -124.91132090032539 -135.99588882238686 -15.390070331156835 7.875162414146132
2352 18993.425884485245 3.713794458940163e7 -2.102639637427089 -7.574197319931827 -24.21160210140531 4.4375479425638815 -134.94965716078258 -124.91202354118275 -136.00075836423218 -15.397305373933534 7.866527042664188
2353 18996.472141504288 3.7138513096730255e7 -2.1026444938012183 -7.574202260443936 -24.211600198411908 4.437548361377765 -134.94965691010202 -124.91120765854583 -135.99588882238686 -15.390066448888263 7.875162414146189
2354 18999.426970481873 3.71385130948238e7 -2.102644250399539 -7.574202119077436 -24.211600236797878 4.437548376437306 -134.9496569005421 -124.91120765854578 -135.99588882238686 -15.390066459888885 7.875162414146189
2355 19002.422302484512 3.71385131039811e7 -2.1026454793415184 -7.574203262919266 -24.2115998315996 4.437548434006601 -134.94965686827302 -124.91120765854578 -135.99588882238686 -15.390066405117125 7.875162414146189
2356 19005.529406309128 3.7138513094531365e7 -2.1026439030844983 -7.57420165226608 -24.211600422261 4.437548318478406 -134.94965693439553 -124.91120765854578 -135.99588882238686 -15.390066463255039 7.875162414146132
2357 19008.746955633163 3.713851307660452e7 -2.102639082751569 -7.574196748866605 -24.211603418477978 4.437547318333316 -134.94965752315335 -124.91120765854583 -135.99588882238686 -15.390066565019424 7.875162414146132
2358 19011.639426469803 3.7137944522511706e7 -2.1026414534856706 -7.57419916753514 -24.211601331182052 4.437548143595805 -134.94965703387925 -124.91202354118286 -136.00075836423218 -15.397305761121117 7.866527042664131
2359 19014.726112365723 3.713808450763576e7 -2.1026366560395395 -7.574194286126064 -24.21160311881713 4.43754779994012 -134.9496572291435 -124.91088658241358 -136.0028619586604 -15.388294981793422 7.8735352301315515
2360 19018.158762216568 5.075206795350673e7 -52.934068418196375 -135.80166064499406 143.46362540913427 158.53654404596733 -33.801693248991924 -81.86860537251539 40.24197342287653 143.6651082617476 197.64633317865844
2361 19021.200427293777 5.075206526957688e7 -52.934114503329155 -135.80170774281117 143.46364816353923 158.53654969914209 -33.80169000096349 -81.86850805017042 40.24197342287653 143.6652149579702 197.6461184058569
2364 19047.800822734833 3.713794453771213e7 -2.1026400302608685 -7.574197709995103 -24.211601797423093 4.43754806771679 -134.94965708007794 -124.91202354118286 -136.00075836423218 -15.397305676423002 7.866527042664188
2365 19066.931484222412 3.713794452174905e7 -2.1026414272115765 -7.574199040034603 -24.211601393611666 4.437548109493662 -134.9496570541106 -124.91202354118286 -136.00075836423218 -15.397305765562407 7.866527042664131
2366 19069.908771276474 3.7137944519460894e7 -2.1026413483894792 -7.574198657532881 -24.211601580900194 4.43754800718736 -134.94965711480415 -124.91202354118275 -136.00075836423218 -15.397305778887244 7.866527042664131
2367 19073.632818460464 3.7137944512596495e7 -2.1026411119229635 -7.574197510027668 -24.21160214276607 4.437547700268297 -134.94965729688508 -124.91202354118286 -136.00075836423218 -15.397305818861469 7.866527042664131
2368 19092.73298048973 3.713854931637676e7 -2.1026404025231926 -7.5741940675118276 -24.211603828363437 4.437546779511237 -134.94965784312961 -124.91114482298354 -135.99588882238686 -15.389691124819706 7.875813593145949
2370 19130.975420713425 3.737189122153075e7 -13.00783811612671 -27.067171010423962 -18.766456109450644 23.624988427353188 -121.35812549572549 -131.96273306013973 -129.5727952694457 -13.604198427952724 10.865451784133086
2371 19133.966116905212 3.737188517540425e7 -13.007876213957317 -27.06720990587206 -18.766417123012268 23.625004616113486 -121.35811588704968 -131.9628294141972 -129.5727952694457 -13.604389997851968 10.865451784133086
2372 19136.738128900528 3.713851329494742e7 -2.1026458135780324 -7.5742033753305815 -24.21160010242157 4.437548186963795 -134.94965704201582 -124.91126555006167 -135.99588882238686 -15.390065300029619 7.875162414146132
2375 19146.014380693436 3.713808452349117e7 -2.102633274569211 -7.574189519342932 -24.211605647568433 4.437546808397855 -134.94965781957197 -124.91088658241358 -136.0028619586604 -15.38829489144507 7.8735352301315515
2376 19148.916905641556 3.713794451025271e7 -2.102640417734449 -7.574195792773999 -24.211602854409904 4.437547366585221 -134.9496574948659 -124.91202354118286 -136.00075836423218 -15.397305832509687 7.866527042664188
2377 19151.982940673828 3.7137980770610474e7 -2.1026383351683684 -7.574190641012612 -24.211604989341687 4.437546365535809 -134.94965808880704 -124.91196070562052 -136.00075836423218 -15.396930273087037 7.8671782216639485
2378 19155.232539653778 3.971220004149463e7 -52.09945869019425 -96.94357819836253 86.61595626319759 164.9381901994291 -30.14241946745446 -118.77286617693761 -54.28826552231561 -3.011663853142693 5.977564488103894
2379 19158.271969795227 3.971220004182309e7 -52.0994707463791 -96.94358743565103 86.61599599465711 164.9381992720452 -30.14241397279571 -118.77286617693761 -54.28826552231561 -3.0116638467855523 5.977564488103894
2380 19161.37221479416 3.713851339371095e7 -2.102645670813917 -7.574202888351994 -24.21160040091864 4.437548004815625 -134.94965716401128 -124.91126555006167 -135.99588882238686 -15.39006472761639 7.875162414146189
2383 19170.74635386467 3.713808452013153e7 -2.102632488313727 -7.574187520918521 -24.211606443946714 4.4375464341284925 -134.949658041458 -124.91088658241358 -136.0028619586604 -15.388294910696402 7.8735352301315515
2384 19173.657274723053 3.713794465359219e7 -2.1026400052907626 -7.574195257833651 -24.211603189656543 4.437547196706291 -134.94965761528897 -124.91208143269864 -136.00075836423218 -15.397305003283009 7.866527042664188
2385 19176.538875818253 3.7137980767934024e7 -2.102640837805499 -7.57419579986942 -24.21160270360207 4.437547376947663 -134.94965748900074 -124.91196070562052 -136.00075836423218 -15.39693029444038 7.8671782216639485
2386 19179.578037023544 3.713794450880285e7 -2.1026405290706123 -7.574195806083054 -24.211602814441008 4.437547370794377 -134.9496574922336 -124.91202354118286 -136.00075836423218 -15.397305840770514 7.866527042664131
2387 19182.56805086136 3.713794451578836e7 -2.1026418109723615 -7.5741975992409785 -24.211601158344116 4.437548118271806 -134.94965704892098 -124.91202354118286 -136.00075836423218 -15.39730580097006 7.866527042664188
2388 19185.453917980194 3.7137944510600954e7 -2.102640395082215 -7.5741957906214274 -24.21160286308635 4.437547365840587 -134.94965749517533 -124.91202354118275 -136.00075836423218 -15.397305830525966 7.866527042664131
2389 19189.097867012024 3.7371887802217394e7 -13.007751728228595 -27.06708256573298 -18.766484314563165 23.624984198365098 -121.35812791291802 -131.96271212157865 -129.5727952694457 -13.604007218732704 10.865844682667102
2390 19192.0519490242 3.737188780116181e7 -13.007753956778874 -27.0670875839963 -18.76648217352021 23.62498517809368 -121.35812733076642 -131.9627121215787 -129.5727952694457 -13.60400721796367 10.865844682667216
2391 19195.02515888214 3.755132169615538e7 -19.76052740477498 -39.137669700290616 -9.146362023967463 39.558371713300915 -109.26330347842219 -133.08852713080876 -119.16455421725215 -13.538206488671904 10.721840405705962
2392 19197.83361196518 3.795553069369074e7 -17.52688668836553 -35.14503637888082 0.11566120030020954 61.620069656772685 -100.19371515921657 -125.6155513478173 -122.86494637658842 -16.62633395641251 7.059117384444903
2393 19200.81982088089 3.798326193200471e7 -14.76356598723488 -30.20560122281131 10.923155391917014 45.897068460858236 -104.700423236977 -117.7527144366785 -97.75210260306295 -13.505661188095132 11.074482527838768
2394 19203.870146036148 3.82745780794031e7 -13.109234760147768 -27.248483365542135 21.708905501893895 47.108739435040135 -108.73910773974977 -117.80540891125321 -111.3829805037289 0.6345248464674 11.569128067379893
2395 19206.859517097473 4.88638283554975e7 -18.36146691878789 -74.0031175381367 56.96316632426908 55.21837742248832 -103.85301710813604 -88.88556312888767 -28.740086786136885 128.5448760157842 195.5699541583898
2397 19244.91282391548 3.713928844952832e7 -2.102755414514718 -7.574310105653131 -24.211542442662157 4.437565150430331 -134.94964706296105 -124.90649418137332 -135.9885816561379 -15.372780041441501 7.893521512521431
2398 19247.973297834396 3.7139288444233246e7 -2.102755439886181 -7.574310206513422 -24.211542392426985 4.437565174640568 -134.94964704833723 -124.90649418137332 -135.9885816561379 -15.372780067728172 7.893521512521431
2399 19251.204823970795 3.7137944547992535e7 -2.1026402609013672 -7.57419619647046 -24.21160258776783 4.437547543104046 -134.94965739437674 -124.91202354118275 -136.00075836423218 -15.397305614215895 7.866527042664131
2402 19311.748288154602 3.71379445203431e7 -2.102637200268205 -7.574192487877374 -24.211604327230624 4.437546978467395 -134.94965772399217 -124.91202354118275 -136.00075836423218 -15.39730577397114 7.866527042664131
2403 19315.113498210907 3.713798077404094e7 -2.1026395017986026 -7.574193849829987 -24.21160369108577 4.437546993688443 -134.9496577158692 -124.91196070562052 -136.00075836423218 -15.396930253032053 7.867178221664005
2404 19318.060249328613 3.7137944547933444e7 -2.1026407710299786 -7.574196082754307 -24.211602783260304 4.437547348310531 -134.94965751108793 -124.91202354118286 -136.00075836423218 -15.397305613908088 7.866527042664188
2405 19321.185573339462 3.713794452486937e7 -2.1026405469768505 -7.574195894797386 -24.211602832060137 4.4375473550237245 -134.9496575045174 -124.91202354118286 -136.00075836423218 -15.397305750919486 7.866527042664131
2406 19324.184681415558 3.71379445197518e7 -2.102640502276792 -7.574195864346919 -24.211602837170375 4.437547361209312 -134.94965749956899 -124.91202354118275 -136.00075836423218 -15.397305776525172 7.866527042664188
2407 19327.255796194077 3.713794451137443e7 -2.1026404281801305 -7.574195801388402 -24.211602852308083 4.43754736603654 -134.94965749535444 -124.91202354118275 -136.00075836423218 -15.397305826002253 7.866527042664188
2408 19331.136781930923 3.7137944512776144e7 -2.10264124733542 -7.574196635529356 -24.211602030123274 4.437547705716099 -134.9496572938117 -124.91202354118286 -136.00075836423218 -15.397305817870063 7.866527042664188
2409 19334.33255982399 3.7371887795074e7 -13.00775590128874 -27.067088704991434 -18.766481419192203 23.624985321159258 -121.35812723881045 -131.9627121215787 -129.5727952694457 -13.604007498061776 10.865844682667102
2410 19337.35040783882 3.755132169267133e7 -19.760528342326623 -39.13767008193543 -9.146361745292289 39.558371714108915 -109.26330348328491 -133.0885271308087 -119.16455421725215 -13.538206635104018 10.721840405706018
2411 19340.233039855957 3.795553070320082e7 -17.5268869219302 -35.14503629484945 0.11566156733352528 61.62006977023073 -100.19371509118695 -125.6155513478173 -122.86494637658842 -16.62633395087039 7.059117384444903
2412 19344.196814775467 3.798326193464027e7 -14.763566811121287 -30.205601503924804 10.923155592723596 45.89706846358776 -104.70042323937372 -117.7527144366785 -97.75210260306295 -13.50566112530089 11.074482527838768
2413 19347.234982967377 3.8274578080056325e7 -13.109234901102273 -27.248483391079056 21.708905624140016 47.108739444238665 -108.7391077344784 -117.80540891125321 -111.3829805037289 0.634524843651036 11.569128067379893
2414 19350.132812976837 4.886382835420848e7 -18.361467523086812 -74.00311800013458 56.96316550709845 55.21837736213831 -103.85301714611127 -88.88556312888767 -28.740086786136885 128.5448759878036 195.5699541583898
2415 19353.02902698517 3.713794448420884e7 -2.1026402154830492 -7.574195667691502 -24.21160287423833 4.4375473945637225 -134.949657473687 -124.91202354118286 -136.00075836423218 -15.397305981297222 7.866527042664131
2416 19356.07194685936 3.835277133675075e7 -24.014473155737708 -46.74150223649794 27.154124591455883 66.2962027451276 -95.147562149894 -124.92202127128138 -105.0151550404305 0.3003356242609243 10.54827651337655
2417 19358.943965911865 5.031182873244173e7 -57.93117498259308 -144.73388035373821 123.39411630769143 152.1978515242664 -38.364571394275025 -97.44962929013514 18.462742263207133 143.23280354381188 197.2796096617776
2418 19361.91760778427 3.71385131060655e7 -2.102639263138869 -7.574194470889225 -24.21160356965529 4.437547110871606 -134.94965765160657 -124.91120765854578 -135.99588882238686 -15.390066395021336 7.875162414146189
2422 19373.543076515198 3.713798078372697e7 -2.102639850601008 -7.574194810539328 -24.211603294828215 4.437547184167045 -134.9496576038533 -124.91196070562052 -136.00075836423218 -15.39693019673058 7.8671782216639485
2423 19376.96221756935 3.7137944501965776e7 -2.102638841642502 -7.574194133182946 -24.21160356778045 4.4375471823928905 -134.9496576018423 -124.91202354118275 -136.00075836423218 -15.397305880733086 7.866527042664188
2424 19379.966846704483 3.713808448947481e7 -2.1026341133665305 -7.574189154409389 -24.211605707892126 4.437546629816211 -134.94965792277233 -124.91088658241358 -136.0028619586604 -15.388295089397104 7.8735352301315515
2425 19383.031606912613 3.7551321663288966e7 -19.760517487936028 -39.13766208589347 -9.146364549052599 39.55837214484319 -109.26330297854962 -133.08857683934247 -119.16455421725215 -13.538295365404224 10.721840405706018
2426 19385.873288869858 3.8284369257807225e7 -35.18476916155734 -66.70851128510104 15.180891580412634 96.74089094205249 -74.50736283966589 -133.74134844600923 -105.81295491616578 -16.23214095595563 7.5681543511526
2427 19388.903288125992 3.7138513104791954e7 -2.1026390206640606 -7.574194215567983 -24.211603679404433 4.437547082534351 -134.94965766806416 -124.91120765854583 -135.99588882238686 -15.390066402409957 7.875162414146132
2431 19464.484602451324 3.713798078193065e7 -2.1026377140232775 -7.5741919744494375 -24.21160448567896 4.43754678956968 -134.9496578364325 -124.91196070562063 -136.00075836423218 -15.39693020634951 7.8671782216639485
2432 19467.88930630684 3.713794450008781e7 -2.102635628134223 -7.574190788353754 -24.211605044946722 4.437546792510048 -134.94965783047152 -124.91202354118286 -136.00075836423218 -15.397305891785663 7.866527042664131
2433 19471.001613140106 3.713812077421295e7 -2.1026259876074356 -7.574180753864274 -24.21160947644556 4.437545622861265 -134.94965851635953 -124.91082374685135 -136.0028619586604 -15.38791938856906 7.874186409131369
2434 19491.630561113358 3.892533131516818e7 -47.84567001907811 -89.33988823530936 50.31562145290346 138.20040115991327 -44.25813536722248 -127.00937141046722 -68.4645536735622 -16.7956764454799 6.404780832740926
2435 19512.679972410202 3.892536567036181e7 -47.84572691817118 -89.33993917840874 50.315699881322644 138.2004281438002 -44.25811862784116 -127.00921308530116 -68.4645536735622 -16.794850783626714 6.406109636777558
2436 19530.87835097313 3.713851310305774e7 -2.1026382821946044 -7.57419344433141 -24.211604016733503 4.437546994299467 -134.9496577196211 -124.91120765854583 -135.99588882238686 -15.390066412480166 7.875162414146132
2439 19539.62535095215 3.713798076861162e7 -2.102636629539127 -7.574190803629495 -24.211605050183188 4.437546622879708 -134.94965793307895 -124.91196070562063 -136.00075836423218 -15.39693028490052 7.8671782216639485
2440 19542.472143173218 3.7138120777472265e7 -2.102631546799497 -7.57418644666298 -24.211606901464187 4.437546304475674 -134.94965811655527 -124.91082374685135 -136.0028619586604 -15.3879193690492 7.874186409131369
2441 19545.398790359497 3.713794455733522e7 -2.102634988596801 -7.574190117065401 -24.211605389614803 4.437546672311981 -134.9496579092704 -124.91202354118286 -136.00075836423218 -15.397305560653194 7.866527042664131
2442 19548.296054124832 3.7137944498497404e7 -2.1026355616832504 -7.57419071854021 -24.2116050731885 4.437546783868086 -134.94965783592767 -124.91202354118286 -136.00075836423218 -15.397305903871654 7.866527042664131
2443 19551.454342126846 3.713920167166455e7 -2.102635362330531 -7.574190509099548 -24.211605157913525 4.4375467579419166 -134.94965785229584 -124.90672036856068 -135.9885816561379 -15.374037011765665 7.89172369967082
2444 19554.37708902359 3.867868152895088e7 -30.187745141786145 -57.776385637376876 35.25033146582075 103.07955961992076 -69.94449979531754 -118.45938803618924 -84.60417634869083 -16.432272381723294 7.296450904864798
2445 19557.91850709915 3.867868152772586e7 -30.187745510847634 -57.77638598136468 35.25033188420047 103.07955978108251 -69.9444996983443 -118.45938803618924 -84.60417634869083 -16.432272391831987 7.296450904864798
2446 19560.768911361694 3.713851310699471e7 -2.1026366903368086 -7.574191779814647 -24.2116047494329 4.437546798781085 -134.94965783507507 -124.91120765854578 -135.99588882238686 -15.390066390170318 7.875162414146132
2450 19572.394075393677 3.713808458456784e7 -2.1026335423703166 -7.574188911658721 -24.21160595008685 4.437546561105222 -134.94965797583012 -124.91088658241358 -136.0028619586604 -15.388294538394007 7.8735352301315515
2451 19575.376881599426 3.713812084740903e7 -2.1026329436744113 -7.574187020467853 -24.21160675789931 4.437546153037644 -134.94965821809762 -124.91082374685135 -136.0028619586604 -15.387918964418418 7.874186409131369
2452 19578.309535503387 3.713808456861337e7 -2.102634746084764 -7.574189907093139 -24.21160548240242 4.437546650478794 -134.94965792304626 -124.91088658241358 -136.0028619586604 -15.388294636747048 7.8735352301315515
2453 19581.626861333847 3.71379808818104e7 -2.1026356682587988 -7.57419063705388 -24.211605205158982 4.43754666335596 -134.94965792330268 -124.91196070562052 -136.00075836423218 -15.39692963027835 7.8671782216639485
2454 19584.661239385605 3.713808457868829e7 -2.1026340823666274 -7.574189362590905 -24.211605739900307 4.437546602782874 -134.94965795090138 -124.91088658241358 -136.0028619586604 -15.388294572128359 7.8735352301315515
2455 19587.704672574997 3.71380845789764e7 -2.1026340845627054 -7.5741893646585865 -24.211605739659774 4.437546602818955 -134.94965795093879 -124.91088658241358 -136.0028619586604 -15.388294570842731 7.8735352301315515
2456 19590.581045389175 3.713794456455727e7 -2.1026429600088647 -7.574198391369288 -24.211601754432593 4.4375476220054395 -134.94965735293863 -124.91202354118286 -136.00075836423218 -15.397305518741462 7.866527042664188
2457 19593.353350400925 3.7371887802445024e7 -13.007752463429998 -27.067084608490006 -18.766483202748937 23.624984754086356 -121.35812758279785 -131.96271212157865 -129.5727952694457 -13.604007194681628 10.865844682667102
2458 19596.228424310684 3.795553072840556e7 -17.526883013325328 -35.14503305444225 0.11565655862314372 61.620067992627426 -100.19371617082362 -125.6155513478173 -122.86494637658842 -16.62633392046689 7.059117384444733
2459 19599.275762319565 3.79832619368048e7 -14.763560422904842 -30.205595058496286 10.9231526056127 45.89706770714743 -104.70042368991162 -117.7527144366785 -97.75210260306295 -13.505661016965917 11.074482527838768
2460 19602.33874630928 3.827457808222953e7 -13.10922884061046 -27.2484771857196 21.708902876865793 47.10873870946372 -108.73910817238091 -117.80540891125321 -111.3829805037289 0.634524735040884 11.569128067379893
2461 19605.387535333633 4.886382835703578e7 -18.36146363867701 -74.00311389821714 56.96316265520392 55.21837670785753 -103.85301753897004 -88.88556312888767 -28.740086786136885 128.54487608835473 195.5699541583898
2462 19623.622710704803 4.91748446412955e7 -14.20911772964893 -66.58079952842004 67.04588684486714 89.17914766796025 -78.96417533128755 -79.18333068826797 -17.08339970651997 129.47431976134135 197.61029457094924
2463 19642.619572639465 3.713798075124769e7 -2.1026361877008632 -7.574191168144056 -24.211604847199233 4.437546829117494 -134.94965780593014 -124.91196070562063 -136.00075836423218 -15.396930379782873 7.8671782216639485
2464 19661.176307439804 3.7138084741447076e7 -2.1026330699845417 -7.574188103200228 -24.211606423619422 4.4375463117177105 -134.94965814566564 -124.91094447392942 -136.0028619586604 -15.388293631249098 7.8735352301315515
2465 19679.796490430832 5.0080138490056686e7 -40.27319000432418 -113.17031271219658 108.32880753713746 117.07701091614399 -64.05093479862259 -88.66415743315315 2.6787141401719055 144.3076609191329 198.08020863586455
2466 19700.041088104248 5.008013849047455e7 -40.273182634327014 -113.17030526158817 108.32880397327739 117.07700999521217 -64.05093534026437 -88.6641574331531 2.6787141401719055 144.30766091941405 198.08020863586455
2467 19719.309336662292 3.7138513094968386e7 -2.1026381571267834 -7.5741935207573 -24.211603950913847 4.437547056424904 -134.9496576811764 -124.91120765854583 -135.99588882238686 -15.39006645944437 7.875162414146132
2471 19767.04828476906 3.713865317663689e7 -2.102631725614298 -7.574187791142073 -24.21160655457892 4.437546484120048 -134.94965802469062 -124.91007069977661 -135.99799241681507 -15.381055122993985 7.882170601613552
2472 19786.615502119064 3.713868933629826e7 -2.102631664071115 -7.574185985005675 -24.211607202718305 4.437546103251165 -134.94965823719042 -124.91000786421438 -135.99799241681507 -15.38068014559343 7.882821780613369
2473 19805.891041994095 3.713812086482179e7 -2.1026322025444237 -7.574186715389249 -24.211606951120444 4.437546154998088 -134.9496582186943 -124.91082374685135 -136.0028619586604 -15.387918864472567 7.874186409131369
2474 19825.341906785965 3.713798083843459e7 -2.1026425469984744 -7.574197561667765 -24.211602136499188 4.4375474504921755 -134.94965745581064 -124.91196070562052 -136.00075836423218 -15.39692988126734 7.867178221664005
2475 19829.15605187416 3.713812084784483e7 -2.102633940142507 -7.574188833701218 -24.211605979104476 4.4375464769386355 -134.94965802607973 -124.91082374685135 -136.0028619586604 -15.387918962669005 7.874186409131369
2476 19832.068645715714 3.713808457211023e7 -2.1026347471237337 -7.574189822039049 -24.211605525021866 4.437546627450786 -134.9496579360951 -124.91088658241358 -136.0028619586604 -15.38829461078484 7.8735352301315515
2477 19835.630481481552 3.713812084542467e7 -2.102634514914328 -7.574189529874088 -24.211605663755336 4.43754658293696 -134.9496579619923 -124.91082374685129 -136.0028619586604 -15.387918970306657 7.874186409131369
2478 19838.541788339615 3.737194478853446e7 -13.007750337015025 -27.067083229327913 -18.766483851219704 23.624984701000685 -121.35812761466494 -131.96257553709398 -129.5727952694457 -13.603190653297872 10.867260138262225
2479 19841.528730392456 3.75513242210811e7 -19.76052248036161 -39.13766403394182 -9.146364386007441 39.55837103165531 -109.2633038846825 -133.0885271308087 -119.16455421725215 -13.538206680863084 10.721840405706018
2480 19844.498595237732 3.795553068860899e7 -17.526885017269123 -35.145033536659554 0.11565933699819197 61.62006891243969 -100.19371560470532 -125.6155513478173 -122.86494637658842 -16.626333967443088 7.059117384444733
2481 19847.42710542679 3.7983261936838694e7 -14.763559963106342 -30.205594203051213 10.923152196546077 45.89706753556075 -104.70042379283882 -117.7527144366785 -97.75210260306295 -13.505661002308614 11.074482527838825
2482 19850.81157541275 3.82745780814087e7 -13.109230409361196 -27.248478870291663 21.708903710557692 47.10873894374659 -108.73910803205536 -117.80540891125321 -111.3829805037289 0.6345247697169611 11.569128067379893
2483 19853.74541926384 4.886359649278807e7 -18.361462364120673 -74.00311270264179 56.963162927144374 55.21837669752975 -103.85301754340915 -88.88637700526834 -28.74231602215741 128.54118504085773 195.5627019071543
2484 19856.938101530075 3.713794451220921e7 -2.102639160302452 -7.57419523878351 -24.211603033221166 4.4375474542082145 -134.94965744236325 -124.91202354118286 -136.00075836423218 -15.397305826670049 7.866527042664188
2485 19859.911947727203 5.104158669508436e7 -73.35530192165827 -172.30460696648439 147.72128907585608 209.38034988711337 -3.608643213204978 -97.79706697447176 32.27984294006387 141.26175971272085 193.62453990637357
2486 19863.15051984787 5.1041586698268235e7 -73.3553019120979 -172.30460695586868 147.72128908523382 209.38034988653607 -3.6086432140612814 -97.79706697447176 32.27984294006387 141.26175971677708 193.62453990637357
2487 19866.06847000122 3.713854935679455e7 -2.102638533015469 -7.5741934268474225 -24.211603949709463 4.437546991837692 -134.94965771952656 -124.91114482298354 -135.99588882238686 -15.38969089144041 7.875813593145949
2490 19875.5285820961 3.7138084571999446e7 -2.1026335702241497 -7.574188593095835 -24.211606085044096 4.437546473671205 -134.94965802656486 -124.91088658241358 -136.0028619586604 -15.388294611790513 7.8735352301315515
2491 19878.782314300537 3.713794458598449e7 -2.1026349820247674 -7.574190115677743 -24.211605415984472 4.4375466516714255 -134.94965792548814 -124.91202354118286 -136.00075836423218 -15.397305394914554 7.866527042664131
2492 19881.60342502594 3.7137944555430286e7 -2.1026351565709014 -7.574190298666364 -24.211605304477857 4.437546695557629 -134.9496578959293 -124.91202354118275 -136.00075836423218 -15.397305574568747 7.866527042664188
2493 19884.45099902153 3.713808457079634e7 -2.102634406599506 -7.574189490759821 -24.211605675669063 4.437546590582983 -134.94965795752074 -124.91088658241358 -136.0028619586604 -15.388294618701309 7.8735352301315515
2494 19887.350205898285 3.7137944558171675e7 -2.102638100905459 -7.574193268652115 -24.21160400817535 4.437547019871644 -134.94965770572065 -124.91202354118286 -136.00075836423218 -15.39730555596583 7.866527042664188
2495 19890.16022992134 3.713808457029906e7 -2.102634622202185 -7.574189722670415 -24.21160556949181 4.437546620932963 -134.9496579395729 -124.91088658241353 -136.0028619586604 -15.388294621318323 7.8735352301315515
2496 19893.18127989769 3.71380845700464e7 -2.10263513802202 -7.574190672724727 -24.211605154055853 4.4375467958075205 -134.94965783579997 -124.91088658241358 -136.0028619586604 -15.38829462273435 7.8735352301315515
2497 19896.24048423767 3.737194478936353e7 -13.007749828682602 -27.06708253391986 -18.766484171817673 23.624984583486537 -121.35812768546074 -131.96257553709398 -129.5727952694457 -13.603190609882404 10.867260138262225
2498 19899.270091056824 3.755132422094994e7 -19.760522106735344 -39.13766363927123 -9.146364566326383 39.558370981309665 -109.26330391435495 -133.0885271308087 -119.16455421725215 -13.538206683703436 10.721840405705962
2499 19902.14791417122 3.798326193590159e7 -14.763560871846916 -30.205595352359957 10.923152775946882 45.89706772629107 -104.70042367756398 -117.7527144366785 -97.75210260306295 -13.505661043983878 11.074482527838825
2500 19920.714760303497 3.827457808235147e7 -13.109231044182295 -27.24847940291654 21.708903980762457 47.10873899051283 -108.73910800568785 -117.80540891125321 -111.3829805037289 0.6345247586178857 11.569128067379893
2501 19939.39324569702 3.795553073058189e7 -17.526883611158382 -35.14503369275187 0.11565728892374949 61.6200682617542 -100.193716008763 -125.6155513478173 -122.86494637658842 -16.626333920961542 7.059117384444903
2502 19958.310457468033 4.9599759427798025e7 -33.78570861120355 -101.57395423715445 81.29042242821114 112.40089723583844 -69.09707627947166 -89.50972435823473 -15.220688770425113 125.81483262703432 192.5023883660424
2503 19977.119080781937 3.713798079657596e7 -2.1026365757534293 -7.574191595419162 -24.21160471773323 4.43754683372552 -134.9496578112051 -124.91196070562052 -136.00075836423218 -15.396930124079176 7.867178221664005
2507 20022.253101587296 3.713808456782e7 -2.1026334263322397 -7.574188529560251 -24.211606082994358 4.437546497352386 -134.9496580117252 -124.91088658241358 -136.0028619586604 -15.38829463636398 7.8735352301315515
2508 20040.658913373947 3.713798082464932e7 -2.1026348536590724 -7.5741897777535225 -24.211605536052595 4.437546602684051 -134.94965795066483 -124.91196070562063 -136.00075836423218 -15.396929960751436 7.8671782216639485
2509 20043.568494558334 3.713808457003552e7 -2.1026348095354095 -7.57418993272271 -24.211605472099585 4.437546650571903 -134.94965792204775 -124.91088658241358 -136.0028619586604 -15.388294622592639 7.8735352301315515
2510 20046.55695962906 3.713794457160531e7 -2.1026350345397127 -7.574190164796578 -24.21160538165519 4.4375466669964965 -134.94965791446424 -124.91202354118286 -136.00075836423218 -15.397305478193402 7.866527042664188
2511 20049.712634563446 3.713794455713638e7 -2.102635015028806 -7.574190144932519 -24.211605422630107 4.437546651072253 -134.94965792196638 -124.91202354118275 -136.00075836423218 -15.397305561889311 7.866527042664188
2512 20052.776636600494 3.713851311351341e7 -2.1026350943241248 -7.574190228533633 -24.211605521676006 4.437546587353111 -134.94965796005334 -124.91120765854583 -135.99588882238686 -15.390066352242968 7.875162414146189
2513 20055.933881521225 5.134672955163598e7 -57.45322590620181 -143.87964574935907 162.34569113867795 196.5316096750767 -12.637292714599809 -75.52577553446133 47.00480303032691 140.80694715794925 193.9314765889294
2514 20058.84457230568 5.134672955176231e7 -57.45322625941152 -143.8796459604893 162.34569134670215 196.53160980839542 -12.63729263401759 -75.52577553446133 47.00480303032691 140.80694716063863 193.9314765889294
2515 20062.538138389587 3.713798080713044e7 -2.102635515294658 -7.574190504325861 -24.21160521439929 4.437546697695325 -134.94965789256926 -124.91196070562063 -136.00075836423218 -15.396930063061347 7.8671782216639485
2518 20071.65707707405 3.713798082451647e7 -2.1026348366637606 -7.574189761268512 -24.21160558851654 4.437546576482518 -134.94965796627457 -124.91196070562052 -136.00075836423218 -15.396929961580781 7.867178221664005
2519 20074.59427022934 3.713865312672202e7 -2.102633419017298 -7.574188514209894 -24.21160615258384 4.4375464605143975 -134.9496580337771 -124.9100706997765 -135.99799241681507 -15.381055411126397 7.882170601613552
2520 20077.395420074463 3.713794457143355e7 -2.1026349492871113 -7.574190077857976 -24.211605464251136 4.4375466332302125 -134.94965793449634 -124.91202354118286 -136.00075836423218 -15.397305479224656 7.866527042664131
2521 20081.67022418976 3.713808456880165e7 -2.102634782322202 -7.5741899086514035 -24.211605497096123 4.437546640385179 -134.94965792809126 -124.91088658241353 -136.0028619586604 -15.388294630541111 7.8735352301315515
2522 20084.72181200981 3.713851311378137e7 -2.102635248293325 -7.574190381691322 -24.211605348556773 4.437546660207985 -134.94965791703632 -124.91120765854583 -135.99588882238686 -15.390066351329324 7.875162414146189
2523 20087.777647972107 3.713851311358612e7 -2.1026346413469774 -7.574189764302357 -24.211605680957113 4.437546558967242 -134.9496579765036 -124.91120765854583 -135.99588882238686 -15.390066351924816 7.875162414146189
2524 20091.0012550354 3.713794455667927e7 -2.102634864506456 -7.574189991729638 -24.21160547084296 4.437546644168904 -134.94965792590276 -124.91202354118286 -136.00075836423218 -15.397305564911562 7.866527042664188
2525 20094.225056886673 3.7138084567677744e7 -2.102634412940045 -7.574189532121347 -24.211605615481446 4.437546623458715 -134.949657937712 -124.91088658241358 -136.0028619586604 -15.388294637972422 7.8735352301315515
2527 20100.08885574341 3.887962988897507e7 -6.723244063361989 -15.833535499028592 41.053639151244106 103.13120434477374 -74.7806796715876 -100.35705366827233 -103.01283219863922 -2.595872005197407 6.441050910149784
2528 20103.224571704865 3.91392589321482e7 -24.381131441121646 -47.39700928888419 56.11888001803518 138.2520286487894 -49.09432568019034 -108.87783589452727 -86.83436141677106 -2.835476794161366 6.219081325064792
2529 20106.465564489365 3.7137980823696844e7 -2.1026350515082477 -7.574190010995778 -24.21160545484814 4.437546621760163 -134.9496579396365 -124.91196070562052 -136.00075836423218 -15.396929967427809 7.867178221664005
2532 20115.820963859558 3.713854939706146e7 -2.102634610603385 -7.57418953041112 -24.211605709890243 4.4375465356776544 -134.94965799249164 -124.91114482298366 -135.99588882238686 -15.38969065829059 7.875813593145949
2533 20118.76306796074 3.713808457976126e7 -2.1026318326633806 -7.574186883852992 -24.211606850053997 4.437546283093525 -134.94965813918535 -124.91088658241353 -136.0028619586604 -15.388294566570437 7.8735352301315515
2534 20136.960932016373 3.713851312636371e7 -2.1026347878347345 -7.57418990760622 -24.211605764813527 4.437546491546996 -134.94965801857376 -124.91120765854583 -135.99588882238686 -15.390066277786048 7.875162414146132
2535 20155.249559164047 3.7138653146350175e7 -2.1026342441630774 -7.574189373034866 -24.2116058067393 4.437546537193398 -134.9496579917758 -124.91007069977661 -135.99799241681507 -15.381055297748162 7.882170601613552
2536 20174.14129638672 3.713865314582627e7 -2.102634311302154 -7.574189439452029 -24.211605774371094 4.43754654627142 -134.94965798632438 -124.91007069977661 -135.99799241681507 -15.381055300777234 7.882170601613552
2537 20193.265825271606 3.713851313037941e7 -2.102634708667974 -7.574189836724402 -24.211605581516693 4.437546600340198 -134.94965795409547 -124.91120765854583 -135.99588882238686 -15.390066254656688 7.875162414146132
2538 20212.1261575222 3.7137944573279776e7 -2.102634934484893 -7.5741900634759425 -24.211605474079214 4.437546631563123 -134.9496579351308 -124.91202354118286 -136.00075836423218 -15.397305465658462 7.866527042664188
2539 20231.463423728943 3.755132421927573e7 -19.760522756603848 -39.13766432052559 -9.146364304098782 39.55837103775616 -109.26330388296782 -133.08852713080876 -119.16455421725215 -13.538206739159875 10.721840405706018
2540 20250.458814382553 3.795553074087083e7 -17.526883053101027 -35.145033144823145 0.11565663390771874 61.620068017583904 -100.19371615749738 -125.6155513478173 -122.86494637658842 -16.62633390801028 7.059117384444903
2541 20269.4040722847 3.798326193670454e7 -14.763561785534591 -30.205596295658033 10.923153131772573 45.89706781299273 -104.70042362871989 -117.7527144366785 -97.75210260306295 -13.50566101325137 11.074482527838825
2542 20272.51154613495 3.8030938394305915e7 -25.668673978955784 -49.69848602223519 16.36827311997415 65.08450538608326 -91.10889360170636 -125.20750930164434 -92.04877929883554 -14.404212014977702 10.237521940494503
2543 20275.608931064606 3.827457808251835e7 -13.109228827691101 -27.24847709639358 21.708902586740102 47.10873862013655 -108.73910822812226 -117.80540891125321 -111.3829805037289 0.6345247042635265 11.569128067379893
2544 20295.64975810051 4.886359649424165e7 -18.36146182978263 -74.00311214280953 56.963162498390055 55.218376570468195 -103.85301762140843 -88.88637700526834 -28.74231602215741 128.54118509567104 195.5627019071543
2545 20315.49768614769 3.713794457298778e7 -2.1026362414400097 -7.574191380979007 -24.21160462168853 4.437546922833562 -134.94965776338555 -124.91202354118286 -136.00075836423218 -15.397305470214974 7.866527042664131
2546 20334.34662795067 3.71379446143251e7 -2.102634752062489 -7.574189876634621 -24.211605589114434 4.437546579704133 -134.9496579720881 -124.91202354118286 -136.00075836423218 -15.397305231231144 7.866527042664131
2547 20337.27124094963 5.064616130031973e7 -20.21874669033285 -77.32301396554513 133.03591371928115 138.1890367651219 -48.190745131194284 -56.868986686088306 28.69140817164066 144.48313586669997 199.54870288249663
2548 20340.20782470703 5.064616130031973e7 -20.218746733859447 -77.32301403223411 133.03591391874102 138.1890368014066 -48.1907451092193 -56.868986686088306 28.69140817164066 144.48313586669997 199.54870288249663
2549 20343.218723535538 3.713798082763579e7 -2.102635430087904 -7.574190421184825 -24.21160524299107 4.437546688876779 -134.94965790028417 -124.91196070562063 -136.00075836423218 -15.396929943218538 7.8671782216639485
2553 20355.22624731064 3.713865319779737e7 -2.102633484876545 -7.574188587474685 -24.21160621319259 4.437546400486923 -134.94965807954452 -124.91007069977661 -135.99799241681507 -15.381055000411834 7.882170601613552
2554 20358.135931253433 3.7137944618622445e7 -2.102636411716521 -7.5741915647074745 -24.211604790659216 4.437546798274525 -134.94965784410144 -124.91202354118286 -136.00075836423218 -15.397305205872101 7.866527042664188
2555 20360.99489545822 3.7138513174002536e7 -2.1026353344700652 -7.57419046700624 -24.211605558762315 4.437546520875259 -134.94965800818412 -124.91120765854583 -135.99588882238686 -15.390066002122694 7.875162414146132
2556 20363.982551813126 3.713794461526075e7 -2.102635090116511 -7.574190220112163 -24.211605426769523 4.4375466241376245 -134.94965794606557 -124.91202354118275 -136.00075836423218 -15.397305225800835 7.866527042664188
2557 20367.157476902008 3.713794461464179e7 -2.102635050124313 -7.574190382544964 -24.211605364959347 4.43754667044179 -134.94965791832078 -124.91202354118286 -136.00075836423218 -15.397305229362075 7.866527042664188
2558 20369.949234962463 3.713865317833621e7 -2.1026326889693188 -7.574187777289874 -24.211606581972717 4.437546307921679 -134.94965813118483 -124.91007069977661 -135.99799241681507 -15.381055113120738 7.882170601613552
2559 20372.930270910263 3.7138653183575e7 -2.102634125075255 -7.574189239006692 -24.21160589345314 4.437546497607542 -134.9496580197428 -124.91007069977661 -135.99799241681507 -15.381055080893987 7.882170601613552
2560 20376.857610940933 3.7371944794437885e7 -13.007747735921889 -27.067080376561517 -18.766485269000846 23.624984242194174 -121.35812789424799 -131.96257553709398 -129.5727952694457 -13.6031903567183 10.867260138262225
2561 20379.75290799141 3.755132421242785e7 -19.760521904321457 -39.137663457792996 -9.146364745937582 39.55837089660271 -109.26330397226646 -133.08852713080876 -119.16455421725215 -13.538206961076355 10.721840405706018
2562 20382.696613788605 3.795553078233124e7 -17.526882552608303 -35.14503272458266 0.11565608635404345 61.620067811717874 -100.19371628790752 -125.6155513478173 -122.86494637658842 -16.626333865432628 7.059117384444733
2563 20385.751871824265 3.798326194186416e7 -14.763562695608613 -30.20559726849998 10.923153327904366 45.89706787033465 -104.70042360660759 -117.7527144366785 -97.75210260306295 -13.505660824339088 11.074482527838825
2564 20388.7764377594 3.827457808470135e7 -13.10922918092485 -27.248477436736845 21.70890280059787 47.10873864969243 -108.73910821588018 -117.80540891125321 -111.3829805037289 0.6345246227949701 11.569128067379893
2565 20391.69748568535 4.886359649708251e7 -18.361460235215052 -74.00311051488693 56.963161706349084 55.21837633446334 -103.85301776546626 -88.88637700526834 -28.74231602215741 128.54118520383315 195.5627019071543
2566 20394.74641776085 3.713794461412409e7 -2.102634770497133 -7.574189892807329 -24.21160557848738 4.437546582922835 -134.94965797018497 -124.91202354118286 -136.00075836423218 -15.397305232344763 7.866527042664131
2567 20397.738301753998 3.713794474299977e7 -2.1026341603883942 -7.574189272964491 -24.211605963703846 4.437546419125965 -134.94965808486305 -124.91208143269864 -136.00075836423218 -15.397304487250494 7.866527042664131
2568 20400.704082012177 5.011441789223556e7 -25.215721833776136 -86.25509717215633 112.96640029394891 131.85034090976404 -52.75362489539226 -72.5524917107831 6.6495673967316975 143.0018585777466 197.1635264314176
2569 20403.735193014145 5.01144179211689e7 -25.215722780517847 -86.25509730187643 112.96639690361579 131.8503404579754 -52.75362516949723 -72.5524917107831 6.6495673967316975 143.0018587399054 197.1635264314176
2570 20422.439088106155 3.7137980824576944e7 -2.102636885184449 -7.574191921371128 -24.21160455788992 4.437546875020502 -134.9496577903946 -124.91196070562063 -136.00075836423218 -15.396929960415719 7.867178221664005
2573 20478.425852775574 3.713812102313788e7 -2.102633803941746 -7.574188707303723 -24.211606225999994 4.4375463151663155 -134.94965814651164 -124.91088163836719 -136.0028619586604 -15.387917948587585 7.874186409131369
2574 20496.979795455933 3.713794474232026e7 -2.102634464044929 -7.574189559291536 -24.21160580883714 4.437546463143917 -134.9496580589108 -124.91208143269864 -136.00075836423218 -15.39730449135044 7.866527042664131
2575 20515.151915311813 3.71380847551001e7 -2.102631015659462 -7.574186051400041 -24.211607373172015 4.437546058753739 -134.94965829616237 -124.91094447392942 -136.0028619586604 -15.38829355287038 7.8735352301315515
2576 20533.67941737175 3.713808475397373e7 -2.10263405109972 -7.5741891682590925 -24.211606016257534 4.437546403109096 -134.94965809469286 -124.91094447392942 -136.0028619586604 -15.388293562210265 7.8735352301315515
2577 20551.754078388214 3.713794475729298e7 -2.1026341598205427 -7.574189268227647 -24.211605974516957 4.437546409442504 -134.94965809260378 -124.91208143269864 -136.00075836423218 -15.397304404607155 7.866527042664131
2578 20554.829115390778 3.7138653313066475e7 -2.102633800414136 -7.574188933895032 -24.211606146899662 4.437546367066631 -134.94965811556088 -124.91012859129245 -135.99799241681507 -15.381054333438613 7.882170601613552
2579 20558.189826488495 3.7138513299593486e7 -2.1026339036550006 -7.574188997171438 -24.211606312238082 4.437546262832626 -134.94965817779928 -124.91126555006167 -135.99588882238686 -15.390065276077962 7.875162414146132
2580 20577.26552772522 3.755132419258406e7 -19.76052170852951 -39.13766325622091 -9.14636493011487 39.55837078821905 -109.26330405447936 -133.0885271308087 -119.16455421725215 -13.53820760863664 10.721840405706018
2581 20596.31089949608 3.795553089512656e7 -17.52688166570232 -35.14503194517252 0.11565521434409476 61.62006746921176 -100.19371651100211 -125.6155513478173 -122.86494637658842 -16.626333750281276 7.059117384444903
2582 20615.739261627197 3.798326195289354e7 -14.76356018256482 -30.205594825498558 10.923151517921866 45.89706737524263 -104.70042392581405 -117.7527144366785 -97.75210260306295 -13.505660376811306 11.074482527838825
2583 20618.766750574112 4.9104148151356846e7 -29.26657518394885 -93.49600302523385 62.40828293534499 74.40581417306568 -90.26148760328027 -95.9487305976142 -22.28592858037797 130.24703900671875 198.8157870764869
2584 20621.624410390854 4.994970524904434e7 -29.368055223728778 -93.67739866969211 102.88367024770514 97.88956838518376 -77.6424680397876 -81.58986576099045 -3.6467832974427097 143.56277593327684 197.81257315320704
2585 20624.47870540619 5.143369188737625e7 -68.35834499834493 -163.37254033718725 167.7908118130694 215.7190488644008 0.9542382567030749 -82.66461482762156 53.28775135007572 140.8210612036395 193.5654633309705
2586 20628.204754590988 3.713794474456813e7 -2.1026366208201672 -7.5741917895988955 -24.211604855386476 4.437546705903699 -134.9496579162402 -124.91208143269864 -136.00075836423218 -15.39730447531798 7.866527042664188
2587 20631.151419878006 3.7138085139874116e7 -2.1026323853660287 -7.574187461954148 -24.21160708747245 4.437545937391121 -134.9496584231877 -124.91094447392942 -136.0028619586604 -15.388291367169472 7.8735352301315515
2589 20637.95724439621 3.906209849170995e7 -39.43859088994865 -74.31221166934773 51.481283742911366 123.47869736940794 -60.39163657317461 -125.68214586284034 -92.05840109269508 -2.2649045328656143 7.319556547198431
2590 20641.07416844368 3.906209848743535e7 -39.43859107844051 -74.31221166027129 51.48128399078013 123.4786974503902 -60.39163652109134 -125.68214586284034 -92.05840109269508 -2.2649045983628184 7.319556547198431
2591 20644.600446224213 3.713851327760247e7 -2.1026352271451287 -7.574190312060441 -24.211605511398467 4.4375465307536075 -134.94965801657122 -124.91126555006167 -135.99588882238686 -15.390065403505616 7.875162414146189
2594 20653.613620519638 3.713798101218213e7 -2.102634182085133 -7.57418909359534 -24.211606009790508 4.437546383327714 -134.94965810649265 -124.91201859713647 -136.00075836423218 -15.396928876463335 7.867178221664005
2595 20656.93855547905 3.7137944742028505e7 -2.1026342082278475 -7.574189324841798 -24.211605928888304 4.437546430003891 -134.94965807888977 -124.91208143269864 -136.00075836423218 -15.397304495755293 7.866527042664188
2596 20660.023014307022 3.713794474675562e7 -2.1026345895659695 -7.5741897301797 -24.211605699320415 4.437546507074458 -134.94965803337678 -124.91208143269864 -136.00075836423218 -15.39730446542967 7.866527042664131
2597 20663.02034831047 3.713808475723657e7 -2.1026310646869106 -7.5741861202923175 -24.211607322934405 4.437546079938386 -134.94965828383872 -124.91094447392942 -136.0028619586604 -15.388293540397683 7.8735352301315515
2598 20666.747437238693 3.7137944743561834e7 -2.1026342185001 -7.574189334467096 -24.21160592832144 4.437546430879095 -134.9496580779783 -124.91208143269864 -136.00075836423218 -15.397304484069082 7.866527042664131
2599 20670.387303352356 3.713794474741186e7 -2.102634663543686 -7.5741898098038405 -24.211605653356692 4.437546522374419 -134.94965802446092 -124.91208143269864 -136.00075836423218 -15.397304461616727 7.866527042664188
2600 20673.49996137619 3.713794472877891e7 -2.1026350397128866 -7.5741902062721636 -24.21160541487866 4.437546608733513 -134.9496579707656 -124.91208143269864 -136.00075836423218 -15.397304569324774 7.866527042664188
2601 20676.51222729683 3.737195121153745e7 -13.007748529525802 -27.067081183511036 -18.76648497259999 23.62498426651422 -121.35812789875473 -131.96257553709398 -129.5727952694457 -13.603189733656848 10.867260138262225
2602 20679.6298494339 3.7551324192278676e7 -19.76052195393903 -39.13766351889175 -9.146364777652941 39.55837083919107 -109.26330402464316 -133.0885271308087 -119.16455421725215 -13.538207619197749 10.721840405705962
2603 20682.637311697006 3.798326195285919e7 -14.763560730972742 -30.20559536878116 10.92315181487627 45.897067466400486 -104.70042387233829 -117.75271443667856 -97.75210260306295 -13.505660373443106 11.074482527838938
2604 20685.83858680725 3.795553090694868e7 -17.52688116481497 -35.14503143186207 0.11565466063386509 61.62006725496654 -100.19371664138953 -125.6155513478173 -122.86494637658842 -16.626333736459912 7.059117384444903
2605 20688.946735858917 3.8274578092865646e7 -13.10922906401154 -27.248477435681195 21.708901835166778 47.108738362458 -108.7391084082092 -117.80540891125321 -111.3829805037289 0.6345243311604349 11.569128067379893
2606 20692.2637488842 4.886359650690267e7 -18.36146087950495 -74.00311116449473 56.9631618110383 55.218376300103344 -103.85301780451553 -88.88637700526834 -28.74231602215741 128.5411855799831 195.5627019071543
2607 20695.253332853317 5.0799971629801214e7 -37.87665273757562 -108.88650821130474 148.10116208936367 173.30986274474657 -22.50439017090141 -65.37382984879372 44.96042548264404 143.06411540121258 196.30998601643603
2608 20714.49703001976 5.079997162991354e7 -37.87665294837501 -108.88650846341395 148.10116242148172 173.30986280855353 -22.50439013262715 -65.37382984879372 44.96042548264404 143.0641154018963 196.30998601643591
2609 20733.555003881454 3.713794475160945e7 -2.1026348052116255 -7.574189964626932 -24.21160560924899 4.437546527197455 -134.94965802236482 -124.91208143269864 -136.00075836423218 -15.397304437741752 7.866527042664131
2613 20810.2631380558 3.713808475518461e7 -2.102633896087003 -7.574188983475992 -24.211606087709256 4.437546384889416 -134.9496581050322 -124.91094447392942 -136.0028619586604 -15.388293552675748 7.8735352301315515
2614 20828.803718805313 3.713794474873008e7 -2.10263414583428 -7.5741892585947195 -24.211605975581207 4.437546413098161 -134.9496580892246 -124.91208143269864 -136.00075836423218 -15.397304454096513 7.866527042664131
2615 20849.01342010498 3.713794474260054e7 -2.1026357077751925 -7.574190811367206 -24.21160527730889 4.4375465902970745 -134.9496579846671 -124.91208143269864 -136.00075836423218 -15.397304490339764 7.866527042664188
2616 20867.44416332245 3.71380847552329e7 -2.1026339277952566 -7.574189018020773 -24.211606072950374 4.4375463889610955 -134.94965810263173 -124.91094447392942 -136.0028619586604 -15.388293552388632 7.8735352301315515
2617 20886.947187900543 3.7138653312284455e7 -2.1026339035172192 -7.574189003632107 -24.211606173297085 4.437546338232849 -134.94965813284892 -124.91012859129245 -135.99799241681507 -15.381054338236083 7.882170601613552
2618 20905.777381896973 3.7138084755240634e7 -2.102633976550461 -7.574189071248609 -24.21160605006134 4.437546395284912 -134.94965809889044 -124.91094447392942 -136.0028619586604 -15.388293552241748 7.8735352301315515
2619 20924.809393167496 3.737195121104404e7 -13.007749196673082 -27.06708176263142 -18.766484731415986 23.624984308527885 -121.35812787427724 -131.96257553709393 -129.5727952694457 -13.603189729071858 10.867260138262225
2620 20945.408724546432 3.737195121189246e7 -13.007747907958322 -27.06708050372108 -18.766485269170886 23.6249841834599 -121.35812794765737 -131.96257553709398 -129.5727952694457 -13.60318973924143 10.867260138262225
2621 20963.846463680267 3.7551324192421176e7 -19.760521486751944 -39.13766301529364 -9.146365035204639 39.558370759184626 -109.26330407159807 -133.08852713080876 -119.16455421725215 -13.538207611327607 10.721840405706018
2622 20966.982283830643 3.7955530894708075e7 -17.526882102266768 -35.14503228612215 0.11565577390909709 61.62006766809829 -100.19371639065905 -125.6155513478173 -122.86494637658842 -16.62633375153746 7.059117384444733
2623 20969.99991607666 3.798326195267397e7 -14.763560540070614 -30.205595164727512 10.92315170210486 45.897067427198735 -104.70042389513172 -117.7527144366785 -97.75210260306295 -13.505660379945368 11.074482527838825
2624 20990.148059606552 3.827457809148803e7 -13.109228391252827 -27.248476608993663 21.70890238182745 47.108738468896604 -108.73910834035173 -117.80540891125321 -111.3829805037289 0.6345243437412478 11.569128067379893
2625 21010.831699609756 4.886359650723237e7 -18.361460956495325 -74.00311124065854 56.963161893758084 55.21837634096687 -103.85301778081865 -88.88637700526834 -28.74231602215741 128.54118559149583 195.5627019071543
2626 21029.12289428711 3.7371887792724684e7 -13.00776095492137 -27.067096381032375 -18.76647897255058 23.624986097942937 -121.35812678027185 -131.9627121215787 -129.5727952694457 -13.604007481706617 10.865844682667102
2627 21032.227815389633 3.7371887792724684e7 -13.007760972454836 -27.06709641908927 -18.766478956059906 23.624986105387435 -121.35812677584937 -131.96271212157865 -129.5727952694457 -13.604007481706617 10.865844682667102
2628 21035.207666397095 3.713794475455124e7 -2.1026345378669085 -7.574189677039575 -24.211605757249338 4.437546479867265 -134.94965805073713 -124.91208143269864 -136.00075836423218 -15.397304420921103 7.866527042664131
2631 21043.927847623825 3.713808475557798e7 -2.1026333727539317 -7.574188467425399 -24.21160631718974 4.4375463285729495 -134.94965813800357 -124.91094447392942 -136.0028619586604 -15.388293550086928 7.8735352301315515
2632 21046.936905622482 3.7137944742808335e7 -2.1026341032136635 -7.574189174267115 -24.211606008266855 4.437546400884216 -134.94965809564687 -124.91208143269864 -136.00075836423218 -15.397304488313182 7.866527042664188
2633 21050.106343507767 3.713812102199293e7 -2.1026339316894003 -7.574188878174967 -24.211606141955492 4.437546346159294 -134.94965812799933 -124.91088163836719 -136.0028619586604 -15.38791795512725 7.874186409131369
2634 21053.00528025627 5.1433691941456996e7 -68.35835361716654 -163.37254797178363 167.79082745137202 215.71905332661666 0.954240994730764 -82.66461482762156 53.28775135007572 140.82106169414078 193.5654633309705
2635 21056.0614361763 5.1433691941456996e7 -68.35835397220684 -163.37254824376984 167.79082791744432 215.71905349004837 0.9542410937093955 -82.66461482762156 53.28775135007572 140.82106169414078 193.5654633309705
2636 21058.945199251175 3.713794475504234e7 -2.102634443708677 -7.57418957108937 -24.21160582076314 4.437546456990745 -134.94965806435965 -124.91208143269864 -136.00075836423218 -15.397304418181136 7.866527042664131
2640 21072.79666543007 3.7138084755711935e7 -2.1026339456774856 -7.57418897088162 -24.21160605727686 4.4375463923439185 -134.94965810075018 -124.91094447392942 -136.0028619586604 -15.38829354978941 7.8735352301315515
2641 21076.432663440704 3.7138084756016925e7 -2.1026340147620424 -7.574189058143121 -24.211606035495635 4.437546396743741 -134.9496580980071 -124.91094447392942 -136.0028619586604 -15.388293546892328 7.8735352301315515
2642 21079.852528572083 3.7137944745705314e7 -2.102634110460688 -7.574189186615381 -24.21160601035711 4.437546398306438 -134.94965809757647 -124.91208143269864 -136.00075836423218 -15.397304471487075 7.866527042664188
2643 21083.257028579712 3.713865331242799e7 -2.102633913494362 -7.574188960105461 -24.211606148136475 4.43754634844008 -134.94965812680934 -124.91012859129245 -135.99799241681507 -15.381054337473586 7.882170601613552
2644 21087.038814783096 3.713794474286349e7 -2.10263408763079 -7.574189154126357 -24.211606013119273 4.437546400039054 -134.94965809615198 -124.91208143269864 -136.00075836423218 -15.39730448805335 7.866527042664131
2645 21090.14376759529 3.713794474290316e7 -2.1026341703973443 -7.574189343608319 -24.21160592822835 4.437546439328699 -134.9496580728134 -124.91208143269864 -136.00075836423218 -15.397304487866904 7.866527042664188
2646 21093.140377759933 3.7137944742858484e7 -2.102634894673791 -7.5741899788474925 -24.211605649760997 4.4375464933388 -134.94965804143195 -124.91208143269864 -136.00075836423218 -15.397304488077282 7.866527042664131
2647 21096.28107881546 3.737195121154556e7 -13.007748425903191 -27.067081032418432 -18.766485041869736 23.6249842406871 -121.35812791398756 -131.96257553709398 -129.5727952694457 -13.603189735766875 10.867260138262338
2648 21099.288798570633 3.755132419255962e7 -19.760521611184235 -39.13766310939756 -9.146364989419254 39.55837076680611 -109.2633040671489 -133.08852713080876 -119.16455421725215 -13.538207608958317 10.721840405706018
2649 21102.274132728577 3.79555308945687e7 -17.526881797152797 -35.14503196306037 0.11565539298116789 61.620067530124004 -100.19371647414519 -125.6155513478173 -122.86494637658842 -16.626333748828813 7.059117384444733
2650 21105.341445684433 3.798326195271563e7 -14.7635604799014 -30.20559506542077 10.923151655018096 45.89706740765703 -104.7004239066514 -117.7527144366785 -97.75210260306295 -13.505660380669894 11.074482527838825
2651 21108.427282571793 3.827457809204653e7 -13.10922855624895 -27.24847675643789 21.708902424756438 47.10873847726728 -108.73910833552964 -117.80540891125321 -111.3829805037289 0.6345243486680374 11.569128067379893
2652 21127.766519784927 4.886359650714928e7 -18.361461270817422 -74.00311155837991 56.963161998497796 55.21837636766466 -103.85301776519269 -88.88637700526834 -28.74231602215741 128.54118558960522 195.5627019071543
2653 21147.463238716125 3.7138653307707846e7 -2.1026334925392867 -7.574188519124762 -24.21160636479977 4.437546286166167 -134.94965816275374 -124.91012859129245 -135.99799241681507 -15.38105436453958 7.882170601613552
2654 21167.549132585526 5.104158481798133e7 -73.3553011292679 -172.30460591795642 147.72129348322042 209.38035042952384 -3.6086429675711926 -97.79706697447182 32.27984294006387 141.26176072715714 193.62453990637357
2655 21186.614428043365 5.104158481800532e7 -73.35530112752527 -172.30460591423255 147.7212934737347 209.38035042799999 -3.6086429684970156 -97.79706697447176 32.27984294006387 141.26176072719 193.62453990637357
2656 21205.525410175323 3.713794474797475e7 -2.1026344657448313 -7.574189580393233 -24.211605768954037 4.437546483920201 -134.9496580472487 -124.91208143269864 -136.00075836423218 -15.397304458548774 7.866527042664131
2659 21259.58984398842 3.713808475530783e7 -2.102634008683893 -7.574189037399915 -24.211606066356346 4.437546379911524 -134.94965810809038 -124.91094447392942 -136.0028619586604 -15.388293551660126 7.8735352301315515
2660 21262.61775493622 3.713794474426304e7 -2.102634118402552 -7.574189185410351 -24.211606005421046 4.4375463999665925 -134.94965809640345 -124.91208143269864 -136.00075836423218 -15.397304479856302 7.866527042664188
2661 21266.079075813293 3.713794474280868e7 -2.102634103076337 -7.574189174155864 -24.211606008311705 4.4375464008783325 -134.94965809565062 -124.91208143269864 -136.00075836423218 -15.39730448831125 7.866527042664188
2662 21285.486255407333 3.713794474289393e7 -2.102634426034278 -7.574189510976536 -24.211605858757686 4.437546440642066 -134.94965807233007 -124.91208143269864 -136.00075836423218 -15.397304487886174 7.866527042664131
2663 21305.477975845337 3.713851329981649e7 -2.1026340501058485 -7.57418912257933 -24.211606053873375 4.437546383070995 -134.94965810622284 -124.91126555006167 -135.99588882238686 -15.39006527472867 7.875162414146189
2664 21324.16198539734 3.737195121161407e7 -13.007748336058462 -27.06708096570989 -18.766485071478648 23.624984236939724 -121.3581279161787 -131.96257553709398 -129.5727952694457 -13.603189735180536 10.867260138262225
2665 21327.05020427704 3.763548228653542e7 -30.665635889706728 -58.63055495214016 -3.7012440373109357 58.74580860567018 -95.67177388593309 -140.6747064110869 -113.72917662441614 -13.795227199410476 10.727933328986182
2666 21330.261070489883 3.795553089441415e7 -17.52688183144073 -35.145032012194065 0.11565543728282535 61.6200675457611 -100.19371646456452 -125.6155513478173 -122.86494637658842 -16.626333750018546 7.059117384444903
2667 21333.46595954895 3.798326195266456e7 -14.763560459903566 -30.205595042311117 10.923151648320456 45.897067406579865 -104.70042390730012 -117.7527144366785 -97.75210260306295 -13.505660380600318 11.074482527838768
2668 21336.733390569687 3.827457809204204e7 -13.109228558614461 -27.248476755334234 21.70890242854226 47.10873847760273 -108.73910833532182 -117.80540891125321 -111.3829805037289 0.6345243486335335 11.569128067379893
2669 21339.652527809143 4.88635965071582e7 -18.361461256294522 -74.00311154211994 56.963161984477225 55.21837636608484 -103.85301776616099 -88.88637700526834 -28.74231602215741 128.54118558993616 195.5627019071543
2670 21342.625613689423 3.971220058574379e7 -52.099512254008616 -96.94361684148768 86.61603383408254 164.93821600035474 -30.142403785474137 -118.77286484137244 -54.28826552231561 -3.0116561629176317 5.977578328864581
2671 21345.64957165718 3.9712237148197e7 -52.09952690657023 -96.94362806636312 86.61605793677784 164.93822346268243 -30.14239926608652 -118.77268558945559 -54.28826552231561 -3.0109211781727936 5.978566165599318
2672 21348.547586917877 3.713794474736807e7 -2.102634333892677 -7.574189437902854 -24.211605836386205 4.437546464213469 -134.94965805875904 -124.91208143269864 -136.00075836423218 -15.397304462014688 7.866527042664131
2676 21361.39060997963 3.713794474278792e7 -2.102634077937406 -7.574189152600361 -24.211606017972457 4.4375463990239865 -134.94965809672647 -124.91208143269864 -136.00075836423218 -15.397304488443751 7.866527042664188
2677 21364.56570506096 3.713808475509649e7 -2.1026340021088217 -7.574189087599786 -24.211606047089518 4.4375463934429575 -134.94965809996478 -124.91094447392942 -136.0028619586604 -15.388293552829339 7.8735352301315515
2678 21367.597830057144 5.17049997308136e7 -86.01624005477984 -194.936019615282 182.8560620541894 250.8398766627618 26.640594382783547 -91.23370658583116 69.40044756662189 140.17742572495354 193.53918398766075
2679 21371.225205659866 5.170499973092382e7 -86.01624009452294 -194.93601964268805 182.8560620684562 250.83987667584913 26.640594390249486 -91.23370658583116 69.40044756662189 140.17742572807776 193.53918398766075
2680 21374.45823287964 3.713794474735176e7 -2.102634280339039 -7.574189382767647 -24.21160586088098 4.437546457810512 -134.94965806251233 -124.91208143269864 -136.00075836423218 -15.397304462100749 7.866527042664131
2684 21386.403098344803 3.713808475535781e7 -2.1026337671656243 -7.5741888391592695 -24.211606155082166 4.437546364697184 -134.94965811687604 -124.91094447392942 -136.0028619586604 -15.388293551317133 7.8735352301315515
2685 21389.351296663284 3.713808475576578e7 -2.102633908785954 -7.574188972930688 -24.211606100065538 4.437546375888246 -134.94965811040294 -124.91094447392942 -136.0028619586604 -15.388293548856495 7.8735352301315515
2686 21392.3695166111 3.713794474284274e7 -2.1026340682103637 -7.574189102367059 -24.211606039214665 4.437546387220692 -134.94965810376985 -124.91208143269864 -136.00075836423218 -15.397304488136456 7.866527042664131
2687 21395.447204589844 3.7138084754891396e7 -2.102633994854667 -7.574189064331449 -24.211606057747424 4.437546387967686 -134.94965810321958 -124.91094447392942 -136.0028619586604 -15.388293554122924 7.8735352301315515
2688 21398.50043773651 3.7138084755043216e7 -2.102634023121219 -7.574189094327874 -24.21160604431639 4.4375463917464515 -134.94965810098466 -124.91094447392942 -136.0028619586604 -15.388293553078256 7.8735352301315515
2689 21417.759776353836 3.7137944742874116e7 -2.10263410211779 -7.574189179017701 -24.2116060155248 4.437546397281096 -134.9496580978102 -124.91208143269864 -136.00075836423218 -15.39730448796098 7.866527042664131
2690 21436.333134889603 3.7137944742818154e7 -2.1026340895758793 -7.574189164932186 -24.211606012407955 4.437546400560379 -134.94965809582695 -124.91208143269864 -136.00075836423218 -15.397304488281236 7.866527042664131
2691 21454.32895708084 3.7371951211540945e7 -13.007748475782272 -27.06708109358715 -18.766485017626394 23.62498424779706 -121.3581279098101 -131.96257553709398 -129.5727952694457 -13.603189735425474 10.867260138262338
2692 21472.48605966568 3.7551324192624e7 -19.760521640501175 -39.13766315243707 -9.14636497770475 39.558370769916095 -109.2633040652961 -133.0885271308087 -119.16455421725215 -13.538207607614368 10.721840405706018
2693 21475.529218435287 3.795553089407639e7 -17.526881717439128 -35.145031915363255 0.11565528991206975 61.6200674932831 -100.19371649622566 -125.6155513478173 -122.86494637658842 -16.626333750836295 7.059117384444903
2694 21478.71789264679 3.798326195266309e7 -14.763560424026782 -30.20559500791819 10.923151632952973 45.89706740285621 -104.70042390946345 -117.7527144366785 -97.75210260306295 -13.505660380832637 11.074482527838768
2695 21498.58707165718 3.827457809196076e7 -13.109228599712853 -27.248476805880667 21.708902455471247 47.10873848567259 -108.73910833057397 -117.80540891125321 -111.3829805037289 0.6345243475249163 11.569128067379893
2696 21519.76323747635 4.8863596507169075e7 -18.36146128429006 -74.00311157286372 56.96316201512543 55.21837637262574 -103.8530177622738 -88.88637700526834 -28.74231602215741 128.54118559031463 195.5627019071543
2697 21539.76354575157 3.934196564894116e7 -54.33317041596521 -100.93626432247505 77.35403218496748 142.8765245042436 -39.21198828354005 -126.56634685800401 -51.11637030122222 0.4711619165282741 10.665333542136409
2698 21542.69733285904 3.934196564896434e7 -54.3331704216436 -100.93626433470232 77.35403219026504 142.876524506636 -39.21198828211749 -126.56634685800401 -51.11637030122222 0.4711619165392449 10.665333542136295
2699 21546.23102068901 3.713808475560415e7 -2.1026339834390946 -7.574189068606261 -24.21160605849061 4.437546389474562 -134.94965810239634 -124.91094447392942 -136.0028619586604 -15.388293549976765 7.8735352301315515
2702 21555.77204155922 3.713794474284692e7 -2.1026341054698072 -7.574189176131714 -24.21160600801911 4.437546400681896 -134.94965809578173 -124.91208143269864 -136.00075836423218 -15.397304488120312 7.866527042664188
2703 21558.591755628586 3.713808475521515e7 -2.1026339151441746 -7.574188981850131 -24.211606093691543 4.437546378699139 -134.94965810867376 -124.91094447392942 -136.0028619586604 -15.388293552122889 7.8735352301315515
2704 21561.625675678253 3.713808475509176e7 -2.1026340251754405 -7.574189078564151 -24.211606049781793 4.437546387832668 -134.9496581033302 -124.91094447392942 -136.0028619586604 -15.388293552799496 7.8735352301315515
2705 21564.510405778885 3.713808475500083e7 -2.1026340267915202 -7.5741891087795885 -24.211606036460815 4.4375463958843255 -134.94965809852985 -124.91094447392942 -136.0028619586604 -15.38829355340198 7.8735352301315515
2706 21567.892318725586 3.7138084755454876e7 -2.1026340436418316 -7.574189123060583 -24.211606030842283 4.437546396597995 -134.94965809817 -124.91094447392942 -136.0028619586604 -15.38829355069754 7.8735352301315515
2707 21571.10512161255 3.7138084755134635e7 -2.102634058841762 -7.5741891348892825 -24.211606030338302 4.437546394855829 -134.94965809918645 -124.91094447392942 -136.0028619586604 -15.388293552564392 7.8735352301315515
2708 21574.022495746613 3.713808475512363e7 -2.1026340608445153 -7.574189137982312 -24.21160602415936 4.437546397993913 -134.94965809731366 -124.91094447392942 -136.0028619586604 -15.388293552626976 7.8735352301315515
2709 21577.16371369362 3.737195121153323e7 -13.007748418422391 -27.067081031573373 -18.76648504578526 23.624984239821046 -121.3581279144812 -131.96257553709398 -129.5727952694457 -13.603189735928652 10.867260138262338
2710 21580.177380800247 3.755132419264548e7 -19.760521605318257 -39.1376631170915 -9.146364993392396 39.55837076597622 -109.26330406759142 -133.0885271308087 -119.16455421725215 -13.538207607059178 10.721840405706018
2711 21583.893323659897 3.795553089426368e7 -17.52688179973228 -35.145031995756185 0.11565539286823423 61.62006753074337 -100.1937164736515 -125.6155513478173 -122.86494637658842 -16.626333750493984 7.059117384444733
2712 21586.986694574356 3.79832619526555e7 -14.76356045495734 -30.205595037777627 10.923151645768641 45.89706740584836 -104.70042390773193 -117.7527144366785 -97.75210260306295 -13.505660380637948 11.074482527838768
2713 21590.372423410416 3.82745780920299e7 -13.109228487219688 -27.24847669428449 21.708902404570317 47.10873847332 -108.73910833777373 -117.80540891125321 -111.3829805037289 0.6345243487385233 11.569128067379893
2714 21593.35091662407 4.8863596507150926e7 -18.361461201441095 -74.00311148901544 56.96316198382439 55.21837636409185 -103.85301776722392 -88.88637700526834 -28.74231602215741 128.54118558968617 195.5627019071543
2715 21596.415026664734 3.713794474279755e7 -2.10263427503979 -7.5741893529894195 -24.211605929656038 4.4375464215301434 -134.94965808353282 -124.91208143269864 -136.00075836423218 -15.397304488388102 7.866527042664131
2717 21603.22460961342 3.903811438618249e7 -58.750810265624494 -108.83280380740976 55.760775396916664 157.387850856159 -30.66659800554895 -134.39221037094876 -62.72315023927513 -16.573023663841184 7.031624699909628
2718 21606.24865746498 5.002015615065518e7 -62.348712340045395 -152.63032135396492 101.8007876804486 166.7091604428766 -29.81919148653781 -105.40826972236016 6.6400668219233125 126.40839620458962 193.52533860060578
2719 21609.690314531326 3.713794474287592e7 -2.1026340785042805 -7.574189142306182 -24.21160602324801 4.437546395628644 -134.9496580987745 -124.91208143269864 -136.00075836423218 -15.397304487981103 7.866527042664188
2722 21618.770251512527 3.713808475528391e7 -2.102634047350165 -7.57418911975487 -24.211606032670836 4.4375463948481695 -134.94965809921152 -124.91094447392942 -136.0028619586604 -15.388293551766992 7.8735352301315515
2723 21637.386595487595 3.71380847552287e7 -2.1026340023542147 -7.574189068146147 -24.21160605629862 4.437546387643167 -134.9496581034455 -124.91094447392942 -136.0028619586604 -15.388293552067012 7.8735352301315515
2724 21656.3619017601 3.713794474288476e7 -2.1026340634939267 -7.574189125083771 -24.211606033098597 4.4375463921426075 -134.94965810083897 -124.91208143269864 -136.00075836423218 -15.397304487932956 7.866527042664188
2725 21675.401523590088 3.713794474288216e7 -2.1026340708762667 -7.574189133168996 -24.211606027149777 4.437546394439025 -134.94965809947678 -124.91208143269864 -136.00075836423218 -15.397304487946883 7.866527042664131
2726 21693.849923610687 3.713794474291271e7 -2.102634057534221 -7.5741891171414455 -24.211606034013855 4.437546392357376 -134.94965810070096 -124.91208143269864 -136.00075836423218 -15.39730448773821 7.866527042664188
2727 21712.645157814026 3.7137944743021525e7 -2.102634089817606 -7.574189155959932 -24.21160601757356 4.437546397296032 -134.949658097812 -124.91208143269864 -136.00075836423218 -15.397304487134988 7.866527042664188
2728 21731.67337489128 3.713794474287796e7 -2.102634075954235 -7.574189139244268 -24.211606024554435 4.437546395230285 -134.9496580990093 -124.91208143269864 -136.00075836423218 -15.397304487969734 7.866527042664131
2729 21750.681888580322 3.737195121155156e7 -13.007748397197457 -27.067080996883625 -18.76648506146026 23.624984233504094 -121.35812791824773 -131.96257553709398 -129.5727952694457 -13.603189735636931 10.867260138262225
2730 21769.44119334221 3.755132419260008e7 -19.760521623567453 -39.1376631246088 -9.146364991223734 39.558370764358074 -109.26330406860505 -133.08852713080876 -119.16455421725215 -13.53820760812016 10.721840405706018
2731 21788.574956417084 3.795553089442624e7 -17.526881817960774 -35.145031983956684 0.1156554250629398 61.62006754012441 -100.19371646790808 -125.6155513478173 -122.86494637658842 -16.626333749960907 7.059117384444733
2732 21807.415232419968 3.798326195262953e7 -14.763560440755036 -30.205595014890086 10.923151634848075 45.897067401512956 -104.70042391032308 -117.7527144366785 -97.75210260306295 -13.505660380526251 11.074482527838768
2733 21827.675911426544 3.8274578091934174e7 -13.109228529822428 -27.248476721816253 21.708902411039816 47.10873847240805 -108.7391083384203 -117.80540891125321 -111.3829805037289 0.63452434748001 11.569128067379893
2734 21846.818168878555 4.886359650716893e7 -18.361461226513622 -74.00311150906869 56.96316194899903 55.218376358416634 -103.8530177707667 -88.88637700526834 -28.74231602215741 128.54118559032725 195.5627019071543
2735 21868.171751737595 3.7137944742882095e7 -2.102634165584263 -7.574189229408871 -24.211605984646873 4.437546405290803 -134.94965809311392 -124.91208143269864 -136.00075836423218 -15.397304487948418 7.866527042664188
2736 21888.56173682213 3.713794474313995e7 -2.1026340802047194 -7.574189111423905 -24.21160603907459 4.437546385442914 -134.9496581049179 -124.91208143269864 -136.00075836423218 -15.397304486592304 7.866527042664188
2737 21891.572278738022 3.7371951211881205e7 -13.007749885163978 -27.06708236534005 -18.766484451134296 23.624984365616356 -121.35812784196577 -131.96257553709398 -129.5727952694457 -13.603189716173517 10.867260138262225
2738 21895.018671512604 3.835276574400643e7 -24.01434284528285 -46.74136839241478 27.154023619613966 66.29617633501145 -95.14757814324388 -124.92192021047629 -105.0151550404305 0.3003955618062264 10.547921833994508
2739 21915.08900141716 3.713808475519785e7 -2.1026340502087884 -7.574189108936096 -24.211606039662257 4.437546390226615 -134.9496581019543 -124.91094447392942 -136.0028619586604 -15.388293552230664 7.8735352301315515
2743 21962.40001988411 3.7137944743139185e7 -2.1026340693843046 -7.574189090297967 -24.21160604833444 4.437546381436249 -134.94965810729624 -124.91208143269864 -136.00075836423218 -15.397304486594464 7.866527042664131
2744 21965.412052869797 3.7137981010526165e7 -2.1026340369234333 -7.574189026920294 -24.211606076113867 4.437546369415941 -134.94965811443097 -124.91201859713647 -136.00075836423218 -15.396928886233752 7.867178221664005
2745 21968.45158791542 3.803093824017869e7 -25.668676300244744 -49.69848852372975 16.36827323584596 65.08450539115965 -91.10889364112776 -125.20750930164434 -92.04877929883554 -14.404211046945932 10.237521940494503
2746 21972.607086896896 3.863411599319157e7 -41.092923453945126 -77.26933022356727 40.69553539715793 122.26702683256394 -56.352951825006016 -126.15801599748352 -79.5471630229257 -18.174027176109064 4.603569539079899
2747 21975.613255739212 3.713808475529098e7 -2.102634025629623 -7.574189084167056 -24.211606047926608 4.437546388793621 -134.9496581028192 -124.91094447392942 -136.0028619586604 -15.388293551818492 7.8735352301315515
2750 21985.445256471634 3.7137944743132606e7 -2.102634058621348 -7.574189069230551 -24.211606057567195 4.437546377436107 -134.94965810967017 -124.91208143269864 -136.00075836423218 -15.397304486634198 7.866527042664131
2751 21988.37922644615 3.713798101050194e7 -2.1026340263323036 -7.574189006028382 -24.21160608526568 4.437546365435821 -134.94965811679256 -124.91201859713647 -136.00075836423218 -15.39692888638291 7.867178221664005
2753 21995.155294418335 5.0658018923789814e7 -44.79230459923931 -121.24824276625282 127.21093322337173 155.0720901091637 -42.88652605837832 -82.25827269366505 9.522675394511225 140.90912018340282 194.1959067721093
2754 21997.956027507782 5.065801892378864e7 -44.7923045998253 -121.24824276669541 127.21093322534404 155.0720901096106 -42.88652605810826 -82.25827269366499 9.522675394511225 140.90912018336883 194.1959067721093
2755 22000.983805656433 3.7138084755330585e7 -2.1026340225726976 -7.574189072926275 -24.211606053205976 4.437546385994949 -134.94965810449528 -124.91094447392942 -136.0028619586604 -15.388293551610616 7.8735352301315515
2758 22010.434122800827 3.71379810105196e7 -2.1026340413079545 -7.574189031398463 -24.211606073888454 4.437546370055898 -134.94965811405396 -124.91201859713647 -136.00075836423218 -15.396928886277522 7.867178221664005
2759 22013.52647972107 3.713794474317217e7 -2.102634054161406 -7.574189064209385 -24.211606061068437 4.43754637608059 -134.94965811048 -124.91208143269864 -136.00075836423218 -15.39730448640853 7.866527042664188
2760 22016.48500752449 3.713808475550044e7 -2.102633979860297 -7.574188988804437 -24.211606092974968 4.437546368362987 -134.9496581149905 -124.91094447392942 -136.0028619586604 -15.388293550639332 7.8735352301315515
2761 22019.474935531616 3.713794474316569e7 -2.102634054898509 -7.57418906503071 -24.211606060495072 4.437546376302379 -134.9496581103474 -124.91208143269864 -136.00075836423218 -15.397304486445421 7.866527042664188
2762 22022.455924510956 3.7137944743161984e7 -2.1026340573582907 -7.574189067786124 -24.21160605865061 4.437546377019771 -134.94965810991553 -124.91208143269864 -136.00075836423218 -15.397304486434734 7.866527042664131
2763 22025.52209544182 3.713794474327777e7 -2.1026340617703347 -7.574189072845158 -24.211606055043156 4.437546378379423 -134.94965810912996 -124.91208143269864 -136.00075836423218 -15.397304485791437 7.866527042664131
2764 22028.45132637024 3.737195121159926e7 -13.007748395222897 -27.067080945178347 -18.766485086314553 23.624984218270583 -121.35812792739397 -131.96257553709393 -129.5727952694457 -13.60318973492997 10.867260138262225
2765 22031.790357351303 3.75513241924729e7 -19.760521594748116 -39.137663041085595 -9.14636503083721 39.55837074446744 -109.26330408051287 -133.0885271308087 -119.16455421725215 -13.538207611059022 10.721840405706018
2766 22034.706017255783 3.795553089459863e7 -17.526881803737798 -35.145031910675364 0.1156554247863184 61.62006753561437 -100.19371647045801 -125.6155513478173 -122.86494637658842 -16.626333749184198 7.059117384444903
2767 22053.830455303192 3.798326195253597e7 -14.763560418582294 -30.205594939459296 10.92315159720004 45.89706738233734 -104.7004239218333 -117.7527144366785 -97.75210260306295 -13.505660379868345 11.074482527838825
2768 22072.26749396324 3.827457809173819e7 -13.109228507096638 -27.24847664604198 21.70890236779657 47.10873845288822 -108.7391083501334 -117.80540891125321 -111.3829805037289 0.6345243451070246 11.569128067379893
2769 22092.122212409973 4.886359650720438e7 -18.361461219762397 -74.0031114847821 56.96316180118182 55.218376330700565 -103.85301778765648 -88.88637700526834 -28.74231602215741 128.54118559159656 195.5627019071543
2770 22111.063611507416 3.971220530174235e7 -52.09951745715196 -96.9436175069176 86.61604328223778 164.93821870852278 -30.142402188316897 -118.77278091082906 -54.28826552231561 -3.01149086017989 5.977578328864581
2771 22129.13008904457 3.971220530173769e7 -52.09951738240632 -96.9436174447086 86.61604318534461 164.93821867423878 -30.142402209075293 -118.772780910829 -54.28826552231561 -3.0114908603143817 5.977578328864581
2772 22147.538647174835 3.713794474312549e7 -2.102634062659323 -7.574189073780644 -24.21160605440822 4.437546378653536 -134.94965810894578 -124.91208143269864 -136.00075836423218 -15.397304486667565 7.866527042664188
2776 22222.86100435257 3.713798101052051e7 -2.102634048274364 -7.574189048587963 -24.21160606652922 4.437546373528491 -134.94965811199017 -124.91201859713647 -136.00075836423218 -15.396928886272462 7.867178221664005
2777 22242.329698562622 3.713794474314323e7 -2.102634026514348 -7.574189035727471 -24.211606072291232 4.437546373551555 -134.9496581119511 -124.91208143269864 -136.00075836423218 -15.397304486569737 7.866527042664131
2778 22261.790401935577 3.7137944743189484e7 -2.102634054683275 -7.574189065412401 -24.21160605932309 4.437546376982752 -134.94965810994404 -124.91208143269864 -136.00075836423218 -15.397304486305927 7.866527042664131
2779 22281.663012742996 3.713794474312738e7 -2.10263406204205 -7.574189072530663 -24.211606056087795 4.4375463777815725 -134.9496581094706 -124.91208143269864 -136.00075836423218 -15.397304486678934 7.866527042664131
2780 22301.09025645256 3.713794474314289e7 -2.102634071139672 -7.574189081329557 -24.21160605218097 4.437546378720214 -134.94965810891964 -124.91208143269864 -136.00075836423218 -15.397304486571727 7.866527042664188
2781 22304.60639643669 3.713794474313362e7 -2.102634058222108 -7.574189068756171 -24.2116060586864 4.4375463768787 -134.94965811000256 -124.91208143269864 -136.00075836423218 -15.397304486627718 7.866527042664188
2782 22307.690036535263 3.737195121160039e7 -13.007748383793377 -27.06708093395695 -18.76648509162166 23.62498421687704 -121.3581279282124 -131.96257553709398 -129.5727952694457 -13.603189734932414 10.867260138262338
2783 22326.571741104126 3.755132419247626e7 -19.760521580178658 -39.13766302725409 -9.146365036557768 39.55837074328504 -109.26330408119756 -133.08852713080876 -119.16455421725215 -13.53820761093914 10.721840405706018
2784 22346.011424064636 3.795553089462293e7 -17.526881789498358 -35.14503189948844 0.11565540680464892 61.62006752917026 -100.19371647435518 -125.6155513478173 -122.86494637658842 -16.626333749127753 7.059117384444733
2785 22364.52916240692 3.798326195253686e7 -14.76356042629115 -30.205594947326368 10.923151601567895 45.89706738368851 -104.70042392103112 -117.75271443667856 -97.75210260306295 -13.505660379931442 11.074482527838825
2786 22367.56272959709 3.8274578091735475e7 -13.10922849864098 -27.248476637896708 21.7089023643398 47.108738452080374 -108.73910835060407 -117.80540891125321 -111.3829805037289 0.6345243451083888 11.569128067379893
2787 22370.60877943039 4.8863596507199146e7 -18.361461211820593 -74.00311147706384 56.96316180219389 55.218376331095214 -103.85301778739719 -88.88637700526834 -28.74231602215741 128.54118559143137 195.5627019071543
2788 22374.171899318695 5.061407502714776e7 -42.028981219083605 -116.30880406356843 138.01842733531774 139.34908929167267 -47.39323391061015 -74.7768204476036 34.00954231391461 143.12811143991735 197.29547802727302
2789 22377.44179224968 5.061407502714682e7 -42.02898122062291 -116.30880406515581 138.01842733602163 139.34908929185355 -47.393233910504314 -74.7768204476036 34.00954231391461 143.12811143990746 197.29547802727302
2790 22380.692902088165 3.71379447431126e7 -2.102634048979123 -7.574189059982027 -24.211606060973395 4.437546376859515 -134.949658109999 -124.91208143269864 -136.00075836423218 -15.397304486746066 7.866527042664188
2791 22383.947309970856 3.7137944743081294e7 -2.10263404657767 -7.574189058081103 -24.211606060777946 4.437546377306234 -134.949658109724 -124.91208143269864 -136.00075836423218 -15.397304486923588 7.866527042664188
2792 22386.980038642883 3.713794474305274e7 -2.1026340200526334 -7.5741890322365215 -24.21160607119164 4.437546375130182 -134.9496581109856 -124.91208143269864 -136.00075836423218 -15.397304487081328 7.866527042664131
2793 22390.023711919785 3.713808475524275e7 -2.1026339332732213 -7.574188949000291 -24.21160610184647 4.437546369941543 -134.94965811394485 -124.91094447392942 -136.0028619586604 -15.388293552082473 7.8735352301315515
2794 22393.159017801285 3.79832619523558e7 -14.763559495759257 -30.205593896440064 10.92315110591369 45.8970672325989 -104.70042401047414 -117.7527144366785 -97.75210260306295 -13.505660375791706 11.074482527838825
2795 22396.992968797684 3.798326195299319e7 -14.763559611993447 -30.20559401516502 10.92315122079902 45.89706728033205 -104.70042398203552 -117.7527144366785 -97.75210260306295 -13.505660372671741 11.074482527838825
2796 22399.931008815765 3.713794474309812e7 -2.102634041036616 -7.574189052360698 -24.211606063820867 4.4375463763630165 -134.94965811028226 -124.91208143269864 -136.00075836423218 -15.39730448682485 7.866527042664131
2800 22411.899314641953 3.7138121022785544e7 -2.1026339346409735 -7.574188936119196 -24.211606112805534 4.437546363219369 -134.94965811798832 -124.91088163836719 -136.0028619586604 -15.387917950855751 7.874186409131369
2801 22415.147018671036 3.7137944743196264e7 -2.1026340283306304 -7.57418903448125 -24.211606069812184 4.4375463745438 -134.9496581113647 -124.91208143269864 -136.00075836423218 -15.397304486249652 7.866527042664188
2802 22418.095374584198 3.713794474304498e7 -2.1026340238324295 -7.574189033453923 -24.211606070423542 4.437546374963773 -134.94965811108844 -124.91208143269864 -136.00075836423218 -15.397304487125552 7.866527042664131
2803 22421.122372865677 3.713798101041098e7 -2.1026340351714765 -7.574189037105985 -24.211606068119153 4.437546374464418 -134.94965811139647 -124.91201859713647 -136.00075836423218 -15.396928886889498 7.867178221664005
2804 22424.466722726822 3.895525394949416e7 -25.770155159206556 -49.87988297351646 56.84366023978531 88.56825953910327 -78.489874113903 -110.68510492198783 -73.24616507018015 0.3157900754306411 10.674140609186964
2805 22427.425786733627 3.895525394949412e7 -25.770155159107606 -49.879882973407945 56.8436602398219 88.56825953911004 -78.48987411389867 -110.68510492198783 -73.24616507018015 0.3157900754303 10.674140609186964
2806 22430.236021757126 3.713794474307572e7 -2.102634029180564 -7.574189039797682 -24.211606068035806 4.437546375592078 -134.94965811072478 -124.91208143269864 -136.00075836423218 -15.397304486952635 7.866527042664188
2809 22440.104355573654 3.713798101072795e7 -2.102634023309278 -7.574189027839909 -24.21160607299838 4.437546373367198 -134.9496581120809 -124.91201859713647 -136.00075836423218 -15.396928885057775 7.8671782216639485
2810 22443.682591438293 3.713812102291879e7 -2.102633929017827 -7.574188896204179 -24.211606128104755 4.437546354306093 -134.94965812332617 -124.91088163836719 -136.0028619586604 -15.387917950116218 7.874186409131369
2811 22461.904858350754 3.7138121022940546e7 -2.1026339893477477 -7.574188981536249 -24.2116060942041 4.437546365830926 -134.94965811651878 -124.91088163836719 -136.0028619586604 -15.387917949968596 7.874186409131369
2812 22481.986317396164 3.713798101057452e7 -2.102634095730817 -7.574189092281431 -24.211606045198813 4.437546378808648 -134.94965810890034 -124.91201859713647 -136.00075836423218 -15.396928885953287 7.867178221664005
2813 22500.437987327576 3.713794474318805e7 -2.1026340664047147 -7.574189086303415 -24.21160604590345 4.437546383077759 -134.94965810632135 -124.91208143269864 -136.00075836423218 -15.397304486325652 7.866527042664188
2814 22518.410047531128 3.7138084755554795e7 -2.1026340396300327 -7.574189086317519 -24.211606048604814 4.437546386101303 -134.94965810447994 -124.91094447392942 -136.0028619586604 -15.388293550318224 7.8735352301315515
2815 22536.89825153351 3.7137981010577306e7 -2.102634003922496 -7.574189001309096 -24.211606085095603 4.437546369084089 -134.94965811459429 -124.91201859713647 -136.00075836423218 -15.39692888593504 7.867178221664005
2816 22556.279638528824 3.737195121159106e7 -13.007748364389432 -27.06708090994758 -18.766485099072675 23.624984215169732 -121.3581279292139 -131.96257553709398 -129.5727952694457 -13.603189734544685 10.867260138262225
2817 22574.56465792656 3.755132419247465e7 -19.760521538883744 -39.13766297122102 -9.146365058817658 39.55837073598849 -109.26330408550854 -133.0885271308087 -119.16455421725215 -13.538207611122345 10.721840405706132
2818 22594.018051862717 3.795553089468955e7 -17.52688177774137 -35.145031886427304 0.11565539114836554 61.620067523664076 -100.19371647770299 -125.6155513478173 -122.86494637658842 -16.626333749157823 7.059117384444733
2819 22613.419427871704 3.798326195255925e7 -14.763560405411638 -30.205594927348912 10.92315159597635 45.897067383470244 -104.70042392114426 -117.7527144366785 -97.75210260306295 -13.505660379652511 11.074482527838825
2820 22633.264536619186 3.8274578091762766e7 -13.109228462910004 -27.24847659183741 21.708902354697244 47.108738447867935 -108.73910835305311 -117.80540891125321 -111.3829805037289 0.6345243451636406 11.569128067379893
2821 22652.921492815018 4.886359650720072e7 -18.361461199280146 -74.00311146326136 56.96316179183798 55.218376330002215 -103.85301778805619 -88.88637700526834 -28.74231602215741 128.5411855915819 195.5627019071543
2822 22672.43504023552 3.713798101101619e7 -2.10263405316476 -7.574189041215206 -24.21160606567367 4.437546372785192 -134.9496581125023 -124.91201859713647 -136.00075836423218 -15.39692888338584 7.867178221664005
2824 22713.592686653137 5.008014320894185e7 -40.27316963462431 -113.17029054227152 108.32879096693324 117.07700619490574 -64.05093787672101 -88.6640826923221 2.6787141401719055 144.30772017357856 198.08020863586455
2825 22716.731488466263 5.038250307829067e7 -57.35174998569606 -143.69825239933732 121.87030267935468 173.0478565224637 -25.256311664379083 -89.73655696365853 28.636860711993222 125.91122509741797 192.1547094045609
2826 22720.47814655304 3.713794474309098e7 -2.10263402985165 -7.574189037455335 -24.211606071620125 4.437546373436547 -134.94965811201675 -124.91208143269864 -136.00075836423218 -15.397304486874873 7.866527042664131
2827 22741.156388521194 3.7137944743037574e7 -2.1026340283165226 -7.574189035823119 -24.211606073961505 4.437546372369454 -134.94965811264672 -124.91208143269864 -136.00075836423218 -15.39730448719206 7.866527042664131
2828 22761.938039302826 3.713794474287736e7 -2.102634023711655 -7.574189030926554 -24.211606080985263 4.437546369168302 -134.94965811453588 -124.91208143269864 -136.00075836423218 -15.397304488144357 7.866527042664188
2829 22780.969797849655 3.713851329938117e7 -2.1026340098966187 -7.57418901623682 -24.211606102056827 4.437546359564635 -134.94965812020402 -124.91126555006167 -135.99588882238686 -15.390065277402755 7.875162414146189
2830 22784.282740831375 4.967294405177496e7 -31.02238744980754 -96.63451724788703 92.09791958256903 96.6778973456351 -73.60378359322154 -81.95118222806252 9.033539212514768 129.4951941547331 198.54531312904305
2831 22787.654002904892 4.967294405182929e7 -31.02238745135925 -96.6345172497269 92.0979195862837 96.677897346624 -73.60378359263267 -81.95118222806252 9.033539212514768 129.4951941544855 198.54531312904305
2832 22790.524439811707 3.7137981014441885e7 -2.1026341880353705 -7.5741891629640925 -24.211605962480263 4.437546409849688 -134.9496580910174 -124.91201859713647 -136.00075836423218 -15.396928863638664 7.8671782216639485
2835 22799.917678833008 3.713798101025863e7 -2.1026339944116437 -7.574188960704417 -24.2116061112839 4.4375463549831125 -134.94965812296994 -124.91201859713647 -136.00075836423218 -15.39692888783759 7.8671782216639485
2836 22803.086146593094 3.7138084755234905e7 -2.102633947553251 -7.57418895624367 -24.21160611383798 4.437546361246362 -134.94965811917626 -124.91094447392942 -136.0028619586604 -15.388293552234188 7.8735352301315515
2837 22806.01811170578 3.713798101018715e7 -2.102634002592392 -7.574189004039145 -24.21160609286637 4.437546365151036 -134.9496581169274 -124.91201859713647 -136.00075836423218 -15.396928888377374 7.867178221664005
2838 22809.044962644577 3.7137944742881365e7 -2.1026340199277413 -7.5741890260454525 -24.211606083165584 4.437546368439058 -134.94965811496567 -124.91208143269864 -136.00075836423218 -15.39730448811315 7.866527042664188
2839 22812.06916975975 3.713794474344988e7 -2.102634021587445 -7.574189028757518 -24.21160608248644 4.437546368479076 -134.9496581150229 -124.91208143269864 -136.00075836423218 -15.397304484832773 7.866527042664131
2840 22815.27683877945 3.713794474287617e7 -2.1026340088092113 -7.574189016023595 -24.21160609666039 4.437546362602973 -134.94965811843636 -124.91208143269864 -136.00075836423218 -15.397304488154248 7.866527042664131
2841 22818.464776039124 3.7138513299855e7 -2.102633964102168 -7.574188971315095 -24.211606143685707 4.43754634290697 -134.94965813013795 -124.91126555006167 -135.99588882238686 -15.390065274627489 7.875162414146132
2842 22821.680245876312 4.987856249701276e7 -51.44359661278564 -133.13742841573458 96.35566452990247 147.5217219145497 -43.41072208385117 -98.0404125699713 0.8812463108646966 126.20773923971706 192.49660947552104
2843 22824.680777788162 4.987856249701507e7 -51.44359661513708 -133.13742841753594 96.35566453299859 147.52172191563534 -43.41072208319403 -98.0404125699713 0.8812463108646966 126.20773923972263 192.49660947552104
2844 22827.680120944977 3.713798101444718e7 -2.102634184537596 -7.574189157632265 -24.211605970581864 4.437546405824406 -134.94965809342082 -124.91201859713647 -136.00075836423218 -15.396928863629114 7.8671782216639485
2848 22840.51285624504 3.713854956734532e7 -2.10263395789627 -7.574188923724726 -24.21160614227253 4.437546342873887 -134.94965813016617 -124.91120271449944 -135.99588882238686 -15.389689673674468 7.875813593146006
2849 22844.12584900856 3.713851329994856e7 -2.102634000886713 -7.57418901562132 -24.211606102015516 4.437546360980178 -134.94965811940892 -124.91126555006167 -135.99588882238686 -15.390065274087249 7.875162414146132
2850 22847.247271060944 3.713798101084241e7 -2.102634013472766 -7.574189013889386 -24.21160609358303 4.437546363266122 -134.94965811812335 -124.91201859713647 -136.00075836423218 -15.396928884438523 7.867178221664005
2851 22850.29385113716 3.713851329988806e7 -2.1026340868746196 -7.574189098293896 -24.211606062081444 4.437546371403911 -134.94965811328174 -124.91126555006167 -135.99588882238686 -15.390065274433312 7.875162414146132
2852 22853.24853515625 3.7138549567127496e7 -2.1026339674672734 -7.5741889635572 -24.21160614228588 4.437546342853949 -134.94965813015392 -124.91120271449944 -135.99588882238686 -15.389689674921783 7.875813593146006
2853 22856.286279201508 3.7138513299963005e7 -2.102634007336821 -7.5741890169735395 -24.211606097990114 4.437546362247005 -134.9496581186321 -124.91126555006167 -135.99588882238686 -15.390065273919674 7.875162414146189
2854 22875.798745393753 3.713851329986299e7 -2.1026340077738865 -7.574189015915602 -24.211606097313002 4.43754636240638 -134.94965811855462 -124.91126555006167 -135.99588882238686 -15.39006527456911 7.875162414146189
2855 22894.340070962906 3.737195121161918e7 -13.007748343343998 -27.06708089068688 -18.76648512692497 23.62498420290477 -121.35812793647882 -131.96257553709398 -129.5727952694457 -13.603189736144316 10.867260138262225
2856 22912.922746658325 3.755132419249559e7 -19.760521548532314 -39.137662989837665 -9.14636506741391 39.5583707305035 -109.2633040887604 -133.08852713080876 -119.16455421725215 -13.538207609998267 10.721840405706132
2857 22932.332535505295 3.7955530894411765e7 -17.526881754539183 -35.14503186235119 0.11565537000149817 61.620067514228 -100.19371648323056 -125.6155513478173 -122.86494637658842 -16.626333749165497 7.059117384444733
2858 22950.712905406952 3.798326195248037e7 -14.763560400945867 -30.20559488980699 10.923151582749469 45.89706737478792 -104.70042392618709 -117.7527144366785 -97.75210260306295 -13.505660382094788 11.074482527838768
2859 22968.656479120255 3.8274578091651425e7 -13.109228495821029 -27.248476640124878 21.70890239228013 47.10873845961457 -108.73910834602597 -117.80540891125321 -111.3829805037289 0.6345243447310054 11.569128067379893
2860 22986.501257896423 4.886359650717873e7 -18.361461184783106 -74.00311144589243 56.963161750541225 55.2183763172964 -103.85301779562002 -88.88637700526834 -28.74231602215741 128.5411855905411 195.5627019071543
2861 23006.792507648468 3.713812102198063e7 -2.1026339723924217 -7.574188975158865 -24.211606111296334 4.437546359268879 -134.94965812032282 -124.91088163836719 -136.0028619586604 -15.387917955707394 7.874186409131369
2862 23025.118111371994 5.091868585283658e7 -62.450190758876765 -152.81171570774112 142.27617227968003 190.19291381575562 -17.20017242979887 -90.80220519503985 25.818666906016915 140.69911500263322 193.35813957589357
2863 23044.59256219864 5.0918685852836445e7 -62.45019075888119 -152.8117157077485 142.27617227970364 190.1929138157598 -17.200172429796275 -90.80220519503985 25.818666906016915 140.6991150026322 193.35813957589357
2864 23065.06321334839 3.713808475569121e7 -2.1026340012154954 -7.5741890294878775 -24.211606077379848 4.437546374777327 -134.94965811120227 -124.91094447392942 -136.0028619586604 -15.388293549486889 7.8735352301315515
2867 23123.506801605225 3.713854956722614e7 -2.102633991977296 -7.5741889786815175 -24.21160611312618 4.437546355090021 -134.9496581228972 -124.91120271449944 -135.99588882238686 -15.38968967435693 7.875813593146006
2868 23126.469925642014 3.713794474295944e7 -2.1026340049384906 -7.574189010757637 -24.211606097834576 4.43754636238252 -134.9496581185774 -124.91208143269864 -136.00075836423218 -15.397304487682106 7.866527042664131
2869 23129.50045156479 3.713851330015685e7 -2.102634014666897 -7.57418902457418 -24.211606095575306 4.437546362477946 -134.94965811855417 -124.91126555006167 -135.99588882238686 -15.390065272867218 7.875162414146132
2870 23148.06996870041 3.713794474292506e7 -2.1026340406973745 -7.57418904782414 -24.211606081960426 4.437546366426545 -134.94965811620085 -124.91208143269864 -136.00075836423218 -15.397304487876795 7.866527042664131
2871 23167.084931373596 3.7138513299904436e7 -2.10263398943885 -7.574188995516094 -24.211606114836087 4.437546355201533 -134.9496581228378 -124.91126555006167 -135.99588882238686 -15.390065274339804 7.875162414146189
2872 23186.05968117714 3.713794474298031e7 -2.1026340061170465 -7.574189012199692 -24.211606097450556 4.437546362495411 -134.9496581184997 -124.91208143269864 -136.00075836423218 -15.397304487493159 7.866527042664131
2873 23189.12751841545 3.713794474291392e7 -2.1026340070714227 -7.574189013640872 -24.211606097188778 4.437546362504108 -134.94965811849892 -124.91208143269864 -136.00075836423218 -15.397304487939948 7.866527042664131
2874 23192.075001478195 3.7371951211618334e7 -13.007748344716333 -27.06708089128451 -18.766485126147863 23.624984203126232 -121.35812793634535 -131.96257553709398 -129.5727952694457 -13.603189736231116 10.867260138262225
2875 23194.951756477356 3.755132419248861e7 -19.760521546168988 -39.137662989220466 -9.146365068875092 39.5583707300747 -109.26330408901852 -133.08852713080876 -119.16455421725215 -13.53820761019199 10.721840405706132
2876 23198.623661518097 3.7955530894334555e7 -17.526881757701045 -35.1450318655148 0.11565537404269577 61.62006751563932 -100.19371648235847 -125.6155513478173 -122.86494637658842 -16.62633374930101 7.059117384444733
2877 23201.673486471176 3.7983261952479616e7 -14.763560369810996 -30.205594886940517 10.923151560602754 45.897067368358734 -104.70042393007478 -117.7527144366785 -97.75210260306295 -13.505660380859581 11.074482527838825
2878 23204.634561538696 3.827457809164186e7 -13.109228456215277 -27.248476593834333 21.70890229184903 47.108738434308705 -108.73910836130096 -117.80540891125321 -111.3829805037289 0.634524344529666 11.569128067379893
2879 23207.69822049141 4.886359650718211e7 -18.36146117696946 -74.0031114406905 56.963161763898476 55.21837631724031 -103.85301779560476 -88.88637700526834 -28.74231602215741 128.54118559069263 195.5627019071543
2881 23213.854231357574 3.755132419233457e7 -19.760521364156517 -39.13766279299475 -9.14636518345386 39.55837069084761 -109.26330411230481 -133.0885271308087 -119.16455421725215 -13.538207614010958 10.721840405705962
2882 23216.838353395462 3.755132419233224e7 -19.76052136514741 -39.13766279398301 -9.146365182436448 39.558370691269616 -109.26330411205544 -133.0885271308087 -119.16455421725215 -13.538207614057228 10.721840405705962
2883 23219.66168832779 3.713851330018406e7 -2.102633980814314 -7.574188992353756 -24.21160611164943 4.437546358159324 -134.94965812110408 -124.91126555006167 -135.99588882238686 -15.39006527273466 7.875162414146189
2886 23228.84301519394 3.713798101026345e7 -2.102634000100217 -7.574188997054094 -24.211606104897 4.43754635887845 -134.9496581206489 -124.91201859713647 -136.00075836423218 -15.396928887796491 7.867178221664005
2887 23231.760407924652 3.713794474290294e7 -2.102634007171627 -7.574189014274911 -24.211606097008634 4.4375463625926415 -134.94965811845003 -124.91208143269864 -136.00075836423218 -15.397304488028112 7.866527042664131
2888 23234.680819749832 3.713794474291219e7 -2.1026340250678928 -7.574189032569459 -24.211606089041034 4.437546364635438 -134.94965811724694 -124.91208143269864 -136.00075836423218 -15.397304487942506 7.866527042664131
2889 23238.20164990425 3.7138513299884975e7 -2.10263399947522 -7.574189006444513 -24.211606105459822 4.437546359029028 -134.9496581205609 -124.91126555006167 -135.99588882238686 -15.390065274448034 7.875162414146132
2890 23241.010194063187 3.713851329979306e7 -2.1026340108576704 -7.574189018226987 -24.21160609627558 4.437546362564632 -134.94965811845407 -124.91126555006167 -135.99588882238686 -15.390065274984295 7.875162414146189
2891 23244.231294870377 3.7137944742901646e7 -2.1026340080205905 -7.5741890151684395 -24.211606096808097 4.437546362618434 -134.94965811842863 -124.91208143269864 -136.00075836423218 -15.397304488004181 7.866527042664131
2892 23247.225043058395 3.73719512116158e7 -13.007748342672286 -27.0670808889706 -18.76648512657826 23.62498420313422 -121.35812793634572 -131.96257553709398 -129.5727952694457 -13.603189735933483 10.867260138262225
2893 23250.217945337296 3.755132419248617e7 -19.760521544909956 -39.13766298796769 -9.146365069057182 39.55837073012903 -109.26330408898865 -133.0885271308087 -119.16455421725215 -13.538207610336997 10.721840405706018
2894 23253.12470626831 3.7955530894489534e7 -17.526881753046975 -35.14503186094007 0.11565536771331608 61.620067513495414 -100.19371648369102 -125.6155513478173 -122.86494637658842 -16.626333749135483 7.059117384444733
2895 23256.310336351395 3.798326195248144e7 -14.763560371003123 -30.205594888623807 10.923151561094883 45.89706736845993 -104.70042393000959 -117.7527144366785 -97.75210260306295 -13.505660380933364 11.074482527838768
2896 23259.179349660873 3.8274578091666624e7 -13.109228464136223 -27.24847660516148 21.708902288389154 47.10873843418264 -108.73910836138376 -117.80540891125321 -111.3829805037289 0.6345243451467013 11.569128067379893
2897 23262.4426779747 4.88635965071901e7 -18.36146117316313 -74.00311143654936 56.96316176126768 55.21837631703542 -103.85301779574127 -88.88637700526834 -28.74231602215741 128.54118559100027 195.5627019071543
2898 23280.79948282242 3.7983261952299505e7 -14.763560554510846 -30.205595140040053 10.923151701037767 45.8970674223374 -104.70042389797516 -117.75271443667856 -97.75210260306295 -13.505660383552481 11.074482527838768
2899 23298.884393692017 3.7983261952302136e7 -14.763560554632036 -30.205595140143423 10.923151701229472 45.89706742239237 -104.70042389793582 -117.7527144366785 -97.75210260306295 -13.50566038362905 11.074482527838768
2900 23317.90580677986 3.713851330002813e7 -2.102634005704271 -7.574189019954861 -24.211606099323674 4.437546361778956 -134.94965811894903 -124.91126555006167 -135.99588882238686 -15.390065273624941 7.875162414146132
2904 23365.4912443161 3.7137981010271154e7 -2.102634005707486 -7.57418900882525 -24.211606099362733 4.437546361381422 -134.9496581191629 -124.91201859713647 -136.00075836423218 -15.396928887754314 7.8671782216639485
2905 23386.52512216568 3.713851329981395e7 -2.1026340054183343 -7.574189011391946 -24.211606100916285 4.437546360691883 -134.9496581195691 -124.91126555006167 -135.99588882238686 -15.39006527486572 7.875162414146132
2906 23405.575086593628 3.7138513299919434e7 -2.1026340067378264 -7.574189013260609 -24.211606099188714 4.437546361464726 -134.9496581191197 -124.91126555006167 -135.99588882238686 -15.390065274245956 7.875162414146132
2907 23408.59564757347 3.713851329989116e7 -2.1026340052334973 -7.574189013578177 -24.211606099339875 4.437546361637629 -134.94965811901565 -124.91126555006167 -135.99588882238686 -15.390065274422625 7.875162414146132
2908 23411.758511543274 3.713794474287896e7 -2.1026340090980327 -7.574189016424434 -24.211606096282587 4.437546362772636 -134.94965811833623 -124.91208143269864 -136.00075836423218 -15.397304488139127 7.866527042664188
2909 23414.846700429916 3.713794474288052e7 -2.1026340092574536 -7.574189016638922 -24.211606096081127 4.437546362863088 -134.94965811828231 -124.91208143269864 -136.00075836423218 -15.397304488130771 7.866527042664188
2910 23418.785918474197 3.737195121161876e7 -13.007748344280841 -27.06708089069168 -18.76648512631205 23.62498420308441 -121.3581279363712 -131.96257553709398 -129.5727952694457 -13.603189736193315 10.867260138262225
2911 23421.790905475616 3.7551324192491025e7 -19.760521546478124 -39.137662989637505 -9.146365068855474 39.55837073005232 -109.26330408903057 -133.0885271308087 -119.16455421725215 -13.53820761013003 10.721840405706018
2912 23424.836084365845 3.795553089440309e7 -17.526881754403213 -35.145031861464986 0.11565537000618065 61.6200675141766 -100.1937164832569 -125.6155513478173 -122.86494637658842 -16.6263337491867 7.059117384444903
2913 23428.14801120758 3.798326195247986e7 -14.763560371305942 -30.205594888962967 10.923151561243053 45.89706736849321 -104.70042392998866 -117.7527144366785 -97.75210260306295 -13.505660380962581 11.074482527838825
2914 23431.190083265305 3.827457809166727e7 -13.10922846419868 -27.24847660522254 21.70890228670426 47.10873843378921 -108.73910836162075 -117.80540891125321 -111.3829805037289 0.6345243451935971 11.569128067379893
2915 23434.265470027924 4.88635965071863e7 -18.361461174921722 -74.00311143834809 56.96316176128451 55.21837631682824 -103.85301779585882 -88.88637700526834 -28.74231602215741 128.54118559082076 195.5627019071543
2916 23437.539165973663 3.835276574079211e7 -24.014342974180117 -46.74136871339151 27.154023466996748 66.29617633544262 -95.14757814286716 -124.92192021047629 -105.0151550404305 0.30039556960173286 10.547921833994508
2917 23440.61428976059 3.7138513299996056e7 -2.1026340002814017 -7.574189013276278 -24.21160610258427 4.437546360668605 -134.9496581196019 -124.91126555006167 -135.99588882238686 -15.390065273815026 7.875162414146189
2920 23450.073538780212 3.7138513299875155e7 -2.1026340061955437 -7.574189012761835 -24.211606099015995 4.437546361635555 -134.949658119013 -124.91126555006167 -135.99588882238686 -15.390065274506128 7.875162414146189
2921 23453.462313890457 3.713794474287243e7 -2.1026340087824806 -7.5741890160176055 -24.211606096671105 4.437546362597828 -134.94965811844003 -124.91208143269864 -136.00075836423218 -15.39730448818159 7.866527042664131
2922 23456.430590867996 3.713794474286125e7 -2.1026340087020756 -7.574189015999702 -24.21160609670349 4.437546362582708 -134.9496581184511 -124.91208143269864 -136.00075836423218 -15.397304488263444 7.866527042664188
2923 23460.3774228096 3.713794474282769e7 -2.1026340084612016 -7.574189015945846 -24.211606096800566 4.437546362537432 -134.94965811848402 -124.91208143269864 -136.00075836423218 -15.397304488509633 7.866527042664131
2924 23463.220054864883 3.7138513299715504e7 -2.1026340077383523 -7.574189015784114 -24.211606097091774 4.4375463624012355 -134.94965811858273 -124.91126555006167 -135.99588882238686 -15.390065275556708 7.875162414146189
2925 23466.00265312195 3.755132419268245e7 -19.760521604996285 -39.1376630931394 -9.146365050381256 39.55837073421189 -109.26330408655545 -133.0885271308087 -119.16455421725215 -13.538207607093568 10.721840405706018
2926 23469.272442102432 3.864609339362378e7 -41.67223040977669 -78.30484245596062 42.21926443598784 101.41700066563546 -69.46122413577905 -133.45769761087462 -88.88725201433465 0.5005552682062557 10.747188752022566
2927 23472.319895982742 3.713851329999562e7 -2.102633998518673 -7.57418901288818 -24.211606102787876 4.4375463608323 -134.9496581195035 -124.91126555006167 -135.99588882238686 -15.390065273821165 7.875162414146189
2931 23484.986795186996 3.713798101022095e7 -2.1026340068120604 -7.5741890122466735 -24.21160609831876 4.437546361848163 -134.9496581188946 -124.91201859713647 -136.00075836423218 -15.396928888118623 7.8671782216639485
2932 23503.781886816025 3.713851329976632e7 -2.102634007620459 -7.574189015026979 -24.211606097435926 4.437546362267085 -134.9496581186498 -124.91126555006167 -135.99588882238686 -15.390065275208656 7.875162414146132
2933 23523.332429647446 3.713851329983227e7 -2.102634004273572 -7.574189011760195 -24.21160610094072 4.437546360824982 -134.94965811950544 -124.91126555006167 -135.99588882238686 -15.390065274800008 7.875162414146189
2934 23542.81486058235 3.7137944742840245e7 -2.102634008835011 -7.574189016385175 -24.211606096347104 4.437546362730174 -134.949658118372 -124.91208143269864 -136.00075836423218 -15.397304488441534 7.866527042664188
2935 23560.956684827805 3.713794474285101e7 -2.1026340091545173 -7.574189016758677 -24.211606095961336 4.437546362893997 -134.94965811827697 -124.91208143269864 -136.00075836423218 -15.397304488383725 7.866527042664188
2936 23579.569898605347 3.713794474283056e7 -2.1026340117173064 -7.5741890192848444 -24.211606095268543 4.437546362948368 -134.9496581182433 -124.91208143269864 -136.00075836423218 -15.397304488493944 7.866527042664188
2937 23598.378966331482 3.73719512116507e7 -13.007748343924256 -27.06708089061073 -18.76648512645933 23.624984203016837 -121.35812793641973 -131.96257553709398 -129.5727952694457 -13.603189736636637 10.867260138262225
2938 23618.198768615723 3.755132419244368e7 -19.760521546846903 -39.137662990507806 -9.146365068400051 39.5583707302646 -109.2633040889202 -133.08852713080876 -119.16455421725215 -13.538207610923791 10.721840405706018
2939 23637.16079568863 3.795553089433052e7 -17.52688175345416 -35.14503186075837 0.11565536929899167 61.62006751388547 -100.1937164834313 -125.6155513478173 -122.86494637658842 -16.62633374895063 7.059117384444733
2940 23656.46623635292 3.798326195240869e7 -14.76356037115265 -30.205594889102564 10.923151561325248 45.89706736852216 -104.70042392998187 -117.7527144366785 -97.75210260306295 -13.50566038130495 11.074482527838938
2941 23675.33168244362 3.8274578091556616e7 -13.109228463784294 -27.24847660525137 21.708902285533505 47.10873843356933 -108.73910836175995 -117.80540891125321 -111.3829805037289 0.6345243444226867 11.569128067379893
2942 23694.11935043335 4.8863596507191755e7 -18.361461174418075 -74.00311143794222 56.96316176177634 55.21837631679658 -103.85301779588201 -88.88637700526834 -28.74231602215741 128.5411855908792 195.5627019071543
2943 23712.447446346283 3.795553089501753e7 -17.526881792531213 -35.14503186992266 0.11565541608002405 61.620067530795936 -100.19371647333213 -125.6155513478173 -122.86494637658842 -16.62633374956465 7.059117384444903
2944 23732.386820316315 3.795553089501753e7 -17.526881799874815 -35.145031879242254 0.11565542474154 61.62006753408245 -100.19371647135469 -125.6155513478173 -122.86494637658842 -16.62633374956465 7.059117384444903
2945 23735.535528421402 3.713851329997656e7 -2.102633998558563 -7.574189013041215 -24.211606102770595 4.43754636082808 -134.94965811950846 -124.91126555006167 -135.99588882238686 -15.390065273944685 7.875162414146189
2949 23797.718554019928 3.7137944742827706e7 -2.1026340075890815 -7.5741890140477075 -24.211606097618258 4.437546362168064 -134.94965811870344 -124.91208143269864 -136.00075836423218 -15.39730448850969 7.866527042664188
2950 23800.613278865814 3.7137944742827706e7 -2.102634006873309 -7.574189014323153 -24.211606097523372 4.437546362349849 -134.94965811859407 -124.91208143269864 -136.00075836423218 -15.397304488508894 7.866527042664188
2951 23803.454611063004 3.713851329979447e7 -2.102634008115963 -7.5741890155823235 -24.21160609703275 4.437546362438226 -134.94965811854627 -124.91126555006167 -135.99588882238686 -15.390065275030395 7.875162414146189
2952 23806.566601991653 3.7138513299841814e7 -2.102634008305806 -7.574189015782348 -24.211606096942837 4.437546362474123 -134.94965811852504 -124.91126555006167 -135.99588882238686 -15.390065274739356 7.875162414146132
2953 23809.55901002884 3.713851329981203e7 -2.1026340084094883 -7.574189015887466 -24.211606096874455 4.437546362505842 -134.94965811850233 -124.91126555006167 -135.99588882238686 -15.390065274911649 7.875162414146189
2954 23812.73378586769 3.7371951211650014e7 -13.00774834392275 -27.067080890611035 -18.766485126470478 23.624984203012005 -121.35812793642228 -131.96257553709398 -129.5727952694457 -13.603189736624643 10.867260138262225
2955 23815.826853752136 3.75513241924472e7 -19.76052154644799 -39.137662990032766 -9.146365068858039 39.558370730069925 -109.26330408903324 -133.08852713080876 -119.16455421725215 -13.538207610822553 10.721840405706018
2956 23818.7195417881 3.798326195241945e7 -14.76356037069435 -30.205594888564 10.923151560798921 45.89706736828225 -104.70042393011983 -117.7527144366785 -97.75210260306295 -13.505660381300856 11.074482527838825
2957 23821.809698820114 3.828371321118773e7 -35.18476929209076 -66.70850583562135 15.180896397927711 96.74089188170264 -74.50736245381472 -133.74213047945864 -105.81447876121115 -16.238477561077502 7.560627518675005
2958 23824.686100006104 3.8946883006007046e7 -28.533476210450424 -54.81931945187479 46.03616375560183 104.2912595860388 -73.98316672604841 -118.25089638281173 -97.74016147051151 -2.7511505408336348 6.605628450481106
2959 23827.534724235535 4.886359650719376e7 -18.36146117482958 -74.00311143838358 56.96316176244004 55.2183763170317 -103.85301779574522 -88.88637700526834 -28.74231602215741 128.54118559094024 195.5627019071543
2960 23830.49688720703 3.7138653311749704e7 -2.1026339506354006 -7.5741889814910675 -24.211606139112618 4.437546348223549 -134.94965812686007 -124.91012859129245 -135.99799241681507 -15.381054341300228 7.882170601613552
2961 23833.620207309723 3.7138513299418844e7 -2.102633959241359 -7.574188987026746 -24.21160613439546 4.437546349583471 -134.949658126053 -124.91126555006167 -135.99588882238686 -15.390065277050155 7.875162414146132
2962 23837.290327310562 3.71379447428683e7 -2.1026340068370892 -7.574189014072564 -24.211606097240157 4.437546362496292 -134.94965811851017 -124.91208143269864 -136.00075836423218 -15.397304488264865 7.866527042664188
2965 23847.306426286697 3.713794474286681e7 -2.1026340067277367 -7.57418901355798 -24.21160609746267 4.4375463623716485 -134.94965811858518 -124.91208143269864 -136.00075836423218 -15.397304488278166 7.866527042664188
2966 23850.267293214798 3.713794474286232e7 -2.1026340063994233 -7.574189012013923 -24.211606098130254 4.437546361997789 -134.94965811880982 -124.91208143269864 -136.00075836423218 -15.39730448831699 7.866527042664188
2967 23853.104528188705 3.713798101023799e7 -2.1026340054148527 -7.574189007381577 -24.21160610013286 4.43754636087624 -134.9496581194843 -124.91201859713647 -136.00075836423218 -15.39692888806519 7.867178221664005
2969 23859.66226696968 3.827457809206221e7 -13.109228547989932 -27.248476641098833 21.708902410941157 47.108738456267176 -108.73910834790829 -117.80540891125321 -111.3829805037289 0.6345243497142405 11.569128067379893
2970 23862.813100099564 3.82745780912602e7 -13.109228633613657 -27.248476830968084 21.708902493497128 47.10873849356402 -108.73910832581603 -117.80540891125321 -111.3829805037289 0.6345243435187058 11.569128067379893
2971 23866.26880812645 3.7137944742878266e7 -2.1026340057012334 -7.574189012461584 -24.21160609773859 4.437546362339958 -134.94965811860683 -124.91208143269864 -136.00075836423218 -15.397304488222744 7.866527042664131
2974 23876.44231247902 3.713794474284588e7 -2.1026340061950854 -7.574189011816971 -24.21160609820422 4.437546361966639 -134.94965811883193 -124.91208143269864 -136.00075836423218 -15.397304488440682 7.866527042664188
2975 23895.627140283585 3.7137944742796555e7 -2.102634005582029 -7.5741890112264905 -24.211606098426138 4.437546361872933 -134.94965811889833 -124.91208143269864 -136.00075836423218 -15.397304488812495 7.866527042664188
2976 23914.346281290054 3.713794474264864e7 -2.102634003742917 -7.574189009454907 -24.211606099091846 4.437546361592126 -134.94965811909685 -124.91208143269864 -136.00075836423218 -15.397304489928217 7.866527042664131
2977 23917.437516212463 3.71379447422048e7 -2.102633998225553 -7.574189004140207 -24.21160610108891 4.437546360749394 -134.94965811969317 -124.91208143269864 -136.00075836423218 -15.397304493275271 7.866527042664131
2978 23920.747720956802 3.713851329795184e7 -2.102633981673147 -7.574188988195976 -24.211606107080463 4.4375463582213825 -134.94965812148206 -124.91126555006167 -135.99588882238686 -15.39006528758938 7.875162414146189
2979 23943.997046470642 3.713794474036591e7 -2.1026342730643997 -7.574189448454549 -24.211605867286764 4.4375464569953635 -134.94965806280854 -124.91208143269864 -136.00075836423218 -15.397304506255011 7.866527042664188
2980 23965.685059785843 3.713851329978435e7 -2.102633995391418 -7.574189008976385 -24.211606104665442 4.43754635996882 -134.94965812005987 -124.91126555006167 -135.99588882238686 -15.390065275242534 7.875162414146132
2983 23991.43222141266 3.713798100961861e7 -2.1026339958363316 -7.574188997670124 -24.211606103846712 4.437546359495656 -134.94965812041744 -124.91201859713647 -136.00075836423218 -15.39692889264279 7.867178221664005
2984 23994.4447991848 3.713798100956279e7 -2.1026339952261637 -7.57418899925413 -24.211606103264103 4.437546359778594 -134.94965812029653 -124.91201859713647 -136.00075836423218 -15.396928893238794 7.867178221664005
2985 23997.865790128708 3.713794474187283e7 -2.102633994801785 -7.574189001323942 -24.2116061019072 4.437546360415752 -134.94965811996195 -124.91208143269864 -136.00075836423218 -15.39730449577246 7.866527042664131
2986 24000.993436336517 3.7137944740877e7 -2.102633984530481 -7.574188992875513 -24.21160610436189 4.437546359414782 -134.94965812076748 -124.91208143269864 -136.00075836423218 -15.397304503264934 7.866527042664188
2987 24004.056805610657 3.7139201911312446e7 -2.102633953716854 -7.574188967529963 -24.21160611172595 4.437546356412199 -134.94965812318526 -124.90677826007652 -135.9885816561379 -15.37403573964059 7.89172369967082
2989 24010.139704704285 5.1346729571746156e7 -57.45322970623799 -143.8796476987407 162.34568912494117 196.53161052049634 -12.637292230663572 -75.52577553446133 47.00480303032691 140.8069476132049 193.9314765889294
2990 24012.946258544922 5.1346729574729115e7 -57.45322972167367 -143.87964770637961 162.34568922748167 196.5316105423853 -12.637292217770945 -75.52577553446133 47.00480303032691 140.80694763730685 193.9314765889294
2991 24015.905381679535 3.713851329935896e7 -2.102633989986611 -7.574189003719033 -24.21160610637748 4.437546359247648 -134.94965812058794 -124.91126555006167 -135.99588882238686 -15.390065278142572 7.875162414146189
2994 24025.313495635986 3.7137981008005776e7 -2.1026339654285664 -7.57418895321605 -24.211606121062168 4.43754635184321 -134.9496581253047 -124.91201859713647 -136.00075836423218 -15.396928904771357 7.8671782216639485
2995 24028.141009569168 3.713794473935645e7 -2.1026339609814073 -7.574188966411365 -24.211606114286184 4.437546355156286 -134.94965812366826 -124.91208143269864 -136.00075836423218 -15.397304514947166 7.866527042664131
2996 24031.15064740181 3.713980673298923e7 -2.1026338903343316 -7.574188887019359 -24.21160614405894 4.437546342380259 -134.94965813236985 -124.90589954187732 -135.98371211429264 -15.366420940994658 7.901010250152751
2997 24034.53890657425 3.713920191018579e7 -2.102633937092456 -7.574188964447499 -24.211606107466444 4.437546360079722 -134.94965812124974 -124.90677826007652 -135.9885816561379 -15.374035748234576 7.89172369967082
2998 24037.583537340164 3.71392019103913e7 -2.102633941255 -7.574188969504267 -24.21160610531423 4.437546360974608 -134.9496581206717 -124.90677826007652 -135.9885816561379 -15.374035746673599 7.8917236996709335
2999 24040.42378640175 3.71385132988459e7 -2.1026339829991905 -7.574188996703379 -24.211606108862988 4.437546358195149 -134.94965812133543 -124.91126555006167 -135.99588882238686 -15.390065281645036 7.875162414146132
3003 24053.19249868393 3.713854956343722e7 -2.1026339203760678 -7.574188884640282 -24.211606149469837 4.437546339384113 -134.94965813310958 -124.91120271449944 -135.99588882238686 -15.389689700174813 7.875813593145949
3004 24056.44078564644 3.713923817717807e7 -2.1026339160104612 -7.574188915413238 -24.211606132708262 4.437546347114534 -134.94965812919602 -124.90671542451429 -135.9885816561379 -15.373660151720912 7.892374878670637
3005 24076.132680654526 3.7137981007364325e7 -2.1026339637624574 -7.5741889642865345 -24.211606115526585 4.437546354453971 -134.94965812399357 -124.91201859713647 -136.00075836423218 -15.39692891011714 7.867178221664005
3006 24094.072041988373 3.713851329542304e7 -2.1026339603448463 -7.57418897484936 -24.211606110009818 4.437546356956801 -134.94965812277047 -124.91126555006167 -135.99588882238686 -15.390065304666223 7.875162414146132
3007 24111.948329925537 3.713854956448472e7 -2.102633959107294 -7.574188959626683 -24.21160612018148 4.43754635252435 -134.9496581251418 -124.91120271449944 -135.99588882238686 -15.389689693264927 7.875813593146006
3008 24115.066376924515 3.7137981007215604e7 -2.102633970315143 -7.57418896511358 -24.21160611468305 4.437546354684031 -134.9496581236291 -124.91201859713647 -136.00075836423218 -15.396928909934843 7.867178221664005
3009 24117.952263355255 3.737195121396787e7 -13.0077482993959 -27.067080838899802 -18.766485145194373 23.624984194921467 -121.35812794193251 -131.96257553709398 -129.5727952694457 -13.603189765207844 10.867260138262225
3010 24137.278943300247 3.755132418955933e7 -19.76052151184493 -39.13766295415169 -9.146365094656183 39.55837072033148 -109.26330409572913 -133.08852713080876 -119.16455421725215 -13.538207657607927 10.721840405705962
3011 24157.09485435486 3.795553089187117e7 -17.526881711378262 -35.14503180942393 0.11565535092753265 61.62006750585955 -100.19371648886805 -125.6155513478173 -122.86494637658842 -16.626333726845985 7.059117384444903
3012 24175.13541316986 3.7983261945416465e7 -14.76356031917214 -30.205594841946677 10.923151546185714 45.89706736214583 -104.70042393468134 -117.7527144366785 -97.75210260306295 -13.505660416288606 11.074482527838825
3013 24178.149183273315 3.827457808128891e7 -13.109228416523884 -27.248476556169088 21.70890227054671 47.10873842674104 -108.73910836661929 -117.80540891125321 -111.3829805037289 0.6345242658240977 11.569128067379893
3014 24181.306749105453 4.886359650788429e7 -18.361461123663783 -74.00311138742927 56.96316175464179 55.21837631100608 -103.85301780019061 -88.88637700526834 -28.74231602215741 128.54118560220525 195.5627019071543
3015 24184.161274194717 3.7371951216683395e7 -13.007748250982363 -27.067080803376708 -18.76648516196257 23.624984188801832 -121.3581279462667 -131.96257553709398 -129.5727952694457 -13.603189802607233 10.867260138262225
3016 24187.063484430313 3.737195121312472e7 -13.00774831112155 -27.067080865151148 -18.766485140190994 23.62498419810241 -121.35812793968499 -131.96257553709398 -129.5727952694457 -13.603189757900225 10.867260138262225
3017 24190.018270254135 3.7138513295879595e7 -2.1026339406364514 -7.574188952986008 -24.21160612504304 4.4375463513887325 -134.94965812607123 -124.91126555006167 -135.99588882238686 -15.390065301860488 7.875162414146189
3020 24198.82934975624 3.71379810067072e7 -2.102633943049412 -7.574188927947477 -24.211606130898176 4.437546347648734 -134.94965812813865 -124.91201859713647 -136.00075836423218 -15.396928914876753 7.8671782216639485
3021 24201.661060094833 3.7139201911206454e7 -2.102633939557485 -7.574188943978502 -24.211606122292018 4.437546351746818 -134.9496581260578 -124.90677826007652 -135.9885816561379 -15.374035740931504 7.89172369967082
3022 24204.54203605652 3.713851329648349e7 -2.10263395925638 -7.57418896489064 -24.211606115833334 4.437546354510957 -134.94965812405925 -124.91126555006167 -135.99588882238686 -15.390065297680792 7.875162414146132
3023 24207.537035226822 3.713794473967049e7 -2.102633959999178 -7.574188965200991 -24.211606115130373 4.43754635477498 -134.94965812392678 -124.91208143269864 -136.00075836423218 -15.39730451307912 7.866527042664188
3024 24210.80774331093 3.713794473940431e7 -2.1026339611453793 -7.5741889661950825 -24.21160611444865 4.437546355093119 -134.9496581236929 -124.91208143269864 -136.00075836423218 -15.397304514574842 7.866527042664188
3025 24213.691551446915 3.7371951214523904e7 -13.007748295840027 -27.067080841980207 -18.766485143253206 23.624984195906023 -121.35812794149386 -131.96257553709398 -129.5727952694457 -13.60318977280258 10.867260138262225
3026 24216.518946409225 3.737195121456998e7 -13.007748295652203 -27.0670808422256 -18.766485143069076 23.624984195977476 -121.35812794146588 -131.96257553709398 -129.5727952694457 -13.603189773362885 10.867260138262225
3027 24219.434150218964 3.7551324188990384e7 -19.760521510242864 -39.137662960232525 -9.146365094524917 39.5583707209197 -109.26330409553864 -133.08852713080876 -119.16455421725215 -13.538207666263531 10.721840405706018
3028 24222.515567302704 3.7955530891063966e7 -17.52688170781462 -35.145031812875025 0.11565535173883035 61.6200675064795 -100.19371648862196 -125.6155513478173 -122.86494637658842 -16.626333721996957 7.059117384444733
3029 24225.5341732502 3.798326194653407e7 -14.763560323261729 -30.205594839383124 10.923151543783185 45.89706736107715 -104.7004239352096 -117.7527144366785 -97.75210260306295 -13.505660410169583 11.074482527838825
3030 24228.907798051834 3.827457808001036e7 -13.109228415166204 -27.248476557868422 21.708902272308215 47.10873842730115 -108.73910836639367 -117.80540891125321 -111.3829805037289 0.6345242559239068 11.569128067379893
3031 24232.31231379509 4.886359650781885e7 -18.36146112727787 -74.00311138959373 56.96316174360954 55.218376309566864 -103.85301780099525 -88.88637700526834 -28.74231602215741 128.5411856013477 195.5627019071543
3032 24235.288517951965 5.0719728690126844e7 -55.69741770388292 -140.7411337461432 132.65605257257772 174.25952737626056 -29.294996224100796 -89.51727533127206 15.654396902096778 140.71807900016358 193.2196977284973
3033 24238.43411898613 5.07197286898604e7 -55.69741770544822 -140.74113374820246 132.65605257705658 174.25952737713533 -29.29499622356167 -89.51727533127206 15.654396902096778 140.7180789998298 193.2196977284973
3034 24241.6438100338 3.713798100931598e7 -2.102633990655036 -7.574188993702476 -24.21160610497043 4.437546359038464 -134.94965812081549 -124.91201859713647 -136.00075836423218 -15.396928895232634 7.8671782216639485
3038 24301.30927348137 3.7137981006462514e7 -2.1026339547929638 -7.574188958488241 -24.211606117383994 4.437546353793792 -134.9496581245677 -124.91201859713647 -136.00075836423218 -15.396928916858599 7.8671782216639485
3039 24320.12731075287 3.7137981006845795e7 -2.1026339539105976 -7.574188949115184 -24.21160612189955 4.437546351706516 -134.94965812568552 -124.91201859713647 -136.00075836423218 -15.39692891377183 7.867178221664005
3040 24338.2613799572 3.713794473933652e7 -2.102633959755835 -7.5741889650469485 -24.211606114860103 4.437546354969001 -134.94965812378516 -124.91208143269864 -136.00075836423218 -15.397304515107464 7.866527042664188
3041 24356.817801952362 3.7137944739276804e7 -2.10263395607889 -7.574188960953334 -24.211606116581777 4.437546354407246 -134.9496581241356 -124.91208143269864 -136.00075836423218 -15.397304515588644 7.866527042664131
3042 24376.21542263031 3.713798100648686e7 -2.1026339450480833 -7.574188948672425 -24.211606121747096 4.437546352722052 -134.94965812518768 -124.91201859713647 -136.00075836423218 -15.396928916661807 7.8671782216639485
3043 24395.37905049324 4.994970525326786e7 -29.368055526688302 -93.67739891684816 102.88367005897824 97.88956836425463 -77.64246805490924 -81.58986576099045 -3.6467832974427097 143.56277586074975 197.81257315320704
3044 24415.402134656906 4.994970525233039e7 -29.36805555647298 -93.67739895563204 102.88367013665076 97.88956837961479 -77.64246804538047 -81.58986576099045 -3.6467832974427097 143.56277586905333 197.81257315320704
3045 24434.78889632225 3.713798100835598e7 -2.1026339774034994 -7.574188980226092 -24.21160610977998 4.437546357043701 -134.9496581222203 -124.91201859713647 -136.00075836423218 -15.39692890253923 7.8671782216639485
3049 24513.50784945488 3.713798100653447e7 -2.102633951101023 -7.574188954025653 -24.211606119405253 4.437546353260004 -134.94965812485628 -124.91201859713647 -136.00075836423218 -15.396928916269474 7.8671782216639485
3050 24516.478715658188 3.71379810067603e7 -2.102633949730901 -7.574188944395397 -24.21160612388455 4.437546351019279 -134.94965812612082 -124.91201859713647 -136.00075836423218 -15.396928914466798 7.8671782216639485
3051 24519.412177562714 3.713794473847484e7 -2.1026339480802534 -7.574188954267877 -24.211606118617297 4.437546353491271 -134.9496581248608 -124.91208143269864 -136.00075836423218 -15.397304521670662 7.866527042664131
3052 24539.361327171326 3.7139201909489e7 -2.1026339240843726 -7.5741889342114135 -24.211606124723836 4.43754635074319 -134.94965812703555 -124.90677826007652 -135.9885816561379 -15.374035753906128 7.89172369967082
3053 24559.029546022415 3.82611378390975e7 -32.42144781609726 -61.7690687403057 25.988392517952498 81.01789170794379 -79.01406991883073 -126.33728115167395 -81.63800024658411 -13.573006124843175 11.134518896705401
3054 24578.97468662262 3.8261137839105375e7 -32.42144782785747 -61.76906875244556 25.988392521324016 81.01789170834866 -79.0140699186013 -126.33728115167395 -81.63800024658411 -13.57300612504531 11.134518896705401
3055 24582.02565050125 3.7137981007833235e7 -2.10263397021545 -7.574188972986516 -24.211606112350793 4.437546355978398 -134.9496581229737 -124.91201859713647 -136.00075836423218 -15.396928906523726 7.867178221664005
3058 24591.113554239273 3.713920191069364e7 -2.1026339537792396 -7.574188980235855 -24.211606105893516 4.437546359037938 -134.94965812184722 -124.90677826007652 -135.9885816561379 -15.37403574484 7.8917236996709335
3059 24594.250824451447 3.713923817833266e7 -2.1026339280122706 -7.574188921481943 -24.21160613165916 4.437546347447622 -134.9496581286743 -124.90671542451429 -135.9885816561379 -15.37366014256736 7.892374878670751
3060 24597.230048418045 3.713923817878143e7 -2.1026339280331534 -7.574188927305023 -24.211606129760384 4.437546349207437 -134.94965812751528 -124.90671542451429 -135.9885816561379 -15.373660139147546 7.892374878670637
3061 24600.25800538063 3.7139238178947836e7 -2.102633941004658 -7.574188942706995 -24.211606123215866 4.437546351360169 -134.9496581262053 -124.90671542451429 -135.9885816561379 -15.373660137879767 7.892374878670637
3062 24603.146584510803 3.713798100742251e7 -2.102633959414071 -7.574188950632415 -24.211606121778537 4.43754635155328 -134.94965812564956 -124.91201859713647 -136.00075836423218 -15.396928909400287 7.867178221664005
3063 24606.07932448387 3.71398067362669e7 -2.102633942455533 -7.574188945592466 -24.211606122581408 4.437546351695332 -134.9496581259807 -124.90589954187732 -135.98371211429264 -15.366420918347046 7.901010250152638
3064 24608.806722402573 3.737195121477956e7 -13.007748291033497 -27.06708084115254 -18.76648514338536 23.624984196235275 -121.35812794136851 -131.96257553709398 -129.5727952694457 -13.603189776084662 10.867260138262225
3065 24611.70631670952 3.755132418805657e7 -19.760521500504424 -39.13766295418095 -9.146365100638022 39.55837071895819 -109.26330409699246 -133.0885271308087 -119.16455421725215 -13.53820768126792 10.721840405706018
3066 24614.662983894348 3.795553089128226e7 -17.526881690275914 -35.14503177766168 0.11565533204849743 61.62006749812191 -100.19371649356049 -125.6155513478173 -122.86494637658842 -16.626333723707603 7.059117384444903
3067 24618.039081811905 3.7983261944722734e7 -14.763560305510623 -30.205594818938096 10.923151536114972 45.897067357868494 -104.70042393736394 -117.7527144366785 -97.75210260306295 -13.505660419054152 11.074482527838768
3068 24620.926149606705 3.827457807968357e7 -13.109228410253056 -27.24847655441426 21.708902270224748 47.108738426956876 -108.73910836661732 -117.80540891125321 -111.3829805037289 0.6345242535088005 11.569128067379893
3069 24623.8840007782 4.886359650800034e7 -18.361461110974385 -74.00311137235097 56.96316173270425 55.21837630633989 -103.85301780315777 -88.88637700526834 -28.74231602215741 128.54118560437144 195.5627019071543
3070 24626.850677728653 3.713794474320326e7 -2.1026340273194783 -7.57418903540416 -24.21160608720635 4.43754636539272 -134.9496581168085 -124.91208143269864 -136.00075836423218 -15.397304486118344 7.866527042664131
3071 24629.958876609802 3.798326193871835e7 -14.763560279435463 -30.205594794339348 10.923151529320528 45.89706735385502 -104.70042394066098 -117.7527144366785 -97.75210260306295 -13.505660447535206 11.074482527838768
3072 24633.252224445343 3.713798100774361e7 -2.102633973130647 -7.574188977800365 -24.211606110112086 4.437546356797554 -134.94965812250672 -124.91201859713647 -136.00075836423218 -15.39692890718868 7.8671782216639485
3076 24646.016038179398 3.713798100586615e7 -2.102633939282029 -7.5741889352071805 -24.211606126876987 4.437546349768525 -134.9496581270716 -124.91201859713647 -136.00075836423218 -15.396928921284541 7.8671782216639485
3077 24649.010838985443 3.713920191111089e7 -2.102633937630557 -7.574188943628618 -24.21160612235647 4.437546351907173 -134.949658125984 -124.90677826007652 -135.9885816561379 -15.374035741665864 7.8917236996709335
3078 24652.248018980026 3.713794473842948e7 -2.102633943742532 -7.574188949489896 -24.211606120717292 4.437546352829784 -134.9496581252654 -124.91208143269864 -136.00075836423218 -15.39730452203628 7.866527042664131
3079 24670.77324104309 3.713977046892197e7 -2.102633930729926 -7.574188935155995 -24.21160612701707 4.437546350845224 -134.94965812647968 -124.90596237743955 -135.98371211429264 -15.36679651847976 7.90035907115282
3080 24688.97564291954 5.061407503064953e7 -42.02898195297131 -116.30880486399059 138.01842782512128 139.34908939315687 -47.393233851988256 -74.7768204476036 34.00954231391461 143.1281113985375 197.29547802727302
3081 24707.945687770844 5.061407503075363e7 -42.02898194752896 -116.30880486022168 138.01842783300543 139.3490893940909 -47.39323385144161 -74.7768204476036 34.00954231391461 143.12811139727626 197.29547802727302
3082 24727.463021993637 3.713798100736707e7 -2.1026339668557945 -7.57418897112589 -24.211606112628232 4.437546355784448 -134.94965812319867 -124.91201859713647 -136.00075836423218 -15.396928910076326 7.8671782216639485
3086 24772.372322797775 3.7139238179156676e7 -2.1026339365261713 -7.574188937283731 -24.211606125951874 4.43754635044543 -134.94965812675343 -124.90671542451429 -135.9885816561379 -15.37366013664149 7.892374878670637
3087 24792.58270072937 3.713794473838871e7 -2.1026339427774587 -7.574188947784796 -24.211606121419422 4.437546352510225 -134.94965812546207 -124.91208143269864 -136.00075836423218 -15.397304522333286 7.866527042664131
3088 24813.87003803253 3.7139238179074906e7 -2.1026339398819687 -7.574188942669622 -24.211606123525748 4.437546351551504 -134.94965812605147 -124.90671542451429 -135.9885816561379 -15.373660136865738 7.892374878670637
3089 24832.68093442917 3.863411599599857e7 -41.09292243698802 -77.26932962078166 40.69553397112083 122.26702635256706 -56.35295211767688 -126.15801599748363 -79.5471630229257 -18.174027164783524 4.603569539079899
3090 24835.7187063694 3.863411599599857e7 -41.09292243749063 -77.26932962213107 40.69553397154347 122.26702635277644 -56.35295211755314 -126.15801599748363 -79.5471630229257 -18.174027164783524 4.60356953908007
3091 24838.62379550934 3.7137981007218175e7 -2.1026339640551193 -7.574188968260172 -24.211606113725594 4.437546355377364 -134.94965812347448 -124.91201859713647 -136.00075836423218 -15.396928911212854 7.867178221664005
3094 24847.853006601334 3.713854956292135e7 -2.102633929388734 -7.574188924034944 -24.211606131860407 4.437546348182536 -134.94965812802735 -124.91120271449944 -135.99588882238686 -15.389689703779027 7.875813593146006
3095 24851.33863377571 3.713920191102732e7 -2.10263393246008 -7.574188937086383 -24.211606125183337 4.437546350887672 -134.94965812660848 -124.90677826007652 -135.9885816561379 -15.374035742316323 7.8917236996709335
3096 24854.574591636658 3.713794473839774e7 -2.1026339429035588 -7.574188947275674 -24.211606121618047 4.437546352363711 -134.94965812554955 -124.91208143269864 -136.00075836423218 -15.397304522275817 7.866527042664188
3097 24857.84967470169 3.713851329549304e7 -2.1026339562460237 -7.574188968679858 -24.211606112494984 4.43754635587112 -134.94965812346956 -124.91126555006167 -135.99588882238686 -15.390065304385871 7.875162414146189
3098 24861.00492954254 3.71379810056451e7 -2.102633943900088 -7.574188946416257 -24.211606121760248 4.437546352135456 -134.94965812566502 -124.91201859713647 -136.00075836423218 -15.396928922713755 7.8671782216639485
3099 24863.843742370605 3.737195121511901e7 -13.00774827871092 -27.06708082076015 -18.766485151706753 23.624984192510638 -121.35812794368502 -131.96257553709398 -129.5727952694457 -13.603189780245998 10.867260138262225
3100 24866.691213846207 3.755132418795159e7 -19.76052149527301 -39.13766294771649 -9.1463651039101 39.55837071780833 -109.26330409770583 -133.08852713080876 -119.16455421725215 -13.538207682964696 10.721840405706018
3101 24869.634870767593 3.7955530890116714e7 -17.526881679007086 -35.145031779475325 0.11565532919298249 61.62006749767092 -100.1937164941595 -125.6155513478173 -122.86494637658842 -16.626333713554118 7.059117384444733
3102 24872.513410568237 3.798326194496604e7 -14.763560305121395 -30.20559482081716 10.923151536633625 45.89706735845276 -104.7004239369796 -117.7527144366785 -97.75210260306295 -13.505660417860554 11.074482527838768
3103 24875.624759674072 3.827457807854104e7 -13.109228398735326 -27.248476536536675 21.70890226292549 47.108738423788196 -108.73910836859079 -117.80540891125321 -111.3829805037289 0.6345242447279134 11.569128067379893
3104 24878.735214948654 4.886359650798319e7 -18.361461109063427 -74.00311137106283 56.96316173699389 55.21837630704293 -103.85301780270157 -88.88637700526834 -28.74231602215741 128.54118560407892 195.5627019071543
3105 24881.784610033035 4.910414815053549e7 -29.26657551980303 -93.4960033089798 62.40828262806844 74.40581414062926 -90.2614876240092 -95.9487305976142 -22.28592858037797 130.24703900114014 198.8157870764868
3106 24884.837976932526 4.910414815054894e7 -29.266575520066613 -93.49600330924898 62.40828262806097 74.40581414062825 -90.26148762400244 -95.9487305976142 -22.28592858037797 130.2470390016117 198.8157870764868
3110 24897.918565273285 3.713920191148976e7 -2.102633939182553 -7.574188944395649 -24.211606122498864 4.437546352038424 -134.9496581258147 -124.90677826007652 -135.9885816561379 -15.37403573877225 7.8917236996709335
3111 24901.167716264725 3.713980673635502e7 -2.102633938233076 -7.574188941333746 -24.211606124397704 4.437546351308626 -134.94965812619816 -124.90589954187732 -135.98371211429264 -15.366420917799985 7.901010250152751
3112 24904.405808210373 3.71392381791518e7 -2.1026339392895252 -7.574188942580665 -24.211606123475505 4.437546351688397 -134.94965812597044 -124.90671542451429 -135.9885816561379 -15.373660136401668 7.892374878670637
3113 24907.79312801361 3.7137944738374494e7 -2.102633945419818 -7.574188954513367 -24.211606118557114 4.437546353843942 -134.94965812467586 -124.91208143269864 -136.00075836423218 -15.397304522459308 7.866527042664188
3114 24911.034559965134 3.71379447383752e7 -2.1026339450521334 -7.574188949607377 -24.211606120652462 4.437546352586352 -134.94965812542605 -124.91208143269864 -136.00075836423218 -15.397304522453169 7.866527042664131
3115 24930.25539469719 3.713794473838366e7 -2.102633942306433 -7.574188947115449 -24.211606121728416 4.437546352385439 -134.9496581255383 -124.91208143269864 -136.00075836423218 -15.397304522378192 7.866527042664188
3116 24949.43397283554 3.7139770468992464e7 -2.1026339408937105 -7.574188945106995 -24.21160612265524 4.437546352011566 -134.94965812576766 -124.90596237743955 -135.98371211429264 -15.366796517957084 7.900359071152934
3117 24969.477447509766 3.800607003186123e7 -28.431996027989115 -54.63792363612316 5.560776275390033 80.80750532776682 -86.60218631731107 -133.04528528111672 -117.15571758324143 -17.229317681566727 5.955654516037157
3118 24988.752284526825 3.86341159930323e7 -41.092922446072514 -77.26932959559356 40.69553402739871 122.26702636993986 -56.35295210762246 -126.15801599748363 -79.5471630229257 -18.174027164984977 4.60356953908007
3122 25065.57881617546 3.713923817909118e7 -2.102633939214698 -7.5741889399277 -24.2116061247278 4.437546350922446 -134.9496581264232 -124.90671542451429 -135.9885816561379 -15.373660136749493 7.892374878670637
3123 25085.176290273666 3.713923817889101e7 -2.1026339367186964 -7.574188940598054 -24.211606124221724 4.437546351357682 -134.949658126223 -124.90671542451429 -135.9885816561379 -15.373660138359185 7.892374878670637
3124 25104.10421681404 3.713794473835355e7 -2.1026339428343945 -7.574188948118962 -24.21160612125916 4.437546352564837 -134.9496581254366 -124.91208143269864 -136.00075836423218 -15.397304522594823 7.866527042664188
3125 25122.56205058098 3.7137981005896226e7 -2.10263394495599 -7.5741889479172855 -24.211606121483783 4.437546352207505 -134.94965812562876 -124.91201859713647 -136.00075836423218 -15.396928921121344 7.867178221664005
3126 25141.97349715233 3.7137981005803294e7 -2.1026339406090884 -7.574188943612757 -24.21160612329446 4.437546351804173 -134.94965812585437 -124.91201859713647 -136.00075836423218 -15.396928921671133 7.8671782216639485
3127 25160.589307308197 3.713794473837626e7 -2.1026339424373326 -7.574188947361254 -24.211606121613237 4.437546352429507 -134.94965812551294 -124.91208143269864 -136.00075836423218 -15.397304522431057 7.866527042664131
3128 25178.856489896774 3.7371951215093344e7 -13.0077482766634 -27.067080819647618 -18.76648515235766 23.624984192496257 -121.35812794368292 -131.96257553709398 -129.5727952694457 -13.603189779937452 10.867260138262225
3129 25181.786869049072 3.7551324187955745e7 -19.760521494436155 -39.137662946510545 -9.146365104452634 39.55837071760722 -109.26330409782429 -133.08852713080876 -119.16455421725215 -13.538207682914447 10.721840405705962
3130 25184.736612081528 3.795553089012688e7 -17.52688168848045 -35.145031793177964 0.11565533939847228 61.62006750167376 -100.19371649173979 -125.6155513478173 -122.86494637658842 -16.626333713976862 7.059117384444903
3131 25203.05734014511 3.79832619449994e7 -14.76356030412041 -30.205594818789482 10.923151535645346 45.897067358048105 -104.7004239372183 -117.7527144366785 -97.75210260306295 -13.505660417652223 11.074482527838825
3132 25222.4442152977 3.827457807843579e7 -13.109228398588655 -27.248476537777773 21.708902263236084 47.108738424073735 -108.73910836842765 -117.80540891125321 -111.3829805037289 0.6345242439593903 11.569128067379893
3133 25241.070160627365 4.886359650798136e7 -18.361461108471197 -74.00311137002741 56.96316173321444 55.21837630636723 -103.85301780310954 -88.88637700526834 -28.74231602215741 128.54118560407733 195.5627019071543
3134 25244.286846876144 5.134672957047614e7 -57.45322967314544 -143.8796476747989 162.3456890882743 196.53161050517065 -12.637292239787826 -75.52577553446133 47.00480303032691 140.80694760291794 193.9314765889294
3135 25247.24941587448 5.13467295694631e7 -57.453229731726616 -143.87964772110206 162.34568915984948 196.53161053042197 -12.637292224406288 -75.52577553446133 47.00480303032691 140.8069475951362 193.9314765889294
3138 25256.14882683754 3.713798100577221e7 -2.1026339402502927 -7.574188943000234 -24.211606123544627 4.437546351586491 -134.9496581260135 -124.91201859713647 -136.00075836423218 -15.396928922016912 7.867178221664005
3139 25259.043343782425 3.713920191164566e7 -2.1026339402937637 -7.57418894503323 -24.211606122447442 4.437546352073269 -134.94965812576044 -124.90677826007652 -135.9885816561379 -15.37403573760156 7.89172369967082
3140 25262.028228759766 3.713851329558565e7 -2.1026339438415746 -7.574188949099113 -24.21160612099758 4.43754635258739 -134.94965812542307 -124.91126555006167 -135.99588882238686 -15.39006530383898 7.875162414146189
3141 25265.018260717392 3.713851329558634e7 -2.1026339416263795 -7.574188946704787 -24.211606122007844 4.437546352323437 -134.94965812557683 -124.91126555006167 -135.99588882238686 -15.390065303831534 7.875162414146132
3142 25267.946359872818 3.713851329558688e7 -2.1026339418699678 -7.574188946852294 -24.211606121907565 4.437546352345734 -134.94965812556325 -124.91126555006167 -135.99588882238686 -15.390065303826418 7.875162414146132
3143 25270.857096910477 3.7137944738414854e7 -2.102633942460855 -7.574188947161337 -24.211606121698416 4.437546352373218 -134.94965812554935 -124.91208143269864 -136.00075836423218 -15.397304522192655 7.866527042664188
3144 25273.891187906265 3.737195121512876e7 -13.007748278368908 -27.067080822165188 -18.76648515110866 23.62498419293675 -121.35812794343049 -131.96257553709398 -129.5727952694457 -13.603189780470188 10.867260138262225
3145 25276.848200798035 3.7551324187936015e7 -19.760521494267437 -39.13766294690308 -9.146365104439354 39.558370717656615 -109.26330409780084 -133.08852713080876 -119.16455421725215 -13.538207683230269 10.721840405706132
3146 25279.664125919342 3.79555308900209e7 -17.526881690235015 -35.145031796277124 0.11565534214945217 61.620067502754054 -100.1937164911069 -125.6155513478173 -122.86494637658842 -16.626333713329473 7.059117384444733
3147 25282.668174028397 3.798326194496494e7 -14.763560305391124 -30.20559482032408 10.923151536505884 45.89706735832108 -104.70042393705903 -117.7527144366785 -97.75210260306295 -13.505660417860668 11.074482527838938
3148 25286.521247148514 3.827457807849744e7 -13.109228397919516 -27.248476536721167 21.70890226265356 47.108738423878734 -108.73910836853958 -117.80540891125321 -111.3829805037289 0.6345242444106134 11.569128067379893
3149 25289.481013059616 4.886359650798384e7 -18.36146110943683 -74.00311137109976 56.96316173444741 55.21837630663663 -103.85301780295163 -88.88637700526834 -28.74231602215741 128.5411856041011 195.5627019071543
3150 25292.41122508049 3.798326194994549e7 -14.763560267867447 -30.205594741986236 10.923151494904978 45.897067342154116 -104.70042394587847 -117.7527144366785 -97.75210260306295 -13.505660394376264 11.074482527838768
3151 25295.304111003876 3.798326194133164e7 -14.76356026498378 -30.205594739676517 10.92315149545528 45.897067338033025 -104.70042394978161 -117.7527144366785 -97.75210260306295 -13.50566043373442 11.074482527838768
3155 25307.257111549377 3.71392019117246e7 -2.102633941283294 -7.574188946082023 -24.211606122094118 4.437546352228949 -134.94965812564956 -124.90677826007652 -135.9885816561379 -15.374035737000952 7.8917236996709335
3156 25310.263978481293 3.713851329557877e7 -2.1026339418528863 -7.574188946510404 -24.211606122073867 4.43754635224569 -134.94965812562214 -124.91126555006167 -135.99588882238686 -15.390065303874962 7.875162414146132
3157 25313.088829755783 3.713794473838209e7 -2.102633942272142 -7.574188947056438 -24.21160612174365 4.4375463523797976 -134.9496581255419 -124.91208143269864 -136.00075836423218 -15.397304522389277 7.866527042664188
3158 25316.066300868988 3.7137944738377325e7 -2.102633942169426 -7.57418894687941 -24.21160612178955 4.43754635236256 -134.9496581255525 -124.91208143269864 -136.00075836423218 -15.397304522422075 7.866527042664131
3159 25334.00809597969 3.713794473836304e7 -2.10263394186115 -7.574188946348691 -24.211606121927325 4.437546352310875 -134.9496581255844 -124.91208143269864 -136.00075836423218 -15.397304522520017 7.866527042664188
3160 25352.3150370121 3.713923817912876e7 -2.102633940936194 -7.574188944756642 -24.21160612234059 4.437546352156005 -134.94965812567966 -124.90671542451429 -135.9885816561379 -15.37366013645942 7.892374878670637
3161 25371.43997693062 3.837415822026064e7 -43.3265621814126 -81.26196065685649 31.433513512960687 100.2053295582248 -65.42253972988394 -133.54497655718308 -75.65056358233903 -13.370993411056702 11.459971513244511
3162 25389.198731422424 3.837415822025732e7 -43.326562181551864 -81.26196065696324 31.433513513047913 100.2053295582573 -65.42253972986057 -133.54497655718308 -75.65056358233903 -13.370993411011455 11.459971513244511
3165 25444.41647529602 3.713798100576435e7 -2.102633940154817 -7.57418894259119 -24.211606123581042 4.437546351571868 -134.94965812602055 -124.91201859713647 -136.00075836423218 -15.396928922058919 7.8671782216639485
3166 25464.63806962967 3.7139201911625706e7 -2.1026339396921117 -7.574188944309187 -24.211606122665067 4.4375463520160565 -134.94965812579562 -124.90677826007652 -135.9885816561379 -15.37403573773588 7.8917236996709335
3167 25484.101730823517 3.7139201911762655e7 -2.1026339399503584 -7.574188944272223 -24.21160612280012 4.43754635205633 -134.94965812573878 -124.90677826007652 -135.9885816561379 -15.374035736691042 7.89172369967082
3168 25502.8232588768 3.7137944738420196e7 -2.1026339416472766 -7.574188946129553 -24.211606122078287 4.437546352241512 -134.94965812563305 -124.91208143269864 -136.00075836423218 -15.397304522189756 7.866527042664188
3169 25521.26570391655 3.7138513295560755e7 -2.1026339409748758 -7.574188945395509 -24.21160612279302 4.437546351945471 -134.94965812580313 -124.91126555006167 -135.99588882238686 -15.39006530399314 7.875162414146189
3170 25540.12748003006 3.737195121520842e7 -13.007748276570723 -27.067080819712128 -18.766485151946846 23.624984192574928 -121.35812794366828 -131.96257553709398 -129.5727952694457 -13.603189781492176 10.867260138262225
3171 25559.619622945786 3.755132418792975e7 -19.760521494395633 -39.13766294650492 -9.146365104432682 39.55837071762646 -109.26330409781993 -133.08852713080876 -119.16455421725215 -13.538207683299674 10.721840405706018
3172 25578.305232048035 3.795553088997102e7 -17.526881689331965 -35.145031794978394 0.11565534159585411 61.62006750252364 -100.19371649125455 -125.6155513478173 -122.86494637658842 -16.626333712972894 7.059117384444733
3173 25581.38857102394 3.798326194492209e7 -14.763560304202464 -30.205594819039145 10.923151536008561 45.89706735816827 -104.7004239371542 -117.7527144366785 -97.75210260306295 -13.505660418080936 11.074482527838825
3174 25584.36670088768 3.8274578078447714e7 -13.109228397522763 -27.248476535848976 21.708902262857308 47.10873842383816 -108.73910836856476 -117.80540891125321 -111.3829805037289 0.6345242440541483 11.569128067379893
3175 25603.807760715485 4.886359650798793e7 -18.36146110845889 -74.00311137004935 56.96316173367284 55.21837630646846 -103.85301780305694 -88.88637700526834 -28.74231602215741 128.54118560416168 195.5627019071543
3177 25641.2532453537 3.8261137841062166e7 -32.42144792512554 -61.76906890409713 25.988392603471787 81.01789174176038 -79.01406989764776 -126.337281151674 -81.63800024658411 -13.573006135906667 11.134518896705401
3178 25644.101925373077 3.826113784106273e7 -32.42144792524603 -61.76906890428119 25.98839260358688 81.0178917418071 -79.01406989761949 -126.337281151674 -81.63800024658411 -13.57300613590553 11.134518896705288
3181 25653.309858322144 3.713920191170455e7 -2.1026339408709944 -7.574188945460705 -24.2116061222171 4.437546352195426 -134.94965812567102 -124.90677826007652 -135.9885816561379 -15.374035737135841 7.89172369967082
3182 25656.385436296463 3.713923817915463e7 -2.1026339414425266 -7.574188945212363 -24.211606122455137 4.437546352038538 -134.94965812574887 -124.90671542451429 -135.9885816561379 -15.373660136291107 7.892374878670637
3183 25659.170966386795 3.713794473838977e7 -2.102633941688147 -7.574188946063316 -24.211606122085108 4.437546352233824 -134.94965812563476 -124.91208143269864 -136.00075836423218 -15.397304522369268 7.866527042664188
3184 25662.51759147644 3.713851329557228e7 -2.1026339415483406 -7.574188946225865 -24.211606122217198 4.4375463522053025 -134.94965812564615 -124.91126555006167 -135.99588882238686 -15.390065303915833 7.875162414146132
3185 25665.319076538086 3.713794473837813e7 -2.102633943435279 -7.5741889485987794 -24.211606120910837 4.437546352695946 -134.9496581253539 -124.91208143269864 -136.00075836423218 -15.3973045224119 7.866527042664188
3186 25668.517587423325 3.737195121513878e7 -13.007748277532905 -27.067080821517866 -18.766485151325192 23.624984192920564 -121.35812794344169 -131.96257553709398 -129.5727952694457 -13.603189780608488 10.867260138262225
3187 25671.839757442474 3.755132418792934e7 -19.76052149436095 -39.13766294640094 -9.146365104485618 39.558370717599814 -109.263304097836 -133.0885271308087 -119.16455421725215 -13.538207683305416 10.721840405706018
3188 25674.836871385574 3.7955530890002914e7 -17.526881689748656 -35.145031795746476 0.11565534165712421 61.62006750257784 -100.1937164912157 -125.6155513478173 -122.86494637658842 -16.62633371323068 7.059117384444903
3189 25677.95024418831 3.7983261944941476e7 -14.763560304434478 -30.2055948196063 10.923151536248383 45.89706735829607 -104.70042393707601 -117.7527144366785 -97.75210260306295 -13.50566041798146 11.074482527838768
3190 25680.755885362625 3.8274578078431256e7 -13.109228396029401 -27.248476533738202 21.70890226172522 47.108738423455634 -108.73910836879249 -117.80540891125321 -111.3829805037289 0.6345242439376193 11.569128067379893
3191 25684.337282419205 4.886359650798603e7 -18.361461108591733 -74.00311137026483 56.963161734373166 55.21837630660518 -103.85301780297144 -88.88637700526834 -28.74231602215741 128.54118560413178 195.5627019071543
3192 25687.276977539062 3.828371320805803e7 -35.18476922757934 -66.70850577098747 15.18089634219752 96.74089186095323 -74.50736246752103 -133.74213047945864 -105.81447876121115 -16.238477523813287 7.560627518675005
3193 25690.38346529007 3.828371320805791e7 -35.184769227590024 -66.70850577101288 15.180896342207866 96.74089186095806 -74.50736246751819 -133.74213047945864 -105.81447876121115 -16.23847752381181 7.560627518675005
3196 25699.576301574707 3.713920191175206e7 -2.102633941491696 -7.574188945981568 -24.211606122060978 4.437546352249996 -134.94965812562808 -124.90677826007652 -135.9885816561379 -15.374035736774658 7.89172369967082
3197 25702.850969552994 3.713794473837384e7 -2.10263394163821 -7.574188946095166 -24.21160612202784 4.4375463522762715 -134.94965812560727 -124.91208143269864 -136.00075836423218 -15.397304522464253 7.866527042664131
3198 25706.1363158226 3.713794473835568e7 -2.102633941694428 -7.574188946150755 -24.211606121984666 4.437546352296877 -134.9496581255929 -124.91208143269864 -136.00075836423218 -15.397304522569641 7.866527042664188
3199 25709.42108273506 3.713920191175278e7 -2.1026339411940356 -7.574188945556852 -24.21160612215659 4.437546352254671 -134.94965812561895 -124.90677826007652 -135.9885816561379 -15.374035736732822 7.89172369967082
3201 25715.41698861122 4.92721881422683e7 -46.92446296645838 -125.05947722312267 77.47352372573481 109.52663850884427 -64.57513359593497 -104.67616132858865 -6.5346321325218355 128.70756649341513 196.14465500398637
3202 25718.385110616684 4.9272188142269194e7 -46.92446296632605 -125.05947722291863 77.47352372511378 109.52663850873276 -64.57513359600259 -104.67616132858865 -6.5346321325218355 128.70756649341433 196.14465500398637
3205 25774.01109933853 3.713923817914565e7 -2.102633940533927 -7.574188944562559 -24.21160612271113 4.43754635200024 -134.94965812577723 -124.90671542451429 -135.9885816561379 -15.373660136386832 7.892374878670751
3206 25793.66725754738 3.713920191169294e7 -2.1026339407108665 -7.574188945049272 -24.211606122352613 4.437546352130795 -134.94965812570922 -124.90677826007652 -135.9885816561379 -15.374035737205588 7.89172369967082
3207 25812.515655994415 3.713794473839435e7 -2.102633941760452 -7.574188946114916 -24.211606122019056 4.437546352270019 -134.9496581256103 -124.91208143269864 -136.00075836423218 -15.397304522327602 7.866527042664131
3208 25830.356421470642 3.713920191176198e7 -2.1026339413133996 -7.574188945972429 -24.211606122088533 4.437546352271724 -134.94965812561352 -124.90677826007652 -135.9885816561379 -15.374035736705252 7.8917236996709335
3209 25849.339281320572 3.7139201911769286e7 -2.102633942403692 -7.57418894696519 -24.211606121636244 4.437546352386946 -134.9496581255426 -124.90677826007652 -135.9885816561379 -15.374035736639428 7.8917236996709335
3210 25868.411353349686 3.7371951215145916e7 -13.007748277194409 -27.067080820861666 -18.76648515159551 23.624984192796987 -121.35812794351682 -131.96257553709398 -129.5727952694457 -13.603189780721834 10.867260138262225
3211 25887.41037273407 3.755132418790832e7 -19.760521493976754 -39.13766294628839 -9.146365104622994 39.55837071758323 -109.263304097852 -133.08852713080876 -119.16455421725215 -13.53820768365182 10.721840405706018
3212 25906.087205171585 3.795553088999577e7 -17.526881689593473 -35.14503179545642 0.11565534151222323 61.6200675025179 -100.19371649125151 -125.6155513478173 -122.86494637658842 -16.62633371321374 7.059117384444903
3213 25925.60341858864 3.798326194491528e7 -14.763560303973499 -30.205594818884617 10.923151535953117 45.89706735816459 -104.70042393715686 -117.7527144366785 -97.75210260306295 -13.505660418117884 11.074482527838825
3214 25944.865844726562 3.827457807833924e7 -13.109228396710328 -27.248476535452273 21.70890226247797 47.10873842377792 -108.73910836861054 -117.80540891125321 -111.3829805037289 0.6345242431941642 11.569128067379893
3215 25964.399338245392 4.886359650798644e7 -18.361461108412307 -74.00311137000016 56.963161733655625 55.21837630647829 -103.85301780304852 -88.88637700526834 -28.74231602215741 128.54118560412917 195.5627019071543
3216 25984.646139144897 5.071972871638016e7 -55.697417655796855 -140.74113369277603 132.65605257788997 174.2595273744959 -29.294996226122255 -89.51727533127206 15.654396902096778 140.71807903333786 193.2196977284973
3217 25987.799822092056 5.0719728716207094e7 -55.69741765606517 -140.74113369308128 132.65605257792993 174.25952737450618 -29.294996226111557 -89.51727533127206 15.654396902096778 140.71807903314152 193.2196977284973
3220 26029.761037111282 3.713920191174402e7 -2.102633941259235 -7.57418894574311 -24.211606122137034 4.437546352235316 -134.94965812563663 -124.90677826007652 -135.9885816561379 -15.374035736826045 7.89172369967082
3221 26048.05967092514 3.713794473835152e7 -2.1026339413175705 -7.574188945725201 -24.211606122156518 4.437546352246656 -134.94965812562305 -124.91208143269864 -136.00075836423218 -15.397304522600223 7.866527042664188
3222 26051.22769188881 3.713920191175817e7 -2.1026339401872534 -7.574188944448469 -24.211606122671903 4.437546352096263 -134.949658125714 -124.90677826007652 -135.9885816561379 -15.37403573671088 7.8917236996709335
3223 26054.349772691727 4.886359650811258e7 -18.361461093798823 -74.00311135692493 56.96316174329773 55.21837630722655 -103.85301780272063 -88.88637700526834 -28.74231602215741 128.5411856060174 195.5627019071543
3224 26057.23068666458 4.886359650811258e7 -18.36146109380078 -74.00311135692543 56.96316174329818 55.21837630722668 -103.85301780272063 -88.88637700526834 -28.74231602215741 128.5411856060174 195.5627019071543
3228 26069.16971540451 3.713920191168803e7 -2.102633940564793 -7.574188945067501 -24.211606122376033 4.437546352139691 -134.9496581257045 -124.90677826007652 -135.9885816561379 -15.374035737240206 7.89172369967082
3229 26072.01398539543 3.713920191172972e7 -2.1026339406747567 -7.574188944925126 -24.21160612242671 4.437546352150292 -134.9496581256847 -124.90677826007652 -135.9885816561379 -15.374035736899827 7.89172369967082
3230 26074.854300498962 3.713920191175314e7 -2.1026339411809616 -7.57418894598856 -24.211606121995608 4.437546352339922 -134.94965812557314 -124.90677826007652 -135.9885816561379 -15.374035736764597 7.8917236996709335
3231 26077.798882722855 3.713920191175345e7 -2.1026339417516695 -7.574188946052708 -24.21160612196062 4.437546352266509 -134.94965812561776 -124.90677826007652 -135.9885816561379 -15.374035736761414 7.8917236996709335
3232 26080.79821252823 3.713920191175845e7 -2.1026339409077153 -7.574188945224531 -24.21160612234099 4.437546352177733 -134.94965812566772 -124.90677826007652 -135.9885816561379 -15.374035736720543 7.8917236996709335
3233 26083.61625146866 3.73719512151402e7 -13.007748277105641 -27.06708082078522 -18.76648515163837 23.624984192794685 -121.35812794351577 -131.96257553709398 -129.5727952694457 -13.603189780663797 10.867260138262338
3234 26086.486790418625 3.755132418790702e7 -19.76052149350609 -39.13766294550456 -9.146365104902266 39.55837071748178 -109.26330409791257 -133.0885271308087 -119.16455421725215 -13.538207683662677 10.721840405706018
3235 26089.353352308273 3.79555308899966e7 -17.526881689452274 -35.14503179539133 0.11565534129018573 61.62006750244312 -100.19371649129641 -125.6155513478173 -122.86494637658842 -16.626333713231816 7.059117384444733
3236 26092.19028019905 3.7983261944886565e7 -14.763560303181023 -30.205594817860568 10.923151535568238 45.897067358031364 -104.70042393724009 -117.7527144366785 -97.75210260306295 -13.50566041825499 11.074482527838825
3237 26095.43820619583 3.82745780783919e7 -13.109228396544118 -27.248476534708242 21.70890226257226 47.10873842372402 -108.73910836863556 -117.80540891125321 -111.3829805037289 0.63452424362805 11.569128067379893
3238 26098.653313159943 4.886359650799044e7 -18.361461107610786 -74.00311136914995 56.96316173308644 55.2183763063415 -103.85301780313594 -88.88637700526834 -28.74231602215741 128.54118560420193 195.5627019071543
3239 26101.762598991394 3.713851329657662e7 -2.1026339653072412 -7.57418897579517 -24.21160611050744 4.437546356819212 -134.94965812268967 -124.91126555006167 -135.99588882238686 -15.39006529710906 7.875162414146132
3240 26104.80018401146 3.713794473942138e7 -2.1026339661569367 -7.574188976663194 -24.21160610966991 4.437546357163626 -134.9496581224853 -124.91208143269864 -136.00075836423218 -15.397304514571374 7.866527042664131
3243 26113.873217105865 3.7139201911739826e7 -2.102633940912959 -7.574188945351651 -24.211606122290526 4.437546352191362 -134.94965812566352 -124.90677826007652 -135.9885816561379 -15.374035736856513 7.8917236996709335
3244 26117.18842935562 3.713920191176468e7 -2.102633941235787 -7.574188945550029 -24.211606122211585 4.437546352218803 -134.94965812564055 -124.90677826007652 -135.9885816561379 -15.374035736662222 7.8917236996709335
3245 26137.596122264862 3.71379447383541e7 -2.1026339412369808 -7.574188945579714 -24.21160612221184 4.437546352219599 -134.94965812564104 -124.91208143269864 -136.00075836423218 -15.397304522591469 7.866527042664188
3246 26156.282634973526 3.7137944738348864e7 -2.102633941109339 -7.574188945471638 -24.21160612235561 4.437546352161675 -134.9496581256739 -124.91208143269864 -136.00075836423218 -15.397304522619379 7.866527042664131
3247 26174.72849202156 3.713977046896553e7 -2.102633940484573 -7.574188944710725 -24.211606122953164 4.437546351906974 -134.94965812582691 -124.90596237743955 -135.98371211429264 -15.366796518103286 7.900359071152934
3249 26213.07372522354 3.835276573807667e7 -24.014342762939275 -46.74136845058714 27.154023251220977 66.29617627122325 -95.14757818217127 -124.92192021047629 -105.0151550404305 0.3003955285444704 10.547921833994508
3250 26216.55029296875 3.835276573809871e7 -24.01434276349288 -46.741368451181735 27.154023251584434 66.29617627129568 -95.14757818213393 -124.92192021047629 -105.0151550404305 0.3003955285261668 10.547921833994508
3253 26260.28144788742 3.713798100572862e7 -2.1026339407494916 -7.574188944701085 -24.211606122656214 4.437546352030182 -134.94965812575165 -124.91201859713647 -136.00075836423218 -15.396928922308348 7.8671782216639485
3254 26278.596920490265 3.713920191173707e7 -2.102633940684264 -7.574188945024792 -24.211606122516265 4.437546352092696 -134.9496581257222 -124.90677826007652 -135.9885816561379 -15.374035736876067 7.89172369967082
3255 26281.662976503372 3.713794473835074e7 -2.1026339407411925 -7.574188945046668 -24.211606122548893 4.43754635210243 -134.94965812570928 -124.91208143269864 -136.00075836423218 -15.397304522607953 7.866527042664131
3256 26284.675367355347 3.7137944738361984e7 -2.102633941195272 -7.574188945753212 -24.21160612222767 4.437546352222284 -134.94965812564047 -124.91208143269864 -136.00075836423218 -15.397304522545824 7.866527042664131
3257 26287.622600317 3.7137944738351636e7 -2.102633941048545 -7.574188945336477 -24.211606122423994 4.437546352129729 -134.94965812569316 -124.91208143269864 -136.00075836423218 -15.39730452260244 7.866527042664131
3258 26290.499950408936 3.737195121514971e7 -13.007748276533313 -27.0670808200077 -18.766485152054777 23.624984192620232 -121.35812794362263 -131.96257553709398 -129.5727952694457 -13.603189780761284 10.867260138262225
3259 26293.635718345642 3.755132418792243e7 -19.760521493371733 -39.13766294501053 -9.146365105208652 39.55837071731858 -109.26330409800511 -133.08852713080876 -119.16455421725215 -13.538207683433768 10.721840405706018
3260 26296.887812376022 3.795553088998568e7 -17.526881689092257 -35.145031795011676 0.11565534099923269 61.620067502326364 -100.19371649136843 -125.6155513478173 -122.86494637658842 -16.626333713146664 7.059117384444903
3261 26300.275329351425 3.798326194491633e7 -14.763560303512982 -30.20559481827139 10.923151535637643 45.89706735804327 -104.70042393722788 -117.7527144366785 -97.75210260306295 -13.505660418125444 11.074482527838938
3262 26303.35400223732 3.827457807843724e7 -13.109228396855706 -27.248476535118495 21.708902262292987 47.10873842368967 -108.73910836865308 -117.80540891125321 -111.3829805037289 0.6345242439863341 11.569128067379893
3263 26306.141376018524 4.886359650798738e7 -18.361461108014566 -74.00311136969566 56.96316173427185 55.21837630655146 -103.85301780300395 -88.88637700526834 -28.74231602215741 128.54118560412644 195.5627019071543
3264 26309.10659790039 4.959975935859258e7 -33.78570885456688 -101.57395421615477 81.29042316301695 112.40089744969967 -69.097076172739 -89.50972435823473 -15.220688770425113 125.81483152875194 192.5023883660424
3265 26312.336114883423 4.959975935858916e7 -33.785708854788396 -101.57395421629933 81.29042316324266 112.40089744979629 -69.09707617268158 -89.50972435823473 -15.220688770425113 125.81483152869839 192.5023883660424
3269 26325.491932868958 3.713920191175208e7 -2.1026339409189845 -7.574188945320422 -24.211606122413365 4.4375463521385115 -134.94965812569146 -124.90677826007652 -135.9885816561379 -15.374035736759936 7.89172369967082
3270 26328.51404595375 3.713794473834748e7 -2.1026339408972845 -7.574188945216207 -24.21160612255705 4.4375463520765095 -134.9496581257251 -124.91208143269864 -136.00075836423218 -15.397304522630293 7.866527042664131
3271 26331.4931268692 3.713977046896782e7 -2.1026339402611924 -7.574188944449865 -24.211606123160955 4.437546351820913 -134.9496581258782 -124.90596237743955 -135.98371211429264 -15.366796518091292 7.900359071152934
3272 26334.946423768997 3.713923817883891e7 -2.1026339237842997 -7.574188918350513 -24.211606133722462 4.437546347419044 -134.9496581285847 -124.90671542451429 -135.9885816561379 -15.373660138839568 7.892374878670637
3273 26338.056001663208 3.798326194428122e7 -14.763560286826532 -30.205594791817393 10.923151524530795 45.897067353452414 -104.70042394005401 -117.7527144366785 -97.75210260306295 -13.505660421040375 11.074482527838768
3276 26347.6091196537 3.7137981005737945e7 -2.102633940577469 -7.5741889444864725 -24.211606122862953 4.437546351939588 -134.94965812580585 -124.91201859713647 -136.00075836423218 -15.396928922250027 7.867178221664005
3277 26366.290455818176 3.713920191176463e7 -2.1026339405979755 -7.574188944841371 -24.211606122735937 4.437546352011154 -134.9496581257648 -124.90677826007652 -135.9885816561379 -15.374035736668475 7.8917236996709335
3278 26385.061056613922 3.713920191173462e7 -2.1026339405082197 -7.574188944846856 -24.2116061226748 4.437546352027837 -134.94965812576123 -124.90677826007652 -135.9885816561379 -15.37403573689221 7.89172369967082
3279 26403.706979990005 3.713920191176486e7 -2.102633940805852 -7.574188945062755 -24.21160612263649 4.43754635203922 -134.94965812574824 -124.90677826007652 -135.9885816561379 -15.374035736666087 7.89172369967082
3280 26422.319323778152 3.7139201911766e7 -2.102633941278249 -7.574188945586124 -24.2116061221653 4.437546352237874 -134.94965812562938 -124.90677826007652 -135.9885816561379 -15.37403573665523 7.89172369967082
3281 26440.86636543274 3.737195121515403e7 -13.007748276299289 -27.067080819758583 -18.766485152255065 23.624984192535408 -121.35812794367413 -131.96257553709398 -129.5727952694457 -13.603189780821367 10.867260138262225
3282 26458.943996191025 3.755132418792042e7 -19.760521493479764 -39.137662945456526 -9.146365105074615 39.55837071739276 -109.26330409796074 -133.08852713080876 -119.16455421725215 -13.538207683438088 10.721840405705962
3283 26477.978506088257 3.795553088998517e7 -17.526881688771404 -35.14503179454701 0.11565534071849015 61.62006750220311 -100.19371649144279 -125.6155513478173 -122.86494637658842 -16.626333713120232 7.059117384444733
3284 26496.83047056198 3.79832619449111e7 -14.76356030324417 -30.205594817916772 10.923151535379574 45.89706735793291 -104.70042393729447 -117.7527144366785 -97.75210260306295 -13.505660418147102 11.074482527838768
3285 26515.14054131508 3.82745780784221e7 -13.109228396581067 -27.24847653476294 21.70890226171454 47.108738423531804 -108.73910836874992 -117.80540891125321 -111.3829805037289 0.6345242438652576 11.569128067379893
3286 26534.7763774395 4.88635965079885e7 -18.36146110750049 -74.00311136900761 56.96316173257204 55.21837630617621 -103.85301780323185 -88.88637700526834 -28.74231602215741 128.54118560415452 195.5627019071543
3287 26553.926824331284 3.827457807873901e7 -13.109228399270414 -27.248476537989514 21.70890226436039 47.10873842437593 -108.73910836821304 -117.80540891125321 -111.3829805037289 0.6345242464105354 11.569128067379893
3288 26573.18203639984 3.827457807876086e7 -13.109228400048984 -27.248476539166116 21.70890226506088 47.108738424586875 -108.7391083680936 -117.80540891125321 -111.3829805037289 0.6345242464308853 11.569128067379893
3292 26619.162346839905 3.713920191176573e7 -2.1026339407015584 -7.5741889448148445 -24.211606122735866 4.437546351996303 -134.94965812577286 -124.90677826007652 -135.9885816561379 -15.374035736656651 7.89172369967082
3293 26640.32350087166 3.713920191175138e7 -2.1026339407587997 -7.5741889450614845 -24.211606122561456 4.437546352073312 -134.9496581257306 -124.90677826007652 -135.9885816561379 -15.374035736767382 7.8917236996709335
3294 26658.189822912216 3.713920191176713e7 -2.1026339408315167 -7.574188945153981 -24.211606122601488 4.437546352057836 -134.94965812573724 -124.90677826007652 -135.9885816561379 -15.374035736652388 7.8917236996709335
3295 26661.369688749313 3.713920191176413e7 -2.1026339408433685 -7.574188945166048 -24.21160612259306 4.437546352061702 -134.94965812573446 -124.90677826007652 -135.9885816561379 -15.374035736668304 7.8917236996709335
3296 26664.561334609985 3.713920191175615e7 -2.102633940931419 -7.5741889452727715 -24.21160612243991 4.437546352125551 -134.94965812569808 -124.90677826007652 -135.9885816561379 -15.37403573672782 7.89172369967082
3297 26667.74089074135 3.737195121515411e7 -13.007748276316178 -27.067080819849718 -18.766485152223574 23.624984192553427 -121.35812794366323 -131.96257553709398 -129.5727952694457 -13.603189780831428 10.867260138262225
3298 26670.67860174179 3.755132418792157e7 -19.76052149350329 -39.13766294546956 -9.146365105055175 39.55837071739978 -109.26330409795634 -133.08852713080876 -119.16455421725215 -13.538207683420069 10.721840405706018
3299 26674.67621254921 3.795553088998837e7 -17.526881688880884 -35.14503179469179 0.11565534079009865 61.620067502235145 -100.19371649142269 -125.6155513478173 -122.86494637658842 -16.626333713151723 7.059117384444903
3300 26677.438161849976 3.798326194491746e7 -14.76356030334837 -30.205594818051292 10.923151535461813 45.89706735796881 -104.7004239372722 -117.7527144366785 -97.75210260306295 -13.50566041811743 11.074482527838825
3301 26680.47880077362 3.827457807843645e7 -13.109228396712034 -27.248476534956684 21.708902261905607 47.10873842359314 -108.73910836871174 -117.80540891125321 -111.3829805037289 0.6345242439789445 11.569128067379893
3302 26683.63039302826 4.8863596507988594e7 -18.361461107523418 -74.00311136906271 56.96316173283492 55.2183763062217 -103.85301780320417 -88.88637700526834 -28.74231602215741 128.5411856041652 195.5627019071543
3303 26686.638657808304 4.886359650801096e7 -18.36146110677327 -74.00311136857542 56.96316173468451 55.218376306335074 -103.85301780315986 -88.88637700526834 -28.74231602215741 128.54118560447 195.5627019071543
3304 26689.58745574951 4.886359650801061e7 -18.361461106851827 -74.00311136868248 56.96316173493674 55.2183763063838 -103.85301780313034 -88.88637700526834 -28.74231602215741 128.54118560446113 195.5627019071543
3307 26698.675525188446 3.713920191176585e7 -2.102633940800935 -7.574188945017033 -24.211606122642742 4.437546352037614 -134.94965812574816 -124.90677826007652 -135.9885816561379 -15.374035736655912 7.89172369967082
3308 26701.74470615387 3.713920191175861e7 -2.1026339407835124 -7.5741889450898015 -24.211606122602923 4.43754635205697 -134.94965812573858 -124.90677826007652 -135.9885816561379 -15.37403573671105 7.89172369967082
3309 26705.28642630577 3.7139201911766075e7 -2.102633940866035 -7.574188945193612 -24.211606122566614 4.437546352075046 -134.9496581257261 -124.90677826007652 -135.9885816561379 -15.37403573665415 7.8917236996709335
3310 26708.201476335526 3.713920191176444e7 -2.1026339409058963 -7.574188945236534 -24.211606122546108 4.43754635208127 -134.94965812572218 -124.90677826007652 -135.9885816561379 -15.374035736662961 7.89172369967082
3311 26711.283517360687 3.713794473834746e7 -2.1026339409778743 -7.574188945298815 -24.211606122475054 4.437546352110601 -134.9496581257049 -124.91208143269864 -136.00075836423218 -15.39730452263018 7.866527042664188
3312 26714.465593338013 3.755132418792041e7 -19.760521493471778 -39.13766294544007 -9.146365105083099 39.558370717388826 -109.26330409796294 -133.08852713080876 -119.16455421725215 -13.53820768343843 10.721840405706018
3313 26717.366144418716 3.795553088998684e7 -17.52688168882571 -35.14503179462666 0.1156553407444818 61.620067502216074 -100.19371649143426 -125.6155513478173 -122.86494637658842 -16.62633371314172 7.059117384444733
3314 26720.215844392776 3.7983261944915056e7 -14.76356030329098 -30.205594817984252 10.923151535419358 45.89706735795082 -104.70042393728286 -117.7527144366785 -97.75210260306295 -13.50566041813073 11.074482527838825
3315 26723.406552553177 3.83527657372207e7 -24.014342732192468 -46.741368409673925 27.154023232259462 66.2961762640871 -95.14757818663952 -124.92192021047629 -105.0151550404305 0.30039551714781965 10.547921833994508
3316 26726.670368671417 4.910414814781306e7 -29.266575443093593 -93.49600324385159 62.40828270334041 74.40581414675184 -90.2614876211099 -95.9487305976142 -22.28592858037797 130.2470389301884 198.8157870764869
3317 26729.707370519638 4.9949705251543246e7 -29.368055563372614 -93.67739895882241 102.88367011711253 97.88956837771737 -77.64246804620265 -81.58986576099045 -3.6467832974427097 143.5627758866092 197.81257315320704
3318 26732.464947462082 3.8352765737092495e7 -24.01434273160283 -46.74136841007679 27.15402323141766 66.29617626394368 -95.14757818676071 -124.92192021047629 -105.0151550404305 0.3003955155120366 10.547921833994508
3319 26735.29457473755 3.835276573709245e7 -24.014342731589842 -46.74136841006283 27.154023231418194 66.29617626394366 -95.14757818676077 -124.92192021047629 -105.0151550404305 0.3003955155123208 10.547921833994508
3322 26790.202956438065 3.713920191176601e7 -2.102633940857892 -7.574188945135605 -24.211606122590986 4.43754635206146 -134.94965812573403 -124.90677826007652 -135.9885816561379 -15.37403573665415 7.89172369967082
3323 26810.276176691055 3.713794473834809e7 -2.1026339408818373 -7.5741889451767825 -24.211606122574985 4.437546352068026 -134.9496581257299 -124.91208143269864 -136.00075836423218 -15.397304522626655 7.866527042664188
3324 26828.24622607231 3.713920191176342e7 -2.102633940854581 -7.574188945170539 -24.21160612257335 4.437546352069489 -134.94965812572985 -124.90677826007652 -135.9885816561379 -15.374035736674614 7.89172369967082
3325 26846.017086982727 3.713794473834734e7 -2.102633940917663 -7.574188945242597 -24.2116061225452 4.437546352080474 -134.94965812572278 -124.91208143269864 -136.00075836423218 -15.39730452263143 7.866527042664188
3326 26848.98756504059 3.713794473834748e7 -2.1026339408574515 -7.574188945175898 -24.21160612259755 4.437546352059769 -134.94965812573506 -124.91208143269864 -136.00075836423218 -15.397304522630293 7.866527042664188
3327 26852.36146593094 3.713851329555279e7 -2.1026339407379524 -7.574188945055074 -24.21160612271907 4.437546352009292 -134.94965812576507 -124.91126555006167 -135.99588882238686 -15.390065304042764 7.875162414146132
3329 26893.738354206085 3.7551324187766686e7 -19.760521493180093 -39.13766294643844 -9.146365105370954 39.55837071730336 -109.26330409806512 -133.0885271308087 -119.16455421725215 -13.538207685991722 10.721840405706018
3330 26912.928879261017 3.755132418776671e7 -19.760521493078983 -39.13766294633464 -9.14636510557144 39.558370717207865 -109.26330409812206 -133.08852713080876 -119.16455421725215 -13.538207685991495 10.721840405706132
3333 26922.25145506859 3.7138513295552745e7 -2.102633940826557 -7.574188945104126 -24.211606122628744 4.437546352045231 -134.9496581257437 -124.91126555006167 -135.99588882238686 -15.390065304043048 7.875162414146189
3334 26925.34313416481 3.7139201911763385e7 -2.102633940816183 -7.574188945133635 -24.211606122612388 4.437546352053403 -134.94965812573938 -124.90677826007652 -135.9885816561379 -15.374035736674614 7.8917236996709335
3335 26928.3152179718 3.7137944738347575e7 -2.102633940853103 -7.574188945154702 -24.21160612260585 4.437546352055151 -134.9496581257378 -124.91208143269864 -136.00075836423218 -15.397304522630122 7.866527042664188
3336 26931.85040473938 3.7137944738348044e7 -2.1026339408578067 -7.574188945177591 -24.211606122597324 4.437546352059641 -134.94965812573537 -124.91208143269864 -136.00075836423218 -15.39730452262711 7.866527042664131
3337 26934.83734178543 3.713851329555279e7 -2.102633940776748 -7.574188945093264 -24.211606122679434 4.43754635202572 -134.94965812575535 -124.91126555006167 -135.99588882238686 -15.390065304042764 7.875162414146132
3338 26937.994731903076 3.737195121515146e7 -13.007748276362442 -27.067080819891007 -18.76648515220642 23.624984192560376 -121.35812794365845 -131.96257553709398 -129.5727952694457 -13.603189780796015 10.867260138262338
3339 26941.291545152664 3.755132418792017e7 -19.760521493437984 -39.1376629454268 -9.146365105113723 39.55837071737747 -109.26330409796991 -133.0885271308087 -119.16455421725215 -13.538207683441954 10.721840405706018
3340 26944.104779958725 3.795553088998618e7 -17.526881688783966 -35.14503179459582 0.11565534070891204 61.62006750220161 -100.19371649144315 -125.6155513478173 -122.86494637658842 -16.62633371313467 7.059117384444903
3341 26946.993395090103 3.79832619449138e7 -14.763560303251957 -30.205594817956463 10.923151535384122 45.897067357936564 -104.70042393729186 -117.7527144366785 -97.75210260306295 -13.505660418136245 11.074482527838825
3342 26949.9254591465 3.827457807843249e7 -13.109228396649762 -27.24847653490532 21.708902261755654 47.10873842355795 -108.73910836873331 -117.80540891125321 -111.3829805037289 0.634524243949329 11.569128067379893
3343 26952.86589694023 4.886359650798819e7 -18.361461107543967 -74.00311136908086 56.96316173281485 55.21837630621961 -103.85301780320509 -88.88637700526834 -28.74231602215741 128.54118560415827 195.5627019071543
3344 26956.144102811813 4.959975936003831e7 -33.78570885413586 -101.57395421744228 81.29042319700878 112.40089745624942 -69.09707616899627 -89.50972435823473 -15.220688770425113 125.8148315449854 192.5023883660424
3345 26959.14553785324 4.959975936003831e7 -33.78570885415937 -101.57395421746847 81.29042319705205 112.40089745626156 -69.09707616898899 -89.50972435823473 -15.220688770425113 125.8148315449854 192.5023883660424
3348 26968.216063022614 3.713977046897034e7 -2.102633940827083 -7.574188945151395 -24.211606122615827 4.437546352052166 -134.94965812573975 -124.90596237743955 -135.98371211429264 -15.366796518073329 7.90035907115282
3349 26971.309237957 3.713977046897087e7 -2.1026339407901915 -7.574188945092262 -24.211606122655702 4.4375463520351985 -134.94965812574975 -124.90596237743955 -135.98371211429264 -15.366796518069293 7.90035907115282
3350 26974.316956996918 3.7138513295552894e7 -2.1026339408563572 -7.574188945176672 -24.211606122599683 4.437546352058874 -134.94965812573534 -124.91126555006167 -135.99588882238686 -15.390065304042196 7.875162414146132
3351 26977.23339009285 3.7139201911765926e7 -2.1026339408888717 -7.574188945228226 -24.2116061225611 4.437546352075515 -134.9496581257257 -124.90677826007652 -135.9885816561379 -15.374035736655173 7.89172369967082
3352 26980.033361196518 3.737195121515134e7 -13.0077482763594 -27.06708081988911 -18.766485152210727 23.624984192558657 -121.35812794365921 -131.96257553709398 -129.5727952694457 -13.603189780795105 10.867260138262225
3353 26983.304274082184 3.7551324187920414e7 -19.76052149343017 -39.13766294540534 -9.146365105126655 39.55837071737092 -109.2633040979737 -133.08852713080876 -119.16455421725215 -13.538207683438259 10.721840405706018
3354 26986.743920087814 3.795553088998571e7 -17.526881688793203 -35.145031794600484 0.11565534072301631 61.62006750220719 -100.19371649143974 -125.6155513478173 -122.86494637658842 -16.626333713131032 7.059117384444733
3355 27004.838552236557 3.7983261944912754e7 -14.763560303260341 -30.205594817956754 10.923151535398269 45.89706735794212 -104.7004239372885 -117.7527144366785 -97.75210260306295 -13.50566041814136 11.074482527838768
3356 27024.025138139725 3.827457807843182e7 -13.109228396653712 -27.248476534906427 21.708902261775556 47.108738423561974 -108.7391083687308 -117.80540891125321 -111.3829805037289 0.6345242439442131 11.569128067379893
3357 27043.000067472458 4.8863596507988185e7 -18.36146110755056 -74.00311136908805 56.96316173282436 55.21837630622231 -103.85301780320344 -88.88637700526834 -28.74231602215741 128.54118560415827 195.5627019071543
3359 27084.34123325348 3.905116033840235e7 -36.67526909477155 -69.37277428345666 62.28878088956364 107.75569726995917 -64.8983439981949 -118.00833712256645 -67.25292940120585 0.36854013093858384 10.744347488139965
3360 27103.56154513359 3.90511603384027e7 -36.67526909475984 -69.37277428344662 62.288780889538735 107.75569726995306 -64.89834399819854 -118.00833712256645 -67.25292940120585 0.3685401309459735 10.744347488139965
3362 27142.241649389267 3.713920191176642e7 -2.102633940847916 -7.574188945155999 -24.211606122605907 4.437546352055904 -134.94965812573724 -124.90677826007652 -135.9885816561379 -15.37403573665108 7.89172369967082
3363 27161.17618060112 3.71392019117662e7 -2.1026339408519803 -7.574188945171041 -24.211606122598717 4.437546352059385 -134.94965812573506 -124.90677826007652 -135.9885816561379 -15.374035736652957 7.89172369967082
3364 27180.04260444641 3.713920191176593e7 -2.1026339408544388 -7.5741889451742 -24.211606122596812 4.437546352059954 -134.94965812573503 -124.90677826007652 -135.9885816561379 -15.37403573665489 7.89172369967082
3365 27199.608904361725 3.7138513295552716e7 -2.1026339408408248 -7.574188945159154 -24.211606122613965 4.437546352052934 -134.94965812573906 -124.91126555006167 -135.99588882238686 -15.390065304043162 7.875162414146189
3366 27219.38604903221 3.737195121515164e7 -13.007748276359749 -27.06708081988766 -18.766485152207174 23.624984192560092 -121.35812794365864 -131.96257553709398 -129.5727952694457 -13.603189780798573 10.867260138262338
3367 27239.282073020935 3.755132418792069e7 -19.76052149343463 -39.13766294540403 -9.146365105121568 39.55837071737278 -109.26330409797258 -133.08852713080876 -119.16455421725215 -13.538207683433882 10.721840405706018
3368 27257.876229524612 3.7955530889986224e7 -17.526881688789054 -35.1450317946034 0.11565534071403505 61.62006750220375 -100.19371649144193 -125.6155513478173 -122.86494637658842 -16.62633371313484 7.059117384444903
3369 27261.350653648376 3.7983261944913544e7 -14.763560303253634 -30.205594817959867 10.923151535386125 45.89706735793722 -104.70042393729118 -117.7527144366785 -97.75210260306295 -13.505660418137325 11.074482527838825
3370 27264.350222587585 3.827457807843165e7 -13.109228396651922 -27.24847653491047 21.70890226175981 47.108738423559174 -108.73910836873246 -117.80540891125321 -111.3829805037289 0.6345242439427352 11.569128067379893
3371 27284.82862687111 4.886359650798821e7 -18.361461107547406 -74.00311136908564 56.963161732827906 55.21837630622203 -103.8530178032036 -88.88637700526834 -28.74231602215741 128.54118560415918 195.5627019071543
3372 27304.565039396286 3.713977046891468e7 -2.1026339396506444 -7.574188944686675 -24.211606123024787 4.437546351922336 -134.94965812583564 -124.90596237743955 -135.98371211429264 -15.366796518475383 7.90035907115282
3373 27324.440987110138 3.713977046891651e7 -2.102633939653032 -7.574188944689176 -24.211606123025895 4.4375463519228475 -134.94965812583496 -124.90596237743955 -135.98371211429264 -15.366796518463389 7.90035907115282
3376 27334.524662017822 3.713851329555274e7 -2.1026339408540693 -7.574188945172267 -24.211606122601076 4.437546352058135 -134.94965812573597 -124.91126555006167 -135.99588882238686 -15.390065304043162 7.875162414146132
3377 27337.66590499878 3.713851329555266e7 -2.1026339408520656 -7.574188945170173 -24.211606122602014 4.43754635205795 -134.94965812573614 -124.91126555006167 -135.99588882238686 -15.390065304043617 7.875162414146132
3378 27340.678392887115 3.713851329555279e7 -2.102633940860464 -7.57418894518311 -24.21160612259461 4.437546352061034 -134.94965812573432 -124.91126555006167 -135.99588882238686 -15.390065304042764 7.875162414146132
3379 27343.576074123383 3.7138513295553096e7 -2.102633940859313 -7.574188945177752 -24.211606122598248 4.437546352059556 -134.94965812573489 -124.91126555006167 -135.99588882238686 -15.390065304040832 7.875162414146189
3380 27346.62290620804 3.737195121515149e7 -13.007748276360225 -27.067080819887497 -18.76648515220814 23.624984192559694 -121.35812794365887 -131.96257553709398 -129.5727952694457 -13.603189780796527 10.867260138262225
3381 27349.55167031288 3.755132418792011e7 -19.76052149343034 -39.13766294540221 -9.146365105124808 39.55837071737167 -109.26330409797347 -133.0885271308087 -119.16455421725215 -13.53820768344309 10.721840405705962
3382 27352.58650946617 3.795553088998618e7 -17.526881688792948 -35.14503179460743 0.11565534071783645 61.6200675022052 -100.19371649144088 -125.6155513478173 -122.86494637658842 -16.626333713135296 7.059117384444903
3383 27355.64505958557 3.798326194491381e7 -14.763560303255453 -30.205594817961494 10.923151535386687 45.89706735793756 -104.70042393729125 -117.7527144366785 -97.75210260306295 -13.50566041813613 11.074482527838825
3384 27358.536161661148 3.8274578078432694e7 -13.109228396657471 -27.248476534915167 21.708902261766013 47.108738423560865 -108.73910836873144 -117.80540891125321 -111.3829805037289 0.6345242439507501 11.569128067379893
3385 27361.672110557556 4.8863596507988185e7 -18.36146110754391 -74.00311136908195 56.96316173281972 55.21837630621884 -103.85301780320526 -88.88637700526834 -28.74231602215741 128.5411856041576 195.5627019071543
3386 27364.70987558365 3.737195121520997e7 -13.007748275101704 -27.067080818467037 -18.766485153033166 23.62498419217981 -121.35812794390398 -131.96257553709398 -129.5727952694457 -13.60318978146762 10.867260138262338
3387 27367.771892786026 3.763548228358435e7 -30.665635828690228 -58.63055482079801 -3.701244135010832 58.74580855778153 -95.67177391597652 -140.6747064110869 -113.72917662441614 -13.795227267234111 10.72793332898624
3389 27374.074049711227 3.713851329555279e7 -2.10263394085343 -7.574188945171798 -24.211606122601616 4.437546352058064 -134.94965812573605 -124.91126555006167 -135.99588882238686 -15.390065304042878 7.875162414146189
3390 27377.253376483917 3.713794473834748e7 -2.1026339408555614 -7.57418894517196 -24.211606122599242 4.437546352058931 -134.94965812573554 -124.91208143269864 -136.00075836423218 -15.397304522630293 7.866527042664188
3391 27380.319517612457 3.713851329555279e7 -2.102633940850076 -7.574188945160341 -24.211606122604444 4.4375463520566285 -134.94965812573693 -124.91126555006167 -135.99588882238686 -15.390065304042764 7.875162414146132
3393 27387.120390176773 3.763548228365197e7 -30.66563582745888 -58.63055481669389 -3.701244136394429 58.74580855709175 -95.67177391635403 -140.6747064110869 -113.72917662441614 -13.795227265852247 10.72793332898624
3394 27390.134053230286 3.763548228365382e7 -30.665635827497795 -58.630554816722395 -3.701244136362412 58.745808557103885 -95.67177391634591 -140.6747064110869 -113.72917662441614 -13.795227265811832 10.72793332898624
3396 27396.13795900345 3.713851329555279e7 -2.1026339408515398 -7.574188945167858 -24.21160612260332 4.43754635205724 -134.94965812573653 -124.91126555006167 -135.99588882238686 -15.390065304042878 7.875162414146189
3397 27399.363831996918 3.713794473834748e7 -2.102633940852108 -7.574188945164472 -24.211606122602497 4.437546352057495 -134.94965812573642 -124.91208143269864 -136.00075836423218 -15.397304522630293 7.866527042664131
3398 27402.54475092888 3.713794473834748e7 -2.1026339408418906 -7.574188945141817 -24.21160612261216 4.437546352053118 -134.949658125739 -124.91208143269864 -136.00075836423218 -15.397304522630293 7.866527042664188
3399 27421.027134656906 3.713794473834748e7 -2.1026339408110104 -7.574188945074059 -24.211606122641093 4.437546352040059 -134.9496581257468 -124.91208143269864 -136.00075836423218 -15.397304522630293 7.866527042664188
3400 27441.428125858307 3.713794473834748e7 -2.1026339407184835 -7.574188944870837 -24.21160612272795 4.43754635200078 -134.94965812577016 -124.91208143269864 -136.00075836423218 -15.397304522630293 7.866527042664188
3401 27460.052998542786 3.7137981005736664e7 -2.1026339404410024 -7.574188944260971 -24.21160612298852 4.437546351882915 -134.9496581258402 -124.91201859713647 -136.00075836423218 -15.396928922261509 7.8671782216639485
3402 27479.805540561676 3.828555904803505e7 -46.089883576056884 -86.20139766822876 20.62601732769307 115.92832970764167 -60.915832281821565 -141.61394603977135 -101.11575651654601 -17.21381032382891 6.218294410200144
3405 27521.003918886185 3.713798100573662e7 -2.1026339406308026 -7.574188944680486 -24.211606122810217 4.437546351963647 -134.94965812579213 -124.91201859713647 -136.00075836423218 -15.396928922261964 7.8671782216639485
3406 27524.069309949875 3.713920191176637e7 -2.1026339406959735 -7.5741889448249715 -24.21160612274796 4.437546351991799 -134.9496581257753 -124.90677826007652 -135.9885816561379 -15.374035736651706 7.8917236996709335
3407 27543.22762274742 3.71379447383476e7 -2.1026339406758936 -7.574188944778072 -24.211606122768906 4.43754635198232 -134.9496581257808 -124.91208143269864 -136.00075836423218 -15.397304522629554 7.866527042664131
3408 27563.103633403778 3.737195121515149e7 -13.007748276226081 -27.06708081959219 -18.76648515233388 23.62498419250275 -121.3581279436927 -131.96257553709398 -129.5727952694457 -13.603189780796527 10.867260138262225
3409 27581.69579267502 3.7551324187920116e7 -19.76052149330193 -39.1376629451164 -9.146365105245458 39.558370717317004 -109.26330409800602 -133.0885271308087 -119.16455421725215 -13.538207683442636 10.721840405706018
3410 27584.734407663345 3.7955530889986224e7 -17.52688168862648 -35.145031794247174 0.11565534056108362 61.62006750213452 -100.19371649148286 -125.6155513478173 -122.86494637658842 -16.626333713135125 7.059117384444733
3411 27587.787621736526 3.798326194491381e7 -14.76356030311073 -30.20559481764499 10.923151535250767 45.89706735787611 -104.70042393732777 -117.7527144366785 -97.75210260306295 -13.505660418136245 11.074482527838768
3412 27590.723176717758 3.827457807843256e7 -13.109228396507838 -27.248476534591685 21.708902261626065 47.1087384234977 -108.73910836876917 -117.80540891125321 -111.3829805037289 0.6345242439498406 11.569128067379893
3413 27593.814110040665 4.886359650798819e7 -18.36146110744773 -74.00311136893033 56.96316173235036 55.21837630613595 -103.85301780325585 -88.88637700526834 -28.74231602215741 128.54118560415827 195.5627019071543
3414 27596.76127099991 3.895525394329596e7 -25.77015475842375 -49.87988240665014 56.84365991830798 88.56825942902968 -78.48987418053113 -110.68510492198777 -73.24616507018015 0.3157900789150858 10.674140609186964
3416 27602.622787237167 3.713794473834748e7 -2.1026339406835532 -7.57418894479482 -24.21160612276085 4.437546351985873 -134.94965812577897 -124.91208143269864 -136.00075836423218 -15.397304522630293 7.866527042664131
3417 27606.015070915222 3.7137981005736664e7 -2.1026339405786203 -7.574188944566714 -24.2116061228595 4.437546351941364 -134.94965812580537 -124.91201859713647 -136.00075836423218 -15.396928922261509 7.8671782216639485
3418 27610.619746685028 4.974941176775024e7 -41.92750180614778 -116.12740911734038 97.54304036205066 115.8653351528651 -60.01225343252314 -89.20915478120304 15.192189387126405 129.53348956603054 197.86913699685795
3422 27623.034589529037 3.713798100573662e7 -2.1026339405963554 -7.5741889446048365 -24.211606122842603 4.437546351948967 -134.94965812580094 -124.91201859713647 -136.00075836423218 -15.396928922261964 7.8671782216639485
3423 27626.498472452164 3.713798100573658e7 -2.1026339406405796 -7.574188944703932 -24.211606122800738 4.437546351967995 -134.94965812578954 -124.91201859713647 -136.00075836423218 -15.396928922261964 7.8671782216639485
3424 27629.4636054039 3.737195121515149e7 -13.007748276198477 -27.0670808195319 -18.76648515235984 23.62498419249104 -121.35812794369969 -131.96257553709398 -129.5727952694457 -13.603189780796413 10.867260138262338
3425 27633.089190483093 3.755132418792018e7 -19.760521493231927 -39.137662944964845 -9.146365105311482 39.55837071728726 -109.26330409802358 -133.0885271308087 -119.16455421725215 -13.53820768344167 10.721840405706132
3426 27636.02456331253 3.795553088998617e7 -17.526881688600383 -35.14503179419091 0.11565534053704596 61.620067502123646 -100.19371649148951 -125.6155513478173 -122.86494637658842 -16.626333713134727 7.059117384444903
3427 27638.84832239151 3.798326194491393e7 -14.763560303123462 -30.205594817670093 10.92315153526227 45.89706735788131 -104.70042393732453 -117.7527144366785 -97.75210260306295 -13.505660418135392 11.074482527838825
3428 27641.77249956131 3.827457807843257e7 -13.109228396461724 -27.24847653449184 21.708902261582324 47.108738423478016 -108.73910836878085 -117.80540891125321 -111.3829805037289 0.6345242439498406 11.569128067379893
3429 27644.665979385376 4.886359650798819e7 -18.3614611074155 -74.00311136888106 56.96316173220314 55.21837630610911 -103.85301780327211 -88.88637700526834 -28.74231602215741 128.54118560415827 195.5627019071543
3430 27647.66098332405 3.7955530889987074e7 -17.5268816887556 -35.145031794641966 0.11565534067507599 61.62006750218765 -100.193716491451 -125.6155513478173 -122.86494637658842 -16.626333713141833 7.059117384444733
3431 27651.069653511047 3.795553088998867e7 -17.526881688808807 -35.14503179469634 0.11565534071203132 61.62006750220321 -100.19371649144128 -125.6155513478173 -122.86494637658842 -16.626333713157408 7.059117384444733
3434 27674.81800699234 3.713794473834743e7 -2.1026339406621233 -7.574188944749423 -24.21160612278083 4.437546351976934 -134.94965812578425 -124.91208143269864 -136.00075836423218 -15.397304522630748 7.866527042664131
3435 27693.07611489296 3.713923817915559e7 -2.102633940597663 -7.574188944613567 -24.211606122840898 4.437546351949933 -134.94965812580017 -124.90671542451429 -135.9885816561379 -15.37366013628224 7.892374878670637
3436 27710.72646713257 3.7138513295557e7 -2.1026339408777304 -7.5741889452735975 -24.211606122623103 4.437546352050205 -134.9496581257401 -124.91126555006167 -135.99588882238686 -15.390065304014854 7.875162414146132
3437 27728.48917031288 3.7138513295557e7 -2.1026339409538295 -7.57418894535372 -24.211606122546137 4.43754635208218 -134.94965812572113 -124.91126555006167 -135.99588882238686 -15.39006530401474 7.875162414146189
3439 27765.203120708466 3.713794473834743e7 -2.102633940749776 -7.574188944939792 -24.21160612269835 4.43754635201411 -134.94965812576214 -124.91208143269864 -136.00075836423218 -15.397304522630748 7.866527042664131
3440 27783.51570701599 3.713851329555274e7 -2.1026339406538668 -7.574188944740872 -24.2116061227892 4.437546351973424 -134.9496581257863 -124.91126555006167 -135.99588882238686 -15.390065304043219 7.875162414146132
3441 27802.313579797745 3.737195121515148e7 -13.007748276165849 -27.06708081946297 -18.766485152390523 23.62498419247727 -121.35812794370787 -131.96257553709398 -129.5727952694457 -13.603189780796981 10.867260138262225
3442 27822.925844669342 3.755132418792011e7 -19.760521493239082 -39.13766294498204 -9.146365105304746 39.55837071729033 -109.26330409802179 -133.0885271308087 -119.16455421725215 -13.53820768344292 10.721840405705962
3443 27841.1808013916 3.7955530889986135e7 -17.526881688593484 -35.145031794176944 0.1156553405308145 61.62006750212089 -100.1937164914911 -125.6155513478173 -122.86494637658842 -16.6263337131345 7.059117384444903
3444 27860.200553417206 3.798326194491375e7 -14.763560303058831 -30.205594817533512 10.923151535202287 45.897067357854255 -104.70042393734067 -117.7527144366785 -97.75210260306295 -13.505660418136529 11.074482527838825
3445 27878.239426374435 3.82745780784324e7 -13.109228396457631 -27.24847653448388 21.70890226157848 47.10873842347638 -108.73910836878167 -117.80540891125321 -111.3829805037289 0.6345242439485332 11.569128067379893
3446 27897.463304281235 4.886359650798817e7 -18.361461107402455 -74.00311136886117 56.963161732144634 55.21837630609845 -103.85301780327858 -88.88637700526834 -28.74231602215741 128.54118560415804 195.5627019071543
3447 27916.025069236755 3.826113783948183e7 -32.42144785530446 -61.76906881715708 25.988392552359763 81.01789172302665 -79.01406990966065 -126.337281151674 -81.63800024658411 -13.573006127343888 11.134518896705288
3448 27934.30663228035 3.826113783948183e7 -32.42144785531938 -61.76906881717322 25.98839255237528 81.01789172303322 -79.01406990965677 -126.337281151674 -81.63800024658411 -13.573006127343888 11.134518896705288
3450 27940.51215839386 3.713798100573662e7 -2.1026339406271077 -7.57418894467331 -24.211606122813798 4.437546351962041 -134.94965812579312 -124.91201859713647 -136.00075836423218 -15.396928922261964 7.8671782216639485
3451 27943.388115406036 3.713794473834743e7 -2.102633940697139 -7.574188944825593 -24.211606122747803 4.43754635199177 -134.94965812577544 -124.91208143269864 -136.00075836423218 -15.397304522630748 7.866527042664131
3452 27946.683143377304 3.713851329555274e7 -2.1026339406578884 -7.574188944744979 -24.211606122785106 4.437546351975115 -134.9496581257853 -124.91126555006167 -135.99588882238686 -15.390065304043219 7.875162414146132
3453 27949.567880392075 3.713794473834743e7 -2.1026339406663723 -7.574188944753978 -24.211606122776608 4.437546351978668 -134.94965812578323 -124.91208143269864 -136.00075836423218 -15.397304522630748 7.866527042664131
3454 27952.52597141266 3.737195121515149e7 -13.007748276164769 -27.067080819459253 -18.766485152391517 23.624984192476745 -121.35812794370815 -131.96257553709398 -129.5727952694457 -13.603189780796868 10.867260138262225
3455 27955.54920744896 3.795553088998617e7 -17.526881688592802 -35.14503179417487 0.11565534052996185 61.620067502120406 -100.19371649149139 -125.6155513478173 -122.86494637658842 -16.626333713134727 7.059117384444903
3456 27958.52607536316 3.815473567460759e7 -10.611219184628943 -22.783285068341577 21.005875612854275 79.85783851715858 -79.81158161561993 -108.71874001567829 -87.41805465763252 -13.975771666742219 10.71659922155186
3457 27961.876616477966 3.837415822093929e7 -43.32656219113779 -81.2619606924736 31.433513523067212 100.2053295636672 -65.42253972750215 -133.54497655718308 -75.65056358233903 -13.370993419403192 11.459971513244511
3458 27964.806804418564 4.886359650798817e7 -18.361461107402995 -74.00311136886228 56.96316173214893 55.2183763060991 -103.85301780327814 -88.88637700526834 -28.74231602215741 128.54118560415804 195.5627019071543
3459 27967.814369678497 5.064579055895905e7 -20.21875325429091 -77.32302108158832 133.03591083356974 138.1890361772498 -48.1907455640057 -56.86910004978648 28.69159203826655 144.4796261332442 199.54058572087217
3461 27973.402354478836 3.713794473834743e7 -2.102633940665335 -7.574188944754594 -24.211606122777802 4.437546351978284 -134.9496581257835 -124.91208143269864 -136.00075836423218 -15.397304522630748 7.866527042664131
3462 27976.3616232872 3.713794473834743e7 -2.1026339406798016 -7.574188944787727 -24.211606122764216 4.4375463519843805 -134.94965812577988 -124.91208143269864 -136.00075836423218 -15.397304522630748 7.866527042664131
3463 27979.343537330627 3.737195121515149e7 -13.007748276162665 -27.06708081945504 -18.766485152393507 23.62498419247585 -121.35812794370864 -131.96257553709398 -129.5727952694457 -13.603189780796981 10.867260138262225
3464 27983.305529356003 3.755132418792011e7 -19.76052149323926 -39.137662944982 -9.146365105304461 39.55837071729039 -109.26330409802179 -133.0885271308087 -119.16455421725215 -13.53820768344292 10.721840405706132
3465 27986.079369306564 3.798326194491375e7 -14.7635603030592 -30.205594817534216 10.923151535202543 45.8970673578544 -104.70042393734062 -117.7527144366785 -97.75210260306295 -13.505660418136529 11.074482527838768
3466 27988.962807416916 3.82745780784324e7 -13.10922839645982 -27.248476534488933 21.70890226157981 47.10873842347718 -108.73910836878122 -117.80540891125321 -111.3829805037289 0.6345242439485332 11.569128067379893
3467 27991.75537443161 4.9242599189784855e7 -36.01934865998255 -105.56658536901654 72.02840274902158 90.3392006713459 -78.16666377555777 -97.11719001680723 -11.865545155769325 129.55492859879234 197.86324041793455
3469 27997.57761335373 3.713794473834743e7 -2.1026339406533694 -7.574188944730437 -24.21160612278907 4.437546351973182 -134.94965812578653 -124.91208143269864 -136.00075836423218 -15.397304522630748 7.866527042664131
3470 28000.454802274704 3.837415822093971e7 -43.32656219099321 -81.26196069206836 31.433513522938505 100.20532956360654 -65.42253972753852 -133.54497655718308 -75.65056358233903 -13.37099341940808 11.459971513244511
3471 28003.508415222168 3.837415822093972e7 -43.32656219099989 -81.26196069207776 31.433513522945738 100.20532956360961 -65.42253972753669 -133.54497655718308 -75.65056358233903 -13.37099341940825 11.459971513244511
3473 28009.437172412872 3.713794473834743e7 -2.10263394065516 -7.574188944734278 -24.21160612278735 4.43754635197395 -134.94965812578607 -124.91208143269864 -136.00075836423218 -15.397304522630748 7.866527042664188
3474 28028.69853067398 3.737195121515149e7 -13.007748276157294 -27.067080819443856 -18.76648515239861 23.624984192473605 -121.35812794371 -131.96257553709398 -129.5727952694457 -13.603189780796981 10.867260138262225
3475 28047.79865050316 3.755132418792011e7 -19.760521493228033 -39.13766294495748 -9.146365105314977 39.5583707172857 -109.2633040980246 -133.0885271308087 -119.16455421725215 -13.53820768344292 10.721840405706018
3476 28066.255719661713 3.798326194491375e7 -14.76356030305022 -30.205594817514775 10.92315153519413 45.89706735785059 -104.70042393734288 -117.7527144366785 -97.75210260306295 -13.505660418136529 11.074482527838825
3477 28085.564803123474 3.82745780784324e7 -13.109228396451776 -27.248476534470964 21.708902261573044 47.108738423473866 -108.73910836878315 -117.80540891125321 -111.3829805037289 0.6345242439485332 11.569128067379893
3478 28104.625987529755 3.7955530889986135e7 -17.526881688569063 -35.14503179412459 0.11565534050778581 61.62006750211053 -100.19371649149727 -125.6155513478173 -122.86494637658842 -16.626333713134386 7.059117384444903
3479 28125.011065244675 4.886359650798818e7 -18.36146110739501 -74.00311136885017 56.96316173211315 55.21837630609258 -103.85301780328206 -88.88637700526834 -28.74231602215741 128.54118560415804 195.5627019071543
3481 28163.552255153656 3.811576742201513e7 -13.374540570151659 -27.72272204470268 10.198379418184494 95.58083866141706 -75.30487416977483 -116.28753169484969 -111.97309883034842 -17.227000283357143 5.98096527472876
3482 28182.021632671356 5.0801398253933266e7 -40.63996219269493 -113.8259320586946 137.2936556571899 189.0328606870206 -17.99768409027715 -73.25453266158996 19.733443583142957 139.9374121804584 192.90112310475695
3483 28201.179533958435 3.713798100573662e7 -2.1026339406444734 -7.574188944711231 -24.211606122797512 4.4375463519694165 -134.94965812578872 -124.91201859713647 -136.00075836423218 -15.396928922261964 7.8671782216639485
3484 28204.369684934616 3.798326194491375e7 -14.763560303047548 -30.205594817508857 10.923151535191622 45.89706735784945 -104.70042393734353 -117.7527144366785 -97.75210260306295 -13.505660418136529 11.074482527838825
3485 28208.04110980034 3.7955530889986135e7 -17.52688168858436 -35.14503179415719 0.11565534052225956 61.62006750211707 -100.19371649149338 -125.6155513478173 -122.86494637658842 -16.6263337131345 7.059117384444903
3486 28228.119377851486 3.798326194491375e7 -14.763560303053033 -30.205594817521042 10.923151535196801 45.897067357851824 -104.70042393734212 -117.7527144366785 -97.75210260306295 -13.505660418136529 11.074482527838768
3487 28250.215458869934 3.82745780784324e7 -13.109228396449602 -27.248476534466324 21.708902261570707 47.10873842347293 -108.73910836878377 -117.80540891125321 -111.3829805037289 0.6345242439485332 11.569128067379893
3488 28270.91708087921 4.886359650798818e7 -18.36146110739842 -74.0031113688553 56.96316173212876 55.218376306095394 -103.85301780328034 -88.88637700526834 -28.74231602215741 128.54118560415804 195.5627019071543
3489 28274.59009385109 3.73719512151527e7 -13.007748275895729 -27.06708081892371 -18.766485152632676 23.624984192369 -121.3581279437723 -131.96257553709398 -129.5727952694457 -13.603189780812727 10.867260138262225
3491 28281.358064174652 3.713794473834743e7 -2.1026339406568937 -7.574188944738054 -24.211606122785774 4.43754635197466 -134.94965812578562 -124.91208143269864 -136.00075836423218 -15.397304522630748 7.866527042664131
3492 28284.399202108383 3.713798100573662e7 -2.102633940649845 -7.574188944722877 -24.211606122792368 4.437546351971704 -134.94965812578738 -124.91201859713647 -136.00075836423218 -15.396928922261964 7.8671782216639485
3493 28287.47851204872 3.755132418792011e7 -19.76052149322971 -39.13766294496092 -9.146365105313471 39.55837071728641 -109.26330409802418 -133.0885271308087 -119.16455421725215 -13.53820768344292 10.721840405706018
3494 28290.77823495865 3.798326194491375e7 -14.76356030305056 -30.205594817515514 10.923151535194414 45.89706735785076 -104.70042393734276 -117.7527144366785 -97.75210260306295 -13.505660418136529 11.074482527838768
3495 28293.904278755188 3.82745780784324e7 -13.109228396448692 -27.248476534464448 21.708902261569854 47.10873842347253 -108.739108368784 -117.80540891125321 -111.3829805037289 0.6345242439485332 11.569128067379893
3496 28296.876755952835 3.826113783947946e7 -32.4214478556246 -61.76906881774087 25.98839255266799 81.01789172316298 -79.014069909581 -126.33728115167395 -81.63800024658411 -13.573006127331155 11.134518896705288
3497 28300.653589963913 3.8946882996596366e7 -28.533476144381844 -54.819319383896 46.03616372488302 104.29125957361728 -73.98316673449037 -118.25089638281173 -97.74016147051151 -2.751150634427006 6.605628450481106
3498 28303.929839849472 4.886359650798818e7 -18.3614611073964 -74.00311136885223 56.96316173211927 55.2183763060937 -103.85301780328142 -88.88637700526834 -28.74231602215741 128.54118560415804 195.5627019071543
3499 28307.101006746292 3.713851329555322e7 -2.1026339407725843 -7.574188945004426 -24.211606122681694 4.437546352022494 -134.94965812575703 -124.91126555006167 -135.99588882238686 -15.390065304039865 7.875162414146132
3500 28310.06571149826 5.050576400279832e7 -42.29429409911729 -116.78305034160255 126.50790493029677 187.82118962127575 -13.95899965891039 -73.33609553509979 33.11041096354336 125.9950012920749 192.76297642105794
3502 28315.98335838318 3.737195121515149e7 -13.007748276156725 -27.06708081944272 -18.76648515239912 23.624984192473377 -121.35812794371017 -131.96257553709398 -129.5727952694457 -13.603189780796868 10.867260138262225
3503 28319.23421239853 3.7955530889986135e7 -17.5268816885847 -35.14503179415799 0.11565534052265747 61.62006750211718 -100.19371649149332 -125.6155513478173 -122.86494637658842 -16.626333713134386 7.059117384444903
3504 28322.24578332901 3.800607004204511e7 -28.43199602408746 -54.637923668868766 5.56077631091204 80.80750534261708 -86.60218630941714 -133.04528528111666 -117.15571758324143 -17.2293175998891 5.955654516037271
3505 28325.300592184067 3.849344479063221e7 -8.956887278018776 -19.826166785271464 31.79162633922187 81.06950958277682 -83.85026604706329 -108.16273037975736 -99.83283885627839 0.6685303915639338 11.159629041559924
3506 28328.219136238098 3.826113783947934e7 -32.4214478558416 -61.769068818198605 25.988392552873037 81.01789172325498 -79.01406990952611 -126.33728115167395 -81.63800024658411 -13.573006127330018 11.134518896705401
3507 28331.256051301956 4.9242599189785056e7 -36.019348659972714 -105.56658536908243 72.02840274959578 90.33920067140697 -78.16666377551905 -97.11719001680723 -11.865545155769325 129.5549285988285 197.86324041793455
3508 28334.15718626976 3.755132418791953e7 -19.76052149345592 -39.13766294545002 -9.146365105098063 39.55837071738374 -109.26330409796633 -133.08852713080876 -119.16455421725215 -13.538207683451958 10.721840405706018
3509 28337.119873285294 4.924259918978502e7 -36.01934866015845 -105.56658536935893 72.02840275038375 90.33920067155523 -78.16666377542938 -97.11719001680729 -11.865545155769325 129.55492859882236 197.86324041793455
3510 28340.303792238235 4.910414814781362e7 -29.266575442899757 -93.49600324356454 62.40828270250926 74.40581414659391 -90.26148762120506 -95.9487305976142 -22.28592858037797 130.2470389302141 198.8157870764868
3511 28343.26683330536 3.8646093390153624e7 -41.672230284490446 -78.3048424093239 42.21926424940869 101.4170006292716 -69.46122415895364 -133.45769761087462 -88.88725201433465 0.5005552398063173 10.747188752022566
3512 28346.12214422226 3.864609339015361e7 -41.67223028449232 -78.30484240932826 42.21926424941062 101.41700062927247 -69.46122415895313 -133.45769761087462 -88.88725201433465 0.5005552398063173 10.74718875202268
3513 28349.100486278534 3.837415822093929e7 -43.326562191129604 -81.26196069245681 31.433513523059453 100.20532956366381 -65.42253972750423 -133.54497655718308 -75.65056358233903 -13.370993419403192 11.459971513244511
3514 28367.672334432602 5.0645790558965564e7 -20.218753254409094 -77.32302108168906 133.03591083384137 138.18903617731507 -48.19074556396537 -56.86910004978648 28.69159203826655 144.47962613323227 199.54058572087217
3515 28386.348045110703 5.0645790558965564e7 -20.21875325447607 -77.32302108179256 133.03591083415154 138.18903617737135 -48.190745563931245 -56.86910004978648 28.69159203826655 144.47962613323205 199.54058572087217
3517 28424.117345571518 3.906209849686802e7 -39.43859047988361 -74.31221125860463 51.481284695271746 123.4786974141168 -60.3916365524144 -125.68214586284034 -92.05840109269508 -2.264904428157024 7.319556547198431
3518 28442.54393362999 4.9174844681465216e7 -14.20911998896566 -66.58080161965741 67.04588580977062 89.17914746539768 -78.96417548156094 -79.18333068826797 -17.08339970651997 129.47431952871136 197.61029457094924
3519 28461.248780488968 5.092964048967938e7 -70.59198381349537 -167.36517070605467 158.52878976154844 193.657351589141 -8.115349648082852 -90.7516211307456 55.767350310842744 142.39952425340095 195.63054906656384
3520 28464.424687623978 3.7371951215151265e7 -13.007748276355017 -27.067080819886318 -18.766485152215246 23.62498419255691 -121.35812794366036 -131.96257553709398 -129.5727952694457 -13.603189780794082 10.867260138262225
3521 28467.644380569458 3.8577407314132094e7 -30.767115949235226 -58.81195053514817 36.77414327925224 82.22956278887665 -83.05275434096752 -126.01063085546696 -94.54793514931043 0.7166940050856283 11.321811008430245
3522 28489.732948064804 3.8577407314131975e7 -30.767115949238175 -58.81195053515249 36.77414327925728 82.22956278887808 -83.05275434096679 -126.01063085546696 -94.54793514931043 0.716694005084662 11.321811008430245
3523 28510.14391064644 5.050576400280004e7 -42.294294099378256 -116.78305034200818 126.50790493152215 187.8211896214977 -13.958999658776264 -73.33609553509979 33.11041096354336 125.99500129207411 192.76297642105794
3524 28528.45532464981 5.050576400280004e7 -42.29429409939568 -116.7830503420345 126.5079049315994 187.8211896215119 -13.958999658767581 -73.33609553509979 33.11041096354336 125.99500129207411 192.76297642105794
3525 28531.27172780037 4.987856250395944e7 -51.44359640790373 -133.13742821850917 96.35566421290622 147.52172182155067 -43.410722141226046 -98.04041256997124 0.8812463108646966 126.20773925547553 192.49660947552104
3526 28534.202429771423 5.060406552460509e7 -22.982074640007617 -82.26245805842098 122.22841463944945 153.9120363216344 -43.68403811808403 -64.35541121395875 4.3192025302212755 141.17256272931752 194.02557032435016
3527 28537.13594865799 5.1345724327180974e7 -35.64300100235534 -104.89386393113111 157.3631722972119 195.37155732747146 -13.434803929664668 -57.352032870231824 42.2604800661843 141.73469865300535 195.28284178288197
3528 28540.387454509735 3.8283713207850866e7 -35.18476924138054 -66.7085057948522 15.180896358204926 96.7408918675231 -74.5073624636756 -133.74213047945864 -105.81447876121115 -16.238477521096286 7.560627518675005
3529 28543.420142412186 3.8925354712169565e7 -47.845695603557495 -89.33991166717176 50.315654015981046 138.20041287330753 -44.25812827528746 -127.00933747469975 -68.4645536735622 -16.795594330368033 6.404820561589929
3530 28546.56256723404 3.965969171584135e7 -41.194402506960195 -77.4507252570862 81.17092138302084 145.7507805795699 -43.733932546002066 -111.31628621480462 -59.95182225844667 -2.3693696176245567 6.825242545228718
3532 28552.388387203217 3.884828922275008e7 -3.959926087839115 -10.894098657824973 51.86114297972944 87.40820622334104 -79.28738588638204 -92.91099337924828 -78.73819113458285 -0.12264306325829466 10.153146225951332
3533 28555.326897382736 4.9949705251546614e7 -29.368055563192065 -93.67739895858699 102.88367011647856 97.88956837759322 -77.64246804627882 -81.58986576099045 -3.6467832974427097 143.56277588657667 197.81257315320704
