1 33.28623414039612 6.414878219281227e7 -113.02564102564112 -185.0700000000001 171.42308471367392 219.48560169443647 459.6475087866286 4.88735751055367 295.0052733710668 -117.9564318058566 -270.14878216603836
4 45.82404541969299 6.139383652517408e7 -100.96410256410265 -163.5100000000001 130.98842013368932 177.39707393856736 393.0939399364466 -10.746793728997943 234.32112293464593 -129.74106682640274 -269.83541170987394
7 58.41806387901306 5.966868333292716e7 -33.620512820512936 -83.17333333333339 78.85751388297236 93.27127313824423 287.5293654069527 -1.843039051773701 162.74473614002954 -122.50358270523657 -264.21149763657104
9 66.64970088005066 5.835165733155983e7 -25.579487179487295 -64.69333333333337 56.20807132972578 87.0100935675838 286.5526541563699 -4.46111064878113 155.06142737000744 -126.15304488846414 -283.2368054251075
12 79.08971047401428 5.725180637237161e7 -24.071794871794985 -61.99833333333332 40.68376460936816 83.71586823644009 281.4138350144306 -13.994886903166332 132.22498424542766 -133.269075267014 -282.6031612528764
13 83.38362836837769 5.4153143998009376e7 -1.4564102564104147 -21.573333333333355 -8.25904149438437 39.510175314387084 211.56463870739157 -22.97619878250964 59.24529713816071 -140.13946905019714 -283.1391427915969
15 91.67623019218445 5.418045719788579e7 -13.517948717948876 -33.89333333333335 -2.520039266499815 41.90048651175255 215.2282251003429 -27.41710000336917 67.00770959717124 -143.44120378599695 -283.03385096850997
16 95.858647108078 5.404025097613079e7 -17.538461538461682 -50.320000000000036 2.7124366620450147 61.425646373834354 214.92465893115005 -24.0685072725841 60.96194799011323 -141.70258125900358 -291.1869492160822
17 100.14173984527588 5.3617799307240196e7 -31.610256410256508 -29.27333333333335 -8.273571875709052 28.721930915179428 244.90138834121035 -34.824968148476444 82.02704227908919 -150.02783678777507 -292.8679975953977
18 104.248615026474 5.452016205938493e7 -9.497435897436056 -29.78666666666669 -0.07817525259789448 42.902319894680176 216.75404514656555 -22.578148726333836 71.27087154713547 -139.8173584600607 -283.33032478046266
19 108.5324821472168 5.468215360301423e7 -21.558974358974517 -42.106666666666705 7.466898213541619 46.44931561555268 222.1836069343562 -25.53133548049351 82.00944179634712 -142.1198650179573 -283.5157171800106
20 113.05468106269836 5.685415660285286e7 -76.5538461538462 -92.01000000000005 88.31683608274147 109.05690644647588 184.72904800214172 -2.632294481736153 86.5571655136888 -121.10614094995975 -243.4221994375717
21 117.3655698299408 5.340962457807291e7 -89.90769230769243 -106.78666666666675 46.33519384503167 112.99790233791185 242.76044581003308 -35.67616204710288 60.0168083609409 -146.88905327495922 -272.1710349998378
22 121.48213362693787 5.538660082539133e7 -45.682051282051376 -64.69333333333336 27.039979689159964 67.46344702384621 247.002317266242 -28.52915563014068 87.53126348695275 -142.49568426324856 -263.5602728547757
23 125.5843608379364 5.951696669927197e7 -26.584615384615482 -66.49 71.6865387369888 89.91039178564375 291.0769676146495 5.864042972275172 178.1569455767784 -118.3952118947114 -283.31505791393
24 129.9286208152771 6.579512331507679e7 -13.51794871794882 -73.93333333333332 139.24165538404634 65.42219729667778 215.60677854858804 -1.2051902017328189 110.0353689176917 -108.49841965227091 -115.86148295961226
25 134.25332713127136 5.648795674305733e7 -28.259829059829194 -69.48444444444446 33.13390540318276 101.81698483144464 309.0237691608855 -24.761513005058077 120.82009627556147 -141.42471170881714 -283.43987069486775
26 165.43297004699707 6.059849612613464e7 -17.538461538461696 -50.32000000000002 82.23829200847004 91.57794152794685 293.6852973748792 24.67020363365839 193.926696411899 -104.20810903053359 -283.47975719850433
27 169.5667929649353 8.632333700899264e7 -79.11079745942132 -170.20587155963312 448.8628818075324 188.707635793771 255.64323897571322 62.86771139210907 264.4422144899754 -36.54995649714823 124.50657938591553
28 173.64499068260193 5.5434970920920886e7 -75.72247846404466 -96.55291483878156 47.24756159699623 104.18593267384804 275.7407775944068 -26.686074335140802 103.59049223640875 -141.930531258918 -271.1245167659093
31 185.75560784339905 5.4199891361450374e7 -1.0541847347128979 -21.784710915536024 -7.854144244619256 39.74380110582135 212.0200979716588 -23.46170119461931 59.864684772187616 -140.4022634844328 -282.66827177172604
32 189.85396075248718 5.442332644904728e7 -2.0394224733209185 -24.735505335844387 -5.046068401752137 41.110207635133506 214.40230126189186 -24.60837767783414 65.4574263400076 -141.22356439437306 -281.95674325371726
33 193.7742977142334 5.544037147928031e7 -8.750485994180004 -39.290377360721905 13.964162364657447 45.58777622267944 212.26019166740852 -20.306202534848637 66.1127432223825 -136.39175706002766 -264.27086869988375
34 197.84151673316956 5.388699756566365e7 -10.62215229686435 -37.27666060238526 -4.379105975979108 57.82577443732883 213.0975839657521 -22.85833209647194 56.76980683819738 -140.58069486392145 -289.8023588071833
35 201.91468286514282 5.287513324077988e7 -55.79993892132777 -56.54803285059424 8.987902943554452 81.79566604709089 218.30359831258912 -24.54458149611196 61.81473571843935 -142.1003103785253 -292.23271828683426
36 205.86476302146912 5.418092085055976e7 -11.970088767486065 -25.234527177582837 -4.48266082660443 40.79777454696472 214.45088446264953 -23.327991292206207 66.87899597801743 -140.45229212487016 -282.6951402671634
37 209.85261797904968 5.419613999542199e7 -22.258519470920753 -43.443424253234035 1.2969001403250857 60.50373187664418 243.89645208088328 -31.634875477615367 72.89592185449408 -146.65800380034142 -282.9972287530211
38 214.00501799583435 5.427222807481511e7 -12.83772537049979 -32.58863278119718 -1.459570909031818 42.619440546820414 216.22500184855733 -25.251043431140772 68.35887493258963 -141.79757277522708 -283.55549948839325
39 218.22935009002686 5.512304744467848e7 -22.23151482391915 -59.45076157014586 12.273620538385373 66.14944971286847 252.58913895724967 -34.44000702313696 90.36016565784166 -148.63605697046302 -281.93509179620287
40 222.1714949607849 6.557728543204785e7 -11.270227714015498 -69.26821611008505 135.94061052534008 63.740783446283444 212.63517176733754 1.2322879122822314 103.78561651390964 -106.7601150401378 -116.99867364533532
41 226.19698190689087 5.597240253214272e7 -16.612237213420798 -49.22615023307335 21.202194151314814 80.3166464725907 276.08615299546426 -20.30288528845989 103.51985387626553 -138.08734261027615 -282.67285553375905
42 230.37502765655518 5.599671686918801e7 -22.154996103310523 -57.70049602428604 24.23496315567482 79.55895915735739 274.8343036377187 -23.069172777832136 106.95854626295102 -140.1574129764985 -283.2732873812731
43 234.40910267829895 5.7169412172589466e7 -13.677427640934035 -44.26686089104695 35.63387433211807 82.62696512007197 279.91012899660666 -6.769137028225487 125.23334708586572 -127.84976165070123 -282.4870228769437
44 238.44317150115967 6.060075137092569e7 -80.11669573948458 -120.14767230337974 125.72175474874003 144.77176891378772 302.83694180511424 18.62872064092062 197.59048018275882 -107.84787324898645 -273.7111425633342
45 242.49893450737 5.382612143796274e7 -36.60908350444537 -46.84994620065218 6.0396215045272825 61.14822341187505 216.12090504831298 -24.098814312054515 66.6804726977075 -141.08469061451473 -282.70790372458026
48 282.3923306465149 5.412417204436622e7 -4.331057964443914 -34.598297930875866 -4.950385022242251 40.10167250409111 210.9507124731124 -22.762709381563866 58.00581595921142 -140.46464716402784 -288.4591876150532
49 286.50713658332825 7.02752603160323e7 -88.17069578784746 -135.08677715103417 237.77117549178394 157.7898710164626 302.1862789760828 40.104932129307485 236.34837399467824 -78.17245516846634 -124.54417593675157
50 290.4973232746124 5.401904815046474e7 -26.45876688160871 -39.25597329481242 4.946680006068519 60.70385644113787 214.0267655737354 -19.638743308583287 61.401131002512216 -137.49354994896453 -280.452296881247
52 298.822505235672 5.37963544459196e7 -14.534256261542652 -39.864794156124866 -3.624065441481669 58.23175786918611 214.04229738597957 -24.0328266051568 58.68450038615924 -141.67747851410462 -291.1224821219881
53 302.77778124809265 5.386561600830745e7 -8.126614597749864 -34.90355781743474 -5.4452656868517195 57.43175624071196 213.07249403811832 -22.43190576440952 56.519012716674865 -140.3735268798079 -290.761927418468
54 307.17836117744446 5.38028810292757e7 -28.564592908151106 -59.14978222358981 9.761904169881625 64.64256347087587 215.13364196981325 -24.71434020562998 61.06541987326921 -142.36905127177948 -293.735390142234
55 311.51508927345276 5.4054393971861705e7 -2.3125677963769036 -32.53655440206459 -6.551446711622376 39.398652939224675 209.8750608786372 -22.604775044722317 55.51620899858494 -140.32895866576058 -288.30827187093075
56 315.9666624069214 6.385270082210762e7 -42.26555010038693 -116.95385927872933 140.378654033928 127.81100656504714 303.70406463457493 23.854085914838038 213.53265811722656 -101.36250214705564 -244.14349482841365
57 320.09034419059753 5.7136491174488634e7 -7.509191511441642 -39.01881604520101 32.209244067597794 81.53314107925682 278.13986233652355 -5.995594474019754 120.43810357016548 -127.18577013053982 -281.70452572335466
60 332.2095799446106 5.408044333102221e7 -2.8190380088892937 -33.05387754770215 -6.26918715336965 39.521384899669 210.06302807757837 -22.687058817694037 56.08954140418575 -140.38876000232284 -288.12331886790605
61 336.2728867530823 5.40346150995194e7 -11.85265296240534 -34.58106996450789 -3.9470859075149605 40.12229627001378 211.79990853133413 -22.126837162641152 61.496206296168225 -140.0376938919523 -288.3745007478153
62 340.44859766960144 5.401931067310872e7 -7.24285410340255 -42.33537629932184 -1.78583938314884 59.49191090478921 212.53568446562826 -22.58031536985618 55.35792953049645 -140.5989002746153 -291.31400132401217
63 371.87841606140137 5.4194244591151625e7 -3.664963155606223 -65.5483816840534 0.8802774162705802 49.987477151361404 192.2612916351817 -34.459604709115695 54.05306526134689 -149.58318520850884 -291.4156151393644
64 375.87282037734985 5.4069747333193734e7 -8.73942400846844 -39.10112896155806 -3.7671876473061303 40.56626610424867 211.66516612018714 -25.020914270756464 59.68584831017074 -142.15286068503127 -288.5190641866055
65 379.98520135879517 5.540396201968174e7 -9.632605555760342 -50.20524108906724 15.829873027406478 45.499890045305975 210.62141388776766 -19.842249838428188 62.757117715366576 -136.476816360197 -268.7693817478248
66 384.124938249588 5.277837950671463e7 -81.46598181850061 -77.12047901592365 35.90303201457149 122.30149742511713 222.85595044922582 -22.742544996029437 61.74208945965222 -140.53136163117466 -289.449044103686
67 388.27910804748535 5.422602549524661e7 -14.680838505254584 -45.169859483275346 1.0975153428236553 42.96555152430595 215.33498408180938 -25.667820749594057 66.6265471498051 -142.62105000087405 -288.7256261115688
68 392.14812994003296 6.598300512598086e7 -5.221362312631612 -67.45001398713434 137.76618504683688 64.49128632764877 214.21891718981914 0.00740644262788237 107.26319707136668 -107.33713258754284 -113.12913322906786
69 396.28455209732056 5.4895611419403344e7 -16.87829398804633 -58.96440329784126 10.35291644673417 74.80527540831896 266.00166163790215 -27.98394943702334 80.73824036118924 -144.4224386339195 -288.6824288833807
70 400.7085790634155 5.569612132598038e7 -17.521075191645124 -59.917112230528076 21.110097691915513 79.61577195417874 273.3805229792158 -20.49779001496171 97.07578889133288 -138.8098820927907 -289.0537691439167
71 405.1010513305664 5.636486403603711e7 -10.06587271464705 -28.33777111053824 21.220003592713432 98.46894779643259 305.44792111056614 -26.902939895126508 109.25825866989521 -141.5177205047105 -265.61722644553674
72 409.0401394367218 5.6562650831351526e7 -14.444492988207635 -54.613984010629494 31.053487751899283 81.05785089319531 275.73820988395835 -9.64601786220868 111.62620077157214 -130.60074560995542 -288.723615821567
73 413.2774884700775 6.624641648937755e7 -39.24466119356213 -88.15797483998995 161.40582855100592 178.56405559042202 424.9729518561404 35.40126772115127 295.8394920829945 -92.82433757049029 -246.18550872750296
74 417.4073565006256 6.7003989964281715e7 -63.726185622540825 -129.74556653200824 181.29095232954467 204.13873151968346 463.9319338898942 21.830268837686504 324.6221652117342 -103.08152016094488 -245.7535422025266
75 421.54013562202454 5.410189777371909e7 -26.821963620103674 -47.23824973620561 8.696494755838948 80.0637197505533 216.20061338108948 -17.342604798415096 59.59357503225817 -136.01709833414805 -283.814352483697
77 429.841317653656 5.365348081617188e7 -5.492527959668429 -30.492940812785335 -7.946538513681126 38.83908878692834 182.5105459744181 -19.70573832017658 48.48745837891988 -138.2665701396292 -290.8006048612666
78 433.7354037761688 7.540913114432676e7 -98.9163189237555 -228.43970583096862 311.5496050573933 184.862203662822 366.12123777833216 37.219414558821995 348.9952436643939 -81.20716686829587 -135.14597836168434
79 437.85131573677063 5.427220070904829e7 -13.057119938157786 -35.01967882659884 3.111626902243266 42.22884287006528 184.63225690457256 -14.452147456961882 56.118388342507956 -133.7170144829082 -282.78227256206515
82 500.9151065349579 5.359054868767276e7 -4.96912825237753 -29.213149083442453 -9.088444063825598 38.4906369972327 182.51758920347842 -19.875001129144323 48.058260120188834 -138.46668275556868 -291.6615875155052
83 504.6448292732239 5.3611452261914074e7 -5.581941241824282 -29.83909377980593 -8.608511703898095 38.70197285226999 182.84094596829542 -19.79398283357824 49.04917213834119 -138.3825378592323 -291.8840971061302
84 508.7035975456238 5.195623806844615e7 -38.40735598108343 -69.79223627671747 5.041379849887754 53.68658512380628 156.57075654496492 -39.07894086094683 23.736750557316896 -150.80705466965014 -291.5702494797008
85 512.4504957199097 5.338744500066864e7 -29.124353692834504 -47.683456075219624 20.101966423200565 100.84569244742838 232.53728560176694 -12.854998279949086 46.27918729593978 -131.13098546311141 -292.1279126813728
86 516.4567787647247 5.675347964113265e7 -20.841244345569507 -54.1259469218114 38.73101718041076 82.63189122644289 252.25545773665766 -1.377333576530475 119.05508040044185 -124.53600513864023 -291.88116269011493
89 527.5938048362732 5.2125097322954856e7 -6.997099570827018 -13.646402943384143 -5.516216798983287 33.247665009377585 125.26468330857209 -8.676266265263962 8.434700191077411 -127.90409384637132 -291.96207722584404
90 531.4524598121643 5.162872132580806e7 -27.866863313885048 -59.02587590950769 -2.9681453262178508 50.14351870504625 151.14935923276042 -37.63509579429581 12.113325468213134 -149.83588221739114 -292.6011154727364
91 535.2740681171417 5.341141047364213e7 -73.2152258719451 -77.0701168120538 17.84658345188201 57.161835840394914 253.1739171710537 -38.09720265206283 94.3374069158233 -153.2701078714448 -302.3706449543499
92 539.1596028804779 5.2478797347218014e7 -19.130376475661237 -8.669951591889825 -0.49354469656912414 34.06510953385698 130.7267562396008 0.4348378905751815 24.670608637246914 -123.14630584153326 -291.76770356416796
94 596.1789755821228 5.170912768575046e7 -9.921761142352594 -16.633735834299568 -9.244885954341129 60.25148426928257 168.50814118079148 -13.979936964256126 1.851931910591361 -131.95468167092514 -292.07189893030824
95 622.8927099704742 5.164713872076536e7 -39.48435541082921 -46.829814265672084 2.6165625592058888 63.55121904280681 173.56086769670304 -26.264566881473 18.30283807846922 -141.17677345407492 -292.2853667337437
96 651.5046837329865 5.339152108774548e7 -15.187601878976366 -32.46993235514884 16.942760725975567 39.535750373492334 126.24559172214568 -6.31588250534179 15.735524617615283 -124.50945449741499 -273.36469978692145
97 679.7995862960815 5.220500093467012e7 -18.844438150838883 -25.74761306439626 0.19550966644238343 35.62241778703347 128.9042921092811 -12.761576529683907 16.66621023476182 -130.9508207693894 -291.55171782796435
98 708.706796169281 5.274541850845181e7 -40.59657157912403 -22.226268116931415 10.962629906845976 38.62618256326209 138.68901282233332 -0.46850083756697813 43.63394565729823 -124.02384812958474 -291.9541758674995
99 737.682852268219 5.289734832599854e7 -14.766206470368687 -27.53368152631486 23.833016726761734 71.9154497182121 131.3907919834445 -7.530331387010506 12.5870268895261 -126.12772082190327 -282.40110175446114
100 764.222585439682 5.246490298888859e7 -34.63403638540596 -27.252240861416137 41.38430589605987 104.72953851402085 131.7396058130836 -4.877157786621524 4.7026018630030535 -123.41760204334315 -274.06555359200206
101 796.0745687484741 5.256390769981209e7 -48.87744145116888 -88.5075140544953 17.35682488181481 59.65546504581704 165.68655828514244 -42.423708987615896 42.60080082316085 -153.4213530937895 -292.36389494501356
102 825.1842668056488 5.2449046696402915e7 -103.6058083166413 -102.63199077870448 56.534158751954244 187.5722140285688 272.06074167022666 -34.048544173521464 58.80920730816217 -146.36600688499146 -284.9451119119658
103 856.1480112075806 5.334706850100064e7 -24.734656131912985 -45.35228529632532 17.599192151355673 89.92682886109003 213.99315320168594 -13.091617076340299 42.68100371906837 -131.24681001730937 -291.7819692181518
104 887.8137567043304 5.5165859914711416e7 -18.354480419733292 -33.947721210804104 38.43975249214355 75.72117683464435 192.45097115332595 10.28126377640524 74.03685288855831 -113.63163614993005 -291.8441760839805
105 923.4355826377869 5.532730582735816e7 -21.12702250318027 -89.0933113326418 25.134120698926722 89.58971305449921 299.15930720378435 -40.84640723616138 96.82635010575075 -153.10933228776315 -301.76846085565745
106 952.1006808280945 6.386964081109635e7 -84.88198983343237 -116.27497253748626 168.22371802438113 97.22897776217766 193.88637267711894 0.9818579796659606 107.43352148344218 -108.05566796100356 -129.7155119471995
108 959.7312579154968 5.1873486790449545e7 -8.303945483640504 -14.981252697186473 -7.814015509663221 32.079351368273436 123.48289479707658 -11.432148763183477 4.6654683816762486 -130.03657608580363 -292.20888212827856
109 963.6025807857513 5.6094243049277306e7 -17.155436377067087 -75.223852436101 31.40023335017031 72.29800853918064 222.58864069350943 -19.013841347804203 80.55266059323765 -136.35167364091024 -274.4499727805588
110 967.4437437057495 6.3649763555180736e7 -74.34149716623398 -105.50861217027646 160.2141928482755 93.68591134341763 188.4649753649144 2.729456910925819 96.21241184259384 -106.65372437821645 -129.13624789488557
112 975.0658588409424 5.239700676603707e7 -14.068344643943952 -3.499447649492881 -3.2283056881336094 15.065298251725082 101.53488498468126 1.782322058934085 20.26518023284268 -122.12959353478715 -292.01706919926687
113 978.7957239151001 5.3222053439423636e7 -16.494447791789852 -33.80478210895117 14.644962015295661 38.367436732388185 124.46380321065017 -8.967954870012306 12.233317050856499 -126.36875087390513 -272.35317210809734
114 982.5746438503265 5.265319575859516e7 -16.073052383182173 -28.868531280117192 21.535218016081828 70.7471360771079 129.609003471949 -10.173502088736825 9.044412662872048 -128.22885068888053 -282.7322684510543
115 986.2870659828186 5.3039092067584805e7 -52.24577412572127 -27.871645934734666 51.68174218301518 90.09023817512832 113.43120480139733 4.202680570884411 28.512372582384728 -118.67161395910273 -273.81318644071985
116 990.1787569522858 5.2282886384838395e7 -21.901459081154016 -28.87014158607533 2.613650296915168 64.75178176938552 175.40844263119754 -13.167738216583132 20.065189378497053 -131.3228963722043 -291.6274017964071
117 994.0006070137024 5.226855756700552e7 -50.18428736398235 -89.84236380829763 15.059026171134931 58.48715140471289 163.90476977364688 -45.32063272424489 38.56647899575364 -155.67744829193776 -293.240283039523
118 997.8188450336456 5.3756885624196626e7 -42.94352702148505 -42.1600506017908 26.173215242824448 72.55735691252927 191.66603275879575 -2.649129498665502 63.966175915466465 -125.55036581462628 -292.0342147175435
119 1001.6385970115662 5.169956587224212e7 -72.40650958620456 -80.45744317337697 17.08265591985746 86.35024275488267 208.56199488936247 -38.77944151124831 38.92691969319583 -150.6486132709648 -292.12594890210676
120 1005.374746799469 5.403317587778451e7 -22.296449499346366 -39.99285362526072 25.150573729723476 73.19017089805295 188.4378530600441 -3.714911338312106 54.162454491553035 -124.17031687246362 -291.66228327796455
121 1009.0977585315704 5.488201679670357e7 -61.03679994440752 -51.47436984925211 48.59110340475064 80.43723392841308 203.82419351657583 7.118574108011103 96.33279719934262 -118.10578867421418 -291.92144617260146
122 1012.8321824073792 5.414499931341469e7 -64.35925747397174 -45.627586809044864 54.11156827323178 171.18902897255117 253.49188105247134 9.695929288209015 74.42159511590319 -115.80097718347429 -287.3337506523958
123 1016.6605854034424 6.2685142941542886e7 -64.53255724342246 -167.87742991343822 135.89203592336676 223.74154394943827 488.39959854701954 -15.780294339025318 237.6764534321876 -131.00304960858222 -267.32945395086654
124 1020.4435753822327 6.401012656254631e7 -79.81940311937075 -111.36471353232254 167.2042006575689 112.67595489559115 216.87555410144637 1.4936083682976005 100.87677580440914 -107.12857802228086 -123.78194355786871
127 1080.8019478321075 5.149629376141453e7 -2.1966682043053396 -1.7518442665919274 -17.906562909225016 28.640124091500624 122.85275554759608 -11.910349700522715 1.1366241229147818 -130.90400679690197 -297.56185784335804
128 1109.3813638687134 5.6487375212022655e7 -126.62217160316581 -116.00690375850101 111.48487585990398 207.87788259678035 306.4647986856413 3.9210508938060116 148.26550825620984 -119.60915657982162 -279.93751982151207
129 1138.0225183963776 5.573069282195957e7 -124.43295600512518 -163.57287191828706 105.56362580294575 222.93828515732457 324.34654240827297 -34.541339564148075 128.79923156693508 -146.30043780169666 -279.41771273488973
130 1166.276638507843 6.708503575832335e7 -77.06311448014765 -110.28651111921893 201.37981996936037 98.17269879145879 189.07125293859715 9.548334361634772 109.76376596719581 -96.80326378739477 -77.59160674498679
132 1222.486123085022 5.244872704778838e7 -12.143303364835944 -24.61134328731144 2.6714666607080915 35.22204986989861 123.87950152823949 -10.124034695690227 7.824585993004007 -128.3163580680511 -283.72498515945665
133 1250.8812365531921 5.162758623010315e7 -10.121046989611202 -9.846031168725784 -12.596371915493648 30.742783000726646 126.07407393967446 -13.625843697442974 8.727785118725535 -132.14996759213017 -297.8559278326339
134 1280.5378470420837 5.179254575149985e7 -7.052360016518875 -10.431393380923662 -3.962807716013657 62.69476623950548 128.2592381218503 -11.564365153078711 3.0763398867059664 -130.35260644768965 -294.59217076841253
135 1310.1321439743042 5.127300341712697e7 -33.60692461456175 -57.897677599925274 -7.348966260353961 49.07904420592932 154.15882878398898 -42.34185021772555 16.511139557364345 -153.90183144896525 -298.2942694792554
136 1340.166666984558 5.154081087567836e7 -18.57694981352175 -18.483131910291558 -9.786796738205084 49.839560931074004 155.41405945562056 -17.549811044678393 12.602884605349914 -135.15614114031536 -298.2850523209786
137 1370.316472530365 5.1602643623741575e7 -27.50320533636294 -17.907356810717925 10.960992364893826 96.65107048065272 133.65492907460663 -10.93716831642746 5.343558628623839 -129.47008693095682 -290.6957650511607
138 1400.8671035766602 5.131025257169253e7 -45.22441671150591 -45.70161595608967 -1.7642583749302219 62.48674454368988 176.5703372479316 -30.925581636614822 22.82004598574565 -145.17785592982926 -297.6749229781434
139 1433.1780416965485 5.208875867285667e7 -24.870437776337937 -7.541753282307395 -4.874365630705249 33.00063503474006 133.7362257908293 -4.4551759845404035 28.713334883332323 -127.42972828693263 -297.7010090932907
140 1461.4190237522125 5.216281029548198e7 -19.936768382696286 -19.872089448805557 -1.6108888858213675 64.2259017536905 179.18893760215892 -12.29353204177113 25.07437346492793 -131.19758195885476 -298.0408610746964
141 1465.3142137527466 5.265868404712485e7 -20.09212586237429 -33.73997483039015 4.936596774634069 85.19618531668426 211.38622456989816 -16.68179529169464 35.07376564100912 -134.49031501605504 -298.1971121161339
142 1469.0864996910095 5.490157384534042e7 -44.34314903509852 -64.54021301886006 43.628444127397415 127.0090927562964 277.5704382966746 -8.780445931705742 92.85660879756347 -128.55372143233092 -298.0970775798377
143 1472.9916768074036 6.030560853933313e7 -32.129240219744744 -77.31459258444885 107.0485052591998 74.18789326945961 159.21227189457824 -1.1465759488722256 53.48929551441995 -111.64698378875715 -174.93551696830417
144 1476.859692811966 6.356272255622869e7 -58.08755620126257 -123.71508240141193 160.96812797255433 151.41620740025553 281.4668978760317 7.103696218707682 133.16624204059076 -105.47845848261926 -176.0256838321638
145 1480.763653755188 6.705556044749814e7 -10.830736555084755 -68.98166590305195 166.18931317426848 149.10036613490368 365.6946553706793 45.038919594776075 265.5186104067993 -81.15476542318083 -223.4699712517413
146 1484.6694750785828 5.246339972191358e7 -39.977231748206094 -36.82570873040187 17.207864371748855 98.50789181142642 182.38640604476643 -9.193235647559902 26.537810374014953 -129.08199779770132 -286.1468526544835
149 1496.3205716609955 5.1521061283132754e7 -7.047414423562131 -5.154123238049845 -13.491682955179812 30.497999740372805 124.1841205288155 -11.962295321848217 3.78862634218774 -130.95288003831143 -297.4577200952588
150 1500.3162064552307 5.127882766147524e7 -32.9660575847975 -57.88679327554037 -8.12479890106971 48.75235830702876 154.54731306569968 -42.54137856252436 17.194027409072305 -154.08190475384225 -298.76977066833444
151 1504.2576143741608 5.146358294394418e7 -2.3936846883121774 -1.0953459764015285 -17.020394857344712 29.05270726632979 122.62231647393367 -11.253522514677627 0.42934917490947555 -130.41914455731262 -297.85727127878255
152 1508.0602054595947 8.527080579148118e7 -153.8765910483777 -216.34793673796344 581.4325826635555 317.6220354411926 409.27518489327633 155.38127464200466 515.873910071291 14.096848666597907 -90.80971010985928
153 1511.8897244930267 5.243927441457203e7 -12.381047616851546 -24.048446135383994 3.520631650411076 35.64105180884009 123.65006374819157 -9.408330663713912 7.249215650488736 -127.74545082743242 -283.68091716007086
156 1548.857759475708 5.140141466592505e7 -9.291624739715289 -0.8769480855099623 -21.649883363048758 44.14660189687456 154.25116884966056 -16.55710201738708 10.319159377064068 -134.2627423011662 -296.66098189125466
157 1580.9713809490204 5.1227200269650936e7 -41.032515427974346 -57.613790190773145 -11.231566121743526 64.47743927234393 185.3912908868968 -47.37361774581575 25.666360790545355 -157.4748631088047 -296.3129558046593
158 1609.1896436214447 5.160874870492947e7 -10.376066431464764 -9.248778756907438 -11.70518108311623 31.15943638672134 125.8498790841154 -12.985018999225531 8.142170278999401 -131.73872136112277 -297.8064332144673
159 1613.0764577388763 5.175642278179174e7 -12.934177355510556 -11.861706343611313 -9.010869681239107 32.595773685089824 128.0437137861382 -12.652516654774274 12.282175900241555 -131.42670040165387 -297.58913965029586
160 1617.1277027130127 5.181206867342365e7 -7.134855467218799 -9.570188743697155 -2.6089371881592456 63.16453044630161 128.0390739245951 -10.697525660976964 2.745487737706185 -129.62945707376383 -294.24301624709517
161 1620.9252395629883 5.207419689752145e7 -25.067454260344775 -6.885254992116996 -3.988197578824945 33.41321820956922 133.5057867171669 -3.593380291359665 28.46825407921085 -126.7777659736501 -298.0322417784274
162 1624.7024405002594 6.000105823887162e7 -6.494156713312449 -43.10962440577431 86.54113998523661 47.26603368389034 125.48348119572626 4.927731686519451 38.625213378852095 -106.91326243819867 -173.89155305178883
163 1628.4443385601044 5.155182885512605e7 -26.707380990397425 -16.617036026393475 11.512408273266942 96.7685836103692 133.38073725106088 -10.459602517613575 4.211442782559459 -129.1801558987396 -291.05863120525106
164 1632.28697681427 5.1281573656478755e7 -46.17422356866956 -45.81403926133798 -0.6371670670525589 63.00834892347616 176.50535555951805 -30.56353819875858 22.54467881192602 -144.94878822567165 -297.8243988556898
165 1636.0182588100433 5.270137562972269e7 -14.407169211756852 -22.56944956205889 3.8621440664952615 65.16024778128359 179.9052257776337 -10.304148069367386 31.660384561217256 -129.67573446167256 -297.8311690261445
166 1639.7059507369995 5.2701577834722094e7 -20.289142346381126 -33.083476540199754 5.822764826514373 85.60876849151346 211.15578549623572 -15.838295664163866 34.76652029026695 -133.7959819751136 -297.4732564859687
167 1643.4441606998444 5.3603017252329744e7 -16.38618870401804 -26.10694690447578 15.944194382041985 70.16352679610931 187.57727473690122 -3.5419902098786906 49.94598269182438 -124.53085974817583 -297.587555434811
168 1647.3242905139923 5.196019396194317e7 -12.138492440551794 -14.540726911427052 -5.862352857793624 32.83224146150923 125.84247299653501 -9.424464545486046 9.977613442762106 -129.10488572659705 -292.96832419212643
170 1654.8342986106873 5.150351914018295e7 -2.3526585092909187 -0.896850666396201 -17.197730170380396 28.96942721908637 122.5898524228794 -11.19104412575291 0.7473875615697239 -130.32457866216004 -297.15101507322447
171 1658.6929836273193 5.157595462171975e7 -7.434733802881297 -6.7210587201675125 -13.786847972351588 30.38995563967419 124.84092162405494 -12.347837836132214 5.5715703696123455 -131.25102158811546 -297.5242170561605
172 1662.6234714984894 5.1230866776962906e7 -33.764626543293275 -57.10803581874217 -7.091517575301594 49.12132858883397 153.1948226106101 -42.26220010751405 14.890691622827148 -153.78842575193357 -297.8224158273814
173 1666.4833245277405 5.153999210455476e7 -2.860075041082567 -2.0483715563302525 -16.609784940673656 29.252398891100178 123.0981584931416 -11.159437321217524 1.640295339895772 -130.2661911936005 -297.10544633548125
174 1670.3502295017242 5.188483236612863e7 -8.20355111816248 -11.016619254606056 -1.874300642290585 63.51494109132424 128.56967229005545 -10.69179476018769 4.030264569881638 -129.6367082067527 -293.43567220640136
175 1699.195207118988 5.156682883280595e7 -19.412856960924984 -13.330503146106697 0.28591833382914444 93.31989050796011 133.75560467459906 -10.83372889973407 4.762475991300562 -129.76671914567362 -293.70543882472487
176 1728.0425741672516 5.158370507547416e7 -3.734499161545628 -3.3118290067371454 -15.74715503484856 29.63714256862817 123.84029705207082 -10.98695113533671 3.0076188007856786 -130.22919882443358 -296.98463533450416
177 1756.663810968399 5.1793271301632926e7 -6.725104788806711 -8.091889415763765 -12.471919213840849 31.01025745577354 126.33628759323634 -10.470926551453033 8.240442401756184 -129.9776269323271 -296.1737648523068
178 1785.2814812660217 5.182239635733629e7 -4.653177128115232 -11.151611429249218 -7.950811557101083 49.49648767882001 147.62528018327072 -9.927523752426453 -0.9365001660989378 -128.56489715225223 -291.0776782497296
179 1818.1269488334656 6.0183150953821935e7 -15.984586860669097 -60.12213203498328 99.99225224000438 53.48409533902034 126.45275359376353 4.990504545888314 41.00542669058632 -106.9916097553729 -174.95222592638595
180 1848.4061214923859 5.2626810166963056e7 -12.653807937103096 -19.90711451483009 2.6148867089302925 64.54342239470643 178.6533235652381 -10.163788730973124 29.432358876213584 -129.54540794679622 -298.151251271956
181 1852.2108743190765 5.264293111205563e7 -11.348086022001937 -20.44517253252647 3.2771168466713263 26.85159401188163 130.72598719964702 -11.92111153220145 29.783662212632407 -130.7006507315038 -299.02577516207754
182 1856.0273082256317 6.860043678703697e7 -9.079217571427918 -114.5299235914281 180.22777458039806 136.48899028548948 306.56215353583815 4.33639900636831 234.84919788155048 -106.43802290570653 -167.05876600673815
183 1859.7918875217438 5.169545263525382e7 -6.360499838731037 -5.079284743109216 -12.397419887604052 30.442608675596404 124.12573774408028 -8.814158822614047 5.382662951150337 -128.8676542995454 -296.14097283650824
186 1871.5075645446777 5.155563587305865e7 -1.4623902850719475 -0.5802909482595346 -17.457961163985964 28.947661443724535 123.49854711511084 -10.749227265538252 2.283941351159285 -130.0717526647736 -297.90598633468835
187 1875.3029103279114 5.124495784437546e7 -33.80869949577546 -57.63703816890407 -6.90293110112092 49.26066509234202 153.76397783253626 -42.161138222879174 15.551003669472948 -153.74333496866768 -298.204434442584
188 1879.0855090618134 5.14609383625039e7 -2.7152008122989884 -1.2873357514591497 -16.720603763864688 29.174781555074972 122.62056236520394 -11.232880969715211 0.60864957456198 -130.40051747860724 -297.88849461271
189 1882.907184123993 5.1419483440743804e7 -3.9183979844499817 -2.247290717426523 -15.990497344137474 29.43532656791531 122.64416924818867 -11.566845860407113 0.562598487864534 -130.64216282241586 -298.1269542368152
190 1886.7417438030243 5.141193950767514e7 -8.251624722050025 -6.038483861846764 -13.34086869371447 30.381778076522217 122.73480619554498 -12.791362529510081 1.395432181999297 -131.44458428113023 -297.2621058439088
191 1890.5926268100739 5.159712858148881e7 -4.735549099142062 -6.477452220576776 -13.206294648206892 30.42348337007219 122.8361503733524 -10.950936044648756 1.8237164298954553 -130.045124551971 -296.0276168864773
192 1894.399142742157 5.1528506662639685e7 -7.913033429901432 -3.9624321921290075 -10.857904404250839 60.3678998862267 127.6854957640947 -10.179565253027988 1.4581926495386028 -129.43150582305782 -295.9088265012996
193 1898.3562157154083 5.1857913173412845e7 -7.3033429257001075 -9.588818670039984 -2.2948764688951826 63.260575702677926 127.98264305536472 -10.579472232169167 2.826962685459762 -129.47371628743394 -293.4901355366926
194 1902.1590435504913 5.1486882885328494e7 -5.204316036953813 -4.242934699405243 -16.03582771461535 46.889875225685586 150.41530020008486 -12.606447327395415 2.604937056946028 -131.39575268599566 -297.6723469258841
195 1906.1438233852386 6.0163179325033545e7 -13.618109098913251 -58.06746429426141 98.00598523687421 52.90658789556687 126.2781807725462 5.46754685066054 40.21526289268354 -106.65803153904125 -175.66233159465867
196 1910.0547833442688 5.258262877162652e7 -15.448337443649223 -23.613823123161367 3.5174288676742904 65.12146127919021 178.81792582757188 -11.736687960601671 28.69510441707348 -130.66623010115006 -297.0604658856663
197 1939.0998804569244 5.2668162427796416e7 -18.75120689831816 -31.970466956420513 4.690397587899916 85.17559711771449 211.06350030624455 -15.823318518602775 34.14925567211401 -133.83440864966968 -298.09797237125883
198 1966.9344112873077 6.728501935042006e7 -183.3502505872412 -232.4551076045732 318.96719860887583 276.2159480482642 382.37280211750345 30.186357436052504 332.4623000344885 -94.98594761057979 -226.52955322076616
199 1995.821398973465 5.138659750929535e7 -2.9563443644400422 -1.5153593414556354 -16.569020067506905 29.13250255970913 121.937667439797 -11.797958872308584 -0.871798613443616 -130.72777154814594 -298.0223723288878
200 2026.5975606441498 5.139120401819405e7 -3.1727665365618236 -1.591894770712436 -16.431523399089386 29.119931623450107 121.5671790201341 -11.784755182737683 -1.1264585848985007 -130.69144912655457 -297.69048681011304
201 2055.156238794327 5.132759861119994e7 -3.3927873157867907 -1.4250842172114133 -16.090893446097297 46.76465636487307 147.65765197570747 -12.157810302622238 -2.744728351391302 -130.83757699808444 -297.71373614469974
202 2084.1808385849 7.190855984994686e7 -17.33062912288871 -133.3216568001419 229.23184346485402 118.46138206920608 265.7718106219248 38.9819029489106 229.17595972668073 -79.37743954857018 -130.8083360537462
203 2112.7645983695984 5.1380098413166605e7 -1.988487330940501 -1.291908980351721 -16.614276227816156 29.031397242380272 121.13905553510611 -11.514835494967542 -2.3491516862342223 -130.4652696771364 -297.49489018169027
204 2141.4241840839386 5.137658887250607e7 -1.567157731550651 -1.0335386191644709 -16.595381872086563 28.925629564468025 120.43611137380981 -11.375835676101246 -3.4449192834529754 -130.25041530366747 -297.0165487665239
205 2171.301900625229 5.1403655157205135e7 -0.9417246270813848 -0.5237302294087236 -16.887443718029886 28.869718550510058 120.53467800134962 -11.031192319678894 -3.0878357853456464 -130.0526834957671 -297.0175825651347
208 2260.231885433197 5.138931121288289e7 -1.7596851352979286 -5.647274317254663 -15.716189608829495 18.358726855606932 73.82680408139535 -13.563081190424384 -4.436971116954112 -131.48481530883993 -296.18620944680197
209 2290.4510362148285 5.1048092438513175e7 -24.31888625549732 -49.22386031378976 -11.0733433980703 18.88639100872805 75.4153648155747 -40.90918920937452 4.460012159254688 -152.26554383638637 -297.73488083762913
210 2294.7718212604523 7.654195243168104e7 -31.29441214382144 -74.61905872338826 290.6416757679715 135.85330465790656 412.78564044408785 163.52963770026815 523.8685723833503 -0.8744584993289095 -298.3902456911331
211 2299.1652290821075 7.65211474599506e7 -31.448632044876724 -74.97348910313508 290.8131119279009 135.92687893619308 412.796895070854 163.36979857508402 523.591701194199 -1.0102730741866708 -298.36568799713564
212 2332.6910331249237 5.306967960450291e7 -10.241891828901643 -20.593559230320974 7.126981258175469 67.66036017390832 183.3452016533 -6.237879899030361 36.26364367979761 -126.71543948561856 -297.9730439909059
215 2399.4763820171356 5.139851333988e7 -1.6434181364398057 -5.3800678395218355 -15.907418433825853 18.29030621653274 73.8161308197197 -13.571627137950998 -4.494452601348712 -131.4571179585716 -295.92527923500074
216 2403.394745826721 5.140542917172614e7 -1.6475902651076524 -5.959150510636299 -15.65375799133443 18.361364580102162 73.8276540215067 -13.551741832165703 -4.35460141311961 -131.41054533089374 -296.0220969106414
217 2407.352390527725 5.1371646845109165e7 -2.5361778595528506 -5.432340000693607 -15.796292536882447 18.368869322792847 73.94663562047268 -13.885712417649017 -4.283095717408514 -131.7076723017642 -296.29421984813627
218 2411.1301045417786 5.147586304517099e7 -13.681346140706637 -14.892425133515303 -10.054816619828834 20.71503216321396 77.83978821359337 -16.71700327225534 4.883503509741729 -133.98986348086004 -296.51719535493396
219 2414.995923280716 5.146126842073238e7 -17.690541538972212 -19.89127629351791 -7.796500376746096 22.165350319039675 79.86930272293003 -18.313210139437388 7.652660982285909 -135.17762719346655 -297.1543211517637
220 2418.790619134903 5.1603554410339475e7 -12.617328140427588 -16.737581101065693 -7.714301323008037 21.921347087902674 79.27831838051902 -15.429660676022365 6.858142342649501 -132.92399283603504 -296.8013908284138
221 2422.6384201049805 5.183677939713622e7 -4.118801531413737 -13.654496749249567 -1.2759432202572043 52.355761043278704 78.86472032413084 -11.881782745551789 -2.6767788330378153 -129.74864949772092 -291.6973662710067
222 2426.38631606102 5.175755020358996e7 -44.866734026499415 -82.19145607252867 6.323300024723835 44.374133826482165 113.65177618450775 -49.14046782932968 28.743211890993052 -158.28240303071584 -296.24911486706344
223 2430.2528400421143 5.2558918173173904e7 -14.465775730345314 -28.418530607892386 4.524458402323489 54.416707233156586 130.9221157648945 -13.781292030412033 25.771609432707578 -131.63206518056245 -296.1486049197092
224 2434.016181945801 6.093678355556726e7 -14.032429145835323 -62.606983425810846 109.75559612341806 43.15763134705068 77.57612424216418 4.550826748212501 38.78303701757363 -105.55373835759946 -161.06712456864182
225 2437.863208770752 5.2898530734331384e7 -17.165784910437026 -34.22923273707526 10.194832935991911 58.2278388503521 136.76793614504004 -13.500391875970934 34.17258057084882 -131.43491650008002 -296.2981803871704
226 2441.9335749149323 5.352002494357968e7 -14.586227576328795 -30.78615665321938 16.561094834062175 59.323684515541984 138.35719127083414 -5.992694503316102 43.5185347862614 -125.6894736503059 -295.2745065057931
227 2445.9392528533936 5.164805962112006e7 -9.180154100110379 -7.778621478731189 -11.249693984425285 48.78178852096672 151.20671731426597 -10.806098816386907 5.196665855970423 -130.0934298192883 -295.7177038065778
228 2449.8282527923584 5.185130107478008e7 -5.556071603715324 -25.05891323140528 -6.268123243641281 22.614113178279194 76.49966467134067 -18.86848553468593 2.4278811401446205 -134.31130335717978 -293.4537175924079
229 2453.816478729248 5.124987455415387e7 -1.0359531221492233 -3.974497033968685 -17.47341888452872 17.731219556329577 73.11214766036764 -14.788827148463554 -6.303954434602076 -132.39209480162674 -297.3437489270715
230 2483.33873462677 5.11631557704882e7 -1.8018555779652132 -3.2742430565019482 -17.964382912260177 -11.139242294050849 68.52145170236322 -15.630506857400974 -6.654368161341097 -133.03522222787007 -298.1624083319178
231 2520.030220270157 5.1010598517449185e7 -3.4551315352059504 -0.21787582795136373 -19.362572726280064 16.940184175784864 73.02558010976153 -17.811429957514633 -7.267013683470964 -134.65801689491155 -299.01669053191074
232 2549.202385187149 5.6862212234431215e7 -143.933517331656 -145.85713208767308 122.01774154086354 209.0436230960052 311.94906470205865 -8.336353858516816 174.54552997100654 -129.51064280400004 -286.80473751797666
233 2553.001034259796 5.1172075799131036e7 -0.8292270075095729 -2.776477596582339 -18.239797877439166 17.46115555916948 72.75095426331278 -15.546581628083914 -7.640745364197073 -132.8989011487182 -297.78337112069664
236 2564.8539385795593 5.116363867984925e7 -2.1348114458681238 -3.7387630551002964 -18.051006717811887 -11.184538672199086 68.63013136898739 -15.921237710748983 -6.369702315777545 -133.24309732220433 -298.19119748248454
237 2568.822732448578 5.1138419683014326e7 -47.57032435482378 -68.53788420323474 2.8737259131589354 82.40785714156851 160.41601423645642 -46.63350824936555 19.229654386711445 -156.81855104108928 -297.42615517527463
238 2572.680372238159 5.1245371963740125e7 -1.1856977721133006 -0.45302806618170877 -17.120909525871355 -10.744043877731631 68.63653856766481 -13.506466936880145 -6.403651102831418 -131.47418120144818 -297.43178893745574
239 2576.6393871307373 5.132261988242816e7 -10.499839980948238 -12.158612839548798 -12.585889670340478 -8.982913146754573 71.82513270431612 -17.767040497643336 1.1306377160025818 -134.61053177907127 -297.59053789213937
240 2580.4276571273804 5.115014331062356e7 -2.0232583674700635 -4.710126354767841 -18.50750673259386 17.310198418573496 72.96846791652608 -16.80082965752098 -6.763092163265583 -133.82206802267007 -298.0723228132106
241 2584.383223295212 5.159903490369155e7 -7.311164887025598 -13.635989251797177 -6.330144879568138 21.848355730208453 74.00229745666192 -12.021786704024123 -2.904679904707166 -130.02115924981206 -292.573564769427
242 2588.3504683971405 5.140798926377498e7 -12.673719411269516 -15.87831808084788 -10.639108672206461 20.810893246643037 78.41075360879718 -18.56068865553823 4.76484951134529 -135.18432959203716 -298.09059867448013
243 2592.1939582824707 5.1499632715572014e7 -6.819233884864474 -15.511835915137922 -4.862688290023357 50.9646882458447 78.20285278495643 -17.975662091953325 -4.532132966431789 -134.30484416601274 -294.1598236161019
244 2596.0246431827545 5.123182816461952e7 -7.925235648512256 -28.418398871097647 -19.801438173317766 44.91946879980303 121.74847348621661 -31.224664685822347 1.459949145476628 -144.11110175040744 -299.0169289556794
245 2599.94531416893 5.2290014738425516e7 -14.67872961096289 -28.33300753397808 1.1702903604323183 53.10929246997672 130.0276808322784 -17.82409014028974 23.225318715462777 -134.57574171017853 -298.3834895332144
246 2603.7631289958954 5.26786391123254e7 -17.67082022466134 -31.779293398686708 8.20307822719802 28.859014495915 131.4856514393421 -15.583825563572418 32.00799210948469 -132.97129779079012 -298.01043524835586
247 2607.960613012314 5.325087371131564e7 -15.694217801746177 -27.17591461541051 14.791560256851135 30.10549141737311 133.41512714957364 -7.583577578888821 41.768250800892815 -127.00101199909085 -297.8909420528022
248 2611.8384561538696 5.8436542233298205e7 -20.563625564823056 -85.69324603731721 88.88726874614228 110.69602119291753 130.71874723053247 -15.940161460549461 27.252404204535537 -124.68257295574182 -193.70340527873265
249 2615.7025051116943 5.113484754346802e7 -1.6997224024535598 -3.6276599600855093 -18.28097510290734 -11.279926820654882 68.39704523931509 -16.077511415990557 -6.891809391193021 -133.38598843112828 -298.4620403230286
250 2619.616840362549 6.693881683735725e7 -18.4867382274484 -146.20199459216857 167.38705523982614 182.70610027438215 348.9656443124667 -15.707511270246357 196.61486751863401 -121.46472213419491 -169.97770936432454
251 2648.743236541748 5.943235144967324e7 -15.563559714566722 -63.81156800606246 93.36230236437677 41.48287447898629 76.73023838758056 -0.7192789842173397 32.07835810395329 -111.15717532697602 -181.9877561953208
253 2710.1406354904175 5.1300494836682454e7 -10.397706805436584 -12.512029743132416 -12.902481860987699 -9.12359767335855 71.70072624126797 -18.184041335358188 0.950828265452003 -134.91333272828416 -297.86830180154027
254 2714.2985854148865 5.1306382822406895e7 -15.438489558388582 -17.66082926936197 -10.43560609804873 -7.573960506930778 74.07105002044872 -19.926037708076194 4.529300194946757 -136.28760297002725 -298.2278068752017
255 2745.568016052246 5.142713935001105e7 -12.55736540758322 -14.71796674389654 -10.279086817085883 -7.71730658835914 73.84855953843875 -17.755674395885762 4.872983822159938 -134.60182529536456 -297.94492301319906
256 2776.341237783432 5.154877875546753e7 -6.227326930058084 -11.720753053178555 -2.9184600627132156 22.93533420905511 73.83262609612746 -15.43326694532334 -4.469758851919778 -132.45840229919105 -293.6669226216394
257 2780.26056599617 5.210078212826182e7 -12.065208243285767 -27.449767597855384 1.9285641825845303 24.078261739553295 74.01520987213938 -14.213412385319714 0.05374921111939557 -130.66400341848527 -284.5959667016971
258 2784.283935070038 5.134669973522842e7 -24.197136204215198 -17.989848235317254 9.645262594440005 55.87959396377853 79.0730508799824 -15.047582569867757 -2.831601729656086 -131.87101365472654 -290.1874173949441
259 2788.403314113617 5.164814400401916e7 -43.58006428279542 -78.48877107119662 4.592066577890797 15.127873215784586 108.81892021588541 -49.68485011948002 27.434947918898615 -158.6641722441629 -297.6754517492416
260 2792.5037620067596 5.097591598897377e7 -44.727470909654144 -47.57743164958325 -2.1386705686125467 22.56669363153436 122.11462693965055 -35.087401975336604 14.75945729460284 -147.6873551057002 -298.0770144689592
261 2796.6809208393097 5.1916065166010514e7 -29.015463098029393 -10.602929459134335 -2.297483795869468 23.098852536203793 155.78054684724265 -6.589927280199504 27.283277320989782 -128.84542082424218 -298.40176661346163
262 2800.8921089172363 5.216695664419609e7 -57.31780333297196 -70.08265085626383 17.910392051386005 58.55632763939306 179.1992769471093 -35.297606911232606 44.97171225297291 -147.80919725767654 -297.73058255757917
263 2804.733212709427 5.318689114700083e7 -15.923234739173438 -29.052188261972297 13.954779375261275 29.72117540181257 133.17324274818577 -9.371414373459118 41.13640703700469 -128.35805132016515 -298.17125594017875
264 2808.8213489055634 6.485918783488279e7 -126.52110174277708 -214.20483818922162 210.2798673491586 188.8119301260479 308.2845641043181 -17.148111226777644 203.75974876455007 -123.67498613200075 -182.61322828505536
265 2812.9232800006866 5.1123735876464516e7 -1.3030113557217646 -4.627020057890665 -19.248594560205063 -11.713953481530503 68.00806122568513 -17.349388022984215 -7.538753538207402 -134.2069383808323 -298.2952284143024
266 2817.181957960129 6.73856178179546e7 -67.28434739793133 -150.00773819947304 195.19065133011236 147.82181394947864 278.2314762708076 -9.840264272978914 139.18776763134622 -112.94854268381238 -103.384720030817
267 2821.550696849823 5.125076334212778e7 -6.108775960212768 -6.979954613213117 -15.930979831734675 -10.247236949797575 70.33964571035303 -16.454693429561416 -2.5190001103182453 -133.71666190369876 -297.8394488737489
269 2829.854785680771 5.111845414143962e7 -3.4852636920586235 -5.944364994228632 -18.67405553366065 -11.541531321938287 68.30836654444373 -18.302997355637217 -6.764782449420352 -134.9251117158471 -297.7736704668259
270 2834.05345082283 5.0980803762153566e7 -2.3285004669294125 -1.9874362971871982 -19.93571670772063 16.434078670032637 112.918982427017 -17.745230566507587 -9.396159735785147 -134.62902779669338 -298.72882598335786
271 2838.1880428791046 5.0973819742855735e7 -30.19807707349156 -59.36555646614781 -9.679572524851189 37.04703193031105 103.46959477922466 -46.85916590737207 7.055324447195517 -156.4369041940232 -298.1860590576418
272 2842.353292942047 5.119665244535368e7 -11.81954974681733 -11.295205388359872 -4.82054571781682 79.95420503614484 81.93332096204799 -15.358789724402016 -7.09056941098504 -132.37656835995602 -294.51829273196626
273 2873.7058866024017 5.1100907933780424e7 -3.813054065097873 -6.1536240270170275 -18.357999083492487 -11.411112278667183 68.32828442111636 -18.254505336205852 -6.744927314527331 -134.86853559275528 -298.10422306163036
274 2905.5299797058105 5.114307705418518e7 -16.71032862310041 -17.772893088153314 -12.418358321704815 19.962347760047606 118.28083497930169 -22.53114400544075 1.7504189530091594 -138.09222487702175 -297.98509147897926
275 2931.9246413707733 5.145565680103591e7 -14.307898850233713 -24.11429752168957 -5.843697038431756 50.46302264410048 120.0126770038703 -18.787186450028685 -1.4638750661216022 -134.82717584426643 -292.68828713917526
276 2961.8778681755066 5.956578762057258e7 -12.703990110491134 -62.78033743829019 93.85955959220856 40.96703459472917 76.037425591266 -0.7880589641771962 30.88026468355008 -110.96181519026436 -179.71777056236442
277 2965.5567281246185 5.143551367746642e7 -16.594937867748868 -18.505781476540395 0.5647187114508654 52.3825495672922 121.00340258624546 -20.708124727195695 -0.8300509068441784 -136.3669857094165 -293.1352814108507
278 2969.795201063156 5.1069978177101724e7 -26.165652900799586 -32.89221741322846 -9.805722941601708 48.84412950023187 123.49205669777808 -28.95606006714513 5.869727378121468 -142.94179215522274 -298.14201532269647
279 2973.9558231830597 5.2027987511444345e7 -16.260902378791016 -17.237340552634993 -8.532395418401478 47.85306867226778 171.9307630381761 -20.470316119636436 26.306856336556734 -136.67092082092148 -298.6127892983402
280 2978.0088260173798 5.2487829264303885e7 -24.032949991391703 -37.97970049875218 8.105503771206102 57.47533739671975 177.60083281666246 -20.934660564625915 32.42200216591186 -136.95630725590598 -298.27595187356366
281 2982.049069881439 5.303065064432612e7 -23.283186839714702 -35.10355439716962 14.793004438566534 58.68399150662819 179.58367562434066 -14.256507750755645 42.44795646904811 -131.93827216991764 -298.38406121297527
282 2986.2371888160706 6.1005119411221914e7 -103.3103106933723 -191.35052527929088 156.81710717668963 144.24311661291495 195.8110094369578 -34.72073925051552 136.57820307632244 -138.0076532270446 -203.09255645945774
283 2990.3354988098145 5.119011343083877e7 -2.3307551626289893 -3.4080776463852516 -18.364065810427064 -11.427112340749929 68.72547904835544 -15.907731934623314 -5.661395492249369 -133.26281117081334 -298.05451189379323
286 3002.5673773288727 5.116016107008401e7 -2.580797359121533 -6.385262544665867 -18.698223536010218 17.189636075002547 72.87311969978767 -17.7826371994488 -6.47809458203659 -134.5091132151025 -297.8687763153239
287 3006.678173303604 5.113162691351121e7 -0.6025994687756366 -2.027820940201341 -19.380106509220894 -11.70215800090287 68.28028097870427 -16.455171361669784 -7.483019837645884 -133.59745818376166 -298.2540950849219
288 3037.8531789779663 5.0953023315277554e7 -31.040104203519334 -57.6403231846198 -9.528599044732971 8.425862076945307 99.0869497384051 -46.44328209777615 7.608949570884079 -156.21195496158094 -298.6000200973188
289 3068.338776111603 5.114422380835776e7 -2.8833694214408467 -7.655004005987976 -18.419112670692044 17.270841887126398 72.80352649831669 -18.338947608820888 -6.743570222374956 -134.86531721868295 -297.8382291465668
290 3099.3513553142548 5.1130506128964804e7 -4.73872196127445 -8.29874889984946 -17.451903297273773 17.849500043712275 73.79899417820188 -18.526858753270403 -5.243648682649223 -135.0663237372391 -298.44037273982354
291 3129.960865497589 5.1103651000002965e7 -0.6376285934616135 -3.492483190589244 -19.578047352825408 -11.833019294193157 67.84566622450855 -16.944497657215663 -7.845873956350147 -134.00950756404296 -298.58972467566025
292 3158.884970664978 5.511598452367416e7 -53.6909788371637 -76.55493854695146 51.27427071571474 159.55120167766603 328.1633771837676 -12.112535499216733 100.94870885013336 -130.9876468772943 -297.35766724130747
293 3189.907823562622 5.515530494658104e7 -61.1389345439069 -82.53654960302507 54.63852941034001 160.48794507706157 329.5787017141913 -13.58981024104719 105.72499783821911 -132.23519885803591 -297.06044527175203
294 3221.312471151352 5.316617905463426e7 -15.778817598984304 -28.970861239023236 13.005011666591344 29.399592566013393 132.95416587690167 -9.945367692983325 40.5130087744094 -128.71495120684608 -297.9780436698253
297 3315.8502616882324 5.119309002577407e7 -0.8895533393312007 -4.948908117731275 -19.142335750687586 17.011617377805216 72.69167435332864 -16.905844844702074 -6.8253484213443585 -133.8769584896773 -297.8542969661778
298 3347.92289352417 5.1028472724078365e7 -31.72406792732363 -59.059493499867585 -8.88064772105433 8.713591158187377 99.31709344627272 -46.58548823208315 8.345134924679428 -156.15528785143374 -297.61599508314566
299 3380.573830604553 5.107362137171654e7 -11.947503704198766 -15.336464436643357 -15.539729175068615 18.269391086693624 115.8809422960243 -22.257830985544047 -2.504478301659958 -137.89104644350482 -297.98372165053013
300 3410.7097506523132 5.111115668817299e7 -1.558742985814206 -3.6848162423595205 -19.140752181444164 -11.63034381617458 68.09699348663392 -17.279322898990472 -7.687731454877905 -134.12812484637402 -298.16746960046737
301 3414.4997305870056 5.115076937510083e7 -3.5219556057398904 -6.893513113266309 -18.107420234776285 -11.1195296983391 68.91950961538511 -17.84239961917706 -5.467377057865008 -134.61503729948595 -298.3673405133293
302 3418.4786505699158 5.11789021216044e7 -1.561961114604884 -5.47481013515808 -18.67712962782273 17.311232199925733 73.24544689345436 -17.244546620718097 -6.390040476942147 -134.11605543215478 -298.0955024253918
303 3422.4046182632446 5.113614850612123e7 -5.64633013088212 -7.087185733002752 -13.298786731685176 76.78136818065457 81.49789723941059 -16.099147998644128 -7.790091629886149 -133.12399537405747 -296.78310678561184
304 3426.4276394844055 5.922517059320764e7 -14.565502105630742 -63.95437695502335 91.04098527533489 40.87553691275614 76.1699499857868 -2.1369686214216017 30.20617857232969 -112.38189581678188 -184.35562005794304
305 3430.6425034999847 5.132979427308371e7 -8.595789039463227 -5.261205786986849 -15.285430844694204 18.612045690829923 145.56657298803688 -14.497596336576976 1.552144135114645 -132.76131323493428 -298.13741574137555
306 3434.8775045871735 5.260326054886072e7 -15.949288233339189 -32.33139863337553 5.971839905504751 56.60487018279773 135.21837060265324 -17.24080459586105 30.23642846495852 -134.17216859028542 -298.372119424528
307 3438.950749397278 5.268446189348388e7 -15.359591067208285 -33.49532675333943 13.81475166909776 86.44258700468735 134.28799841851242 -16.04376792541416 23.13989271404114 -132.8361526370856 -293.79538864220046
308 3443.0594713687897 5.3518823315375745e7 -17.239008558973737 -36.46815172512072 25.87329619113705 91.45856288849484 142.0815007846871 -9.255014428707284 41.06357446190532 -127.83435980690132 -294.30710205790837
309 3474.237013578415 5.4838026916983664e7 -37.967338132288404 -60.45938229419481 54.39978240093307 129.888473180075 201.77224606755104 -10.152912302017285 77.9273854397801 -128.27956953564205 -293.16941439129187
310 3504.8371114730835 6.670866721994835e7 -51.440375530002 -127.01667412573826 195.12397912464246 126.23056338539834 206.2420205751499 13.198763394144407 141.64373082933776 -95.85510545824775 -130.78503957593495
311 3534.7492365837097 6.6852465783771314e7 -51.633548782847896 -127.22763659322251 196.09178525596656 126.37500970289767 206.33619498753373 13.597767549754963 142.46844436401636 -95.42546877447461 -129.03942312318287
312 3538.6615386009216 5.112940712425966e7 -0.771627515198432 -2.3135341497726998 -19.470653791766928 -11.861634853855282 67.9859113823831 -16.201034773764036 -7.590069390949395 -133.45660734884126 -298.27466786177536
315 3550.5289595127106 5.1143244931014016e7 -0.7714969448660156 -3.6292201495237606 -19.49801363790955 -11.795789869202729 67.90265348456518 -16.999576687563945 -7.7796657360803465 -133.97100952415548 -297.8666557169907
316 3554.412700653076 5.110227722461029e7 -1.9230616181020395 -4.587661940110465 -19.031039677287964 -11.60365473007188 68.46746198686282 -17.48161852283954 -7.12243629682979 -134.35758092432894 -298.535142987982
317 3558.6537125110626 5.113135987470405e7 -4.365514548694918 -5.231087974094304 -16.133584448164065 -10.389248347859091 68.56963264029787 -16.599247872243723 -6.739046385533243 -133.64410545483508 -297.6473914221232
318 3562.5675315856934 5.097244088417952e7 -31.76410817168407 -58.62889019006576 -9.269075558393318 8.559055485564858 99.7225761548029 -46.5333841253115 8.86542415441329 -156.34309765376548 -298.80993876894166
319 3566.599465608597 5.108332121050352e7 -0.7065181574011206 -4.1786822780067965 -19.267493333574173 -11.73882461407847 67.34940082031342 -17.342789558008405 -8.8111100645757 -134.14900725469136 -298.3535052733238
320 3570.556705713272 5.102659343061274e7 -0.5929923846912288 -6.0413115364483545 -18.38080150265524 17.210600826986045 70.39421495654567 -18.505017891043337 -11.707635583440322 -134.74795101226016 -297.44595454133207
321 3574.850141763687 6.231442952099177e7 -14.09921473530504 -81.82779579180237 110.12407276434193 82.49145689087402 211.9375217937054 0.7389879347339274 82.51765103580772 -112.07117671855963 -171.29798595676573
322 3579.051564693451 5.313602768294773e7 -15.474144826620332 -28.52201496030817 12.611054086593604 29.2557890111089 132.8328705219246 -10.019791820595117 40.15768220047141 -128.76884024483314 -298.53783429676395
323 3609.255375623703 5.1132575408388846e7 -0.19153414548505054 -2.0583596054415345 -19.781702419101947 -11.995265154257194 67.69373257365727 -16.345115237576692 -8.332872487592056 -133.51469948595224 -297.8836990609707
326 3700.593760251999 5.111491172731017e7 -0.7941622199012954 -4.202636770779019 -19.248461494048662 -11.738020909332459 67.51959583551121 -17.211306283118006 -8.498872659316646 -134.0576633851707 -297.92047090968015
327 3730.8869593143463 5.141013742366187e7 -6.125444388771328 -13.072579339065943 -2.4134272630799956 22.908293887880955 72.27482854610143 -18.164164737803958 -7.867534932399451 -134.1690011384112 -293.4912732377312
328 3763.7057976722717 5.074951873639614e7 -22.959484553439452 -43.9766904493743 -22.085081417009846 2.6239873981543482 97.51753157231732 -47.649128823537865 4.0524023844260455 -156.7687588108186 -297.22360200865626
329 3793.696835041046 5.111975691603224e7 -3.3172407681237246 -6.845348944673457 -17.66932191459646 -10.998721819918632 68.48221781017237 -18.118142525803023 -6.653656463210268 -134.718243067944 -298.19190393156543
330 3823.2560391426086 5.113797484653015e7 -2.1460491303370333 -7.721588360930443 -17.008122476511502 17.849516866873664 71.77406981012466 -17.760053670188597 -8.951476114954971 -134.20166748345582 -296.9959694363121
331 3855.535256385803 5.107755073024249e7 -7.10886767076471 -8.23389962557128 -12.815570470471506 48.247013694525904 77.07599236180224 -17.065169044976983 -7.578864822307764 -133.8850745605714 -297.3150317101537
332 3883.9775948524475 5.112242452232811e7 -1.736402200208346 -5.230635264588365 -18.71487796004191 -11.51230685160876 67.6964843326375 -17.580932710625973 -7.828215617089995 -134.33514286393682 -298.0078291829059
333 3914.339677810669 5.105965339967942e7 -6.741058976182131 -10.342534685761628 -17.09636171799672 17.743765549154173 114.34488611711396 -20.237182054977097 -6.122677990881641 -136.35094785026683 -297.820361237641
334 3951.3260774612427 5.112571117980207e7 -2.448840867554111 -5.959798925549379 -18.65304466051805 17.275063561528206 72.91929251617893 -17.690518711738378 -6.778933798218304 -134.5002002817801 -298.3300529158819
335 3980.9027166366577 5.2272092015557416e7 -13.296850580718939 -26.68390148468738 0.7815692864243786 24.250809393780198 124.43405082777213 -17.6468944676173 21.20482014911579 -134.34234361033282 -297.9249944695208
336 3984.991656780243 5.920875090021966e7 -14.536499791993052 -64.61095498446943 91.33118781106691 40.967589887413936 75.50192224252879 -2.678994943009684 28.81436660339955 -112.61849361529443 -183.8657210045768
337 3989.298705816269 5.26271176079656e7 -16.91826340140443 -33.15717690166272 6.815595456105349 28.215526155192602 130.42344970411594 -17.575810522797212 30.214450524359904 -134.26414719656447 -297.70587085257534
338 3993.2292737960815 5.285741967112814e7 -35.47530386650527 -67.53929049914429 9.181314531778966 71.8168294028899 167.554399216193 -39.665955974095766 53.26759948878248 -151.00026347307568 -296.7894338544952
339 3997.238438844681 5.959407846886222e7 -54.779726054819704 -119.64956881267658 115.20597967988479 151.21753767681182 192.24404286509346 -25.729459873362543 52.791246886399904 -130.45589130189563 -176.8871448595084
340 4001.3260946273804 6.1611450404711194e7 -60.11598861962649 -111.23568157325465 145.97915385593845 203.93098999388764 272.7635401874725 -1.7761500913808845 84.19193483650918 -111.6312208038679 -168.38000669110704
341 4005.3157703876495 5.313092087446127e7 -15.282708062824824 -28.7909133998665 12.531343160205452 29.224536030619333 132.48347939587916 -10.370239686107254 39.53977749489616 -128.99376015730581 -298.11295721877735
342 4009.4653141498566 5.308010136709967e7 -15.013888731971889 -28.817493586030725 12.332349070903035 29.142728044378252 132.29653984957355 -10.728590768878917 38.86904342118339 -129.25754142718233 -298.6959938407891
343 4013.5970163345337 5.1074920401907146e7 -0.2563652092345592 -2.979904500189086 -19.710259186547567 -11.919802967206717 67.39781965864006 -17.040982195598247 -8.886658941081066 -133.97728873316748 -298.5688808395077
346 4025.599042415619 5.103873731415118e7 -1.5951979997956443 -4.244099417836416 -17.53783629620297 17.649397628964387 71.27183180141287 -17.198755538642615 -10.204823458840167 -133.93844070165602 -298.14810050993196
347 4029.59876537323 5.1066465013781086e7 -0.2053293503131215 -3.730117022291175 -19.71122920175585 -11.922451892539147 67.28618902181461 -17.33553975566514 -9.04116957541629 -134.17293188406097 -298.6575480618919
348 4033.5278532505035 6.714569513839571e7 -112.8246149013467 -233.70258314165198 245.2641951527649 254.5126828900556 313.95149867548116 -21.894296726688083 200.61905828598276 -123.83053865552785 -149.44951812635378
349 4037.3875744342804 6.731859358113159e7 -116.43794063131764 -236.0911677379819 249.07839277769202 255.9079439396112 315.9501863058839 -21.169318379947526 205.2423412756059 -123.21942969646983 -148.86867049881897
350 4041.390368461609 5.3073861337882884e7 -14.904798152846325 -28.82978242257489 12.046929213427852 29.059141158587728 132.1220216751194 -10.927862702854839 38.29088186219508 -129.36915588649094 -298.3160664284708
352 4049.7523336410522 5.0875533555464536e7 -25.92552290406411 -57.707503608290274 -11.663980694086732 7.502393029604715 96.40033785403507 -48.24511071073806 2.0593412150533936 -157.10358638011587 -298.2696280613575
353 4053.874621629715 5.10074146421275e7 -32.67054727570061 -59.41741730473461 -8.144955834940838 9.023388727519588 99.63609703117619 -46.424737497446415 8.691007572006527 -156.14081079495975 -297.8707072072043
354 4084.4922025203705 5.1118294387119554e7 -0.4251717048963144 -3.6004029736834973 -19.61380783616697 -11.88444510064468 67.43404419971404 -17.21220677477794 -8.780182514348269 -134.00931918563776 -297.79747758892796
355 4088.334611415863 5.107587617153505e7 -1.6792467213506796 -5.594313989167713 -18.996825425240516 -11.565888123830522 67.7423538889164 -18.24887086478833 -8.481480968732967 -134.80981494446206 -298.21684041874244
356 4092.646468400955 5.113032326803406e7 -2.6868315894111277 -5.560606525960836 -18.54800055204607 -11.453236877966951 68.18302437754738 -17.754934659104606 -7.152641216095844 -134.4532753279554 -297.8209755106815
357 4122.524365663528 5.115254503273313e7 -1.4593719194883477 -6.6121755696636555 -17.858125204773636 17.489657739376636 71.97648771323688 -17.17077973730062 -8.272377158239124 -133.9620804435774 -297.47497243320913
358 4155.62957239151 5.1110053809678845e7 -3.355522545755292 -5.741177856881471 -16.595337562738756 -10.649133421510118 67.48065295618197 -17.1590959129 -8.307309703946885 -133.96624377578252 -297.396659781746
359 4185.356536865234 5.1052828007379025e7 -5.910486105470696 -9.91622278866178 -17.69303519660697 17.499116151541084 114.09797603284171 -20.283252018222413 -6.59244792131193 -136.29479253917572 -298.14614258267477
360 4189.175487756729 5.1432619491740555e7 -1.3267737358712566 -9.449463565297872 -6.146733811900212 21.53160707104767 71.2982648941743 -16.415432390918 -9.699216793624203 -132.94298804787456 -293.92465152138493
361 4193.193390607834 5.22661184986558e7 -12.805657858877879 -26.253204231350562 0.32406570306181237 24.065179404410227 124.36747526871328 -17.632236196164115 21.06590627842911 -134.3801450344721 -297.9366150858954
362 4197.307189702988 5.92127932243922e7 -14.333130818334865 -63.97584691077127 91.32223588573672 40.84097571380384 75.76109744566438 -2.3573526693004965 29.18123802623427 -112.47412809749744 -183.97421693061978
363 4201.4550495147705 5.2589632447235495e7 -16.205191151483135 -32.8622449031201 6.241707138021553 27.98698447731722 130.20075255199546 -17.779632381409215 29.700951795074275 -134.4383134374923 -298.3739247606736
364 4205.362553358078 5.307794136171123e7 -19.701025305293186 -31.53882804651053 13.803084306989298 29.888943716801283 133.87537677995715 -11.258296944981737 41.322276936216895 -129.84577808878117 -298.15258934680514
366 4213.374964237213 5.397591643414338e7 -13.033362766166235 -41.913895163249364 19.525799783941082 62.107394403690456 187.7419581349847 -15.504160040258796 57.54986761195664 -132.61097535915223 -299.72760141688235
367 4217.575564861298 5.445386152472773e7 -7.000708787178425 -41.38231812063814 28.679601757955396 94.03396217711014 191.95730576568383 -11.017396498252651 58.20789694300754 -129.01512005436837 -297.5114111189997
368 4221.5935299396515 5.307356862246133e7 -14.66979021941269 -29.07681721186283 12.084072095078241 29.047265433026677 131.94306227703044 -11.147031399206696 37.86327212709068 -129.49377649795258 -298.09982055975416
369 4225.537546873093 5.3094431753694266e7 -14.550548043460111 -29.19959885947414 12.103685333839337 29.041474967107586 131.8539320818542 -11.061356150964116 38.13437671141082 -129.3796017825561 -298.1188437566123
370 4229.5649127960205 5.3058839564697295e7 -14.487570595999458 -29.26087479796811 12.112870820133153 29.038225197681943 131.80779250966663 -11.164043058558434 37.89833670342682 -129.51049435226128 -298.48019059679075
371 4233.693856954575 5.313011291358093e7 -14.456495774932193 -29.29095020817741 12.117030943867178 29.036415775718442 131.78576685585236 -10.94643084676062 38.33368741938523 -129.26599773478426 -297.6519108244747
373 4269.126648426056 5.1047163160100505e7 -0.6269008556327265 -3.8787576690838677 -19.57838899104273 -11.86163138103452 67.52440110374118 -17.518896446310805 -8.865352885331106 -134.32859156583595 -298.8166019138057
374 4299.203186988831 5.111681003192253e7 -0.8551162835261295 -3.9550763486753056 -19.50812330588942 -11.829383201335311 67.65645963604257 -17.302558376716263 -8.2196318229079 -134.17482326640044 -297.9857815005981
375 4330.0845494270325 5.108780313437546e7 -2.110683280747395 -4.876692089944964 -18.019954240405724 -11.22381628301343 67.52873506300118 -17.33279633642826 -8.607635007435817 -134.14716301952893 -297.9206368629484
376 4361.46199631691 5.109517675586881e7 -0.5708594923447663 -3.855493993894875 -19.598376389283416 -11.87058269340967 67.49490111282331 -17.3675964438807 -8.611769155547506 -134.18300026719777 -298.16787036555627
377 4391.521601438522 5.1478275722933374e7 -5.192786987602759 -11.520595824061765 -4.528771704626536 22.284180719265876 73.1431979374641 -16.620409991389693 -6.16897709807597 -133.23950225509395 -293.8960318081257
378 4422.179334402084 5.093202198908422e7 -31.345525890342387 -59.08991742772088 -8.877710726254662 8.707876152018581 98.95859564676108 -47.022335626431925 6.928242392974539 -156.51748323900443 -298.3908894806936
379 4452.113658905029 5.106830903338753e7 -3.2387979952715398 -6.87193893152412 -18.627803897854733 -11.530406007398792 67.8612308218836 -18.880918429727217 -7.851692228030345 -135.27318255728449 -298.0978282414592
380 4481.330664634705 5.1127773428848244e7 -1.4764033621287354 -5.564028343639912 -18.501881558008307 17.26668204601918 72.24616040701127 -17.290532139563254 -8.077494230049467 -134.1287869466649 -297.71707344862057
381 4511.546359300613 5.1492839461138114e7 -2.6539887602033616 -11.082528089956593 -4.980185351340793 21.99804606425604 71.56604499785054 -16.596443604959575 -8.72988798398461 -133.0026489876612 -293.0682493384935
382 4543.215405702591 5.902481446807622e7 -7.034354194813801 -48.76877177812808 77.32904698079308 34.75110086401606 75.78419677911212 -2.4529348814920695 29.2589832283403 -112.65569569664757 -184.22470592647204
383 4575.036072969437 5.224092447837295e7 -12.455128297504729 -26.15829125978044 0.18636580549402737 24.009455081809943 124.15220189791431 -17.73659975710723 20.431006181380326 -134.44990836079728 -298.0470385644046
384 4605.447374820709 5.25868862847698e7 -16.654758102700214 -32.81540234268499 6.405040489617647 28.056559009783847 130.47454192229142 -17.646473683200327 30.0926683744392 -134.45386460928034 -298.3684320462388
385 4638.63490319252 5.309944757582911e7 -14.17426523675229 -29.30921860789175 11.87105375920219 28.93732772096053 131.69295266612647 -11.055813921203253 38.113819691804565 -129.364055640162 -298.23880577374183
387 4674.536548614502 6.161943417375039e7 -23.786270796491152 -91.52541614391544 139.80047539982823 143.91496384432253 141.9709947689201 2.2294795571593795 57.8175362565114 -107.07416252530794 -166.42688754848854
388 4704.666757106781 6.262249471300698e7 -24.360105665876475 -93.05759570140887 152.6255961636614 145.529634372603 141.9811748837214 4.586918304451444 61.380403471939076 -103.93438103015558 -151.29714116677877
389 4708.733787059784 5.111078754233327e7 -0.3674229356444556 -3.7196371996380435 -19.490691544617547 -11.824958200650592 67.27458095163723 -17.331497052922828 -8.963263008454248 -134.07690480924316 -297.8572228838358
392 4721.079184055328 5.110608840974539e7 -0.16435694894644826 -3.4569864826896826 -19.595017992633572 -11.867543519335673 67.20475853705324 -17.21516226977866 -9.080958305193008 -133.98881580215658 -298.1133604793429
393 4725.113146066666 6.20016687514785e7 -82.1688322797331 -167.91646898575846 163.52669599604644 169.85905722352595 227.32965395494324 -30.16853761549612 101.28751089131401 -132.10479899911383 -166.08706103845782
394 4729.110244989395 6.612731334081918e7 -76.46985645237066 -166.64512155443765 210.47067364958852 224.97000622901078 316.79358880011137 3.7468707045829888 168.38752871816394 -105.33772751548241 -156.79889134947837
395 4733.214155197144 5.1070759852062166e7 -0.22745836768893923 -3.5800529610889456 -19.529660530262348 -11.83921548482093 67.18645198193043 -17.42492321595296 -9.326839618142515 -134.17985431431327 -298.43002983691065
396 4737.196297168732 5.1073584237541385e7 -0.4455684474986157 -3.5734732874745596 -19.370683585561437 -11.767003612317417 67.25682948011843 -17.442195416009724 -9.126644535440107 -134.23184382353975 -298.27781882153124
397 4741.0791182518005 5.107167867313351e7 -0.3901245165740477 -3.9272125516636116 -19.336336033619638 -11.756492149217603 67.12812678848485 -17.673620664091686 -9.416611670341695 -134.32863254178153 -298.24229139351655
398 4745.093596458435 5.627449128873036e7 -47.510861921645244 -80.66497349327672 69.61282155438334 166.72230911820793 334.56656467735644 -6.5496719078767 116.20635616560116 -126.70419596021196 -295.7908754751566
399 4749.258136510849 5.629764949165332e7 -47.40614659244122 -78.69794992646271 69.21581665450063 166.58978430953204 335.0709927966015 -5.575530996690134 117.244174650241 -126.15322379217713 -296.1600071559586
400 4753.339311599731 5.309892856805063e7 -14.1421796742721 -29.187435467766285 11.93205343453809 28.947061558935857 131.7236983117773 -11.198753930685086 37.84744412228247 -129.47359719572682 -297.8876425996486
401 4757.309365510941 5.308563387032856e7 -14.12282339256133 -29.123761357247123 11.960654523541258 28.951061451418674 131.7386528504611 -11.10938930035121 37.95641373458295 -129.38996870196985 -298.2654532876712
404 4769.481687545776 5.108635108796136e7 -1.729619237965622 -5.210386430407027 -17.8845630257561 -11.172136671392568 66.99120968899938 -17.790128861000028 -9.399896206898518 -134.31987275591723 -297.717928647769
405 4773.58806180954 5.10338431903374e7 -0.365260036364333 -3.92304399288464 -19.354717774888364 -11.764277935660541 67.11866296432639 -17.921728219811143 -9.839031297123825 -134.53516007555794 -298.45870039475494
406 4804.061948060989 5.1063320319693744e7 -0.2905756372583994 -3.9104998158704554 -19.409877308378384 -11.787647410569093 67.09025757975894 -17.80547233929599 -9.66647361511474 -134.37527808012055 -298.1434655856466
407 4835.83030462265 6.359059564142249e7 -61.85549697087876 -121.61266961930035 158.77806363820466 204.92562049496735 325.21639657291763 -1.7606130568853473 116.91308917786364 -110.11982331008323 -154.90817586159437
408 4866.781601905823 6.38551821629907e7 -70.65741600051376 -136.7123095724086 174.95310979488673 240.69230591271685 330.9152090920379 -1.8381532094532531 118.86339876011925 -109.94805531643271 -153.39807544451418
409 4904.406882286072 5.306098855146938e7 -14.169771343073592 -29.206872686184198 12.07440823026581 28.990311446792315 131.71843234387705 -11.271772687403654 37.72226589471359 -129.51071540117795 -298.5174731464323
412 4943.550931453705 5.1058088805025116e7 -0.1042491202603344 -3.81618413507395 -19.522579899613042 -11.83721321522328 66.92458971776719 -17.914368220195 -9.868090839930062 -134.44343858314744 -298.3134272294153
413 4947.476072311401 5.4156072150472e7 -38.597887751921576 -70.15026528442546 36.30886332080126 96.22780786154985 195.28800386522033 -18.52909928115298 69.4837181449933 -134.7908510642295 -295.41748471098066
414 4951.413999557495 6.398420866665879e7 -49.718808002725495 -125.34262873642156 162.5295392755713 120.42530293358327 199.06338476535967 -0.4623861290276068 113.5411591257963 -108.47154012062435 -155.93920873460087
415 4955.57417178154 5.31024450208579e7 -14.159345552923114 -29.201765678180347 12.144047600631396 29.009508679664307 131.7011841169621 -10.993767994044731 38.281213372428056 -129.3059711985245 -298.27855824974347
417 4963.743092536926 5.1037466048244216e7 -0.23501606321974577 -3.6806135566897744 -19.425324695451565 -11.795025332335769 66.90745203995337 -17.82787346206709 -9.978510092503882 -134.44521606786356 -298.60502913707717
418 4967.935560464859 5.106581675778902e7 -0.400420662985141 -3.103118428068324 -19.287590958339933 -11.734486850681233 66.83873087829082 -17.48675503790497 -10.023534761388873 -134.15801919522977 -298.054418069559
420 4976.064351320267 6.405529789502498e7 -71.9220841612964 -140.92464260507245 188.76016888056253 217.5323891273614 261.02521540778577 4.82418952338827 132.63903863339738 -105.60098646325707 -164.50791565538344
421 4980.152143478394 6.405865727995653e7 -71.93736926100706 -141.00753431798245 188.76910474226446 217.50913996805633 260.9327075274251 4.726466753081866 132.4029540257634 -105.62475570199115 -164.18820801961482
422 4984.097637653351 5.308970124523928e7 -14.333465008444477 -29.298835876646613 12.325761812223348 29.080814517036607 131.70009834234855 -11.14432468228324 38.114512112366924 -129.4045636368217 -298.423234322548
425 4996.207150697708 5.103923016230348e7 -0.4247150940978628 -3.100937615168668 -19.33152938942046 -11.75569881626496 66.82857105477686 -17.56480095078507 -10.055872967049936 -134.27464096390713 -298.2991754497856
426 5000.436625003815 5.1032926204641886e7 -0.490043555492619 -3.0864045451196525 -19.46434496555382 -11.820000470116213 66.79707174593403 -17.713349787867173 -10.183008447858299 -134.3742808013253 -298.31455079543946
427 5030.838791131973 5.099232965918524e7 -1.102420490363201 -3.3735442257720045 -19.598390322191626 -11.904921151305487 66.86548633209412 -18.241477603840167 -10.072657310581235 -134.78306776800588 -298.72696755417496
428 5062.004225730896 6.115316728679922e7 -35.525451547101156 -105.65778485579399 131.77754417388627 114.27992747917241 143.41894709078488 -5.998519321561616 68.87885062812109 -114.44941317373309 -176.85280434467586
429 5092.201206445694 5.101680264898579e7 -0.015402611643480668 -2.3337231261104385 -19.55103094195254 -11.921722589462025 66.79724683491855 -17.043726552039004 -10.074396676210597 -134.01264797055427 -298.83039513927906
431 5153.370013713837 5.088400686729308e7 -28.579757960539865 -56.11900114566703 -10.114723137274808 8.196989978693594 97.4578948412339 -46.81758968510724 3.958260880594139 -156.24661207136194 -298.43725491905815
432 5182.938687801361 5.1000610277455464e7 -0.6236725579248201 -3.2228970261754064 -19.384322610610717 -11.782787501429283 66.85403357839895 -17.83100356726237 -10.341733614134341 -134.49214485018302 -298.672175564035
433 5214.200818777084 5.106357820419819e7 -1.6444988238302614 -5.9110117054629825 -17.71162039957249 17.57475624644097 71.4321179380704 -17.78491790453529 -10.039122596542143 -134.33734365546445 -297.68009138470063
434 5244.894944667816 5.101609634072876e7 -3.3476475660095986 -4.859252062846991 -16.48583304697302 18.074902170650248 71.50870136558007 -17.802752769358165 -10.266322300832087 -134.35772323174325 -297.57412981308266
435 5275.037889957428 5.105405390791245e7 -1.2316848557569955 -3.4800464911646785 -19.070138705811445 -11.646180890272333 67.15390779575446 -17.612336089665746 -9.312638517150674 -134.30442916275342 -298.24304786738253
436 5306.573289871216 5.105871208658001e7 -2.742377623630105 -5.3870029147172325 -18.273008390156427 -11.325751138307368 67.5543532056259 -18.447655997323807 -8.468776698831391 -134.91693046940884 -298.12596148533436
437 5338.191774606705 5.1080561847013116e7 -2.625516677121638 -4.238323891871477 -17.810779020233042 -11.060234590706898 67.95777862477449 -17.27482522139053 -7.961539139804643 -134.1580331525705 -298.3431307681986
438 5370.439493179321 5.147893581733351e7 -4.9198725776530665 -11.004723922231452 -3.6282628367025325 22.440885171164197 72.24107636311899 -16.986084559739197 -7.6528877695927235 -133.31833996243859 -293.0057303017053
439 5400.588290452957 5.10304158662761e7 -7.48185555811996 -9.864149422863989 -16.758389180785343 17.898168391236652 114.24704390504237 -20.419352889324443 -6.185285080352969 -136.45208922700266 -298.17336139014446
440 5404.782131433487 5.888530976006987e7 -14.591168767728973 -64.30039631466697 88.45317251508958 40.742035171624124 75.09730939808479 -3.3647453232529756 26.992403947995058 -113.52313464706356 -188.44597268427378
441 5408.7610964775085 5.213931417367341e7 -13.395605786969682 -26.15509703388489 0.1608473193375346 24.10712096004157 123.77678282485999 -18.804258928582556 18.996559003337552 -135.1729209948906 -298.2776624723024
442 5412.724816560745 5.248643780556117e7 -16.01328550014867 -31.777396959051813 6.090803123534322 27.933721404009507 129.47045154763268 -18.27817165225997 27.66644769548236 -134.76717397628653 -298.7978024570426
443 5416.7335114479065 5.3094211005816415e7 -14.600124630920405 -28.411027409705834 12.627064888012448 29.134025031773874 131.50024581360006 -10.968361512497324 37.80407461000527 -129.25914350361637 -298.0069454842568
444 5420.842464208603 5.097513367928994e7 -0.6179729202737008 -2.9708028557586594 -19.872037950582964 -12.018962671425086 66.69329620896526 -18.36506813827117 -10.690505452903153 -134.85689641648594 -298.7743482848892
445 5424.814393043518 5.097113774339801e7 -0.32926537189898397 -1.8343305677006292 -21.156560880252755 16.0343698376898 112.11822046984985 -18.986043376444172 -10.985116869316926 -135.27441594355963 -298.586524062116
446 5428.752895116806 6.296704702230347e7 -87.31574087556538 -187.72121844236062 165.0368668329308 231.45016623758804 343.8612145413519 -28.10085533950405 163.11859277777933 -132.582796754936 -195.17798144349467
447 5432.747304201126 6.300996671878794e7 -88.05930144894506 -188.29083895303893 165.94807662126107 231.7250049752689 344.28994859083787 -27.795563044148878 164.4940713658391 -132.36178874458335 -195.35717884542368
448 5436.729071378708 5.30495810280963e7 -14.538840244170899 -28.590910913857314 12.355765515406006 29.061986440340473 131.45383978171452 -11.143248249044348 37.369985598921176 -129.41019410543976 -298.39559201209624
451 5448.831080675125 5.0980974393827505e7 -0.4396875955887367 -2.788697131259024 -19.95455475802835 -12.05921529317105 66.6316117833272 -18.33744646756054 -10.915648927349764 -134.81267446288155 -298.44643087560723
452 5452.813214540482 5.095407783649096e7 -1.6353435457231456 -3.111905928914009 -19.787531398647175 -12.0298416426036 66.95738473234516 -18.53029218596032 -10.310399410600326 -135.06541537419054 -298.8590238845547
453 5456.840917348862 5.102258706741617e7 -2.818934488519517 -5.218927886181159 -18.751975788333752 -11.556310256698353 67.40225522258055 -18.851510081336755 -8.714499782830103 -135.2219624711554 -298.50237635989004
454 5460.973104476929 5.1112138632520095e7 -3.9604769933646367 -7.321638482732716 -17.11726362705194 -10.89498018307033 67.58993393200862 -18.264295216263633 -8.10851148981152 -134.69856764185562 -297.104581303464
455 5464.998967409134 5.102640660463342e7 -3.2969690648903622 -4.809137709206205 -18.824369061035398 -11.579373063181393 67.64699750520012 -18.841881698657176 -8.610020019377089 -135.25963233625515 -298.1740108305912
456 5495.378530502319 5.099395414246231e7 -4.264861447163483 -5.183892462410441 -16.496731768285855 18.053031175403998 71.76705262719993 -18.223408160224665 -9.704123876703818 -134.71361299552126 -297.8115913186216
457 5525.973203897476 5.13895981881706e7 -3.4637184165683976 -9.641699735583071 -4.734680513917866 21.94472993996313 71.5915184119367 -17.365548694021527 -9.402365678833803 -133.62963353414324 -293.7430014427225
458 5557.851576089859 5.082207454786217e7 -23.111945878058947 -54.41262096612444 -12.513319657874256 7.136164221764151 94.63112350526382 -47.390715994458105 -1.4368606723021458 -156.39180052298468 -297.9339374533454
459 5589.339390277863 5.0897731117614225e7 -2.512651452625178 -7.422587487346522 -19.216512775872204 16.743746983072548 111.66432857716357 -21.08090327284242 -11.804927890810347 -136.76935410964114 -298.6323280752797
460 5620.325349807739 5.873489938609502e7 -14.976995888980696 -64.71570847420656 86.90498471502363 40.51522128219948 75.04392769744484 -4.060204626382699 26.55420128745402 -114.22893821904682 -190.4947083282712
461 5650.809186697006 5.2054592927936055e7 -13.776971896422992 -26.492513525625593 -0.5728666770718291 23.85884569154487 123.59030800801078 -19.90234154090581 18.133259636116577 -136.02471293685142 -298.66952653497964
462 5681.082851648331 5.2471034026251554e7 -16.99080571271881 -32.2372414722543 5.865776261689433 27.867367240699735 129.65718884379677 -18.989249565358364 27.8238112714987 -135.31082501427534 -298.54728442240224
463 5712.597861528397 5.306417535885374e7 -12.03446566239144 -26.390838477151334 11.523812805848067 28.56965828052272 130.5586557912865 -10.645634929516007 36.05933277031852 -128.93090868475258 -298.3531743386368
464 5743.231405496597 5.091709431598523e7 -0.3846381616767758 -1.9706219487180654 -21.18526880691985 16.017860183599748 112.0905090305308 -19.28188819876584 -11.364694678599733 -135.53421249268098 -299.20173793297386
465 5774.390750408173 5.365891014479637e7 -8.525353407642825 -32.06467901583482 13.299159845573506 114.72682158746986 189.95201969546537 -12.154400083831206 48.20238810228864 -129.6560372985703 -296.5071138356916
466 5806.593304872513 6.474551477922395e7 -44.53889110992786 -139.18325072602835 181.3649645729607 188.92930820101114 260.1196927680989 6.489313546547294 137.41390524090207 -104.21419302166004 -171.29387442941925
467 5838.960843801498 5.1089957953054726e7 -1.3632600803144186 -4.297613700290704 -19.067963923379338 -11.639887374310419 67.40212959038277 -17.71049090003686 -8.64020920028537 -134.38153135573504 -298.06387387214863
470 5909.5703155994415 5.1031200180284396e7 -0.33354366128376967 -2.8486344486079176 -19.96943190773994 -12.072372890954021 66.44442370956739 -18.27851885646737 -10.842919697600394 -134.68320693644603 -297.81278958240256
471 5913.678559780121 5.100359111902942e7 -1.1560976758614743 -4.470530572206073 -18.98790620448056 -11.671248959248079 66.62248667009383 -18.318620209835558 -10.621064297979899 -134.74349357034163 -298.25418499098816
472 5917.796012878418 5.101863926710628e7 -0.16412034052760305 -2.3465326171684353 -20.2114114082259 -12.168916173300165 66.62846209754291 -18.017146180839006 -10.73795406474386 -134.5480469973851 -298.06074103220766
473 5921.782820701599 5.103027121399826e7 -0.7570612910874956 -3.0059030192544256 -19.830544775087546 -11.99358422912459 66.8408043277675 -18.078148071807277 -10.039664275334701 -134.62168527636294 -298.21159608564847
474 5925.706837654114 5.101040078817832e7 -0.0051286698783030715 -2.1426899832283937 -20.18981385449566 -12.1691805944219 66.66805156768683 -17.876743847474188 -10.720733076241686 -134.45474368760682 -298.35473690117135
475 5929.827685594559 5.102319821661251e7 -0.7580807470104816 -3.0155228646874583 -19.828608250466452 -11.993225102008136 66.8351093276296 -18.075037199854876 -9.989272300179493 -134.62853008279774 -298.4456855877632
476 5933.83384680748 5.103359525957983e7 -3.0558781109523636 -3.378567062849399 -18.545553877138246 -11.487451672074588 67.71659593786849 -17.661247501101343 -8.529378545720135 -134.44566196869505 -298.22306265949743
477 5937.986838579178 5.1418787454148576e7 -4.765932935168976 -10.732664266576624 -4.078139169615902 22.195591605779867 71.91948080010835 -17.613162584546387 -8.42370255370355 -133.8139100508701 -293.3544098074459
478 5942.112415552139 5.093036265510893e7 -30.685380852463794 -56.93364621287489 -8.820270065654555 8.80298275159052 98.47904149331109 -46.62285467572474 5.8649038430844485 -156.06219864899532 -298.0862635989056
479 5946.1766057014465 5.879619661157766e7 -15.067833607581704 -64.61796240460515 87.03422503774539 40.533996268223035 75.23102308771116 -3.9732433237184637 26.86517879400128 -114.13553445124614 -189.47856400547107
480 5950.257427930832 5.2159843564850114e7 -14.578778005099636 -26.54643130399318 0.08879930333073105 24.101509725618822 124.58916358491452 -18.963929981314948 20.743338927031346 -135.4060677709926 -298.61990776956316
481 5954.260131120682 5.2482916417821884e7 -17.23927583833101 -32.36630811481271 5.997525395924214 27.924067352046542 129.85844374284855 -18.850749689487202 28.448652957263448 -135.26061826527587 -298.683383886479
482 5958.414829969406 5.308555083948024e7 -14.603806149478842 -28.179647995476085 12.614895045250599 29.000838863822448 131.40016085557397 -11.117087138417105 38.0293256354455 -129.36059916344868 -298.20581277298567
483 5962.484993934631 5.098862000119057e7 -1.5724111728268326 -4.297216056886043 -19.265032112951964 -11.740158034679755 66.78384973220156 -18.90497616519184 -10.315940396826534 -135.22439982950607 -298.49153958994464
484 5966.510622024536 5.969609414295478e7 -66.35134005974638 -150.07053102010215 114.44264016294444 128.5555700482323 181.97348143144626 -37.667525744327975 93.65994416623766 -141.002796738264 -200.79897015804255
485 5970.607102870941 5.968204651799457e7 -66.37363548626038 -150.08503582199918 114.4675941825322 128.56446846851412 181.98565966831598 -37.64588371019477 93.70850688686119 -141.02203559034228 -201.08834603916551
486 5974.58385181427 5.104297549689809e7 -1.7951304115463103 -4.55780290112472 -19.074268493502814 -11.654434282268504 67.26386982141504 -18.24092378368715 -9.080809994259823 -134.78392168431992 -298.2780778007957
490 6098.881376743317 5.099618628757311e7 -0.010938849335133227 -2.566084139370872 -20.497838184939397 -12.274104349929857 66.66669078068315 -18.28546603023773 -10.620775594121312 -134.82634074503972 -298.67818264325837
491 6129.35776591301 5.1017551662300624e7 -0.07809933179875372 -2.373783376768099 -20.151405274670417 -12.134199238387243 66.53118677427591 -18.007210592315914 -10.766890770852683 -134.53730647338915 -298.2638476332968
492 6160.043949127197 5.097276960622111e7 -0.353809545626234 -2.6992756113424257 -20.032431875288744 -12.093378884469743 66.58039563475869 -18.254602298868463 -10.865670209694372 -134.80833065395376 -298.8205937591515
493 6190.599624633789 5.45516365148438e7 -14.566929304451207 -48.428459594018825 37.10723035758966 97.11707839988964 193.4468348645316 -11.274668129411339 61.98786901174208 -128.98013941377246 -296.08544904834696
494 6221.737972974777 5.456798725573009e7 -14.727567473326985 -48.53190232618586 37.20832978014553 97.15471675357978 193.49390846989107 -11.142753951004067 62.4373238915789 -128.86089223760666 -296.2212789405709
495 6252.743035078049 5.104536371871282e7 -1.254303756591284 -3.8958463541188095 -19.55521444534235 -11.865485946943114 67.14777870175944 -18.215401483154494 -9.532039164956927 -134.70701687835782 -298.15323211629004
497 6314.971663236618 5.088992925327154e7 -28.538167145356894 -54.984378298728544 -10.317556259628908 8.1486709815177 97.82306637974304 -46.23565659112268 4.465353257169227 -155.86629914107493 -298.6245483094899
498 6346.993534564972 5.096594979504886e7 -0.3596473062354306 -2.999465707147362 -19.780008831697707 -11.984331572981734 66.557742945056 -18.22442923933056 -11.095707121312273 -134.73197927249726 -298.8211370028981
499 6381.150807619095 5.0972806725789376e7 -0.33722281508886454 -2.412084658846048 -19.69963682098112 -11.95337449813951 66.45707541151012 -17.97499041254224 -11.075975514444224 -134.54914994665563 -298.7692761700994
500 6411.818363189697 5.098889979174548e7 -1.042745058297129 -2.4778363260680827 -18.36849498528411 17.274197130726073 70.81166734377706 -17.448268786863707 -11.452234908917717 -134.1110670475228 -298.07842876457187
502 6473.597350597382 5.636195061230633e7 -74.4799888317268 -156.6945158332108 86.43009054133131 190.4126669090131 296.0977247151021 -45.89637340754018 129.45504000842845 -154.86725511841684 -293.86531950106945
503 6478.1102867126465 5.636008857679049e7 -74.49239546695036 -156.72302893951934 86.44870178489526 190.41962133785538 296.09880956961155 -45.89913533953472 129.4522867035604 -154.87646101664734 -293.89083408127277
504 6513.423851728439 5.1035296695905365e7 -1.3632120377858854 -4.005296305828189 -19.370558282929593 -11.787879989222333 67.09846838843809 -18.16632484299066 -9.579598430744625 -134.6800349627976 -298.27322095936495
506 6575.135130405426 5.098729672199301e7 -0.6129720487124359 -3.0071746163748863 -19.25936346792941 -11.778193285810016 66.44171712985813 -17.963609350634385 -11.192206925845596 -134.53812091348942 -298.2710553339558
507 6605.517538309097 5.0977441568427056e7 -0.3201450712164444 -2.361692031956661 -19.70058248720909 -11.954461670547246 66.44345668907845 -17.999176257257147 -11.217284640014384 -134.56320182593555 -298.5000700169097
508 6609.59871840477 5.0966835512719855e7 -1.1331029069890377 -3.042832873263986 -18.94324832855 -11.644285435015522 66.54784780398494 -17.96402785346845 -10.911907000834105 -134.58109640369776 -298.74168548875184
509 6613.468539237976 5.096558064999325e7 -0.34051949526528347 -2.421211386889304 -19.69930611256776 -11.953178923851112 66.45882157115439 -17.983001956620797 -11.083715011540903 -134.56953976680194 -298.8827404868513
510 6617.577073097229 5.101452318280536e7 -0.7273532853575091 -2.707332639801045 -19.494107587505724 -11.856024346330297 66.56463262671296 -17.980075621212393 -10.70639772391496 -134.50695263130746 -298.1689870684511
511 6621.761518955231 5.098235527654749e7 -0.977148668598204 -2.9789460876925666 -19.36546277546877 -11.816569740389731 66.63107105637484 -18.196039699739686 -10.732970230429999 -134.6854958957838 -298.5417473358732
512 6625.795439004898 5.143896126823915e7 -4.554726278991652 -9.764174581764912 -3.5318802022199094 22.33058639131056 71.7762748715297 -17.141344624606916 -8.835483773851479 -133.40025088309443 -292.8580496373532
513 6629.967926979065 5.091046557029753e7 -30.65495168683725 -56.62501536819295 -8.647406740284069 8.863440469807937 98.35538100016832 -46.41742473601511 5.539812508213515 -155.9708594161986 -298.36298509001267
514 6634.102720975876 5.097481722719632e7 -1.5563165114057398 -3.670898778553127 -19.262692986849814 -11.795193252724072 66.70301681905543 -18.447221134356028 -10.44554045848588 -134.9297461859727 -298.58179677055927
515 6638.212532758713 5.205766913246208e7 -13.64041692475297 -26.188312800818622 -0.5848096917940779 23.895917026976292 123.30487769558594 -19.87538284999067 17.38431825372868 -135.98416463724368 -298.2415698491384
516 6642.145457744598 5.2467905019426145e7 -16.703845400308992 -31.663662409733888 6.039235927715573 27.932728668929673 129.41684222057015 -18.507955150391524 27.584521143740062 -134.99724555615165 -298.530714627689
517 6646.30158662796 5.3087136957285605e7 -14.47131529404281 -27.650127917512254 12.75317096886895 29.079943693042214 131.26832262540475 -10.870490921029273 37.369139086693394 -129.0940093597834 -297.913985153894
518 6650.306236505508 5.9234806311041504e7 -18.996671963319855 -72.05753474068086 103.3253311410077 74.83584313377536 80.28805265435717 -2.9856904291941078 28.67877022240532 -112.85695045126778 -183.9488823347064
519 6654.378962516785 5.097483262031819e7 -0.31933355897952254 -2.426891625661778 -19.72125417507879 -11.96147053289602 66.46386341463429 -17.965771161090515 -11.07460998712537 -134.521052123456 -298.7153682784772
521 6662.410820245743 5.987232409269605e7 -30.92374712508945 -78.99811756707254 101.97524234546583 133.33950800423506 191.33321833392856 0.9335406684226086 74.51193602772742 -111.79052470229317 -199.9281520283439
522 6666.463128328323 5.9986234651524805e7 -31.53692109417456 -79.66593151516544 102.7454883345801 133.52589137695338 191.46208049584465 0.9260481028319987 75.22131153411215 -111.58642274175725 -198.31289348366664
523 6670.62385725975 5.099966319069593e7 -2.4231440646583167 -3.8744723605750764 -18.77558882933367 -11.577098486346504 67.0661541552814 -18.37815124432592 -9.812992271693588 -134.85142230347384 -298.19787818669573
526 6710.077607870102 5.100827528293124e7 -0.08796746018613533 -2.0177829474864417 -19.92631358083775 -12.047865189530139 66.38914092597912 -17.82008445302688 -11.021496755832686 -134.42479075742665 -298.28907381451995
527 6742.389274597168 5.100026791493848e7 -0.5225790406016273 -2.5275515329017644 -19.640716707890768 -11.924567587002663 66.554786999274 -18.011025590597626 -10.96305462729083 -134.54478099948267 -298.2686388303186
528 6747.022336483002 5.096240837796322e7 -0.26905150842139847 -2.3708810038175088 -19.720924870503097 -11.96383401246646 66.42100246287468 -18.06839693534289 -11.373341804833217 -134.62447375961574 -298.6537072847133
529 6751.534510374069 5.098541657708222e7 -0.06408707957045578 -2.246950197186738 -19.78483320487853 -11.99525439686742 66.31271965802733 -17.8630891499987 -11.331380022447945 -134.4839439602668 -298.58525570507925
530 6787.679567098618 5.2648636540755376e7 -32.94844844426488 -85.40048774669191 11.282383562864986 47.10703397592671 161.72983464969093 -50.66958885976106 43.61182058848908 -159.01733937242727 -299.9215554081606
531 6824.056349039078 5.299915444586496e7 -37.64530921589203 -93.7961263759754 25.882388582728368 81.24068937948155 167.15053767785992 -50.31386035971127 45.42055417985614 -158.40748079135852 -295.6678322866718
532 6856.221477270126 5.1033131697042204e7 -2.251912868395479 -3.6902408350312825 -18.87404275315594 -11.61969308552116 67.00421396156018 -18.14718861783615 -9.614696615045773 -134.66518625578288 -297.87018941054646
535 6868.206125020981 5.101235109934655e7 -0.12535914441313878 -2.514031110088954 -19.628100397505627 -11.931310610413743 66.29749654564371 -17.77198349899396 -11.203851451825699 -134.339905859822 -298.2142459416606
536 6872.18000793457 5.0954471230074584e7 -0.405687072060374 -2.467677822997782 -19.460249331488235 -11.864097056936927 66.34302597110106 -17.95988055786927 -11.45704534088776 -134.59593502079144 -298.78650275501275
537 6876.155012845993 5.097778817935574e7 -0.20015219670577267 -2.4259649017469975 -19.710123283325927 -11.962299675636348 66.35147772633543 -18.044547956847964 -11.385327544382335 -134.65405962307665 -298.3334469121818
538 6880.317568778992 5.091742122381258e7 -30.317155097572268 -56.37910741122657 -8.756674097761312 8.811115953342025 98.17889473719615 -46.27396328296112 5.2979452864714744 -155.86890332403414 -298.1347978163218
539 6884.3137357234955 5.09780131438982e7 -0.11482568009030558 -2.2828969136379484 -19.763102523472718 -11.986946044489656 66.32960075947588 -17.96162919512966 -11.464168433409156 -134.54091344225537 -298.5167256095813
540 6888.355050563812 5.098141535374135e7 -0.606191930843579 -2.8407054873305277 -19.59708687676398 -11.928351186701295 66.40255472917545 -18.169405212217498 -11.050407132619455 -134.69056996467242 -298.6160944519496
541 6892.473943710327 5.1002713800548576e7 -0.17635933211737154 -2.323682341656294 -19.73907974219682 -11.977881673497219 66.3511828095619 -17.869670771449705 -11.205717846581251 -134.44047628991387 -298.2860423943648
542 6896.623101472855 5.097069580423981e7 -0.2264661660165217 -2.4184965832764753 -19.709614940948732 -11.95780501520747 66.36929655498076 -17.970701601585915 -11.281607781017101 -134.53632131651221 -298.75803581266746
543 6900.7025146484375 5.182997557138486e7 -3.973004197759437 -9.979262533790283 -15.182981174537431 17.256469084052693 121.92514077959868 -19.79597931386121 14.55198558984398 -135.8689661066527 -298.38960225778754
544 6904.746826887131 5.208032728481984e7 -13.60149249831295 -26.19856732462489 -0.5838833117931372 23.888399684944616 123.23713197164953 -19.770374655983062 17.402066552126826 -135.8485403223512 -297.85347024957053
545 6908.855704069138 5.8758642171102785e7 -14.022141931625725 -63.66450359488854 86.78158348783315 40.46142455439648 74.5245780126575 -3.484477271584808 25.817158999094204 -113.7635663199161 -189.97139212919086
546 6912.963454246521 5.2442793119078346e7 -16.34043005666848 -31.465137685226814 5.873324371470787 27.86695233827724 129.22721252784788 -18.580652845170164 26.950196886269055 -135.05040496240838 -298.8096204619
547 6916.9877960681915 5.305390088333657e7 -14.312050459722258 -27.64659372799814 12.596121918469144 29.033817696683204 131.14021768817523 -11.015529518943367 36.9729721662535 -129.3056970387583 -298.08725526691023
548 6921.031942129135 5.137351652382928e7 -4.684190589950433 -10.02441614280566 -3.778482644090687 22.265755250733367 71.87675453889588 -17.361240331717966 -8.88146182226285 -133.66290226501457 -293.8555832897241
549 6925.01367521286 5.3809114298225604e7 -41.8746202586275 -89.58294911734384 28.572389091960602 136.1298106542536 223.07569169824245 -39.774628106054365 72.08550635795393 -150.5739498408273 -297.19101047820755
550 6955.783637046814 5.3815250787734866e7 -41.876256846504205 -89.58515867463478 28.572909450279283 136.12999840253917 223.07728394792352 -39.776363253973784 72.10740544140924 -150.56553468794306 -297.1149401365527
551 6986.387668371201 5.095842569104752e7 -1.747219654742068 -3.2345541441031784 -18.956310451220247 -11.660048754862387 66.74080657105759 -18.13839953287095 -10.423552568401306 -134.75052905736482 -298.8830488042329
554 7078.0073409080505 5.097110189865323e7 -0.11461631243028592 -2.524366032698225 -19.66803744930565 -11.949972290182409 66.29382376759013 -17.910739688521346 -11.392206036764662 -134.51206459734004 -298.7361907990323
555 7108.365108013153 5.099884604827619e7 -0.26161586042954355 -3.347623434646433 -19.315801433094336 -11.814325712519107 66.23699885192936 -18.013555845306655 -11.528260528482122 -134.5178270164556 -298.14166173967055
556 7139.2769684791565 5.0967733268387526e7 -0.8328297152030188 -2.9370895275610067 -19.129991472964548 -11.715348270532292 66.38570994214884 -18.036821384444465 -11.33859317744998 -134.57118953583284 -298.51816377062266
559 7234.6721885204315 5.096766434742965e7 -0.26848154394369317 -3.4819376159679933 -19.277402102317254 -11.798168265469247 66.19687638976093 -18.130337118107832 -11.625672649983244 -134.6100036878372 -298.653954117127
560 7266.694019079208 5.1008340041812845e7 -0.26961250300512063 -3.8697561338426745 -19.164291047785262 -11.75122633678306 66.07388578918294 -18.233020605640206 -11.405974348674249 -134.62015016765628 -298.10066143058555
561 7298.695751667023 5.355683001815191e7 -43.10973369618222 -100.10876669171154 20.62547037759665 78.41303824644183 219.58411677127557 -55.0030540999864 73.47805269481887 -162.20724402129406 -298.4441308553114
562 7329.454949617386 5.578783525226052e7 -52.99798734657469 -94.58667476674768 75.69616251799388 196.9405344763825 305.07847930371577 -18.746360842138415 102.35274283062688 -134.20363371959814 -291.69952674911866
563 7360.14141368866 5.102600839450304e7 -0.9977627595224732 -3.600206874997415 -19.02188382721104 -11.6578224406904 66.64266292504665 -17.788135080633594 -10.330528498016179 -134.37959789550314 -298.30111829763507
566 7452.1394302845 5.10345572600863e7 -0.3056605924604554 -3.824894948905289 -19.135106388428163 -11.737725125518455 66.1026397188022 -18.107596023781696 -11.266390829822399 -134.5045902003609 -297.6552062776513
567 7455.975201368332 5.1036105024836116e7 -0.8019958960556011 -4.300980718383244 -18.540967894607803 -11.490593346339256 66.28287341074461 -18.04594449649511 -11.336588415091285 -134.37644061809948 -297.51648457328895
568 7486.176095962524 5.096659905411647e7 -0.7910151582168083 -4.692810095342516 -18.580297484945532 17.181275700897103 70.4979437834686 -18.618781593969004 -11.992362144094045 -134.90027286452425 -298.2254539404505
569 7517.401113271713 5.1050262472949445e7 -0.17059049442730156 -4.002773841408722 -19.244261199833588 -11.78854800539047 65.99187380127813 -18.312533885773007 -11.56739509447533 -134.61346806893914 -297.2868437147762
570 7521.526182174683 5.096978413478078e7 -0.738017057980727 -4.87788031496104 -18.99706989724441 -11.691531139881707 66.10812846968629 -18.921536222079965 -11.676148048896266 -135.1242710023257 -298.1995900686995
571 7525.607578992844 5.10184225255862e7 -3.005529355503427 -5.4362586301336115 -17.94321038817889 -11.266970960433063 66.94836052525714 -18.485672515994338 -9.520306802628284 -134.9485227652363 -298.0734834020326
572 7529.635638713837 5.141819641433326e7 -4.744607774608539 -11.57303160283837 -2.997680767377574 22.568403982608533 71.60069739891327 -17.487025116209395 -9.107231254150804 -133.61073481755363 -293.0900697041078
573 7533.658949613571 5.088621831005069e7 -28.123901649649852 -57.067332470918075 -9.507734680068353 8.44848004939649 96.880378642685 -46.99653228052034 2.753013286460771 -156.2446932153926 -297.86848844209646
574 7537.666397809982 5.091723594336847e7 -31.21670935358209 -57.915020335564634 -7.903665687889884 9.127092854290698 98.16203462600791 -46.56980364101224 5.454230059663644 -156.0813196086724 -297.9846028818751
575 7541.698895692825 5.8975900610386156e7 -14.279893539011496 -64.89177703023307 89.56338031154539 40.84335048303825 74.35288141534927 -3.540199168723632 26.35883656672206 -113.3995427819296 -186.5350626262878
576 7545.778727769852 5.204054422165465e7 -13.447720397187595 -27.11839401260327 0.31312558605653606 24.178705412088217 123.07770890937991 -19.76353300942276 17.09281059895386 -135.8496293600702 -298.6899136512809
577 7549.7051067352295 5.246412739170667e7 -16.498261095686374 -33.38178528531911 6.416965486720237 28.06986065556355 128.89489339919913 -19.24461256029224 26.406515304952904 -135.41936796020303 -298.0204496065561
578 7553.750959634781 5.306149063195128e7 -14.42753347762853 -29.282285747494974 13.149682979893477 29.253637489548577 130.84757503358605 -11.485380558493716 36.51306335682477 -129.5689639748968 -297.7532461564834
579 7557.84134554863 5.097788394645613e7 -0.10193392334797124 -4.902697827055416 -18.84182717861055 -11.623453959390709 65.68259670637366 -19.049516935280792 -12.508816258339209 -135.15064146769055 -297.7727766429827
580 7561.87713432312 5.583657129628916e7 -41.80945409980073 -76.17216903293209 59.63773726822135 105.5629995537315 252.2704483721158 -8.187102823357861 107.45920342794284 -127.35735608024288 -298.07347466227156
581 7565.835104465485 6.338268233630779e7 -60.91757915038383 -154.1812694320749 172.64118015016618 217.82906232402541 308.400176622058 -5.0296182371590135 137.90311447916986 -114.40597653258862 -187.7000235247213
582 7570.022105455399 5.102843131941822e7 -1.3384626232935517 -5.313639754529106 -18.36163836602819 -11.397183058876276 66.4567325382569 -18.495732499470023 -10.988123878648594 -134.85509169001563 -297.57866606062953
585 7582.258650064468 5.101081671509333e7 -0.00309203633105426 -4.412154860135519 -18.9880939453204 -11.701537171033358 65.66065927580235 -18.52559799850667 -11.989568891197166 -134.76354583331096 -297.83411147145466
586 7586.354880094528 5.096312533750983e7 -0.45066976471690623 -4.5328149210549356 -18.941614834902744 -11.657107708278183 65.93237459733595 -18.952149845417296 -11.98642241581149 -135.12997274984258 -298.3422226030133
587 7617.614214658737 5.0986024634864286e7 -2.1797230299034993 -6.067787000029526 -17.049377441803422 17.804036317191425 70.62409183166889 -18.84116997972177 -11.56575645325836 -135.01956138114338 -297.7812219865169
588 7648.989088535309 5.0995044111348465e7 -0.7301810351324889 -5.158809563576767 -18.57174371352614 -11.508987355449541 65.95776300370267 -18.892417654952226 -11.801624681696183 -135.0328379022327 -297.89483329637477
589 7680.0354783535 5.0914240163329445e7 -32.79179832842077 -60.1063686789222 -6.881403224922316 9.554526416912527 98.50901416123628 -47.36538225050168 6.18035458698796 -156.6086334541319 -297.9088751720359
590 7710.253553390503 5.093486909922898e7 -1.1194660662680462 -7.5433811590845 -18.621263288036637 17.09274817190728 111.10782317058005 -20.856761374813686 -12.906926266578296 -136.34717047298147 -297.93506524794486
591 7741.570776224136 5.0992799904604375e7 -1.036293914654152 -5.466340325885675 -18.419688899829737 -11.432959590267807 66.07021213658591 -18.983893574042497 -11.394694121175746 -135.1190192972927 -298.1799143920058
592 7771.935919046402 5.0991924618516885e7 -0.6783912469248321 -5.10192476809916 -18.58804523615791 -11.514791267206895 65.94652902041958 -18.89991343952761 -11.89074438844358 -135.0339530333111 -297.8240007188645
593 7802.203410148621 5.139169861856069e7 -7.76914248661312 -14.682863659713917 -1.4625612098789276 23.160227710083323 72.34901286778211 -18.654989747155184 -7.450416653846787 -134.58643912251597 -293.4814505086792
594 7833.211357593536 5.2170618758630045e7 -12.069850849961483 -27.17285164110413 0.9191982275191037 24.24867145026467 122.48664993579638 -19.29840498351075 17.20235145700235 -135.24780516015932 -297.40439481621456
595 7863.608571529388 5.899500993807937e7 -16.430825325613952 -66.7019935389487 90.8765725042624 41.40769113808159 75.0298365006991 -3.878942989917846 27.757056229428258 -113.70136856306186 -186.36705130149068
596 7894.962353944778 5.2473371038499326e7 -18.119401129866432 -34.690810359005276 7.64715566077458 28.577441943852204 129.41963003706067 -19.453480467228587 27.625258483490825 -135.5347429453936 -298.06436530792496
597 7927.225041627884 5.3083278414332904e7 -13.741437342359447 -30.124983529371086 13.142058571404412 29.26886364990394 130.19431527653867 -12.173561193889498 35.509842909018744 -129.82825072330735 -297.1614161999545
598 7959.714067459106 5.4479993925522305e7 -48.332553521674896 -105.55088883702669 36.69591568898118 111.54907488498137 228.57189787725844 -45.260417447147404 91.90313065898476 -154.7235121121161 -297.28539354066754
599 7992.32409954071 6.053645010755048e7 -65.75403988555587 -142.4133309355161 119.78127768635287 155.80646979709906 297.08888772286554 -31.74776425870425 101.39313669848923 -135.93463838458115 -190.71934709529
600 8023.22926235199 5.3012636571103e7 -13.818291984489363 -29.661238939339263 12.89233675927374 29.19334811861924 130.44420298528178 -12.048075316909035 35.58223342433621 -129.88920180053572 -298.228348990384
602 8093.216609954834 5.098675277670816e7 -0.4708191251656615 -4.578082012687101 -18.88711948730458 -11.631417984527452 66.00095508461261 -18.725232433629856 -11.53287331854824 -135.023358853832 -298.33170241523726
603 8097.155723810196 5.098874150654732e7 -1.15697232960882 -5.402648589769029 -17.996665481986184 17.42953105227578 70.52362961930814 -18.897357662393517 -11.947041057706144 -135.01695706192174 -297.78629863725564
604 8101.212333679199 5.1031875513535604e7 -0.11051274198655392 -5.165679767177291 -18.767434924579696 -11.587927703049782 65.6347925004503 -19.080554217976783 -12.220452517408717 -135.04668240794962 -297.2658207970485
605 8105.357154607773 5.103225835846354e7 -0.233430187452484 -4.9215724503649305 -18.7937818421831 -11.601667021777104 65.76213534892476 -18.863157959373837 -11.997534527597281 -134.96183868426198 -297.2950950234751
606 8109.453987598419 5.10035367045099e7 -1.194976181733594 -5.63372642255942 -18.335261555506378 -11.408737745378112 66.16924788207756 -19.085759329179496 -11.508123723160224 -135.17422195289515 -297.6656246478726
607 8113.553763389587 5.097952545521217e7 -1.303860064983212 -6.15139159399941 -18.411065331372022 -11.46801049334261 65.90940755094648 -19.564335773011464 -11.837719449364045 -135.52210796462361 -297.86575891979487
608 8117.845878362656 5.1005138377192535e7 -0.6489500653403582 -4.986111325385647 -18.640888893466304 -11.532718127074254 66.0163645038003 -18.707437142335834 -11.46502066524215 -134.92937901186104 -298.1433377712867
609 8121.8857543468475 5.1385137287242934e7 -4.252422466122766 -12.648604612115093 -2.6757066529472695 22.64090489545013 71.01270932763178 -18.556137860279534 -10.52237709598404 -134.28685836483066 -292.8265753931072
610 8125.833834409714 5.214090273319064e7 -12.563197435098218 -27.394824898734814 1.1544427819526035 24.343638343734096 122.68641300900977 -19.48856655971241 17.25497958677863 -135.4143613554544 -297.79403106330284
611 8129.768835306168 5.9002492845157936e7 -14.269273873160842 -65.90845081295355 89.9166046877855 41.00160430383964 74.06274886639035 -4.12132317739821 25.83325048313759 -113.68584679395815 -185.77168099734592
612 8133.944838523865 5.23652692018474e7 -48.042348868832434 -88.91112120792249 18.202626669766914 49.16563823478535 161.03684260396463 -48.18457568005056 43.551014178086575 -157.20468005616476 -298.16067472868576
613 8137.974225759506 5.243750123722951e7 -15.885383252187637 -34.0354649319831 6.747107571793251 56.88952490540975 132.9081107653371 -19.758315750262057 25.506648592468537 -135.64543715059733 -298.1703825793047
614 8142.098333597183 5.303167417373914e7 -14.63244948171814 -30.35781771132149 13.53918508061468 29.43435912624065 130.65864786743666 -12.02002091734272 36.3258406532002 -129.8968040975077 -298.2868177790466
616 8177.008329868317 5.2827818876112066e7 -43.976574096329784 -97.60971611352628 20.14439119622112 50.74060423841289 165.48241270671866 -52.0277434523818 52.118327039951396 -159.99466939353027 -299.00396909955685
617 8207.191842556 6.055415118351281e7 -58.59427249369233 -159.65431720959282 126.34968288305822 103.29817016963567 173.91621694456074 -37.80516927564321 89.44182296614804 -139.47726955365658 -191.48708265613953
618 8237.818104505539 5.101352469377914e7 -1.0929580400750893 -4.382697517237425 -18.76106833706872 -11.568778836709352 66.44590966455347 -18.377468222992036 -10.854234279747857 -134.7067777924492 -298.0977829808263
621 8330.716869592667 5.0998977643884785e7 -0.04656074476608296 -4.866171046364162 -18.85339000153195 -11.628496466852177 65.65377870348638 -18.92961770775395 -12.279956066904958 -135.05506306576922 -297.67030044520345
622 8363.62563085556 5.101375692801385e7 -0.059272406810407574 -4.876099947487809 -18.849600541547815 -11.626956691493174 65.65891728252804 -18.942198841883624 -12.311108734578 -135.05830087786518 -297.4622794654501
623 8393.342400312424 5.0989442425518185e7 -0.22183540111319644 -4.9792992015438635 -18.817479252120236 -11.612727648427494 65.74669502602553 -18.958598414063147 -12.125397598428833 -135.0903868084191 -298.0100861000541
624 8423.55425620079 5.0995864833417825e7 -0.4066190988866225 -5.138065685458216 -18.748634228966893 -11.579958797271455 65.82453707353285 -19.127659271924585 -12.212994285768843 -135.1758586999847 -297.65761013206236
625 8454.44428229332 5.095827643119945e7 -0.11359091765599771 -4.969675380198019 -18.77911831324939 -11.593568488442259 65.67241600836628 -19.12817250431209 -12.639581599169617 -135.21687836649744 -298.0222513976118
626 8486.424361228943 5.099975168867973e7 -0.1406100367308909 -5.1638830100893784 -18.591978651248894 17.20287630782687 70.22176207309825 -18.97683926536814 -12.281188087505484 -135.00821245600412 -297.8234885589718
627 8519.775712251663 6.030602567808525e7 -31.314878802067867 -94.06648983429457 114.81880782959541 135.61509060080218 182.31431274270795 -5.890093762972185 59.16550632590918 -114.75395107684773 -184.306782983799
628 8550.7289083004 6.0797930098356545e7 -35.951131096217665 -102.27180632100018 132.65944128386894 170.15244523484327 187.9029191696947 -5.071227154647943 62.167193004387514 -113.58456698767299 -178.25320156875046
629 8580.944661617279 5.302164780930042e7 -13.802607748787182 -29.92398776908261 13.072791271844125 29.25138975886506 130.34490743728892 -12.20086860030284 35.41510626182412 -129.91623582904595 -298.0659061133487
631 8615.258340597153 5.0993018331971414e7 -0.2945497784056528 -5.094687120972019 -18.711330533551745 -11.560370929367267 65.77536027731449 -18.991407844053413 -12.104597223779649 -135.10766855212438 -297.8652782842063
632 8619.329840421677 5.100387905262797e7 -0.600761960796973 -5.457349639099448 -18.553101623466773 -11.506097242878589 65.82623869888589 -19.13432817565024 -12.024946907957258 -135.184242482307 -297.56584298262965
633 8623.452099323273 5.0902723223815486e7 -30.523705161914734 -59.311469254266484 -8.039346293371644 9.047195545727977 97.40589138941482 -47.725308770387244 4.142929796120711 -156.72253563804423 -297.7211756441292
634 8627.618708372116 5.099183609222496e7 -0.2229479351817929 -5.046906461197313 -18.771022382778824 -11.588342091126016 65.71496826198863 -19.080512873281748 -12.37928401517513 -135.09780222012193 -297.69675022799447
635 8631.68444609642 5.086398131369977e7 -30.728203165602352 -59.771752671011896 -7.697682279649321 9.195558251198726 97.40334624654571 -47.95118138853405 3.9063696269333263 -156.93064759738257 -298.0834177403773
636 8635.836183071136 5.100289660674646e7 -0.093599080097718 -4.959362840738084 -18.813829868293176 -11.613847843833618 65.64523844588706 -19.001207114993406 -12.37760451059944 -134.99752178244802 -297.6504552662515
637 8639.950413942337 5.102995478603284e7 -0.6999826109242235 -5.4585653339648985 -18.655764259121753 -11.556998616602616 65.81229149695316 -19.090299697581145 -11.737451531334898 -135.12001923104566 -297.35521749688735
638 8644.001994132996 5.102126538633612e7 -0.631951587634461 -5.211983445696035 -18.24983588548325 17.320937226208954 70.27622352790505 -18.837006598820096 -12.118050122442924 -134.94629220652178 -297.2076270525093
639 8648.001717329025 5.142494441901837e7 -4.4164918609535135 -12.679354435401233 -2.612175071774736 22.672204060617908 71.10203169890535 -18.223776769413064 -9.782943036628865 -134.05692441538469 -292.7324387787987
640 8652.055208206177 5.213046684870988e7 -12.710199740429644 -27.516014377835535 1.2025123216079905 24.37124106641382 122.72025230674751 -19.35629475428965 17.503273868590327 -135.31414094461826 -298.1929304961108
641 8656.114925384521 5.2484349168850005e7 -16.372983225388836 -34.03912401191428 6.888942888932128 28.254159924563204 128.63533655176005 -19.5110470165165 26.287333878584377 -135.49391373805992 -297.78216435382296
642 8660.176931142807 5.301640561416196e7 -14.226552506348256 -30.203966987722545 13.331373967707968 29.35619916537475 130.43565627619236 -12.208129943359438 35.6596176115014 -129.99954620890395 -298.1188538024709
643 8664.218949079514 5.878568368868596e7 -44.665354440100145 -120.53668926742483 100.61273041843015 61.71558848526912 105.69917315336623 -33.350360613748876 41.34109895274378 -135.77159015929925 -187.2265447954366
645 8672.337857961655 5.599387017200378e7 -54.2865015441818 -93.38827440473489 74.72328296001601 168.58050597137623 304.30128013847917 -14.004228624817358 109.68303954610747 -131.3592279744659 -293.0239074806746
646 8703.404577493668 5.597150885418308e7 -54.276685182247675 -93.39654708775194 74.72841347230121 168.5833326544029 304.2974180097131 -13.923794096154325 109.85454168361025 -131.3767117900594 -293.6602632241128
647 8734.411150693893 5.300656838255662e7 -13.794234897039033 -29.958424677803293 13.085239760408633 29.258085721356387 130.32649299368953 -12.205500294631236 35.355991495641206 -129.97697791979778 -298.3315618404325
649 8795.977820634842 5.098396592973205e7 -0.02249993821541807 -5.059458090513818 -18.792337726650395 -11.605196105052116 65.60563845683068 -18.93921865506212 -12.361898733497696 -135.10396433161077 -298.09433972486795
651 8856.915855646133 6.35403125358194e7 -60.091556509447 -150.55417240255198 173.76496405184804 218.27942961381973 309.247816805837 -1.696985095966511 139.80595935779934 -112.04115483725451 -186.6995999155863
652 8887.391566753387 6.351163052085012e7 -60.0475535751313 -150.4763588332951 173.43285588383478 218.2316399687494 309.240358573951 -1.768423721269869 139.73983714300437 -112.1606524482936 -187.18861372419775
653 8918.967910766602 5.3044864252324924e7 -13.713255177705747 -29.769302212871672 12.918173700460144 29.20307989433094 130.35693337002374 -12.054757928545143 35.61946296459291 -129.86961361860818 -297.7991554308428
655 8981.341834068298 5.096167906108288e7 -0.5992698665761083 -5.820568797220989 -18.57702704231137 -11.527993933046123 65.69548717551677 -19.32365628612581 -12.048199208843243 -135.36350142992057 -298.3622253778195
656 9012.462074756622 5.09994552719797e7 -0.10286412281931234 -5.059737997039864 -18.759380923930003 -11.59150012415314 65.6394584458322 -18.97811127931203 -12.35595161858879 -135.07290938477553 -297.74879813481283
657 9044.260508298874 5.1018399945978016e7 -0.34139947392367276 -5.055845156637666 -18.677015549356085 -11.550113962017871 65.74398419906282 -18.855396193801823 -11.956995670265997 -134.98867771922238 -297.6514293642731
658 9076.125907421112 5.099001821855705e7 -0.43063313552244153 -5.163376332600794 -18.59331824397252 -11.513164546857443 65.79735210311344 -18.948093608418276 -12.054931501353735 -135.0670271617746 -297.9565331328149
659 9109.310545444489 5.1021274964884885e7 -1.4168833662165952 -6.118176923420439 -18.09041503490421 -11.316915961851652 66.10572947158066 -19.243545479825798 -11.350957033915051 -135.24737583926958 -297.49141441682593
660 9140.124945640564 5.1004684738185264e7 -2.6385801502977273 -5.859215619382791 -17.553452831885537 -11.069476398480806 66.89418008603545 -18.528973176777527 -9.879127733360406 -134.9409220809212 -298.2617406372948
661 9144.067830562592 5.101193988418124e7 -0.5529330494968292 -5.576415766586578 -18.16574263222713 17.35237254444292 70.16994321434508 -18.97021720651071 -12.290192358934803 -134.9512077081032 -297.44103602935525
662 9148.097906589508 5.141270952744092e7 -4.308633663197682 -12.94745209885464 -2.59077669106388 22.68360860512028 71.01816184866071 -18.436975623483704 -10.245105571558952 -134.17793424629758 -292.6422286605599
663 9152.133481502533 5.088553290052105e7 -30.52913014248594 -59.683402308266096 -7.879591347638481 9.112851628239476 97.33177768671133 -47.892731947002176 3.9073212068364 -156.84335920667684 -297.8252015408893
664 9156.19351029396 5.893570545433058e7 -14.12745671731112 -66.00077374638217 90.13386214463213 41.02221584078287 73.94219962726659 -4.366194647013515 25.291966534715584 -113.90571357073782 -186.63023077200444
665 9160.330055236816 5.214949810679023e7 -13.569958724236741 -27.793224971414382 1.5443830569620047 53.263757341055324 127.52936067907262 -19.169633716475516 17.95845173034536 -135.24017897800212 -297.74542853486975
666 9164.417337179184 5.2495433271463744e7 -16.294069634895862 -34.28851014660537 6.95646847701412 28.276141103060052 128.54979955985277 -19.549603056496665 26.25365870893677 -135.45285242817954 -297.64904706200525
667 9168.404198408127 5.3043618700579494e7 -13.354738093680325 -30.440988413109654 13.057842928655006 29.206981236699775 130.09351266139882 -12.497315232787628 35.21576541228933 -130.03909427472985 -297.96113396288365
668 9172.43939113617 6.062379516612846e7 -34.56035779149887 -100.19672045615519 126.9291999983871 113.97688356017508 143.20260676414452 -3.7197573431415663 66.60194650725316 -113.62568725039301 -185.34466590820745
669 9176.380784988403 6.0642105309404984e7 -34.56344059446461 -100.19625456831707 126.930090134733 113.9775381786972 143.20468876988681 -3.690369663176341 66.66168957471564 -113.58529742020869 -185.06025230050597
670 9180.521941900253 5.1002526861444674e7 -0.44521495915714127 -4.012178645925157 -18.748064434760508 -11.57759175511758 66.04442199279899 -18.16055371380429 -11.605640920172618 -134.61560331743715 -298.0250327065862
673 9192.691306352615 5.096943259319958e7 -0.09136415543478904 -5.29280184425285 -18.821383295725788 -11.624083812285196 65.57115384559113 -19.145156667584843 -12.43369219363666 -135.1864202803328 -298.3390877399768
674 9196.79622721672 5.099936883842327e7 -0.2824882992522646 -5.981552894640249 -18.910810017317928 -11.682255643134077 65.46522157259292 -19.62304776495489 -12.432851861654683 -135.4846389681524 -297.5426510383844
675 9200.873334169388 5.338045662203134e7 -22.39380960501073 -53.26724498910826 18.771472097589438 89.7841036355076 228.88080121388617 -23.166746172358557 49.16196027063518 -138.1935263192617 -298.6997889041221
676 9204.933771133423 5.338813252291425e7 -24.141075845006753 -55.05180936956541 19.706913837629266 90.20203166134623 229.52180379824114 -23.58087213775542 50.66352521521651 -138.53338022851784 -299.19942692982863
677 9209.170721292496 5.304788282287421e7 -13.601381083852715 -30.199453011621255 13.064566993144183 29.230709704230602 130.2600327751921 -12.28727853851774 35.519687350268555 -129.97051901512356 -297.75177337140394
680 9274.691479206085 5.09691563616661e7 -0.44889588781350653 -6.6007992520315 -18.898749235311634 -11.69512807880438 65.36636562520054 -20.043904652195636 -12.500417708542273 -135.8431351837316 -298.08096818794735
681 9306.596443653107 5.088667240226103e7 -0.9368118616996668 -8.395103288949816 -18.840889524936678 16.9759536206677 110.90401655158965 -21.647521294034448 -13.480561965415745 -136.9570066318675 -298.4747000301009
682 9337.811589479446 6.04113509822834e7 -65.85517931586904 -153.69455992036993 130.13115301157814 160.45628606404222 221.0354434318668 -34.35216881686432 84.10377033866575 -136.45164918761947 -185.8860539570805
683 9368.70332145691 6.042175246537245e7 -65.52800620649242 -153.41027543284395 129.82007440126756 160.34613390338382 220.98608037462142 -34.22850666768534 84.12188436967324 -136.3403514672047 -186.02130016579082
684 9399.803250312805 5.305216334391719e7 -13.803657857905776 -30.28356367256962 13.140784268642946 29.263373153934786 130.34369060250006 -12.270787215059443 35.71371936930291 -129.96180794556 -297.6852260005877
687 9441.180458545685 5.097465607121728e7 -0.5158716686792388 -6.751401832173599 -18.805320168019286 -11.657790760178337 65.37156178452436 -20.12378257165068 -12.703367077404891 -135.81966687185428 -297.77219243008227
688 9474.328085660934 5.096392400111979e7 -0.9465285487009965 -7.51685266497276 -18.563537411139038 -11.56530176565995 65.45845052037315 -20.52924488970592 -12.275659789629628 -136.12762066498664 -298.136551160625
689 9506.476072072983 5.135030049588032e7 -4.290756548104241 -14.277369571572535 -2.9555866252978547 22.498721996068344 70.56164181472204 -19.697961948361353 -11.002972561121624 -135.04735921557727 -293.21035051830575
690 9510.63922405243 5.0863360692555256e7 -30.548738504727197 -60.40180282656091 -7.750350049653299 9.192779119158168 97.36016437372267 -48.43933475157621 3.6877448149117527 -157.23655525569922 -298.08060456990086
691 9514.65029501915 5.095674411200788e7 -1.3227551205922339 -7.089994683811597 -18.513969600342087 -11.517624473740131 65.74312764017104 -20.223342864285144 -12.056616743792404 -135.98873278348503 -298.14514107162057
692 9518.727727174759 5.0995980984272674e7 -1.9155589517544058 -6.9284443059546135 -18.303101475011644 -11.430392503805866 66.11951322052255 -19.844303456607747 -11.185451753207929 -135.68453456723518 -297.86846848988057
693 9522.831848144531 5.0944524310546234e7 -1.180371453441282 -6.552480118732305 -18.642823428448295 -11.585791502596656 65.75176590781871 -19.94307883334926 -12.10914776972902 -135.79128542011722 -298.3386801970489
694 9526.962938070297 5.105032434604006e7 -5.276173947459654 -7.786166621944776 -16.80648250852036 -10.78256843989396 67.87704851245107 -19.224739503813282 -7.999692190714484 -135.38043356944803 -297.57598188894957
695 9530.889850854874 5.100514085540006e7 -3.149072688308948 -7.519089411322504 -17.33610988072852 17.674279331578454 70.99640364652927 -19.6934073980907 -10.651243657038663 -135.6083059725933 -297.55521307312415
696 9534.83591389656 5.213365621494e7 -13.488355649172036 -29.12854336385888 1.4231678012068514 24.395000423336594 122.71984079803315 -20.266910315883536 17.853838295378296 -135.9714997241847 -298.02594886089463
697 9538.874384880066 5.242764114893134e7 -15.25244322011936 -35.45612800549871 6.322279740162131 27.93858120655243 127.59400958938339 -21.075413001460277 24.263451294462698 -136.4708290222449 -297.813341386615
698 9542.911462783813 5.303136591800349e7 -18.56777336456483 -33.13072956012305 15.172573910332687 58.82977912363759 136.42570693282218 -12.852150329926303 38.48820469153975 -130.59899700212588 -298.0737241617526
699 9546.917502641678 6.0330135672444604e7 -26.614719396325427 -95.62548339405176 113.83303328970716 79.96547852601417 134.88204347802113 -6.924285186458121 59.74220409988402 -115.62255906921291 -186.81625336287146
700 9550.960730552673 5.095244421229207e7 -0.8533998779497267 -8.400394138483641 -18.871747954890925 16.961577309931382 110.86188753955871 -21.491603355816665 -13.154582971666173 -136.79076449490805 -297.5850992379236
701 9555.087530612946 5.984273046082235e7 -21.092061518245785 -88.24697734642254 103.5831729115419 103.37283240748097 173.81721987213012 -8.4490210047054 48.32435357826705 -116.82307685682213 -187.83798717740967
702 9559.265507936478 6.028980862048286e7 -26.351328081920656 -97.00961326243609 119.98155173861507 137.8631411739894 179.5925439280838 -7.800014599087831 51.586053392807685 -115.90016497637515 -182.85002924655265
703 9563.412455320358 5.095741538083566e7 -0.6351606166278856 -5.842080707249753 -18.79640058273113 -11.648268470299751 65.55785330079175 -19.60918222173808 -12.630995502604264 -135.5503374239671 -297.8494343325244
707 9687.87093782425 5.0956646345878236e7 -0.18397142269270716 -6.535529023378075 -19.0386257058434 -11.758846189549008 65.23047787832789 -20.16952902374163 -12.856353347304548 -135.91133649528598 -298.2088768306992
708 9718.361880540848 6.291069924333388e7 -58.67143074907354 -132.54036792519872 168.82762215039517 215.54786077303805 261.04893041667367 2.736326828037022 121.2041212930925 -108.52722221728334 -181.83574170847118
709 9749.465171813965 5.30513227369342e7 -13.609032077476783 -30.663480991515236 13.017927547337592 29.19884747090295 130.06974582919622 -12.537135945143064 35.45472010887238 -130.16787453432363 -297.67858671772603
711 9810.609145402908 5.0892345189052895e7 -0.10103169733230288 -6.438298575188867 -19.101370358359524 -11.789299995485738 65.18911000604216 -20.42878584302582 -13.506754545758781 -136.16517881803946 -298.6582615537316
713 9873.294706106186 6.131645149198229e7 -65.60392899774509 -155.59296185739413 151.14382845688903 195.45112810289493 227.50631525020543 -25.67894657587044 94.5240971821994 -129.5126700781438 -182.3419477683242
714 9904.99982881546 6.134686928826394e7 -65.7045808362089 -155.75574224138586 151.84459356236573 195.5538824263869 227.52234438699475 -25.779077887422034 94.37683495659826 -129.55652196846205 -181.5646406554547
715 9937.763657093048 5.0962251569580875e7 -0.058017106228192006 -5.642835272440749 -19.277191592321948 -11.848574494967725 65.3352225264864 -19.74601288199051 -13.044387893505132 -135.58434673910511 -297.73468061571157
717 9974.819887161255 5.096054368780172e7 -0.3331458161920722 -6.171869697022359 -19.034260536866206 -11.751488688992776 65.3820257444704 -19.945195969659835 -12.624497947562645 -135.7624427745987 -298.01640339378014
718 9979.001743078232 5.098640689992357e7 -1.210306021801614 -7.5730692474681724 -18.52216702790892 -11.552882810069224 65.55505183081063 -20.50510978605439 -12.075651446576444 -136.10712872075857 -297.68545532609556
719 10012.029124498367 5.0963518437008575e7 -0.4089436352439577 -5.653538540063735 -19.06039263911584 -11.741863242277379 65.71427639498712 -19.453843903982374 -12.007910754789805 -135.4944625530161 -298.3187803081938
720 10044.906577825546 5.0932845882818244e7 -1.5120855477448174 -7.044054410902323 -18.369265931522385 -11.432900455014792 65.89300731803135 -20.133413830385734 -11.88427552581578 -135.9886436844481 -298.55124969174886
721 10075.417637348175 5.0997046691492155e7 -0.9329145196334139 -5.638155538456239 -18.558293815071558 -11.528270671877678 65.90330753547813 -19.16595599440717 -11.732409110327808 -135.2257805234326 -297.72992121608365
722 10079.466383457184 5.098210443990962e7 -0.12753235761893222 -6.891099813166274 -19.079747649685224 -11.7816810000818 65.12029848557862 -20.503910170596725 -13.105061715170109 -136.04895892772015 -297.5009943261562
723 10083.646130561829 5.1376776442741506e7 -4.089786248250263 -14.282766691035334 -3.143602706717047 22.414184805395696 70.42204459290366 -19.794244549554037 -11.221471943660617 -135.06257602952945 -292.72381162748883
724 10087.836436510086 5.0965093463966995e7 -5.058627175896447 -9.854872371923065 -17.067413759048144 17.704323175471075 112.52524041997198 -21.074898895408694 -9.782251625675315 -136.75130207902708 -297.94253764980726
725 10092.044931650162 5.212699467079926e7 -12.548569158098644 -28.770470858501227 0.9569244129238186 24.193492658182986 122.25872699927763 -20.315072009132223 17.060945233933808 -135.97134676870832 -298.020434296891
726 10096.050859451294 5.893357150583677e7 -14.553941904172092 -66.96843683064003 90.04550135470231 40.95457418602791 73.85342925579445 -5.080259564467724 25.185633142159304 -114.400841527475 -186.34272050792663
727 10100.155425310135 5.243994489847381e7 -17.054316838491616 -35.06704794726207 6.974632842930909 28.275075233568383 128.65848036527046 -20.255449706355137 26.01229128597913 -136.0324849123835 -297.9958831443964
728 10104.164222478867 5.2925651319051996e7 -46.20159099669918 -85.3718687402059 24.867797128412803 50.357346116604376 162.82444931393252 -41.03398790409324 52.96430077876266 -151.75179154782813 -297.89300584922864
729 10108.183736801147 5.294781850140878e7 -13.407423542385658 -32.70867090084133 12.41151773909348 57.62008595598815 174.9960413310472 -14.727023838629407 33.272579418888654 -131.71350239503403 -297.87544216346066
730 10112.250802755356 5.080106144544701e7 -21.572466804565437 -54.96151343689861 -12.961633857697372 6.98905277530746 94.03925301386788 -48.30719807355723 -2.918802655327795 -156.94285262644524 -298.14369960145893
731 10116.41078543663 5.07972161376839e7 -21.574825891575614 -54.96392307577328 -12.960495936349822 6.989526379478821 94.03997883147711 -48.307031272384336 -2.922376495626679 -156.95034009838622 -298.2205689103766
732 10120.482820272446 5.297212516635779e7 -13.552069272451618 -30.964679512589413 12.898913627189899 29.146314394852094 129.93473916129375 -13.161760208829776 34.64191985054754 -130.69265168018995 -298.3750258290075
735 10132.729078292847 5.095234536107158e7 -0.2938626753914235 -6.437094407922647 -19.033249778011047 -11.756372337200823 65.29217241627042 -20.251894826465104 -12.94814166954069 -135.94566778888816 -298.0369947951575
736 10136.721687316895 5.095914108573505e7 -0.046232254956606766 -6.480914894225268 -19.042941789243017 -11.770733263332815 65.09671230815289 -20.258214659093255 -13.254550332185715 -135.91232072540447 -297.81003802853706
737 10140.902829170227 5.090027080723947e7 -0.09639846740664382 -6.437755215360028 -19.103450466447136 -11.790222357495857 65.18689862358265 -20.41892382829451 -13.481922666924447 -136.15495563261624 -298.5578496804549
738 10144.869823217392 5.0951505102248766e7 -0.2701669166313536 -6.485607150912369 -19.019687065500207 -11.752276673975242 65.2699744222309 -20.212140474427315 -12.986891166722387 -135.89341988376685 -297.9268981332359
739 10148.973678350449 5.0949568559278265e7 -0.25155237393451557 -6.755852054386224 -19.034396578680692 -11.75308014457358 65.21311713923124 -20.307967045435134 -12.914223926909017 -135.99547797678315 -298.15809132495247
740 10180.221992969513 5.097843357238381e7 -1.2917925675803588 -6.7583578968882705 -18.516988210466266 -11.524571968724292 65.76888924018209 -19.877589826030373 -11.756946129278106 -135.710062319899 -298.06941722497066
741 10211.16496515274 5.094445134519442e7 -0.22024770394030213 -6.468011926986275 -19.043266051999197 -11.762801046881869 65.24740141836138 -20.279755661099784 -13.09286526528706 -135.94846529337934 -297.99746813684806
742 10242.142587423325 5.08467627928853e7 -30.127652101444724 -60.16097003975392 -7.952811495538484 9.104202902256095 97.18843096885695 -48.517170944860084 3.197306605181268 -157.23305776477144 -298.15602913022036
743 10274.23645734787 5.136442197634327e7 -5.182361052081873 -14.301820638503642 -2.6111066397287956 22.649739535160734 70.99736810044118 -19.42682695820156 -10.175211954821918 -134.89590663249624 -293.26809131132603
744 10304.874138832092 5.893757592963109e7 -13.970976378303419 -67.33843238580863 89.6797395812732 40.78752171532214 73.41690141988089 -5.578151487638252 24.49556269931395 -114.71118988396927 -186.13945405459867
745 10335.602647066116 5.2076176641090006e7 -12.536912864025169 -28.851377704788554 0.9377729719001522 24.180809972252877 122.22717113550574 -20.63301507908136 16.509534751727756 -136.21633379270548 -298.4292033896959
746 10339.50656414032 5.244579853419556e7 -16.451418217473858 -35.656877091622135 6.695984534459555 28.109343249121014 128.17365877071524 -20.73570368495558 25.593249129946344 -136.27846150284938 -298.07837741867525
747 10369.405886411667 5.297949777145082e7 -14.169743205010676 -31.90085165028446 12.870514592007972 29.141260489775167 129.8249036854864 -13.6444479591446 34.71645817333217 -130.95446942566394 -298.1935642596425
749 10432.859282970428 5.292550653245985e7 -44.642678248667394 -85.56582413084445 24.158019464005697 50.10876391224953 162.08109188392493 -41.68227984814598 51.61889547289991 -152.05154975089005 -297.7655161680002
750 10436.959584712982 5.402880780439133e7 -54.95914494901855 -106.65244696898034 42.62812677187479 85.44340273795754 218.07125347816242 -42.129248582614025 79.25726872966743 -152.4275748543355 -297.70242152340825
751 10441.014524459839 5.096200668808154e7 -0.09887911127923132 -6.6123775252467425 -19.060455872435305 -11.770276902866865 65.14894824941268 -20.225078642086203 -12.983621008335888 -135.85868789282802 -298.01801828356406
754 10453.262266159058 5.096721855673989e7 -0.035082596854124404 -6.567719929035086 -19.08623283370114 -11.781086859527075 65.12736055627337 -20.333660503694034 -13.188178543748165 -135.96079597486772 -297.6784363550009
755 10457.449674129486 5.094358839669112e7 -0.03750856758081511 -6.500590849366738 -19.113281973172278 -11.791611365605021 65.12833351213096 -20.20646254919228 -13.027865656512688 -135.97693941619661 -298.2592725473697
756 10461.460943937302 5.464260069765694e7 -32.963004995601096 -66.30299163168652 51.58667560213857 157.5116331954966 242.85270481123058 -14.776962344593471 68.36599287284184 -131.10211594684915 -292.1067692718478
757 10465.433515787125 5.46538077873313e7 -32.8787929656051 -66.22995246911515 51.542357397758444 157.4974250321116 242.83100021020795 -14.500734546119077 68.76558809948847 -130.85106304756903 -292.44763212822636
758 10469.571254968643 5.092256170901121e7 -0.018840164928803915 -6.641165258657065 -19.085717256422548 -11.781415339648014 65.09503735814114 -20.462575924545433 -13.399229410173177 -136.1542119365871 -298.238406458078
759 10473.690993070602 5.094563411701354e7 -0.08287777705542965 -6.7704848945471845 -19.026675690870917 -11.754144650020024 65.09915905619388 -20.508527382521606 -13.40180707116582 -136.13783957172967 -297.9302468725729
760 10477.721135139465 5.589184239025764e7 -78.24500949552956 -142.90389278797352 83.89316351528055 159.68631773993948 288.11461619432106 -41.48519108543883 122.28085474434602 -151.8310150479528 -293.3936132704741
761 10481.807256221771 5.593052801779794e7 -78.42951809718417 -143.11403050058448 84.09986628631603 159.76177198381782 288.173698141096 -41.32599338681473 122.62873434324831 -151.6439700743348 -292.96960854634835
762 10486.01799440384 5.296612894509224e7 -14.088956492029936 -31.795429130708342 12.90101792796569 29.146277230663788 129.8330575657288 -13.660632233025126 34.51241338219745 -131.00190834907994 -298.2912013842926
765 10498.588407993317 5.095334337928474e7 -0.06262454972487319 -6.625255247836602 -19.084898742852154 -11.780450817052557 65.12029915205274 -20.33926663370852 -13.150305262334825 -135.97529569192034 -298.0004452431334
766 10502.672837018967 5.0949287928646386e7 -0.19975832616550804 -6.82203870595114 -19.001812532416075 -11.740570114148316 65.15891731070862 -20.34860379955296 -12.95469851713682 -136.0117973741378 -298.1387715798427
767 10533.516547679901 5.0952148742028154e7 -0.1579524777979202 -6.676409449947318 -19.0387484599896 -11.761145507356208 65.15946965895402 -20.360420558241913 -13.14705667204197 -135.97552392888178 -298.0341680861312
768 10564.63128399849 5.099850593174202e7 -0.3013272289129816 -6.7760164896012824 -18.879225605111905 -11.696674004356293 65.16058941192928 -20.169096944126693 -12.759637372619295 -135.7938503957132 -297.5146197084154
769 10596.415793657303 5.094224166683955e7 -0.560070327159309 -7.178212511020234 -18.80129923256746 -11.664631332613013 65.27902976341718 -20.522534607471812 -12.880939043605167 -136.1564114417418 -298.1963914242479
770 10627.58086180687 5.1388834704425685e7 -3.893704109819595 -14.314799975942325 -3.0632581432809367 22.440350314954028 70.3201109188423 -19.738916490244776 -11.166353652356406 -135.00134827282972 -292.6414800560357
771 10658.050325632095 5.0866362410155825e7 -30.1738821842186 -60.36901823910679 -7.874145556835771 9.142489428548643 97.17298582316434 -48.52008872631609 3.3516366480059787 -157.25541844263194 -298.02243467558037
772 10688.735934734344 5.097347627070585e7 -0.21853324288683496 -6.690971481241235 -19.018256511433016 -11.752231343423361 65.18799389425156 -20.339162132577314 -13.039185820238572 -135.9394202023871 -297.64499493573715
773 10719.324569940567 5.096411725512519e7 -0.2823676198997589 -6.819461584479022 -18.95920819314601 -11.723784986316215 65.21189724672213 -20.385187583786035 -13.003454689420835 -136.01808712389948 -297.80675570235024
774 10750.138714551926 5.8927705717943065e7 -13.918553637766763 -67.55177273122146 89.73591814909891 40.81248297162577 73.33933095721335 -5.627498754872363 24.46786444633176 -114.73119783407748 -186.36640673852582
775 10780.48706817627 5.208399877359577e7 -13.041983423949205 -29.22992252729289 1.1369609141285721 24.276885348585033 122.39459517092197 -20.611493886560766 17.082998080348034 -136.23132264175553 -298.46664690105615
776 10812.051131248474 5.2245838754938155e7 -8.077856081765376 -20.309660597151694 -7.302663422745098 21.699683051473215 127.32976732840812 -20.83844698306757 23.59047090277579 -136.3475624054842 -297.6605820152854
777 10843.239362478256 5.305033975341768e7 -14.289515070031143 -32.11033018200153 13.093225919048265 29.213418815974638 129.86688547652273 -13.533613885117973 35.13707667444464 -130.75889984339415 -297.2568002659229
778 10875.208984375 5.0992533314562835e7 -0.25618026090729984 -6.935651818342901 -18.94886832847748 -11.72530538135507 65.13559638226707 -20.399932550489837 -12.996801874543905 -135.98543960573113 -297.3354417483298
780 10912.204140901566 5.0932668372954994e7 -0.11902121918443243 -6.696362734909524 -19.05111127689524 -11.767233868880204 65.13537810324569 -20.487782170768924 -13.39704972213849 -136.10815854098524 -298.10836940993516
781 10916.484402656555 5.093923474315582e7 -0.16708430982437505 -6.764993389428675 -19.02341895335185 -11.752559737253936 65.14990788004299 -20.509987549986306 -13.351810523842914 -136.11664575196386 -297.969172354855
782 10948.51973414421 5.097017438788304e7 -0.16049513933099036 -6.719044135545349 -19.036537389880458 -11.761241623238224 65.15215393495953 -20.258254576034744 -12.8744428602202 -135.89739091349867 -298.04688422151435
783 10980.896698951721 5.089610547955328e7 -30.05837031384749 -60.34712010768029 -7.918701198776461 9.12225947161238 97.1132633752441 -48.39849970375775 3.5487478043636997 -157.09877868676637 -297.7767766999351
784 11013.209981679916 5.0975099623385765e7 -0.02711640381058089 -6.645665709343209 -19.08278855691433 -11.78020858507772 65.0983868777573 -20.331073346020275 -13.164833368375128 -135.96175544156563 -297.5925676015535
785 11045.801435470581 5.094924839921653e7 -0.2444333613453864 -6.922621015599351 -19.002228258764738 -11.753170192756173 65.11740813226196 -20.580858325824863 -13.308575491422573 -136.13428565716316 -297.8429598411173
786 11076.715139389038 5.0952203722885124e7 -0.13338630717620958 -6.817184697723956 -19.001561553802055 -11.746841752932028 65.12472775838428 -20.475816630642782 -13.285911685187727 -136.08147192905614 -297.8760273792915
787 11080.743972301483 5.096245043916254e7 -0.1854475649288787 -6.747023506054891 -19.019782702059395 -11.754507761965918 65.15960137660927 -20.352628740959062 -13.031407178139943 -135.99803162919426 -297.9099508086227
788 11084.887463331223 5.1411329793740556e7 -4.298874820513589 -14.395161957863188 -2.943423014735714 22.4977754113888 70.51099442615299 -19.62624200618592 -10.826183236324482 -134.9100658122822 -292.31753859798846
789 11088.949117422104 5.8864548543200694e7 -13.915793365966863 -67.50708552800836 89.74108474926636 40.81299222681331 73.34674382015739 -5.890103082849635 23.91304968172028 -114.99154473539295 -186.95279195894796
790 11092.943678379059 5.212680753986612e7 -12.490725554260933 -29.05873875412631 0.9537310201383633 24.197658781336635 122.14542776161147 -20.63555099505345 16.698734880759275 -136.16375255880342 -297.646701622729
791 11096.921358585358 5.24458487249e7 -16.677766764415324 -36.00528893105446 6.94820926945664 28.20072019730923 128.20369171620985 -20.885686752466654 25.65446142625933 -136.39900287830028 -297.9016961529495
792 11101.044077396393 5.449614237086943e7 -30.099778484367107 -60.98311421395988 38.82491825523972 69.06165975419295 192.68306859727036 -14.098962877953682 73.13489693660222 -131.22218931807254 -297.84866325388373
794 11109.159455776215 6.280462607159986e7 -54.242970510455564 -130.98308746631628 165.46826707834146 214.17790731733618 258.74473136876304 1.4038064405259547 116.10990839677709 -109.33259215105528 -181.67234732959014
795 11113.271701812744 6.27978955829977e7 -53.61268914114993 -130.82712539259063 165.18641906698207 214.05006631135382 258.42314868172645 1.1043052455360112 115.22272629545762 -109.4976234182256 -181.36761099128023
796 11117.263879776001 5.0941972298596166e7 -0.2618311083945173 -7.059019859192652 -18.9229249342762 -11.715366667622394 65.106355004169 -20.663691449427233 -13.390426757717762 -136.1846758684348 -297.9535516663185
798 11125.542669773102 5.094960500145713e7 -0.08146583903712212 -6.650974604035735 -19.060440761425845 -11.770007677194616 65.12573343179145 -20.320528761178252 -13.136061116399219 -135.98766428184337 -298.0346624875
799 11129.625044822693 5.0904925757950045e7 -30.6340832554736 -60.58565250757424 -7.662638608251164 9.234180577464254 97.3706165768123 -48.330636207255736 4.069340400447402 -157.10109485285153 -297.7207794570629
800 11133.691716909409 5.099100430516463e7 -0.08161505658610224 -6.626180918015528 -19.065882761852727 -11.772695490033065 65.12776818886468 -20.29760829024019 -13.033673913430903 -135.87985470669372 -297.4455850102906
801 11137.683713197708 5.099977465462661e7 -0.12654448821318454 -6.663189961944724 -19.039621150916588 -11.760786395134872 65.14690288245025 -20.245594316150346 -12.956054917975052 -135.84338044273386 -297.35708915854775
802 11141.706178188324 5.0967615864119746e7 -0.4671992908199485 -6.709684084937624 -18.90384094795197 -11.6994365150003 65.31613960475237 -20.235041390161655 -12.767529533160825 -135.92208459539535 -297.86457446314785
803 11145.733642101288 5.096421275129949e7 -0.12487859622035558 -6.761983567171363 -19.04790398877534 -11.76829776773646 65.11190544645422 -20.357150434596065 -13.095151732080978 -136.01255706977128 -297.8579975416273
804 11149.896312475204 5.095313464208844e7 -0.028993287749358387 -6.6431908867933736 -19.08154115880528 -11.779544994794282 65.09991870049932 -20.349445430387448 -13.181028541400167 -136.03553108572288 -297.90916338636913
805 11153.975296497345 5.1407253659411006e7 -4.30652319703168 -14.430830720859799 -2.9479527104756613 22.49544479962872 70.50701477408109 -19.56121560884884 -10.65967986989449 -134.90186761262834 -292.5954671910515
806 11158.034788370132 5.08634725979953e7 -29.612303210101146 -60.282600283506724 -8.098016517855651 9.04086417906461 96.89426011238103 -48.52219890024679 3.0013388339434073 -157.23021819867085 -298.0464468198468
807 11189.039034366608 5.891769581536145e7 -13.995302663513314 -67.57656584635639 89.76037262978866 40.8215196920643 73.37314559232651 -5.759274981386227 24.25774196794839 -114.83370180357406 -186.26802979788386
808 11219.867419958115 5.20958171885728e7 -12.620204336621597 -29.11079052641785 1.0090464060367594 24.219076964397868 122.20412021444423 -20.704162717898384 16.5984587345406 -136.2900221576628 -298.06980200176116
809 11224.344421863556 5.248130770562984e7 -16.52813264992632 -35.830398361386635 6.8596225785744736 28.16612032832909 128.19660443422973 -20.709842321694452 25.73891861898005 -136.22739889218423 -297.53644686599887
810 11228.986882925034 5.302928858319049e7 -14.252758943535966 -32.10042271946027 13.082390085322722 29.208121627779057 129.85056315669024 -13.431443023374129 35.24942741191751 -130.75132945889447 -297.77052734951724
811 11264.721561431885 6.128208456549326e7 -70.17802649066923 -159.0393843250351 134.51592502260146 189.63906906055814 277.1385093007928 -34.34221486611051 110.69683364307355 -136.64406233581724 -185.83439328142714
812 11301.526848554611 6.125006824947244e7 -70.25840813676572 -159.04769009232743 134.5508954905308 189.65462570387922 277.18034653081065 -34.245641532050286 110.88777368394187 -136.7088175495408 -186.55045607887263
813 11333.870904922485 5.0920270797420986e7 -0.21822956654879988 -7.120033976332802 -18.927176019420635 -11.717450086876308 65.06898998814417 -20.674777561645215 -13.394167416211133 -136.33177789466686 -298.27650715319044
814 11338.071853876114 5.091690070287787e7 -0.40748026734902965 -7.525155412625573 -18.781876159423575 -11.65807590075121 65.05986258294938 -20.985596705213368 -13.590787594332369 -136.4268405422145 -298.185235106929
815 11342.10944390297 5.094902820248173e7 -0.9529510522549884 -8.728577289194885 -18.346437106494594 45.932984913141645 115.42048398888838 -21.46882085801792 -13.191065113311652 -136.74510627277095 -297.7386808550751
817 11350.270728826523 6.2443446141095646e7 -40.65688916245591 -120.90239869331305 156.18226503764083 180.10441251155868 203.2552117756724 1.1145634390553596 100.02208987874167 -109.09351393423549 -181.20741766081136
818 11354.252989768982 6.244041655943939e7 -40.66750584299439 -120.90458306934163 156.1859731417902 180.10610329520313 203.2595285462934 1.1094214720970967 99.9951175435184 -109.14129856573402 -181.38194842617128
819 11358.254173994064 5.0955812785376124e7 -0.2537958259315758 -7.258191880376785 -18.882662514670976 -11.698698070190652 65.05070129403114 -20.654170749087825 -13.231541292336885 -136.20528950217704 -297.84954960442974
822 11370.525802612305 5.0922282912599295e7 -0.12281698968449462 -7.15023092899462 -18.95087133281875 -11.7272418768178 65.00248591594831 -20.701217001693692 -13.526617733880869 -136.2778564061682 -298.1980834513892
823 11374.58173751831 5.889954369899549e7 -47.39818151154893 -119.70403478646332 102.45458301500287 119.92352393179132 157.70494889386026 -31.381063616122503 44.556286813602924 -134.52549882113573 -186.51763650862034
824 11378.64549946785 5.894775922164149e7 -47.656790933729866 -119.90759347387856 102.62710398330171 119.99831445850532 157.80348602302064 -31.29527091514086 44.99054674417164 -134.43773445627045 -185.73238480308083
825 11382.740565776825 5.095089320109821e7 -0.04228556367729652 -7.007631951154977 -19.001507908625392 -11.748347542906856 65.0058333031414 -20.49898944345796 -13.220636510085512 -136.12512953929064 -298.1171394929154
828 11395.079346895218 5.091898928464134e7 -0.032893430602200624 -7.1566433969596055 -18.990906374296642 -11.744619399541214 64.95533736834811 -20.79938213007341 -13.672487687064915 -136.3203962130956 -298.2868341022041
829 11427.099819898605 6.23407487026042e7 -43.62399098078613 -111.09545525581264 137.53090427345523 174.21285929574563 253.39501438608485 0.34737306475574314 115.08733368506887 -110.41812680098946 -185.7284794059118
830 11458.878240823746 6.35401988011584e7 -52.66107054487391 -132.2792298484675 156.61672053710416 209.64464137206306 309.0263950279677 0.148103246499943 142.78143874577313 -110.30776251274352 -185.1804120261179
831 11489.495918989182 5.094611359449173e7 -0.2507126188564115 -7.4388613363581015 -18.83599775090176 -11.681529419815345 64.98991472954218 -20.75854479215826 -13.426599210209304 -136.2355458989233 -297.98763228094344
834 11581.357367038727 5.093982503729375e7 -0.030196666330624566 -7.166509537380179 -18.985931243084416 -11.74279715558151 64.95214697619747 -20.749248773633497 -13.596586574073399 -136.24645424196643 -297.98192303275084
835 11612.16165971756 5.094467929301375e7 -0.04163513104261085 -7.161302619080519 -18.987007635585982 -11.742899740942839 64.95892265326557 -20.73290086960344 -13.56181197447171 -136.2535588229399 -297.9443976867136
836 11642.635046958923 5.094898015663835e7 -0.07045177240625833 -7.179169258089512 -18.956988242543524 -11.730781490246777 64.96037036588939 -20.69983039471174 -13.516441964854494 -136.2191854225452 -297.88688705608365
837 11673.861781358719 5.0939583151014045e7 -0.12018971328728867 -7.254352160497479 -18.94314355509061 -11.725241444801341 64.98312862804806 -20.683386219596855 -13.368305812596418 -136.23701772175548 -298.10581180029124
838 11705.869317531586 5.09633065622725e7 -1.086990530410759 -7.389805501878051 -18.540838146482884 -11.545602881393375 65.45070124805092 -20.54599340982361 -12.615459968620996 -136.1758563776968 -297.71453263273247
839 11736.73888206482 5.139183195222027e7 -4.363293687931588 -14.92981940876015 -2.7923603552738605 22.54467534448806 70.3949439019118 -19.987236924720207 -10.998807295638017 -135.17227464107617 -292.5498741513029
840 11769.228340864182 5.08848125392103e7 -29.996430761686995 -60.748418873839185 -7.803905343185161 9.176432506610471 96.99889132929779 -48.77845080016556 3.1354963263970035 -157.33751004672217 -297.74064317826895
841 11801.444826364517 5.093798226984666e7 -0.18134260959692483 -7.150743281201635 -18.911728481997578 -11.705110437425105 65.05140590953583 -20.739312736384875 -13.514978760380416 -136.2919587970125 -297.81020893385244
842 11805.70860528946 5.094132473821702e7 -0.6205705150255625 -7.40462415588469 -18.74376849496957 -11.637124144830928 65.19921870828027 -20.78293685684099 -13.157303377773871 -136.2788894245162 -298.01871507857913
843 11809.97326540947 5.209237394795715e7 -12.588072219529636 -29.609993293170916 1.0907395278099585 24.248592859421624 122.04530104974226 -21.110537917811257 16.278584850700554 -136.53060181465054 -298.03766665316476
844 11843.56722354889 5.8952080385563485e7 -14.230324067225766 -68.18601011063274 89.93385650846533 40.89962503959424 73.32932238496433 -5.936205929476046 24.564820962774775 -114.90588395354291 -185.79752249931926
845 11877.204979658127 5.243168711618202e7 -16.744281463851664 -36.435625038664355 7.218359130508087 28.284901166329487 128.1966212066171 -21.280757598691594 25.278206857282726 -136.65391536214833 -297.93366784537807
846 11909.199807882309 5.302063239525042e7 -14.308113838098606 -32.589024641305045 13.317883225700815 29.276050656564315 129.7698062890585 -13.70438720518041 35.135181437275605 -130.9496254430938 -297.841945136361
847 11941.303647756577 6.285105690611537e7 -47.85259873372031 -129.13758254459628 163.3760866320218 184.61347856316286 210.68295364382632 1.2029083084015042 112.14324116794205 -109.04640299679397 -181.08130310286293
848 11973.279264450073 6.279435703106649e7 -46.56850146172596 -128.80960269609764 162.84130903840247 184.37499725173433 210.09523491466732 0.8526131490301623 110.65721714987899 -109.3095563339877 -181.58861717693424
849 12005.524327278137 5.299705854348674e7 -14.270803811078949 -32.5284084868763 13.284153659249839 29.26479973840424 129.7637107733061 -13.849105752280195 34.878675419670344 -131.07494007144857 -298.0156374047133
852 12017.558220386505 5.095446999824538e7 -0.01584924991610137 -7.155269735836569 -18.99624325131477 -11.747230960179078 64.94625974208577 -20.66995869040403 -13.51540283135148 -136.20067296316034 -297.82775027482984
853 12021.60911655426 5.094245219284041e7 -0.06735794285343388 -7.17331529004101 -18.966627995584346 -11.734396992011881 64.96526547531097 -20.677352110057768 -13.430473138547768 -136.22180894464992 -298.0515443539513
854 12025.680262565613 5.1390879413888015e7 -4.3111276337716475 -14.914202216806753 -2.8161120486801323 22.533674026380567 70.36892921325665 -19.922182440384688 -10.925757385793986 -135.1585494313702 -292.60001677576395
855 12029.795583486557 5.0865378853259414e7 -29.945762492037588 -60.72665916892115 -7.823039220021677 9.168323015391088 96.97837480624395 -48.75329142021769 3.1545600861012986 -157.37945795163085 -298.09380738368225
856 12033.880212545395 5.0950003742156036e7 -0.013785592179857531 -7.149777153518141 -18.999570041654426 -11.748526816585407 64.94637282745403 -20.67632058640197 -13.539010045858674 -136.20674801211345 -297.87264133988924
857 12037.919026374817 5.0949397260182306e7 -0.058312291317960785 -7.165746098279374 -18.979373828413454 -11.739417538799238 64.96727704105888 -20.657259394568598 -13.41320661258112 -136.21272910369362 -297.8548423537234
858 12041.940060377121 5.0906780522818506e7 -0.10382040718698704 -7.1828224971790355 -18.95849381755561 -11.729979490509749 64.98873214835854 -20.83201796459565 -13.765358323854741 -136.34432440185554 -298.3906621833984
859 12045.984414339066 5.0906672087389305e7 -0.10368312026233184 -7.18267270779624 -18.958580254985815 -11.730020515633655 64.98866319730271 -20.832107551209788 -13.7664571468585 -136.34439357579362 -298.39261611019106
860 12050.05425620079 5.092378518795215e7 -0.18650897393686705 -7.263080989393142 -18.927976326008956 -11.718716945781445 65.00687883125697 -20.845104887593266 -13.645459463277462 -136.32199060946868 -298.0811541747845
861 12054.0685942173 5.1916910280461304e7 -3.7867167534362522 -14.058191018781677 -13.209241450202306 17.723847665990014 121.0037731346163 -20.909996506397817 14.501477109680081 -136.3330956264362 -297.8151788623861
862 12058.129388093948 5.886543185517573e7 -14.047767725568107 -68.09751433290599 89.85201948013648 40.86360547790166 73.2520647265109 -6.150621613026317 23.955257394673367 -115.18732090837017 -186.97307843515227
863 12062.239065885544 5.245195439213416e7 -16.218575624191303 -36.18921654929995 6.962901224381653 28.176129001593928 127.96527863332528 -21.121064480043458 25.236461690975716 -136.51273482282915 -297.8415385589349
864 12066.479841709137 5.299479993146101e7 -14.263933722558122 -32.567350484548044 13.289329151215142 29.265850650492396 129.7493930204616 -13.969059402767925 34.58978031754452 -131.10887632823278 -297.87948748666474
865 12070.552698612213 5.089913124468419e7 -0.06020959382773583 -7.155944510410372 -18.98151656147669 -11.739978070407776 64.97059815314245 -20.8308400836695 -13.776409530970852 -136.38051064295263 -298.52042795564245
866 12074.5997235775 5.225860120353067e7 -41.83635930210744 -75.08420493430327 5.8422118928302424 43.34886978326821 161.27775679713008 -48.05659710982536 44.548582317165256 -157.09203852379443 -297.68637058845445
867 12105.139922380447 5.2264357353317276e7 -42.289260050119935 -75.42112481954098 6.123017697956264 43.4780971654732 161.4801275391986 -48.05209878473448 45.103327666226164 -157.06314581998618 -297.8486015457802
868 12135.794226646423 5.2997153491367996e7 -14.24386176179371 -32.563317038508245 13.283291407786859 29.262533720500876 129.73903908376406 -13.855837967202604 34.75582459977784 -131.0020385627506 -298.0452316224403
871 12229.066319704056 5.093377774209061e7 -0.009194822992043328 -7.1280626964633775 -18.999090658323286 -11.747330448462158 64.95224758835423 -20.752082518785187 -13.669797272971948 -136.27417505310575 -298.0220321443048
872 12260.622176885605 5.092786684355981e7 -0.024501203196876986 -7.163784240993394 -18.992007658355032 -11.744990632354213 64.95109271927025 -20.771785104550986 -13.646482545847277 -136.3020976953336 -298.17779547007103
873 12291.480488300323 5.091604792969263e7 -0.029868750078193784 -7.155679299494302 -18.992184876782463 -11.745195191791758 64.95395873774488 -20.804442298050503 -13.677625121293318 -136.32933793023489 -298.3148530810692
874 12322.229184389114 5.093621182155715e7 -0.020793500320493763 -7.152786680575883 -18.996020372197023 -11.74692262460081 64.9498227108978 -20.730911638128475 -13.566789973148218 -136.26388925034212 -298.0083826498525
876 12385.062831640244 5.190085128792338e7 -3.4816190777299454 -13.696082041692083 -13.100201053352134 46.41144770204457 125.45034950814627 -20.762001407512287 14.090058642652252 -136.2226749736957 -297.8052613898293
877 12416.87300157547 5.189451904010586e7 -3.4762413777228716 -13.699212501997152 -13.102507733296232 46.409805487012996 125.44894884140432 -20.782396352889975 14.073625409404485 -136.25199303120456 -297.9954905086628
878 12448.82952785492 5.303740899703326e7 -14.23817051907433 -32.56020294562518 13.280459861273798 29.26125033560635 129.7375747700853 -13.836737563001577 34.849521749592896 -130.9307541645623 -297.32104482318334
881 12489.69309592247 5.089009257103807e7 -29.995382312486797 -60.74436831839016 -7.804576136492248 9.175992378624347 96.99897304412535 -48.81165849951657 3.0379842472111704 -157.33796137541032 -297.6443655046354
882 12522.562663316727 5.093160842034511e7 -0.012153891989541421 -7.14580559683651 -19.001232143377376 -11.74946046129945 64.94583518302073 -20.71273505678556 -13.6207106387061 -136.24346718326836 -298.103217117559
883 12555.447645187378 5.42477551419711e7 -51.24509861582108 -99.47240649865333 35.82402102166983 83.4453501002994 223.65395440572252 -42.31772895108185 88.01616564058781 -152.45978915189283 -297.55444523236827
884 12586.225313425064 5.42451072425068e7 -51.245584677161986 -99.4723233417867 35.824234404882866 83.44541812243133 223.65420752204722 -42.311470433664795 88.01329652998584 -152.46833029817947 -297.6549257950869
885 12590.438305616379 5.303671367106789e7 -14.23710923642561 -32.55972635154346 13.279737059695474 29.260973551646963 129.73703124800707 -13.840301917936472 34.844243483122455 -130.93519864480714 -297.33159256033946
888 12602.55969786644 5.092839941127331e7 -0.013422542212381927 -7.149854722185346 -18.997068259808337 -11.747880936519426 64.9436563488766 -20.764829705528143 -13.690393612572564 -136.3010851035146 -298.11603065569443
889 12606.609284162521 5.094241353336326e7 -0.01721589837929116 -7.161996336748434 -18.984578873446463 -11.74314423040116 64.93711889612534 -20.72553089013195 -13.584483868034283 -136.22018290071588 -297.84445883865385
890 12610.630765199661 6.1716703436319835e7 -47.78834928239107 -120.60700945968077 138.5441659333797 146.65675237032784 200.47794157849796 -5.221850850824239 98.17136083547507 -114.58462942249355 -185.49397785994267
891 12614.580352306366 6.171361680921769e7 -47.7889637313385 -120.60848661638973 138.5441047610512 146.65679443901598 200.47797292186252 -5.233707268834962 98.17508507619414 -114.59125307498823 -185.58946264874157
892 12618.611888170242 5.301690121203505e7 -14.236851520901396 -32.56054040210611 13.27957965464466 29.26089311097834 129.73604823979366 -13.803657119905381 34.884341844173946 -130.93689325224568 -297.81112813510185
895 12630.572404146194 5.0943215860901095e7 -0.030135289435179402 -7.164503296757104 -18.979745215668554 -11.740980159517694 64.94323171320745 -20.735788723552787 -13.603688520834567 -136.24140297878324 -297.88927283612054
896 12634.586208343506 5.095061978717764e7 -0.006336538143614234 -7.175021734043376 -18.986922620819687 -11.743854230818318 64.92971681749987 -20.698511179009984 -13.528230463960142 -136.215645660689 -297.8740903940638
897 12638.682609081268 5.0944857611424156e7 -0.021573598305849373 -7.1884286534976845 -18.983330127932913 -11.743563835534442 64.93068209850077 -20.794175930622487 -13.729328692866375 -136.27599076430073 -297.74903686143796
898 12642.877532958984 5.091618672462874e7 -0.10005986081050366 -7.186062168511352 -18.942004416521574 -11.724879111788987 64.96895154774832 -20.786477154063505 -13.690463759152863 -136.31482417859763 -298.312113394025
899 12646.962255001068 5.092191484870799e7 -0.08563331637678573 -7.175266144123118 -18.958960622890572 -11.731678503943552 64.96951231343105 -20.79804697457456 -13.692125443925534 -136.30371361726657 -298.1589981940715
900 12651.07546210289 5.0907971147687644e7 -0.12508414308493343 -7.186836604143036 -18.942263381118025 -11.724331686080816 64.98748821129189 -20.81083574850055 -13.746537538621567 -136.33584758113187 -298.4131837012188
901 12655.200214147568 5.0940020846225224e7 -0.09058565827955078 -7.1956391977712535 -18.95346976411592 -11.729678631948914 64.96856407711628 -20.707501952616497 -13.494108714570302 -136.24726819517593 -297.9319667972532
902 12659.371987104416 5.138312718770749e7 -4.324920909748073 -14.936696623339301 -2.78348752284338 22.544118525963025 70.36534148755497 -20.010129573139636 -11.005343012710739 -135.19982590528377 -292.6163402907397
903 12663.498351097107 5.089326424512878e7 -30.05633283080884 -60.771705482829766 -7.765111003046151 9.192783442997957 97.01792700597292 -48.66276048140236 3.361264634294514 -157.306959515735 -297.74623549549335
904 12667.554188251495 5.8934345551459946e7 -14.110398435951524 -68.12289348827096 89.88713781532698 40.87898136712538 73.2707203233732 -6.1352713428249785 24.045249815754687 -115.01614989509272 -185.75244266467178
905 12698.786706447601 5.208695533898119e7 -12.510736505256972 -29.603401511152143 1.077903410753052 24.240686080670244 121.99888149123547 -21.124293020395953 16.15283522518905 -136.52035129517617 -298.00158642455466
906 12703.018860340118 5.244911430263335e7 -16.259393721753554 -36.21548314981253 6.999924283825944 28.190673347469367 127.97530367452313 -21.05413217886769 25.35333554611566 -136.49253849958444 -297.9075663661644
907 12707.38337111473 5.302423140721981e7 -14.298477628466898 -32.582682817150655 13.305526264808563 29.273667680245833 129.75237762867783 -13.762335343237794 35.043089800117514 -130.94108290103492 -297.6722748400107
908 12740.284870386124 5.094539804460703e7 -0.028482623470779345 -7.198369353396213 -18.947131065895867 -11.728950910103482 64.91749800053708 -20.732413519237298 -13.536461101276586 -136.26320544262563 -297.8387863524397
909 12774.80537056923 5.420973001632271e7 -52.299566096378896 -99.84608282231514 36.2536067801351 83.67344084859852 224.0419514346884 -42.40651015057347 88.26061870145327 -152.5803352438719 -297.8942399043716
910 12805.561889886856 5.422429396940614e7 -52.30330507245229 -99.84586742148099 36.25284099767411 83.67361173417183 224.04285031726317 -42.41986443770344 88.26163765796503 -152.55925080541 -297.5480261101717
911 12836.552902936935 5.29771939357286e7 -14.23778807641925 -32.5662718184642 13.282423010236904 29.262164015315125 129.73251294724585 -13.863980885530452 34.744480229558576 -131.07132388609637 -298.356536718023
914 12876.500956773758 5.093536217787143e7 -0.11810965451289235 -7.225968178444575 -18.90094167681165 -11.709135886813424 64.95259827997592 -20.74027183559565 -13.57555148730205 -136.27952248754247 -298.0206784395743
915 12910.656394481659 5.093154045488367e7 -0.06559725135610961 -7.223567031119245 -18.930191638052094 -11.721768029025789 64.9324018383375 -20.792409099019665 -13.721924044143236 -136.3078556772977 -297.9361287533875
916 12944.583288192749 5.0953266410496876e7 -0.06446519238131998 -7.20563638735236 -18.934379993772772 -11.72319024527134 64.9353704698756 -20.70609243154547 -13.504555220241741 -136.2244625749127 -297.79324914121815
917 12976.92539858818 5.09535142349633e7 -0.09830953880977233 -7.212488946685653 -18.92236591258818 -11.717763962091936 64.95219030609287 -20.709241522975105 -13.52638371085402 -136.20040215543986 -297.7763806224514
918 13009.116017341614 5.094727550483716e7 -0.04450112405994844 -7.226742242398576 -18.941228981171985 -11.727300671238385 64.91630220478841 -20.748754256116626 -13.606145029648133 -136.24480048201872 -297.9491735423903
919 13013.35146355629 5.09726966533998e7 -0.009404708449380905 -7.194510346724911 -18.953888817883705 -11.732004723798006 64.90802880786501 -20.732063582921114 -13.585587144573992 -136.2052367249683 -297.38782397483976
920 13017.438842535019 5.094437741524399e7 -0.0819009749184687 -7.225478798552647 -18.925932625679938 -11.719041998431152 64.94110019494073 -20.754628221977384 -13.558365222424356 -136.25090204424964 -297.8332558800585
921 13021.458473682404 5.136101096814928e7 -4.4205969025990015 -14.984982807219136 -2.6984834587459368 22.574004356301117 70.38827842914812 -20.078474452565047 -11.117805890013756 -135.3095369535829 -292.9426145436962
922 13025.515229701996 5.088009265949427e7 -29.97708120150547 -60.78860077941021 -7.759937171876366 9.192622913302454 96.95567950850504 -48.691276503897996 3.227373168127599 -157.31066585153155 -298.0089577005182
923 13029.686386585236 5.209722489006315e7 -12.676805867066307 -29.67683840556605 1.1715946171765204 24.2805567932787 122.05264490167626 -21.090151615708066 16.342502312827264 -136.50892983583043 -297.92971487186594
924 13033.887790679932 5.891098208116416e7 -14.109037882514542 -68.15647272114037 89.92165165805922 40.890926227062415 73.24615882765885 -6.077809026914565 24.090242385686224 -115.01856565487407 -186.2393879859506
925 13038.081057786942 5.246915860255289e7 -16.3015257262704 -36.25620786553531 7.051390450816498 28.210560703004546 127.97203575974525 -21.029715289298053 25.41851141667337 -136.43220981731952 -297.5818352620406
926 13042.088367938995 5.302653034229472e7 -14.219029099149637 -32.60081679359294 13.310469657348914 29.273017073369914 129.68963002355446 -13.923313315104053 34.599013386733645 -131.09671689507735 -297.23275115996273
927 13046.055449008942 5.09382493606691e7 -0.06126288916620126 -7.307022665402268 -18.834970059252946 17.02129645383923 69.4395414944736 -20.83832655676099 -13.833664670992732 -136.25114224554386 -297.8247131025188
928 13050.099291801453 6.230260929917799e7 -38.677196947299194 -108.08511317734612 135.18380084449177 144.5861627745489 205.84335649056632 0.8033456612901091 111.65563932740815 -109.9321927985024 -186.18784741261481
929 13054.189916849136 6.230019748220449e7 -38.589891311184076 -108.02447066988076 135.0831196291254 144.5526186834397 205.7890438387759 0.6513113878352783 111.25935181341015 -109.98840324938993 -185.87720156789595
930 13058.220520973206 5.094064347059747e7 -0.01596004245081417 -7.17446323102482 -18.99401315181334 -11.7472420962821 64.93827324790291 -20.716427449523962 -13.508559444238983 -136.23491978101805 -298.04799566849414
934 13074.797894954681 5.094693651579432e7 -0.026649459920776053 -7.195429453633739 -18.948336839110567 -11.729601331484286 64.91670137896973 -20.73751558096353 -13.585883930730176 -136.2566184599375 -297.78860238763093
935 13078.908715963364 5.094003699935853e7 -0.029402728599137617 -7.200759072901857 -18.945561041964844 -11.728357737967116 64.9174407924447 -20.73121316406514 -13.552270258723183 -136.25139450499557 -297.94665702881423
936 13109.97672009468 5.094046572498253e7 -0.03216257201925998 -7.207927291785772 -18.940850781300327 -11.726578237902803 64.91726915282916 -20.744332400983296 -13.606131426136471 -136.2574988600536 -297.90426251857474
937 13140.916410207748 5.603322141113922e7 -79.47998033280265 -145.8209099649369 87.67948411475815 189.502889171174 292.80876779029927 -41.508373637271404 124.23456233151035 -151.5477089355802 -292.54997103151203
938 13171.911694049835 5.60332154795476e7 -79.4799848776776 -145.8209134466357 87.67944149972956 189.50288126222205 292.8087549885625 -41.50868578047135 124.23456233151035 -151.547911557075 -292.54997103151203
939 13176.106947898865 5.0959649402293995e7 -0.020265759160153607 -7.178959177160756 -18.976657203568603 -11.740230304584994 64.93235099821935 -20.667710693455092 -13.446478774330501 -136.20470712109864 -297.7206883130789
941 13212.738520860672 5.095012643268315e7 -0.06952347543025894 -7.218416123770993 -18.9256425478543 -11.719632467412815 64.9353424000812 -20.707127609201052 -13.503454122572975 -136.23508461710946 -297.8150057770143
942 13245.325087547302 5.0940046759658314e7 -0.08920780834232289 -7.2467227217258525 -18.919030832760033 -11.717686555378453 64.93607749683045 -20.757227859672184 -13.624860377068046 -136.2829972668357 -297.92155927724156
943 13278.331360578537 5.092537082460547e7 -0.09147140025341116 -7.241038092890104 -18.913981883933243 -11.714848908361539 64.94261710998234 -20.77491635610687 -13.633459041837682 -136.33240346958416 -298.08445819171186
944 13282.489711523056 5.094864596861377e7 -0.10276306076092112 -7.210623606417169 -18.913492858812557 -11.714418880532744 64.95455007994042 -20.70127097498954 -13.499419293112396 -136.22858521469675 -297.7840457870336
945 13286.5433614254 5.095474246550227e7 -0.10892195927982584 -7.216344999815455 -18.912949530346914 -11.713929458575798 64.95546196089899 -20.69756251293302 -13.43780701526606 -136.21298320558589 -297.7717803761092
946 13290.610978603363 5.093766802694234e7 -0.17593650080583245 -7.256264337325479 -18.86866255435405 -11.694805885133317 64.97748562382179 -20.629360565618413 -13.336671691626975 -136.22088440727777 -298.1455771214526
947 13294.657416582108 5.09165269310677e7 -0.16125474020572028 -7.236003707305095 -18.89223195491036 -11.704062836185624 64.98138958119907 -20.756986781016906 -13.622833030780498 -136.28814404011263 -298.2935189946724
948 13298.628108501434 5.13734765852241e7 -4.323649577910899 -14.968752193045816 -2.7283487495195864 22.55902437679594 70.33914398677868 -20.06171025459645 -11.225566748667688 -135.2276440830575 -292.6177324748519
949 13302.623337507248 5.089292999805805e7 -30.01568257503358 -60.803966894418785 -7.740672782030963 9.20097171707462 96.97359014769336 -48.644533179540645 3.349019899465077 -157.23784212324244 -297.82789859331734
950 13306.691054344177 5.210073810477372e7 -12.556842476734573 -29.652140484068816 1.1320403338606582 24.261776765234323 121.99336335342264 -21.138530671313788 16.12522667810913 -136.51318534045816 -297.7189902526419
951 13310.647629499435 5.896217832672981e7 -14.133150532679025 -68.16855860940547 89.96335354637924 40.89975538655632 73.25627723870099 -6.054307658196592 24.254720251564095 -114.95730685690205 -185.41601372084926
952 13314.73406457901 5.244788114706733e7 -16.344902442389156 -36.277476996342784 7.076410421905706 28.221180036857188 127.99148983079563 -21.167767556782053 25.178602076108064 -136.54462264668825 -297.83437796787433
953 13318.792796373367 5.300008708762875e7 -14.264163889417176 -32.619809376092455 13.333284571712088 29.282662254417684 129.7100624755825 -13.902722146598137 34.72621810600958 -131.0706956990187 -297.9250548383925
954 13322.805765151978 5.09383679928638e7 -0.04043785550744872 -7.229423493937485 -18.926718299282726 -11.721239884759378 64.91675409592844 -20.79700632546917 -13.727979423166346 -136.2870862218153 -297.85079325074514
955 13327.016809225082 5.097928093732439e7 -0.06522550959631701 -7.293836069152071 -18.88430554815182 -11.705226147334823 64.9152076824029 -20.732437281865145 -13.664788339813697 -136.1587103959149 -297.10234520052575
956 13331.151062250137 5.0892813939793766e7 -32.18957794755832 -61.326311990299885 -6.908815370242486 9.567142406565278 98.05392089045068 -48.29476285204237 5.394486913695573 -157.17732487576848 -298.216694885823
957 13335.168246030807 5.0974369646087274e7 -0.05600228352477643 -7.214541040256812 -18.936400960302056 -11.724487638233196 64.93061235892853 -20.647813731736903 -13.41930671584737 -136.14925569961383 -297.5280331157496
960 13347.551692008972 5.097550979054527e7 -0.007825554432329795 -7.187234752112495 -18.95552796818559 -11.73280873363548 64.90830262341167 -20.721515936263188 -13.56830722588785 -136.18949601041857 -297.33988597765074
961 13351.716933012009 5.096755456024869e7 -0.00898958464344446 -7.1877369389683 -18.955083570371738 -11.732610313328593 64.90882249503264 -20.72385755414024 -13.579490778292438 -136.20669012254086 -297.47343378106837
962 13382.64050078392 5.096171248179218e7 -0.012925591321490515 -7.1894531414577045 -18.953582603527703 -11.731940824427014 64.9105780114377 -20.73194874122322 -13.532057950000933 -136.2081773961496 -297.61337691488745
963 13386.895108938217 5.0948849888999216e7 -0.009058892217666425 -7.169715941468578 -18.954422117541757 -11.731359907606109 64.9164987617336 -20.718588729951648 -13.63937128871055 -136.2113162876147 -297.78324624991757
964 13391.093967914581 5.095402777338195e7 -0.03750650317057591 -7.212682625306616 -18.941031721847153 -11.726743060169202 64.91913378651628 -20.740167526513233 -13.52680996628925 -136.21433895924986 -297.78011650873987
965 13423.59111237526 5.095379200790996e7 -0.03492612180303922 -7.223325034408077 -18.941604604495804 -11.725796522264076 64.91639550008102 -20.77547334114945 -13.726466702242078 -136.228817492158 -297.59784453482337
966 13456.86703300476 5.093859222826528e7 -0.09232223105539106 -7.242689683059947 -18.916372691997733 -11.714980432340884 64.94535149526843 -20.68496777959291 -13.449834593858839 -136.23713647442656 -298.0897525290217
967 13489.342546463013 5.1412391363391325e7 -4.378144594954861 -14.973476195764093 -2.7126859890213346 22.567004141394996 70.36744339335837 -20.00965283026386 -10.995731516493777 -135.1695381459811 -292.0964420041044
968 13493.538070678711 5.08752349156674e7 -30.023914810949577 -60.796992353284026 -7.74263491813274 9.200456881570652 96.97947009447014 -48.60327063121872 3.380393128209164 -157.23389784185656 -298.23169037420604
969 13497.53296661377 5.212193643963361e7 -12.607669847943399 -29.658562023095037 1.1467756883403837 24.268882322196152 122.01922735926664 -21.113209129883842 16.190065813914316 -136.41199843292645 -297.4141534317665
970 13501.4838616848 5.894700474314855e7 -14.148749630637894 -68.18222107547206 89.96518934374006 40.904025243955836 73.25381443257949 -5.9953247380670405 24.28697660530895 -114.92104303528208 -185.82309216295926
971 13505.569613933563 5.2442271392402835e7 -16.274179470247674 -36.24760808243004 7.039098239460813 28.205322768260093 127.9580607709202 -21.14623809346864 25.19511646671208 -136.56106719734345 -297.92344068943413
972 13509.596738100052 5.300372823660173e7 -14.2587720405988 -32.61148430772951 13.32214754722278 29.27877651944034 129.7077270287401 -13.90737777516506 34.71071866306511 -131.0538128195896 -297.8824084523186
973 13513.679072141647 5.094952891015689e7 -0.02114754013953757 -7.186607475069724 -18.951954460049894 -11.731552797098626 64.9143111919495 -20.775357564006754 -13.710675449376367 -136.24576673123448 -297.7162712037515
975 13521.81902718544 6.162401536174197e7 -43.59863627450737 -119.49448167367146 136.15971038541593 116.92108470178773 193.72648823134682 -6.474417714380195 93.40638354758369 -115.28932584330431 -185.36266529891958
976 13526.06321811676 6.19955581818893e7 -47.93596137473361 -127.26669163844709 152.3925365690179 151.21533597645492 199.1710918359228 -6.043542959079957 95.41236644438663 -114.58787357798695 -180.61225796966227
977 13530.117022275925 5.094579116663071e7 -0.00846109212611168 -7.188496345776489 -18.968843251730853 -11.737980977004142 64.91629983324326 -20.754837410047287 -13.601491255575695 -136.27439772378693 -297.8898913631249
978 13534.124667406082 5.093945310017547e7 -0.010083126580298085 -7.185929618868343 -18.97557288961063 -11.740631766519424 64.92147676981888 -20.844618640105864 -13.786028328648285 -136.32024941718697 -297.8012998996977
979 13538.197616577148 5.09497343289389e7 -0.004619909582700643 -7.1601210162820195 -18.9628100390231 -11.737409008729802 64.90713772756635 -20.761270730164938 -13.675556096824437 -136.2552156565057 -297.63509928202245
980 13542.330345630646 5.278727580924511e7 -5.750374040202146 -17.278234759866976 -0.8210249341809615 22.81351228259529 128.83497143678284 -14.12445579675466 32.49426734538588 -131.2072435628209 -297.56961426725695
981 13546.358876466751 5.27885529309296e7 -5.650967015794649 -17.23811239961757 -0.8631836715474179 22.794878556143676 128.79417514534623 -13.999007729858363 32.69933995964027 -131.15912973932853 -297.90840739658404
982 13550.486204624176 5.095647469188199e7 -0.06936148301791434 -7.232345669112327 -18.917437070464054 -11.716935520318216 64.931511033285 -20.744779092844396 -13.545198375428868 -136.23820267506733 -297.6355454866128
984 13585.067307710648 5.095964290801114e7 -0.025763170117016898 -7.146644015759598 -18.960822080920984 -11.735773845480963 64.92216257340066 -20.72003351495016 -13.579648944251801 -136.23247201331054 -297.52732493951055
985 13616.18405675888 5.0939492371173434e7 -0.011392571395731466 -7.18667530671733 -18.95496315776325 -11.733814169185344 64.90728876879237 -20.742469686497543 -13.657112949135922 -136.22634635563463 -297.9683733294522
986 13620.457586050034 5.096399299021778e7 -0.025326054424510858 -7.181473475616997 -18.951816663519036 -11.732899780049252 64.91399227182792 -20.761770295748477 -13.664944354049283 -136.20734843906604 -297.4893599404062
987 13624.690957069397 5.095882892117654e7 -0.05144253584469993 -7.164594807739402 -18.94321074437784 -11.728169063824417 64.93310868859827 -20.747097993984823 -13.697927803220807 -136.22272794439357 -297.4538149422004
988 13657.65552353859 5.095882892117654e7 -0.05145187455201494 -7.16460287064049 -18.94320652370084 -11.728167478169176 64.9331103124006 -20.747097993984823 -13.697927803220807 -136.22272794439357 -297.4538149422004
989 13690.805616378784 5.094569947438169e7 -0.03712956134944534 -7.195715146946487 -18.947471472995694 -11.729915990833533 64.91796896591872 -20.7583223592639 -13.633087740945712 -136.24853605777997 -297.81948308875167
990 13722.904022216797 5.092866922723999e7 -0.10053899497378893 -7.180807777742988 -18.90993139847221 -11.71393312885169 64.94992294084578 -20.767099849853878 -13.658438584927467 -136.28037046769282 -298.0996549085668
991 13726.913943529129 5.137431698071093e7 -4.38986282279275 -14.94153288845812 -2.7137244511371783 22.56578019468386 70.37653742251523 -20.072720963140398 -11.150393078960462 -135.28231195234991 -292.6837445916921
992 13731.01109457016 5.088923846015989e7 -29.93476016536451 -60.73960527728931 -7.778861887629223 9.18337711840838 96.94135210179039 -48.65552550878897 3.1911069428290375 -157.27644651722153 -297.6930309025642
993 13735.04746055603 5.2102590144832306e7 -12.594115622354138 -29.618005083427736 1.1361769780886348 24.263173243651732 122.01622107311968 -21.06092989785867 16.28826810029625 -136.43865444092944 -297.89119230984943
994 13738.944860458374 5.8959868515023924e7 -14.054901679588738 -68.11058845089121 89.89751292637811 40.8780963015156 73.22141348134625 -5.995848764156165 24.290175265835273 -114.90050022001299 -185.50924937603304
995 13743.12262749672 5.2169267856580496e7 -37.783735827832174 -74.33515030919546 4.003088594241671 42.65169842300307 159.12390237243943 -49.110222037318806 39.95958556329538 -157.64714620031782 -297.7473989157518
996 13747.184653759003 5.2993472282030545e7 -14.24417599359063 -32.57666071363284 13.299408970038108 29.270620606506842 129.69967168485104 -13.96248502360163 34.590825547463965 -131.16379354085103 -297.96104047848553
998 13755.471675634384 6.1254868026766345e7 -64.20389523213052 -157.75635557085843 132.87934224509763 131.2377348222423 224.45235805280072 -34.91910780446119 107.1480008577023 -136.79927752855343 -186.55611280554666
999 13759.451135873795 6.128660565980035e7 -64.21500214025622 -157.76148850451193 132.8861343458432 131.2403683741549 224.4576336200813 -34.88383725820427 107.24489868851663 -136.73322606277725 -186.08143218897868
1000 13763.315339803696 5.1372877092326716e7 -4.073396323972162 -14.643747823589191 -2.804503545721449 51.222391583057465 74.81715024433379 -19.911924596610675 -11.358977505171765 -135.14338160696946 -292.77748870946925
1002 13771.539851903915 5.0947503558463156e7 -0.008512107759798937 -7.160959670378947 -18.952546840597027 -11.733409307647236 64.90427224002924 -20.728835186489107 -13.630662893630642 -136.25984406868287 -297.7571938700672
1003 13775.553320169449 5.092655032059241e7 -0.020171616039846185 -7.163474849618062 -18.92176224887585 -11.721416837056044 64.89567899032359 -20.712913097953958 -13.671642951722276 -136.24324574763648 -298.0795984047595
1004 13779.637355089188 5.094512385210144e7 -0.05477438578077454 -7.170786235678946 -18.82953393198701 17.022084455529246 69.45085028512015 -20.827648256961936 -13.94537614663858 -136.24002522191148 -297.509540429713
1006 13787.884466171265 6.277403589468248e7 -78.15274969885378 -183.43455837941514 175.1281678856169 205.57091983683065 242.7227689561983 -27.251390284115814 128.76838381565028 -130.48586551958613 -181.00659584505314
1007 13791.861674308777 6.2768412841730125e7 -78.15510439244282 -183.43501390496985 175.128628129708 205.57122157154964 242.72397671056905 -27.249309121315207 128.78941286915972 -130.50596247372135 -181.1035584093574
1008 13795.953043460846 5.1377840264540195e7 -4.005780254825979 -14.299794933920122 -2.936478009333772 22.47247385175492 70.30449578838343 -19.741796226543443 -11.289838102158456 -135.03971540745567 -292.7086356054436
1010 13830.796735286713 5.093553515124027e7 -0.04672262507422431 -7.2061368928169784 -18.8953281489099 -11.710925537759834 64.89903519399302 -20.72331598972295 -13.696349927257472 -136.26094086157258 -298.00187270903007
1011 13861.481545209885 5.093345560201533e7 -0.0003051175277164475 -7.145301740630078 -18.933612140147055 -11.726026167345466 64.89235900711572 -20.727785920615304 -13.719500808066982 -136.2424176327491 -298.02606886980004
1012 13892.373579740524 5.092353427709393e7 -0.04477572678675301 -7.1859910105616756 -18.907083071138718 -11.71570723098925 64.89979012256737 -20.739215760516913 -13.692625579382081 -136.25230389334632 -298.24342256445493
1013 13925.305695295334 5.093447732932318e7 -0.05166138442933743 -7.19228676533892 -18.902979754280928 -11.714111528751861 64.90093999520938 -20.736367192505043 -13.6522238616746 -136.25525146709208 -298.04859155270475
1014 13956.427188873291 5.091482180495522e7 -0.01669833019394673 -7.184877657621328 -18.96135670615878 -11.73819242247589 64.90438541477505 -20.8739997941791 -13.902103141608904 -136.34399247843402 -298.1714306663092
1015 13960.590326786041 5.092240259543082e7 -0.12679277823569635 -7.268818682007083 -18.85808522679674 -11.693300856044424 64.9324808751925 -20.783084222202376 -13.593594168062225 -136.31735873770288 -298.160689328045
1016 13964.56633400917 5.140544545313283e7 -4.426434024963115 -14.9872525097316 -2.6239283224843497 51.29967229514004 74.93782886501307 -19.957415520683412 -10.996496656425506 -135.10972742651705 -292.22119254232496
1017 13968.51294207573 5.086419037572071e7 -29.982273827321507 -60.742203820856034 -7.737495349364103 9.199463202504443 96.9464801437458 -48.68014886078117 3.178303061949464 -157.30163983238106 -298.1222622039721
1018 13972.663372039795 5.093386667982585e7 -0.30104079358862634 -7.236545224715684 -18.802318779597563 -11.66851543845097 65.02412827390057 -20.69290116148062 -13.435817850472233 -136.2870746427858 -298.05032726807156
1019 13976.833901882172 5.21207463825837e7 -12.599594535798829 -29.631859999752542 1.1816673952267749 24.278999104726534 121.99401782829068 -20.936429338097128 16.529183610344035 -136.37162602376742 -297.6288811093631
1020 13980.84020781517 5.244981591446539e7 -16.254936373801186 -36.21060532358261 7.024741407507911 28.20253423876721 127.92706424922969 -21.01694058101606 25.330964564780288 -136.4477056942349 -297.8849322638508
1021 13984.859575748444 5.298740745783058e7 -14.251462799796798 -32.592374804213264 13.33021425653142 29.28369882250042 129.67611501755957 -13.986148692039478 34.43689206683587 -131.1466683375429 -297.80906741465947
1022 13988.973404884338 5.887788924692743e7 -14.166680230899104 -68.21283392309923 89.98549692996605 69.62417684290443 77.80291954577895 -6.169434274350692 23.973318623129785 -115.15824594143282 -186.7944342202469
1024 13997.083349943161 5.327095009297303e7 -49.805124454567846 -96.5840084775522 23.622972019370955 107.19798855846447 220.39962237219603 -49.700940641551256 68.68009363615215 -158.03115679042253 -298.1316325044748
1025 14001.164418935776 5.329792764662541e7 -49.7963566950301 -96.57733671497155 23.615681248831308 107.1952142656261 220.39620958332935 -49.55042113643708 69.02533242595712 -157.9394522250662 -297.87705101685094
1026 14005.20320892334 5.136829831876727e7 -3.8676038988235035 -14.382315460997738 -2.879701674662268 51.184396622932525 74.75298893696929 -19.839764889781748 -11.462813150513057 -135.11235989155608 -292.7398556972365
1029 14017.329041719437 5.0932059101739675e7 -0.007432100613527837 -7.152969563062811 -18.929510914024533 -11.724660359711631 64.89084743571925 -20.847323728125843 -13.931781465192216 -136.3273819167161 -297.68365735424123
1030 14021.446598052979 5.093209668833644e7 -0.013995912050759785 -7.170175332015123 -18.919221312491384 -11.720557049879883 64.89098516289039 -20.83656298681086 -13.916924416229222 -136.32408673196983 -297.69589912219067
1031 14053.744464874268 5.093507258002101e7 -0.050086058096582065 -7.182531446018611 -18.89121429819935 16.999175145933872 69.47852909420989 -20.70250387846204 -13.656251238624463 -136.25938109183477 -297.90286529368643
1032 14085.276108264923 5.093219418013767e7 -0.016751652130665207 -7.160660390202434 -18.923835696293004 -11.722284096057003 64.89438786009207 -20.723073928440897 -13.602179024817303 -136.280583196975 -298.0387176267916
1033 14115.932787895203 5.094473555836257e7 -0.08056951157314529 -7.225006906445088 -18.899743092781318 -11.713459869639703 64.90778610865976 -20.697922832805773 -13.591383081971117 -136.18722565119305 -297.87247681066503
1034 14147.18207025528 5.094304095468217e7 -0.05935268761331258 -7.202795117434878 -18.902932133140833 -11.71238633572997 64.90947556830936 -20.737777313179777 -13.653397079670526 -136.2749027510343 -297.77705943590036
1035 14178.899780273438 5.0934987051525414e7 -0.023259810221830435 -7.166041101112402 -18.919878067584378 -11.72062865888411 64.8968431231867 -20.724806024360817 -13.749132702800239 -136.2107129769047 -297.9719052353605
1036 14210.21468424797 5.088685509395815e7 -29.996367119204947 -60.75349589807992 -7.726320278364387 9.20412498838921 96.94907351770053 -48.64543429895434 3.2602274155274813 -157.2418289277237 -297.8651013628196
1037 14241.21277976036 5.894606890009606e7 -14.073109884801028 -68.12349585739705 89.9420920912938 40.895343810834945 73.20919367320722 -5.917366154278511 24.333084020872093 -114.86982586196586 -185.8640704928792
1038 14272.071363687515 5.211925265964002e7 -12.584751931341316 -29.619363627094753 1.1696782498599347 24.274936720970217 121.9914503654454 -20.925377787315824 16.501597870659907 -136.37221356454683 -297.6451145305432
1039 14303.020454883575 5.224634182922679e7 -7.587460080292004 -20.686754440584895 -7.286899418642072 21.687263159342493 126.93580723403993 -21.002081821224067 23.299460834389038 -136.43576094614565 -297.94236897117895
1040 14333.959441661835 5.283423207037364e7 -20.673511212207885 -44.043985687168785 23.3209829008953 62.517682885109295 133.3974824991034 -20.431641223988663 27.657803911155042 -135.63052679275154 -293.3323806861588
1041 14366.152022600174 5.299509264276186e7 -14.237046376767466 -32.579092535394494 13.323086289378928 29.280571741037043 129.67343979455626 -13.98541952572765 34.43957006388803 -131.1444602990416 -297.64053184688635
1042 14398.806443214417 5.1396823196233355e7 -4.246411881780972 -14.82866233782617 -2.7381779499711527 22.549126736010585 70.31588522999853 -19.950765699915564 -11.060050320056291 -135.12050329577818 -292.48389496028767
1043 14430.893074512482 5.094513360018342e7 -0.05475051970893219 -7.170761858191241 -18.829542558722633 17.022081347729944 69.45084555672776 -20.82745298861488 -13.94537614663858 -136.2398413129472 -297.509540429713
1044 14461.778671264648 5.6087531277686216e7 -47.22009206054399 -91.80519687783294 75.46439422623399 139.4426675068842 255.21700292538287 -13.852744570365928 105.82806021427416 -130.60067175106667 -292.72877717170866
1045 14492.40706372261 5.607446408157337e7 -47.27749234441538 -91.82061840857621 75.48875009502255 139.45344498628643 255.2430748715183 -13.98620032723079 105.59431626803644 -130.70936137388003 -292.75131778588525
1046 14496.856046915054 5.299807866963287e7 -14.232246643336325 -32.57797525948855 13.318483179836335 29.27855510356781 129.67509115905256 -13.987796622552082 34.44888250326687 -131.14691634278608 -297.5641341484722
1049 14571.844493865967 5.093052250191666e7 -0.026175683437372754 -7.175646398577133 -18.917782453632395 -11.719865102568505 64.89653388798189 -20.731682844858824 -13.745220662579868 -136.25354910587708 -298.02540636756885
1050 14604.528492450714 5.094281153547312e7 -0.010819503281496168 -7.155816824943109 -18.92839714361582 -11.724176496960926 64.89221719904297 -20.70547569147749 -13.743775700331469 -136.21869087537203 -297.78577983854893
1051 14608.482111215591 5.094502551551814e7 -0.051130073172728885 -7.193422657145067 -18.909482277718446 -11.716951633543047 64.90179976596482 -20.72249762522273 -13.660480768015304 -136.19214419328455 -297.83863970975267
1052 14612.545162439346 5.09445180770348e7 -0.037250360485515444 -7.1794654755231555 -18.912603496020324 -11.716941764634889 64.90194254627603 -20.69269032630075 -13.636057337831971 -136.2037348864901 -297.812513716505
1053 14616.746855258942 5.096106435692424e7 -0.03442315829509823 -7.1785598430033275 -18.91374775854087 -11.717692574842832 64.9015800712537 -20.690167827274763 -13.596729858226126 -136.18351453804655 -297.60865682894024
1054 14620.840692043304 5.09561553316821e7 -0.07736892662876471 -7.1790945651275955 -18.897939367756994 -11.710851237642995 64.92172908619857 -20.74321892463604 -13.684460234763208 -136.24718909645833 -297.46704662085494
1055 14624.901905059814 5.093459672665087e7 -0.037908008565239015 -7.1766496854514905 -18.905609935755486 16.99342876380186 69.47806909639556 -20.72160495843309 -13.745843360372248 -136.23502133719057 -297.9482746136231
1056 14628.889096021652 5.1356162225368954e7 -4.368883359763814 -14.93673259022362 -2.666656783916931 22.576784289406334 70.3468939708145 -20.097313482735842 -11.359650417349656 -135.2892865119863 -292.7986915424255
1057 14633.104187011719 5.087534293557417e7 -30.005546227818982 -60.762222400746154 -7.72145483398371 9.206231849658483 96.95277152321104 -48.660724263521274 3.271251504979091 -157.2900334594117 -298.0074439982443
1058 14637.190798997879 5.211450750249787e7 -12.585427715897026 -29.623602635309137 1.1674162483055035 24.273877348287925 121.99108928370636 -20.965436839200663 16.480551447012544 -136.40956778327137 -297.6965791727491
1059 14641.413665056229 5.242778915133633e7 -16.28749435207493 -36.241186334585535 7.046082649577045 28.210262189663172 127.93369585236101 -21.14432713993341 25.110538113056123 -136.64237284045282 -298.0604439834233
1060 14645.422299861908 5.296506764316878e7 -14.250395704584761 -32.59951756090065 13.322628895276292 29.280613494086957 129.67626990343842 -14.007916687665158 34.37147777988548 -131.18713660985537 -298.1122494781233
1061 14649.48186969757 5.8922567575084604e7 -14.068508069907793 -68.12869829015463 89.92394325697285 40.89116692405919 73.20580975327984 -6.066271079580929 24.159967446205656 -115.02636262765668 -186.1136871216222
1062 14653.705979824066 5.928884289984863e7 -48.32950288384545 -129.49755311500778 117.3794597073905 96.09974804007065 110.70583052323803 -33.42235749231867 43.19450525303887 -135.13334330747625 -180.69496088583452
1063 14657.730091810226 5.9288140001596384e7 -48.32950059707669 -129.49757687428257 117.37948282987081 96.09975114111435 110.70582742910801 -33.42326912712781 43.19333144942914 -135.1345181810608 -180.70592352816874
1064 14661.888809680939 5.296841867888577e7 -14.238216151585902 -32.585157419688834 13.32002825059715 29.279407434216626 129.67362549797636 -14.033813505692763 34.33059227123499 -131.19278065490613 -298.0355010983759
1068 14705.208899736404 5.094426296936138e7 -0.016166120028202613 -7.160958318017755 -18.92455435832766 -11.722626453115833 64.89396126739604 -20.714145351205786 -13.66696507482743 -136.20099450022326 -297.7616684916422
1069 14735.901011228561 5.092806745038567e7 -0.012557585090206658 -7.159934933118553 -18.92850062494082 -11.724189621232096 64.8943929567659 -20.72029090155121 -13.711758844033056 -136.27535402743808 -297.9862182904257
1070 14766.51750421524 5.093496451968456e7 -0.025102744475162808 -7.162197690753857 -18.92014838922754 -11.720597443600223 64.89869431837174 -20.74134254626057 -13.64201196510254 -136.3085125846598 -297.9011526327761
1071 14797.543387889862 5.092139856915827e7 -0.01551354834259655 -7.157957142541438 -18.924349236795162 -11.722460454430639 64.89429171514823 -20.73404255307821 -13.658701639194533 -136.30176659059413 -298.16052925374277
1072 14828.488665103912 5.0951217471730255e7 -0.0015326370563144565 -7.141397278256957 -18.93211087264788 -11.725591758712206 64.89012918867746 -20.728941182890253 -13.696949445830114 -136.22759949982395 -297.5820376761495
1073 14859.518885612488 5.339646565577711e7 -48.917631759250284 -94.1344710826111 41.05724758367763 113.30861763738149 171.92548216500327 -41.11629923229094 54.31161012736675 -151.07942699918232 -292.382077011994
1074 14890.998445272446 5.483154118033021e7 -64.91167612039906 -123.07562559712265 66.89502957733825 153.190119735289 234.85140483359612 -41.65723159384737 92.56790349533992 -151.56781068677606 -293.0441644294997
1075 14923.010283708572 5.298844265502605e7 -14.230725288181219 -32.57625080633462 13.317898477320462 29.27846725248698 129.67189290553094 -14.005923745452037 34.39282975773301 -131.17438965844326 -297.70185708558074
1078 15016.674439668655 5.0950354755658224e7 -0.0012773857379499987 -7.139034956419568 -18.93335595350152 -11.726059663386138 64.89042822427874 -20.711134088730432 -13.66332204623717 -136.21981504472387 -297.67591803868703
1079 15048.630255937576 5.094301743091867e7 -0.0044984820594606845 -7.143342766049194 -18.92747387170259 -11.723811408490363 64.8891818473292 -20.753312134544387 -13.736713952163427 -136.2567787540703 -297.7155520258109
1080 15080.818872451782 5.0933062335269906e7 -0.013388910226765915 -7.1491746644624286 -18.91356523995996 16.9898162101795 69.46735926755439 -20.736791069914602 -13.659039154878712 -136.29962499520815 -297.96571440705907
1081 15111.8355884552 5.194287499521661e7 -4.641866273745251 -14.604369291915905 -12.713675383761423 46.644422771447424 125.84545699149234 -20.896733256488744 15.075763304131328 -136.35262327793725 -297.33038307233346
1082 15116.112870454788 5.1942874995216615e7 -4.6418662841615514 -14.60436930430274 -12.713675379118058 46.64442277401301 125.84545699382971 -20.896733256488744 15.075763304131328 -136.35262327793725 -297.33038307233346
1083 15120.525834560394 5.298952133658221e7 -14.229715968533924 -32.57487345713538 13.317384622830144 29.27826591947303 129.6715372865616 -14.004416152233432 34.38657401369164 -131.1714980228213 -297.6776087253263
1086 15219.004617214203 5.0916528512414224e7 -0.002442346633600323 -7.143157130146417 -18.92832981890474 -11.724199545288915 64.88823843724238 -20.776142459319715 -13.774002738954493 -136.30658138120913 -298.14348918871264
1087 15223.06261396408 5.246159537303799e7 -46.84064758604683 -90.99546096931542 28.62327313196132 108.21089436491002 164.0028522379478 -48.387478759283226 35.36140078488984 -156.6027739181568 -292.5937691814559
1088 15227.24997496605 5.247720714847954e7 -46.837209222532195 -90.99270539827695 28.618823296231415 108.20956256392643 164.00104998608384 -48.345140196564785 35.40596732260758 -156.55652292368444 -292.420323687021
1089 15231.404826164246 5.299007949581577e7 -14.229199778348047 -32.57420939523908 13.317204221417242 29.278200068295043 129.6713084519475 -14.000396371919635 34.39090904381669 -131.16949681988672 -297.67236965145713
1092 15243.367827177048 5.091837283231649e7 -0.0034112866611906156 -7.143570248876166 -18.92800185908065 -11.724048431146574 64.88871724477254 -20.774000127953002 -13.767277556502904 -136.30074791084058 -298.1102685084307
1093 15247.6793217659 5.093552028254637e7 -0.01760006873386999 -7.145909604330356 -18.925283470762317 -11.722628961421101 64.89654176314323 -20.71483615826378 -13.66834668374679 -136.26727775091769 -297.86048064634474
1094 15251.753940582275 5.093173973053995e7 -0.01111101230208078 -7.154192535075591 -18.925110280430577 -11.723164542314244 64.88887191184831 -20.77325345465431 -13.731559826833006 -136.28185738927806 -297.90870400337906
1095 15255.913013458252 5.0923512354911104e7 -0.008643628388028901 -7.1511245452842545 -18.92507491594783 -11.72258848294095 64.89000672989293 -20.751634261964 -13.71604186337936 -136.29130702708193 -298.0654401708011
1096 15259.976078748703 5.093123965461726e7 -0.04188600230662587 -7.162481175173891 -18.90683952311523 16.99337350341145 69.48360456483884 -20.70290575130491 -13.648224941369904 -136.24452408127587 -298.1425432919963
1097 15264.059329748154 5.0924654469562955e7 -0.004679506208958628 -7.144107978996988 -18.92757337798201 -11.72385087384999 64.88934477098131 -20.76945401792665 -13.762707226426642 -136.27873282377743 -298.0146593567057
1098 15268.144005775452 5.094781841105414e7 -9.742582709293401e-5 -7.137943678906023 -18.93095203156382 -11.725426916352145 64.88756939363756 -20.738678257759943 -13.723603279626275 -136.23892039985645 -297.6270994280129
1099 15272.28287577629 5.140837947444104e7 -4.348285782012795 -14.913090810361737 -2.6713689932342746 22.574052796901316 70.33861780994286 -19.901622910723177 -10.939047214625873 -135.0786179002401 -292.25154632005376
1100 15276.279564619064 5.0882971683485426e7 -29.98451781755962 -60.73916528713659 -7.72899516817402 9.2028976718221 96.94335860164963 -48.66388052396354 3.1784778406462806 -157.28958760156922 -297.83252818986864
1101 15280.250790596008 5.210560058837616e7 -12.58038583986118 -29.611324908185505 1.1566555774049228 24.271820318560998 121.98616054047659 -21.095992829661895 16.07673901094256 -136.49524449207956 -297.5247556165705
1102 15284.249589443207 5.893518857598361e7 -14.042044464114738 -68.09386596071249 89.92171967383665 40.88885432206205 73.19639181305732 -6.011195008624611 24.16323074176819 -114.94220501722953 -185.8603321506116
1103 15288.312416553497 5.2444867137855306e7 -16.26662668008416 -36.217524872846525 7.037530953967227 28.207030361043834 127.92446131400956 -21.03327452551332 25.31173551309621 -136.4877410189613 -297.9255892107195
1104 15292.42582154274 5.2981525363488175e7 -14.242039922905604 -32.56907716412017 13.32658000492519 29.281918850693806 129.67744049124082 -14.010379774237776 34.380976074665455 -131.1788637966884 -297.92484476731323
1105 15296.485837459564 6.020177371239923e7 -21.525583954870783 -81.34679576449255 101.39044407887079 74.25118740204628 135.2721546126687 -6.306269682002835 60.76052377723795 -115.22361024016158 -186.23814098559967
1106 15300.518112421036 6.017349035134708e7 -21.5340416341828 -81.35411068104091 101.39539213282292 74.25338802413702 135.27627235703807 -6.332135702809126 60.712925752339856 -115.26208299356324 -186.78830252919118
1107 15331.419297218323 5.29817961634137e7 -14.231704655612447 -32.57419885562162 13.319674256891254 29.279189466581947 129.67105054106128 -14.016467035079586 34.34347361604944 -131.19432559544288 -297.81802416095945
1110 15424.705507993698 5.0916152440357454e7 -0.001327870540919207 -7.141243498881931 -18.92936625154824 -11.724611953851905 64.88801377819826 -20.77832137573455 -13.77743352303878 -136.30753552135582 -298.1449047147693
1111 15456.31240606308 5.3976479814935654e7 -63.304138688024906 -120.27257645804994 54.830730926261595 148.21826281907238 227.13164118680857 -48.66782561732754 74.45601555778808 -156.8186481580288 -292.5137334834528
1112 15487.323666095734 5.4507154912429556e7 -61.234404434260924 -116.5737870949255 61.17801640153765 149.30022319042524 228.89082060014863 -41.63307499064581 83.57647481838285 -151.49291547311623 -292.6061687075905
1113 15518.198769807816 5.2981621312678926e7 -14.231690865567572 -32.574182361405875 13.319798177573851 29.279229954486077 129.67097373773186 -14.018396876759994 34.340268923478334 -131.19598094747442 -297.8234521041285
1116 15612.85454750061 5.091275703067913e7 -0.005118556086372905 -7.143687407415147 -18.925894310714252 -11.723203680488059 64.88850309752252 -20.767307505126666 -13.767381988894726 -136.32465684127732 -298.2272634609461
1117 15644.182004451752 5.09161507966983e7 -0.0012896168566811639 -7.1412179516782714 -18.92938568806743 -11.724620082460195 64.88799879585898 -20.778276547843802 -13.77743352303878 -136.30751672566691 -298.14490471476927
1118 15676.032512664795 5.091541646598261e7 -0.001174855667940733 -7.141141309980782 -18.92944399763022 -11.724644468292507 64.88795384882648 -20.772129895936814 -13.745009487149503 -136.30310685807763 -298.1982606361173
1119 15708.404560565948 5.0916597032672e7 -0.000830570880424375 -7.140911384108559 -18.929618926366874 -11.724717625859082 64.88781900759754 -20.776588878011808 -13.752644427696453 -136.30796860234176 -298.16611920466573
1120 15739.341689825058 5.090343460333919e7 -30.494465784368757 -60.99900815664313 -7.453867079693431 38.02747409656773 101.70946696969403 -48.624287080883335 3.686624328783978 -157.22647261030863 -297.76107826949436
1121 15743.706440925598 5.089233573735495e7 -30.490059578992984 -60.99792181919628 -7.455738311726893 38.026644929009194 101.70743112342089 -48.6491843609669 3.6219913289199326 -157.27104054491406 -297.89834392128944
1122 15748.047330856323 5.2974363096823044e7 -14.227625009757773 -32.567679135126625 13.319368345847813 29.279001461269022 129.66945920632548 -14.045559305889412 34.32177333256175 -131.2201006634162 -297.93765284453184
1125 15847.014294147491 5.09169337068345e7 -0.001095508991838301 -7.141236475502939 -18.92977055708049 -11.724732813390407 64.887985643792 -20.77833529278263 -13.755576455577852 -136.30681696169034 -298.15121116651983
1126 15851.241035223007 5.091306272297044e7 -0.003922569456747738 -7.142917428447664 -18.926556102519804 -11.72347055199429 64.88804456804878 -20.77046154470264 -13.743530532509112 -136.32828064994266 -298.2524759056008
1127 15855.239368200302 5.091545296096076e7 -0.006054084602055809 -7.146242164551854 -18.92683036034069 -11.723576114773426 64.88955266139483 -20.7553854752382 -13.694738266844013 -136.31850257268854 -298.2663628270782
1128 15859.250987052917 5.091646647531823e7 -0.0009265823023554276 -7.141029275625428 -18.929673729515688 -11.724723072211066 64.88787935258236 -20.777762947971553 -13.751510854166725 -136.30939716594781 -298.16810472110006
1129 15863.345209121704 5.0915870464005545e7 -0.0007197596621040248 -7.140775763658986 -18.929556149141167 -11.72471142612726 64.8877495038431 -20.770048812506786 -13.744560509950475 -136.30382306362753 -298.1894099495029
1130 15867.391032934189 5.092515270130328e7 -0.0003872452538047355 -7.140368820405822 -18.929367828175064 -11.724692833969431 64.88754098177643 -20.763376189819724 -13.744205866086588 -136.29550935187757 -297.9970239945296
1131 15871.475116968155 5.2139942900267705e7 -37.33755781516355 -74.13631211339856 3.81185852502837 71.28109085372768 163.44494207500068 -49.088922887599665 39.432742701542566 -157.6502629952344 -298.1705205441823
1132 15875.591496944427 5.214028288656426e7 -37.34002646687445 -74.13809687844096 3.813822330321834 71.28189831556917 163.44564450528213 -49.089369194145036 39.437556039664855 -157.647533532076 -298.17042885209736
1133 15879.707057714462 5.297744938565495e7 -14.225236905216917 -32.56410644269631 13.318898404035032 29.278780464436586 129.66861417051751 -14.032479535110838 34.298241376669466 -131.20823331721436 -297.8648138555692
1136 15891.78500533104 5.092330915418899e7 -0.0003079948394457688 -7.140504655880768 -18.929325870290192 -11.724675336247667 64.88748490457289 -20.76937340334439 -13.749588243181165 -136.30264819532323 -298.026996830577
1137 15895.891125440598 5.092412626416404e7 -7.023244639015047e-5 -7.140912156277196 -18.929199996544273 -11.724622843675743 64.88731667178257 -20.768094524559217 -13.721177501659554 -136.30141968743658 -298.04559553606356
1138 15900.03198480606 5.180923775938218e7 -33.89990558709782 -67.84771436076144 -1.966699374660621 67.40619216692622 157.56897440259436 -49.10699177930297 30.798665730707967 -157.607063071815 -297.9751953804654
1139 15904.076056718826 5.1811900938262865e7 -33.835193898622975 -67.76252900265663 -2.013468164707696 67.38396129499031 157.54360002877155 -49.13684756373391 30.642374885088316 -157.61943954858629 -297.83747504699556
1140 15908.093674659729 5.094345126382407e7 -0.00028140770676543525 -7.138783927295009 -18.928967910863292 -11.72447429473533 64.88774486937837 -20.748388969438054 -13.753804165642975 -136.25010047038768 -297.69144420011094
1143 15920.548780441284 5.092404115104316e7 -0.00016793669614401097 -7.140875793550904 -18.9293195538102 -11.724668606795067 64.88737733102889 -20.766882512835252 -13.71662696393588 -136.30249431940427 -298.0509117776577
1144 15924.65391755104 5.091679097867982e7 -0.0006532247079320541 -7.140697440887415 -18.929911140202645 -11.724895063863947 64.88767788944821 -20.77471924623717 -13.792627928341062 -136.30683250288098 -298.1357108996235
1145 15928.721954584122 5.091271907865174e7 -0.004085866269846861 -7.1429836424752295 -18.92620238718099 -11.723398981728732 64.88784119694498 -20.761941051671386 -13.778818459757588 -136.32792652904084 -298.23203401798537
1146 15932.819516420364 5.093508222570616e7 -0.008975509550296579 -7.148671523459882 -18.926168460944584 -11.723344909980966 64.89055870250462 -20.734261457753007 -13.747273380548506 -136.21465962613166 -298.02511367568843
1147 15936.916397333145 5.091599172038509e7 -0.0005761815706080142 -7.140724870673665 -18.929818538468474 -11.724859627812904 64.8876304349046 -20.7744528559262 -13.793252135862133 -136.30797262833676 -298.1462199037371
1148 15967.691856861115 5.092126522989275e7 -0.0029538064928829044 -7.14505479425884 -18.92761644692861 -11.723969110282347 64.88806055623093 -20.766847391506758 -13.762430009432762 -136.31103292151676 -298.08659976010756
1149 15999.007066249847 5.092153513346002e7 -0.002637676779983167 -7.143881420144314 -18.9272143365766 -11.723724019276258 64.88835960657558 -20.769124920827437 -13.739292296291353 -136.30934777312774 -298.0829663096003
1150 16029.955041885376 5.14091337278947e7 -4.346948492913796 -14.911420341199662 -2.6714114947084404 22.573940151053932 70.33819602911947 -19.894335238875897 -10.928674712555221 -135.0722405956921 -292.2441783789497
1151 16034.263391971588 5.088923281446796e7 -29.984274241515877 -60.73788783595319 -7.728984096224167 9.202872741684665 96.94348855375664 -48.648032471659576 3.2146029817025124 -157.26818579311265 -297.7160272198827
1152 16038.5422270298 5.2090334873227604e7 -12.56792290312471 -29.605003379698033 1.150976261449923 24.269403163849045 121.97995965800949 -21.131477233013698 16.000887101301032 -136.53893157141766 -297.7526265053841
1153 16071.937562465668 5.8936041690428175e7 -14.039983137197154 -68.0919231083459 89.92305127258423 40.88891773627091 73.19559801887365 -6.006980749568527 24.153627448891143 -114.93938903763467 -185.84300162368856
1154 16105.764597177505 5.244935807017571e7 -16.26602769955825 -36.217402915999116 7.036288851601608 28.206789791687644 127.92351749142124 -21.025675269151293 25.326283595174345 -136.47334995757376 -297.8569749987014
1155 16137.171104192734 5.2994674027150854e7 -14.22033470589625 -32.55810355795485 13.317930621655048 29.278015021410035 129.66699587349697 -13.864071212614817 34.687438769437335 -131.10356302387913 -297.9706351585352
1156 16141.332267284393 6.208443605181869e7 -70.72411241939737 -169.63014407363113 153.47185954804195 138.79942822809926 227.08690564970723 -27.500677258497944 119.15988737035809 -131.11700588377823 -185.96892663429685
1157 16145.394174337387 6.205983326386753e7 -70.69396604559408 -169.6108988439263 153.44118730522135 138.78702839798848 227.08501192099467 -27.73118689316891 118.68434389399306 -131.27977026492283 -185.95756523415383
1158 16149.520100355148 5.297774415452056e7 -14.223190292669045 -32.56163898070897 13.318740549668355 29.27861007494765 129.66788779119364 -14.025946602541183 34.32635181034698 -131.20524440578146 -297.9210940461603
1161 16161.718930959702 5.09226086491453e7 -0.003173036347504876 -7.144283144770402 -18.92588365693563 -11.723285490306381 64.88736842608805 -20.74807932683302 -13.673163545662987 -136.3225405272733 -298.1279869776969
1162 16165.862888813019 5.0925690758957155e7 -0.0013374822935503516 -7.1440429149159534 -18.92740157437642 -11.723903355108629 64.88741065979872 -20.76389044194434 -13.714414093338803 -136.29570947295196 -298.01958714194825
1163 16169.934439897537 5.092413546468592e7 -0.0003894925944365468 -7.140030964958971 -18.928995691770275 -11.724538264025075 64.8874486245123 -20.765537310409343 -13.744854770706525 -136.2972805404604 -298.0119325295674
1164 16174.188948869705 5.092367863242052e7 -0.00042785754835961143 -7.1399259569801465 -18.928971211569323 -11.72452812834004 64.88746447160331 -20.764452288425446 -13.74304832807428 -136.29678802656463 -298.0220124801924
1165 16178.204465866089 5.093860611833514e7 -0.006017469260285679 -7.147053612920541 -18.927054706481336 -11.723850733366035 64.88849117148268 -20.757765076140515 -13.7254794235742 -136.2509590207104 -297.8259363589067
1166 16182.228296041489 5.091542516872582e7 -0.0036872605214455234 -7.1443022675434875 -18.92749483112772 -11.723795500917845 64.88858509611951 -20.77075998818242 -13.73930859290033 -136.30454979435223 -298.20321000650256
1167 16186.27767586708 5.092069048618903e7 -0.0036481814204876173 -7.142971273959322 -18.927046316597902 -11.723634561307627 64.88883283540191 -20.766960493249144 -13.755833726085086 -136.30615572178232 -298.07236957904854
1168 16190.413091659546 5.141289216878103e7 -4.338181768607257 -14.905516746538712 -2.676989158339687 22.57179214461335 70.33523391010813 -19.86431587383936 -10.902142430186245 -135.05564801531506 -292.2286206952309
1169 16194.43564581871 5.089379989887296e7 -29.98395515969709 -60.73873206751314 -7.72930434615801 9.202753271200258 96.94343367353119 -48.64320080563073 3.2206392289664336 -157.2509920111085 -297.6645176700612
1170 16198.606002807617 5.211020142342473e7 -12.56746246509067 -29.6044211894908 1.1518552856680628 24.26968454253834 121.97981169827389 -21.073167393318556 16.124423920780146 -136.44757065765793 -297.5721768699409
1171 16202.753977775574 5.893442479145438e7 -14.040353034267966 -68.09305018614675 89.92049113988213 40.888471271722224 73.1958125815017 -6.007191803617218 24.153003001040133 -114.94163211080934 -185.86610543514416
1172 16235.45259308815 5.244880059240825e7 -16.26656740975264 -36.2166173186267 7.036002330398933 28.20663842746636 127.92396727340851 -21.03004034871151 25.317175961222915 -136.47543837734514 -297.84481105008365
1173 16266.197408914566 5.341116919759611e7 -18.566050703679778 -40.33053784418306 29.575841570555664 63.57665009348963 135.11736145331304 -13.339646753448733 36.80424920980556 -130.20109514924775 -292.65007534007964
1174 16297.637913703918 6.333499980850103e7 -78.47048870784887 -183.15238335795536 165.1994914590559 172.2499759310636 289.2148223928625 -28.04784198671348 155.4745746351374 -131.55974010624794 -186.16814058967225
1175 16329.198789834976 6.333494109166165e7 -78.47038753199737 -183.15236720928084 165.1994526224581 172.24995856994622 289.2147747192325 -28.04787756177427 155.47256384532727 -131.5593782587453 -186.1686938802289
1176 16333.701444864273 5.297819709524264e7 -14.222914231969881 -32.56166266563714 13.319105375043574 29.278687914528327 129.66781553979416 -14.032788438900752 34.299806064618224 -131.2077537437296 -297.84852208728336
1179 16410.61285328865 5.0924652580954105e7 -8.210777791362034e-5 -7.140943863628475 -18.92927856760896 -11.72466075529115 64.8872573165406 -20.767343068831337 -13.719934719536468 -136.3004056442237 -298.03579216490095
1180 16441.52112865448 5.09246588760233e7 -8.703634172491093e-5 -7.1409566380077045 -18.929310432438335 -11.724676134310037 64.88723328531559 -20.76731702332927 -13.719934719536468 -136.3002716732512 -298.03579216490095
1181 16445.502473592758 5.092466328849659e7 -8.412074375030443e-5 -7.140948872608977 -18.929291399948543 -11.724666948938506 64.88724767468672 -20.767311751468014 -13.719934719536468 -136.30025218822948 -298.03579216490095
1182 16449.56487941742 5.092556535128164e7 -0.0008242994036322671 -7.142653370081959 -18.92833847842858 -11.724290842172184 64.88726108066805 -20.763749324950595 -13.717867784600799 -136.29639262536602 -298.0194673303886
1183 16453.670579195023 5.09241171721441e7 -7.101700087730478e-5 -7.140913460955922 -18.929202636588197 -11.724624121046034 64.88731471351879 -20.768306827045762 -13.721177501659554 -136.3015739337962 -298.04559553606356
1184 16457.661736249924 5.0924048578607954e7 -7.337061475709561e-5 -7.140917374941562 -18.929210556726698 -11.724627953161026 64.88730883871783 -20.768389866925986 -13.721220240973935 -136.30182770683757 -298.04680706004456
1185 16461.856652021408 5.092391609914591e7 -8.043100861243602e-5 -7.140929116448056 -18.929234317206 -11.724639449544373 64.887291214258 -20.768265454254788 -13.720965493952008 -136.3022755852856 -298.049345569464
1186 16465.89378786087 5.0924659664366804e7 -0.00010160815989479488 -7.140964336915118 -18.929305599218058 -11.724673939042486 64.88723834034103 -20.767293990559892 -13.719934719536468 -136.3002422159925 -298.03579216490095
1187 16469.99709892273 6.130038792430312e7 -64.14226970133468 -157.67248868558804 132.83329194941726 131.2151669189208 224.38793588226025 -34.69278914906664 107.49970133760439 -136.61839465484286 -186.13560506895624
1188 16474.109043836594 6.130466888108617e7 -64.141834977518 -157.67181172761184 132.83195965700745 131.21487162399058 224.3876746551523 -34.684286188408635 107.5208436695483 -136.60501978449474 -186.07033900448926
1189 16478.266667842865 5.2995862745982274e7 -14.221560979823607 -32.56036569958313 13.319043281100804 29.2785691671213 129.6673716063463 -13.862339950541298 34.68661246117756 -131.1027093095883 -297.9519329552236
1192 16490.413761615753 5.092377071606734e7 -0.0015239894258485265 -7.1418864510649875 -18.927808687957427 -11.72407204222814 64.88729327426853 -20.76954745044884 -13.726716777235708 -136.30228084429012 -298.0482913413055
1193 16494.41715860367 5.092541609569375e7 -0.00023285366981440347 -7.141024072030788 -18.929239413717408 -11.724641897549677 64.88730492588205 -20.765928654528125 -13.718329823207853 -136.2977124315189 -298.0238360024272
1194 16498.65941643715 5.092410028622687e7 -0.0002553559139784056 -7.141034344962083 -18.92922849261497 -11.724636641572815 64.88731596618874 -20.768395395963523 -13.720550902943046 -136.3019092077152 -298.04683097381104
1195 16502.64967417717 5.092547230107213e7 -0.0010340710811220788 -7.142637050388334 -18.928235595691643 -11.724235147455083 64.88742375871102 -20.764204226702645 -13.714589937522817 -136.29677038031605 -298.02571214388036
1196 16506.654868125916 5.092380265367516e7 -0.0020927270394537345 -7.1430611281216905 -18.92824468231081 -11.724241861134796 64.88788557962668 -20.76561884896273 -13.712671700013345 -136.30256536450554 -298.06099002407825
1197 16510.66310119629 5.093015138155859e7 -0.0032965012647423464 -7.144133952312583 -18.928127485621047 -11.724239353976014 64.8879220296179 -20.784597064141394 -13.752708388921974 -136.29730337298315 -297.8823102529457
1198 16514.750482320786 5.091697942467236e7 -0.0016802497760579627 -7.142692716350105 -18.928569180854087 -11.724314315769867 64.88776212663268 -20.776775453918162 -13.758022090151144 -136.30623919361943 -298.16006542443665
1199 16546.0858836174 5.1409083274993e7 -4.346512945106596 -14.91109688289135 -2.6721918266703533 22.573619947521433 70.33790952887495 -19.90397900162992 -10.929616986126632 -135.07958906314042 -292.24218192631906
1200 16577.21339035034 5.085562821601478e7 -29.98339357180889 -60.7362664027779 -7.729758354702252 9.202546504556022 96.94323783407364 -48.693472202836915 3.127105235228896 -157.35424386995209 -298.21013279766566
1201 16608.15466403961 5.208445581913444e7 -12.566475190895773 -29.60449083520386 1.151246645478924 24.269394252848343 121.97925341580914 -21.13035200432455 16.03552523348594 -136.52620880639546 -297.86831877620574
1202 16639.21220111847 5.891499397780403e7 -14.04054852586006 -68.09216842491972 89.92043429547567 40.88846398517475 73.1957888050654 -6.03535221839735 24.101410553852247 -114.98383314461228 -186.21941162173084
1203 16670.135847568512 5.221820496222426e7 -7.570265536098361 -20.675273637740037 -7.296246336772114 21.683051684742466 126.92662294663137 -21.187286623909245 22.909516395424134 -136.58690011686633 -298.0813644735289
1204 16701.025451660156 5.30109642862229e7 -14.219612906490624 -32.55858229572918 13.318172482761756 29.278188038511004 129.66628224912827 -13.853766518370435 34.71839428525357 -131.06465245392627 -297.7021971972821
1205 16731.821356773376 5.0920339578304045e7 -0.00013737063643759484 -7.141090005678965 -18.929641751077224 -11.724836012875603 64.8869831156483 -20.775868579869552 -13.758939257951567 -136.29969342079414 -298.10290178925305
1206 16763.393433332443 5.09237800868563e7 -0.000287676977876572 -7.141489410987337 -18.93063580560998 -11.725315708542873 64.88623251428027 -20.772821581328458 -13.72051336188241 -136.30691127598396 -298.09165350021567
1207 16794.332552433014 5.338297367044574e7 -20.10750280123041 -43.1113464225061 12.762605660913668 57.66828675970409 184.01176454214664 -21.418113283284015 52.8952470191374 -136.72669283768693 -297.9970150666204
1208 16825.906242132187 5.33829777607442e7 -20.1075313692736 -43.111412146935216 12.76264518735967 57.66830281381513 184.01176462674536 -21.418137039824387 52.895267235233405 -136.72666146073215 -297.9970150666204
1209 16858.147760152817 5.299793957715727e7 -14.22095070397205 -32.55994297749527 13.318356568811542 29.278327409433853 129.66688376889735 -13.859155289960484 34.68162734421401 -131.09480794693042 -297.91864773242764
1212 16952.97902584076 5.093801851969293e7 -0.00040469083748462253 -7.141529979883078 -18.930953560886646 -11.725453562610468 64.8860826433047 -20.762260004575808 -13.72966154738134 -136.26670162140795 -297.83406538220584
1213 16957.165298700333 5.09380171545972e7 -0.00040400917671945535 -7.14152964682717 -18.930951790119845 -11.725452794504445 64.88608349000584 -20.76230027414448 -13.72966154738134 -136.2667395130386 -297.83406538220584
1214 16961.403888702393 5.0924247466633365e7 -0.0002951096916632423 -7.141491931836278 -18.930655532647144 -11.725324264775626 64.88622325169949 -20.772275887183923 -13.720508087834332 -136.3058377200934 -298.08637782580115
1215 16994.87332391739 5.092378705496275e7 -0.0017963169352839259 -7.144846771264174 -18.92876402046096 -11.724571571956513 64.88628470453405 -20.77811847725286 -13.748355936365556 -136.30412440564868 -298.09123551916207
1216 17027.52202630043 5.0924737238514856e7 -0.0017997694402396291 -7.142461598153115 -18.929008638791316 -11.724656380036553 64.88635877462924 -20.754813039200087 -13.707103925549632 -136.2889558256211 -298.119662188242
1217 17058.31142473221 5.092755620339969e7 -0.0063537790827581375 -7.147701465656219 -18.928369872994036 -11.724494841741262 64.887469352271 -20.73040637715701 -13.669008257928965 -136.2566968339429 -298.1176254079206
1218 17062.3769466877 5.0924485092974484e7 -0.0002193825544622996 -7.141465740359724 -18.93044969546002 -11.725234968634332 64.88632035358683 -20.754548345115154 -13.706988428254533 -136.28952936021767 -298.1259695516651
1219 17066.368443727493 5.139575057313468e7 -4.347277324937181 -14.911877393225861 -2.672818159944331 22.573266628245726 70.33737374252729 -19.908247415155984 -10.963101105387125 -135.11641345666476 -292.4359521589822
1220 17070.570209741592 5.088102978388131e7 -29.982845175956186 -60.73532170581808 -7.729693012437139 9.202760982979996 96.94342383469089 -48.68938750645083 3.119493185802071 -157.2874355010797 -297.8162054221728
1221 17074.68474292755 5.191729784378353e7 -3.8743275225757543 -14.066613514109143 -13.181890674012354 17.745902660058462 120.98229633430441 -20.976299896631417 14.27373911894881 -136.34051889851622 -297.5453764510868
1222 17078.641584157944 5.892914666720004e7 -14.040868861065462 -68.09312030850307 89.91809580180221 40.887919385277414 73.19499616108588 -5.986398222571324 24.144277666804214 -114.91847066145436 -186.05605717377188
1223 17082.715981960297 5.246085694400508e7 -16.26597662730586 -36.2163100288083 7.035862078622234 28.20613585322008 127.92323653526829 -21.007866235301094 25.4065456010984 -136.43616839868793 -297.77580283984196
1224 17086.744619846344 5.301270275240648e7 -14.219880718924514 -32.55918063908272 13.317197414483086 29.277718272990416 129.66550175279826 -13.877724361080197 34.671298293755285 -131.06763586553456 -297.6599229237237
1225 17090.78878760338 5.095348904290929e7 -0.0007323264752443492 -7.142681346922124 -18.933618856954077 -11.726755335343636 64.8839798787732 -20.676308637651232 -13.614564655589675 -136.19599912467544 -297.6676196873471
1226 17094.944411754608 6.404532131613999e7 -61.49122409674746 -152.85881802760252 184.51305845522 192.12482123959796 263.5729564349725 0.601697819882645 143.19610194612108 -109.50537279710494 -180.8557122798909
1227 17099.079286813736 6.4069735081654996e7 -61.49044602982144 -152.85834453529202 184.51197302094374 192.124471948756 263.5727831404757 0.7391225369746621 143.46168049504502 -109.4045205085186 -180.6649703601454
1228 17103.0799036026 5.29769943549593e7 -14.221254518368553 -32.56053805021736 13.31757418010126 29.27805691085088 129.6663731322948 -14.033342080205614 34.32327085815666 -131.2101793558665 -297.86419297331565
1231 17115.42990756035 5.095195800795487e7 -0.0016391122525334367 -7.145142673828165 -18.932031301113753 -11.726134201735558 64.88387209333239 -20.67860028433836 -13.617487376338715 -136.20279008824838 -297.682059200264
1232 17119.481394529343 5.09553657171056e7 -0.004358932043615482 -7.152525641544496 -18.927268450719286 -11.724270821160705 64.88354871712234 -20.67629577338363 -13.611985547482902 -136.19466992209294 -297.62526059062986
1233 17123.52020263672 5.4280659212644175e7 -21.856492682313274 -46.15299825726143 24.979831858988458 62.695681567886226 191.72823667373615 -14.386304101372048 71.11246708458566 -131.42701890904664 -297.7848451949719
1234 17127.496337652206 5.427464947371736e7 -21.85756522685584 -46.15379442615254 24.981153566443844 62.696092475646054 191.72891384482537 -14.404029875159438 71.09641990750936 -131.44769661578675 -297.89819151265425
1235 17131.63044977188 5.2985539826045245e7 -14.221477026384122 -32.561190235538845 13.317367384268312 29.278004727856203 129.6661180692782 -14.031083530489468 34.34935081146125 -131.20413853372605 -297.74933127443757
1238 17143.869114398956 5.0940682115906484e7 -0.005633818677594604 -7.153941197026139 -18.925900698047037 -11.723707128167266 64.88378627452502 -20.737190991236275 -13.828432401310863 -136.22350404027367 -297.83498416177935
1239 17148.00273823738 5.0885030607263766e7 -29.98192845041396 -60.73829480732566 -7.7259419690921725 9.204558175682973 96.94252727693633 -48.64821048944032 3.2005944363480694 -157.25699287617084 -297.75285701222856
1240 17178.864027500153 5.095565086911408e7 -0.002882586763035988 -7.151695021127054 -18.928744453694755 -11.724868088720307 64.88345125674915 -20.67642818251187 -13.599221698697477 -136.1960072711525 -297.6257578438632
1241 17210.08665418625 5.095301664178132e7 -0.00477946353014147 -7.154365915122405 -18.92644632400412 -11.723951144747716 64.88351025485312 -20.681309377586217 -13.620354704000533 -136.20188004818527 -297.66702507216814
1242 17241.39783358574 5.0960563178178474e7 -0.0060402428823636 -7.15988601685202 -18.923979981015087 -11.72299216597693 64.88339478297428 -20.75468970799875 -13.73638665439131 -136.19935380141618 -297.52632706629635
1243 17272.297268629074 5.6086641917746045e7 -47.42926078692031 -91.88892763232317 75.64339306039582 139.51051367074734 255.26473650510678 -13.860192839764977 105.83936075391705 -130.56091380725536 -292.6606348907907
1244 17276.662680625916 5.608343276844717e7 -47.42925922360237 -91.88890349688238 75.64340812553593 139.5105336149143 255.2647740106087 -13.880275353340267 105.82284230642745 -130.57276845272224 -292.7141904077955
1247 17349.73668217659 5.0954299326561674e7 -0.001691386275680884 -7.149283711701514 -18.930576865869394 -11.725599155148817 64.88330867703453 -20.679349863230982 -13.601738318273988 -136.20039850461671 -297.6563982311566
1249 17384.95785856247 6.13600567250724e7 -32.655957540518244 -101.32536281988902 138.4562116596952 116.1985193675661 143.43556411708045 1.305490839886943 74.51621884449708 -108.99316667090125 -181.48362199852693
1250 17389.062673807144 6.135942388021608e7 -32.65568195071063 -101.32505051521876 138.45688199795885 144.90689259584227 148.01625988493683 1.3049593584942727 74.51576254085103 -108.99449448462411 -181.49625870771382
1251 17393.056615829468 5.298120391840228e7 -14.22226014391481 -32.563582568183165 13.317762190195324 29.278196085367657 129.6655983102108 -14.066191421901351 34.30728098598013 -131.21525641165658 -297.8519932367176
1253 17401.159586191177 5.095333120415439e7 -0.0038168242080303116 -7.151014521202363 -18.929159920973145 -11.724966221927051 64.88405288470571 -20.68198255781158 -13.60652547081429 -136.20571215545266 -297.6714645666507
1254 17405.34313225746 5.095364377060764e7 -0.0036259674531606834 -7.152846447082773 -18.928313551041974 -11.724674803618115 64.88363136699783 -20.680065996426265 -13.602726695286208 -136.20223100011987 -297.66652628391745
1255 17409.40885233879 5.067710907578508e7 -21.28361097819227 -45.19222711455375 -22.059363130244503 2.6806608403832577 95.94521782932999 -48.736794536834395 0.9500351129814817 -157.28292870097795 -297.6001438563375
1256 17413.557630300522 5.095428111463791e7 -0.0015303974771683215 -7.14915278446275 -18.930684232143776 -11.725647124406223 64.88325225637223 -20.680240880599456 -13.601721118186902 -136.2011478962554 -297.65616456078027
1257 17417.654385328293 5.095445941962138e7 -0.0010474242421594226 -7.148759995875032 -18.931006331905955 -11.725791032765429 64.8830829935977 -20.679582749007068 -13.599655386500615 -136.2004710057114 -297.6567156129414
1259 17425.69007706642 5.937254978297321e7 -18.389203989618494 -75.87701882918674 106.17259219886498 75.18585451152407 78.64997107350015 -5.278793196792833 26.72376341973029 -113.90364709884682 -180.64821290541596
1260 17429.742000102997 5.93736156645273e7 -18.38951840866092 -75.87736421611791 106.17274492223382 75.18590407309728 78.65001007628405 -5.274927245626145 26.74034222871535 -113.90167428611159 -180.6273318979297
1261 17433.729172229767 5.095740328463967e7 -3.423309399863683e-5 -7.15055057366018 -18.929975907218154 -11.725490130462621 64.88144158208539 -20.679908282770896 -13.607173601005854 -136.20141653800425 -297.6043907138413
1263 17442.07830309868 5.095662316124643e7 -0.00035728653689659495 -7.14803313254437 -18.93123129884341 -11.725982593795244 64.88268889009998 -20.67752286015002 -13.601515369328752 -136.19565525754746 -297.6204506852076
1264 17446.115854024887 5.095357734826516e7 -0.001265270902038651 -7.148989549248938 -18.930935271524763 -11.725730584952764 64.8832072870791 -20.681631057264553 -13.607332840263098 -136.20271303702305 -297.6647233011189
1265 17450.224573135376 5.095366776811465e7 -0.0026097528222805977 -7.149780410521373 -18.929452856127558 -11.725155296020429 64.8832092738029 -20.67973387048636 -13.613484570773437 -136.20028618495013 -297.6625861956032
1266 17454.309252262115 5.09586899908905e7 -0.006547632726537245 -7.154383289971641 -18.928130782441468 -11.724585945505574 64.88495382663616 -20.67685513645739 -13.599838024787346 -136.18713489346635 -297.56459456325604
1267 17458.528477430344 5.136708411876219e7 -4.3481933159885955 -14.919255108297705 -2.673540935859993 22.572675982358795 70.33411629854986 -20.155559028599782 -11.4037295557319 -135.29014317389715 -292.5879412671535
1268 17489.60381913185 5.087039319827314e7 -29.979258623380687 -60.735010284885036 -7.728226385525865 9.20365667238553 96.94234458458867 -48.67975220196928 3.150980200957065 -157.31223598470132 -297.9837947632866
1269 17520.439070940018 5.095444099192086e7 -0.0007104828333126534 -7.148405181731803 -18.931116137243794 -11.725884556428849 64.8828905440069 -20.68168934453672 -13.60283560200827 -136.20235459038543 -297.65931929760933
1271 17583.744512557983 5.5362903559324756e7 -64.3295458781445 -122.14555947928758 56.22804942322266 119.6051870560913 280.85220873326483 -42.66553604189835 117.77517940873372 -152.74574150995443 -297.96780500722787
1272 17614.405172348022 5.5362903559324756e7 -64.3295464937764 -122.14556013677588 56.22805055979602 119.60518736351614 280.8522091131799 -42.66553604189835 117.77517940873372 -152.74574150995443 -297.96780500722787
1273 17645.523113965988 5.29778016781214e7 -14.221857409162752 -32.56527479253289 13.31642411140567 29.27769676891678 129.6639020345334 -14.0359710769049 34.271882375262635 -131.19329271861574 -297.9002310426477
1275 17707.800117492676 5.096034839162166e7 -0.0007599162439788643 -7.14732896328157 -18.930124627711113 -11.725483412278074 64.8827242652544 -20.673613102344916 -13.612343944001452 -136.1865416167043 -297.54558420881847
1276 17739.224360227585 5.094102212639573e7 -0.0018593349669373538 -7.148876253624142 -18.930134365361255 -11.725328120123983 64.88409481888986 -20.730317230544244 -13.792559678413738 -136.21802315627713 -297.790158356283
1277 17770.70436644554 5.137320930520907e7 -4.346978629324354 -14.917830766451676 -2.6740388800214703 22.57239248134982 70.33367282869628 -20.157608513558216 -11.415465222791397 -135.28016270475024 -292.4790189319092
1278 17802.347712278366 5.086812775516419e7 -29.978671330315507 -60.734297354064495 -7.728347139232142 9.20356571833581 96.94215657694441 -48.678592995219844 3.148133412977984 -157.3180843219116 -298.02856053549283
1279 17834.403135299683 5.095647082779759e7 -0.0004216605685343211 -7.148120333071809 -18.93119911713925 -11.725972089295155 64.88269243691859 -20.675447942054348 -13.597864932231232 -136.1955915107385 -297.6294565766767
1280 17866.57493042946 5.095541640541819e7 -0.0010045234975279982 -7.148909518929692 -18.930907542055653 -11.725876845848703 64.88272481851877 -20.676994152739667 -13.599029743817937 -136.19851608458066 -297.6447524040562
1281 17897.768162488937 5.095541770828217e7 -0.0010262807979870558 -7.148939202213143 -18.930896628204756 -11.725873296327649 64.88272591876519 -20.676986297018004 -13.599029743817937 -136.19850082201526 -297.6447524040562
1282 17902.061324357986 5.09561246491024e7 -0.0016490685331547184 -7.151016570442611 -18.929416995163823 -11.725255810795439 64.88279962007844 -20.6772852305906 -13.59983247070545 -136.19700013726276 -297.6316436473188
1283 17906.463794231415 5.095813915904274e7 -0.0018397303271626697 -7.150041083468899 -18.930489802753264 -11.725740454514302 64.88277087870887 -20.673553337242993 -13.585787389703626 -136.19382661163843 -297.60692612182254
1284 17940.29792547226 5.8926201137646645e7 -14.039789004536573 -68.0962072099528 89.92610454029565 40.88751071636702 73.19134928824477 -6.021062039675655 24.082982911045292 -114.94857642360353 -186.0534147701763
1285 17974.24734067917 5.2111617748565495e7 -12.570894477327187 -29.61851039051905 1.1423690107588413 24.267081701413215 121.97342545302841 -20.96830084286023 16.40441973006557 -136.41680426237707 -297.7278592777128
1286 18005.157329559326 5.242622385960554e7 -16.264836224064183 -36.22106980438721 7.036193068269601 28.205653079914523 127.92008349784288 -21.113495304449657 25.085502865186413 -136.56256142034806 -298.16615205969197
1287 18009.264838457108 5.2962687893969804e7 -14.229150516878065 -32.574665142268735 13.31339789529547 29.27697818394148 129.66275334424557 -14.08212660983827 34.27247632496005 -131.27446632759194 -298.12761324337555
1289 18017.509922266006 5.890522965576444e7 -44.03101903650287 -121.68703067713392 101.14536556507419 61.8199237463234 105.2565712256826 -33.89477405218912 41.04659747739356 -135.97457855720342 -185.36529268630028
1290 18021.531922340393 5.890915379300061e7 -44.031090626824096 -121.68694181165043 101.14537264763608 61.81992953961419 105.25662188381054 -33.883346726417244 41.07213234932999 -135.95249465083617 -185.33156001300182
1291 18025.579946279526 5.294118383490426e7 -14.225054039952056 -32.570697284263005 13.313730936374753 29.276880420962474 129.6621435114718 -14.092615711833446 34.210604471136776 -131.31997782642804 -298.4295523100204
1293 18033.872946977615 5.087280629700886e7 -29.981003351005583 -60.735623387661875 -7.72705729995733 9.204179875515734 96.94260769592843 -48.674707336271354 3.1435633529735014 -157.30259800085759 -297.95509704322967
1294 18037.95024585724 5.095538170833154e7 -0.0005013970147444979 -7.148267631861412 -18.93093078552249 -11.725898263215274 64.88257268907235 -20.678685906172916 -13.599707726394115 -136.2009099605297 -297.6511298074816
1295 18042.031779766083 5.095872824771268e7 -0.0009335633641711638 -7.148970962710177 -18.93002927203789 -11.725645287908652 64.8822240647583 -20.677415316340728 -13.594357970108206 -136.19577932140038 -297.59649808035863
1297 18050.24299454689 6.134899242022035e7 -34.17101099601916 -104.09335271938353 121.60679799214104 110.28293259025305 192.31805884724412 -6.868917177941171 90.44006361527533 -115.61569870960955 -186.18850627624352
1298 18054.387736558914 6.134906449046006e7 -34.17085830227569 -104.09321871933736 121.6065372721467 110.28287543499235 192.31800343131107 -6.869538800211274 90.43876799998372 -115.61648948366746 -186.18702559902516
1299 18058.513128757477 5.294216123155567e7 -14.222960811243524 -32.56861385995151 13.313863584168292 29.27681420835177 129.6618083021277 -14.064434558696462 34.23450631632397 -131.2870141025591 -298.45906449425706
1301 18066.6227247715 5.094150207634995e7 -0.003978222727724301 -7.157192832467498 -18.92591003370954 -11.723636107911393 64.88185806819055 -20.776350912000225 -13.815948223612168 -136.26135974867435 -297.7643796860297
1302 18070.746314525604 5.0957739415792316e7 -5.1548647206800524e-5 -7.15051298889804 -18.92995875519199 -11.72548569201594 64.88144061184823 -20.67965592487576 -13.60826555081809 -136.2001408771003 -297.6003148191205
1303 18074.8220205307 5.0956671098353036e7 -0.006689841883897429 -7.155637202290521 -18.926206652530986 -11.724022448546553 64.88344915532885 -20.674130817965022 -13.600576418478624 -136.19339323615378 -297.61411655310343
1304 18078.960424661636 5.095497107353404e7 -0.006288941987946828 -7.158416958157851 -18.92800763134448 -11.72473507457033 64.88279742360112 -20.684798795349536 -13.603759220439315 -136.20843907560175 -297.6453756817061
1305 18109.652935266495 5.139477099557358e7 -4.346990514688883 -14.921018901136403 -2.6721838364217234 22.57298286026143 70.33246325175135 -19.969596741340695 -11.079400137311609 -135.13042929696644 -292.3780511920154
1306 18140.678249835968 5.089812970245562e7 -29.978064880531377 -60.73560968391017 -7.726643336172518 9.20429755809062 96.94118807368925 -48.62834909505284 3.2277003955329064 -157.22434104511404 -297.55769831247073
1307 18171.45615506172 5.095762373022195e7 -0.0006572020650850163 -7.149222100835537 -18.929360404494773 -11.725329853444382 64.88141013712216 -20.67287945218243 -13.611794953823733 -136.18663948393942 -297.6034438177495
1308 18175.453211307526 5.0955697207998574e7 -0.0011750934917245104 -7.154058033551809 -18.928304612086226 -11.724793577093177 64.88156604634572 -20.68152349230695 -13.595138348779017 -136.20481455126668 -297.6275995413238
1309 18179.725595474243 5.0958105356732816e7 -0.00025595541606548977 -7.150078937872436 -18.9297569344556 -11.72543307190443 64.88143045278915 -20.67677991370465 -13.594043664757805 -136.1951199643031 -297.6111479854704
1310 18183.75835633278 5.891811373697075e7 -14.040113312336615 -68.09797543964123 89.93200856546238 40.88839671530837 73.19016328179657 -6.074296961611765 23.98283901999946 -114.99078965466998 -186.09562819377192
1311 18187.741928339005 5.211027987632598e7 -12.572910988368392 -29.62463631033498 1.143140177968462 24.26763644139515 121.97196643392859 -20.98908281993988 16.379022319181445 -136.4352933462239 -297.6996281232456
1312 18191.809281349182 5.242796650992933e7 -16.26437307977001 -36.223924275713486 7.038770465032936 28.206433424213262 127.91927062634339 -21.145982853132864 25.043841354502774 -136.5803728580084 -298.111293654675
1313 18195.845498085022 5.296356159866145e7 -14.21713561844308 -32.564029251224575 13.309335521387673 29.27492070755998 129.65911635096907 -14.075366108559535 34.22683339657033 -131.25601022223066 -298.0808880580439
1315 18204.06452202797 5.131133588091025e7 -34.389010737302556 -68.54063350734903 8.543992802426796 43.51236183369444 102.4278644711252 -48.152448401154004 5.340153145728891 -156.38618269682837 -292.28631538750255
1316 18208.1246778965 5.1311340170237884e7 -34.389130867042866 -68.54073840032002 8.544080159126544 43.51240041533788 102.42791464411484 -48.15267018062826 5.341719094814152 -156.38605624710124 -292.28724797646703
1317 18212.156324863434 5.29446537664794e7 -14.223040274277253 -32.56954635467534 13.314441227696317 29.277035855056532 129.66149826172438 -14.061908850631767 34.258272768915845 -131.28690877626627 -298.43983753965426
1319 18220.12748360634 5.0958051573933125e7 -0.001421356018880715 -7.153557901449464 -18.928133163325615 -11.724751216873301 64.8816162840552 -20.67785372470769 -13.601470971435106 -136.20069906483906 -297.601667309745
1320 18224.200051546097 5.095850930949766e7 -0.003162128123889829 -7.152459420605723 -18.926863754018257 -11.72423114553343 64.88170234987768 -20.676561124647037 -13.603357107795773 -136.19694675764765 -297.5912723923233
1321 18228.44693851471 5.0895216986259386e7 -29.97817724453813 -60.736045723696776 -7.726878269080885 9.204213637248653 96.94131873375271 -48.62704044476095 3.214020938948522 -157.2167965064184 -297.6185664587314
1322 18232.556334495544 5.09579535396617e7 -9.634207269471062e-5 -7.150510156764369 -18.929981210268537 -11.725490890878007 64.8815040125539 -20.678667550567525 -13.6034281424254 -136.2006752502624 -297.5999841170494
1323 18236.603215694427 5.096144748327795e7 -0.005325885269812147 -7.156092991196374 -18.927126764828937 -11.724321659098585 64.88314798671534 -20.674880798742663 -13.582655548040407 -136.18589147661578 -297.5347128798816
1324 18240.646523714066 5.09578355796672e7 -0.006057963781799458 -7.156644353787623 -18.92781349190358 -11.724710672235044 64.8826635704099 -20.674275590551815 -13.597142682745869 -136.19708956819932 -297.59390688649637
1325 18244.750675678253 5.094324498203108e7 -0.005734566875375435 -7.1520968698258365 -18.92751705313301 -11.724401263635581 64.88399885958692 -20.72700002913757 -13.800275514143777 -136.2160239336714 -297.8220862568993
1326 18248.838790893555 5.0968203325436935e7 -0.008893672899745297 -7.159535553923927 -18.925853692215128 -11.723479746337144 64.88456158843186 -20.7196172987056 -13.711930008577838 -136.15822526543536 -297.34102875102957
1327 18279.464764356613 5.139526043134709e7 -4.346757801542225 -14.921013197481777 -2.6719772991966835 22.573014577261002 70.33217473930918 -19.973357629499503 -11.087049643695366 -135.1315279118994 -292.3618325132896
1328 18310.319741010666 5.210861070323181e7 -12.572996422153821 -29.624470230553765 1.1431957421943473 24.267646446473606 121.97208020110503 -20.993816233921052 16.36470648430827 -136.44077819215858 -297.7194115883674
1329 18314.6866209507 5.891789995491416e7 -14.039963275934483 -68.09850933864243 89.93151913116489 40.88832044562144 73.1902490464083 -6.0855529078469885 23.96395555286597 -115.00098823163813 -186.09617745520234
1330 18319.106135845184 5.24301591726444e7 -16.26471333072172 -36.22381589855606 7.038606073934542 28.20641487160523 127.91907337945402 -21.115100755283606 25.07386953483001 -136.55436845904853 -298.09912653704316
1331 18354.123557806015 5.277516475735206e7 -5.526971737325624 -17.029257142398755 -1.016985359059003 22.753817234451745 128.6638457694734 -13.918510798617149 32.520659425333406 -131.13016997590012 -298.12016929610695
1332 18388.146899700165 5.1378241662143975e7 -4.323126646784829 -14.90276220463166 -2.6848350092056634 22.56777960271422 70.32493273975798 -20.033510454709017 -11.207072421324085 -135.22246585701345 -292.5777181965092
1333 18419.333424329758 5.979458296326741e7 -48.002407698833 -128.6854556178936 106.90787445761359 120.01959678728821 165.9645954519615 -34.285732904492875 68.8712002495812 -136.33750434629883 -186.46626479033364
1334 18423.333998203278 5.9789022756122485e7 -48.0013787050313 -128.68485335157675 106.9086554047544 120.01947062021819 165.96411418909642 -34.2930899353355 68.85845284781237 -136.35379190760187 -186.5591084410841
1335 18427.426280021667 5.139539222866431e7 -4.343982346638342 -14.91869556522273 -2.6727866256286106 22.572604912857955 70.33118780241657 -19.975030150818725 -11.096988925368919 -135.1298261231841 -292.3553378731415
1338 18439.55398797989 5.095826758820797e7 -0.0008250326131218344 -7.150883483427791 -18.928828286095698 -11.725037664667834 64.8812768665044 -20.680406260567167 -13.607583341084705 -136.19870997419343 -297.5869113390373
1339 18443.702235221863 5.095565311455625e7 -0.0005664406444907399 -7.151429106257844 -18.929795461547705 -11.725438073895116 64.88160448136696 -20.681205250349933 -13.599480894568273 -136.20183693562046 -297.61880489311955
1340 18447.751358032227 5.095828258478207e7 -0.00048741659122697456 -7.1499176908012565 -18.930294825265356 -11.725598353259105 64.88177654491456 -20.677473895105834 -13.59462613693205 -136.1985392635808 -297.60615382879894
1341 18451.822237968445 5.089672515658049e7 -29.97648672988204 -60.73485609228908 -7.727729748800893 9.203844722140492 96.94063035974447 -48.62758857009652 3.2677506123897615 -157.21046916089603 -297.63911908100636
1342 18455.853259801865 5.095875553937297e7 -0.002663495404718219 -7.153297575628326 -18.929107483258985 -11.725192556165858 64.88190854365995 -20.672847593748315 -13.58940110933986 -136.1944549027677 -297.58911573546646
1343 18460.082273960114 5.095817304046125e7 -0.0015407099189701512 -7.151846733386886 -18.92910599021445 -11.72511680276947 64.88195340956014 -20.678189745231066 -13.5945202041284 -136.19812092041212 -297.60807626547904
1344 18464.115726947784 5.09594858359819e7 -0.0010376578494515343 -7.151106889233795 -18.929433283230928 -11.725298415550434 64.8816198568528 -20.672321089340187 -13.58234602101885 -136.19060700382352 -297.59646882387983
1345 18468.30259370804 5.095461159808751e7 -0.0017505117130980352 -7.150113383913684 -18.92947517534944 -11.725255551197016 64.88239939859052 -20.675204967607954 -13.61743443000529 -136.19959152156298 -297.6549732139808
1346 18472.407026529312 5.139513648565813e7 -4.345608377032676 -14.919612570434929 -2.6729510117204818 22.57264118199417 70.33196542913548 -19.974024600665018 -11.089120871070747 -135.13174592611358 -292.36789624871193
1347 18476.416280269623 5.211016148731438e7 -12.574009384954238 -29.625469704923134 1.143906688173555 24.26793741495982 121.97237596432896 -20.989992728001084 16.377532055649112 -136.43631207886125 -297.7032191066452
1348 18480.470576524734 5.242824082403543e7 -16.26735328219877 -36.225953084864784 7.040208151794641 28.207082134943175 127.92005623383888 -21.13515229467572 25.059297369585693 -136.57200185477365 -298.0924529803658
1349 18484.621914863586 5.892401416691268e7 -14.037293274196912 -68.09641898492077 89.92959709215103 40.88764910028606 73.18927894915501 -6.077521648364325 23.99683543015351 -114.97605759448618 -185.98879297353
1350 18488.60439300537 5.2953544214177355e7 -14.221406107765972 -32.57065461490494 13.314767036575748 29.277086245362455 129.65999892364255 -14.047034516861856 34.265684987917666 -131.24561513823238 -298.3123398457093
1351 18492.689518928528 5.537231899247403e7 -64.37620810753265 -122.17241849476927 56.24707866231489 148.32459296992087 285.441854462089 -42.614549771282384 117.90701745665172 -152.7254851868567 -297.8647114904735
1352 18523.082271575928 5.537231925381809e7 -64.37616649767986 -122.17236824577124 56.24704170872683 148.32457715010537 285.44183961403206 -42.614517372440105 117.90701745665172 -152.725445881413 -297.8647114904735
1353 18553.97577524185 5.139523451832937e7 -4.343506857228562 -14.91815347687412 -2.673425896943101 22.57236817669942 70.33111921959451 -19.976584286273635 -11.096954773263064 -135.13166093005253 -292.3575742164451
1356 18646.804520368576 5.095738972087899e7 -5.438037150895525e-5 -7.150917888734995 -18.929729264272506 -11.725400136997479 64.88139243360595 -20.67846902456779 -13.6025296211713 -136.20155108251316 -297.6096790019633
1357 18677.716688394547 5.095716250583296e7 -0.00011479585700158168 -7.152019788440761 -18.92898932918531 -11.725130157954695 64.88124498653144 -20.677691432268546 -13.599065508139802 -136.2021289234459 -297.61626129040815
1358 18708.45032429695 5.0955852868738785e7 -0.0002958051935451067 -7.155325077904546 -18.92676946767118 -11.724320232997432 64.88080263057022 -20.683447410841836 -13.606488271335252 -136.20739418056633 -297.6211522752036
1359 18739.935631990433 5.0963633280544445e7 -0.0008366992327211165 -7.165237259802026 -18.920109376860665 -11.72189056767344 64.87947543001204 -20.688046196001494 -13.602903217908363 -136.1953183518067 -297.49475466274976
1360 18772.018073797226 6.248817757573077e7 -75.13822496787593 -177.320450946797 169.68966843890226 201.81434757579274 237.13656803649857 -26.883321218083722 121.34731715511043 -130.1880028654972 -180.91386901533036
1361 18803.46047115326 6.2473560560613476e7 -75.10530585512707 -177.30158704659704 169.6395418073164 173.09038216318552 232.55313899927276 -26.8980437025495 121.30984718198033 -130.21194659846253 -181.20610955942908
1362 18835.08033657074 5.294022375435008e7 -14.222125588529039 -32.57041621220189 13.31408816887581 29.2768972210296 129.6605885998286 -14.072432122986129 34.24067835471874 -131.29982288737324 -298.5012336626349
1365 18930.593365192413 5.0966210749448046e7 -0.0016806304701475483 -7.166093752359199 -18.919775078284236 -11.7218462785495 64.87943675050091 -20.68336073390759 -13.601473488060776 -136.18860920729458 -297.446471222885
1366 18934.898846149445 5.0962384881077886e7 -0.003093749091647169 -7.1709408381556585 -18.916559799409228 -11.72042685875476 64.87972228322823 -20.6852450111366 -13.594055745123512 -136.19608631552694 -297.51541030573446
1367 18939.27757501602 5.096589980366154e7 -0.0015734869643182492 -7.165985077486869 -18.919817726112885 -11.721852476229731 64.87944033261357 -20.68444480105444 -13.601743828409838 -136.18962959840246 -297.45208310266094
1368 18973.121373176575 5.096254915354044e7 -0.0035475261439756878 -7.166842579660074 -18.91714000918618 -11.720654896194812 64.87968231404939 -20.687213003494605 -13.616074473549986 -136.19455123565768 -297.5035727211121
1369 19007.877754688263 5.095150123550453e7 -0.0007793532925859381 -7.164178546420317 -18.92009629609012 -11.721712784240179 64.88014871978928 -20.69120698968527 -13.63716437505326 -136.21689402352462 -297.70873631661334
1370 19038.475836753845 5.096833371068242e7 -0.00574819679434313 -7.170256892275525 -18.917453590693643 -11.720751625745617 64.88127561334791 -20.684271283092812 -13.59897200079132 -136.18279358234162 -297.39676613994493
1371 19042.46418261528 5.139126995714448e7 -4.347034167919091 -14.934756305699484 -2.662930971759451 22.576526210749392 70.33053031175457 -20.011972867623342 -11.091208960401332 -135.18707244598335 -292.4730486468727
1372 19046.481684446335 5.088989241231433e7 -29.97914670117872 -60.75169294981271 -7.717416183334372 9.207573153192179 96.93883801946352 -48.6254293952793 3.2278553397632095 -157.22508799043936 -297.6922368191042
1373 19050.55582165718 5.0964678363073e7 -0.001129986394886373 -7.165534962592602 -18.919993322713925 -11.721875557955176 64.87946108946967 -20.68718228029161 -13.60741385894363 -136.19320349628703 -297.4712245745951
1374 19054.595098733902 5.210460083262594e7 -12.572267688304734 -29.637239427790583 1.153736012513022 24.271348054598985 121.97027915515568 -20.992703915678987 16.355574939086864 -136.4412146038311 -297.78193871478925
1375 19058.700454950333 5.891072224238065e7 -14.037250054618823 -68.10111778547238 89.98133048872725 40.894071538042176 73.18860595250526 -6.087646679761917 23.979950913155676 -115.01320292111342 -186.2244484588095
1376 19062.779129981995 5.221303908332087e7 -7.575244530947472 -20.70046285782674 -7.277801199531812 21.688917211831274 126.92488655306292 -21.260892902154296 22.71948219879107 -136.59180042361697 -297.92766653020976
1377 19066.833373069763 5.292818843239535e7 -14.221497370326261 -32.58479795778986 13.323880050752074 29.28047004762594 129.6577452443735 -14.080778922550849 34.15915040416667 -131.3098215430599 -298.71355307676686
1378 19070.960552215576 5.097823035590789e7 -0.0024401785780128193 -7.1949406374740335 -18.900124548110412 -11.714602557704861 64.87549263361178 -20.7479834735268 -13.803977800160453 -136.18212382772123 -297.0630797675011
1379 19075.080181121826 5.412722529713404e7 -26.767510537256598 -55.00526743797583 33.39858080242797 93.98056209326933 191.3284781384543 -14.379071027277405 64.13517540275097 -131.41718064481404 -298.0212670132908
1380 19079.194927453995 5.4600242690119326e7 -31.14056362928588 -62.814349137131344 49.682255157708056 128.2892192871161 196.78302322148002 -13.600945994502695 66.85001859987415 -130.29333651250096 -292.26431572219155
1381 19083.328743457794 5.138364984941477e7 -4.345996654946546 -14.937323756657445 -2.6604741778054937 22.577447657978542 70.32994645857588 -20.032268144493912 -11.178656783496422 -135.2189344042809 -292.53008029038415
1384 19095.525456905365 5.0973248809932694e7 -0.0004341882828668986 -7.19380451921889 -18.900293448149945 -11.714933518613599 64.87408519168646 -20.766383622386115 -13.827781252925945 -136.20818044406406 -297.1174512273393
1386 19103.75382757187 5.8613537228547595e7 -35.34459474430463 -106.15075054156182 86.77485869502499 55.293761722982026 104.27516731007101 -34.17703926744156 38.49623660389591 -136.20080951710736 -186.4470176319515
1387 19135.099992513657 5.863383251233926e7 -35.29482647267618 -106.10655596925656 86.75258500187032 55.28358375776533 104.25752838974286 -33.98338221489655 38.739563996162815 -136.0602637279913 -186.3142608636834
1389 19196.822613477707 5.0972999279407196e7 -0.0001958760654190428 -7.193614749758787 -18.900393107426314 -11.714982402003272 64.87399852997551 -20.760602520630243 -13.82175908634997 -136.20553606529808 -297.12888289220996
1390 19228.042620658875 5.360320873197873e7 -28.88434196582972 -58.74380525104097 27.13243831758445 64.20380018250829 185.02987147197118 -21.32474711458468 55.166132691882694 -136.71128859022878 -297.93770976912447
1391 19259.70390534401 5.360323753492634e7 -28.884193244656217 -58.74397157812662 27.132537621132357 64.20382191839515 185.02976677821516 -21.32549955125637 55.165959997559185 -136.71156134899496 -297.94135279755494
1394 19351.78885936737 5.0974995486552835e7 -0.00017165331095725378 -7.191932406728345 -18.899181546489736 -11.714559740033952 64.87326975485377 -20.763549742747273 -13.836477881766086 -136.20396972001868 -297.0839256905798
1395 19382.635116815567 5.096820285536478e7 -0.00046368267729235413 -7.193090240129969 -18.90096475728704 -11.715319150100584 64.87439306948323 -20.763541845205452 -13.82934038218309 -136.21888485283785 -297.20442238997646
1396 19414.76972913742 5.087495819143897e7 -29.978366761744795 -60.78006144482317 -7.698189777065156 9.21418830216155 96.9329780230197 -48.61477796712256 3.240078010102195 -157.26651476697407 -297.9657518361895
1397 19446.1163918972 5.097260190000978e7 -0.0009231066008510425 -7.19444844195441 -18.89992757374954 -11.714779358594779 64.87420606790029 -20.767019376649046 -13.824508574316383 -136.2108132659937 -297.1278781512659
1398 19477.99942469597 5.098444636474455e7 -0.015800837343476815 -7.209004784702547 -18.893859335493598 -11.711653166217289 64.87972685426145 -20.656295359658145 -13.608577421493635 -136.13231303784045 -297.12580672650995
1399 19510.104770183563 5.0978509138906e7 -0.002333790886609677 -7.197152317261384 -18.89875300088351 -11.714272010549998 64.87439615431656 -20.60116688213793 -13.511932525567431 -136.11378118984834 -297.3486747309673
1400 19514.483391046524 5.097681160375616e7 -0.005659543048892601 -7.199131221535993 -18.89856031513498 -11.714347046715982 64.87503693508224 -20.752901152560128 -13.805287335496132 -136.1916744393102 -297.0839399044488
1401 19518.89891219139 5.097042226899454e7 -0.009455930031933235 -7.20412275645274 -18.89449118833171 -11.712393897018252 64.87676716432742 -20.76537747705413 -13.81619015302482 -136.21673315713304 -297.17246263557445
1402 19552.93061184883 5.136487162167128e7 -4.341582642685921 -14.962149729468013 -2.6443546498556962 22.582888479176173 70.32254403232663 -20.074793232670174 -11.325355754497366 -135.2419604372369 -292.70721717089475
1403 19587.11500453949 5.207688704888701e7 -12.57409468617412 -29.667136545980604 1.1786933499316596 24.279689247633357 121.96643968425049 -21.04222308749445 16.20790090767605 -136.52084673127592 -298.148071415583
1404 19619.374096632004 5.89304958897766e7 -14.03240614329519 -68.10691545152247 90.08746734319304 40.905829079843144 73.18399303997198 -6.027421885967726 24.05353161393782 -114.9453966984741 -185.8891731010142
1405 19623.40842962265 5.2420397605630405e7 -16.275196462940713 -36.283875348093986 7.051799326038811 28.21401334548426 127.90664083135201 -21.18482512302586 24.988728304943606 -136.65517992363095 -298.06662849382764
1406 19627.552785634995 5.275067009117259e7 -5.532805946572097 -17.074849841337848 -0.9871471386560735 22.764826476503817 128.65834031308805 -13.943634415328518 32.38488260126428 -131.20507514899953 -298.35153798042006
1407 19631.692007780075 6.1321544137560986e7 -64.14779478874507 -157.71117056079174 132.98448468178046 131.23155267669497 224.37220300285244 -34.844692366558775 107.2086277742859 -136.63277244851417 -185.4928383996375
1408 19635.76120877266 6.131858325378768e7 -64.20327441281373 -157.7536719156587 133.02151851710664 159.9566880097273 228.95629309355036 -34.83357950753282 107.21436138124 -136.62788195447706 -185.51206799728124
1409 19639.79052877426 5.136889867321934e7 -4.343197856432809 -14.964156109532802 -2.643074885888179 22.583366158477375 70.32284978461152 -20.077590401042244 -11.28508784084346 -135.2456231485197 -292.70954105963096
1412 19651.948391199112 5.097295373461362e7 -0.00010372803981795187 -7.193423949421216 -18.90047048664892 -11.715005030535774 64.87401167704036 -20.76739215694164 -13.828806662365594 -136.20919328530624 -297.11869249587613
1413 19656.003744125366 5.097517940870353e7 -0.0012753049283986684 -7.196236214002958 -18.898540798447907 -11.714185122965382 64.87423282028391 -20.76310546802489 -13.839724093420614 -136.1949708758707 -297.08263305249704
1414 19660.115343093872 5.097300444819455e7 -0.001727235429981988 -7.194630010332247 -18.898837552780616 -11.714356339438403 64.87408936835457 -20.760782448871055 -13.821609721666675 -136.20582285310775 -297.13011878616123
1415 19664.233251094818 5.097300050731595e7 -0.0023184891436613952 -7.19580937238257 -18.899262268021097 -11.714520409081661 64.87469330854464 -20.761090933915852 -13.816713749884627 -136.2070283608639 -297.1325472804722
1416 19668.298419952393 5.087275147462586e7 -29.97871019929434 -60.77998428096605 -7.698582339664579 9.21405220752079 96.93307625096739 -48.62233288524055 3.245668366340851 -157.2636775069604 -297.990075471895
1417 19672.328778028488 5.096938914694564e7 -0.00039323490284459695 -7.19437062921444 -18.9001467419051 -11.714944442434746 64.87378262837598 -20.76487028259288 -13.832207555282139 -136.2159146499999 -297.20458502007557
1418 19676.488883018494 5.097664912274117e7 -0.0009850400741839849 -7.196637962379057 -18.899407678366437 -11.714830589529463 64.87313488446897 -20.61008988924584 -13.52671352138816 -136.12239172249605 -297.39957183416726
1419 19680.69241786003 5.923971501204072e7 -48.4275025661064 -129.52825250610704 117.57686078477485 96.14761366804663 110.72926541017588 -33.43477682644408 43.13115886237108 -135.1732970961179 -181.50281734150485
1420 19684.788869857788 5.923910600548152e7 -48.42776635205675 -129.52834819363548 117.577532627341 96.14781362007938 110.72918817595675 -33.43558612041596 43.12933358452119 -135.1743934405839 -181.50925790443227
1421 19716.263229846954 5.136863814558517e7 -4.3419939350111605 -14.96331065138617 -2.6430381127119134 22.583283722747286 70.32218987822658 -20.080848221242434 -11.299714227909249 -135.24871001764728 -292.7026909404142
1424 19808.81317305565 5.097651523786013e7 -0.0009325083598952233 -7.196849609310657 -18.89921178475036 -11.714754739004984 64.87306960969644 -20.609152251009846 -13.52907058144092 -136.1209559877896 -297.39654148037044
1425 19839.65084338188 5.097156783542932e7 -0.0007748829581117889 -7.197484500904295 -18.898624096737745 -11.714527188772962 64.8728737836866 -20.763942806581895 -13.832354187188287 -136.20699501804228 -297.16313470487637
1426 19870.4049243927 5.096731437796485e7 -0.00030173442485192936 -7.19938873289091 -18.89686096822105 -11.713844550147346 64.87228629045147 -20.750847786291956 -13.812752145194622 -136.21679139121193 -297.22487291143443
1427 19901.026844739914 5.183336990593301e7 -33.890683020439866 -67.66648194113918 -1.9458349807577058 38.68568174013042 153.05966613554205 -48.985930171257564 31.023242224905403 -157.54359548593573 -297.739255955157
1428 19931.51233291626 5.183336990593301e7 -33.890685759050356 -67.66648405389232 -1.9458332284525746 38.68568253978638 153.0596673568511 -48.985930171257564 31.023242224905403 -157.54359548593573 -297.739255955157
1429 19963.428745746613 5.138995851365232e7 -4.343483173623838 -14.949891725773178 -2.650798255561778 22.58073185421682 70.32651904302037 -19.93134040509642 -11.026423600190299 -135.11033839098087 -292.5087404699376
1432 20060.14755487442 5.096298583108327e7 -0.006783850080580578 -7.205101265653202 -18.893737832145966 -11.712529745859381 64.87463142294216 -20.765449356073134 -13.847231788514648 -136.22478351177057 -297.3108766334991
1433 20091.81708574295 5.0962112967744865e7 -0.0021494921270033274 -7.200507877879293 -18.896386962729434 -11.713739870436697 64.87272896221744 -20.760898782241327 -13.851508890378284 -136.2178894057385 -297.3026140593933
1434 20096.15250468254 5.0962216734682135e7 -0.013377340556914419 -7.229407778990563 -18.87861786762008 -11.70654727397519 64.87340956461851 -20.75264714664462 -13.814341636555014 -136.22880603504018 -297.31912802736315
1435 20100.61159348488 5.09711676877183e7 -0.0030716700422033227 -7.201463191254689 -18.894696026706313 -11.712959810376276 64.87282729161993 -20.74456121258794 -13.79831269058434 -136.2036157569118 -297.1547751428846
1436 20134.631612062454 5.097073009893604e7 -0.002673659944164797 -7.201474481721615 -18.89572124471416 -11.713364646396965 64.87314530046466 -20.74254397307857 -13.796616500232744 -136.2043895270549 -297.15873705746867
1437 20168.91270661354 5.13696928366109e7 -4.3493924088604246 -14.971672286548749 -2.6390132829994535 22.584948653952363 70.323973012868 -20.074365931780164 -11.292099292521527 -135.24813640473144 -292.7156881596204
1438 20199.75942516327 5.088014538635658e7 -29.9761083669857 -60.78329722483141 -7.694989224972641 9.215305499339244 96.93100775540827 -48.61792539338575 3.2329044401802776 -157.26784874596797 -297.8522395692658
1439 20203.81983423233 5.094546931007958e7 -0.003944983885617148 -7.198816043209124 -18.895461817140248 -11.713197071472155 64.87418716453993 -20.60540216709626 -13.598955759639296 -136.13887854256143 -297.9630513911653
1440 20207.895223379135 5.094864946354478e7 -0.011563365811255721 -7.21099342340311 -18.892883226442095 -11.712434346841714 64.87439407441444 -20.778500610403626 -13.78240098979353 -136.24689121234485 -297.6235667104174
1441 20211.88303542137 5.892548105083053e7 -14.024356247095383 -68.1012399883415 90.10613591339325 40.90652880338116 73.17996529954026 -6.030051719773098 24.049540038034934 -114.96893195702114 -185.96992187246883
1442 20215.83480143547 5.296365787075892e7 -14.21459292688877 -32.61435517249579 13.340166477124402 29.286467633338457 129.64695040379465 -14.073199333322634 34.17847274543101 -131.23973086552252 -298.0680901404161
1443 20219.98336148262 6.160370628776455e7 -42.882639101606514 -119.67266728169781 136.13818420519726 116.83102401507197 193.30783959840906 -6.65218445413791 92.97458973537357 -115.40086975695158 -185.83913955972213
1444 20224.051349401474 5.449119900169601e7 -61.18056147832337 -116.49857462176739 60.93070179407918 120.52955143833366 224.2836910974375 -41.69173548473333 83.38749567801824 -151.61879270205833 -292.6391425325596
1445 20228.149050474167 5.4471228982167795e7 -61.1893224311016 -116.50524127628624 60.93634833616398 120.53212448866 224.28762051119608 -41.717799782234806 83.34467249975387 -151.66890681441532 -292.9414749726827
1446 20232.292493581772 5.139181444621094e7 -4.342776594487006 -14.969267434403164 -2.639616952075869 22.5843641092951 70.32065618698302 -19.927048084318642 -11.051875572786003 -135.11562552537163 -292.51163596929416
1449 20244.404707193375 5.096854493632928e7 -0.0009632822104066463 -7.19918536701471 -18.897163431509387 -11.713941006162607 64.8726354760213 -20.74539014767072 -13.801747348803303 -136.21102890105772 -297.19780882881054
1450 20248.4732401371 5.096966984745092e7 -0.0009513970987882203 -7.1997584848985845 -18.896269577306636 -11.713603741593403 64.8723493209411 -20.745437812346665 -13.802660061672498 -136.2096164198523 -297.1809253614109
1451 20252.53854584694 5.0970137580444016e7 -0.001378104847844952 -7.199057375069199 -18.897353396581988 -11.714001603128924 64.87285452286369 -20.74559346199669 -13.806340245395177 -136.20611979090006 -297.1589374631824
1452 20256.693019866943 5.096656661601639e7 -0.005082186436411007 -7.2051555236802045 -18.893675970627616 -11.712564213973614 64.87374841866898 -20.763899059508844 -13.829071321683386 -136.21402397038833 -297.2385891772557
1453 20260.908643960953 5.097013928672289e7 -0.0013827989788808281 -7.1990556751821195 -18.897355724622724 -11.714002357289115 64.8728570400367 -20.745548402862426 -13.806340245395177 -136.20607736811553 -297.1589374631824
1454 20265.04718518257 5.136804175865539e7 -4.348309506267199 -14.969763554109022 -2.6402696867095266 22.584451771831795 70.32371519862963 -20.07717051579067 -11.308508615312746 -135.25170415719856 -292.736205769579
1455 20269.134904384613 5.087976055295724e7 -29.977452424019916 -60.78581107229431 -7.693380058642401 9.215924265665773 96.93126692457209 -48.61333535676488 3.2421871915029215 -157.27054238080467 -297.90177412385657
1456 20273.174723386765 5.097441842447941e7 -0.0007656423672841584 -7.208676785716229 -18.89051041247917 -11.711260466992155 64.87126234982615 -20.61028921222453 -13.528266039271728 -136.13686304295322 -297.4304118977092
1457 20277.354352235794 5.096791393263078e7 -0.010707117847715608 -7.218079079722727 -18.88604629462258 -11.709444188751998 64.87406205790074 -20.739998845295872 -13.785764836162798 -136.2082569478166 -297.2201013049927
1458 20281.434191465378 5.208694145945445e7 -12.570462924963408 -29.670807251899422 1.1790545994817592 24.27977589323558 121.96280025590644 -21.00582278151859 16.22492439338737 -136.43965006883826 -298.0287642502195
1459 20312.577706575394 5.89259129131385e7 -14.030029410321362 -68.10651398082967 90.11186125092232 40.90806523922738 73.1819818444559 -6.023426035387274 24.062708974057273 -114.96111387597233 -185.95328368299977
1460 20343.487773895264 5.241732430385581e7 -16.27487460901277 -36.2886512155996 7.051812418204971 28.214105883921242 127.90413763737936 -21.143639478402292 24.98969447853426 -136.64305779901463 -298.12528543138836
1461 20374.234750270844 5.296766757944287e7 -14.219662203386264 -32.62106210898082 13.345990841216963 29.288506252990118 129.64884894966104 -14.079070403845208 34.20444050579272 -131.27843170429594 -298.0649625479573
1462 20405.087941884995 6.012093724428429e7 -51.64119654945722 -135.27448547329752 113.02567638181014 123.97075730126546 171.87751404627787 -34.59753514708484 77.15461725121918 -136.55307355429915 -186.13854596759148
1463 20435.673647880554 6.0123387252440624e7 -51.64269147668767 -135.27589822562587 113.02651734918524 123.97111575166124 171.87806263250536 -34.59022973602117 77.16905235418915 -136.54343747961974 -186.10787641182736
1464 20466.67698740959 5.136910040734203e7 -4.3420254363918644 -14.974324938362603 -2.636654371944555 22.585432179846737 70.3190703372855 -19.917996503332233 -11.056476121806554 -135.17050821574406 -292.89720096244514
1467 20506.816744089127 5.096524805223792e7 -0.001243701906432193 -7.203743834178159 -18.894034029202665 -11.712741587885507 64.87200847827532 -20.757251547077942 -13.819064196666716 -136.2226623055882 -297.2509972571609
1468 20538.975287675858 5.095920150601765e7 -0.004067938784643843 -7.216805576194517 -18.88555243207346 -11.70943274812307 64.87117501082018 -20.757325161030963 -13.812086286444128 -136.24504974716615 -297.39296626785324
1469 20571.053173065186 5.096942904149053e7 -0.012528812492831776 -7.255961976499719 -18.860098954843966 -11.69950596820351 64.86867537718324 -20.76261729865365 -13.840197156464512 -136.23542014278786 -297.23309591346856
1470 20575.19081711769 5.137812219481279e7 -4.449080189829729 -15.114938126761775 -2.570127822124366 22.616132841465372 70.35344563086451 -19.998495282618535 -11.060107384787102 -135.19500155610837 -292.69534335700615
1471 20579.295203208923 5.137590888094306e7 -4.344833757465992 -14.959118921155703 -2.6464217874884106 22.582396517293954 70.32430597824576 -20.02837310400224 -11.1951311151945 -135.1878215483381 -292.6561665287936
1474 20591.654036283493 5.097607346375713e7 -0.011033572982455553 -7.2538692356326315 -18.861121873220913 -11.699929142295375 64.86850573615119 -20.749335188348425 -13.82821152434235 -136.2064459653143 -297.13115611494175
1475 20595.700280189514 5.0978780542275295e7 -0.0006079621398669133 -7.243423103872594 -18.86655144837714 -11.70215848065747 64.86491777516261 -20.75869248218902 -13.831590918605116 -136.2068227760323 -297.0957407936979
1476 20599.686476945877 5.0872758483205654e7 -29.99072593275382 -60.842361449979336 -7.65820972272504 9.229504199301942 96.92761166156215 -48.70859079757679 2.9932958768443427 -157.30285211806472 -297.8217136746729
1477 20603.76594400406 5.097023420813554e7 -0.007535653761109984 -7.251717611008161 -18.86117432303358 -11.699810555477747 64.8674949575484 -20.766745782797386 -13.844439649041647 -136.21564097914535 -297.21927106798535
1478 20607.77214694023 5.097539643474397e7 -0.02522505097529404 -7.285605738097562 -18.841966159458327 -11.692261736582388 64.86974620981512 -20.756333071032714 -13.816298015480584 -136.22210217894002 -297.1514702327589
1479 20611.833007097244 5.096620469939975e7 -0.012388639522711742 -7.257037865992668 -18.860749502087163 -11.699758850235014 64.86874405690884 -20.772000362462563 -13.85757847820173 -136.24709305076652 -297.2762746901438
1480 20615.85303711891 5.096960860807215e7 -0.014985295329267956 -7.259399134240489 -18.858418458560905 -11.69881079287796 64.86895501551678 -20.762582063790717 -13.843846660745783 -136.2335614209772 -297.2429292954762
1481 20619.88252210617 5.0970824754022636e7 -0.02122799772141093 -7.263773210958902 -18.856652482518353 -11.69768279982998 64.87237607624638 -20.76233978551329 -13.817323101309682 -136.19003009204323 -297.2642318773285
1482 20623.99729037285 5.139406117320321e7 -4.359876186056368 -15.026816985155811 -2.6034514518918215 22.598898403483716 70.31968207992574 -19.91875895743499 -11.048080183113086 -135.09713730443713 -292.44490314956806
1483 20628.029913425446 5.211006999622292e7 -12.582853655212034 -29.726371675496075 1.211509114312019 24.292952390773678 121.95895746020534 -20.962826721324575 16.298093627203116 -136.41281916252325 -297.7071632943181
1484 20632.117868423462 5.892223387772172e7 -14.0359587743188 -68.12827533503321 90.2808346892552 40.92987938587811 73.18006288119382 -6.009523409410292 24.078331267886256 -114.95686837152999 -186.08394632818897
1485 20636.232485294342 5.2415965310514346e7 -16.287229206094494 -36.347946033207755 7.0800908462599885 28.226451725898304 127.89758555465001 -21.11555005513287 24.995395534406498 -136.64351537104682 -298.1326218320793
1486 20667.39663553238 5.298912230917309e7 -14.231280124735235 -32.67283348291738 13.38201869964307 29.302170661941688 129.64658022229784 -14.045349602201952 34.2429686024351 -131.16463024840334 -297.7072046866995
1487 20698.137536287308 5.0957058772137545e7 -0.011486173600857796 -7.2531362887212545 -18.862461917085895 -11.700970569227167 64.8668942654432 -20.77446089578001 -13.871120630685425 -136.224946007136 -297.54068756400557
1488 20730.082900762558 5.094031198436755e7 -0.008343891388093994 -7.244644240245005 -18.869551494451155 -11.705364998197371 64.8615499931972 -20.79888515090795 -13.963339623381273 -136.24474967831338 -297.742064918292
1489 20760.723876714706 5.1858848122702576e7 -3.908565268197421 -14.101749168230722 -13.156895883655483 46.4604671904942 125.56605219571337 -21.141600768275282 13.950816314179065 -136.61650446776582 -298.2555910738118
1490 20792.3719060421 5.186557589081828e7 -3.9009791885861773 -14.093986908273052 -13.160544714364907 46.45869485033187 125.56360209408535 -21.131266383487628 13.966502629404545 -136.58225727216598 -298.1030149366743
1491 20823.285425901413 5.140345976764832e7 -4.338825287975325 -14.988436720986279 -2.6289887353566854 22.589366646642816 70.31806120769234 -19.94556242323796 -11.07776045588821 -135.10224353767785 -292.1863641777637
1494 20916.246864795685 5.093449092688009e7 -0.0025730353239623582 -7.233531540529931 -18.87682112414209 -11.7084594688355 64.8601152684758 -20.816499527506892 -13.9850817326884 -136.2634320949266 -297.85527463735474
1496 20979.94123029709 5.279884764651441e7 -50.63045548795597 -97.64371932122965 34.473302110933574 83.433563402147 165.4291269777241 -48.48213125380988 44.20648624832393 -156.66786858658554 -292.66213530226327
1497 21012.096452474594 5.279875863899138e7 -50.62909479386744 -97.64019069123752 34.47198880921124 83.43293834519258 165.42854269854647 -48.48372847673528 44.19603444172185 -156.6692399815347 -292.6374318064615
1498 21044.413635015488 5.1390753220895395e7 -4.336893658856084 -14.984414780542767 -2.631690565106034 22.58789334216218 70.31670331990394 -19.92922584045641 -11.067975079924679 -135.11468873728302 -292.516784435859
1500 21053.225130319595 5.093872818994743e7 -0.017414253995255535 -7.23417080899786 -18.884550311940288 -11.712073600690779 64.86396352005974 -20.788431113818774 -13.883981187324423 -136.23701504813482 -297.82222505810535
1501 21087.523446321487 5.0928096732349075e7 -0.013015828936588036 -7.252821084306422 -18.865260066391027 -11.703803612500263 64.86164590926016 -20.821486536596808 -13.93845404896922 -136.26680057339428 -298.03042812011563
1502 21121.41877222061 5.094910500558111e7 -0.017442664226777538 -7.252292863613537 -18.8664546081204 -11.704239838051933 64.86425916422901 -20.793716394832927 -13.893882314529549 -136.22521381437775 -297.6097767053494
1503 21153.84357357025 5.093546895752012e7 -0.01896673002154614 -7.263805386658266 -18.858676993450786 -11.701152283394393 64.86251987901602 -20.784663276975493 -13.900192294997282 -136.25539427603064 -297.8648956465114
1504 21157.916954755783 5.095353955177548e7 -0.015984747045962422 -7.266406240642148 -18.861379115294035 -11.702250203410042 64.8626418843717 -20.75088234044557 -13.827699009110802 -136.18993065197992 -297.5875441545911
1505 21162.003552675247 5.093261240973595e7 -0.024456820797453815 -7.273953261934164 -18.852592180102853 -11.698702173585684 64.86332304046653 -20.803888556314064 -13.94617582621089 -136.28014182403552 -297.8951891810191
1506 21166.191418647766 5.095503916623512e7 -0.022426673082833304 -7.247679514733214 -18.86875798117419 -11.704193498053812 64.87062316378211 -20.788562577207756 -13.894757071139281 -136.22088682482575 -297.5634200960818
1507 21170.231644392014 5.1357860843924776e7 -4.408253536867619 -15.112161059061872 -2.5536287959325463 22.616239421517747 70.31975078201607 -20.070791848003694 -11.303277215295964 -135.2501405234163 -292.9191184701061
1508 21174.275297164917 5.086699506361293e7 -29.95061741362683 -60.76435266401212 -7.694107990004511 9.214348848730193 96.9209963674841 -48.73734975360168 2.9381668533650327 -157.33953387090128 -297.92915205174404
1509 21178.340110063553 5.873556170223329e7 -5.389217567440568 -52.64888238602772 76.14857808051656 34.43522606999758 72.18629784484781 -5.951496195978223 22.10606952146884 -114.88203007602186 -185.76949653362192
1510 21182.399608135223 5.20970927739366e7 -12.61398325010886 -29.7786810067553 1.2372805035124692 24.3014093005528 121.95595823818851 -20.98545180761164 16.29577660329403 -136.41347806503546 -297.94242099180235
1511 21186.54024028778 5.246265291258366e7 -16.277191428699936 -36.32378801511723 7.036525620034741 28.21019936855126 127.88236813806255 -21.014602888518084 25.30659420651591 -136.41721799060485 -297.73106221511216
1512 21190.47454714775 5.300334982336023e7 -14.209778723905515 -32.62793949138089 13.340508295661479 29.28529223085052 129.63383771716434 -14.036651273880182 34.243006464669634 -131.17003067639854 -297.4589690644858
1513 21194.518094062805 5.099355532123076e7 -0.16061869960120134 -7.459594334741272 -18.7519016615583 17.051241432070917 69.47733555331484 -20.705505284492574 -13.497434475966998 -136.10799239978127 -297.0819047277836
1514 21198.7018969059 5.13894915326015e7 -4.369372427320059 -15.044418340916156 -2.5974399207049395 22.598093638815424 70.3109385321537 -19.928617057063434 -11.08509166536794 -135.1293381856675 -292.45026637179626
1517 21210.878900289536 5.094619579611366e7 -0.006609107001736447 -7.241567790639895 -18.872152206058644 -11.70649619716658 64.86094133108914 -20.79453521371886 -13.9454670327342 -136.23037107150276 -297.6312057437666
1518 21214.993698596954 5.09461377797954e7 -0.00760605841874451 -7.243563612780882 -18.870991076123097 -11.70600855106306 64.86114263357152 -20.795253968309908 -13.945525153286951 -136.23061996652734 -297.62870384648016
1519 21219.102106571198 5.0941902414289124e7 -0.015589925771749336 -7.254832142045885 -18.862235152272465 -11.702383508357812 64.86229576025693 -20.799025093798548 -13.96393315340606 -136.24162283231487 -297.6819558666608
1520 21223.202256679535 5.094575988944987e7 -0.005215703431971974 -7.2444240392499815 -18.870115923605443 -11.705610680320174 64.85991117825566 -20.792276253244097 -13.972761307978658 -136.23518671888968 -297.6252165293368
1521 21254.204373836517 5.094018380258486e7 -0.01507619607608035 -7.252953262039231 -18.864671286197648 -11.703319801423309 64.86347312543668 -20.786979431416 -13.976684749662297 -136.23472927956385 -297.71863055929464
1522 21258.589995861053 5.095512335880076e7 -0.012966146209876683 -7.241002303109333 -18.8724351971994 -11.706250403224221 64.86524786019821 -20.786624130258076 -13.896110552127936 -136.2170656718436 -297.51920969654657
1523 21262.876993894577 5.092507105037595e7 -0.032891073180380204 -7.279015346807007 -18.853945342752702 -11.699175297292957 64.86622370126949 -20.80765657286821 -13.915898349002305 -136.27392671100637 -298.07188134627415
1524 21297.64013504982 5.138597740134334e7 -4.342709954458513 -14.990115615583669 -2.6272328134693304 22.586636129812025 70.30970938787462 -19.936547895335764 -11.069831950855928 -135.105871291418 -292.5732914999147
1525 21332.43249297142 5.085820431472364e7 -29.9674180067544 -60.79487009370834 -7.67404944019918 9.22251888455104 96.92395528677423 -48.697584235395595 3.0302490522005314 -157.35785640348962 -298.159345778799
1526 21365.366669893265 5.207774037356299e7 -12.587248404184223 -29.730960410369907 1.2090392407126132 24.29015791275496 121.95285859803681 -21.02041506786543 16.238766276226443 -136.44350370515366 -298.26663643379334
1527 21369.37127661705 5.8922708368910715e7 -14.030147517756973 -68.11881015970738 90.242409463601 40.92107989328083 73.17192742055899 -6.009825753599898 24.023779176360904 -114.9447708153084 -186.06313220315894
1528 21373.546232700348 5.245149840954311e7 -16.286542696508292 -36.3136549474997 7.041775498865032 28.2109314363826 127.89189812133483 -21.160711380360738 24.96233898279843 -136.6003795899996 -297.3885886680124
1529 21377.6538105011 5.3013467935438864e7 -14.220978941176924 -32.647896456409846 13.353328478622416 29.29022612600566 129.63534127880584 -13.878083570661033 34.55950509470608 -131.0525096126592 -297.61686455307216
1530 21381.552141427994 6.133006954771754e7 -62.56024537268985 -154.85262017146712 149.66325924423475 137.1163291331097 175.46418253578184 -26.572751147803558 91.39305057349884 -129.99993763457672 -180.92402984193114
1531 21385.604318380356 6.175104988069935e7 -62.09538179597183 -154.02136771148812 139.14251317454506 132.28723252874389 226.1064667289006 -27.813397867115953 116.29911393125349 -131.48818406152043 -187.44222461543808
1532 21389.608881235123 5.136176969546157e7 -4.363042206572132 -15.069536755812841 -2.5792352810661683 22.602982644448137 70.2981263919698 -20.07825824630538 -11.382691506546905 -135.24655702541452 -292.8136402837446
1535 21401.825651168823 5.094662896361245e7 -0.013300277621326018 -7.260824668940124 -18.859665101220678 -11.701732488497623 64.8603608967229 -20.80467489431902 -13.942939061054858 -136.2120276419215 -297.56720651930834
1536 21405.959975242615 5.093664502683835e7 -0.0001101772967189163 -7.230694385911505 -18.879440305939184 -11.709528603276407 64.85986140332027 -20.81610153949549 -13.973227821890077 -136.25780914352026 -297.81768075023956
1537 21409.944305181503 5.0935118046730466e7 -0.0014079657100012355 -7.231230466149448 -18.878142789211864 -11.709006865721857 64.85991988371102 -20.820198930907907 -13.981769655454343 -136.2638577428812 -297.83972211745566
1538 21413.996407985687 5.094248824009038e7 -0.00011783611500959523 -7.22868040508925 -18.879607878446436 -11.70961355843157 64.8597040135405 -20.799528164833532 -13.937212592732067 -136.22867416646187 -297.6786049222834
1539 21418.089658260345 5.094720271167298e7 -0.008989764671042622 -7.246212209757363 -18.869535072196207 -11.705442268627419 64.86118982554574 -20.79312380089442 -13.950301343992464 -136.23149091615358 -297.5877423309531
1540 21422.124126195908 5.0925033668434285e7 -0.00851266913814186 -7.239581225153319 -18.874686887512087 -11.70769197550996 64.86129293505728 -20.805202560107887 -13.945753647540414 -136.280739351798 -298.070298586151
1541 21426.27561211586 5.0946970957696706e7 -0.01120442701852653 -7.248040560389885 -18.86863969367692 -11.705076152147711 64.86200214256114 -20.79554821586089 -13.94720522034055 -136.23238880980063 -297.590839074063
1542 21430.560789108276 5.137712672687633e7 -4.354361191668886 -15.013238157028194 -2.6139988334487825 22.59220571237304 70.31191238716241 -19.98966364464627 -11.19078239427489 -135.15407195350798 -292.59501994773365
1543 21434.64684510231 5.0861474196740195e7 -29.972849783936198 -60.80561973298756 -7.668168713926587 9.224947536947298 96.92485077729654 -48.69672506556856 3.0263663932202576 -157.34453250521517 -298.0906099375709
1544 21465.54046010971 5.191530612036332e7 -3.9003997658749086 -14.204325990210325 -13.115426461092433 17.770001943263733 120.95714376537885 -21.0611511498131 14.005327176565402 -136.39559546251968 -297.2499792562232
1545 21496.644555091858 5.892100813293277e7 -14.029651348325245 -68.118042788797 90.23979654505789 40.92062571404742 73.1716601062621 -5.8814994082574685 24.32856593810959 -114.87336754169786 -186.3720582205563
1546 21527.477211236954 5.245352068965162e7 -16.276060671129727 -36.31426963245775 7.0327393512684395 28.208483756874042 127.88422901955798 -21.030141368474176 25.280900848791248 -136.4505872928125 -297.8730064519925
1547 21558.296428203583 5.301559829556351e7 -14.22832378154365 -32.66252342993367 13.362390114101501 29.29389904730248 129.63689050184357 -14.009558112877983 34.32236039148631 -131.13009391382843 -297.3126374539122
1548 21589.814811468124 5.3313379275497034e7 -50.1535127507731 -96.93696264245922 24.023252037740225 78.63012861323371 216.02467169165726 -49.38323641910404 69.66109490775193 -157.84742300035225 -298.1436904236191
1549 21620.691173791885 5.329794144555076e7 -50.144181791088556 -96.93053959856626 24.01748728882991 78.62750984063427 216.02328348505654 -49.47475583672889 69.47417854597904 -157.91462196956712 -298.215013739228
1550 21652.17291021347 5.0930535641256176e7 -0.030800331038562945 -7.28408005299206 -18.847140151556967 -11.696382345235566 64.86471721419157 -20.811055821347225 -13.958629162447266 -136.29566417663426 -297.92033611010936
1553 21746.07216691971 5.094145219497837e7 -0.0005955827354284793 -7.2308044231769735 -18.87845240118514 -11.709128279181176 64.85959661296059 -20.810963692933683 -13.959828823965893 -136.24988683530057 -297.744631185613
1554 21778.173620224 5.0933552477083914e7 -0.0022402607197307134 -7.232917250415827 -18.877224266015475 -11.70862457522892 64.86005863863988 -20.81822445894477 -13.987606398735409 -136.26565622401495 -297.86821965858667
1555 21810.0812792778 5.094074663769742e7 -0.0012419190857286821 -7.23107434936523 -18.878433686692734 -11.709119895235034 64.8598887482635 -20.81101304477221 -13.955776191496284 -136.25083480609368 -297.75348878000085
1557 21846.573125123978 5.604849055655959e7 -47.38564939642934 -91.98168402219136 75.58667401132647 139.49768480134458 255.18459766636545 -13.96197247255975 105.55421044217746 -130.7408995361996 -293.0265606120158
1558 21850.85298395157 5.606934696820586e7 -47.41219380427202 -92.0238733576887 75.60510008605962 139.5046902157442 255.18779522136145 -14.070781394338724 105.42368410517474 -130.69979943170415 -292.66071341010957
1559 21883.485645771027 5.0932086479080565e7 -0.027195828195601734 -7.2762123261647815 -18.851956602782057 -11.698326248426014 64.8642709233921 -20.80829522972607 -13.95476874710738 -136.29151211370424 -297.8934416642477
1562 21951.993611097336 5.093449412635713e7 -0.0008894535378800583 -7.230671428251842 -18.87865194368899 -11.709219328295664 64.85977587641949 -20.81602982767589 -13.986987239707616 -136.26279738772683 -297.8515384900728
1563 21956.248677015305 6.2150187041458316e7 -65.70984193608223 -160.57378353193246 145.03030868844797 136.20454556734487 232.00562275408055 -27.770374645777054 125.33899852241939 -131.46177233873823 -186.49448507933926
1564 21960.459684848785 6.215850105907129e7 -65.7184008573459 -160.58316742809117 145.0623347304252 136.21032793100903 232.0092436957573 -27.74735882396493 125.42787717961869 -131.43287946099798 -186.38989871521005
1565 21964.507638931274 5.093354655466671e7 -0.0269368979492981 -7.275772487308039 -18.852238307677332 -11.698443147664413 64.86421871033795 -20.79014028998455 -13.91231916360033 -136.27299831035248 -297.88656863193773
1568 21976.64314699173 5.0934501182491794e7 -0.0008773859863993039 -7.230656778545509 -18.878660603232206 -11.709222259146458 64.85977464922055 -20.81584819283802 -13.986987239707616 -136.26265060517932 -297.8515384900728
1569 21980.667756795883 5.093514088993498e7 -0.0073312364237807515 -7.24559686355369 -18.869569185199936 -11.705582652921937 64.86032463539401 -20.8155755143448 -13.992349974851379 -136.26446475771127 -297.81988252385554
1570 21984.73287463188 5.093558667082769e7 -0.00022959675303013682 -7.230090165952433 -18.878910852075666 -11.709349888254913 64.85944766715603 -20.818679094805077 -13.982507088257819 -136.2624434527092 -297.83568596048184
1571 21988.94775891304 5.094520648506618e7 -0.0009174151772555206 -7.2303052234578615 -18.878424660513105 -11.709096809755486 64.85975065246417 -20.793417439183145 -13.951814858008277 -136.23081140563892 -297.63179440299206
1572 21993.024756908417 5.093405466266672e7 -0.0010532421219835442 -7.230870765217794 -18.87853421657908 -11.709179338016213 64.85979284463596 -20.817583341106968 -13.989788585078998 -136.26350327409324 -297.8575306849627
1573 21997.12599492073 5.093027444632313e7 -0.001031204180151235 -7.231498576061661 -18.87834815123078 -11.709146078076383 64.8595492511188 -20.80604831242124 -13.947428803163461 -136.25038115462985 -297.9160300832051
1574 22001.27291893959 5.093159516957747e7 -0.0014562024638991033 -7.233979781541958 -18.877436803687544 -11.708926349746633 64.85886934002362 -20.837384353206744 -13.97631401950241 -136.25322726553338 -297.8869455822179
1575 22005.3052880764 5.871555515843826e7 -5.211894528531872 -52.423128186789086 75.60067758955446 34.34213374297134 72.14601945398718 -5.886382653285352 22.04670765014714 -114.89021347237514 -186.2100923958625
1576 22009.536664009094 6.1872399775646985e7 -32.02995923367453 -100.35068879705537 128.01619210219832 111.35331003165504 194.01676757444085 0.4388000955278244 99.89931835619154 -110.17595067147249 -186.83906177181274
1577 22013.65895485878 5.137400478529134e7 -4.325318161629539 -15.012985895502961 -2.6112030491578757 22.5893868641281 70.28865365756619 -19.964593509459974 -11.180031379680031 -135.15717252430926 -292.7294143932812
1580 22079.38314461708 5.092835954895129e7 -0.0011153947016993015 -7.231735020186676 -18.877716124716997 -11.709029890856847 64.85867254975444 -20.82947795872269 -13.96166418381597 -136.26854921030798 -297.9556199939965
1581 22083.563510656357 5.092459573181626e7 -9.229590486370398e-5 -7.224999883012035 -18.878554103983316 16.999015595602383 69.43910731775244 -20.830570190771084 -13.980251818822694 -136.26483652050035 -297.9456720959936
1582 22117.56338596344 5.21979676570096e7 -37.56790029902375 -74.29727522888611 3.925818271367099 42.6213214027877 158.98460829370367 -49.01279961730819 39.96244937602398 -157.5441676231817 -297.37585899458594
1583 22150.873903512955 5.2203192149095e7 -37.571740553146455 -74.3009780656311 3.928563296878405 42.62238128950578 158.9860535210998 -49.00908999784309 39.98440819467601 -157.52682260624158 -297.2884246571581
1584 22183.06548309326 5.136823912155111e7 -4.3195215379933245 -15.004397902143104 -2.6158883611292723 22.58732900293627 70.28702730576818 -19.963228475302856 -11.175039897693694 -135.1829279009445 -292.9569283621713
1587 22195.515221357346 5.092969225642051e7 -0.0026007370210692216 -7.229615615700975 -18.877336157415535 -11.708874155879226 64.85875223019015 -20.82826150566109 -13.954842855602976 -136.26456629987672 -297.9313708003674
1588 22199.538615465164 5.092749116932059e7 -0.004143187940456983 -7.239019610310628 -18.872650674017553 -11.706987128666892 64.85888664522442 -20.843647974834028 -14.002552474912932 -136.25950392586907 -297.916903675624
1589 22203.60183930397 5.092710315846732e7 -0.0045851567872574606 -7.2400830163012095 -18.871911247359662 -11.706688949754767 64.85891789716375 -20.843588234965125 -14.00400642548783 -136.2604865750571 -297.92175651499
1590 22207.737628221512 5.0929278988064855e7 -0.003480645036432861 -7.234517582467632 -18.87616122950104 -11.708394471841338 64.85939047168407 -20.826595431584792 -13.95323887224123 -136.26528884314314 -297.9451348452483
1591 22211.82022500038 5.0931081676608235e7 -0.0030249223155749405 -7.232553016239088 -18.877456753520107 -11.708824266255636 64.85977393688961 -20.839815665824688 -13.984568902265721 -136.258388466165 -297.8962123449455
1592 22215.832577943802 5.0926633341496006e7 -0.015107019372251784 -7.263325120290489 -18.859596358905716 -11.701814829570417 64.8599466591354 -20.85833468488238 -13.952655760144921 -136.26494487063297 -297.98506308996025
1593 22219.860370874405 5.0936161873079166e7 -0.010699198303299795 -7.245241714178537 -18.870728658899324 -11.706319759887919 64.86022935384244 -20.81681244577254 -13.937457430515906 -136.25594192253152 -297.8172832022368
1594 22224.0412607193 5.138687001413523e7 -4.343012195254261 -14.989704513958149 -2.6284110750745207 22.58600394779492 70.30932827451987 -19.92841271748904 -11.062966516083577 -135.10477795712262 -292.63348776787586
1595 22228.090911865234 5.0864924029634625e7 -29.972949513737916 -60.80833598101503 -7.664913209327487 9.226106485125776 96.9236684900024 -48.722988646210354 2.9677774963244588 -157.36339464663308 -298.04248253394985
1596 22232.07283973694 5.207901945851243e7 -12.571324494716208 -29.69911116907852 1.1898773877525457 24.281989459697083 121.94886662177191 -21.007776792780135 16.218438738041186 -136.4752183387438 -298.16307352867756
1597 22236.155814886093 5.894479587972456e7 -14.02322084214967 -68.10941218562652 90.19973270601508 40.91451249202356 73.16913982252271 -5.86182413273491 24.346872873541088 -114.83913857579853 -185.90727773344423
1598 22240.224197864532 5.2442949005323134e7 -16.290755490907458 -36.351851314545925 7.05209569223258 28.21658227503088 127.88223523827959 -21.102259162571386 25.131825034670328 -136.50782954699065 -297.9586497926195
1599 22244.2841091156 5.300041999510539e7 -14.226368143394609 -32.660501745999326 13.361343371287095 29.293341383342693 129.63506210085856 -13.867334743982383 34.566762475151904 -131.06143453395754 -297.8518127262599
1600 22248.48927807808 6.227997625088142e7 -35.88189230242408 -107.15964065863955 134.3230259537093 144.07514421939172 204.57876748696984 0.36097714816548887 108.93885431410536 -110.14142507031403 -185.65935264232058
1601 22252.46935415268 6.228255094653291e7 -35.8816996517849 -107.15960298516273 134.32324230294313 144.07509174777306 204.57854395996895 0.3611538171905977 108.94364228610607 -110.1383420808221 -185.6232763000619
1602 22256.491846084595 5.0932916267052084e7 -0.01823456678265245 -7.259246457291642 -18.86181123839155 -11.702513477346173 64.8617984862933 -20.81988611422088 -13.953489501932722 -136.2752477766333 -297.89434968243154
1605 22321.948027849197 5.093199837781234e7 -0.007269412286873944 -7.2462996515519436 -18.86871018985621 -11.705440032742182 64.85908283681619 -20.829816420966097 -13.969474647956645 -136.26596755904836 -297.87164519902944
1606 22326.22524166107 5.093088108426731e7 -0.0007664225549603998 -7.230578886120785 -18.87810444106326 -11.709211394740379 64.85860956864144 -20.82725083951874 -13.950578047288502 -136.26331972525037 -297.92121001080113
1607 22330.458770513535 5.092836830179776e7 -0.0013593777086100545 -7.2321055543875055 -18.877556174658217 -11.70896084724798 64.85874570179558 -20.82939712427799 -13.96167074837723 -136.2684810646536 -297.95561999399655
1608 22363.47148656845 5.093075414804701e7 -0.0016387125349126563 -7.231813725166656 -18.877458036077762 -11.708889544889942 64.85900960593703 -20.842131910468368 -13.98476973712809 -136.26001127473563 -297.9142169966573
1609 22396.79579591751 5.092885431160616e7 -0.00198157478823191 -7.2323377662332256 -18.87727984332737 -11.708838648119727 64.85902158852036 -20.827186160749648 -13.95722519041999 -136.26694595153566 -297.9536519090716
1610 22429.098885297775 5.09310642116984e7 -0.004794749765736128 -7.235676090454163 -18.874624017512946 -11.707747820902114 64.85933221983619 -20.837623185293637 -13.970703723395218 -136.25701150342962 -297.91326512924763
1611 22433.056124448776 5.0929916447383896e7 -0.0017385316275095875 -7.232681434119055 -18.877307626995673 -11.708853559790043 64.85885937791734 -20.827334473635062 -13.95400165150835 -136.26546513769 -297.92723465053587
1612 22437.211233615875 5.138875818842796e7 -4.348462215633319 -15.002521626669012 -2.619416683854528 22.589580064023107 70.3098007151061 -19.94068862581372 -11.099154204721856 -135.10976206087747 -292.5821783764659
1613 22441.38107275963 5.085611368323189e7 -29.969291323467132 -60.79991507864803 -7.6702156609372345 9.224007160363307 96.92351803952779 -48.72937317233442 2.9377089113289685 -157.38439424705638 -298.1513363348074
1614 22445.43558073044 5.2072003794428095e7 -12.57376079738843 -29.705506123220577 1.1944910149590982 24.283849649535604 121.9488833896474 -21.03296237318392 16.17478215518986 -136.4866781851943 -298.2520149069539
1615 22449.395560503006 5.2446044136441894e7 -16.284997033573745 -36.33972704440879 7.043950140391662 28.213329481381525 127.88123577626503 -21.05443878795859 25.216513480053663 -136.4735050413575 -297.95439713676853
1616 22453.482529640198 5.2998217330725774e7 -14.226577163772106 -32.65919436401947 13.359737275030763 29.292708779271308 129.63557437629237 -13.868210791293166 34.53688575968738 -131.0546336920287 -297.8692003317435
1617 22457.517397642136 6.100235457600996e7 -28.244347062167307 -93.53173073439758 122.44681881250924 81.9169084135956 137.94399830445076 0.7970762078219309 72.24547739556101 -109.78158241031491 -185.46270430359317
1618 22461.605491876602 5.8964846565567076e7 -14.124770934060734 -68.21762336950599 90.51651297454391 69.68747908240694 77.7903466866907 -5.929019960098799 24.27134303125365 -114.80231127991652 -185.55024181654693
1619 22465.661629915237 5.092531983013087e7 -0.01793596672442277 -7.263557624029218 -18.85841684853295 -11.701323306964476 64.86053096821956 -20.87132003135457 -13.977235138633546 -136.26544578513102 -298.01184368900454
1622 22477.86819434166 5.092835104185484e7 -0.0010576278320684196 -7.231782737353917 -18.87773451075273 -11.70903180739661 64.85868341558714 -20.829565174267714 -13.96166418381597 -136.2686984639261 -297.9555753395149
1623 22481.902636289597 5.092824025909128e7 -0.0037722694369932697 -7.237770933032486 -18.874025974668267 -11.707556406122773 64.8588935747809 -20.829681818997926 -13.961332043651964 -136.2684593537279 -297.9572034737056
1624 22485.966406345367 5.09308409612143e7 -0.0012472501410201176 -7.231625838420815 -18.877674277627012 -11.709025567865751 64.85864774760107 -20.824830562219745 -13.948842568887414 -136.26261460998774 -297.9169518504964
1625 22489.99710035324 5.093062567881259e7 -0.0011823845629805874 -7.231679683465458 -18.87769480618091 -11.70902766897424 64.85865995219095 -20.82534456041998 -13.95312633237495 -136.26304623704016 -297.91535799851215
1626 22494.18985438347 5.0928734881721854e7 -0.0016338506717374912 -7.232470129878717 -18.87741847443009 -11.708896774169709 64.85890305859145 -20.828764075066147 -13.959652083405672 -136.26759372176463 -297.95140338327394
1627 22498.418876171112 5.092838445408894e7 -0.0011380725166532102 -7.231716227463437 -18.87770893017709 -11.709029149094793 64.8586682813505 -20.829353008026715 -13.96166418381597 -136.26844226124877 -297.95539021019556
1628 22502.692274093628 5.093014814906863e7 -0.0023544790127658644 -7.233142929453624 -18.877264593273022 -11.708861032245228 64.85894777362037 -20.8283232488526 -13.955902624927262 -136.264978565376 -297.9235027155612
1629 22533.87283563614 5.138914800119044e7 -4.347992175244528 -15.00209760600918 -2.619739340027799 22.58947071875023 70.30971592163002 -19.939758133470548 -11.096482513277408 -135.1099555522141 -292.5794686532076
1630 22564.568300962448 5.085531982645784e7 -29.969445861866078 -60.80047060759166 -7.67011777271836 9.224056767501867 96.92359278513871 -48.72957574508666 2.9368060657581054 -157.38552967259318 -298.16567933767044
1631 22595.84178829193 5.207766520582799e7 -12.574312485172271 -29.706499901528964 1.1948843626151309 24.284024654492086 121.9490843199604 -21.010653689578987 16.200418605145842 -136.47821791023716 -298.1796553073506
1632 22627.128484249115 5.89338060355147e7 -14.025741188043 -68.11333886430852 90.22123384132057 40.917707568041536 73.16951415991777 -5.877656338301676 24.31595573799484 -114.87668181570956 -186.07860313271772
1633 22657.955759048462 5.244938915575198e7 -16.28677812454336 -36.342416479213966 7.045848204868523 28.214021206814884 127.88203458934846 -21.048162872129865 25.232110279771064 -136.46008379521015 -297.90823765260177
1634 22689.266329050064 5.277833638916057e7 -5.531517637293206 -17.11678856689569 -0.9724379243111585 22.76935942058202 128.63881029856537 -14.032246606260742 32.15665991382673 -131.1300686273354 -297.8719634360351
1635 22720.116540670395 5.6073573082556434e7 -47.56438084870291 -92.1920339763468 75.77277735852006 168.2717931652545 259.8295369796449 -13.93187474858405 105.79300947146157 -130.63500675949797 -292.9226117343138
1636 22750.6819794178 5.607364144146088e7 -47.564527300682926 -92.19232086438916 75.77298304297261 168.27187222429387 259.82955240058305 -13.931821068191425 105.79300947146157 -130.63488990595857 -292.92169761195123
1637 22781.546503067017 5.13923326040221e7 -4.346529330152862 -14.99910404978717 -2.6221686126817474 22.588482153355173 70.30949667420174 -19.935475504019564 -11.08740944116181 -135.10334133483462 -292.546079644633
1641 22909.139617443085 5.09305399638881e7 -0.00023312329365410278 -7.230860445835145 -18.878105628925677 -11.709221681467163 64.85836072428418 -20.828822724975907 -13.959655666682295 -136.26535273755582 -297.92307201249594
1642 22939.811314344406 5.092889726013428e7 -0.000801053220840231 -7.231641750262867 -18.877942403691108 -11.709121658858518 64.85863464623397 -20.82778456176203 -13.961723417576195 -136.26502043699423 -297.9375731493347
1643 22943.927629470825 5.0928451873389475e7 -0.0008881517954506535 -7.231651625067975 -18.877710765066865 -11.709028978806746 64.85857366124073 -20.828922524898758 -13.96163036921331 -136.26804725531883 -297.9545283751874
1644 22948.018377542496 5.092828140863279e7 -0.0010022595385947852 -7.231731781716498 -18.877741696249114 -11.709042192508726 64.8586167121368 -20.830160232076878 -13.963917063887322 -136.26897668126117 -297.95618483124355
1645 22980.495304584503 5.0951050586229056e7 -0.0006628520617510958 -7.231722065550947 -18.877818410775884 -11.709079097555286 64.85844919907395 -20.67575046055316 -13.6022822831751 -136.1484757820573 -297.9178009053039
1646 23013.074964761734 5.93034775008698e7 -48.39186964353357 -129.5362229726296 117.932204714808 96.18624670141764 110.69679244100939 -33.22255407605479 43.41233904248338 -134.95379699734394 -180.76704956231043
1647 23043.868889570236 5.930410448363358e7 -48.3918340961671 -129.53608798039892 117.93221034554877 96.1862408966953 110.69678444496715 -33.22326982095166 43.417604490910435 -134.95765957897567 -180.76190383320676
1648 23047.928988456726 5.138931385456156e7 -4.3474854926322735 -15.001549925254707 -2.6206989676127392 22.589133467072198 70.3097283445163 -19.93938570039637 -11.096872343809139 -135.1091264269869 -292.57677140892986
1651 23060.186146974564 5.092838703797673e7 -0.0009294475548671244 -7.231606721922059 -18.877735375492048 -11.70903575678171 64.85860581403873 -20.829331873825083 -13.96163036921331 -136.26838379084603 -297.95539021019556
1652 23064.181037187576 5.092832451472691e7 -0.0024632838427294246 -7.234847970592522 -18.875758236918568 -11.708238925876937 64.85879505223677 -20.828390153294606 -13.958927276934958 -136.26771905487607 -297.9580830897195
1653 23068.203938484192 5.092872995215592e7 -0.0005908764987339055 -7.231455849575944 -18.87801930978732 -11.709153376776225 64.85855748682735 -20.82897743313771 -13.960842791773757 -136.26753252690702 -297.95130046111393
1654 23072.30626964569 5.092989335691086e7 -0.0006735639568375973 -7.2318844935632 -18.877583148231516 -11.708993855431565 64.858406677988 -20.826963690827313 -13.96082608584453 -136.26322437116994 -297.92741873688
1655 23076.40465950966 5.092846280710789e7 -0.0006162021929156936 -7.231493853777327 -18.877790581322053 -11.709066358908327 64.85845777071611 -20.82912284182811 -13.96163036921331 -136.26808098815246 -297.9545653190892
1656 23080.555788755417 5.092950876330641e7 -0.0007880350252236212 -7.231760247695899 -18.877651239857904 -11.709012597391439 64.8584957586352 -20.827238994379343 -13.959972790061329 -136.26566428435672 -297.93855285046357
1657 23084.751438856125 5.092838974987728e7 -0.0009489656352741349 -7.231585688750048 -18.877746895368347 -11.709038919551869 64.85862097248042 -20.82926541366868 -13.96163036921331 -136.26835442617318 -297.95539021019556
1658 23088.735592842102 5.138870204893075e7 -4.347858800471187 -15.001901624025606 -2.6196092390449763 22.58948464141567 70.30958444749055 -19.939986352247672 -11.09581468917196 -135.11141482246592 -292.5864868446994
1659 23092.79869389534 5.085519587479365e7 -29.969425228546996 -60.80012406871545 -7.670118001033128 9.224054660206395 96.92356087742716 -48.73054282104505 2.9338355558859917 -157.38637503872866 -298.16415890723545
1660 23096.8907456398 5.2072553558269925e7 -12.574408306793828 -29.706202459289116 1.1947260789947123 24.28398434007721 121.9491258332305 -21.032890583724736 16.178974679549242 -136.48640211662695 -298.2487519024635
1661 23100.900683641434 5.893422057066884e7 -14.025356275996117 -68.11309367144037 90.22215726053473 40.91776289994842 73.16940211719286 -5.87760072995826 24.314186219775593 -114.87607486438316 -186.07189882718905
1662 23105.0490026474 5.244898479742089e7 -16.286584206908955 -36.34232197413364 7.045844145327337 28.21401941303077 127.88192995355399 -21.05017529989891 25.224834498657287 -136.4615630039999 -297.91289787645854
1663 23109.113871574402 5.3007070234242134e7 -14.2243017957787 -32.65617815485811 13.35819697193891 29.292101053914042 129.63475296403846 -13.863064417260034 34.557439523047606 -131.04030602481947 -297.6921710184049
1664 23113.16765475273 5.09281407222156e7 -0.00020640761843537803 -7.231401419930169 -18.87769468577522 -11.709026243623398 64.85827699431267 -20.828089955778125 -13.969337545266171 -136.2660242623428 -297.9510380031945
1665 23117.251206874847 5.429759751823788e7 -21.86262178112078 -46.325629269147 25.00803981445362 91.42363110726392 196.2450477617944 -14.458718716023782 70.86936850048755 -131.41973898867985 -297.3003545393806
1666 23121.322593927383 5.429757921819668e7 -21.86261191455756 -46.32560664869249 25.008163351647017 91.42367636676747 196.24500785022727 -14.460309431462065 70.8684380897447 -131.4208367602002 -297.3008733587814
1667 23125.377054691315 5.138122288294325e7 -4.344083172021158 -14.995830363360298 -2.624356791989946 22.587744269519412 70.30931567891147 -19.93509369072177 -11.086776176258297 -135.11770098074163 -292.70349907937407
1670 23164.40997028351 5.091053375417385e7 -0.001564540059234787 -7.234298268258666 -18.875532191582256 -11.708168929228702 64.85829186460279 -20.866433038777757 -14.035336357202368 -136.30406365641846 -298.2646962489797
1671 23197.944038152695 5.092751153889136e7 -0.0028561353031477665 -7.2375766231421785 -18.874090703397396 -11.707582293871774 64.85854212430678 -20.830443467434407 -13.969457002785418 -136.26969956329071 -297.9638557441151
1672 23230.345261335373 5.092858951075579e7 -5.3730598608581204e-5 -7.232238387231018 -18.877491801731022 -11.708951833154991 64.85823493872086 -20.826837517357262 -13.966581116265445 -136.26253795240376 -297.9388658306631
1673 23234.548577547073 5.092825613029671e7 -0.0003088376782471869 -7.231619904885026 -18.877531603004513 -11.7089615891472 64.85827811793655 -20.827473436501634 -13.969337545266171 -136.2654647585665 -297.9492979239632
1674 23238.682841539383 5.092846824684448e7 -0.0006643907787093895 -7.231792879347523 -18.877525538108095 -11.708955193194146 64.85845155474867 -20.82849741837765 -13.96446560517279 -136.26609300737346 -297.94925141423903
1675 23242.685916423798 5.092813638596154e7 -0.00023978757405984652 -7.231472631409989 -18.877641550005134 -11.709005177582725 64.85827736442917 -20.827993007120142 -13.969337545266171 -136.26598174635615 -297.95092602108224
1676 23246.757454395294 5.09292774296232e7 -0.0016639941375871103 -7.233129230723726 -18.876902936193805 -11.708728690818717 64.85852556127432 -20.827458226600868 -13.963937161571039 -136.26419162461684 -297.92596144302274
1677 23250.757689237595 5.139029706245599e7 -4.347269650738454 -15.0018054933069 -2.6194497262445324 22.589538960617293 70.30929982827105 -19.93482113239213 -11.086468968103361 -135.10484813006036 -292.56450091300655
1678 23254.78640317917 5.086069093986962e7 -29.968982596093852 -60.80067296322213 -7.669700458726009 9.224193306295295 96.923136563162 -48.723437679907306 2.949813796811725 -157.3672719508907 -298.0627079950058
1679 23258.80675816536 5.207186157504341e7 -12.573562780981618 -29.7062405459709 1.194494903558244 24.28392679889393 121.94860941535784 -21.03612308842645 16.174408069051196 -136.4780017222174 -298.2796950888178
1680 23262.886283159256 5.8938743457535364e7 -14.023645097316333 -68.11114956963908 90.21551339821318 40.916658432403764 73.16908283615413 -5.877159751789804 24.315522603233944 -114.8605416449326 -185.99790668331906
1681 23266.91372704506 5.244847364865215e7 -16.285859407790568 -36.34199461291543 7.0458216164772765 28.21400411904776 127.88163373022002 -21.05231180617085 25.216280551342493 -136.4629656020801 -297.9180241546152
1682 23271.010581970215 5.300379884183853e7 -14.223954665949535 -32.65642682778177 13.35835277983012 29.292205440729113 129.63446333100532 -13.869936976418899 34.55760398969869 -131.04961456466464 -297.7562483212828
1683 23274.98422217369 6.015940363782971e7 -51.62166560870607 -135.30321441657685 113.24553581533338 95.28485083116131 167.27478965152775 -34.42801526535612 77.4277368686154 -136.3733959993736 -185.71669532796886
1684 23279.083066225052 6.0159387549657926e7 -51.62178372719218 -135.30327790884618 113.24557932803343 95.2848712213533 167.27483418121676 -34.42786411880206 77.4277368686154 -136.37348906772144 -185.71669532796886
1685 23283.135065317154 5.1393193755634665e7 -4.345621241546908 -14.999445693022981 -2.621813165348083 22.588623176389607 70.3090149882494 -19.92855339198718 -11.075733258314983 -135.0947719208454 -292.52288699188426
1688 23295.340041160583 5.092820361671703e7 -0.00011164589997747498 -7.231009732461612 -18.87783188725982 -11.709079235685422 64.85828010113214 -20.82820194436738 -13.96740342713224 -136.2673089097869 -297.9546031585639
1689 23299.539509296417 5.092743449731072e7 -0.0015528152992487776 -7.234411206370609 -18.87581466270653 -11.708273560357043 64.85839755133765 -20.82980609950488 -13.970117249906707 -136.26796098368743 -297.96080612861215
1690 23303.58643722534 5.092811539195162e7 -0.0009035342163201676 -7.23249903605997 -18.87690427602231 -11.708711696140178 64.85830296574481 -20.828024740105775 -13.96686191345293 -136.2663190616247 -297.955578780911
1691 23334.373318195343 5.0928170746640764e7 -0.0002928670672872613 -7.231758660198501 -18.87756950374897 -11.708977892726843 64.85827416800711 -20.82778974435132 -13.96937921629467 -136.26585372105984 -297.95106718292794
1692 23338.7229552269 5.0928214336021475e7 -0.00026564303311715776 -7.231646256015399 -18.87760891652721 -11.708993116480503 64.85827505251456 -20.827810496196776 -13.969337545266171 -136.2657098951898 -297.949981279484
1693 23343.12349128723 5.0928223162908696e7 -0.0002810152004713018 -7.231709796197954 -18.87758666054682 -11.708984520566254 64.85827454875927 -20.827567393701884 -13.969337545266171 -136.26554421040873 -297.949981279484
1694 23377.222865104675 5.092810506242691e7 -0.00016227044501704313 -7.231218992196386 -18.877758592790006 -11.709050926904002 64.85827844086083 -20.82831666117636 -13.969337545266171 -136.2663091810427 -297.95132766557344
1695 23411.36683344841 5.1389850608614154e7 -4.347145026330992 -15.001458809309518 -2.619632784874188 22.589464725757196 70.30930038020581 -19.93536696784821 -11.087526402383958 -135.1058461986874 -292.56973790382824
1696 23442.348794221878 5.086076324461005e7 -29.968652029480012 -60.79979527519608 -7.6702129105612435 9.223991533664162 96.92313708737083 -48.72197199946595 2.950299767562285 -157.36613399310346 -298.06225635176804
1697 23446.400821208954 5.207187468546051e7 -12.57360386905151 -29.7062104295504 1.1945751282171564 24.28395874881087 121.94861319065207 -21.03551103199368 16.17436295209268 -136.4776126191215 -298.2796950888178
1698 23450.526222229004 5.894329488217803e7 -14.024686557872911 -68.11265182634534 90.22421566481871 40.91791672830571 73.16915170717819 -5.869351863476709 24.329118372022663 -114.84947760962655 -185.93076273411583
1699 23454.723293066025 5.2448176855506055e7 -16.285834425459953 -36.34178648675018 7.0457318713575425 28.213976599158737 127.8816254317876 -21.054203258359053 25.21621891620657 -136.46458290100634 -297.92518965812747
1700 23458.81928396225 5.300629649692578e7 -14.223768403959198 -32.65612202097517 13.358106621601983 29.292098056619935 129.63446881292467 -13.86828466639679 34.550930766654005 -131.0450272190517 -297.6982216459524
1701 23462.89279985428 6.405527482666517e7 -61.47609500278956 -152.9336470360422 184.9164610509791 192.16132114820874 263.5152092336763 0.6108330759719252 143.08905679630288 -109.51111273790355 -180.54445876471885
1702 23466.943014144897 6.405351333334944e7 -61.47678489641311 -152.9344150646164 184.91658379802232 192.16137301367542 263.51524107669894 0.611289762966976 143.08563655021555 -109.5144100606974 -180.56725735885408
1703 23470.99454808235 5.139246831268137e7 -4.345882892986992 -15.001363399888913 -2.6204803975876807 22.589169904138718 70.30887860621606 -19.93230677624439 -11.082298992377787 -135.0986335556638 -292.5284671696322
1707 23487.247879743576 5.0928227298891865e7 -0.0008597307949003152 -7.232902875506024 -18.876784086228604 -11.708662119403439 64.85833356109971 -20.827863233941628 -13.968068757300102 -136.26557498814913 -297.95101090792326
1708 23491.19216489792 5.092931964166032e7 -2.7105519436076975e-5 -7.231222064554711 -18.87779343343674 -11.709073209294495 64.85821829148958 -20.82592598489282 -13.966249972212381 -136.26323723907973 -297.93470341703403
1709 23495.396229982376 5.0928153902679026e7 -7.247182219316528e-5 -7.231264978882031 -18.877776069586087 -11.709064032297942 64.85822042421549 -20.82757235794469 -13.969337545266171 -136.2657348123675 -297.9510380031945
1710 23499.420378923416 5.0927957906521685e7 -0.00019433124636236698 -7.231374235546578 -18.877641371653386 -11.709004849996266 64.85825777832987 -20.828254198709317 -13.970711511205707 -136.26639979738553 -297.9526217326708
1711 23503.480289697647 5.0928391841133736e7 -0.00015810055525378175 -7.231292681090892 -18.877481429720458 -11.7089406694109 64.85820013025335 -20.82671115294778 -13.96527666196954 -136.26501415008534 -297.95173106379303
1712 23507.786833763123 5.2544598338406004e7 -16.9261005514915 -37.4632426055796 17.444223607250027 58.578812073886965 127.40372962117468 -20.272867787162056 18.8635454258183 -135.3791082352414 -292.66432611857283
1713 23511.95283651352 5.2545852828468084e7 -16.92675491826708 -37.46375515223248 17.444912102584713 58.5790405941678 127.40379762553985 -20.269971464922378 18.871317951495826 -135.37569466654514 -292.6537704633357
1714 23543.003550052643 5.1392818291397065e7 -4.345624697664206 -15.000487229832633 -2.6210460002556246 22.588935822691717 70.3088711666501 -19.93390605168605 -11.081912049785842 -135.0997269002322 -292.5242280181561
1717 23635.669045209885 5.092814790017614e7 -4.655400414321775e-5 -7.231220288850899 -18.877825799482395 -11.709083416720798 64.85822309984383 -20.827745692861242 -13.969337545266171 -136.26586092623978 -297.9510380031945
1718 23667.070716142654 5.092823447685239e7 -0.0007231697150729133 -7.232775802271799 -18.876880350018503 -11.70870533659686 64.85828111296838 -20.82751897102463 -13.968068757300102 -136.26541165204617 -297.95101090792326
1719 23698.070067882538 5.092845611809901e7 -0.0003713130275286858 -7.231378561412836 -18.877535559824818 -11.708964910597984 64.85825102173123 -20.826307991471424 -13.964399150775478 -136.26479050316357 -297.95108041377574
1720 23728.997220277786 5.092815297985205e7 -0.000107108214237428 -7.2313247029378935 -18.877709609125247 -11.70903812641366 64.85821684823192 -20.827521388316427 -13.969337545266171 -136.26568865513906 -297.9509260210823
1721 23760.00425171852 5.092785732907123e7 -0.00021101679891444292 -7.231503874290297 -18.877510227714858 -11.708960408829142 64.858206120247 -20.828524218554776 -13.972094093775638 -136.266603670474 -297.95476659772487
1722 23792.065133094788 5.0929354982680134e7 -0.0005227372363663108 -7.232041381009935 -18.8769120832318 -11.70872725669524 64.85817393600871 -20.824250961704195 -13.9599245271678 -136.26184496156236 -297.9425116245727
1723 23823.60415816307 6.2490554478344224e7 -75.13927609492647 -177.35785534041554 170.03418701787388 173.148153914431 232.55230143677375 -26.877895342357476 121.26527295021424 -130.16868185205317 -180.90253803727933
1724 23856.203187704086 6.249055484746233e7 -75.13928298775454 -177.35786289489388 170.03418932968592 173.14815525875565 232.5523034202265 -26.87784401412773 121.26527295021424 -130.16865685982594 -180.90253803727933
1725 23889.3411257267 5.139428958236011e7 -4.344323975455708 -14.996858655563436 -2.6231196812940922 22.588070871329883 70.30874586867502 -19.9259791084757 -11.063793251063657 -135.09270454033452 -292.53318462463693
1728 23929.746567726135 5.092769310404627e7 -0.001442762532221309 -7.234270002537741 -18.875643942960163 -11.70820533002863 64.85829757835556 -20.82884618407104 -13.966595855226274 -136.26753279887384 -297.9639613511563
1729 23961.158247232437 5.092966241347826e7 -0.0002723953667924661 -7.231492991337067 -18.87742557477756 -11.708919778070829 64.85824092371739 -20.82438929337411 -13.962189088915295 -136.26201568243766 -297.9338129358788
1730 23992.605714559555 5.0928243227753885e7 -0.0007199820949779223 -7.231741337568817 -18.877299971129595 -11.708876492432985 64.85828426270514 -20.827158286916017 -13.964375544144048 -136.26593402411828 -297.95452093778755
1731 24025.21022772789 5.092916496032315e7 -0.00031909464584600755 -7.2315747948358435 -18.87740281746347 -11.70891126867965 64.85825761014782 -20.82515970865319 -13.965300650946347 -136.26302125662448 -297.9369856977444
1732 24029.182671785355 5.0929455498358704e7 -0.001054813191032622 -7.23204883648129 -18.8766552446276 -11.708609271146518 64.85830500717364 -20.824204833686792 -13.959824293845998 -136.2624585370035 -297.93826575550463
1733 24033.22333574295 5.092849096959917e7 -0.001085278277102475 -7.232266400301391 -18.87704773851338 -11.708731274583865 64.85852376884101 -20.82653455085483 -13.963394944981758 -136.2646614726404 -297.95137892766036
1734 24037.316084861755 5.09287963750745e7 -0.0003694427838638603 -7.231458243930618 -18.877347948615693 -11.708875482132257 64.85829462575587 -20.827350259208117 -13.963680711599693 -136.2665510276492 -297.952303999892
1735 24041.309032917023 5.138658218682937e7 -4.347098832144795 -15.001449967136598 -2.619284714827696 22.58957645009325 70.30921577997978 -19.917287643653708 -11.035920843531017 -135.11333464266386 -292.69073576999534
1736 24045.41727399826 5.0860502629579745e7 -29.968902073380747 -60.800415241976154 -7.669774869360403 9.22416199274036 96.92312938836531 -48.72338153642352 2.9477188026006615 -157.36686725820198 -298.0617674823601
1737 24049.449006080627 5.207172437372687e7 -12.57352807256133 -29.706195498204348 1.1947801935684623 24.284051027044956 121.9484842994144 -21.036649194955828 16.172796573222968 -136.4785801431434 -298.2821221312454
1738 24053.6023581028 5.236859447269096e7 -46.25387390452791 -89.90983257791422 18.253344617453738 49.147004754101005 159.94610112017114 -49.12303103054131 41.739033688833274 -157.56981178838691 -297.9936146432767
1739 24057.63317131996 5.8942662623470336e7 -14.024395246914608 -68.11204592947892 90.22326271973232 40.917860931261984 73.16899547788684 -5.869257064861358 24.326641287821076 -114.85016188658295 -185.94027131370945
1740 24061.70741224289 5.3004420790512435e7 -14.223513666918947 -32.65554641999837 13.358181371551776 29.292130158976217 129.6343369127216 -13.870256446369467 34.553236835146095 -131.04770113145975 -297.74218354609343
1741 24065.718974113464 5.092492770084547e7 -4.939430625938712e-5 -7.231048005974639 -18.87700160781385 -11.708748130320814 64.85802718485685 -20.83169805764919 -13.977425108079444 -136.2681751155185 -297.96356820620707
1742 24069.733106136322 6.4045990506132334e7 -61.45290284413575 -152.8886614043681 184.69656544840322 192.13164324902544 263.50942781810215 0.6894392164278997 143.22350795771752 -109.483252295552 -180.90629058812067
1743 24073.74257826805 6.405767278510145e7 -61.453381064790904 -152.8893110245044 184.69900374696593 192.1320448683916 263.5095630881523 0.7009301644358743 143.26224316334674 -109.45386649680773 -180.7340117684044
1744 24077.816219329834 5.300066546967324e7 -14.224640249302098 -32.65636415346928 13.35819317483962 29.292126913568588 129.6350679885996 -13.866744708773751 34.543062221189984 -131.04895310598658 -297.82738731007925
1746 24085.952610492706 5.0924622702113956e7 -0.0026871238996619695 -7.237064012764112 -18.8733304097951 -11.70727965894784 64.85825548209388 -20.83241856741796 -13.978295410825012 -136.2690407991273 -297.9698664893788
1747 24089.9458425045 5.092384361297207e7 -0.001178797265083631 -7.231808080715055 -18.87608477180718 -11.708362626280124 64.85823509857418 -20.832773524111815 -13.979785911983981 -136.2701336403789 -297.9795839185384
1748 24093.99159026146 5.0928828396652095e7 -0.0013637839973199561 -7.2323489391370614 -18.876472537373814 -11.708551763315043 64.85828595399 -20.82532399476031 -13.959552381752417 -136.26300723486668 -297.9495620763698
1749 24097.960316181183 5.09253272195439e7 -0.0010477433824149784 -7.2320854129987495 -18.876488077958903 -11.70853757764056 64.85836707389328 -20.831866367078135 -13.974902417802411 -136.26905814234965 -297.9568225976735
1750 24102.02388525009 5.09236395428442e7 -0.002363837608740482 -7.2326057281903005 -18.875122631134506 -11.70795808274464 64.85845321749856 -20.830418896041806 -13.978758354919705 -136.26843147916964 -297.98720045496503
1751 24133.29969239235 5.0923769687727235e7 -0.0012349534609086277 -7.2325319651072775 -18.87671837833151 -11.708567433005253 64.85856966256397 -20.835260628157414 -13.983121033867178 -136.27158388894452 -297.9811751658833
1752 24164.219383478165 5.09246242531662e7 -6.828356647758937e-5 -7.231155412421412 -18.877044829950957 -11.708759020761022 64.85809618137307 -20.83427983682145 -13.980131154117203 -136.27053744297876 -297.9674012255793
1753 24194.958491802216 5.1387364598315604e7 -4.346258901112307 -15.000725516003499 -2.619344250014816 22.589523967381183 70.30891472385238 -19.91573922047428 -11.031950164619445 -135.10959406077933 -292.6791803851812
1754 24225.46884083748 5.08657588951061e7 -29.967623153965945 -60.799344854894244 -7.670393032376577 9.223871527562945 96.92258291971497 -48.71820199419682 2.964407818947109 -157.35263575796165 -298.0061929269698
1755 24256.272186756134 5.2070697248696774e7 -12.57368268841742 -29.70629909773104 1.195343108566135 24.28429216737728 121.94835732236733 -21.037413308832527 16.171161285450125 -136.48144633285523 -298.2976425006166
1756 24286.985538959503 5.894313635820465e7 -14.024752362225072 -68.112112515641 90.2250642740021 40.91825278516672 73.16896414231314 -5.869468400371659 24.326376161850135 -114.84939087306225 -185.93365592099389
1757 24318.016530275345 5.244742031163236e7 -16.28623034256617 -36.3421036263939 7.046814324886721 28.214432079677195 127.88142985566711 -21.057974425727195 25.215898727380477 -136.4680093109908 -297.9391669049246
1758 24349.688468694687 5.3010625298125155e7 -14.221257315239143 -32.654036595831656 13.356842618141247 29.291559259554937 129.633790891531 -13.883444461396152 34.54681485334038 -131.040730185693 -297.6359783939654
1760 24412.1344435215 5.215417785526519e7 -37.55498284026082 -74.36005528809469 3.9137644622066112 42.62082683691354 158.94928391263272 -49.17610497082819 39.591847744842426 -157.67558952835253 -297.89815408585645
1761 24443.06300663948 5.215417763305124e7 -37.55504064392821 -74.360096702435 3.913801603605325 42.62084252162164 158.94930553411433 -49.176092686540926 39.591847744842426 -157.67558378640297 -297.89815408585645
1762 24475.116641044617 5.1381718996736534e7 -4.346240481710538 -15.001271648161275 -2.6197808998358987 22.589443216118518 70.30905261134524 -19.93284902697735 -11.079886429006706 -135.11491328695024 -292.6977871185901
1764 24511.380316257477 5.092500139019943e7 -0.00010289196383439503 -7.231093844244445 -18.877012911127274 -11.708751595311856 64.85805153467321 -20.83108318005742 -13.976488695002729 -136.2673757986667 -297.9641903387045
1765 24515.69694542885 5.0924652315491445e7 -0.001377336369998261 -7.234072139918332 -18.875176079873416 -11.708017771025109 64.85814783488229 -20.83181039673508 -13.976611154284797 -136.26813181965298 -297.9691003327588
1766 24548.571267843246 5.092505916849708e7 -0.0008779734545925066 -7.231607188589756 -18.87632844958588 -11.708473279174033 64.85813382343929 -20.831370535226256 -13.976748678851038 -136.26742115523876 -297.96345969692777
1767 24583.177232027054 5.092505380654154e7 -0.00022894929416850118 -7.231201809878147 -18.87703959693012 -11.708759779829649 64.85810892341446 -20.829851601856944 -13.97618108226203 -136.2668907888986 -297.96348090520974
1768 24614.01011323929 5.092546322674847e7 -0.000677409040662269 -7.231676722116617 -18.876726924951516 -11.708633586267688 64.85824571402682 -20.830300839922927 -13.974014892950208 -136.267628345089 -297.9570971738186
1769 24617.9693505764 5.092361222763537e7 -0.0009037608917594753 -7.231938979786509 -18.8765273012355 -11.708521164556725 64.85831330308636 -20.832833111835726 -13.9783023612149 -136.27005326435147 -297.9863244765875
1770 24622.035584449768 5.0925589274191484e7 -6.611015682267407e-5 -7.231087537432202 -18.876881394980597 -11.708696767538765 64.85803016557007 -20.832622269088006 -13.979653720063368 -136.2667567636217 -297.9526661848996
1771 24626.272473335266 5.1388569441277884e7 -4.346928697378942 -15.001133266548916 -2.618566464754739 22.589794508361287 70.30903533139866 -19.90979150889126 -11.023609125835662 -135.110988189097 -292.64587270599213
1772 24630.355588197708 5.0865536475796185e7 -29.96863130304935 -60.80005532000952 -7.669465977398325 9.224247918492317 96.92267720534227 -48.71716457884128 2.9648760103370932 -157.35143908387397 -298.00713119672866
1773 24634.559252262115 5.207062823709059e7 -12.573260284591953 -29.705934174254494 1.195352058641042 24.284279681223843 121.94821305045782 -21.035096551024253 16.1721836146196 -136.4799878882194 -298.298850910474
1774 24638.704308271408 5.894328561938877e7 -14.024374947055819 -68.11183336744136 90.22488148779506 40.91815067579155 73.16888153457099 -5.869236818979402 24.326780757660003 -114.848836326418 -185.93038722006526
1775 24642.69418311119 5.2447364206994876e7 -16.285434048139166 -36.34161612057616 7.046295125667882 28.214260675647484 127.88104857671023 -21.05805539257284 25.21407078629261 -136.46945125108334 -297.94256908320096
1776 24646.753262043 5.3012469369888745e7 -14.2236911728765 -32.655684363091666 13.35873385925235 29.292346853174237 129.6342872406554 -13.865646786552645 34.58082385389321 -131.0441609648841 -297.63008073114395
1778 24654.95654296875 5.3353792681174345e7 -20.164194711267314 -43.27726933730787 12.786028916791427 57.68365887505453 183.97515143050475 -21.57744857972591 52.62349136314481 -136.8951554841434 -298.2550804321717
1779 24658.956060171127 5.335371949471322e7 -20.16484747255575 -43.278678767655414 12.787113959514453 57.684073206419875 183.9753062448831 -21.576169665843736 52.624791807749375 -136.89402672183832 -298.2576503906779
1780 24662.961974143982 5.1389490882178806e7 -4.345800251648626 -15.001065729471971 -2.6185710225549528 22.5897665293222 70.3085047152677 -19.908056965159346 -11.020296844695054 -135.10533050617903 -292.63149222946436
1782 24671.18130493164 5.092471995886809e7 -0.0006938408161687448 -7.232541600898525 -18.8760828068013 -11.708380142333677 64.85807907094997 -20.832825827928843 -13.98006229953262 -136.2688329017094 -297.9663469635957
1783 24675.227717876434 5.092475282743829e7 -9.479722318417316e-5 -7.231126696351616 -18.876974718812516 -11.70873857166307 64.8580376440734 -20.83201974707208 -13.97784054490495 -136.26866781688926 -297.96717123467863
1784 24679.25285077095 5.092472001311279e7 -0.0004236730372610964 -7.231337684617628 -18.87664003083015 -11.708603369866175 64.85805847985657 -20.83226075011845 -13.977876536893405 -136.26887746010232 -297.96790094544644
1785 24683.235120773315 5.0925357824620366e7 -0.00025922237540498827 -7.231262410493944 -18.87689063938927 -11.708702550089889 64.85809701652295 -20.830752967260878 -13.976813862631673 -136.268188125155 -297.9561675990741
1786 24687.328330755234 5.092477497179582e7 -0.00010981026156287044 -7.2311527192606775 -18.87696582838466 -11.708735411385835 64.8580411027945 -20.831784082424463 -13.977616553045038 -136.268567470685 -297.96718724596917
1787 24691.41359782219 5.0924978641812e7 -0.0003432105660436946 -7.231283819107954 -18.876916172755735 -11.708717118120852 64.8580824938747 -20.831685458435857 -13.978782380605196 -136.26816034381932 -297.9641997436816
1788 24695.507868766785 5.092374823792786e7 -0.0004159726754409121 -7.231431209933202 -18.876828921337474 -11.708664911230947 64.8581535676665 -20.833270487198774 -13.97984772876839 -136.27045531228293 -297.9805602881586
1789 24699.546269655228 5.1387559876820534e7 -4.347009789485057 -15.001237714868438 -2.6185690150026666 22.589798221304903 70.30906237568941 -19.91157707909366 -11.026870741617302 -135.11378831805786 -292.6607572278526
1790 24730.796523094177 5.086549017110697e7 -29.96881505384364 -60.80021278478327 -7.669430467633806 9.224274814292777 96.92281157122683 -48.71906977494473 2.9645653907818996 -157.35399021939816 -298.00988001573967
1791 24761.845019102097 5.207072755680463e7 -12.573531286811601 -29.706149356217548 1.1952295118314176 24.28424626552848 121.94832718651047 -21.03706638025818 16.171161285450125 -136.48128221996546 -298.29713760041386
1792 24766.071146965027 5.894311039609067e7 -14.024499058122501 -68.1119750618666 90.22507630861072 40.91817282025346 73.16892590680524 -5.869998892046397 24.3267128386575 -114.84944607033259 -185.93195391445624
1793 24770.309500932693 5.244756688902256e7 -16.285754421351328 -36.3417490221451 7.046362426653733 28.214257182065705 127.88131628697865 -21.056274649359295 25.217967619206433 -136.46755592109588 -297.9391897355515
1794 24803.169658899307 5.301216283120383e7 -14.223352160156196 -32.65528559574991 13.358560373189434 29.292290649136028 129.63413844782096 -13.866723409604731 34.576854130563106 -131.04564511576967 -297.63402607827436
1795 24836.43787097931 5.3937453199991964e7 -18.098640132045134 -39.58355432822814 19.093417345931794 58.75987526804742 185.7279410324354 -14.315686129445567 62.27244150722265 -131.34555233935032 -297.78280939556134
1796 24867.48663496971 5.393750855583905e7 -18.10012758589842 -39.584684640102445 19.094406541270484 58.76033111138564 185.7280044673967 -14.315577556574794 62.271832828154174 -131.34551557663644 -297.7797491712905
1797 24898.252959012985 5.300504001981143e7 -14.223611784417088 -32.65588379963 13.358429743634847 29.292225010326664 129.6343183763994 -13.869698962140149 34.558192390241516 -131.0469175697089 -297.73706082369597
1800 24941.903112649918 5.092542351913708e7 -0.00011285824982110171 -7.231047829237429 -18.877006619763545 -11.708749487975595 64.85805834041837 -20.83071173044715 -13.975051118834983 -136.26781417886951 -297.95636695614303
1801 24976.478939294815 5.092492770084547e7 -4.6579242905409046e-5 -7.231041313475945 -18.877005361585432 -11.708749631148748 64.85802683687898 -20.83169805764919 -13.977425108079444 -136.26817511551855 -297.96356820620707
1802 25008.252373218536 5.092501024171397e7 -3.813405119501567e-5 -7.231021235975746 -18.877016622899134 -11.70875413363293 64.85802579294528 -20.831532027691253 -13.977425108079444 -136.26793483194734 -297.96230273556216
1803 25012.295478105545 6.078713108259038e7 -19.552299562989475 -77.99345288049022 108.1139188549758 75.3937351323507 136.94941730333798 0.8024867785720176 70.17464370466837 -109.78049098923987 -185.6774920496992
1804 25016.36709022522 6.227212031948199e7 -35.83789590064595 -107.10408207499182 134.03716412987384 115.31663549610852 199.9725528776522 0.29178952192393126 108.80405117777218 -110.19814942926087 -185.71098544991253
1805 25020.446051359177 5.300504107474466e7 -14.223563410519944 -32.65580522216437 13.358375650177322 29.292203656746338 129.63431402029696 -13.869650911520523 34.558192390241516 -131.04689446152457 -297.73706082369597
1808 25032.62376499176 5.092501024171397e7 -3.595168827530415e-5 -7.231015803601693 -18.877019584778246 -11.70875538178954 64.85802529062414 -20.83153202769114 -13.977425108079444 -136.26793483194734 -297.96230273556216
1809 25036.729165792465 5.092500625866757e7 -2.940459815192753e-5 -7.230999506476792 -18.877028470415457 -11.708759126259665 64.85802378366128 -20.831623382502528 -13.977425108079444 -136.26802079221187 -297.96230273556216
1810 25040.870525836945 5.092503538480868e7 -9.76331433832911e-6 -7.2309506150759795 -18.87705512732167 -11.708770359670531 64.85801926276973 -20.831345986104452 -13.977425108079444 -136.26786560793107 -297.9619834184862
1812 25049.135297060013 5.488723549334895e7 -64.82448212270307 -123.1073153869578 66.74733638103264 124.44675051302534 230.17373175301623 -41.589425887773075 92.55260292439289 -151.42482275416415 -292.1071506604855
1813 25053.14247584343 5.488745992232797e7 -64.82462152275922 -123.10704171946317 66.74721277935137 124.44670948575694 230.17388440265597 -41.589421415870845 92.55290816327772 -151.42555859571058 -292.10537411465225
1814 25057.221212625504 5.300504299599065e7 -14.223553741987416 -32.65579252402309 13.358371230695514 29.292201813370596 129.6343108696806 -13.869627984664135 34.558192390241516 -131.04688311578872 -297.73706082369597
1816 25065.461500644684 5.092503577391636e7 -3.5377382630485954e-5 -7.230982682979718 -18.87704738626387 -11.70876688004051 64.85802996133063 -20.831478003203586 -13.9774235424199 -136.26786737531575 -297.9619834184862
1817 25069.572591781616 5.092504958999379e7 -0.0002579470451138377 -7.231536053284827 -18.876692392538526 -11.708625526385244 64.85803569901823 -20.831191662063645 -13.976648708581536 -136.26759023842817 -297.9633637789203
1818 25073.653099775314 5.092499292498633e7 -0.0003928361745835218 -7.23129121448056 -18.876777000363614 -11.708655833367171 64.85809888831444 -20.831391336649006 -13.976518298704264 -136.26756727066885 -297.9643673107021
1819 25104.653692007065 5.092500685975757e7 -4.262863171788922e-6 -7.230943728003915 -18.87705678992868 -11.708771106975359 64.85801696538003 -20.831390115898103 -13.977425108079444 -136.26794393379402 -297.96253894152005
1820 25135.54873561859 5.182241187843604e7 -33.840562385200585 -67.72422230399633 -1.935973520578834 38.69110841783039 153.01556063479862 -49.00806724892573 30.815485174392506 -157.56096402743395 -297.82723437017927
1821 25166.346571683884 5.3964811241615504e7 -63.177374836246 -120.15338004677352 54.58619103806777 119.43924538636544 222.48906685509533 -48.86102932420067 73.89447629052154 -156.93382015487833 -292.2236115798046
1822 25197.10482764244 5.3005038065922275e7 -14.22355035223545 -32.65578373194028 13.358357748863625 29.292197264114897 129.63430908719158 -13.869758626105352 34.558192390241516 -131.04694738948177 -297.73706082369597
1825 25290.662466287613 5.092501015052718e7 -5.080417409430993e-6 -7.2309483316724155 -18.877052776868297 -11.708769651509435 64.85801613729441 -20.831329600455433 -13.977425108079444 -136.26788699181822 -297.96253894152005
1826 25321.925596237183 5.092532378190245e7 -0.0003211893296679591 -7.231614003064514 -18.876674914000557 -11.708615221231721 64.8580632041309 -20.83118780938156 -13.977844137745137 -136.2666190283643 -297.9583962209561
1827 25352.984890699387 5.092500780448952e7 -0.00015474377984503462 -7.23101028183298 -18.87692645447457 -11.708717245486206 64.85803278418133 -20.831449915719702 -13.977387143580358 -136.26792395452907 -297.9625079468361
1828 25383.734917402267 5.092541808319481e7 -0.00010801316875586053 -7.231043592417926 -18.877007728817507 -11.708750640605878 64.85805328293296 -20.830839060810888 -13.975051118834983 -136.26793411539927 -297.95636695614303
1829 25415.522950410843 5.092488516950921e7 -4.302700642710988e-5 -7.231026512370047 -18.876993265234454 -11.708746267337588 64.85801996680935 -20.831962382270888 -13.977425108079444 -136.2685252859502 -297.96412372924095
1830 25447.668835878372 5.092483532200116e7 -0.00012373500761952982 -7.231067228727561 -18.87701213235147 -11.708755021693868 64.85804025296937 -20.831555823865415 -13.977616553045038 -136.26833397286845 -297.9665746573378
1831 25479.581847190857 5.092523180013062e7 -5.617055168727347e-5 -7.230913734794502 -18.877070952140105 -11.708774186698921 64.85805258186335 -20.83057154391082 -13.976261097743077 -136.26669767007854 -297.9594877494585
1832 25511.012774705887 5.138822114788759e7 -4.346889733484616 -15.00085370498358 -2.618836469406247 22.589698887622237 70.30908260078492 -19.909684230281982 -11.023618024847735 -135.11125057696006 -292.65020702078726
1833 25515.10037469864 5.086620361768127e7 -29.96872122979373 -60.800055645239446 -7.669495426663119 9.224246016136274 96.92276940004596 -48.7163962830806 2.969504229469294 -157.34948295644978 -297.9946919724638
1834 25519.368292808533 5.2070723809664525e7 -12.573539031213016 -29.70615667161202 1.1952228906929605 24.2842414241767 121.94832147331408 -21.03710214258433 16.171161285450125 -136.48123602620166 -298.29713760041386
1835 25523.423150777817 5.8943198600954995e7 -14.024396552873796 -68.11183134664219 90.22459227848758 40.91811089211392 73.16889454239106 -5.86960630778384 24.326775274188208 -114.84935475346168 -185.93225739168747
1836 25527.422907590866 5.244749574620329e7 -16.285800908035398 -36.34184954427005 7.046357429277236 28.214259144313456 127.88129485589948 -21.056602114774932 25.21670108183389 -136.46784098312776 -297.9401106429518
1837 25531.442623615265 5.3012022202022e7 -14.223531335810662 -32.65554111825378 13.358741128095122 29.29234921514717 129.63420043785115 -13.866216437320588 34.57802198276386 -131.04510028171495 -297.6363665017234
1838 25535.422317504883 6.161524264956248e7 -42.88203467064879 -119.69462844934084 136.20724155468056 116.8322788280788 193.2836319806508 -6.635684141315039 93.04109877310168 -115.38743082140803 -185.62877995015828
1839 25539.49550127983 6.161524970901533e7 -42.881900610722795 -119.69454627283784 136.20717202776498 116.83222898802569 193.28356352999296 -6.635554774294064 93.04109877310168 -115.38746838544506 -185.62853608124715
1840 25543.659727334976 5.092474728488029e7 -0.00019687900882559006 -7.2312409058939835 -18.876905579148726 -11.708711399523157 64.85806992773746 -20.832708672930664 -13.977580400751037 -136.2692759856099 -297.96718724596917
1843 25555.98408317566 5.0925006902315445e7 -1.6810095942787484e-5 -7.230974100619747 -18.87703627891111 -11.708762691276974 64.8580176870079 -20.831523782197394 -13.977425108079444 -136.2680109988255 -297.96253894152005
1844 25559.962878465652 5.092489690654984e7 -3.315552615390516e-5 -7.23101366756153 -18.87700955866381 -11.708751727913707 64.85801862704527 -20.83180228641976 -13.977425108079444 -136.2683452055951 -297.9641237292409
1845 25563.976582288742 5.092490255369329e7 -4.778664688842582e-5 -7.231049084800858 -18.876985640641394 -11.70874191430027 64.8580194684735 -20.83166587861041 -13.977425108079444 -136.2682211896357 -297.9641237292409
1846 25568.2371301651 5.092483575461412e7 -0.00015502773599962438 -7.231275943316497 -18.876873614707822 -11.7086998459012 64.85803311614946 -20.83189745123599 -13.97761498738555 -136.26853804519152 -297.96632083852427
1847 25572.380604982376 5.09250175781331e7 -5.184305410921297e-5 -7.230948219907493 -18.877017253671546 -11.70875528105308 64.85802003475249 -20.83139175853347 -13.977425108079444 -136.26788958729105 -297.96222388442527
1848 25576.471217870712 5.092472544865137e7 -0.00011007007144314684 -7.231102023519913 -18.876972831026073 -11.708737927891907 64.85803288322498 -20.83201645107232 -13.977616553045038 -136.2688087629519 -297.96815944505863
1849 25580.55022907257 5.092503870974334e7 -1.8326880180552507e-5 -7.2309151569483205 -18.87706885640379 -11.708775647495472 64.85802936036725 -20.831248068636683 -13.977425108079444 -136.26779138776573 -297.9619834184862
1850 25611.647045135498 5.138855677233436e7 -4.346918453666632 -15.001048170501555 -2.6186473539101307 22.589763470461925 70.30904343194435 -19.9098185366978 -11.023263221941988 -135.11088392074595 -292.6453805747226
1851 25642.672746658325 5.086620463750683e7 -29.968699790723875 -60.79997903961518 -7.66955421552894 9.224223899752609 96.92277721570326 -48.71644334581373 2.969504229469294 -157.34946847140912 -297.9946919724638
1852 25673.934173107147 5.207191586440164e7 -12.573427853637412 -29.70587740257844 1.1950539358322452 24.284169715176898 121.9483243711805 -21.037369846171714 16.167260720598847 -136.47950930711858 -298.27614035828526
1853 25706.311775684357 5.89431989131824e7 -14.024400029853624 -68.1118379241795 90.22464060281663 40.91811765578518 73.1688943234737 -5.869541992250106 24.326775274188208 -114.84932446946152 -185.93225739168747
1854 25736.952349185944 5.2447519829585016e7 -16.285736367541674 -36.34166230705419 7.046250022807822 28.214213429232533 127.88131051467876 -21.056935662152057 25.21653843716058 -136.46796840381404 -297.93948053705356
1855 25768.082166433334 5.3011958848527774e7 -14.223490484392414 -32.65540705505196 13.358641868329322 29.292310426108585 129.63421067838593 -13.866441379741786 34.57802198276386 -131.0454343323313 -297.63743249291565
1856 25799.190198898315 5.410449663812393e7 -56.767130755037854 -108.70309390514944 44.6394673405873 86.21885629950425 218.78959967406914 -42.188630298722614 81.23338985169585 -152.35146999967537 -297.51623496406023
1857 25830.158531188965 5.4104160432163425e7 -56.767488806802675 -108.70364485348549 44.639916053851806 86.21903540100114 218.7896189722635 -42.18929754858959 81.23338985169585 -152.35244956267042 -297.52153037661094
1858 25861.949686288834 5.092489932671455e7 -1.7024440950308417e-5 -7.2309973438273225 -18.87699477453844 -11.708746455435243 64.8580083605271 -20.831679977543104 -13.977425108079444 -136.2682499219623 -297.9641237292409
1859 25892.960102796555 5.0924952090681225e7 -3.785149023372014e-5 -7.23105912138611 -18.876940151190066 -11.708724440139527 64.8580048889307 -20.831529179532822 -13.977425108079444 -136.26804043520752 -297.96335949683294
1860 25924.952799797058 5.092512097461604e7 -0.00010033225250083433 -7.2312444533272355 -18.876776281018238 -11.708658394276057 64.85799447412819 -20.831156484094436 -13.976722343580718 -136.26720578686906 -297.9616755507935
1861 25956.75457882881 5.2077688547045186e7 -12.572969927783475 -29.704211530028136 1.1934319500799369 24.283517442141292 121.94926548487912 -21.005242967822312 16.21765493796954 -136.47535963781252 -298.1951672866519
1862 25990.835165023804 5.2075456646531485e7 -12.576916360779279 -29.71328127871651 1.198949241881305 24.285723659238474 121.94960287835524 -21.007796060580574 16.22375445798525 -136.47161499774825 -298.2558534051353
1863 25995.106774806976 5.0924894763440445e7 -1.895546024854866e-5 -7.231039974884435 -18.876950935664183 -11.708728890382755 64.85800039953385 -20.831889813714554 -13.977425108079444 -136.268338369258 -297.9641237292409
1864 25999.418606758118 5.092504136807421e7 -4.074789735852846e-5 -7.231123067746278 -18.876874392843376 -11.708698092568365 64.85799294743512 -20.832350247240697 -13.979748395285014 -136.26823701478958 -297.9607049042372
1865 26033.18846964836 5.092608836557336e7 -0.00010612433364087792 -7.2313723446936145 -18.87664476411458 -11.708605699181192 64.85797059110293 -20.830765051110916 -13.978161469560291 -136.26414566981697 -297.9461193588678
1866 26066.941115140915 5.092896425024021e7 -0.008910686744727059 -7.242671564134845 -18.869669657490004 -11.705739702578569 64.85980962073735 -20.82653864155003 -13.949062148126416 -136.26615568682433 -297.9476099382734
1867 26097.605025291443 5.092503749270028e7 -3.527833187888518e-5 -7.231131821686041 -18.876853878414344 -11.708690106275586 64.85798630125971 -20.832429072837783 -13.979748395285014 -136.26820815324845 -297.96091747851733
1868 26101.737017393112 5.0926113334293574e7 -6.523180211104318e-5 -7.231260837235816 -18.876728806869686 -11.708639916437434 64.85797180000368 -20.830764187981003 -13.978161469560291 -136.2640776975246 -297.94559542818104
1869 26105.7324552536 5.092847271292083e7 -0.00030224576070736475 -7.232120160793386 -18.875955875532387 -11.70832851951987 64.85790352178282 -20.831131037666808 -13.987415749249237 -136.2588650825748 -297.90405802473083
1870 26109.854010105133 6.13471546372033e7 -62.56656691247444 -154.88046227245388 149.93926866995596 137.15261983526614 175.46205318697798 -26.57112477331384 91.39824908820503 -129.98625018195116 -180.65812206209085
1871 26113.977030038834 6.1346615085959546e7 -62.5668204764378 -154.88069690520837 149.93959408037782 137.15271116544682 175.46211658510154 -26.56972039314229 91.39832486997841 -129.9859501069219 -180.67205232450561
1872 26118.052416086197 5.092896727239443e7 -3.3622133813082655e-5 -7.231351143005789 -18.87657804909193 -11.708580605646969 64.85792726388577 -20.8302782530194 -13.985456530170325 -136.258052596352 -297.89716185797727
1876 26134.405245780945 5.092843903524127e7 -0.00022518706600749283 -7.2320495219278484 -18.875982351210553 -11.708342673840228 64.85787352962028 -20.83113207147784 -13.987376455090839 -136.25899437151605 -297.90411180013314
1877 26138.497734069824 6.243393617539641e7 -74.50529009557177 -176.2204926587866 159.60624762976488 142.77750146609395 233.03468139105803 -27.695585492592784 127.57577863419965 -131.25431363880443 -185.32161280624808
1878 26142.75439095497 6.2435863968063e7 -74.50513377093311 -176.22026692408684 159.60627053471882 142.77754617507196 233.03478567383536 -27.700880183233437 127.56284510709622 -131.2480654167308 -185.2574067767403
1882 26159.168600797653 5.092846779547347e7 -0.00017004937981823787 -7.232013165693733 -18.875989990107616 -11.708349439801236 64.857847163001 -20.831417948088585 -13.987378145885486 -136.25912301498937 -297.903540997092
1883 26163.19180703163 5.0928396237475686e7 -0.00017963089972283797 -7.23203327628282 -18.876031374451305 -11.708362383757446 64.8578727729647 -20.831202877862097 -13.987376455090839 -136.2590968446546 -297.90465148225996
1884 26167.250850200653 5.09284668198306e7 -4.2961762332538456e-5 -7.231984538923371 -18.876178444400562 -11.708421513666284 64.85787050297114 -20.830828908917226 -13.987078506743444 -136.25883407086673 -297.9040668079531
1885 26198.59338927269 5.5381226759157926e7 -64.3571048170215 -122.27366022487178 56.2307381849063 119.61835875554624 280.81584280800126 -42.72336502550792 117.64925476003009 -152.73426105577795 -297.60693375454423
1886 26230.21026802063 5.5390104872164786e7 -64.36594512191598 -122.28029594319406 56.23886595152125 119.6214906292866 280.8189549402554 -42.71723176843898 117.66595759774202 -152.7124632386499 -297.44072067677456
1889 26323.07341814041 5.092870584359604e7 -6.028181337569549e-5 -7.23199585780716 -18.876144644044018 -11.708407928350177 64.85786969396504 -20.83014476358096 -13.986356588939486 -136.2576996416243 -297.8996561385902
1890 26353.61509537697 5.09284656902652e7 -4.88134889877756e-5 -7.231988362273224 -18.876167024394032 -11.708416923642297 64.85787022957409 -20.831066187501676 -13.987078506743444 -136.2589849874729 -297.90396761816896
1891 26384.301283597946 5.0928706779224195e7 -6.636863975018059e-5 -7.23199983229652 -18.876132764379438 -11.708403153574846 64.85786940938166 -20.830139199589496 -13.986356588939486 -136.25769712254845 -297.8996561385902
1892 26414.81476664543 6.012367283335382e7 -51.58740668211719 -135.25509337078844 113.03688595991264 95.25287366636603 167.26015628598014 -34.501705968889894 77.29119517593278 -136.45752848203244 -186.2684858495719
1893 26446.31969022751 6.012367283335382e7 -51.58740707795384 -135.25509367402756 113.03688648935724 95.25287384221213 167.2601565602909 -34.501705968889894 77.29119517593278 -136.45752848203244 -186.2684858495719
1896 26541.305804252625 5.092846431079463e7 -0.00011872883710850601 -7.231965593668253 -18.87601440714024 -11.70835946058823 64.85782997758702 -20.831420179277472 -13.987378145885486 -136.25913877455537 -297.903540997092
1898 26578.110647916794 6.181081410446735e7 -62.09984793475604 -154.0449972849926 139.4238536376301 132.32443488552997 226.1057974774773 -27.75195240550255 116.41036233324996 -131.3289617752754 -186.54610842416082
1899 26582.371705770493 6.1810944434313744e7 -62.099132247224105 -154.04444901722263 139.4232652654884 132.32419586795794 226.105686283299 -27.75183643034734 116.40966850993414 -131.3286551680892 -186.54326066936324
1902 26681.801383972168 5.092855951865196e7 -7.809766296418275e-5 -7.231961390294217 -18.876032375056575 -11.708366199365535 64.8578191391851 -20.831370121830332 -13.987117742694522 -136.25891478291192 -297.9031490399337
1903 26712.636395215988 5.092846473429541e7 -0.00013445930908062564 -7.231967222016074 -18.876007450455802 -11.708356851503165 64.85783417367016 -20.831400629422262 -13.987378145885486 -136.25911603820907 -297.903540997092
1904 26743.84205341339 5.092840468667908e7 -6.256566670970187e-5 -7.231904935174956 -18.876034430691412 -11.708366647414081 64.8578190948983 -20.831381777939384 -13.987378145885486 -136.25917980890637 -297.9044107574856
1905 26748.0191283226 6.248476178636116e7 -75.14111826992158 -177.35558912244454 170.01459731526882 173.14659152327724 232.5519030592965 -26.868029515456215 121.28579089721984 -130.160996094518 -181.04520087777883
1906 26752.32214641571 6.248476178636117e7 -75.14112227754133 -177.35559258457894 170.01460918966936 173.14659399801323 232.5519034892756 -26.868029515456215 121.28579089721984 -130.160996094518 -181.04520087777883
1907 26785.678677797318 5.3012027903975286e7 -14.223473734103166 -32.65589058059253 13.358745839837106 29.292351944313058 129.63418930935146 -13.866562169806855 34.576060447982854 -131.045782512318 -297.6371678318177
1910 26854.768783330917 5.092840468667909e7 -4.9105682492722735e-5 -7.2318814456584875 -18.87604931483739 -11.70837241579564 64.85781794359005 -20.831381777939384 -13.987378145885486 -136.25917980890637 -297.9044107574856
1911 26858.896839380264 5.092840468667908e7 -4.987268046363624e-5 -7.231882784782211 -18.87604846629173 -11.708372086935515 64.85781800909722 -20.831381777939384 -13.987378145885486 -136.25917980890637 -297.9044107574856
1912 26862.850973129272 5.092842755543641e7 -1.1793703691864721e-5 -7.231816333568641 -18.87609057308666 -11.708388405500706 64.85781475169337 -20.83139618286816 -13.987378145885486 -136.25915451086706 -297.90411180013314
1913 26866.816296339035 6.24130863638585e7 -74.50556534466968 -176.21898936695166 159.59776964981992 142.77683855725522 233.03396075289072 -27.742066886262762 127.48348403871 -131.29709140418322 -185.58797264829838
1914 26870.86660861969 6.241313268561747e7 -74.50552764712444 -176.21893235199101 159.5975357868751 142.7768026558654 233.03395591605485 -27.741877081356392 127.48304298963217 -131.29688367547288 -185.58705414269082
1915 26874.93756365776 5.301186388815697e7 -14.223434903461467 -32.65592875673518 13.358970053200736 29.292440903735304 129.6341192185838 -13.86685458388888 34.57487782298267 -131.04626634457674 -297.6384067631791
1918 26887.012607574463 5.0928402549835205e7 -0.0001441921168918725 -7.232118472125407 -18.875907548177768 -11.708315208407193 64.85782661349441 -20.83143540612224 -13.987378145885486 -136.25921127594535 -297.9044107574856
1919 26891.16451740265 5.092842755543641e7 -1.1018172003218751e-5 -7.231815423359567 -18.876090811892514 -11.708388505274229 64.85781446438163 -20.83139618286816 -13.987378145885486 -136.25915451086706 -297.90411180013314
1920 26895.16472840309 5.092842755543641e7 -8.69157705096768e-6 -7.231812692732266 -18.876091528309953 -11.708388804595092 64.85781360244654 -20.83139618286816 -13.987378145885486 -136.25915451086706 -297.90411180013314
1921 26899.254115343094 5.092858577030066e7 -1.7117907020747225e-6 -7.231804500849009 -18.876093677562697 -11.708389702557554 64.85781101664068 -20.831390369837663 -13.987117742694522 -136.25881324534913 -297.90285008258127
1922 26903.358698368073 5.460717528042799e7 -31.14814149793898 -62.90804279739735 49.695021984988585 99.58593828254565 192.17571044695566 -13.499297607097503 66.98543952875366 -130.21917915754318 -292.32283952884086
1923 26907.531987428665 5.460717528042799e7 -31.148140829523157 -62.90804214167145 49.69502169863077 99.58593819193999 192.1757102014705 -13.49929760709756 66.98543952875366 -130.21917915754324 -292.32283952884086
1924 26911.48161816597 5.3006418212004274e7 -14.223400048342015 -32.655928126898075 13.3590719507125 29.29248148122896 129.6340813829129 -13.876598687962144 34.54958596069184 -131.05227739076258 -297.6978884107747
1927 26923.541185855865 5.092858229200119e7 -0.00014905607964976753 -7.232010192295636 -18.875879741112715 -11.708304214266164 64.85780101412608 -20.831342828478682 -13.987117742694522 -136.25887476595045 -297.9030345450018
1928 26927.626358032227 5.0925809842819095e7 -0.0005910835333651221 -7.232627260782984 -18.875237932369707 -11.708047750311653 64.85777100637083 -20.827764052662417 -13.986297578451229 -136.25845608697279 -297.93153087899816
1929 26931.72742009163 5.092463505310443e7 -0.0019171171759353456 -7.234478413570773 -18.873312511603032 -11.707278366724282 64.85768098117394 -20.833107267375397 -13.996363245256703 -136.26176381693853 -297.9510254478174
1930 26935.826933145523 5.095138239675511e7 -0.005894779664274097 -7.240031397887844 -18.86753629846101 17.003371172524986 69.43843488499377 -20.69409134595196 -13.665885457267905 -136.16121327182196 -297.8426715103384
1931 26939.869199037552 5.277804121118353e7 -5.526933879362673 -17.108894912626884 -0.9765583225320782 51.476142943487496 133.21727948923365 -14.040995257340114 32.12116960820515 -131.1243776170212 -297.8365771863181
1932 26943.93759083748 5.2777759939851016e7 -5.527326859209779 -17.109175974203456 -0.9763094497485056 51.47625621875181 133.21729694872457 -14.043172977656752 32.11895043221148 -131.1257454841246 -297.8412800839776
1933 26974.69633579254 5.093518625891907e7 -0.0022588977919042463 -7.233854233570572 -18.873643020874727 -11.707383662617453 64.85802509799585 -20.824397277633352 -13.979414930119617 -136.2407267980508 -297.7982214276392
1936 27014.746012687683 5.092463890704313e7 -0.001362630008102883 -7.233064709000562 -18.874161075120693 -11.707617528965354 64.85763745409741 -20.83329213165024 -13.996363245256703 -136.2618641657014 -297.9511485074462
1937 27047.61172246933 5.092479938289159e7 -0.0014544577727377828 -7.23430926280864 -18.873823523572298 -11.707485333044318 64.8576631397207 -20.832147759700376 -13.994473181362252 -136.26197731464038 -297.9500912756963
1938 27078.44693851471 5.092469917325294e7 -0.002072711262499638 -7.234669294114074 -18.87318269241351 -11.707226274973983 64.8576989236031 -20.83305494408785 -13.996363245256703 -136.26164520795862 -297.9500593783031
1939 27082.434902668 5.092463620834739e7 -0.0019300363953789201 -7.234494262897762 -18.873301732786558 -11.707274041598279 64.85768247084482 -20.833091614207717 -13.996363245256703 -136.26173382028082 -297.9510254478174
1940 27086.479308605194 5.092522930685165e7 -0.0026353186444083576 -7.235244216666363 -18.872884796626167 -11.70710391401871 64.85788591582917 -20.831343489713674 -13.99131971125837 -136.26093018371006 -297.93764955596333
1941 27090.56298351288 5.0924664403118774e7 -0.0017653018081347227 -7.234292168318131 -18.873439177760137 -11.70732919329145 64.85766347451431 -20.832677264832682 -13.995569329837053 -136.26139772563312 -297.949928713526
1942 27094.60736131668 5.092471787170889e7 -0.0017118954095849404 -7.234305372841565 -18.87334286359477 -11.707305976859278 64.85756783508732 -20.83399599797457 -13.996385688518899 -136.26223109502604 -297.9493538372439
1943 27098.658170461655 5.139447805250365e7 -4.349075186661835 -15.004810428004625 -2.613825948091481 22.591452615677497 70.30876372856042 -19.952078897843762 -11.124003465816827 -135.1040725360965 -292.39390068196934
1944 27102.72219133377 5.087336841420743e7 -29.97091894195661 -60.80398405083763 -7.665730400094681 9.225725311452116 96.92238180026732 -48.68773938915132 3.0321482479281485 -157.3125520178874 -297.90770445056137
1945 27106.73102426529 5.2072348998446286e7 -12.575640948860467 -29.710017006486076 1.1986452331480422 24.285679236859142 121.9479193600516 -21.030484380879727 16.17968201270719 -136.4692791421714 -298.27144003799526
1946 27110.753699302673 5.895642732759071e7 -14.02572126342315 -68.11329847820198 90.23495375043511 40.91991945203854 73.16859992433305 -5.847587162473872 24.39590040037058 -114.79547887373462 -185.78870140003477
1947 27114.709576129913 5.244215287192497e7 -16.28804523358859 -36.345761663180404 7.050216681890287 28.215817068139746 127.88097935245312 -21.093875232597725 25.144887631070105 -136.50599090078356 -297.99855762743795
1948 27118.665208101273 5.300547530477908e7 -14.225539398409609 -32.65915619140949 13.362431469874288 29.293839665600693 129.6338681610787 -13.873564152153108 34.56148222243348 -131.05781208466516 -297.7379457728524
1949 27122.815800189972 5.092466883888882e7 -0.001786669925508022 -7.234313679453088 -18.873438143749336 -11.707325598172872 64.85768044432525 -20.83260702359547 -13.995569329837053 -136.26133846198474 -297.949928713526
1950 27126.8983399868 5.093011307634055e7 -0.00139532541454912 -7.2338194741275 -18.873815040593634 -11.707467292892495 64.85767883349375 -20.828855634631566 -13.99185457529893 -136.24635886561117 -297.8634948686213
1952 27134.993443012238 6.247455247692212e7 -44.53622688822732 -122.65124065333264 148.39770497220263 121.84431063624949 200.96849877591436 0.24543308692557275 110.76631039876418 -110.19548650139416 -185.76544623316482
1953 27138.955599069595 6.247455247692212e7 -44.53622700050467 -122.65124073265798 148.39770508484156 121.84431068168111 200.96849878345103 0.24543308692557275 110.76631039876418 -110.19548650139416 -185.76544623316482
1954 27143.14136481285 5.093030676854011e7 -0.004294436979719762 -7.236783725556172 -18.87055775235563 17.00220159869252 69.43887075994928 -20.826562825105157 -13.983043630574173 -136.24739237012795 -297.8694116778028
1957 27155.313162326813 5.0929979283920914e7 -0.0010802147002380025 -7.233485358555946 -18.873963507074933 -11.707540156522033 64.85757569122683 -20.830553017000113 -13.992526624485038 -136.24805940082865 -297.8670130319225
1958 27159.256908416748 5.093093521531162e7 -0.00013485790023537447 -7.232482986629655 -18.874408910379543 -11.707758749606054 64.85726626102718 -20.827736797638522 -13.994183364567789 -136.2455807041544 -297.8467872881172
1959 27163.296706438065 5.284827166247902e7 -50.608463631767464 -97.69220515086761 34.51936011218673 83.4486652617293 165.39765106446035 -48.19782727598323 44.64639792339551 -156.40763573930354 -292.19825675962056
1960 27194.042330503464 5.284845913446134e7 -50.60915832850549 -97.69273076887237 34.52021988964634 83.448964794888 165.39776190232638 -48.197091259219405 44.64773076502138 -156.4069327341179 -292.1951676188161
1961 27198.354550600052 5.093008018509414e7 -0.003889514931586291 -7.236321534260355 -18.870828238368812 17.002087274785975 69.43879057135756 -20.827498947360084 -13.984119561765226 -136.248697039641 -297.87183117439224
1964 27270.40626525879 5.093091234496954e7 -0.0011105788032921282 -7.233562947464904 -18.87339525087921 -11.707353155438312 64.85735567481905 -20.826426571718628 -13.990562999484894 -136.2450626733687 -297.84598546302436
1965 27301.05541920662 5.09301300496765e7 -0.0004951666169290547 -7.232551778358321 -18.87434785701618 -11.707728613628387 64.8574246351322 -20.82829726572095 -13.994437851393343 -136.24819513753613 -297.85264375224483
1966 27305.038659095764 5.093123318364722e7 -0.00027104053540938366 -7.2327988602974855 -18.874260402281042 -11.70770073205233 64.85728888109163 -20.82369590066878 -13.98878662870328 -136.2436558328912 -297.8423419097198
1967 27309.12909603119 5.0934116896012284e7 -0.00028387985960875994 -7.233476037736924 -18.87388288487707 -11.707547735212877 64.85727503072745 -20.820396341216167 -13.980667604737448 -136.2392085189128 -297.74454445288893
1968 27313.13455581665 5.093093543961002e7 -7.82509393957298e-5 -7.232351691669969 -18.874470639754218 -11.707782865475071 64.85725685860515 -20.827668616492303 -13.994183364567789 -136.24551637520477 -297.8467872881172
1969 27317.12444782257 5.09314373579701e7 -0.0002532945285054211 -7.232722099909161 -18.874293299634928 -11.70771236222047 64.85729303124069 -20.82310401045794 -13.986907591387705 -136.24322190764775 -297.8391799292996
1970 27321.24104499817 5.0931181956394345e7 -0.00021294337462052226 -7.232432421440418 -18.874398747464223 -11.707752255598162 64.85731201372849 -20.82722434271153 -13.99266604305086 -136.24477076083792 -297.84457187737235
1971 27325.28616786003 5.139242936444628e7 -4.347033526819857 -15.002613597474529 -2.615284328920204 22.590871932153476 70.30831822082428 -19.955801417417433 -11.137051941749064 -135.1067847228881 -292.4133830600837
1972 27329.415424108505 5.087135702564075e7 -29.969009946839563 -60.801774760787026 -7.667178822853586 9.225078627651293 96.92183871934218 -48.69593352268106 3.0217433736874 -157.32679574066884 -297.95205939369794
1973 27333.442540168762 5.2069108277085684e7 -12.573933801611844 -29.708251279366905 1.1979509134220443 24.285311659830636 121.94758228208453 -21.034125924825275 16.173135854538486 -136.4820272639168 -298.3200749363349
1974 27337.538057088852 5.894990114934796e7 -14.024134311079635 -68.11132023295156 90.23052418027817 40.919120536451125 73.16816818396096 -5.84827583102566 24.382631143369736 -114.80906823835505 -185.88656254748417
1975 27341.582201957703 5.2439687257598676e7 -16.286566146885903 -36.34462606010926 7.0484574599481995 28.215212698006795 127.88034894807372 -21.092248380212197 25.14941174089131 -136.51196355838596 -298.0295933951462
1976 27345.75277018547 5.300489072384163e7 -14.223738392378507 -32.65720441450712 13.361300335347153 29.293351270180075 129.63344659330767 -13.886640968314737 34.54676152527327 -131.0599470001037 -297.76689221255026
1977 27349.782032966614 5.271772337578223e7 -35.50098928265088 -70.69192067605675 10.239004220314293 43.70380895044789 160.70352230825588 -41.99452127115114 48.88363273360312 -152.22151953133488 -297.5140340559342
1978 27353.84977197647 5.2718758234762676e7 -35.500918873146716 -70.69185374279348 10.238940864433598 43.70378057384028 160.7035321843364 -41.99137652718582 48.891351504537965 -152.2186469006536 -297.50787588508325
1979 27358.079929828644 5.093511705563051e7 -0.0026816271480925025 -7.235137821356098 -18.87129988966499 17.001855855725257 69.43844279422316 -20.825698468435633 -13.983846227906668 -136.24439932260373 -297.75410695977075
1982 27370.23854446411 5.0929886453166135e7 -0.00016378077002343616 -7.232620700933811 -18.874300778877263 -11.70771280879529 64.85725320424365 -20.82886906431486 -13.996238788549022 -136.2474705363311 -297.8693073028227
1983 27401.171046495438 5.093304249892162e7 -0.00025054482775033193 -7.2330338373134 -18.873976383929676 -11.707574986649803 64.8572140335419 -20.82563776183315 -13.985665204789484 -136.24191034980225 -297.7612701950568
1984 27432.216520786285 6.357492120171155e7 -87.08022873218994 -198.69248737490423 179.65793562759683 207.477238017997 294.7056977263288 -27.942314810598475 157.66319810054847 -131.5050461930819 -185.7833881066748
1985 27463.07489514351 6.357559757366467e7 -87.08041932731958 -198.69327923026577 179.6625210199598 207.47778400981065 294.70567258863883 -27.940678576177618 157.66678636703352 -131.50384116778923 -185.7741222698196
1986 27494.540449619293 5.1391925800744794e7 -4.3442370338308365 -14.998755645726064 -2.61674940968571 22.590167892119354 70.30738412988832 -19.946830474565843 -11.119728715860958 -135.1115110478587 -292.44647665864164
1989 27587.659290790558 5.093016095669389e7 -0.0007453763967504301 -7.233100020371822 -18.87357669883122 17.000947031177372 69.43827337555568 -20.830642861199635 -13.993088361180014 -136.24724801273413 -297.8635018344835
1990 27618.65204691887 5.0933258276842356e7 -0.00031022498028221435 -7.233195950261614 -18.873863689303572 -11.70752889894429 64.85721648071022 -20.82562423888203 -13.984984891761087 -136.2413253862063 -297.76043922832935
1991 27649.523275613785 5.0933262085532576e7 -0.00032169878534205054 -7.233227088220374 -18.873842038437026 -11.70752004400212 64.8572169567738 -20.825589501875186 -13.984984891761087 -136.24125752209608 -297.7604392283294
1992 27681.325825691223 5.0933735080528595e7 -0.0015718349433768708 -7.234733185644551 -18.872997101168984 -11.707173420790618 64.85759361644581 -20.8260377969425 -13.984362332327919 -136.2417228779209 -297.7419226396635
1993 27713.1067237854 5.0933815198153116e7 -0.0005795381115092368 -7.233927517879412 -18.873355076732057 -11.707320893225205 64.85722752830218 -20.82403528965807 -13.983399863120894 -136.2395766162948 -297.7528982567777
1994 27744.972446918488 5.0933599396837674e7 -0.00030100326118542853 -7.232417517155465 -18.87432989631931 -11.707715045950923 64.85734380385536 -20.830041561545045 -13.989798367882543 -136.24564663714494 -297.827879337884
1995 27777.27164697647 5.0932739450072676e7 -0.002126270992789614 -7.236503461063123 -18.871898349617837 -11.706742092920415 64.85744168307335 -20.826333245964918 -13.988998567039914 -136.2410450442087 -297.8231367735913
1996 27781.603837251663 5.139444169895771e7 -4.3468969413761585 -15.002523432119094 -2.615196896910575 22.590902784331732 70.30824507877237 -19.951365490597595 -11.12479808292062 -135.10096452051255 -292.38877426914416
1997 27785.96863603592 5.087426103810535e7 -29.96922958279505 -60.802528432903216 -7.66672356246141 9.225264541666835 96.92179164783192 -48.69260630176876 3.025703800503095 -157.3130254432577 -297.88651522867485
1998 27820.09754538536 5.207184795752495e7 -12.574232689129246 -29.709261137929083 1.1984778341800641 24.285583085261113 121.94746656090818 -21.028057837868005 16.18642768771724 -136.46808563833042 -298.2862914447629
1999 27854.169630289078 5.895144068227321e7 -14.024121171037578 -68.11177356516825 90.23456481605882 40.9196351683491 73.16815048817894 -5.845919934172912 24.38710137743783 -114.80539175341056 -185.86171641234216
2000 27886.267414569855 5.244004014027011e7 -16.285289858236595 -36.34250135820248 7.048022618183783 28.21501636215683 127.88020346133473 -21.088766114063446 25.14847779589104 -136.50774502550735 -298.02918191362477
2001 27890.298291683197 5.3005480969986655e7 -14.224788370050106 -32.659435457405294 13.362501800449731 29.293825639938586 129.6335172313635 -13.886321462800083 34.54620441857719 -131.05903699268345 -297.75774939437895
2002 27894.412068605423 5.09349077961839e7 -0.0005107960378296639 -7.2342731876542175 -18.873003195123253 -11.707161522794951 64.85709651825742 -20.823671353813893 -13.983470768212271 -136.23650058448078 -297.73027075359715
2003 27898.314693689346 5.136345343537619e7 -4.344068857533074 -15.000065492471737 -2.6147531054349393 51.29924205068928 74.88794988117186 -20.107726008547104 -11.422230690547565 -135.25201732723008 -292.7111026696865
2007 27914.770221233368 5.0934490289145365e7 -9.455984267958684e-5 -7.233841513151784 -18.873262578197 -11.707267444607758 64.85698588065276 -20.82389714573503 -13.985881473191625 -136.2369414370836 -297.7346704296005
2008 27918.96038722992 6.36346864094244e7 -57.110726303381895 -145.1272427068454 168.47475820041728 157.8382441006343 258.059937551812 -0.03975018147787068 140.77387303280875 -110.44869069565607 -185.84704316171417
2009 27923.09903025627 6.361110155910438e7 -57.11072384186566 -145.12670695821038 168.47303839975606 186.5464443744603 262.6382774253597 -0.06131350067983021 140.76114876953534 -110.49300758660962 -186.20069930808978
2010 27927.086899280548 5.136329101922221e7 -4.3449636320438 -15.001820331791745 -2.614148117410707 51.29953480255518 74.88819195748859 -20.107095826443867 -11.419944566615698 -135.2528585691236 -292.71531022133
2013 27939.26455593109 5.0674037144971855e7 -21.275856723748475 -45.263072602613086 -21.9990629884109 2.701961489444784 95.9255358745431 -48.65993304668052 0.9750725246928482 -157.2496635562061 -297.7815598559349
2014 27943.299721717834 5.0934838099600375e7 -8.561375686610972e-5 -7.233864627910279 -18.873240309412495 -11.707259048794302 64.85697771355373 -20.82397099571574 -13.985182002085196 -136.23639108919355 -297.7315625728803
2015 27947.28854060173 5.0935215215943165e7 -0.0011405125042358577 -7.235002126193116 -18.872632275848666 -11.707010674125772 64.85731917617477 -20.82355545965646 -13.980598201776218 -136.23618054501696 -297.72976020745637
2016 27951.258667707443 5.0933279827760674e7 -0.0007029355315637531 -7.234210255099459 -18.8726640467412 17.001335197953267 69.43805480319327 -20.824563975429612 -13.980813651044969 -136.24303852065748 -297.75575183039683
2017 27955.45864200592 5.093449326359265e7 -0.00013343854197955807 -7.233740680013302 -18.87335966274863 -11.707304050664245 64.8570214390875 -20.823976895067005 -13.985914736346615 -136.23692939722895 -297.7349933775005
2018 27959.542647838593 5.0934131727089986e7 -0.0007447445965738098 -7.234854498926666 -18.87275154280829 -11.707079335648348 64.85704556740654 -20.825380219161786 -13.984816073523632 -136.2366965273913 -297.8015843320187
2019 27963.58712363243 5.093336979566822e7 -0.00040996710239937784 -7.233841479104527 -18.873211896381296 -11.707240227575163 64.85714330235342 -20.825928745370618 -13.98994652244619 -136.2409806470244 -297.75914277267776
2020 27994.44265627861 5.0955074992590025e7 -0.0017241005806880594 -7.237191490197844 -18.871298700108746 -11.706477574141733 64.85719216702883 -20.683794282170766 -13.65180777569907 -136.14040802995015 -297.76517159778007
2021 28025.486429452896 5.139385964296851e7 -4.3470576566766255 -15.003259406922929 -2.6145754555288114 22.59116563541331 70.30818672255769 -19.949040242225408 -11.123579734516795 -135.10146284614683 -292.4016531856345
2022 28056.2750954628 5.20726387346382e7 -12.574059324963685 -29.709764424916184 1.1983809161932228 24.285642134375003 121.94716008531739 -21.032103390891564 16.18494510619223 -136.46909222398813 -298.2734128217362
2023 28087.836933851242 5.2441092637402505e7 -16.286025403525386 -36.3451132250005 7.04979606144515 28.215700902576348 127.88011359818482 -21.086676507459117 25.15488394347574 -136.50636805996015 -298.01471750079133
2024 28118.80375289917 5.301267456788772e7 -14.223656976879042 -32.65832228332654 13.362355454590745 29.29379641165192 129.63319751048698 -13.879106906472998 34.544433591974666 -131.02861425903643 -297.6244957070794
2025 28149.782508134842 5.8668846092568286e7 -35.29919180123737 -106.14202582112323 87.11592498360594 55.32987113239375 104.23601369601643 -34.0364968502613 38.5938974895206 -136.05313819038838 -185.47851481521303
2026 28180.595556497574 5.1391407318788156e7 -4.3460406291091545 -15.003794061300287 -2.6145340634924423 22.591215264243054 70.3077858277343 -19.949295867927958 -11.124766148439335 -135.10626262974694 -292.4476463100501
2027 28211.320254325867 5.277389126701674e7 -5.53211404268518 -17.113902387788535 -0.9728542702027596 51.477789337649014 133.21936909256968 -14.039839135913951 32.13853188404278 -131.14541596351768 -297.9263841913395
2028 28241.706139087677 5.277384917205242e7 -5.532577353138734 -17.11434867849085 -0.9726137329542723 51.47790245006203 133.21950092513424 -14.039866829612833 32.13990631751267 -131.1455285489062 -297.92827650015386
2029 28273.194313049316 5.093094054124081e7 -0.00029185160941835875 -7.233086686735923 -18.874446907626602 -11.707742588451875 64.85741189758657 -20.826260344017385 -13.985785383774726 -136.24490606932807 -297.85325049030183
2032 28367.995680093765 5.093463965976955e7 -5.3339237865657196e-5 -7.233750047115397 -18.87330737353413 -11.707285247579591 64.8569746093297 -20.823192103621352 -13.985554630289812 -136.23618622195477 -297.73256715806554
2033 28399.41121983528 5.093440237009354e7 -7.489281121308977e-5 -7.233512847337501 -18.87338038174552 -11.70731141397599 64.85700731912732 -20.824879876971522 -13.986456888270197 -136.2382019462613 -297.73987788293226
2034 28403.567972660065 5.095617757240415e7 -0.0007366258508767487 -7.235326171871602 -18.872329303053245 -11.706893964539091 64.85701933590207 -20.681760828419044 -13.649962067695412 -136.1363197110286 -297.7498096989543
2035 28407.840851783752 5.093488931410803e7 -0.00022117302732738153 -7.234122450031695 -18.873124986530613 -11.707212761640427 64.85702050126739 -20.823846801154104 -13.985130512851583 -136.23621427132377 -297.73075589048017
2036 28440.756269216537 5.093480061672559e7 -0.0006075740999449408 -7.234393768414542 -18.872730208677726 -11.707053368014481 64.85704807873525 -20.823937659049705 -13.985130512851583 -136.2364039781525 -297.73206419746305
2037 28474.137670993805 5.0934839862912126e7 -0.00041369928862877714 -7.234191030203959 -18.873132903724557 -11.707219951019553 64.85705059747326 -20.823925146282818 -13.985218772703945 -136.23637868350397 -297.73165888200106
2038 28506.583337545395 5.0934838716304846e7 -0.0005065174996445876 -7.234320572749276 -18.87304008893798 -11.707163746573471 64.85712588152057 -20.823870389125943 -13.985159558823057 -136.23627825951763 -297.7316976775894
2039 28510.72469353676 5.139392704367743e7 -4.346954260442885 -15.003884856499312 -2.614056403337898 22.59136430234637 70.3080441697053 -19.94885525400491 -11.12086885919598 -135.10010673602022 -292.4022553251589
2040 28514.72317647934 5.0868599375003174e7 -29.96913415653374 -60.803445176592994 -7.666095409656901 9.225518064124579 96.92146156525743 -48.71777281629193 2.955031024135849 -157.33572884003928 -297.921082533447
2041 28518.80543446541 5.207295942277986e7 -12.574206814037666 -29.710147780913836 1.1986483415244074 24.285737349588935 121.94721327720187 -21.031008083686118 16.186082521875505 -136.46867739353286 -298.26764590481366
2042 28522.728540420532 5.894830286213166e7 -14.023862855969824 -68.11193390909347 90.23879872217786 40.92019701189377 73.16796632385925 -5.850433685238215 24.377384589959206 -114.81376102609767 -185.91059233441513
2043 28526.72056245804 5.2438574352812946e7 -16.286278515191086 -36.345489720430265 7.049946559297236 28.215760726588577 127.88021211253626 -21.094695767062262 25.1391572588725 -136.51490598735057 -298.04879313502664
2044 28530.79091644287 5.301279903666417e7 -14.22340837685445 -32.6579205744695 13.362191395181533 29.293730708250497 129.63310797282898 -13.878492301897722 34.54442739617946 -131.02815409439762 -297.62278850755513
2045 28534.934753656387 6.345456915565994e7 -48.4116915690816 -129.5802335637033 154.1223610643922 151.31178673176623 257.06263860766 0.1844439693219897 139.14743120140508 -110.22736000689576 -185.63335497583023
2046 28538.99832057953 6.3454534379554495e7 -48.41176184064875 -129.5802845110581 154.12240382261479 151.31180668936835 257.0626443551484 0.1842649242972243 139.14743120140508 -110.22756936108976 -185.63397021186285
2047 28543.067318439484 5.093343798331573e7 -0.0005169202848094301 -7.2343514772362845 -18.873194512763146 -11.707251330450067 64.8571651853363 -20.827229256014903 -13.989480217255277 -136.24177548060027 -297.75552623143113
2050 28555.327380418777 5.093493999827185e7 -2.163428391099842e-5 -7.23372569388232 -18.873326321999535 -11.707292356188113 64.85697291933656 -20.823386347472024 -13.984855159183212 -136.23578155440498 -297.73050193929436
2051 28559.365171194077 5.0934937579323865e7 -0.00017796232948796842 -7.233901427676649 -18.873255266943172 -11.707266008653125 64.85700331720776 -20.823391176318182 -13.984888422338202 -136.23580535902437 -297.73050193929436
2052 28563.411207199097 5.093448926991379e7 -8.787679148269945e-5 -7.233838518387547 -18.87326468876587 -11.707268867315722 64.85698136945526 -20.824019433148408 -13.985881473191625 -136.23694594076142 -297.73467042960044
2053 28567.70006942749 5.093449238218984e7 -6.782759302836894e-5 -7.233829534047462 -18.87327102047414 -11.707273135442506 64.85696783586066 -20.82384934810966 -13.985881473191625 -136.23681328885755 -297.73467042960044
2054 28571.826050281525 5.871647637774335e7 -5.333725874487371 -52.57324205299598 75.89263057048338 63.10400232571985 76.75343832099699 -5.999456342930273 21.992675523444973 -114.94676553230647 -186.05466096637605
2055 28575.888985157013 5.09335511727935e7 -0.00028912148556514694 -7.233928607718639 -18.873433250799938 -11.707345215897323 64.85713727735074 -20.827503220689323 -13.989998491075937 -136.24208128302433 -297.7549860712789
2058 28615.462613105774 5.093449434653849e7 -5.6771615646766804e-5 -7.233821467491687 -18.87327725539743 -11.707276287696672 64.85696428043697 -20.823730630121474 -13.985881473191625 -136.23673007597972 -297.73467042960044
2059 28646.299120903015 5.093452098246237e7 -0.00021239786728699528 -7.233921140649432 -18.873120280754527 -11.707212662489422 64.85697497492554 -20.82373420182114 -13.985881473191625 -136.23666960143652 -297.7341407750506
2060 28676.891614675522 5.093449302708043e7 -6.130885061850222e-5 -7.233824779253741 -18.87327469602321 -11.707274993837395 64.85696573936097 -20.82380369258567 -13.985881473191625 -136.23677017057042 -297.73467042960044
2061 28708.102630615234 5.0934491541638546e7 -7.562302721453307e-5 -7.2338352215205575 -18.87326662447922 -11.707270912913028 64.85697034280017 -20.823885375082796 -13.985881473191625 -136.23686211505202 -297.73467042960044
2062 28712.29159760475 5.09347694566607e7 -9.75701181431532e-5 -7.233817307472805 -18.873264372984064 -11.707271638917021 64.85698717240666 -20.824862453335697 -13.987218482592255 -136.23736979728722 -297.73345994072884
2063 28716.353351593018 5.0936056153238855e7 -0.00032758569179236474 -7.234428396143478 -18.872906828307308 -11.707127581024555 64.85698976179482 -20.822034077920932 -13.984698580808015 -136.23303452401927 -297.70915230329257
2064 28747.33284020424 5.0934488209711075e7 -0.0001899796272510912 -7.233953481182812 -18.873226272811433 -11.707256790527573 64.85699238780505 -20.823892907353695 -13.985914736346615 -136.2368653942401 -297.73467042960044
2065 28778.685169935226 5.139385161794618e7 -4.346777288685388 -15.003652733822118 -2.6141805443429327 22.591305948176018 70.30798185519814 -19.948684265210318 -11.12108909753971 -135.10014571155563 -292.40311977314775
2066 28811.348654031754 5.129852391941354e7 -34.31622977562637 -68.57382715439255 8.593259325675685 43.524211812210616 102.37259168955126 -47.98155817507069 5.490010210732066 -156.3215338182398 -292.7759041440973
2067 28815.505770921707 5.2072653996737316e7 -12.574011393149107 -29.709761904350447 1.1983965078172538 24.285643511289116 121.94713286894984 -21.03184438494418 16.18494510619223 -136.4689779816635 -298.2732162679763
2068 28819.60266685486 5.894823579814842e7 -14.02381264884913 -68.11186757099362 90.23864762118224 40.920171013510426 73.1679396348621 -5.850525237343447 24.377384589959206 -114.8139447937798 -185.9118894631551
2069 28823.711055755615 5.2438673397500925e7 -16.28602523948463 -36.34497151034947 7.049734606928958 28.215668418072315 127.880146089534 -21.095531194817113 25.139378194633423 -136.51521586120913 -298.04708221701145
2070 28827.748767614365 5.267665678786471e7 -35.499295053433016 -70.6886181626815 10.237228259031994 43.70327727524345 160.70140365123424 -42.07852804393872 48.70971488701571 -152.3169785618507 -298.1482796505204
2071 28831.997329711914 5.093449069258827e7 -7.679593551301878e-6 -7.233802580600045 -18.873290015614195 -11.707285939850177 64.85692723503284 -20.82396601826622 -13.98582998395807 -136.2369269282001 -297.73467042960044
2072 28836.00944185257 5.067596238595157e7 -21.275966529926464 -45.26679348573851 -21.99739518843888 2.70242533066407 95.92570415754686 -48.64500673573281 0.9937350104740972 -157.24660408078802 -297.767747373362
2073 28840.085845947266 5.093394257221814e7 -0.00020609446814034982 -7.233682904060469 -18.87357054411786 -11.70740462807212 64.85710921222538 -20.82638782659967 -13.987843367837627 -136.23958338036869 -297.7438485474597
2076 28852.314823627472 5.093448791413211e7 -3.960547350345678e-5 -7.2338298275994255 -18.87328047088015 -11.707282074306516 64.85693782860021 -20.824054193119878 -13.985863247113002 -136.23699231677153 -297.73467042960044
2077 28856.3378636837 5.0934201946891405e7 -5.2107399142187205e-5 -7.233771754114027 -18.873262544090764 -11.707272925140881 64.85695649981702 -20.82534799894148 -13.987278313275965 -136.23848697154864 -297.74103160303207
2078 28860.371607542038 5.093451213433687e7 -0.0002539748163741251 -7.233979042061115 -18.873103436384064 -11.707210528993595 64.85696676985367 -20.823959818418984 -13.985888320041624 -136.23689268617153 -297.7341407750506
2079 28864.44329047203 5.093452243587122e7 -0.00012270345506237845 -7.233900744955392 -18.873255629092327 -11.707272013470902 64.85696540247356 -20.824011686838446 -13.984281943933865 -136.23736338561525 -297.73396216781873
2080 28868.51405620575 5.093604795000393e7 -0.0003706687582791801 -7.234505954475139 -18.872882044313766 -11.707122669324878 64.85698057958082 -20.822214038994616 -13.9847054276579 -136.23321449046716 -297.70915230329257
2081 28872.63373041153 5.139392555365279e7 -4.346936689275893 -15.003803171838722 -2.6141103134484496 22.591332500273584 70.30801359948525 -19.948779320499966 -11.120914479921964 -135.10007883282805 -292.4025422560533
2082 28876.62308740616 5.086842003437946e7 -29.969069063919903 -60.80360724609158 -7.666024501769773 9.225536692199714 96.9213937932972 -48.71633584355061 2.9578604146935845 -157.33489282654722 -297.92629033032773
2083 28880.56037545204 5.095618921414837e7 -8.436655021171191e-5 -7.233944470132133 -18.873238553250374 -11.707272485103015 64.8568918604881 -20.682164889118155 -13.648612214390482 -136.13684639082237 -297.7509194424857
2084 28884.78963828087 5.0956415086066335e7 -7.482031404038025e-5 -7.233891753685253 -18.873238088870085 -11.70725760331359 64.85695272294078 -20.681337706730346 -13.647842870400211 -136.13514195438557 -297.7460749270482
2085 28888.878764152527 5.207226487391216e7 -12.573924038997319 -29.709707893561163 1.1983766145873957 24.285629680969773 121.9470852180647 -21.036189068746012 16.182668780229164 -136.47405497817277 -298.2782942747714
2086 28892.938325881958 5.894842370044586e7 -14.02335203519604 -68.11143969766105 90.23878120647208 40.920124685787265 73.16777443039611 -5.848755464802025 24.37659475075793 -114.81250086188118 -185.90692766648124
2087 28897.1159119606 5.243868303993906e7 -16.286066526847492 -36.34503376325874 7.049739420225116 28.215665760877982 127.88013722326197 -21.095521707230603 25.139366885743925 -136.5151900939257 -298.0470822170115
2088 28901.15396809578 5.301277284042133e7 -14.223959209107036 -32.658768411830636 13.362368078203666 29.29382965410723 129.6331966111105 -13.877579097805096 34.54664645296464 -131.02773019721434 -297.62503206772817
2089 28933.388593673706 6.189480833952478e7 -32.12759980915351 -100.4731715241127 128.2201925690654 111.391588995 194.03823770408974 0.5075574838945727 100.10583502215127 -110.0652998797733 -186.52908900206387
2090 28964.34211373329 6.188778149887829e7 -32.1328415940808 -100.47790701373367 128.223419853295 140.10123432220982 198.6205932345638 0.49384571276215183 100.06439833199806 -110.07568352916343 -186.65734606972478
2091 28968.61278271675 5.093479543173935e7 -0.00023629443602146694 -7.2341257238220855 -18.87319191102696 -11.70725405522704 64.85700417856611 -20.824778491979202 -13.985921166840114 -136.23777150178825 -297.7318594064973
2094 29041.341049194336 5.095638599030043e7 -9.07316093901045e-6 -7.233993563587141 -18.873171621214613 -11.707236188791303 64.85690709393013 -20.681948404287198 -13.648175546923824 -136.13559677807342 -297.746671156249
2095 29073.991193294525 5.0956286401829824e7 -9.699099948079493e-6 -7.233759524731365 -18.873274745320547 -11.707278793637727 64.85691951361058 -20.682300483721008 -13.648935683890159 -136.13612446904654 -297.7477388458748
2096 29078.144171237946 5.093448753378987e7 -4.7520486916141635e-5 -7.233856225077837 -18.87325782453326 -11.707273554508031 64.85693473258803 -20.824081876524644 -13.985863247113002 -136.23699918827128 -297.73467042960044
2097 29082.292737960815 5.093481662713114e7 -5.788672102369219e-5 -7.233939713958886 -18.87315396908825 -11.707231690386884 64.85693455267428 -20.825061582725482 -13.984867343424241 -136.2379057012434 -297.732582679747
2098 29086.435024023056 5.093448844859467e7 -6.83815295445811e-5 -7.233875396575346 -18.873246769518154 -11.707267981994342 64.85694515307523 -20.824007641251683 -13.985863247113002 -136.23696028067008 -297.73467042960044
2099 29090.409821987152 5.093473703817591e7 -0.0004552532672335019 -7.234351651263534 -18.87298460416525 -11.707160529394162 64.85703792287582 -20.82437320471007 -13.983884380522 -136.23732468657562 -297.7322697501353
2100 29094.49328494072 5.139393207365793e7 -4.3467837032024335 -15.003668173743097 -2.614156608085093 22.59131284630785 70.30796421704707 -19.948522041823537 -11.120889406993342 -135.09988758666316 -292.40254225605327
2101 29098.578507184982 5.0868410156164564e7 -29.96921248443128 -60.803736624226005 -7.665946721218994 9.225570067442103 96.92144901102773 -48.71656031393343 2.957757689522225 -157.3350910016709 -297.92629033032773
2102 29102.637432336807 5.0956046443277195e7 -6.557122654271552e-5 -7.233957931476674 -18.873215886444495 -11.707259191716421 64.85691897698104 -20.683430824446873 -13.648964344415901 -136.13786523780618 -297.7525636335732
2103 29106.82031559944 5.2062960950197026e7 -12.573914762833653 -29.7096790630213 1.1983558493707065 24.28562143427057 121.94708877281124 -21.071316275392576 16.127813168673924 -136.5219347190244 -298.451417551802
2104 29110.84105372429 5.89483339887344e7 -14.023758443767434 -68.11183258268093 90.23876106126033 40.920169167860756 73.16790117311061 -5.850355353658529 24.37684290327104 -114.81362606865503 -185.9100190275957
2105 29114.862488746643 5.243869640153529e7 -16.28606107163435 -36.34508273029316 7.0497618252281775 28.21567744312267 127.88011295568845 -21.0951307519976 25.139366885743925 -136.51486835247175 -298.04708221701145
2106 29118.921646595 5.3012697955165185e7 -14.223641095702448 -32.658522123165774 13.362312807649467 29.293803859477464 129.63308634001547 -13.878749129426865 34.54457880764676 -131.02831991360756 -297.6232499745104
2107 29122.923550605774 5.189662932841548e7 -3.878010710574202 -14.16530807552725 -13.1358702296954 17.76129667958151 120.95106299834394 -21.050303335406284 14.045405812300032 -136.4352706481768 -297.61323670533443
2108 29126.931716680527 5.537677009126465e7 -64.35779338228488 -122.27211267085036 56.22991123834922 119.61832823775046 280.8151652570886 -42.734210304572684 117.61122395189363 -152.7356565664498 -297.6548196960226
2109 29130.92894744873 5.301274084566378e7 -14.223605099322029 -32.65849476649905 13.362303494041129 29.29379986473103 129.63307358991798 -13.878564032785619 34.5448866476994 -131.02821531965583 -297.6232901428095
2112 29143.16462445259 5.093448913854074e7 -1.1305840558861746e-5 -7.233806352818004 -18.873281094742584 -11.70728221796734 64.85692663624535 -20.824067620127096 -13.98582998395807 -136.23697391859997 -297.73467042960044
2113 29147.233430624008 5.0934843633492306e7 -2.21845482712979e-5 -7.233817669438228 -18.8732543321305 -11.707271052322248 64.8569248398792 -20.82400770056563 -13.985182002085196 -136.23632479999213 -297.7315625728803
2114 29151.31730055809 6.224195764171855e7 -35.83901681914347 -107.10806813840406 134.0669820064319 115.32067849098502 199.97080852982637 0.2158655950904631 108.63900264331994 -110.29056956735337 -186.09298650224912
2115 29155.327605485916 6.224195764171855e7 -35.839020534161534 -107.10807064635388 134.066980889135 115.32067914558765 199.9708091665853 0.2158655950904631 108.63900264331994 -110.29056956735337 -186.09298650224912
2116 29159.306223392487 5.301274000727111e7 -14.223602984312421 -32.65849228757876 13.36230376548123 29.29379998002358 129.63307281898844 -13.878598041481894 34.5448866476994 -131.02824735513292 -297.6232901428095
2119 29224.866633415222 5.093440269158917e7 -1.2227101677808605e-5 -7.233798201764536 -18.873251792573505 -11.707270894942805 64.85691229528273 -20.82408314780497 -13.986208453814868 -136.23723320726089 -297.73521583280274
2120 29229.13591337204 5.390221260577752e7 -48.06861898988369 -93.15707815348284 30.303887179161933 79.69408159279988 217.79215299587017 -42.170734155708544 79.16223306150539 -152.34979216536766 -297.4367087461903
2121 29262.14930820465 5.3902223673403256e7 -48.06863965665654 -93.157093746681 30.303902935046224 79.69408806532098 217.79215605613533 -42.170685792871836 79.16223306150539 -152.349733814255 -297.43651556854564
2122 29295.441534996033 5.093646649352415e7 -0.00010768849692510685 -7.2342428274418005 -18.873055675832177 -11.707200227919632 64.85690062779422 -20.82297506613088 -13.98377231520908 -136.23378354448278 -297.7054917275357
2125 29335.96819782257 5.093646564903339e7 -6.637221120797676e-5 -7.234198690358667 -18.87306735160167 -11.707205924939345 64.85688680084718 -20.823018890284402 -13.98373905205409 -136.23380694283844 -297.7054917275357
2127 29344.2763736248 5.428623582592377e7 -21.827745350144625 -46.24220034618082 24.96160013499713 91.40518363438869 196.24365264846384 -14.449955312443706 70.88341189486732 -131.47134752164516 -297.5176208734305
2128 29348.373270750046 5.428244296059679e7 -21.81670742041915 -46.226467758025166 24.95073356611192 91.4009162246312 196.24078470003224 -14.462202774627315 70.86707278452991 -131.46884410451338 -297.5673037603357
2129 29352.434975624084 5.3012706148282155e7 -14.22360997503418 -32.65852384087188 13.362308633539588 29.293803390539473 129.63306726957154 -13.87876455790132 34.5448866476994 -131.02843766878328 -297.6237944434273
2131 29360.45066022873 5.095595351190443e7 -0.00015559185253266605 -7.234239607958099 -18.872957490698777 -11.707162178940155 64.8568784777818 -20.684300808660964 -13.651492264008596 -136.13815629429592 -297.75205323526546
2132 29364.39986515045 5.09363700668931e7 -6.144072348490681e-5 -7.23417716832062 -18.873036785872383 -11.707192193097221 64.85688392222833 -20.823171768014106 -13.985345428161907 -136.23360296656432 -297.70737102801183
2133 29368.529001235962 5.0935755657555185e7 -4.664550127131406e-5 -7.2341126015343455 -18.872945088835102 -11.70715099767406 64.85687528627862 -20.82344274842262 -13.987978058138026 -136.23504437022086 -297.7169930641003
2134 29372.559356212616 5.093803021895728e7 -2.253009199648659e-6 -7.233918895126553 -18.87266999907959 17.00133429024672 69.43787497199364 -20.818968916855454 -13.983335321241157 -136.22651526100344 -297.671150068183
2136 29380.742645263672 5.284851077879815e7 -50.611711940814175 -97.69427742208836 34.526419135380074 112.15920292945165 169.97919329095976 -48.187109886211886 44.716863246613684 -156.39300597726526 -292.3535215600549
2137 29384.83869409561 5.394327298958474e7 -63.17213017933611 -120.15596429550601 54.5825733408315 119.43799000221948 222.4868356091057 -48.89781587312808 73.80557547300964 -156.99214738771502 -292.5034951256521
2138 29389.001808166504 5.301281906064226e7 -14.223435258361675 -32.65802913637708 13.362085837706047 29.293700179467326 129.63309950760342 -13.87847045274674 34.5449009782576 -131.02810587974943 -297.62215956871046
2140 29397.171133041382 5.093446855234264e7 -0.00027580345401645445 -7.234652384793858 -18.87260038697872 -11.707013037579994 64.85689365413577 -20.825111080531883 -13.993440368779943 -136.23965987582375 -297.74172982104733
2141 29428.24464082718 5.093537158911034e7 -1.872736000052555e-5 -7.234057204531826 -18.87296791428256 -11.707160039078612 64.85687208105435 -20.82415922220042 -13.989617893203274 -136.2369259720012 -297.72675542646414
2142 29459.029149532318 5.330918456293564e7 -50.12913486760728 -96.84329083271312 23.990492919558534 78.61557835674877 216.0383642233717 -49.48899242226503 69.44881332294278 -157.89827936590848 -298.0440463825231
2143 29490.023109197617 5.330916454111075e7 -50.12920120782091 -96.84334131141183 23.990536641529346 78.6155984457188 216.0383667780865 -49.48904219199892 69.44881332294278 -157.89835139417107 -298.0444257245289
2144 29521.35786628723 5.301275347174475e7 -14.22344871742061 -32.65806971088914 13.362109605662482 29.293711634409522 129.63309517757756 -13.878905041773805 34.54459313820496 -131.02841622565563 -297.6222927667719
2147 29614.24445796013 5.09347330088111e7 -0.00022510141782561277 -7.234268279425486 -18.87286294699991 -11.707110866673744 64.85693962829458 -20.824217941875474 -13.990492113735911 -136.2379132437748 -297.7366043937827
2148 29645.395240068436 5.093480007566291e7 -0.00015408810557460129 -7.2341967184277784 -18.8728661489768 -11.707119368199656 64.85689949766068 -20.824794489257044 -13.99145685055953 -136.23844667623172 -297.73691732339444
2149 29677.048225164413 5.093591528261777e7 -0.0003908537728278816 -7.234435727505616 -18.872809169418456 -11.707093401565821 64.85701816355201 -20.82335083966086 -13.987165958339176 -136.23490017468998 -297.7129746495914
2150 29709.105613946915 5.093491881309906e7 -0.00034173676286286536 -7.234119726492722 -18.872540939258283 17.001373601162232 69.43786668614474 -20.823263051838694 -13.981568491031055 -136.23995150293058 -297.7315851559008
2151 29741.04386806488 5.0934822821804054e7 -0.0003709865469829765 -7.234418963364426 -18.87272501591569 -11.70705742722021 64.85697484566145 -20.82535160621387 -13.990865930760663 -136.2386953607617 -297.73613835378706
2152 29772.96980381012 5.093480668374347e7 -0.0006448860893755182 -7.2347025745651905 -18.872497165168955 -11.706971902466584 64.8569989083397 -20.824599772420697 -13.99200871435471 -136.23851276525818 -297.7354908789102
2153 29805.258679389954 5.093576794114843e7 -0.0003137247164488599 -7.233873998475811 -18.872953147117535 -11.707142392248794 64.85709247964475 -20.827119942610352 -13.991582891426162 -136.24567022282827 -297.7456059381488
2154 29836.199492692947 5.139092409589206e7 -4.347037466245098 -15.004169098078528 -2.613601681790179 22.591518014514993 70.30796050950187 -19.95378447574376 -11.133393317836692 -135.110465056926 -292.45022612706566
2155 29840.646543741226 5.086648985403479e7 -29.969550212612944 -60.80434579299075 -7.665433177254478 9.225766037290267 96.92142912743113 -48.718073057067784 2.9504484762751417 -157.34063403568928 -297.95723461862974
2156 29844.981831550598 5.207134359427795e7 -12.574004688429895 -29.710028870731062 1.1987358141341602 24.28577058633267 121.9470480936736 -21.03616381306358 16.18010981995735 -136.4763169070659 -298.2899321870358
2157 29879.111060142517 5.89471444906886e7 -14.023078015491478 -68.11123205877293 90.23922559540978 40.92013367719753 73.1677202018665 -5.8517841154317125 24.373530942507728 -114.81383488049187 -185.93204349624585
2158 29913.288308143616 5.2439112298814595e7 -16.286072027736083 -36.34531822188802 7.0500411755512715 28.2157929965545 127.88004760425727 -21.091794266505076 25.145752057432333 -136.51174400494943 -298.0451239785107
2159 29945.579916238785 5.301117502116385e7 -14.223497448848576 -32.65862786270519 13.362370183139344 29.29385351328197 129.63296399406408 -13.872645109105008 34.5510375525015 -131.02828617745126 -297.6365491185161
2160 29949.649801254272 5.225119893911061e7 -7.5911037942757105 -20.80324604951961 -7.284126026446653 21.691652357826438 126.88377733345223 -21.06934294206343 23.07734032761698 -136.45781520902204 -297.6799082931335
2161 29953.76816511154 5.225119893911061e7 -7.5911043669360225 -20.803246410049844 -7.284125719559821 21.691652484513135 126.88377757584298 -21.06934294206343 23.07734032761698 -136.45781520902204 -297.6799082931335
2162 29957.91085910797 5.30134291998328e7 -14.22345397594259 -32.6582710875299 13.362232821168476 29.293767339472844 129.63305113585656 -13.877527238520713 34.546403780959736 -131.02669889768697 -297.61439542167614
2165 29970.219509601593 5.093524971946119e7 -0.000153195377166071 -7.234360467987578 -18.872783719644506 -11.707086402985656 64.85688453967569 -20.823876165463844 -13.991549922190131 -136.23735619175847 -297.72818197098985
2166 29974.278624534607 5.093537158911033e7 -1.8769312660538162e-5 -7.234057240611897 -18.872967894669454 -11.707160031386245 64.85687209433476 -20.824159222200535 -13.989617893203274 -136.2369259720012 -297.72675542646414
2167 29978.484837532043 5.0935371953062445e7 -2.916461841095952e-5 -7.234066111995087 -18.872963298160702 -11.707158234392402 64.85687548512352 -20.82409127074061 -13.989617893203274 -136.23689543442435 -297.72675542646414
2168 29982.55405974388 5.093479856996554e7 -7.296088304542536e-5 -7.234103490137002 -18.872943925459147 -11.707150660529088 64.85688976804543 -20.824986044012917 -13.99145685055953 -136.23864827171127 -297.73691732339444
2169 29986.652357816696 5.0934795648345955e7 -4.2029498260376386e-5 -7.234077091268922 -18.87295760650438 -11.707156009189053 64.85687968015122 -20.825053968655425 -13.99145685055953 -136.2386290594681 -297.73691732339444
2170 29990.624886751175 5.093487288536166e7 -0.00027130767993810423 -7.23427277039335 -18.872856191123123 -11.707116360390245 64.85695445420727 -20.82526044526037 -13.989232971610306 -136.23906112902375 -297.7350042495491
2171 29994.65478372574 5.093478141779937e7 -0.0003063147958926038 -7.234322439180197 -18.872837817710803 -11.707103867309186 64.85696853526812 -20.823943869310142 -13.988834248394596 -136.23817474322715 -297.7353125744996
2172 29998.781712532043 5.13922042892512e7 -4.346913214010073 -15.004023552740552 -2.613753780564256 22.591463106775166 70.30794846332533 -19.953364274847956 -11.130906351626209 -135.10790381452676 -292.4275005861946
2173 30002.883098602295 5.086852246602607e7 -29.969223004555346 -60.80403161586363 -7.665702706725767 9.225654257910922 96.9213412102121 -48.71744294942448 2.9558923721824613 -157.33510055917452 -297.9224036023227
2174 30007.08376979828 5.207135782295853e7 -12.57392361563302 -29.709962849191704 1.1986692955525058 24.2857478944975 121.94701931851574 -21.036194810298298 16.18010981995735 -136.47630960160194 -298.2894186622989
2175 30011.163348913193 5.871922117197611e7 -5.330115854486706 -52.571941608966654 75.90764382709499 34.396932246823525 72.17158200158329 -5.995720242772791 22.006072913772982 -114.94296497472783 -185.99869044116423
2176 30015.2349319458 5.243919922281999e7 -16.285993557429762 -36.34523725219189 7.049982574804499 28.215769519457425 127.88003182154833 -21.092402564169674 25.145011831494458 -136.5120564810003 -298.0442546783742
2177 30019.29830312729 5.301112728785658e7 -14.223623481436846 -32.658760451582225 13.3624639031516 29.293891856313017 129.63298715448508 -13.87240204888974 34.55202166430706 -131.02819383314875 -297.6383697602351
2178 30023.407888174057 5.139247527204445e7 -4.346690123916517 -15.003876251900074 -2.6138231991683085 22.59143645519564 70.30787785540056 -19.950124955805222 -11.128322309799785 -135.10496790837783 -292.4258127905885
2179 30054.320902824402 6.2014101923153125e7 -47.231174664319155 -127.4699612389237 152.49681062447235 151.1350730835639 198.7324393163745 -6.200697349521988 94.8819542675941 -114.58948993758719 -180.42887333003455
2180 30085.10782766342 6.201389145441521e7 -47.23129069979336 -127.47008718660925 152.497125722638 151.1351271987727 198.7324698491066 -6.201265797310668 94.88126373379282 -114.5901450678029 -180.43214596868182
2181 30116.002443790436 5.093968800503401e7 -6.951325661930241e-5 -7.234308546338415 -18.872730065970288 -11.707068303137675 64.85683642501536 -20.81991422572844 -13.978079232370305 -136.22508463408883 -297.6558961447821
2184 30209.113535404205 5.093965349229854e7 -2.8957889611547216e-5 -7.234233043907842 -18.872748026702308 -11.70707728776107 64.85681546310948 -20.820108022214868 -13.978091525810612 -136.22527171365482 -297.6565159782285
2185 30239.912823200226 5.488653025561443e7 -64.82929956270807 -123.10975248194433 66.75601461712853 153.15778975909416 234.75371639352835 -41.565827045253684 92.60555006805384 -151.41477309345913 -292.1809585891493
2186 30270.660472154617 5.4886200547548585e7 -64.82934145399453 -123.10974460056386 66.75607005794976 153.1578055420148 234.7537615359883 -41.56592922048259 92.60643553335638 -151.41549108253133 -292.1856668971586
2187 30303.00672340393 5.0938265422313675e7 -0.00022019425693997619 -7.234331497672709 -18.872762566818608 -11.707080485168376 64.85689062420269 -20.820037084474052 -13.981907484422152 -136.22763004566548 -297.67294278015527
2190 30397.3072514534 5.093965922985185e7 -4.271743023309682e-6 -7.234205539659541 -18.87276814596745 -11.707085902628226 64.85680527880146 -20.820147867504033 -13.978091525810612 -136.22535246233423 -297.6565159782285
2191 30429.939838409424 5.0939740820985995e7 -7.65576064054585e-5 -7.234375881890756 -18.87266499896982 -11.70704474066564 64.85681029538556 -20.820007201304634 -13.978091525810612 -136.22511993194792 -297.6552154503786
2192 30460.840436935425 5.093966030733654e7 -1.5412226545663543e-5 -7.234217951890216 -18.87275906654673 -11.707082014914793 64.8568098747912 -20.81998613086779 -13.978091525810612 -136.2252026729343 -297.6565159782285
2193 30465.11497092247 5.093966030733653e7 -1.7431529158784542e-5 -7.234220201746634 -18.872757420653265 -11.707081310154276 64.8568107079051 -20.81998613086779 -13.978091525810612 -136.2252026729343 -297.6565159782285
2194 30469.406527757645 5.093965397526485e7 -5.2569645362154915e-5 -7.234259351115355 -18.872728783045673 -11.70706904782056 64.85682520419094 -20.8199952796341 -13.978091525810612 -136.22522141185385 -297.6565159782285
2195 30502.81939983368 5.0939721334793314e7 -0.00012383908223512208 -7.234328470580799 -18.872702446136145 -11.707058791441234 64.85684576495953 -20.819892889647747 -13.97648514970291 -136.2255636033878 -297.6552241589454
2196 30536.654138565063 5.0939646156235434e7 -0.00012778063918972293 -7.234336678461567 -18.872699114704837 -11.707058062131019 64.85684127396293 -20.82012220499888 -13.978079232370305 -136.22534774550184 -297.6565159782285
2197 30567.760047197342 5.139217283539973e7 -4.346812607196611 -15.004101921079837 -2.613545503804776 22.59153218094679 70.30785901917302 -19.95233636430072 -11.131696934910053 -135.10741679531873 -292.42678898198176
2198 30571.876680135727 5.086891878568978e7 -29.969260470597803 -60.80425027168986 -7.665504881388184 9.225722985197024 96.92126737935222 -48.71749425789437 2.9542639008402034 -157.33448564045017 -297.91059545406614
2199 30576.088239192963 5.207112988552629e7 -12.573981131945189 -29.71016343418035 1.1989525340827498 24.285848863310324 121.94699288260276 -21.036556845763073 16.17988627420675 -136.47702605417192 -298.29371950873326
2200 30580.364015102386 5.892146343840171e7 -14.023660671554865 -68.11174034087904 90.24115669686175 40.92047949431141 73.16781147810231 -6.014547435383861 23.967150484438662 -114.96346795586425 -186.04513273181715
2201 30584.364995002747 5.243910851814704e7 -16.28600815786946 -36.34542826150868 7.050135243589978 28.215834762583345 127.87995457772801 -21.092573062309157 25.14367099470371 -136.51221024557293 -298.04490844526083
2202 30588.376634836197 5.301112784734391e7 -14.223684342561256 -32.65900928280256 13.362609158465279 29.29396691091372 129.63291666878627 -13.876776073210408 34.55110814693023 -131.03094537533252 -297.6457230563366
2203 30592.562478780746 5.093980950676043e7 -1.3377098454725456e-5 -7.234129813574668 -18.872795452870637 -11.707095463746363 64.85683357523789 -20.819219581351604 -13.977285316950827 -136.22446191478258 -297.6534484172778
2205 30600.58664870262 5.4517603712085344e7 -61.1112700902776 -116.471876935019 60.898065445266056 120.51730226146842 224.2380982331156 -41.449900337204326 83.68809551095501 -151.37703636949158 -292.57821063136566
2206 30604.642192602158 5.451760234591467e7 -61.11127072012226 -116.47187852089087 60.89806704108795 120.51730280093301 224.2380988134353 -41.449971117279745 83.68809551095501 -151.3770685008571 -292.57821063136566
2207 30608.700746536255 5.093965706465776e7 -2.5848473001133243e-5 -7.2342342695335375 -18.872752785190393 -11.707079122001456 64.85681486781681 -20.820016691869796 -13.978091525810612 -136.22520597270994 -297.6565159782285
2210 30620.877358675003 5.093969598612375e7 -1.2817277138310601e-5 -7.234258757285836 -18.872740361429557 -11.707074848441856 64.85680559428589 -20.81996948545759 -13.978091525810612 -136.22510621992848 -297.6558961447821
2211 30624.874232530594 5.093965799420242e7 -1.0141715733880119e-7 -7.234213263761628 -18.872757523488424 -11.707080821897119 64.85680331437106 -20.820037703501043 -13.978091525810612 -136.2252172739498 -297.6565159782285
2212 30629.050214767456 5.093965535258526e7 -1.3529592592931294e-5 -7.234220020619702 -18.872762093337805 -11.707083023265668 64.85681170673456 -20.82006190400068 -13.978091525810612 -136.22524853953945 -297.6565159782285
2213 30633.115117788315 5.4890572816178225e7 -64.82635771777358 -123.10908812617873 66.75236292342291 153.156702668399 234.7528298512638 -41.571583693292666 92.60109379715993 -151.41079610385628 -292.14893496405364
2214 30637.101328134537 5.489057305996319e7 -64.82694361048127 -123.1095757447581 66.7528619692156 153.15688284383185 234.75297680253982 -41.57115987489584 92.60107239080446 -151.4105495405248 -292.1494308550102
2215 30641.207376003265 5.093966028421326e7 -8.599033222367325e-6 -7.234233585849729 -18.8727543905534 -11.707080308641178 64.856803300991 -20.820183466195942 -13.978091525810612 -136.22536645278336 -297.6565159782285
2217 30649.386486768723 5.0939694560302615e7 -2.8345099380544525e-5 -7.234272716646988 -18.872718788363986 -11.707065367725384 64.85680551904855 -20.819891703750727 -13.978091525810612 -136.2250705448676 -297.6558961447821
2218 30653.65118765831 5.0939646144471616e7 -6.460376854988681e-5 -7.234263284336031 -18.872691442220844 -11.707053982866285 64.85680795024454 -20.81987466015545 -13.978091525810612 -136.22511457281138 -297.656807755549
2219 30657.631189584732 5.093966483151213e7 -2.8378391675687453e-5 -7.2342480114731025 -18.87274912989313 -11.707077854757888 64.85680964115167 -20.819939370245777 -13.978091525810612 -136.22512901572844 -297.6565159782285
2220 30661.70037460327 5.093875638275137e7 -2.0677383716360964e-5 -7.234224261290205 -18.87274335184584 -11.707074662049443 64.85680962934663 -20.820890732624093 -13.980564703750076 -136.2274672577921 -297.66782739048244
2221 30692.34734916687 5.093966499580628e7 -6.379952034762937e-5 -7.234269090612852 -18.872721763447675 -11.707066279996642 64.85682272337338 -20.8199213037783 -13.978091525810612 -136.22511565642776 -297.6562348108911
2222 30723.23133945465 5.093966349015685e7 -2.611996774248837e-5 -7.234229126001619 -18.8727426191215 -11.707074140481058 64.85681021938669 -20.819989932967985 -13.978091525810612 -136.22517523359653 -297.6562348108911
2223 30754.782844543457 5.093964675242757e7 -5.6770249841520126e-5 -7.23423220041802 -18.87273568264539 -11.707070883042643 64.85683121846456 -20.819732974249973 -13.977285316950827 -136.22500643471864 -297.65604347471543
2224 30759.15975546837 5.139227172498893e7 -4.34678027953656 -15.004062118133959 -2.6135508068642537 22.59152832471335 70.30784244029952 -19.951827699574437 -11.131463774714405 -135.10681166052234 -292.42568418209123
2225 30763.653483390808 5.086883247319583e7 -29.96925780337355 -60.80425489723288 -7.665492869935459 9.225728524193425 96.92126480384285 -48.7176985064134 2.9542639008402034 -157.3347549314086 -297.9118911867811
2226 30798.415549516678 5.2439802011990234e7 -16.285997243005724 -36.34542453911708 7.050155212818144 28.21584186900938 127.87994992001217 -21.088988114594088 25.149864452886163 -136.50967131770284 -298.03072182782665
2227 30833.421190738678 6.01047061639999e7 -26.597576227507318 -90.58763952852334 110.31278429016503 76.91338747230682 130.25795375156437 -6.309253058110528 53.97218449152194 -115.2143131600352 -185.47115134766983
2228 30864.006994724274 5.41375003871475e7 -26.797613011894413 -55.13492061743887 33.43425896866891 65.28687989274792 186.72306390339412 -14.394225247725444 64.10376261811643 -131.41697589788737 -297.78696287020387
2229 30868.044145822525 6.260323127842873e7 -45.16795597548638 -123.78226089261119 158.80733578083925 152.21302702966565 200.48509492612487 1.198656046699 104.71462914097992 -108.97567126555339 -180.16511513019202
2230 30872.136690616608 6.1831127016426735e7 -62.09635023691868 -154.04231318142664 139.42315364400784 132.32378581147822 226.10254156475818 -27.588209847614735 116.68587403791935 -131.21044276654192 -186.4616218833965
2231 30876.197744607925 6.183095847996592e7 -62.0963295329413 -154.0422876238887 139.4231767477972 132.32378583355015 226.1025333111802 -27.588625747355707 116.6856735928045 -131.2109628344686 -186.4641656192511
2232 30880.4503364563 5.093979760606425e7 -3.625001625096047e-6 -7.234224333102759 -18.872748095301603 -11.707077335012308 64.85679705927856 -20.81925671668739 -13.977764682908628 -136.22445532179154 -297.65459061980357
2235 30892.663207292557 5.093966131296318e7 -5.182074957588156e-6 -7.234226723979173 -18.872756941270335 -11.70708202680446 64.85680188007422 -20.819933171972536 -13.978091525810612 -136.22517889378156 -297.6565159782285
2236 30896.838814258575 5.093969740421846e7 -2.736009979287246e-5 -7.23428824735344 -18.872720503820958 -11.707066788950048 64.85680299613887 -20.820104206226233 -13.978091525810612 -136.225249700194 -297.6558961447821
2237 30900.84010052681 5.093966028421326e7 -1.8451048092060773e-5 -7.234244454884983 -18.87274781688273 -11.707077168302881 64.85680781731577 -20.820183466195942 -13.978091525810612 -136.22536645278336 -297.6565159782285
2238 30904.868978500366 5.093966565722717e7 -2.406979595548364e-5 -7.234245933281482 -18.872748147040202 -11.707077751440103 64.85680846122708 -20.81984628584098 -13.978091525810612 -136.22509619458418 -297.6565159782285
2239 30908.877725362778 5.093964046221401e7 -7.499836399915694e-5 -7.234276895504987 -18.872690281048182 -11.707054393028283 64.8568090362685 -20.820176535297946 -13.978091525810612 -136.22537928771038 -297.656807755549
2240 30912.978021144867 5.093966747671694e7 -3.002809977203924e-5 -7.234250688687595 -18.872745742485016 -11.707076766589452 64.85681044861103 -20.819876567908466 -13.978091525810612 -136.22509213432625 -297.6565159782285
2241 30916.953549146652 5.0939656951460995e7 -5.54552402434183e-5 -7.234282793813435 -18.8727288576877 -11.707069817138201 64.85681889252542 -20.82015699654977 -13.978091525810612 -136.22539939141785 -297.6565159782285
2242 30920.927131175995 5.139214270787775e7 -4.34673263308953 -15.00405134976167 -2.613578454892739 22.591517608871793 70.30782628862977 -19.952633247694166 -11.132341040051813 -135.10747327031305 -292.4269775069373
2243 30924.903289318085 5.086849880556482e7 -29.969275764993412 -60.804283615247996 -7.665484370116708 9.225731837342213 96.92127174844877 -48.71741796702577 2.95563467766101 -157.33506582765273 -297.92207443810025
2244 30929.086400270462 5.2070997277549155e7 -12.573940288582165 -29.710151787477525 1.1989170956268858 24.285836846240084 121.94696709650029 -21.036612912170142 16.17949662496528 -136.4771443877362 -298.29483288929066
2245 30959.820997714996 5.8921399666123204e7 -14.023633922728408 -68.11172976271105 90.2411295688905 40.92047037440647 73.16779499679886 -6.014296261046809 23.967508441442988 -114.96347164085245 -186.047685352318
2246 30990.99176454544 5.225318463284233e7 -7.592395678694544 -20.80570171529293 -7.282415214667971 21.69241992482445 126.88364991066584 -21.069657608982084 23.092009388480278 -136.4580321464873 -297.6391243956184
2247 31021.624171495438 5.3011114517576694e7 -14.223632005463784 -32.65898162646769 13.362581731001953 29.293955864596096 129.63289185299692 -13.877276332939118 34.55110814693023 -131.0313175929848 -297.6457230563366
2248 31052.833780050278 5.333416659224272e7 -48.54090784418811 -93.99877110853633 40.82997815839137 113.23397137339441 171.72998545534483 -41.38190297348842 53.32081075211693 -151.3162147590856 -292.569838800094
2249 31083.62465262413 5.333454221116984e7 -48.542061363144654 -94.00082845319531 40.8313425103581 113.23452150382613 171.73019045886716 -41.37999990265433 53.327282403149525 -151.31718328339724 -292.5661106112767
2250 31114.810520648956 5.093965653271237e7 -1.9425882911150438e-5 -7.234245724852592 -18.87273934699351 -11.707074029121383 64.85680588471799 -20.820062451632907 -13.978091525810612 -136.22522936245417 -297.6565159782285
2253 31208.239610671997 5.0939797606064245e7 -4.376001101036309e-6 -7.234225678968212 -18.872747546802692 -11.707077122175544 64.85679721516158 -20.819256716687505 -13.977764682908628 -136.2244553217916 -297.65459061980357
2254 31239.732573509216 5.093979760606425e7 -4.743585051869559e-6 -7.234226337784758 -18.87274727831893 -11.707077017995896 64.85679729144707 -20.819256716687505 -13.977764682908628 -136.22445532179154 -297.65459061980357
2255 31271.20144510269 5.0939643991417736e7 -7.624764288038932e-5 -7.234281713771935 -18.872676852959327 -11.707048661986452 64.85680300721747 -20.819900503204735 -13.978091525810612 -136.2251634197961 -297.656807755549
2256 31303.17432999611 5.093967423166912e7 -1.185406209458506e-5 -7.234239080582643 -18.87274208502285 -11.707075002818392 64.8567987672825 -20.819825332770847 -13.978091525810612 -136.2250546308731 -297.6562348108911
2257 31335.30602788925 5.09397970926146e7 -1.902560698852085e-5 -7.2342383369107495 -18.87274149591134 -11.707073955147521 64.85680274632685 -20.81931108546854 -13.977764682908628 -136.224489650845 -297.65459061980357
2258 31366.098124027252 5.093876761959302e7 -2.2061498384573497e-5 -7.234246898288806 -18.872736448700966 -11.707072188778788 64.85680384056833 -20.82074283083881 -13.980564703750076 -136.22735307686577 -297.66782739048244
2259 31397.034175872803 5.139225038223577e7 -4.3467610606534635 -15.004072169600725 -2.613528994340548 22.59153579373793 70.307829062001 -19.95225949320485 -11.132107879856335 -135.1069954200346 -292.425594420121
2260 31428.97254061699 5.13922702468796e7 -4.346807470639959 -15.00413634960081 -2.613529501396016 22.591537455021218 70.30784281504131 -19.951843160161275 -11.131463774714405 -135.10676577448135 -292.42568418209123
2261 31459.69491624832 5.086850186170111e7 -29.96924832840091 -60.80424920239483 -7.66549067202719 9.225729626680046 96.92125820793137 -48.71727748979936 2.9557374028325967 -157.33494007985905 -297.92207443810025
2262 31463.77037334442 5.207144790229436e7 -12.573963767766244 -29.71017808484054 1.198910106077328 24.285839408769206 121.94696123069066 -21.036013247932374 16.18029598105113 -136.47619295900574 -298.2897272474996
2263 31467.724662065506 5.892132867320037e7 -14.023622020840847 -68.1117189688745 90.24118015966162 40.9204765036467 73.16778600096193 -6.014651594079453 23.96725971506885 -114.96388558676864 -186.04830430100156
2264 31471.759822368622 5.2440085151214026e7 -16.285995427610743 -36.34543467505215 7.050162874683441 28.21584429007525 127.8799442338722 -21.087762083158452 25.152420265324167 -136.508676840119 -298.02887465334777
2265 31475.82335639 5.301115917992914e7 -14.223663456938269 -32.659016360097866 13.36261433620264 29.293967955796422 129.63289758441 -13.877337742106079 34.55110814693023 -131.03128742759122 -297.64502562639177
2266 31479.861374378204 5.093943734285893e7 -1.4195566052421782e-5 -7.234257540958186 -18.872719810768086 -11.707066874377048 64.8567782939811 -20.81963902721759 -13.97838868872168 -136.22526120743743 -297.6565942471226
2267 31483.892641544342 5.094023678073065e7 -4.5905558707204364e-5 -7.23435716301293 -18.872634957410963 17.001326467298252 69.43774761261483 -20.819161889900386 -13.97474369429517 -136.22001710782746 -297.6425119706303
2268 31487.902037620544 5.136733512321874e7 -4.348668618875678 -15.00608329831606 -2.611985664582935 51.300509050494995 74.889435431319 -20.104593004800563 -11.418192909151685 -135.23952825961697 -292.6499897531592
2269 31492.068373680115 5.093888196055014e7 -1.4440091462120108e-5 -7.234205209374043 -18.872774962330595 -11.707088007712791 64.85680525885854 -20.820312876284333 -13.980237860848035 -136.2268103810432 -297.66646436673244
2271 31500.19820165634 5.094071971336824e7 -6.588287709519136e-5 -7.234398764680584 -18.872630807349367 -11.707031542688863 64.85677511663265 -20.818176099314996 -13.974282168828779 -136.2212070962628 -297.6352161896772
2272 31504.207134723663 5.093943620279189e7 -1.1541758738076169e-5 -7.234254986649496 -18.87272087755086 -11.707067341547859 64.85677686678348 -20.819658968713043 -13.97838868872168 -136.2252800008452 -297.6565942471226
2273 31508.283663511276 5.093986566259855e7 -3.5803346065677033e-6 -7.234247323721728 -18.872724077899054 -11.707068743060272 64.8567725851895 -20.819248531608025 -13.976264486322805 -136.22386775512427 -297.6474862900195
2275 31516.552083730698 5.087024662466221e7 -29.969432633278416 -60.804861028384096 -7.665600325357314 9.22572839681595 96.92158962023721 -48.713368689027504 2.963334501727388 -157.32966953991956 -297.89766969071337
2276 31520.62197971344 5.086956649066792e7 -29.968599459274046 -60.80400543710161 -7.665985055939533 9.225539653490483 96.92130037682229 -48.715767120434464 2.9601122517992735 -157.33286645624258 -297.91024462423366
2277 31524.710554599762 5.0938888737406105e7 -1.8968820000964115e-5 -7.234227942673609 -18.872752934935733 -11.707079524086147 64.85679248131864 -20.820557700591166 -13.980234139189406 -136.22691576059322 -297.66618319939494
2279 31532.94281744957 5.093885826669745e7 -2.4188980120243286e-5 -7.234245639960566 -18.872715367457474 -11.707064435531386 64.85678653558803 -20.820589552280694 -13.980234139189406 -136.22703682012138 -297.6667561440529
2280 31537.05147957802 5.094071968424031e7 -6.524293269194459e-5 -7.23439851437676 -18.872633975417884 -11.70703287421836 64.85677550234881 -20.818210183245412 -13.974282168828779 -136.22123831613158 -297.6352161896772
2281 31541.113560676575 5.093942944330356e7 -1.196400391734187e-5 -7.23424663886998 -18.87272053444595 -11.70706699073947 64.85677826022824 -20.819725622320163 -13.978343692599424 -136.22534155704534 -297.6565942471226
2282 31572.084250688553 5.093884735383134e7 -8.257682412704526e-5 -7.234311930162839 -18.872694618572833 -11.707057306343788 64.85679521828256 -20.820545216551864 -13.97970601356019 -136.2268651246552 -297.6671401362605
2283 31603.125698804855 5.093980939838954e7 -2.8854589686488907e-5 -7.234202289835949 -18.87272016883475 -11.707066132174543 64.85679950896305 -20.819269842348604 -13.97695475239027 -136.22435038801444 -297.6534982828441
2284 31634.354047060013 5.0938852451934144e7 -7.331705110402709e-5 -7.23428948497201 -18.872692685677695 -11.707053361381622 64.8568055531936 -20.820561769884478 -13.980216398118785 -136.22699610969073 -297.6667561440529
2285 31665.014668226242 5.093976414628779e7 -0.00011137726410481719 -7.234293255443344 -18.872678559101157 -11.70704970567736 64.85681002988329 -20.819350637283947 -13.977764682908628 -136.22451522601716 -297.65516356446153
2286 31696.145125865936 5.1392264347410396e7 -4.346787652898385 -15.004097272293432 -2.613505345742329 22.591541716793007 70.30782184091076 -19.95226246890286 -11.132104158197706 -135.10692961912605 -292.425594420121
2287 31726.948833465576 5.0868458197894305e7 -29.969253025562168 -60.804263998251926 -7.665450944773401 9.225746846428546 96.92124829156307 -48.71772331081229 2.95541289162162 -157.335327675962 -297.9224099678602
2288 31757.488289117813 5.207180631064696e7 -12.573973680926883 -29.71023454920014 1.1989068182691227 24.28584293190168 121.94692530909421 -21.036006205428862 16.182035747309328 -136.47570738861617 -298.284262955489
2289 31789.033724546432 5.891850311682863e7 -14.023588632693702 -68.11172286818342 90.2411730804933 40.92047627212909 73.16774465509769 -6.022091582861663 23.953195606149052 -114.97320284436813 -186.0866381500718
2290 31820.624809265137 5.2440178065532185e7 -16.285988716752655 -36.34545571636616 7.050190724856758 28.21585312245514 127.87991806436665 -21.088224759993636 25.151550996630363 -136.50903824939144 -298.0280399283619
2291 31852.2295422554 5.3011318314657755e7 -14.223647991701526 -32.65900346750141 13.362637501326418 29.29397417409888 129.6328749834152 -13.877268590402593 34.551232944613275 -131.03105367979492 -297.6423049524484
2292 31883.334345579147 6.393486448572516e7 -91.42367594845442 -206.46380593101745 195.93818516669486 241.77730991784347 300.1538856559217 -27.401874492531817 159.7922252477265 -130.6987655721951 -181.58681767985206
2293 31916.1315677166 6.393486448572516e7 -91.4236740716911 -206.46380579539078 195.93818906507715 241.777310014541 300.15388441462136 -27.40187449253193 159.7922252477265 -130.6987655721951 -181.58681767985206
2294 31948.28895497322 5.093942794544876e7 -3.370190641760473e-5 -7.234259220297226 -18.87272798216941 -11.707069885111267 64.85678362688529 -20.819565237243296 -13.977815566970321 -136.22503211373692 -297.6569782393302
2297 31988.041628837585 5.0939862741436325e7 -6.0135182692988565e-5 -7.23438237198598 -18.87263003262496 -11.707031223614411 64.85677235503347 -20.81928472782755 -13.976264486322805 -136.22394542149345 -297.6474631745293
2298 32021.372859477997 5.093919927427007e7 -0.0002297987221169251 -7.234787514602914 -18.872347896314423 -11.706918665307747 64.85677166455554 -20.820289968667282 -13.97838868872168 -136.22601804333442 -297.66041141180546
2299 32054.736635684967 5.093825381359445e7 -0.0007387802970981738 -7.23600292286892 -18.871501482994987 17.00178059536357 69.43779517820916 -20.822503556933157 -13.981799278929941 -136.2272587976297 -297.67582396756217
2300 32085.186445236206 6.0087800242950976e7 -26.597457071408982 -90.58729421009159 110.31191979698932 76.91329875986011 130.2581562229569 -6.323706189719417 53.937852940163225 -115.24657073673342 -185.77640832767503
2301 32115.94083070755 6.135642550306413e7 -34.189829000432 -104.15883364072072 121.9026300214335 110.31285023469219 192.2849828718769 -6.8189088313310435 90.52626683006747 -115.56260741332841 -186.15299102453037
2302 32146.801488876343 5.3011053673390366e7 -14.223608514681004 -32.658933709950645 13.362535407793803 29.293934631613126 129.63289181873125 -13.873116721676013 34.552117394799666 -131.0288689942618 -297.63920218288155
2306 32219.554366350174 5.093823179216696e7 -0.00015789181300362998 -7.234930844568346 -18.872205977560398 -11.706869131605863 64.85669733419876 -20.822511354841026 -13.981582514600348 -136.22697680332942 -297.6749341762488
2307 32250.516632795334 5.3304986083057106e7 -50.135954377537004 -96.8515302151331 23.99667344427472 107.32655720224508 220.61937084683348 -49.49157288221039 69.45331973748091 -157.90389542840643 -298.1243742960377
2308 32254.481762886047 5.330498450268976e7 -50.13595989807351 -96.8515344500179 23.996676533045864 107.32655880561883 220.6193706112501 -49.49161201411886 69.45331973748091 -157.90393238561808 -298.1243742960377
2309 32258.525225877762 5.301342548497783e7 -14.223345133056057 -32.65801626105174 13.362090935755493 29.293714006080332 129.6330093330901 -13.87751961426352 34.54638945040165 -131.02681918652996 -297.6143954216761
2312 32270.844955682755 5.093860042108789e7 -0.0008478170637147286 -7.2364905649241 -18.871279682034785 -11.706498610085966 64.85676652823254 -20.82044098220581 -13.978730696865455 -136.2264813218041 -297.66428325913927
2313 32274.82388663292 5.093822503101769e7 -0.000277539200993715 -7.2350532180979386 -18.872162885179154 -11.70685361120248 64.85672117198185 -20.822393408692164 -13.981054388971188 -136.22680504197297 -297.67531816845644
2314 32278.841383457184 5.093923865861141e7 -0.0006010158488578554 -7.235280147575036 -18.87185026330464 17.00163544774465 69.43778765770287 -20.819107336966397 -13.968440029440899 -136.22763147994152 -297.65897310735465
2315 32282.90028643608 5.093887460472566e7 -0.00019044814493440754 -7.234974789301358 -18.872206215099627 -11.706869060411119 64.85671227597044 -20.82039586698403 -13.978845065636676 -136.22606018973903 -297.6598163554582
2316 32286.979497671127 5.0938121887428164e7 -6.270486531434472e-5 -7.2348023374251795 -18.872205248112632 17.00149257131819 69.43767925040878 -20.81673693434624 -13.974973645201715 -136.2223860970277 -297.69069309293764
2317 32291.006440639496 5.093766124799652e7 -0.00014698676297086877 -7.23491610857139 -18.87220587138201 17.00149302048125 69.43771795419832 -20.82323956617472 -13.983472961190273 -136.22857391715314 -297.6850960731791
2318 32295.012928962708 5.093436505824913e7 -0.0014389012463738027 -7.2361894846975545 -18.871447266030113 17.001803467938455 69.43813017645707 -20.825473104428397 -13.991504491068326 -136.24026180193908 -297.7419267705119
2319 32299.037782907486 5.13923047092904e7 -4.3470094552831995 -15.004891359680848 -2.6129832376597513 22.591739451604866 70.3077755724608 -19.95148317315494 -11.134504767912631 -135.1069440061366 -292.42557933402543
2320 32303.1307387352 5.0868240108798645e7 -29.969473803982794 -60.80505229493127 -7.664939597649731 9.22594290302974 96.92119640542448 -48.71763684110687 2.9536447193383992 -157.33548796770987 -297.9251273995373
2321 32307.24237561226 5.2070683070553504e7 -12.574184630372883 -29.710998882991703 1.1993767390259258 24.286036815177113 121.94684815662306 -21.03701651129097 16.17853644234549 -136.47766857122207 -298.3053188193205
2322 32311.451006650925 5.891803243793392e7 -14.02375620553056 -68.1120881125684 90.24329472168239 40.92076708692712 73.16774127589736 -6.020850261825046 23.95554820887787 -114.97633734508418 -186.10292203395016
2323 32315.517221450806 5.301184188027905e7 -14.22252175914906 -32.65843745594561 13.36237981083643 29.29385965822884 129.63238571661924 -13.87897358870282 34.542215096563154 -131.03014974139035 -297.62663499984376
2324 32346.47344136238 5.244155206185492e7 -16.286166765197535 -36.346185955696555 7.050601979165126 56.924394345343444 132.46082224095647 -21.085707864557378 25.162301817780417 -136.50679634520873 -297.9993245512634
2325 32377.654866218567 5.2675506553731926e7 -35.50018370738361 -70.6897372091517 10.237643332894116 43.70348736470466 160.70154900776197 -42.07239693848453 48.72369822821884 -152.3123458286023 -298.1708975426891
2326 32408.180162906647 5.26755456144237e7 -35.500185888190614 -70.68974086131394 10.237645519250236 43.70348824983176 160.70154934822395 -42.0723124788139 48.72369822821884 -152.31222359601531 -298.170253796011
2327 32438.91707968712 5.093528461238019e7 -0.0014545659957576618 -7.235807639372467 -18.871828786758044 -11.70670257751615 64.85722568300103 -20.824669910591354 -13.985691352881702 -136.23855646247875 -297.73316405997036
2330 32530.962441921234 5.09388820492383e7 -0.00027272463935901214 -7.23505115085781 -18.8721426573438 -11.70684532119649 64.85673138157097 -20.8211059621363 -13.979895471703287 -136.22726950574003 -297.6671293968507
2331 32562.23486018181 5.0938122972289845e7 -0.0004094547876860588 -7.235521611390421 -18.871845680923517 -11.70672493285586 64.85671671394967 -20.822325082912926 -13.981302427444973 -136.22694355980292 -297.67669857525584
2332 32594.02700138092 5.093830260413739e7 -0.0003163538112005426 -7.235035201880322 -18.872048163276204 17.00155579985752 69.43773468318506 -20.822397060732442 -13.981582514600348 -136.22678194011456 -297.67383702052814
2333 32626.063674211502 5.093824004770654e7 -0.00013716760099669045 -7.2349091328055835 -18.872217404918548 -11.706873428666956 64.85669118951773 -20.822238823778946 -13.981582514600348 -136.2268152342736 -297.6749341762488
2334 32657.717638254166 5.093824120623617e7 -0.0001860138916924825 -7.234960306434402 -18.872190471170864 -11.706863300716297 64.8567056723625 -20.822315974864466 -13.981582514600348 -136.2268290151905 -297.6749341762488
2335 32690.14959168434 5.093824192600578e7 -0.00019155349004051914 -7.234966110710186 -18.872187416122188 -11.706862151928018 64.85670731470223 -20.822539576134204 -13.98282707894549 -136.22853883240117 -297.6707591473495
2336 32722.337059259415 5.093766398805771e7 -0.00023855177109055603 -7.234923561504559 -18.872176446867904 -11.706854706123817 64.85673997947625 -20.822456723057314 -13.982666752330374 -136.22797995982324 -297.6846235696661
2337 32726.59183907509 5.1392120349527575e7 -4.346954610913656 -15.00480661119811 -2.6129512333993574 22.591747018262495 70.30774672493263 -19.952726594897285 -11.133527187209381 -135.10752045323488 -292.42715383005776
2338 32730.821308135986 5.086839927575541e7 -29.969423200151894 -60.80497725047554 -7.664927138347036 9.225947433736057 96.92117090319071 -48.71834635514466 2.9524621384177294 -157.33566417658972 -297.9218146029176
2339 32764.884043693542 5.207068572687596e7 -12.574156195985438 -29.710977717428886 1.1993359888618613 24.286026585535545 121.9468277283004 -21.036873412242983 16.17853644234549 -136.4775903677297 -298.3053188193205
2340 32798.8101875782 5.8919665416204564e7 -14.023742595728876 -68.11200535517834 90.24356631032163 40.92080498913072 73.16773712081674 -6.016497835748623 23.964887177855417 -114.97113352691878 -186.08053160810533
2341 32830.14752674103 5.3011662010545194e7 -14.223767935280804 -32.65965460364896 13.363143909937783 29.29416789935459 129.63278982065597 -13.876067661259867 34.55118567752527 -131.0297569285006 -297.63721909260926
2342 32834.232281923294 5.244166386038419e7 -16.286016043195843 -36.346027591722304 7.050540062647261 56.92436348896589 132.46079304435625 -21.085575253802006 25.16148409600146 -136.5065387400481 -297.9984898262775
2343 32838.48897576332 5.891872076867963e7 -14.024004981634988 -68.1123033194913 90.24449959916956 69.62934180920914 77.74878350050824 -6.017302721368139 23.96206607797899 -114.97427948730967 -186.09157474842152
2344 32842.603957891464 5.8918949961557426e7 -14.023945029696876 -68.1122155860617 90.24453218580832 69.62933446827337 77.74876105310133 -6.017149518888459 23.962842931273713 -114.97358517150172 -186.08714025998881
2345 32846.72302985191 5.093480345983595e7 -0.001473889055276345 -7.236076593485553 -18.87158140262062 17.001752211057266 69.4381855694258 -20.82431498862701 -13.98705618448787 -136.2391847010657 -297.7379367089775
2349 32862.78674888611 5.093810374600529e7 -0.00013554509041568963 -7.234948633892394 -18.87219001624334 -11.706862700855467 64.85668738678166 -20.82244702874476 -13.981302427444973 -136.2270938597478 -297.676661958859
2350 32866.92223286629 5.0938985481922716e7 -6.850463719842992e-5 -7.235002001350818 -18.87214213221846 -11.70684340862044 64.85665754451142 -20.821300617709937 -13.978874245627992 -136.22466495555437 -297.66583689425636
2351 32871.0404548645 5.338893606203354e7 -20.16635979408815 -43.28131828071872 12.789011918840437 86.39365348249373 188.5548028010571 -21.47794414785932 52.85245978931164 -136.8236370494442 -297.76411728868095
2352 32875.1525850296 5.338893606203356e7 -20.166365747951176 -43.28132112746394 12.789014645832012 86.39365483624954 188.5548040564236 -21.47794414785926 52.85245978931164 -136.8236370494442 -297.76411728868095
2353 32879.25172305107 5.093484143190396e7 -0.0014206265509955074 -7.236052943471844 -18.871585495771427 17.001751125516297 69.43816901373748 -20.824282350144358 -13.986842882182714 -136.23912147121166 -297.73715195317845
2356 32891.50987958908 5.093898377919329e7 -8.470924859693696e-5 -7.235040132938238 -18.872121143614855 -11.706834935293724 64.85666092874294 -20.821380930240935 -13.978874245627992 -136.22470296426167 -297.66583689425636
2357 32895.57886958122 5.093935840998501e7 -0.0003327623469857599 -7.235605329058771 -18.871765131378123 17.001669146281216 69.43769679589799 -20.820594258390713 -13.977240903674442 -136.22280226883373 -297.65648885617776
2358 32899.70956349373 5.093941596888974e7 -8.19106925575852e-6 -7.234860077927955 -18.87222025044459 -11.706874945819894 64.8566449483304 -20.820336233540445 -13.977240903674442 -136.22248936059498 -297.65530701690375
2359 32903.81187462807 5.09389872168574e7 -0.0002278405595887989 -7.2352708110903805 -18.872010154883622 -11.706791384775563 64.85668996862091 -20.821732076450246 -13.978829249505793 -136.22492154050735 -297.6656815315597
2360 32934.51266360283 5.093896708179282e7 -0.0001746363980288379 -7.23525173917302 -18.87200466946337 -11.706787913465543 64.85667970960283 -20.821632465640164 -13.978800444505737 -136.2249103228026 -297.6660778360015
2361 32966.098499298096 5.093810687461399e7 -0.00016222856882563974 -7.2351790168540795 -18.87204357602908 -11.706802418447456 64.8566841813686 -20.822443365470292 -13.981302427444973 -136.22705518281128 -297.6768187183841
2362 32996.83009529114 5.093845863973775e7 -8.39849648315294e-5 -7.234903784277286 -18.872178103419948 -11.706856841013074 64.85667678066704 -20.821629499424716 -13.980719696095491 -136.22582050946693 -297.6752312761979
2363 33001.17640829086 5.139204677779792e7 -4.346849133923683 -15.00488033405647 -2.6128940144783535 22.591772910842383 70.30770038899368 -19.952988485576498 -11.13395911907162 -135.1078878660125 -292.42744922550696
2364 33005.53391933441 5.0868464679255106e7 -29.969408058042404 -60.80523056595288 -7.664813116960115 9.225988049418497 96.92111860355014 -48.71861841668999 2.9522249777072034 -157.33604235402618 -297.9166360348614
2365 33040.84606003761 5.207125154948468e7 -12.574067694195236 -29.71100621073908 1.1993721392905918 24.286041121690527 121.94679029839986 -21.036672273932595 16.17889061573385 -136.47679602856675 -298.29656429564943
2366 33075.60733127594 5.891776665268172e7 -14.023521918943928 -68.11184716192227 90.24385979305748 40.920812479340256 73.16765905889532 -6.0203748553998935 23.955674444958277 -114.97635150223891 -186.10659118312367
2367 33106.55794382095 5.244062249395006e7 -16.286342067849688 -36.346671615670516 7.050939143704184 56.924530308721785 132.46083120952383 -21.08546622395795 25.158006714512794 -136.50722751891425 -298.01102505667365
2368 33110.65982270241 5.301185815194602e7 -14.223757131307593 -32.65987101066003 13.363265731248909 29.29422064980937 129.63276380991456 -13.875536987479222 34.55118567752527 -131.0291788278081 -297.6343377134082
2369 33114.750841617584 6.0534327585084215e7 -30.94580190927735 -98.35942549047094 126.57846822017325 139.9214216953016 140.29031220059144 -5.558150152447979 56.46601833052398 -114.09237490635968 -180.48117005296348
2370 33118.82721352577 6.053432414812883e7 -30.94582924705597 -98.35944004557325 126.57850261000331 139.92143301538317 140.29031585457292 -5.5581002844361365 56.46601833052398 -114.0923820083425 -180.48117005296348
2371 33122.8308327198 5.093426999475557e7 -0.0013148381259355801 -7.236130686089158 -18.87151311767404 -11.706581265596725 64.85710130599543 -20.82574838358397 -13.991593084748672 -136.24058139193903 -297.74380492680405
2374 33135.11595058441 5.093902791377504e7 -1.4757396741060802e-5 -7.234862893695006 -18.87221913554819 -11.706874091050864 64.85665331296941 -20.82116034214488 -13.978874245627992 -136.22447084218254 -297.6650693792676
2375 33139.09950065613 5.093900985485273e7 -3.027229388408159e-5 -7.2349030489321 -18.87219690748127 -11.706865234141834 64.85665453446042 -20.82120523254639 -13.978874245627992 -136.22453580892778 -297.6654115312866
2376 33143.20698595047 5.093902683365403e7 -7.370021619124145e-5 -7.23491560257105 -18.872202943063364 -11.706868522993513 64.85666556380286 -20.821206639233594 -13.978874245627992 -136.22450333247724 -297.6650693792676
2377 33147.329203128815 5.093933543849342e7 -0.00029745440288309055 -7.235594564180328 -18.871814115309512 -11.706712708711173 64.85667557020612 -20.820706205920885 -13.977240903674442 -136.2229579386862 -297.6568310081967
2378 33151.26950216293 5.0938986790686e7 -4.950928696700885e-5 -7.2349949421381154 -18.87214687663024 -11.706846371574628 64.85664674516272 -20.821203642116757 -13.978874245627992 -136.2246205209433 -297.66583689425636
2379 33155.3487842083 5.09384467086423e7 -0.00018349827969643684 -7.235160871781119 -18.872037472798894 -11.706800564774806 64.85668916682123 -20.82189581969743 -13.980719696095491 -136.2260945329881 -297.675388035723
2380 33159.454602241516 5.093904606610211e7 -0.00015828803967110616 -7.235121896253013 -18.872026857845704 17.00156530089496 69.4376928589574 -20.821346372848495 -13.978800444505737 -136.22460476456394 -297.66485825387986
2381 33163.50416636467 5.139204963437438e7 -4.346882871701041 -15.004970798740317 -2.612845098331732 22.591792638156605 70.30770118123566 -19.952938961560676 -11.13395911907162 -135.1078449732127 -292.42744922550696
2382 33167.59776520729 5.086847180143852e7 -29.96935536222388 -60.80511157339815 -7.6648726550445865 9.2259645838493 96.92110912042753 -48.718581280899116 2.9522142561244777 -157.3360808378347 -297.91632020137604
2383 33171.651205301285 5.206832060432965e7 -12.574151947031382 -29.71121918902941 1.1994985370405082 24.286090426202332 121.9468029159056 -21.03988546920874 16.173382395674935 -136.48621031446817 -298.34835289230466
2384 33175.73329639435 5.8917667916485645e7 -14.023561225256927 -68.1119185628425 90.24417101823921 40.92085557277602 73.16766755282296 -6.020563271120864 23.955674444958277 -114.97666886032579 -186.1085017738431
2385 33179.82343959808 5.244164796185218e7 -16.286019066690628 -36.346179224008935 7.050552639028275 28.21601181060839 127.87976281431487 -21.086208508494337 25.1614325490865 -136.50705983330062 -297.9984277844694
2386 33210.68485403061 5.3011813891629666e7 -14.223715936808873 -32.65977590217983 13.363217863668122 29.294200440338038 129.63275560243133 -13.87565616821422 34.55118567752527 -131.02928814256762 -297.6350492605759
2387 33241.612709999084 5.28467281749658e7 -50.6031408659461 -97.68785184240981 34.518127413022846 83.44786933807501 165.39561395780206 -48.21919524244237 44.59754568427775 -156.40531190209066 -292.2251323736318
2388 33272.471158742905 5.284672874721817e7 -50.60313917786469 -97.68784590676898 34.51812608567407 83.44786870320061 165.39561059665007 -48.21913684433241 44.59754568427775 -156.40528393384318 -292.2251323736318
2389 33303.30804896355 5.094060806715388e7 -0.00014186104287716716 -7.23560264627033 -18.87168213093472 17.00169614894671 69.43757911914237 -20.813194702653675 -13.96785690795889 -136.2147583166203 -297.6493075756929
2393 33427.40467047691 5.093897844920029e7 -4.4395043417466695e-5 -7.234967502307608 -18.87215398915179 -11.706847407254422 64.85665408218776 -20.821371574353634 -13.978845440627936 -136.22475736276755 -297.66583689425636
2394 33458.19012475014 5.139065479981223e7 -4.346270927020967 -15.003173825627794 -2.6140891254279737 22.591326104507086 70.30784358241972 -19.95755095349074 -11.137210655300407 -135.11238697289298 -292.4565645710719
2395 33490.1341984272 5.1390657776198044e7 -4.346287615105737 -15.00315278766481 -2.6140947265262184 22.591324457178093 70.30785589705891 -19.957369668212152 -11.137210655300407 -135.11230301197998 -292.4565645710719
2396 33522.664769887924 5.093918979401983e7 -0.00010880803041857234 -7.235466959803201 -18.87177559098461 17.001659581253076 69.43759299769384 -20.815179214867214 -13.971434497885014 -136.2186792663107 -297.6693683047007
2399 33590.407930374146 5.093898062027088e7 -0.0001033087981738845 -7.235028190174631 -18.872132717455962 -11.70683978007305 64.85666572371635 -20.82135097908497 -13.978874245627992 -136.22473678779573 -297.66583689425636
2400 33594.63257050514 5.0938983075853825e7 -4.276929732327517e-5 -7.234967083543804 -18.872154664121783 -11.706847730215888 64.85665368207592 -20.82129064719186 -13.978845440627936 -136.22468109480872 -297.66583689425636
2401 33628.670149326324 5.093942180364384e7 -0.00019041375422546025 -7.235281916930312 -18.87196001397548 -11.706769506820553 64.85666823276068 -20.820948761818556 -13.976721238229231 -136.22336561031113 -297.6566277268795
2402 33662.097074747086 5.093942786151789e7 -7.04920474561277e-5 -7.234974216489661 -18.87214315673083 17.001519951627795 69.43768613647553 -20.820903475282364 -13.976721238229231 -136.22327965919015 -297.65638678513426
2403 33692.913830280304 5.0938988960850194e7 -2.364866131188137e-5 -7.234962164997356 -18.87216260051085 -11.706851527976678 64.85664897642894 -20.821201927725667 -13.978845440627936 -136.22458046755088 -297.66583689425636
2404 33697.01847720146 5.0938423919907525e7 -9.834103744310596e-5 -7.23498131951127 -18.872131360598715 -11.706837051933139 64.8566742162211 -20.822166020032 -13.980690891095435 -136.2263806776802 -297.67565663916764
2405 33701.011040210724 5.093897928360561e7 -0.0001264771644002849 -7.2350745106647665 -18.8721140988166 -11.706827848482057 64.85668581819395 -20.821385279202445 -13.978845440627936 -136.22472035442183 -297.66583689425636
2406 33705.10082817078 5.139212734698402e7 -4.346744012230943 -15.004799449821142 -2.612966392712952 22.59174659269312 70.30767666249906 -19.952693570083454 -11.13395911907162 -135.1075325964373 -292.42588653982557
2407 33709.17732715607 5.067865564804693e7 -21.275750082048546 -45.26535508163399 -21.997478401429294 2.702530128545213 95.9248206058077 -48.654939458627325 0.9809751150708621 -157.2445863021382 -297.69787874267485
2408 33713.19519996643 5.207127139285206e7 -12.574093506466184 -29.711048542141828 1.1994201264350828 24.28606013275539 121.94680077611004 -21.036682266295713 16.178883005738157 -136.47678993079506 -298.296300033217
2409 33717.42319011688 5.891986903859331e7 -14.023482126878037 -68.11181894520374 90.24394819680688 40.92081666664119 73.16765336169487 -6.015956960369806 23.964938038516152 -114.97047090578644 -186.07675984568237
2410 33721.52400112152 5.2441737630634755e7 -16.286100167491213 -36.346262006835 7.050673471316507 28.216060237324776 127.87977684440601 -21.085771269883026 25.1614325490865 -136.50656731134552 -297.997116449773
2411 33725.56468605995 5.301183278399346e7 -14.223688163816533 -32.659728251732886 13.363199780931403 29.294193901183867 129.63275225075827 -13.875793618762202 34.55118567752527 -131.02932301698178 -297.63461374996655
2412 33729.65268588066 5.139215569128278e7 -4.3466371039404805 -15.0044895121972 -2.6131284696672807 22.59167861884266 70.30766680427779 -19.95242907200435 -11.134932978116183 -135.10797620128693 -292.4266995113926
2413 33733.6870071888 5.139090437539452e7 -4.3493021317716085 -15.007888858481405 -2.6111302805660976 51.300850890203655 74.88936573548044 -19.954073451314684 -11.135976100322068 -135.1121090527788 -292.4511336488553
2414 33737.80162334442 5.13909006060767e7 -4.349305107132281 -15.00789188567607 -2.611129178937521 51.30085128378856 74.88936631784472 -19.954137826541626 -11.135976100322068 -135.1121697653452 -292.4511336488553
2415 33741.884870529175 5.093938383467523e7 -3.239185609515971e-5 -7.234909588328399 -18.872224641119796 -11.70687731634185 64.85665862538828 -20.820770526551826 -13.977240903674442 -136.22284838324424 -297.65564916892276
2418 33754.24423980713 5.0938986769422755e7 -4.02608282570327e-5 -7.2349694236854205 -18.872152592680777 -11.706846902047044 64.85665209737003 -20.82122756566116 -13.978845440627936 -136.22462160233312 -297.66583689425636
2419 33758.37507891655 5.093942089029951e7 -3.4610288395242605e-5 -7.234972049664243 -18.872150684106963 -11.706846211577648 64.85664938459489 -20.820758264872723 -13.976721238229231 -136.22318857633928 -297.6567289371533
2420 33762.47126412392 5.093898676942275e7 -4.0065787842991085e-5 -7.234969514313491 -18.87215252681506 -11.706846878219324 64.85665200373587 -20.82122756566116 -13.978845440627936 -136.22462160233312 -297.66583689425636
2421 33766.65049815178 5.0939371272080645e7 -5.1367861445328344e-5 -7.234954119287739 -18.87216705126672 -11.706852621382279 64.85665773858291 -20.82086703884613 -13.977212098674386 -136.22298362457036 -297.6557323798735
2422 33770.75730228424 5.093943854861418e7 -6.552198736642367e-5 -7.234993934184889 -18.872116541663903 17.00152966306298 69.43767614109362 -20.820754197143003 -13.976721238229231 -136.2231421414786 -297.65638678513426
2423 33774.84234237671 5.093942020380629e7 -1.7054564764862334e-5 -7.234968036680449 -18.872152406396435 -11.706847340742094 64.85664140792302 -20.820855061315456 -13.976721238229231 -136.22323330913633 -297.6567289371533
2424 33805.478768348694 5.09394253481103e7 -5.9773282359287805e-5 -7.235018682384016 -18.872131732989995 -11.706839379261194 64.85665039980051 -20.820675881458897 -13.976750043229288 -136.22306875722552 -297.6567289371533
2425 33836.47096347809 5.1392053774832785e7 -4.34678967406326 -15.004822038449987 -2.6129156554694717 22.591764239101888 70.3076839164704 -19.952767633037467 -11.13395911907162 -135.10770330587104 -292.42744922550696
2426 33867.30888748169 5.0868472924662724e7 -29.96933117265405 -60.8050578667378 -7.664906083421247 9.225950841473015 96.9211028681133 -48.71860355910036 2.9522142561244777 -157.33610185790894 -297.91632020137604
2427 33897.882083654404 5.2070789063185275e7 -12.574076718771437 -29.711040969684777 1.199410361211541 24.28605554204951 121.9467977143337 -21.03684107355133 16.176933463876367 -136.4774631959727 -298.30220239370885
2428 33929.096965789795 5.891767379760593e7 -14.023505490701254 -68.1118368585637 90.24392849903117 40.920820689583124 73.1676571935012 -6.020942733289132 23.95595524309897 -114.97694412079858 -186.10926838717126
2429 33960.124361753464 5.244179348147318e7 -16.286091552073955 -36.34625943681897 7.0506553750271515 28.216053938993507 127.8797733601329 -21.08593248608645 25.161609843422866 -136.50653099110087 -297.9958313292916
2430 33990.056557655334 5.301174888055752e7 -14.223696507669345 -32.659723616022646 13.363195229331115 29.294192295340373 129.63275640620435 -13.875996454316862 34.55118567752527 -131.02961815880934 -297.6358942965335
2431 34021.93810367584 5.093898323266961e7 -3.181849349687127e-5 -7.234964721494457 -18.872161747001034 -11.706850434619742 64.85665476537093 -20.8212989830306 -13.978800444505737 -136.2246730027556 -297.66583689425636
2432 34053.124168634415 5.2849553301190406e7 -50.60367048672123 -97.68829177728858 34.51862230901685 83.44804683943329 165.39573636019563 -48.20919845169243 44.60876843305084 -156.39630379483629 -292.1793259704767
2433 34084.678055524826 5.28489801536979e7 -50.603547487502496 -97.68815883903663 34.5185595460336 112.15638293043445 169.9767211260681 -48.21046403747209 44.60779909117218 -156.3978997523065 -292.18762197304414
2434 34116.641723394394 5.301183579422986e7 -14.223675325220228 -32.6597123725153 13.363185816066153 29.294187914337307 129.6327491486686 -13.875639991943899 34.55118567752527 -131.02921677951787 -297.63461374996655
2438 34242.949665784836 5.0938982905005135e7 -3.9294786915888835e-5 -7.234962448185378 -18.872159094491597 -11.70684964990841 64.85665304850667 -20.821327391858574 -13.978845440627936 -136.224698692706 -297.66583689425636
2439 34247.334200143814 5.093900477246712e7 -4.923241939991385e-5 -7.234972099639979 -18.87214654172537 -11.7068442359958 64.85665363087074 -20.821165673485098 -13.978845440627936 -136.22455519799752 -297.66549474223734
2440 34251.63835000992 5.0938979367529385e7 -3.2279536696933064e-5 -7.234955140860006 -18.872158597756506 -11.706849086318893 64.85665173766114 -20.821326897399388 -13.978845440627936 -136.2247351011302 -297.66583689425636
2441 34285.742282152176 5.0938978449200295e7 -4.485095274731066e-5 -7.234967935589502 -18.87215328724925 -11.706847108370656 64.85665403965042 -20.821371574353634 -13.978845440627936 -136.2247573627675 -297.66583689425636
2442 34319.845274209976 5.0938978449200295e7 -6.998159553006644e-5 -7.235027822187632 -18.87211837157422 -11.7068332103862 64.85665647107224 -20.821371574353634 -13.978845440627936 -136.22475736276755 -297.66583689425636
2443 34351.55178594589 5.0939430323938236e7 -4.159569384398765e-5 -7.234969881183449 -18.872150198823853 -11.706845848632579 64.85665034488021 -20.820826104724404 -13.976721238229231 -136.223247626356 -297.65638678513426
2444 34355.65783786774 5.1392031446938835e7 -4.3468112088609985 -15.004812432426029 -2.6129193751047772 22.59176242910812 70.30769395840136 -19.95303033273842 -11.13395911907162 -135.1079463361752 -292.4275491776315
2445 34359.835105895996 5.086845494573815e7 -29.96931022541625 -60.80505208949704 -7.664918584450788 9.22594588574784 96.92109831571307 -48.71860452743164 2.9522142561244777 -157.3361009815369 -297.9166224232019
2446 34363.96612095833 5.086846972950589e7 -29.969322381322286 -60.80505595226379 -7.664912247359208 9.225948065533334 96.92110103563603 -48.718659447221455 2.9522142561244777 -157.33615452839473 -297.91632020137604
2447 34367.99298596382 5.2070792328621276e7 -12.574075528450336 -29.711047120883787 1.1994112922975688 24.286056512540068 121.94679503794484 -21.036781023979813 16.176933463876367 -136.4774066923581 -298.30220239370885
2448 34372.116111040115 5.891775867286445e7 -14.023511109448876 -68.11183973159031 90.2439063279999 40.920818725726946 73.1676593631307 -6.020709648996956 23.95595524309897 -114.97665147133193 -186.10796632940054
2449 34376.19764089584 5.2441790191652216e7 -16.286084626674025 -36.34626417578063 7.050657359969119 28.216054860340122 127.87976929483526 -21.08597187576555 25.161609843422866 -136.50656811300615 -297.9958313292916
2450 34380.273607730865 5.301183138166181e7 -14.223703472692577 -32.65973618822375 13.36321342026725 29.294198972314653 129.63275419378925 -13.875756607154187 34.55118567752527 -131.02930785911371 -297.63461374996655
2451 34384.32809972763 5.093898011085095e7 -6.441724053729558e-5 -7.2349815479649955 -18.87214908103881 -11.706845512246723 64.85666146850569 -20.82150970326626 -13.978845440627936 -136.22477223356623 -297.66583689425636
2452 34388.375327825546 6.295154921405242e7 -48.881622045953904 -130.41951891609327 164.66519406720784 184.85251112234863 210.9993635168219 1.1427059787988014 113.61473879790526 -109.0444076931505 -180.04837521326533
2453 34392.477012872696 6.2951592090127476e7 -48.881623917705994 -130.4195226238281 164.6652075256121 184.85251286786666 210.99936396235435 1.1427922235046708 113.61473879790526 -109.0442828772064 -180.04771786115208
2454 34396.584560871124 5.093942155585506e7 -4.710527400675346e-5 -7.234999779666797 -18.872135892111725 -11.706840734361784 64.8566489357456 -20.820795740934102 -13.976721238229231 -136.22317676674083 -297.6567289371533
2458 34412.67630267143 5.093942155585506e7 -3.78702259382635e-5 -7.234990124722515 -18.8721403880023 -11.706842894409874 64.85664576764222 -20.820795740934102 -13.976721238229231 -136.22317676674083 -297.6567289371533
2459 34416.65313267708 5.093898663442379e7 -1.0165067507728054e-5 -7.2349611598755565 -18.872153875676503 -11.706849374555382 64.85663626332857 -20.821373141507593 -13.978890232212564 -136.22466839518898 -297.66583689425636
2460 34420.72487473488 5.543839165312365e7 -34.391533804116165 -68.70925705189191 45.026229565693114 127.39542350005398 253.33103720775216 -14.661177108979984 101.05106845113608 -131.6236112708761 -297.86519248017555
2461 34424.77744650841 6.18947564626145e7 -32.12995551065406 -100.47520734904413 128.22265164157295 140.1006615359925 198.61941122422792 0.5024711711530472 100.09807863354365 -110.06903701685303 -186.5240287394701
2462 34428.857464551926 5.093899011456255e7 -3.395542617568026e-5 -7.234996713822312 -18.872139469756455 -11.70684289381926 64.85664429105252 -20.82128843167277 -13.978890232212564 -136.2245999088206 -297.66583689425636
2465 34441.1466023922 5.09390090129511e7 -5.010910570035776e-6 -7.234952256846611 -18.87215729357645 -11.706851114300463 64.85663443639199 -20.821194666765905 -13.978717171843925 -136.2245072455106 -297.665324076392
2466 34445.278401613235 5.093900898378202e7 -6.208202407265162e-6 -7.234954324993119 -18.872156499609563 -11.706850710163305 64.85663486078285 -20.82117670423463 -13.978717171843925 -136.22449909122906 -297.665324076392
2467 34476.62635755539 5.093904989413781e7 -2.24126620480547e-5 -7.234990040297383 -18.87213580669769 -11.70684224251751 64.85663696526295 -20.821056588703584 -13.978717171843925 -136.224364262432 -297.6647133209284
2468 34508.38149547577 5.093943824803593e7 -4.352684143782426e-6 -7.234955819994468 -18.872156961384448 -11.706850857395203 64.85663387192001 -20.820768859441102 -13.976592969445221 -136.22312727528828 -297.65621611928896
2469 34539.12817454338 5.093901135346225e7 -2.834219770875279e-6 -7.234952836556225 -18.872156883730447 -11.706850574621711 64.85663462575899 -20.82107768392956 -13.978717171843925 -136.22445183955494 -297.665324076392
2470 34570.05007433891 5.0939010057349324e7 -1.4402026948800994e-6 -7.234953274771389 -18.872162009346933 -11.706852808869527 64.85663509482143 -20.8211367199213 -13.978717171843925 -136.2244802307514 -297.665324076392
2471 34600.80287194252 5.093900901295109e7 -7.202816163953685e-6 -7.234954722237497 -18.87215596463066 -11.706850486577945 64.85663534520387 -20.821194666765905 -13.978717171843925 -136.2245072455106 -297.665324076392
2472 34631.56508564949 5.139205220092735e7 -4.3467804741693925 -15.004812842431061 -2.612919598523824 22.591761106979536 70.3076776399431 -19.952769060792605 -11.13395911907162 -135.1077257856105 -292.42744922550696
2473 34661.851848363876 5.086846887285366e7 -29.96928952387495 -60.80504808666361 -7.664904417019201 9.225949662799042 96.92108356814362 -48.718794611798046 2.9521713517407875 -157.33621237293414 -297.91632020137604
2474 34693.36065196991 5.207066095739116e7 -12.574048532608913 -29.711054503843414 1.1994058974630306 24.286054167362877 121.94677721655354 -21.03662368335074 16.177849312726494 -136.47744012465932 -298.3049268010142
2475 34725.488446474075 5.891743259518125e7 -14.02347667012036 -68.11181746296579 90.2440011226354 40.92082371801559 73.16764413621944 -6.020906113928902 23.955045411956917 -114.97722490003997 -186.1118340173748
2476 34757.36851358414 5.2441845079696074e7 -16.286060801634534 -36.34627669173211 7.050633205856332 28.21604794821479 127.87974386057735 -21.08627332730117 25.16114397965316 -136.50657140101185 -297.9945854773757
2477 34789.658821344376 5.301185806397201e7 -14.223655104424253 -32.65972631035898 13.363201724800962 29.294192695103316 129.63273521762392 -13.875635596643747 34.551134506072685 -131.02918112252394 -297.6343377134082
2478 34822.20575714111 5.093899236420031e7 -1.0822354667539003e-5 -7.234948693785107 -18.872165344146033 -11.706853487382226 64.85663938375195 -20.82122149064213 -13.97891903721262 -136.224544319185 -297.66583689425636
2479 34853.05088639259 5.421989519639468e7 -51.78607123548653 -99.80243396365917 36.16148122648718 112.33515661612869 228.30518719460454 -42.244833016796576 88.03627672725395 -152.45565921127854 -297.73985001521214
2480 34857.20924329758 5.421989519639468e7 -51.786078690690076 -99.80244652573785 36.161489467113334 112.33515995279483 228.3051886660197 -42.244833016796576 88.03627672725395 -152.45565921127854 -297.73985001521214
2481 34861.30811715126 5.093901005734933e7 -1.0498177488216243e-5 -7.234956948549648 -18.872155444796626 -11.706850038203545 64.85663702446837 -20.8211367199213 -13.978717171843925 -136.2244802307514 -297.665324076392
2485 34961.22784638405 5.093898663442379e7 -9.119044378280705e-6 -7.234960430776919 -18.872154255926734 -11.706849509683448 64.85663589972108 -20.821373141507593 -13.978890232212564 -136.22466839518898 -297.66583689425636
2486 34965.2235455513 5.09394191939407e7 -5.980974535191308e-6 -7.234958243480101 -18.872155396677417 -11.706849915067504 64.85663480889923 -20.820858337896595 -13.97676602981386 -136.22320926246744 -297.6567289371533
2487 34969.42555761337 5.441186858769966e7 -60.47940607861523 -115.34203543126172 50.493969693272405 118.85853299549566 229.30140573599513 -42.46374582259858 89.70904454573872 -152.59876247912865 -297.77486763019294
2488 34973.46007347107 5.441181661582064e7 -60.47942709317209 -115.3420464189032 50.49398390116932 118.8585401174817 229.30140157077284 -42.46387480382157 89.70904454573872 -152.59892161627698 -297.7758999668059
2489 34977.4327852726 5.093901005734933e7 -7.809298679717358e-6 -7.234951944561345 -18.872158517139223 -11.706851239384825 64.85663663678076 -20.8211367199213 -13.978717171843925 -136.2244802307514 -297.665324076392
2492 34989.77781319618 5.093941919394069e7 -5.854451458731091e-6 -7.234958109748234 -18.87215543252397 -11.706849931751222 64.8566347548421 -20.820858337896595 -13.97676602981386 -136.22320926246744 -297.6567289371533
2493 34993.83332633972 5.093941844727994e7 -5.474882215139587e-6 -7.234957708552539 -18.872155540063662 -11.706849981802073 64.85663459267076 -20.820871398121596 -13.97676602981386 -136.22322157077883 -297.6567289371533
2494 34997.85131406784 5.093941844727995e7 -4.336174839636442e-6 -7.234956504965705 -18.87215586268249 -11.706850131954845 64.85663410615643 -20.820871398121596 -13.97676602981386 -136.22322157077883 -297.6567289371533
2495 35001.95573925972 5.067851089308946e7 -21.275484331114455 -45.26474534527884 -21.997879522826803 2.7023650949911513 95.92480749774687 -48.655256688328166 0.9796204041903138 -157.2448951699031 -297.6994604647049
2496 35006.044758319855 5.067850877727232e7 -21.275563437844696 -45.26480485328032 -21.997840972538853 2.70238172393881 95.9248374416203 -48.65521658660174 0.9796204041903138 -157.2449109562508 -297.6994604647049
2497 35010.125274419785 5.093898663442379e7 -7.486752181762313e-6 -7.234952543866701 -18.872157687195752 -11.706850814827561 64.85663619276887 -20.821373141507593 -13.978890232212564 -136.22466839518898 -297.66583689425636
2500 35022.26579403877 5.093941844727994e7 -2.5645433936460904e-6 -7.234954739663387 -18.872156597855316 -11.706850436594273 64.85663342851721 -20.820871398121653 -13.97676602981386 -136.22322157077883 -297.6567289371533
2501 35026.37901496887 5.086736569405856e7 -29.96958957850282 -60.80587251393152 -7.664359436397696 37.93453307494491 101.50210380213247 -48.72145411071267 2.948818658470259 -157.3413394800358 -297.9341383943365
2502 35030.42412877083 5.086769590818532e7 -29.969638120107604 -60.805933385770174 -7.664354337432492 9.226176129729907 96.92110277499096 -48.72023243053809 2.951692210116164 -157.34023757301884 -297.9304119827784
2503 35034.48421669006 5.093898663442379e7 -6.926189158207308e-6 -7.234952607662219 -18.872157702310503 -11.706850772740001 64.85663597241997 -20.821373141507593 -13.978890232212564 -136.22466839518898 -297.66583689425636
2506 35046.86900162697 5.0939415775018e7 -7.885087995873619e-6 -7.234968701287933 -18.872148010903256 -11.706847015684673 64.8566335736097 -20.82092053954841 -13.97676602981386 -136.22326781038015 -297.6567289371533
2507 35050.98382663727 5.0939415775018e7 -4.243109927415389e-6 -7.234955982867888 -18.87215658891237 -11.706850489070476 64.85663367283394 -20.82092053954841 -13.97676602981386 -136.22326781038015 -297.6567289371533
2508 35055.05831861496 5.093941577501801e7 -7.126791103928554e-7 -7.234952483855988 -18.872157893719542 -11.706850990085773 64.85663283513179 -20.82092053954841 -13.97676602981386 -136.22326781038015 -297.6567289371533
2510 35116.387031793594 5.886751589847804e7 -43.99198575299218 -121.68126951365775 101.45223307883862 90.56200707839885 109.81281834377663 -33.983008762719294 40.81423844297876 -136.03917471253573 -185.85101705609054
2511 35147.16442656517 5.886751698196974e7 -43.991990519883956 -121.6812732306513 101.45223696478587 90.56200869878467 109.81281914494272 -33.98297131639765 40.81423844297876 -136.03915771338103 -185.85101705609048
2512 35178.12821626663 5.0939419193940714e7 -6.644840496505822e-6 -7.23495383508261 -18.872156899326615 -11.706850476339987 64.85663534043165 -20.820858337896595 -13.97676602981386 -136.22320926246744 -297.6567289371533
2514 35213.18887233734 5.0939415775018014e7 -3.8353161357918e-7 -7.234952324164951 -18.87215822660648 -11.70685110470934 64.85663272246555 -20.820920539548524 -13.97676602981386 -136.22326781038015 -297.6567289371533
2515 35217.56463623047 5.093941577501801e7 -5.439485164515645e-7 -7.234952401991656 -18.872158064365262 -11.70685104884462 64.85663277737657 -20.82092053954841 -13.97676602981386 -136.22326781038015 -297.6567289371533
2516 35250.70361447334 5.0939415775018e7 -3.775711832076922e-8 -7.234952156398396 -18.87215857630243 -11.706851225121383 64.85663260410809 -20.820920539548524 -13.97676602981386 -136.22326781038015 -297.6567289371533
2517 35285.051050424576 6.282204128502087e7 -78.84934310700507 -183.9879902438952 175.8692262271105 205.78463472263275 243.06337513802612 -27.070205604159526 129.8815971291533 -130.32146484004733 -180.85165627376819
2518 35317.02752280235 6.282203945631654e7 -78.84934434095227 -183.98799155168263 175.8692324560111 205.7846351776441 243.06337611983838 -27.070259365773495 129.8815971291533 -130.32149107971622 -180.85165627376819
2519 35321.027389764786 5.093941844727994e7 -4.513035804620813e-6 -7.234952360034594 -18.8721578487037 -11.706850807204209 64.85663456639047 -20.820871398121596 -13.97676602981386 -136.22322157077883 -297.6567289371533
2522 35333.322263002396 5.0939415489132434e7 -1.9551610819235066e-7 -7.234953380799105 -18.8721577501597 -11.706850925933615 64.85663243910456 -20.820976513319465 -13.97676602981386 -136.22329401129264 -297.6567289371533
2523 35337.379349946976 5.0939417132591195e7 -6.687931914939327e-7 -7.234957054001001 -18.872155271730723 -11.706850028370077 64.85663194409292 -20.820901322750444 -13.97676602981386 -136.22323613442984 -297.6567289371533
2524 35341.42964410782 5.3946162043002285e7 -63.176419906329826 -120.16278738191517 54.58894094499007 119.4404731771088 222.4854385090575 -48.908057016262035 73.74712166331801 -156.9908874651881 -292.41240731695274
2525 35345.49192118645 5.394618527850664e7 -63.17644116508606 -120.16282911255078 54.58896861167579 119.44048366098282 222.485441503164 -48.90809179557681 73.74712166331801 -156.9909024169262 -292.41213017116536
2526 35349.60723209381 5.093941844727994e7 -3.323575597846684e-6 -7.234952149562911 -18.872157767410716 -11.706850746871822 64.85663407999684 -20.820871398121596 -13.97676602981386 -136.22322157077883 -297.6567289371533
2529 35361.887291908264 5.093941356437654e7 -3.2051232778940175e-7 -7.234954206614049 -18.872155296633807 -11.706849971515279 64.85663131950426 -20.820982921290238 -13.97676602981386 -136.2233129624973 -297.6567289371533
2530 35365.93978595734 5.225242689972484e7 -7.592385700528226 -20.805981429854505 -7.282238501629326 21.692506076511393 126.88351953277224 -21.070994035400247 23.08934083556221 -136.45987042285867 -297.6512608942327
2531 35370.11640071869 5.225242689972484e7 -7.592385756870314 -20.805981448701388 -7.282238337780921 21.692506127292233 126.88351961542577 -21.070994035400247 23.08934083556221 -136.45987042285873 -297.6512608942327
2532 35374.30484557152 5.3011858063972e7 -14.223646698617003 -32.65970985428643 13.363191038750468 29.294188546588895 129.63273414277296 -13.875635596643747 34.551134506072685 -131.02918112252394 -297.6343377134082
2535 35386.4709584713 5.093941356437654e7 -1.706296899328663e-7 -7.234954052045886 -18.87215537853572 -11.706850009272578 64.85663126603708 -20.820982921290238 -13.97676602981386 -136.22331296249723 -297.6567289371533
2536 35390.60413622856 6.021847604423644e7 -21.616336614079515 -81.68388028748976 101.83545041389493 74.32049951124087 135.19457028411904 -6.480215488956503 60.580706456740245 -115.28197527717299 -185.80686521906733
2537 35421.838384866714 6.021847604423644e7 -21.616336634108293 -81.68388031221482 101.83545048203445 74.32049952268002 135.194570289184 -6.480215488956617 60.580706456740245 -115.28197527717299 -185.80686521906733
2538 35452.425074100494 5.301181165300117e7 -14.223642410150617 -32.659701611440454 13.36318572249036 29.29418648569563 129.63273351717152 -13.87572895174975 34.551134506072685 -131.029316228854 -297.63504926057584
2541 35491.327122449875 5.093943991172094e7 -1.6167075784778717e-6 -7.234953020737898 -18.87215689718366 -11.706850827844406 64.85663206744069 -20.820747171120786 -13.976592969445221 -136.22308609360766 -297.65621611928896
2542 35522.959275722504 5.093948109420184e7 -2.633226567638758e-5 -7.235013712738301 -18.872119181593124 -11.706835754998679 64.85663393095284 -20.82063774317669 -13.976592969445221 -136.22295019110067 -297.6556053638253
2543 35555.49586868286 5.0939414341087796e7 -4.377374125397182e-7 -7.234956818103274 -18.872153584154916 -11.706849181671622 64.85663048710148 -20.821017231610313 -13.97676602981386 -136.22333781844827 -297.6567289371533
2544 35587.576166152954 5.093898459627798e7 -1.536362827891935e-5 -7.234963894490416 -18.872145920007483 -11.7068457330973 64.85663673090167 -20.82134726786427 -13.978845236090365 -136.2246977578568 -297.66583689425636
2545 35591.54209303856 5.093940825926347e7 -6.994042371388787e-5 -7.235031332960382 -18.87211426558338 -11.706832791372904 64.85665270784199 -20.82115125832206 -13.97676602981386 -136.2234444823237 -297.6567289371533
2546 35595.620774030685 5.13920488555337e7 -4.346765472169224 -15.004796563546993 -2.612923312934182 22.591758757148646 70.30767129230715 -19.952871360022925 -11.13395911907162 -135.10779726710695 -292.42744922550696
2547 35599.86197710037 5.086847553550314e7 -29.969284196412715 -60.805051447877375 -7.664900501242887 9.225951517937041 96.9210784573664 -48.71867780976612 2.9522142561244777 -157.33612828569375 -297.91632020137604
2548 35603.88589310646 5.207117757810924e7 -12.574039396605542 -29.711050171749328 1.1993992344624083 24.28605252410587 121.94676951509881 -21.03645890159197 16.179806464583862 -136.47668384406506 -298.29805166022584
2549 35607.98010611534 5.891756890844117e7 -14.023462894080723 -68.11180420861692 90.24400474772006 40.92082292703269 73.16763717744983 -6.021171015512834 23.954058267774712 -114.977302174329 -186.10833262842294
2550 35611.92688727379 5.236400390817404e7 -46.25534128057345 -89.916355265287 18.25786316331753 49.14884125572965 159.94418336516839 -49.12250376212057 41.745052356505994 -157.580800847131 -298.1249661519435
2551 35615.97090601921 5.244177984540614e7 -16.28605206802368 -36.34627657641276 7.050654464942255 28.2160546204392 127.87974214766007 -21.085766946203535 25.1614325490865 -136.50658791956687 -297.9964401906825
2552 35619.96353793144 5.244178912359194e7 -16.286091571311758 -36.34629346371709 7.050667492825088 28.216059158408207 127.87976613316287 -21.086022208670272 25.161609843422866 -136.5066155284668 -297.9958313292916
2553 35624.10753774643 5.301185580897279e7 -14.223643939204948 -32.65971840394977 13.3631999220671 29.294192067790778 129.63272881166984 -13.87571358318769 34.551134506072685 -131.02923824594404 -297.6343377134082
2554 35628.18748664856 6.156076870825497e7 -72.85339635495963 -173.26995955553943 147.4480096037729 137.76982054710243 225.34556553935047 -34.570144533303846 109.84005263839276 -136.4203011420297 -185.4340104972344
2555 35632.37229967117 6.193981806833054e7 -77.2001653880475 -181.03980945341314 163.70722477410328 172.06842817355536 230.79660507732328 -34.115518040570976 111.74783689922731 -135.65935041715932 -180.76720641226507
2556 35636.46178174019 5.093941721336645e7 -8.121176577446931e-6 -7.234955118376458 -18.87215732867619 -11.706850557776306 64.85663633378093 -20.820935372085216 -13.97676602981386 -136.22328201559714 -297.6567289371533
2558 35644.57936358452 5.093941325800254e7 -1.2511164726447532e-6 -7.234952122357438 -18.87215464280526 -11.706849680670917 64.85663118576583 -20.82098936136515 -13.97676602981386 -136.2233190289125 -297.6567289371533
2559 35648.60012173653 5.093942950214909e7 -4.492574461778531e-6 -7.234946333289663 -18.872152435613884 -11.706848694866377 64.85663094495263 -20.82100626667784 -13.97676602981386 -136.22330484696545 -297.65638678513426
2561 35656.60488533974 5.413770081928794e7 -26.797719725681887 -55.13568850868634 33.43471419396885 93.99544034540888 191.3039188754824 -14.392498868122061 64.10434625078949 -131.41465782685543 -297.78502941390013
2562 35660.6914703846 5.413770339019773e7 -26.797732044666958 -55.135681616968014 33.43472090181165 93.99544186357099 191.30392776293021 -14.392579021647691 64.10434625078949 -131.41474530329117 -297.7852079449159
2563 35664.74135541916 5.30118558089728e7 -14.22364077694128 -32.6597054450937 13.363190582732866 29.294188421335658 129.6327303210113 -13.87571358318769 34.551134506072685 -131.02923824594404 -297.6343377134082
2566 35676.849999427795 5.0939431426266626e7 -1.239741038716602e-7 -7.234939300369671 -18.8721563212588 -11.706850301828371 64.85662991168827 -20.820921845433134 -13.97676602981386 -136.22326652304656 -297.65638678513426
2567 35707.28712320328 5.09394384491884e7 -3.414878904095531e-7 -7.234956733145058 -18.87214565777769 -11.706845849180002 64.85662716700226 -20.820838661311313 -13.97676602981386 -136.22317671812317 -297.65638678513426
2568 35711.47753620148 5.093942950214909e7 -7.153329733000646e-6 -7.234949914392757 -18.872150698990456 -11.706847999739953 64.85663152847282 -20.82100626667784 -13.97676602981386 -136.22330484696545 -297.65638678513426
2569 35715.65697002411 5.0939453790984154e7 -2.9693702146005307e-6 -7.234957354377819 -18.872144114557784 -11.706846043753348 64.85662801543812 -20.820747452380033 -13.976592969445221 -136.22307540907826 -297.65587396726994
2570 35748.37931275368 5.093937928669157e7 -1.0060406196998883e-6 -7.234948327799582 -18.872152913605312 -11.706848964512332 64.85662887545803 -20.82077014273881 -13.977256890259014 -136.22286661981332 -297.6557323798735
2571 35781.08185648918 5.4072402757405646e7 -33.206886419273715 -66.59217067008738 43.38150792183724 127.21593549346258 195.0019683909383 -20.61698273013758 57.66069359675453 -135.58167159366116 -292.1619103563843
2572 35813.57594037056 5.6097457439612955e7 -47.430265488094776 -92.01632424753919 75.61648503624727 168.21682749540253 259.7780431823167 -13.99660671199075 105.50925026993002 -130.6072334763274 -292.16462471428105
2573 35817.65903329849 5.301181056478626e7 -14.223639262750496 -32.65969835929142 13.36318690905954 29.29418700374995 129.6327305419031 -13.875771277732781 34.551134506072685 -131.02935620263423 -297.63504926057584
2575 35826.15860366821 5.093944147103702e7 -4.449880535162265e-6 -7.234958980851577 -18.872140352856686 -11.706843749029748 64.8566268323233 -20.82077514113365 -13.97676602981386 -136.2231168834508 -297.65638678513426
2576 35830.13820767403 5.09394384491884e7 -6.869795186048577e-7 -7.234957021008615 -18.872145506482624 -11.706845780291474 64.85662729513422 -20.820838661311313 -13.97676602981386 -136.22317671812317 -297.65638678513426
2577 35834.20296382904 5.0939438449188404e7 -5.899775317175227e-7 -7.234956940180389 -18.872145548964667 -11.706845799634479 64.85662725916006 -20.820838661311313 -13.97676602981386 -136.22317671812317 -297.65638678513426
2578 35838.29419159889 5.093881751071955e7 -7.887448262522412e-6 -7.2349572997221046 -18.872145115116776 -11.70684488633761 64.85663112127646 -20.821711883937837 -13.980319990312466 -136.22492939893573 -297.66642941015783
2579 35842.43762254715 5.0939389150075234e7 -5.132849736355638e-6 -7.234968688594151 -18.872143345823403 -11.706844729968854 64.85662774081923 -20.82057075646054 -13.977256890259014 -136.22270745966006 -297.65573237987354
2580 35846.60687947273 5.09394384491884e7 -2.099086600537703e-6 -7.234958323986074 -18.87214478156497 -11.706845446198848 64.85662785515207 -20.820838661311313 -13.97676602981386 -136.22317671812317 -297.65638678513426
2581 35850.63077425957 5.093944035017883e7 -7.415165171664739e-6 -7.2349628573315705 -18.872142653495274 -11.706844523412144 64.85662957895124 -20.82084945458064 -13.97676602981386 -136.22317397783513 -297.65638678513426
2582 35854.61931061745 5.139209688921749e7 -4.346755838982787 -15.004791481243895 -2.612913144492154 22.591761762161987 70.30766357101868 -19.952685946000656 -11.13395911907162 -135.10754924503055 -292.42665181036455
2583 35858.63485145569 5.086850442455539e7 -29.969293373507142 -60.80505661198488 -7.664890394174105 9.225955805055385 96.92107906538577 -48.7187575267302 2.951183341666706 -157.33613946517528 -297.91447388949587
2584 35862.706094264984 5.207115859566908e7 -12.574043239005718 -29.71105864959782 1.199399310435389 24.28605455494832 121.94676368155967 -21.036510724296704 16.179806464583862 -136.47673281269687 -298.2984652223013
2585 35866.67926836014 5.891756559610763e7 -14.023460037040266 -68.11179815917069 90.24402615523707 40.920826542385655 73.16763326659358 -6.021299193270977 23.954058267774712 -114.97739859469965 -186.1083326284229
2586 35870.75287628174 5.244179318788857e7 -16.28605311548472 -36.34627096293195 7.050651540332975 28.21605413608983 127.87973927190556 -21.086026707795895 25.160966685316794 -136.50664838911803 -297.9958705978571
2587 35874.85619831085 5.301185615654825e7 -14.223663284429165 -32.65972970553533 13.363215401790136 29.2941984877206 129.6327330826355 -13.87568734529691 34.551134506072685 -131.02922608739556 -297.6343377134082
2589 35883.11872434616 6.010504161777582e7 -26.597659433070092 -90.58807229804796 110.3161637425572 105.6221916115881 134.8388399038019 -6.307854785615575 53.97026483182776 -115.21231544037431 -185.46293985372233
2590 35887.2612092495 6.010503879034711e7 -26.597661796907417 -90.58807653019934 110.3161835009567 105.622194423272 134.83884020933675 -6.307901007864928 53.97029899034737 -115.21238925224156 -185.46293985372222
2591 35891.380986213684 5.301181259917486e7 -14.2236385831485 -32.65969679147578 13.363187554874234 29.294187341376208 129.63272974553732 -13.875768610015427 34.551134506072685 -131.02933723066172 -297.6350492605759
2593 35953.9592461586 5.093947529802117e7 -1.5212079404136603e-5 -7.235007085788876 -18.872113392121257 -11.70683337910858 64.85662468958381 -20.820815769475416 -13.97676602981386 -136.2231033286642 -297.6557760296706
2594 35984.902720451355 5.093942833761006e7 -7.972138320155864e-6 -7.234984558464191 -18.8721349860131 -11.70684130298459 64.85662698909385 -20.820497210141355 -13.977256890259014 -136.22259767979244 -297.65512162440996
2595 36015.79499602318 5.0939924948002e7 -3.086402894325602e-5 -7.235068034354679 -18.8721029707153 -11.706827664402272 64.85662645536092 -20.819478232491747 -13.976162822668527 -136.22099969072661 -297.6469956270125
2596 36046.50433945656 5.393802081302423e7 -18.104046904474913 -39.595790856081805 19.10197725991948 87.47196233752601 190.30761387712676 -14.303497354852595 62.26730378555999 -131.3284435075413 -297.8213069392834
2597 36077.51855802536 5.393802081302424e7 -18.10404719161629 -39.59579120863011 19.101977435620153 87.47196241331531 190.30761397750908 -14.303497354852766 62.26730378555999 -131.3284435075413 -297.8213069392834
2598 36108.02507472038 5.0939390012425095e7 -2.4101188245140293e-6 -7.234963336806224 -18.87215017267197 -11.706847081843136 64.85662940659658 -20.820515835144363 -13.977212098674386 -136.22267069717213 -297.65573237987354
2601 36202.209664821625 5.093942787931993e7 -2.212342167240422e-6 -7.234992804412293 -18.87212304018469 -11.706837429002988 64.85662041353807 -20.8205183997988 -13.977256890259014 -136.22260633148846 -297.65512162440996
2603 36265.35277056694 6.2248103335527726e7 -35.83981144067532 -107.10841921507487 134.0702277922345 144.029823690461 204.5516426754042 0.2178612370237829 108.63330939737739 -110.27914501588288 -185.98987959203498
2604 36297.75475907326 6.335598068418307e7 -78.38307685277373 -183.15454883827218 165.34898588519496 200.9555082373408 293.70620211687924 -27.994484003570847 155.4444258145777 -131.4511143167183 -185.77454873609298
2605 36301.97793507576 5.093938943832206e7 -1.960812866741435e-6 -7.23496704693714 -18.87214704872829 -11.70684595861744 64.85662827932242 -20.82053816480999 -13.977256890259014 -136.22269178590028 -297.65573237987354
2608 36371.26426577568 5.0939384246898286e7 -5.726044440734768e-5 -7.23514409352272 -18.872037296263166 -11.70680325779092 64.8566216641367 -20.82062204972806 -13.977256890259014 -136.22278568746572 -297.6559733216187
2609 36403.39335346222 5.093942787931993e7 -1.9092156833266927e-7 -7.23499069012172 -18.872123228613184 -11.706837455660914 64.85662008263587 -20.8205183997988 -13.977256890259014 -136.22260633148846 -297.6551216244099
2610 36407.45294928551 6.069702072855224e7 -49.52262270428004 -131.56669964336166 119.35315336152794 96.33110052268104 169.01185997163978 -27.27217251585097 86.68044766090816 -130.94022325672 -185.83539539293872
2611 36411.532942295074 6.069706651269558e7 -49.52262358988732 -131.56670084648866 119.35315846205253 96.33110130529585 169.0118601777559 -27.27207918481662 86.68044766090816 -130.9400898972953 -185.8346975056421
2612 36415.5365653038 5.0939393445279434e7 -3.7220979152152722e-6 -7.234938941791768 -18.872168269002927 -11.706854265670476 64.85663354046433 -20.820452830134514 -13.977240903674442 -136.2226189214549 -297.65573237987354
2614 36423.52158641815 5.0939427879319936e7 -1.6813876868582156e-7 -7.234990599142449 -18.87212322011316 -11.706837456145827 64.85662007696368 -20.8205183997988 -13.977256890259014 -136.22260633148846 -297.6551216244099
2615 36427.49738740921 5.093938292639586e7 -6.582908771690654e-5 -7.2351419066050155 -18.872031830962232 -11.706800873198457 64.85662573001014 -20.82063014261348 -13.977256890259014 -136.2227680490658 -297.6559733216187
2616 36431.67207336426 5.093942586279432e7 -1.6280495657383653e-5 -7.2350031168340045 -18.872107728005293 17.00153102701179 69.4376468399968 -20.82052105864574 -13.977256890259014 -136.22263842898275 -297.65512162440996
2617 36435.73138546944 5.0939427879319936e7 -3.821680252258375e-7 -7.234991454646789 -18.872123300173467 -11.706837451636869 64.85662013020624 -20.820518399798857 -13.977256890259014 -136.22260633148846 -297.65512162440996
2618 36439.85863041878 5.093942586279432e7 -7.216773241225383e-7 -7.234992811918303 -18.872123427209125 -11.706837444491665 64.85662021464974 -20.820521058645852 -13.977256890259014 -136.22263842898275 -297.6551216244099
2619 36443.9189453125 5.093942586279432e7 -6.845704930924512e-6 -7.234999181467138 -18.872121240622004 -11.706836651108059 64.85662143006232 -20.820521058645852 -13.977256890259014 -136.22263842898275 -297.65512162440996
2620 36447.957109451294 5.0939946577354446e7 -3.7681110995890776e-6 -7.2350118976405575 -18.87212681990982 -11.706837975807929 64.8566205634373 -20.819380949227423 -13.976162822668527 -136.22085740597123 -297.6466534749935
2621 36452.11358332634 5.139209422976948e7 -4.346764538489396 -15.004830429262249 -2.6128851573072893 22.591772172135016 70.30765994360837 -19.95275374711082 -11.13395911907162 -135.1076130424516 -292.42665181036455
2622 36456.16930937767 5.086847878997851e7 -29.969285017075805 -60.805093452346924 -7.664874709325954 9.225961522517448 96.92106769865731 -48.718672835764835 2.951183341666706 -157.33614565223877 -297.9148395194477
2623 36460.34271931648 5.20711591124763e7 -12.574043370122922 -29.711092450272325 1.1994216097972519 24.286062948957632 121.94675656614032 -21.036434677608952 16.179806464583862 -136.47669638764557 -298.2984652223012
2624 36464.4174926281 5.891758365561982e7 -14.02345732130027 -68.11181906276131 90.2441252351718 40.920839246678554 73.16762751040233 -6.02133486136978 23.954058267774712 -114.97743419128119 -186.10829898960844
2625 36468.47321867943 5.244178647126904e7 -16.2860512312932 -36.3463057517153 7.050662933210749 28.216059701091204 127.87972723643088 -21.08620839222931 25.160966685316794 -136.50676795235216 -297.9958705978571
2626 36472.55865955353 5.301186017965097e7 -14.223642509944469 -32.659751385629875 13.363229384245816 29.29420345802184 129.63271773904103 -13.876580359593618 34.547623376855654 -131.02947341774905 -297.6307909720763
2628 36507.327513456345 6.2415342287724525e7 -74.50256166389441 -176.2181427904348 159.60996519859106 171.4860139178022 237.6123204240623 -27.730816910076896 127.49061158113057 -131.2830557822757 -185.5628498708802
2629 36511.63921928406 6.2415343923351586e7 -74.50257568260899 -176.218148966372 159.6099840611938 171.48601817544588 237.6123262657126 -27.730678716427292 127.49061158113057 -131.28298966949677 -185.5628498708802
2630 36515.942063331604 5.301186115533383e7 -14.223642085644514 -32.659741751842326 13.363219525484283 29.29419973277159 129.6327208006148 -13.876594005735285 34.547623376855654 -131.02945218328153 -297.6307909720762
2632 36583.55517625809 5.093942787931993e7 -2.976356014983139e-6 -7.234992028748124 -18.87212228778964 -11.706836997916664 64.85662131202213 -20.8205183997988 -13.977256890259014 -136.22260633148846 -297.6551216244099
2633 36615.72462296486 5.0939427879319936e7 -2.7411332553128887e-5 -7.23505134436148 -18.872086278334493 -11.706822650269935 64.85662278283303 -20.8205183997988 -13.977256890259014 -136.22260633148846 -297.65512162440996
2634 36619.78216075897 5.0939427879319936e7 -8.836678773604945e-6 -7.234995812151787 -18.872116134270794 17.00152764489124 69.43764721007682 -20.8205183997988 -13.977256890259014 -136.22260633148846 -297.65512162440996
2635 36623.93504977226 5.067867620487675e7 -21.275770665254612 -45.265405660040244 -21.997435653225246 2.7025487535179664 95.92480541290615 -48.6549188777185 0.9809751150708621 -157.24454524140288 -297.69717822296695
2636 36627.93696475029 5.093942787931993e7 -4.2972949643171887e-7 -7.234992453109541 -18.872123075139157 -11.706837520338755 64.85661944683848 -20.8205183997988 -13.977256890259014 -136.22260633148846 -297.65512162440996
2637 36632.069853782654 5.0939451542604126e7 -1.1461516464805754e-6 -7.234997742071524 -18.87212261471704 -11.706837714372238 64.85661753944625 -20.820334333328617 -13.977112634890432 -136.22245849268887 -297.6546088065456
2638 36636.314371585846 6.1560672875642724e7 -72.85300014341628 -173.26951278045408 147.44629341702552 166.47791400238708 229.9264138364551 -34.57208787839431 109.83964467226713 -136.42158774965105 -185.43527235115192
2639 36640.31981754303 6.3503529047692224e7 -87.07662709846778 -198.69424105663046 179.68159287418257 178.7705750697055 290.12148371433517 -28.17638896890969 157.22935947907422 -131.72130926228226 -186.68099525245606
2640 36644.31656241417 5.0939383547061e7 -3.2895157460188784e-6 -7.234962000619344 -18.872154610043754 -11.706849341600844 64.8566301568812 -20.820626846013283 -13.977256890259014 -136.22277146091562 -297.65573237987354
2643 36656.46750354767 5.093945193812528e7 -1.2582860478005387e-6 -7.23499799811696 -18.872122509119666 -11.706837672798205 64.85661756453203 -20.820301724386695 -13.977112634890432 -136.22242769593976 -297.6546088065455
2644 36660.52081871033 5.093945158788446e7 -2.9935645642353848e-6 -7.235001960328233 -18.872120875041066 -11.706837029453752 64.85661795274316 -20.82031961684936 -13.977112634890432 -136.22244449890871 -297.6546088065456
2645 36664.5804066658 5.093945154260412e7 -2.7029161529412704e-5 -7.23505724007347 -18.8720860155286 -11.706823074862339 64.85661962899499 -20.820334333328617 -13.977112634890432 -136.22245849268887 -297.6546088065456
2646 36668.58007192612 5.093944962265275e7 -1.092205455677231e-5 -7.235005065138452 -18.872118316492532 -11.706835914777159 64.85662102348091 -20.820300659179395 -13.977112634890432 -136.22245419255722 -297.6546088065456
2647 36672.64634799957 5.093945158788446e7 -1.1416742879077901e-5 -7.235009032880466 -18.872112371907622 17.001528557072948 69.43764427867632 -20.82031961684936 -13.977112634890432 -136.22244449890871 -297.6546088065456
2648 36676.718623399734 5.093945460973309e7 -2.878042820952942e-6 -7.235000820006512 -18.872121223566715 -11.706837136979072 64.85661806667416 -20.8202560966717 -13.977112634890432 -136.22238466423636 -297.6546088065456
2649 36680.86506438255 5.093945427133437e7 -6.220903344456019e-6 -7.2350014985522755 -18.872121435278167 -11.706837325432463 64.8566185160827 -20.820230705127415 -13.977112634890432 -136.22238831138236 -297.6546088065455
2650 36684.9451444149 5.1392094746227376e7 -4.346769612076798 -15.00484802560866 -2.6128821678752487 22.591773119338256 70.30765830961282 -19.952760787222417 -11.13395911907162 -135.10761770718307 -292.42665181036455
2651 36715.98818016052 5.086790281676991e7 -29.96927942696618 -60.80508233642401 -7.664872211975858 9.225962060549023 96.921066010054 -48.72203098147435 2.9470588755010567 -157.34110712840038 -297.9202927568314
2652 36746.43908190727 5.189696248793904e7 -3.880511950734956 -14.17140915456811 -13.133151195076714 17.762645201202417 120.95048297454154 -21.050847986979136 14.052976068130306 -136.43850607601183 -297.6185747765717
2653 36777.18745183945 5.872029163040882e7 -5.329933963273163 -52.57214506731326 75.91161546851501 34.39743002318124 72.17135735752682 -6.000890798386649 21.98605666854951 -114.94514260256756 -185.954452427234
2654 36808.08924770355 5.2441777858005784e7 -16.286053143653973 -36.34631563200154 7.050662087637171 28.216059184505493 127.87972443179028 -21.08619074458528 25.160966685316794 -136.5067560523384 -297.99587059785716
2655 36812.232553720474 5.3011860407733604e7 -14.223642253577864 -32.65975566735726 13.363229173770517 29.294202817940906 129.63271499471614 -13.876564177097293 34.547623376855654 -131.0294647180603 -297.6307909720762
2656 36816.47142601013 5.09399665850864e7 -3.2954036015553356e-6 -7.235013608945419 -18.872121233453036 -11.706838296473755 64.85661181726803 -20.819246264566857 -13.976037027903715 -136.22077621567018 -297.6461406571292
2658 36879.859901189804 5.872029301342844e7 -5.330014749619977 -52.572252402015664 75.91171155961706 34.3974553503748 72.17137801309511 -6.001176755027075 21.9858578100243 -114.94527720524894 -185.95362500525476
2659 36912.10588335991 5.872029301342846e7 -5.3300147698679865 -52.57225241841867 75.91171159090297 34.397455358165196 72.1713780158104 -6.001176755027075 21.9858578100243 -114.94527720524894 -185.95362500525482
2660 36916.30569815636 5.3011861751610294e7 -14.22364018244437 -32.65974727088113 13.363222716130931 29.294200316213388 129.63271597737327 -13.876510043007215 34.547623376855654 -131.02941375128347 -297.6307909720762
2663 36928.47200012207 5.09399665850864e7 -1.8512619277544218e-6 -7.235011433636341 -18.872122753777045 -11.706838933865463 64.85661171630676 -20.819246264566857 -13.976037027903715 -136.22077621567018 -297.6461406571292
2664 36932.59202504158 5.410596113594258e7 -56.76729517703056 -108.70630399400119 44.64226525621502 114.92837072930347 223.36842186614456 -42.18217250867309 81.22259651909724 -152.33524080622624 -297.5089574882541
2665 36936.617067337036 5.450493777424044e7 -61.114058374927296 -116.47614321024156 60.90151267977962 149.22698119720138 228.81946205430984 -41.487167332222384 83.60582948468016 -151.44035527401962 -292.7667008187948
2666 36940.64159345627 5.3011861751610294e7 -14.223638173489277 -32.65974130190524 13.363218089784333 29.294198457749903 129.6327161682143 -13.876510043007215 34.547623376855654 -131.02941375128347 -297.6307909720762
2669 36952.73206758499 5.09399665850864e7 -2.235773368397531e-5 -7.235068703582346 -18.872088794725048 -11.70682549400954 64.85661147833272 -20.819246264566857 -13.976037027903715 -136.22077621567018 -297.6461406571292
2670 36956.84122490883 5.093977650687921e7 -8.38770004207845e-5 -7.235240513084644 -18.871986917488314 -11.706785174444448 64.85661076441073 -20.81961573994215 -13.97753790856899 -136.22109310395888 -297.64729733394046
2671 36960.91448402405 5.093986517694152e7 -0.00026843346401506096 -7.235755938569959 -18.871681285049682 -11.706664215777181 64.85660862263475 -20.81979466947803 -13.976490873384193 -136.22102145974725 -297.64675148274125
2672 36964.93313121796 5.543968137594501e7 -34.39006041506977 -68.70683576963589 45.024650268836545 98.68644140981364 248.74975710077473 -14.6643933369524 101.04550823114698 -131.6235559354081 -297.8388085154398
2673 36969.03672719002 5.544018743683916e7 -34.3902135455065 -68.70715292696414 45.024847580269316 98.68652119738742 248.74976930115176 -14.663886195874682 101.04821768978661 -131.62256095916524 -297.8296570676098
2674 36973.1463162899 5.093994126438135e7 -3.017518346837278e-5 -7.235039410695691 -18.87210826950743 -11.706832164444641 64.85662277658707 -20.81947954894565 -13.97621008827241 -136.22098187315885 -297.6466534749935
2677 36985.453001499176 5.09398205778988e7 -0.00014207637583751875 -7.235456364446428 -18.871862226974322 -11.706736405290194 64.85659970350474 -20.819809873425413 -13.976490873384193 -136.2211176349661 -297.64744167608217
2678 36989.59888935089 5.139217310190909e7 -4.346870701098879 -15.004617559315705 -2.613019931783679 51.30008279807656 74.88876548042576 -19.952031361258207 -11.132854936417914 -135.10710461825147 -292.4267057416759
2679 37020.55417561531 5.4504926330417044e7 -61.11436857732981 -116.47678381556617 60.90193309179318 149.22714390090923 228.81951657181128 -41.48718187893974 83.60685346122943 -151.44029600859562 -292.7675499654075
2680 37051.45370721817 5.093994294632417e7 -5.1572645077158086e-5 -7.23510931925361 -18.87206847755178 -11.706816683801527 64.85661996901352 -20.81924336734562 -13.976037027903715 -136.220831178355 -297.6465960498962
2684 37175.10252428055 5.093985186014528e7 -6.38217619552961e-6 -7.235158847992757 -18.872046002673923 -11.706809962840126 64.85658532125026 -20.819705643399686 -13.976490873384193 -136.22097942471197 -297.6469261415232
2685 37179.328483104706 5.0939816754189715e7 -0.00015430049766962384 -7.23547366853796 -18.87185567473924 -11.70673398072551 64.85660122564705 -20.81994336915136 -13.976490873384193 -136.22120734941632 -297.64744167608217
2686 37183.48981785774 5.093989949366062e7 -0.00010386492304803596 -7.235443468152457 -18.8718686496736 -11.706740719179432 64.85658128915408 -20.81891868598825 -13.975994800577155 -136.2203827299574 -297.646501118218
2687 37216.20004796982 5.0939825110400975e7 -0.00014308187364520109 -7.235476531241595 -18.871853396886866 -11.706732967006225 64.8565963273178 -20.81977328161912 -13.976490873384193 -136.22107731278658 -297.64744167608217
2688 37249.819043159485 5.0940627407276325e7 -0.00011834981343383788 -7.235468435427958 -18.871859031867796 -11.706735451304237 64.85658476728698 -20.812850002144444 -13.967094998596906 -136.21448197893267 -297.6506823274476
2689 37281.63560318947 5.093982783464817e7 -0.00014543401640310094 -7.235493214294358 -18.871845852649034 -11.706729956842818 64.85659448889929 -20.81970565983505 -13.976490873384193 -136.22104481788068 -297.64744167608217
2690 37285.95885205269 5.0938237426274836e7 -0.0002798820013651948 -7.235528579139313 -18.871788387497197 -11.706704523169268 64.85665570691907 -20.82243028534873 -13.982065976996239 -136.22661632019003 -297.67683496552803
2691 37290.06470298767 5.1392381537329726e7 -4.346906107510307 -15.005278063918748 -2.6126337132369564 22.591869665587623 70.30764322747456 -19.949210025523257 -11.130730972103095 -135.10462786993753 -292.4249892177986
2692 37294.139467954636 5.086784297369702e7 -29.96941142477509 -60.80550742693823 -7.664615688417882 9.226063339792173 96.92105633103839 -48.7222760988609 2.947089455890307 -157.34130181837958 -297.92117564292977
2693 37298.21444988251 5.206876234689786e7 -12.574189555230063 -29.711549107783746 1.1996673332397876 24.28615978522059 121.94673768124622 -21.039896817196166 16.175325336336982 -136.48557123254858 -298.34293189530047
2694 37302.21850895882 5.8917298232672e7 -14.02354465025013 -68.1120328074114 90.24517956600864 40.920980361500426 73.16761714250848 -6.021181469615101 23.954321359230903 -114.97769137188021 -186.11237144176363
2695 37306.27635383606 5.244177215129975e7 -16.286200972770388 -36.346776949263756 7.0509022244237265 28.21615563024988 127.87970339691911 -21.085797390918515 25.161256627561897 -136.50645127105486 -297.9961091105987
2696 37310.31325674057 5.3011878642883725e7 -14.223778013967532 -32.660292619120376 13.363516097263176 29.29431431009505 129.63268295772772 -13.876494053338945 34.54789406361692 -131.02943627097034 -297.63126883676193
2697 37314.245755672455 5.339939395292826e7 -18.5700567956911 -40.42906595371336 29.62210309123724 63.592664137009564 135.0836845680103 -13.397040764705935 36.618784161974304 -130.24944649869678 -292.7612082851443
2698 37318.33433842659 6.361706828162461e7 -57.10734996981074 -145.1243902766962 168.47561864453456 157.83793269722335 258.05698839845 -0.051408958282593176 140.75756881259656 -110.4828137566542 -186.10546488288014
2699 37322.356365442276 5.093986926075969e7 -0.0001758801656990272 -7.235595012282506 -18.871783491308378 -11.706705917058457 64.85658967882303 -20.81966323601381 -13.976490873384193 -136.2209474177332 -297.64675148274125
2703 37338.87694191933 5.093994313874957e7 -0.00015064011157051027 -7.235570886296699 -18.871797913242066 -11.706712526130016 64.85658100058394 -20.818930192744176 -13.975994800577155 -136.22028504754337 -297.645810924877
2704 37342.939307928085 5.0939823304512545e7 -0.00011110315884366173 -7.235444426429233 -18.871874463145453 -11.706742291528794 64.85658439027041 -20.819796518028795 -13.976490873384193 -136.22109901818862 -297.64744167608217
2705 37346.957021951675 5.094132159329216e7 -0.00015344282098794793 -7.235582823209729 -18.87179319837647 -11.706710494421277 64.85657959655114 -20.811102692685722 -13.96570911423953 -136.21248825174098 -297.6297533926686
2708 37385.77271819115 5.093958645046252e7 -0.00012320754798622602 -7.235543252187245 -18.871813689887524 -11.706719677614029 64.85657160387667 -20.81899934167268 -13.976694271683698 -136.22096189468658 -297.6489187815971
2709 37416.482426166534 5.09554177213355e7 -4.090979204818268e-5 -7.23546034979357 -18.871861019831847 -11.706741132071567 64.8565434137453 -20.68242863225089 -13.657000704790107 -136.13788184773927 -297.75529395918545
2710 37420.61481714249 5.095542179659258e7 -0.00013085266213863633 -7.235586156606665 -18.87179091640353 -11.706710873375318 64.85656638410971 -20.682443814867383 -13.656982772878848 -136.13785352199875 -297.75529395918545
2713 37490.533487319946 5.095541567018264e7 -4.5115775037629646e-5 -7.235453984326455 -18.8718641848955 -11.706742154288065 64.85654709225739 -20.68259095797316 -13.657000704790107 -136.13795807323407 -297.75529395918545
2714 37521.3244600296 5.093958873676856e7 -4.7596627638313294e-5 -7.235450229572432 -18.87186605186617 -11.706742757265182 64.85654926202184 -20.818845245764862 -13.976694271683698 -136.22086424047052 -297.6489187815971
2715 37525.40011429787 5.139210340874892e7 -4.346808269524502 -15.005299073817394 -2.61262457832116 22.59186796393747 70.30758555569162 -19.94746944440891 -11.127595330512236 -135.10481928390203 -292.4380181975798
2716 37529.60417318344 5.086748294618004e7 -29.96930671457119 -60.80553006904857 -7.664603127401271 9.226063332230847 96.92099617242921 -48.72224690514935 2.947114465020718 -157.34216885247974 -297.92719934076945
2717 37533.58531522751 5.095541616186362e7 -3.756092399953559e-5 -7.235467542580604 -18.871857369084527 -11.706739881803951 64.85654010799807 -20.6824918059566 -13.657000704790107 -136.13791219751255 -297.75529395918545
2718 37537.64150810242 5.095541309859633e7 -2.7514306538023448e-5 -7.235489120924079 -18.871846416839766 -11.706736131001648 64.8565301907566 -20.682657558418725 -13.657000704790107 -136.13800274986278 -297.75529395918545
2719 37541.616216897964 5.095542746144026e7 -9.071420548423248e-5 -7.2356174930204595 -18.871774275138957 17.001654651228026 69.43756207487353 -20.682712206437145 -13.657000704790107 -136.13804071691908 -297.75508960052116
2723 37557.92540311813 5.095541634034781e7 -5.367932558897337e-6 -7.235440667790787 -18.871870165720345 -11.706745541314799 64.85652756132879 -20.682495127669256 -13.657000704790107 -136.13792684934253 -297.75529395918545
2724 37561.88918328285 5.095541517518758e7 -2.078031160124283e-5 -7.235464649028064 -18.871862234689786 -11.70674232069807 64.856533243932 -20.682653172128255 -13.657000704790107 -136.1380006121575 -297.75529395918545
2725 37565.91450023651 5.095541648433191e7 -2.5872167441320926e-5 -7.235438238172684 -18.871870215808723 -11.706745249344987 64.8565386763426 -20.682523264139604 -13.657000704790107 -136.13793784860968 -297.75529395918545
2726 37569.97783112526 5.094162544977996e7 -3.839572812580627e-5 -7.23539304719219 -18.871893030781326 17.00160806339743 69.43757717225868 -20.8111849487276 -13.965009643132987 -136.2120405744697 -297.62733572928937
2727 37574.15708208084 5.1391994474768385e7 -4.346791117505205 -15.00529371894292 -2.612624958866107 22.59186689242497 70.30757649824737 -19.948033087574572 -11.128505846723158 -135.1054525324036 -292.4393543383176
2728 37578.16009545326 5.086756438580881e7 -29.96929558399748 -60.80558575128285 -7.664574839314483 9.226073831937804 96.92098002507207 -48.72202309959289 2.947114465020718 -157.34192903741052 -297.9258682076766
2729 37582.15268659592 5.095574640252376e7 -3.235817588631562e-5 -7.2357041821579 -18.871746085054887 -11.706697796258958 64.85649303486248 -20.682267979079484 -13.656019786612603 -136.13743045701688 -297.7512121711744
2730 37586.20182847977 5.095563527530409e7 -3.1346808526677705e-5 -7.235607858435408 -18.871790880380328 -11.70671485275307 64.8565103894801 -20.682544471159872 -13.655487788029404 -136.13760378576524 -297.7520187840104
2731 37617.29788064957 5.093914123647144e7 -0.00035617616020999776 -7.2356673859856215 -18.871664396768956 -11.706658035596156 64.85666350412193 -20.814214579244492 -13.971367820542412 -136.21886858907652 -297.6779723621752
2732 37648.717361450195 5.2060835475458354e7 -12.574086027123457 -29.711788241925014 1.1997695942677922 24.286194644490507 121.94663357257355 -21.07279759191067 16.113182519338352 -136.5156865327079 -298.5081543055961
2733 37679.34270119667 5.891771217808615e7 -14.023407124119785 -68.11202543130602 90.24562657856026 40.92101484994441 73.16753932207992 -6.019938510675161 23.953862789508662 -114.97586303146028 -186.10222540494118
2734 37710.19904875755 5.244189551518264e7 -16.28611481435486 -36.346920342220436 7.050891486046222 28.216156212073766 127.87960533143529 -21.08556185712291 25.162077715420992 -136.50605412460277 -297.99451172896505
2735 37740.97992730141 5.3011751916633226e7 -14.223409180284506 -32.659977891609344 13.363296374871503 29.294217176937106 129.63254682711258 -13.87655220521225 34.5476998298094 -131.02965158238607 -297.63403945743096
2736 37772.06513428688 5.139329204096898e7 -4.346666813186971 -15.00478520590006 -2.613097969574639 22.591687968822196 70.3076151970613 -19.95002454575905 -11.132850500914572 -135.10396404354123 -292.4112772326058
2737 37803.05777454376 5.139326976570484e7 -4.346671160549221 -15.004797584587639 -2.6130890167583942 22.591691475648584 70.30761499604458 -19.949967780123757 -11.132850500914572 -135.1039963984253 -292.41174279274696
2738 37834.81709742546 5.0938344003643915e7 -0.0002761798994157516 -7.235558434049363 -18.87174918737733 -11.706690506321202 64.85664906136621 -20.8215462011745 -13.9815699041892 -136.22570243261123 -297.67520421432283
2741 37929.74248290062 5.09554137742115e7 -1.6869400226937614e-5 -7.235478992868881 -18.871853704751672 -11.706739227540531 64.85652658910969 -20.68259310340642 -13.657000704790107 -136.13797240018698 -297.75529395918545
2742 37961.82961678505 5.0941273304716624e7 -3.5387243997320184e-6 -7.235357834257858 -18.871920311345534 -11.706764708342721 64.85654244383441 -20.81107294524611 -13.96570911423953 -136.21259101677038 -297.6304435860095
2743 37994.283473968506 5.094131793317863e7 -9.508119514123337e-5 -7.235552196120633 -18.87179886476813 17.001646149127083 69.4375776164084 -20.81104375273634 -13.96570911423953 -136.21248868765878 -297.6297533926686
2744 37998.59594798088 5.095541373783873e7 -1.1134428063996893e-5 -7.235472800214826 -18.871855991642335 -11.706740120783824 64.85652470661819 -20.682598252981222 -13.657000704790107 -136.13796253279287 -297.75529395918545
2745 38002.93834710121 5.094131838641931e7 -5.7240860243723546e-5 -7.235513945764719 -18.871815302481412 -11.706724355118912 64.85653973526573 -20.811066287420715 -13.96570911423953 -136.21250861755578 -297.6297533926686
2746 38037.27653288841 5.094155176276265e7 -0.00010617391974676593 -7.235457836289825 -18.871832544658243 17.0016331577405 69.43760070459217 -20.811224540837316 -13.966056678317841 -136.21224110830877 -297.6276464166838
2747 38071.11101412773 5.13921274615907e7 -4.346748604460615 -15.005289598603543 -2.6126371694656 51.30022309016649 74.88858109438684 -19.948467741659385 -11.13061875826287 -135.10520565716138 -292.4362198411784
2748 38103.067528009415 5.086756424086798e7 -29.969276949678957 -60.80553743646455 -7.664602080229258 37.93442501118268 101.50200475885305 -48.72209761077471 2.947114465020718 -157.34196302679686 -297.9258682076766
2749 38107.07813310623 5.095541717021211e7 -5.713505746030023e-5 -7.235517353711469 -18.871826200638232 -11.706727524056298 64.85654027499876 -20.682453361867204 -13.657000704790107 -136.1379060060953 -297.75529395918545
2750 38111.32719421387 5.206094353823186e7 -12.574096361743216 -29.71162327274654 1.1996975322101697 24.28616734567018 121.94666937448014 -21.073256927331272 16.111782849050087 -136.5158699944439 -298.50585443779653
2751 38115.40257048607 5.891771808629805e7 -14.023421350744044 -68.11200735364841 90.24552877325043 40.92100441081387 73.16755068441245 -6.020200509214476 23.954075968790107 -114.97614267504417 -186.10309102025928
2752 38119.47480750084 5.24418191581499e7 -16.28604588324542 -36.346806196825526 7.050810249865105 56.92448668900386 132.46061337384933 -21.08578833761112 25.162077715420992 -136.5063117849336 -297.99559730796136
2753 38123.55865931511 5.44607272441832e7 -30.50985788229518 -61.771720832955396 39.286305024001436 69.2172211797915 192.65575197156545 -14.512590440145118 72.88898688946381 -131.57942720543446 -298.0902723898521
2754 38127.59415221214 5.067838806721023e7 -21.27580422371301 -45.26596793095696 -21.99718288128844 2.7026505812214445 95.92474444039418 -48.65608711054642 0.9791174336970698 -157.24525024501423 -297.70628483479993
2755 38131.65275096893 5.067838817491276e7 -21.27580434996726 -45.265968010635966 -21.997182778506275 2.7026506218112623 95.92474451397705 -48.65608638961453 0.9791174336970698 -157.24524989974276 -297.70628483479993
2756 38135.80584383011 5.094012157674501e7 -0.00028381961165280245 -7.235798281798168 -18.87161482422172 -11.706641131498987 64.85660356840681 -20.81278359247011 -13.968860955365074 -136.2154562615488 -297.659098575229
2759 38147.98825550079 5.095541309859633e7 -9.379314803936722e-6 -7.235465115734868 -18.87185767883702 -11.706741321011016 64.85652479572784 -20.682657558418725 -13.657000704790107 -136.13800274986278 -297.75529395918545
2761 38156.09823036194 5.394663796139176e7 -63.17641472005032 -120.16332858622081 54.58936065547174 148.14897213103188 227.06636708946257 -48.90405352233489 73.7574205782646 -156.98810452893332 -292.41029854969713
2762 38160.21089243889 5.394663891086168e7 -63.176423342060104 -120.16334546920304 54.58937216244474 148.14897665054633 227.0663689036892 -48.904010275410144 73.7574205782646 -156.98808373090992 -292.41029854969713
2763 38164.43095254898 5.093834233880822e7 -0.00026587846646464186 -7.235566246115546 -18.871745921299535 -11.706689645720065 64.85664196804571 -20.82164640582164 -13.9815699041892 -136.22576808310987 -297.67520421432283
2765 38226.54473185539 5.095541309859632e7 -1.457303864071946e-5 -7.235471191357991 -18.871852067386467 -11.706739102716739 64.85652627830036 -20.682657558418782 -13.657000704790107 -136.13800274986284 -297.75529395918545
2766 38256.8832616806 5.095541209024784e7 -1.9336202413455794e-5 -7.235475207116895 -18.871852707062295 -11.706739269781977 64.85652813496209 -20.682696002508237 -13.657000704790107 -136.13800894128002 -297.75529395918545
2767 38287.402854681015 5.09554162402887e7 -2.3739445452974905e-5 -7.235481914188799 -18.87184216376958 -11.706735187660666 64.85652889490379 -20.682487798197485 -13.657000704790107 -136.13793845982974 -297.75529395918545
2768 38318.173333883286 5.094131830645951e7 -5.0178043679238726e-5 -7.235511565313519 -18.871819783552805 -11.70672644998833 64.85653569069699 -20.811009555574685 -13.96570911423953 -136.212483168154 -297.6297533926686
2769 38349.63933944702 5.094166985815036e7 -0.00012286402007077868 -7.235588344918181 -18.871774457164566 -11.706705659734979 64.85656125280974 -20.81114932404796 -13.965009643132987 -136.2119358294496 -297.62664553594846
2770 38380.286091804504 5.1392127044594e7 -4.346758839646412 -15.005289258042744 -2.6126352511201176 22.59186186824486 70.30756046664698 -19.94853340131158 -11.13061875826287 -135.10523639196396 -292.4362198411784
2771 38411.49372267723 5.08675602628183e7 -29.969280562673077 -60.80553487856315 -7.664596697999887 9.226064612305567 96.92098100596077 -48.72225699873661 2.947114465020718 -157.3420789666361 -297.9258682076766
2772 38444.05113816261 5.095541624028869e7 -2.4176217621629803e-5 -7.235482314616039 -18.871842052275134 -11.706735112463587 64.85652912347607 -20.68248779819737 -13.657000704790107 -136.1379384598298 -297.75529395918545
2773 38475.551412820816 5.095541424526417e7 -1.980889425112764e-5 -7.235476480000589 -18.871846507184646 17.001625276374494 69.43755305369099 -20.68268760845848 -13.657000704790107 -136.13803306589193 -297.75529395918545
2774 38506.553649663925 5.206099449525523e7 -12.574047421365933 -29.711566986187893 1.1996590911412035 24.286151142173377 121.94665418376405 -21.072934985122856 16.111782849050087 -136.51557334625392 -298.50515163577063
2775 38538.37473273277 5.891771385601468e7 -14.023389700495471 -68.11197723071112 90.2454684550881 40.9209919412993 73.16753988275188 -6.020275089299844 23.954075968790107 -114.97615506824565 -186.10309102025928
2776 38570.532817840576 5.244181773622832e7 -16.28609293939226 -36.346843183732716 7.050840312982089 28.21613723999214 127.87960438447179 -21.085697991731024 25.162077715420992 -136.50625470410006 -297.9955973079614
2777 38574.95240879059 5.301165890945338e7 -14.223632390673558 -32.660202594779406 13.363477930390456 58.00265435445926 134.21364353892417 -13.876635811650033 34.547026418305904 -131.02974932609538 -297.6345003872549
2779 38614.57904839516 6.134863811731073e7 -62.56389604666043 -154.87733126586141 149.94836295872398 137.15370567594428 175.45944750398957 -26.57057330031472 91.33941573807954 -129.97595992696722 -180.60321392661234
2780 38650.161324977875 6.193970891143677e7 -77.19916592313737 -181.03878056976257 163.70312226466484 172.06777093037613 230.7962542734556 -34.11029088492944 111.7511685595548 -135.66208709148657 -180.78100595264868
2781 38682.39324879646 5.094112714725935e7 -0.00025734058712600927 -7.2357727340535405 -18.87163003457333 17.00171411954735 69.43761954356606 -20.812050028026306 -13.967105954323813 -136.21364748616628 -297.6346979764712
2784 38694.73933291435 5.095541309859633e7 -1.7179337419293006e-6 -7.235449327265933 -18.87186628931488 -11.706744806190208 64.85652383705198 -20.682657558418725 -13.657000704790107 -136.13800274986278 -297.75529395918545
2785 38698.855368852615 5.4610418654995e7 -31.143973147755787 -62.90487547241955 49.69351279202245 128.29387341797388 196.75481559846008 -13.505112964825685 66.92793071485278 -130.21156639448992 -292.1751285656918
2786 38702.98607802391 5.6097456020043224e7 -47.43010701541482 -92.01626016974518 75.61623009929927 139.50839818110643 255.1968946116334 -13.997370881427457 105.50209338077173 -130.60749863480976 -292.16027588489675
