1 40.32454204559326 8.698369448270069e7 -31.279143104647076 -18.96523595358878 -39.34962721617406 -16.6910738817015 -0.09812817601541546 -6.678324615340841 -26.294785795974747 -227.15855237238992 -107.20603903762668
4 54.896300077438354 8.644686152245143e7 -28.35828981012874 -15.235932193623356 -43.782782146569694 -18.44675543469245 -0.4985425223303688 -7.723747791846449 -29.39845454316304 -228.08438028685993 -111.07353202319734
7 69.73631048202515 8.611943083722495e7 -28.733813959713714 -15.542488751113872 -44.929129432215596 -18.481669633694224 -0.5142620399225519 -8.210924709442565 -30.33323393726107 -228.5790047771835 -113.79373056325443
10 84.2680766582489 8.607362232169555e7 -31.346374274764756 -24.21525593982831 -41.654882946079134 -17.573611941538985 -0.31582285894458273 -8.520264273728174 -28.548991978193158 -228.91869454650896 -115.40516418091426
11 89.07254076004028 8.710459525380926e7 -35.340503258633376 -37.47433769163517 -27.613393487669633 21.34749889435599 8.62491474864633 -7.119812315846502 -22.171055399067257 -227.62054295210913 -109.75459002572728
14 103.18520712852478 8.573358229666537e7 -28.09459255779275 -19.341906370030536 -43.986334959163706 -26.96658230352257 -2.606182661433149 -9.086945813230898 -31.098927256266677 -229.4322555123788 -117.66538019136249
15 107.93466711044312 8.845937343671396e7 -36.6060197085293 -41.67540033512903 -15.84724862888681 25.654133047553923 9.610865791045125 -5.101097798989315 -17.05387397672672 -225.63890292910207 -100.07690422690376
18 122.46136212348938 8.574611386111267e7 -23.444532503788842 -18.154480320525966 -45.62551704449353 -27.53906937196438 -4.7032048901582595 -9.419515279840937 -36.75078695419103 -229.54457106354994 -117.91706402447943
19 127.24785828590393 8.60036125964195e7 -32.52579849619987 -24.999606809246885 -39.57827700268407 -24.520376108225236 -2.057902628418683 -8.5951102571388 -28.494363274145144 -229.0151196329537 -115.9253600634218
20 132.1247591972351 8.60120936074594e7 -17.29578059528417 -7.392506704373675 -52.36897872314315 -43.68448344504573 -6.370357715214039 -8.585540869496128 -33.28103385453352 -228.88949296871562 -115.30398932421042
21 136.94576048851013 8.633875256205103e7 -15.661770258421328 -5.584396456618849 -49.08566661692347 -28.380796949941285 -2.9152330649337412 -7.863176499173335 -32.303454995206266 -228.30853475813302 -112.77124091315346
22 141.7919216156006 8.585545189239196e7 -38.418461069741525 -30.765758491288196 -30.680403072764044 -0.6831831251488723 3.4876811232814635 -8.85257011652942 -27.503535112530926 -229.21840799297104 -116.94082224297279
23 146.60574054718018 8.773345957166652e7 -46.30991915075789 -39.49803264165091 7.978976760239895 30.49301437826264 10.724824845596432 -5.443858638558936 -18.30804102691934 -225.92823230518854 -101.4329261167918
25 191.35012197494507 8.563828343643044e7 -37.54753940724443 -26.583538867199806 -34.17178745595256 -22.066355346910342 -1.5025941269970784 -8.968934597981729 -28.89224819409594 -229.29313608190847 -116.98124377446698
26 196.18390417099 8.658302788595466e7 -48.51525652083099 -34.98559358457236 -5.776382967642526 7.16560142478032 5.291292725394644 -6.749652450463657 -22.052760720839444 -227.2165245993403 -107.29641761399301
28 205.83131003379822 8.652943144486903e7 -29.217418411580255 -16.1865989020152 -41.44627581959511 -18.158968478948083 -0.43835785018994367 -7.4284985629842595 -28.628927365586605 -227.88902228450218 -110.56118165648166
29 210.6137912273407 8.880877174997166e7 -25.829982836601758 -26.832200949857977 -27.322054238698932 9.481272383762573 5.97284601780251 -4.033722650670086 -18.768429088973278 -224.64822741858796 -95.63573186254507
32 225.27349710464478 8.577131533753659e7 -40.29806791632652 -21.906142944299035 -34.47299819593767 -21.453128660025833 -0.5354230892607537 -8.678215099434908 -26.767276851899624 -228.82017968314403 -114.3378611781182
33 230.03429412841797 8.617504498776175e7 -23.61374298044946 -5.383284814359358 -43.59020891999673 -36.69461136781139 -4.784222716382381 -7.538752010411486 -31.611899320565442 -228.01850423603452 -111.45277511569685
34 234.8740839958191 8.596160822663523e7 -26.74872744473585 -14.634139201542936 -42.554431219932006 -38.784256488433485 -5.266769180777969 -8.293666278907097 -30.717177312274373 -228.6900535377968 -114.24728663911515
35 239.69230318069458 8.623182688723901e7 -25.114717107873005 -12.82602895378811 -39.271119113712324 -23.480569993329055 -1.8116445304976705 -7.758448484147721 -30.0645665622676 -228.2157527071534 -112.05751884043502
36 244.42252016067505 8.633587044024822e7 -14.904958963804361 -1.528445388416929 -50.10738819672027 -54.08395068634596 -8.708061375453306 -7.597217184812735 -32.768841277397144 -227.99833267366637 -111.0684869678405
37 249.32708644866943 8.652867006668234e7 -24.071287343470274 -13.702113688561198 -37.09227880312019 -22.89997879771508 -1.685954723638087 -7.331615174377362 -29.02763499927306 -227.80642916953184 -110.36785458880195
38 254.15982627868652 8.651207304889692e7 -6.224806697272314 -2.5880882733104493 -58.423071351443035 -65.65692087286581 -11.49034652951232 -8.359761079926898 -34.10016004027955 -228.77370453771096 -114.7651617346362
39 259.00414848327637 8.916303902163288e7 -58.25382757999018 -53.02103180204482 -2.342057140823279 9.714001700875187 5.855537771599191 -2.769727216400213 -9.236478221443463 -223.4857163103129 -90.5735153857728
40 263.8518064022064 8.682595015750119e7 -53.86379602075528 -44.638253774650124 1.8894660281420599 31.443021942748114 10.92405912359323 -6.699717966498611 -19.46244773769223 -227.15820230330053 -107.48068949059785
41 268.6377534866333 8.769197594964343e7 -53.27548224828934 -55.022524840052185 -2.897439843556647 42.04469106909977 13.312154458437524 -5.14483761299897 -13.533092225308792 -225.68659780897207 -100.45283136854192
42 273.56296730041504 8.585791192122874e7 -67.64092903979085 -49.63722485356128 -16.875936791172556 17.87658378078717 90.14809551729552 -20.533001118272637 9.240340410353042 -235.00269258959287 -116.79594338189304
43 278.3771023750305 8.600636381958045e7 -50.14306246460121 -36.23260920935353 -24.59006397167152 21.519431580658942 100.21496609895767 -11.059898917621297 -7.307439373846648 -230.3664205807505 -117.24753945751888
44 283.1470046043396 8.659594643006885e7 -51.19117553146413 -30.364179307855352 -22.060329320194306 4.114168053357147 61.12674026899725 -8.14931407438337 3.717924003910639 -228.72512672165738 -115.3864726801499
45 288.05097675323486 8.664470902925646e7 -70.77209417609996 -51.463199473265476 -9.504530299045292 54.18677309667497 98.50720002597578 -12.985155240766346 11.824660676312988 -230.870628246972 -113.29798251017837
46 292.82448983192444 9.478731273717776e7 -63.405805549144844 -56.38313497396456 23.38093859435997 84.77851058071624 243.77719026208598 -14.099113080209747 96.15427686828161 -226.07201004492305 -61.91605562102842
47 333.10952043533325 9.587230719149287e7 -72.03964365436657 -56.93811730119256 32.67679122101672 128.52607259305947 344.98700773174016 -13.534693095300838 116.0288129753286 -225.14451746380558 -55.62941043697094
48 338.0937044620514 9.693398645607369e7 -78.03203175592854 -63.568980087385235 55.43211281871161 155.75205070434427 351.31979719761586 -11.63021915098932 121.56736583759152 -223.30977775218673 -46.88712674204157
49 342.9917194843292 8.624950968986987e7 -62.3892625643473 -44.44226705686913 -18.520467847032556 76.71178092264368 180.0199785914644 -13.833938254059092 -2.21851773530085 -231.3190539358298 -113.28607896585657
52 357.9332661628723 8.556508117731363e7 -22.600993769236034 -15.307213606204098 -42.58210611795326 -26.412428075504543 -11.744430689044387 -2.854943770989962 -47.49064992283036 -226.27935104123515 -116.84614762920148
54 367.869765996933 8.647910705474713e7 -4.61648683230931 -2.786513507801417 -43.02886220858249 -2.540630438306799 -8.305704175871474 -1.7329452857035221 -53.304243646790155 -225.01422666217826 -110.68364987580378
55 372.79240584373474 8.656316181767689e7 -57.07183341583186 -39.010103001148536 -14.997882982428145 42.55348383481267 96.53591513240112 -19.690695444983362 10.84530943587663 -233.95503252045006 -111.3073226246442
56 377.6945948600769 8.917557288566521e7 -72.63157362971396 -49.34906477089393 -2.916901205248216 62.533717326124524 157.9575544521979 -10.1503478924364 49.87646433542011 -228.21874915957738 -101.45367082444227
57 382.655033826828 8.595591563103923e7 -42.187667573868914 -30.312004788681758 -29.45309757046877 -0.2521789634356253 48.91743196885704 -8.550116017514085 -19.026906594845286 -229.01535535391338 -116.54178272405153
60 397.42040610313416 8.531298244994803e7 -29.14698546835536 -22.550665135170075 -37.8708720683949 -0.20494168591712025 -5.838876101758112 -3.367942602067046 -46.67106660979084 -226.72815867007546 -118.8555927394363
61 402.5844600200653 8.572906498643142e7 -37.74765214280476 -32.06771236600419 -22.32198561808923 27.342460085350666 0.5417477194855209 -2.770320153307239 -42.864666652413746 -226.06128328752482 -115.37876392570035
62 407.4859240055084 8.562303225888415e7 -54.25853930248966 -39.55915473792875 -25.18554997210576 13.569963485454139 79.98464178874146 -16.294293801069728 -10.019268589644298 -232.8998533514786 -116.92980621528437
65 422.2715229988098 8.535894921593735e7 -25.36300756520422 -17.719336205253935 -40.31859582567395 -1.6511039687618592 -6.163011452942621 -3.291564952355543 -47.679476923234745 -226.65301835200444 -118.37628476070427
66 427.19715189933777 8.542827840483981e7 -21.72735082871356 -14.340486090471156 -45.52022988798737 -4.343060258387666 -6.7663726439112555 -3.213925772726327 -48.52346485768959 -226.54221289109512 -117.85184648865231
67 432.0944561958313 8.558920076549242e7 -16.493763926766867 -3.5558422493855604 -45.40486568188751 -4.605740506928122 -6.0046454644323095 -2.8879855960351506 -47.82560427583604 -226.09075039016778 -115.58858246082684
68 472.57075595855713 8.544649411361763e7 -19.694038618903626 -15.309032638000811 -47.68541957160605 -5.105168642529364 -6.942464636194183 -3.404418155601604 -48.641017994243725 -226.85119021672983 -119.44192400946883
69 513.370867729187 8.568708841261804e7 -18.65604990020126 -10.941945360647276 -46.14845077682881 -16.924501983881 -9.603750054568119 -2.577311625834909 -48.113151801137974 -226.04021735772278 -115.98086985361795
70 518.3560576438904 8.64646816200438e7 -17.360709530545428 -10.783687811968003 -42.30946556596862 -5.574220957193191 -6.86803217142168 -1.2729115117713832 -45.408186106324194 -224.72514597350272 -109.83675165116011
71 523.3139126300812 8.566330906054091e7 -36.38620348717141 -31.836302850877427 -30.647646491537245 12.034773000111713 -2.910461717046752 -2.7333651966519596 -42.76095879532642 -226.19152220344677 -116.61001211637256
72 528.2579114437103 8.548823413741729e7 -39.47085398030422 -33.97451725642772 -24.564940181995127 26.07845749245658 0.2549876829565054 -3.1981504779455463 -43.158193520261136 -226.4784913414718 -117.52510215100983
73 533.2514433860779 8.76497785751864e7 -47.60145096569611 -46.11306304695343 -14.823128682396032 28.86083272611083 0.9002574849119629 0.6810126691798928 -32.02604893881977 -222.93901136964394 -101.67785752885032
74 538.317396402359 8.727814107483573e7 -42.99557464699692 -44.94746084848505 -10.539677958240276 49.632895126497374 5.760893026379898 0.46787187207434044 -32.78448169948609 -223.09340848516808 -102.34047443400362
75 543.2359304428101 8.570153742334895e7 -48.73365927298824 -37.55545631764774 -24.741863520910414 25.95530742615179 54.82298655614331 -8.946578927062944 -17.86875764999661 -229.45455392004044 -118.73782533009938
76 548.0430855751038 8.608234510530384e7 -52.35258782918647 -40.32781408659248 -20.74043409266895 39.719632003515784 85.84939127489444 -8.11266852651869 -8.762663285882695 -228.98124317321384 -117.90569539902128
77 553.05348944664 8.619265208878374e7 -84.07064542019427 -76.11340016493087 2.3559283690258255 95.09849395554068 99.3481563613125 -15.811573923098138 3.561741185904566 -232.26437491262635 -113.56606713042748
78 557.9170234203339 8.621764518991114e7 -45.700143591501835 -35.23156662593764 -22.342467909757616 26.98027116152224 57.20415458998581 -3.104511940639952 -12.125484231938344 -226.59444169482174 -118.92704589522629
79 562.776219367981 9.098859279712026e7 -41.71022026759283 -42.60070308206369 8.121634930557075 102.44859083668592 66.76571749117565 16.843999123202934 -3.5149219733564223 -213.0516674375894 -83.88183378964288
80 567.6642854213715 8.854726025356613e7 -33.16166493165031 -16.661790838387684 -16.046397741487475 33.82168039487229 91.05423151070352 -7.61101414363452 3.6594021483961683 -226.53816649780725 -97.20674064079452
81 572.7001783847809 8.887976611049704e7 -58.07221364284683 -38.747561836732245 1.91925459197223 94.25359311897631 202.06872863957156 -11.095642985684492 36.67037631357448 -228.59903819697047 -100.08181220237128
82 577.5379791259766 9.146039334460735e7 -97.30426527693768 -75.43457972216785 31.12754183597142 144.8048632268968 256.15996099840993 -16.70619025809475 90.35926075666521 -229.43975273852192 -82.20032999221621
83 582.5201141834259 9.147310509899618e7 -97.28215763168336 -75.41535850631666 31.12073257730848 144.81001468584336 256.16116268055686 -16.647547700172765 90.35503424268336 -229.39191336435584 -82.0284218980492
84 587.3780121803284 8.538884395985341e7 -47.336940717042204 -33.97912729881338 -31.88335230807106 -1.6238871103672707 47.31218213074523 -15.963189924874882 -20.92129270377933 -232.73233666199604 -116.71220531850798
85 592.3211152553558 8.611061464490055e7 -43.380430640245095 -28.034402315571008 -30.015157338766393 0.08867560304939559 52.436717724199085 -9.139146310730837 -13.433929777656033 -229.2123438729791 -115.71878987098728
86 597.2720143795013 8.536365050624254e7 -15.565076409291212 -14.518724168038275 -47.21867703036233 -16.311595135153148 -39.199821502535094 0.38496595306509107 -59.87135444426525 -224.78073311489385 -118.18317771160503
87 602.1885786056519 8.59615144630769e7 -0.26190768594173974 -0.2734592028962939 -53.294136639310224 -20.758495710341137 -20.699310410528465 10.31629162991561 -64.85995415616725 -219.84590841525392 -117.78859159851618
88 607.2396457195282 8.534986092899145e7 -22.404526540811997 -17.374187449703733 -44.929289540692544 -15.786389510394429 -11.601268256585167 -3.035804022119919 -50.75989726821558 -226.45314222675665 -118.01621226662269
89 612.2730655670166 8.535564359615104e7 -38.07840276439235 -26.961819176693503 -37.70620915306746 -35.82256362804756 -5.959057225792317 -12.743113044937445 -31.270948765170942 -231.10758699256456 -116.67062143444844
90 617.061443567276 8.624799254760379e7 -40.73645407518046 -37.855263009127164 -24.519575999111083 1.6788120189946625 1.3962391624614736 -6.682858088544492 -27.897553287837923 -227.56855427448687 -111.27876672806542
91 657.5276298522949 8.575624538032201e7 -33.48030118765605 -27.69993958962902 -34.74500850337268 -14.984442502884818 -3.794968813836662 -6.784975347245222 -34.51185209225815 -228.02862936797948 -115.1610374188653
92 662.4400405883789 8.601152211476071e7 -34.580923923561116 -18.71933582163924 -37.4364002615302 -15.56916955098933 45.66265399486636 -7.289950256439283 -21.923149686928184 -228.38167202409562 -116.32777936562786
93 702.502242565155 8.517979269171907e7 -24.933502302917624 -19.855178657060158 -43.6557062591707 -26.817070898677457 -37.07991052040798 -4.7602991196627045 -50.474391668347096 -227.40028827213808 -118.93541435157749
94 707.4684164524078 8.584325483924781e7 -33.60172350106177 -23.649791126519894 -39.774524032265475 -16.36853823361895 -2.8254695262776104 -7.516820907945828 -33.7182459516838 -228.39225251638555 -115.21058666354486
95 712.2103102207184 8.568733326534383e7 -10.854049855049276 -0.11673932659458197 -45.391061321224534 26.59177448133047 -3.6827732852861814 0.18009248657097032 -56.3295415888943 -224.4515415921477 -113.98907114901618
96 717.1421720981598 8.585167119344093e7 -33.373829072737294 -26.159844660998438 -39.65572048447322 -16.799036097841622 -2.924548638535989 -7.598720756679768 -33.24599454268497 -228.46588614348093 -115.75025023109936
97 722.0391550064087 8.567594805659302e7 -14.586212586986644 -2.871839531693053 -46.44785907242 14.311146856127792 -2.7595832219371994 -3.2073781646908515 -50.212256448625794 -226.15629583749023 -114.20782838551855
98 726.9110560417175 8.577844680302736e7 -33.49821343570015 -26.454208458837794 -39.015205235811045 -16.6607943174604 -4.492460438390719 -6.866101918757067 -35.96106811898204 -228.09998657225253 -115.6100439973763
100 736.7012777328491 9.042319565254924e7 -92.92785442072349 -83.74357409659851 41.34580009495336 163.69803509786425 223.3449669940347 -18.005274924000446 64.0552941359366 -230.5104189460152 -85.6319437790105
101 741.4644858837128 9.064276324434665e7 -116.08064597330362 -99.98514911360579 52.03062614948856 186.3299995477804 280.9223799227767 -8.610271761347178 92.5492792987252 -226.63726679512308 -93.31082872130992
102 746.2244277000427 9.079976342441964e7 -94.15031148422761 -87.80169495562379 46.11770283108986 166.28148093262735 223.92400721161653 -17.32580573515986 66.40873236479456 -229.95320536602912 -83.58941607089133
103 751.1748435497284 8.625745743894938e7 -14.068211357353851 -3.4737350149287227 -37.605223883915386 26.04989190313064 -24.796728568527843 -2.2384575817226278 -49.71882708236137 -225.1081217441362 -108.73577204337948
104 756.1394383907318 8.554230946952958e7 -32.28155356908136 -29.261245543493125 -36.381416364929294 -27.17737897913662 -36.99435149423032 -4.159930687176143 -46.68128319003091 -226.847716323819 -116.5332631372699
107 771.0222918987274 8.526939643493181e7 -20.542749994318783 -18.733968692542955 -45.11127240424164 -27.323275851361693 -38.934141116320646 -4.541775154893287 -54.81568995594171 -227.2939615229999 -118.78136894373415
108 775.9492528438568 8.518769788377504e7 -28.92093860476175 -24.267466802969757 -38.76393269539767 -23.97032657463228 -36.44185593818519 -4.649406121556183 -48.98774935149589 -227.36246133408815 -119.00756890392967
109 780.9954378604889 8.517841476166292e7 -31.337457626910215 -26.941460173311448 -37.07142659981696 -23.230432476329838 -36.27601989320078 -4.592297840721642 -48.20796733146881 -227.39512697013305 -119.25970668789756
110 785.8587136268616 8.594429290703215e7 -39.81055262130938 -36.31734326532817 -15.619853027792473 4.781582516668195 -29.771857690519685 -3.1861226269724625 -42.870370716884736 -226.0153048377943 -112.90513598211783
111 790.5828557014465 9.061654294136181e7 -22.732268551582763 -1.9356000560314097 -22.305722741421345 46.01909820712468 163.7806645201395 -2.324576645221555 29.219630693019326 -223.05834483932188 -88.47908955598831
112 831.6745314598083 9.134874487401527e7 -25.76629784181504 -3.0706395296208777 -16.601307775019343 48.139055103754764 166.37540581042967 0.18366356003701867 37.00902563905629 -221.3963790530862 -84.55986507773946
113 871.0575172901154 8.554038197976063e7 -9.500477590343854 -0.15051317582761392 -51.89183477759303 -31.45649556352032 -38.11976722312512 -3.8674975129588347 -53.91304665415157 -226.57999747192332 -115.43243474953209
117 997.6352512836456 8.507403774621962e7 -34.0084089770393 -27.623506678790843 -36.396842222822556 -23.001509778149334 -35.437475211221454 -4.937027488579531 -46.01923150681097 -227.5247935196537 -119.56294368555137
118 1037.9074997901917 8.50868768248317e7 -38.06728396738554 -28.65996939953997 -34.92481852467687 -22.513695581844694 -33.65061002329161 -4.707904390721183 -41.23043183814099 -227.38869144243995 -119.07318035317536
119 1042.8230168819427 8.553249440388243e7 -16.15886524231707 -5.2448478272166055 -46.32547683682566 -28.38082854129464 -36.64316795892301 -3.962195154898609 -50.01343759822754 -226.55727402404744 -115.09077951172202
122 1057.2798764705658 8.519146378070202e7 -37.99584527888343 -32.03579482470047 -31.505068659049527 -20.154765454104172 -34.79942062899867 -4.910575360711277 -44.74622908188263 -227.36731977260627 -118.45942178415635
123 1061.9966185092926 8.516516973081104e7 -31.53737254858803 -19.42054824934289 -39.76249495895911 -23.934917470304462 -35.64145416492669 -4.61730515675265 -47.53965426040031 -227.1443643946729 -117.5690561107998
124 1066.8071734905243 8.520587144939458e7 -25.662474094424716 -18.38833230570717 -44.0554342659633 -27.288479982806386 -36.39833459006695 -4.796348393455503 -48.1955019240508 -227.30528713104894 -118.19335795864373
125 1071.5598454475403 8.512248390632086e7 -37.09511260224791 -28.4117184973709 -35.38142740338251 -22.663340574259486 -34.19876017865749 -4.816516980840618 -42.363373580931125 -227.3536918799332 -118.84316759681417
126 1076.5720772743225 8.540897372267856e7 -22.72144720263484 -15.133946001042123 -44.94933845393018 -39.723271274882826 -39.20202840127037 -4.5535319160645145 -48.55538075938131 -226.98604800179686 -116.42261876235528
127 1081.3216121196747 8.538213204104719e7 -21.63051725974251 -18.141157488218855 -47.499745308753404 -48.36419152993282 -41.32528803488978 -5.035203011176577 -48.71951768508853 -227.47388947864562 -118.69374148398816
128 1086.2040753364563 8.582353423171574e7 -42.18218689214357 -39.14986670888657 -30.63825391086641 -0.9998434174819479 -30.300380771993993 -3.9474146902153393 -40.943040031407236 -226.46784315599973 -113.96347761507604
129 1091.0818214416504 8.544303757119118e7 -48.447321894820824 -44.87594964281771 -21.10254237281667 47.455787479571384 -19.21224491475698 -4.527537928252968 -40.60323035098418 -227.0082129635067 -116.86412423607027
130 1095.827044725418 8.631302039938147e7 -44.46570382324857 -31.348643476783813 -16.62452622826531 24.476931962991006 28.599616421969845 -7.467194753470096 -19.488843246967235 -227.96135484269684 -112.02112191884157
131 1135.5935218334198 8.718307102278343e7 -47.19362813118202 -48.9474593227228 -8.852033082111205 26.563324330851305 -23.896400184688883 -1.0165439073394964 -32.30621005507567 -223.72561518328234 -101.70517958637942
132 1140.5357677936554 8.581812142295912e7 -58.12805240643377 -49.24305356183344 -14.882687231781674 45.840421675240506 33.573852169584484 -8.594492999226304 -17.01445564350246 -229.0163487103556 -116.6930302543484
133 1180.2726519107819 8.522558013337699e7 -64.10179860958573 -50.67719266515228 -19.10099155804255 16.941429349548134 56.21321443307101 -16.968604300502307 -8.932497785156897 -233.45721014777854 -119.37848602801063
134 1185.1424458026886 8.573487574564001e7 -57.2140113378704 -45.40065563021326 -19.266404247096602 16.923063911283574 56.25079216543111 -9.86351430520017 -8.527404731806257 -229.9263299786407 -119.37457965163196
135 1190.0457475185394 8.58807826674924e7 -55.09639907801467 -43.778413381145185 -19.11421516108431 17.01156719853546 56.494377190626835 -7.627203641292169 -8.404471074787693 -228.8316237705912 -119.2753713109359
136 1229.7193570137024 8.59038069356031e7 -47.374768286782626 -40.87348608509062 -29.04369208053796 67.05124295338265 62.39292037892137 -10.468819393338151 -20.20200484844071 -229.92166800758804 -115.77850469189963
137 1269.5502207279205 8.680812749028593e7 -19.208173156751165 -2.908181015103765 -40.51092997085397 -6.983008984237671 49.5776958316456 -10.794986569876869 -18.53468648854357 -229.2861995917733 -108.70575296791714
138 1274.359576702118 8.76327498835264e7 -44.55754645073956 -38.146347102974936 -12.146529738453374 85.46441810223689 136.35486785393593 3.637845570336367 -3.521792284717776 -222.41081749122492 -111.1977294313275
139 1279.4265756607056 8.771396015999013e7 -46.63579737140129 -42.06959395522727 -8.718264202690868 87.17548421529912 136.52666809344342 4.452726910980346 -2.131615617756154 -221.94240790587565 -110.6347784533013
140 1284.2801926136017 8.542198712825704e7 -19.602505708104104 -10.00893332563118 -41.66342854390243 -13.99610637847939 -35.50492621003483 -3.3465876721106724 -53.02215713352746 -226.21738590335661 -115.0045012308459
141 1289.0865275859833 8.50082112718498e7 -24.469310809784332 -15.656708582138542 -43.86858761958695 -26.328705313185985 -39.905665103707946 -2.928785572697848 -56.10347166179184 -226.53459319119372 -119.80507761239608
142 1294.0240547657013 8.864183648844075e7 -105.85588525087937 -101.08641179983263 41.58426818231937 190.3741357711957 175.64554413429923 -7.874360186950298 42.05412106268636 -226.98356848151462 -100.43918917485883
143 1298.8869090080261 9.140271171194255e7 -42.00682956012805 -42.19616030661912 -7.1158464238442996 92.88943523928143 256.5987300315711 -15.241729733791942 68.4700749389674 -230.1110700934949 -95.04495469513245
144 1303.7295520305634 8.990362701465374e7 -104.36049105762108 -82.9948368025773 51.98355104319859 220.18531046686903 266.3078499166251 -16.25419178540318 76.74563722910261 -230.10657207789484 -90.50533310548695
145 1308.6051709651947 8.499531930045116e7 -26.265417663887767 -16.115357296668527 -43.33779435673003 -26.150990511510066 -39.25469513419907 -3.175952998515868 -54.647568354960185 -226.62116252209643 -119.53425793560342
146 1313.413064956665 8.507043786383384e7 -29.286836652989514 -16.886898217099866 -41.961982947657575 -25.699816783667572 -37.60204411646087 -2.3899081083849865 -49.77653414645641 -226.30236840611428 -119.18191669531501
148 1323.2597451210022 8.964877509198697e7 -57.51899407444721 -31.18332833557286 0.6773511542568045 89.25619696121765 177.86161972722704 -3.8132993627832548 45.37773368913611 -224.4824590742852 -95.4267596316185
149 1328.155834197998 9.04912943749896e7 -58.35672546151847 -33.63309141280229 1.4474531503286663 102.38062777035805 259.1626644994684 -8.702499119864683 67.48523135718244 -226.84715498702388 -94.6587444675306
150 1333.0572814941406 8.509898709684932e7 -11.608682075924973 -3.6992988288291 -56.05181229113538 -32.96924968796867 -42.18127758123192 -2.6698889213960797 -61.544242316756765 -226.44108447671925 -119.47819822867257
153 1347.4405658245087 8.491401666895212e7 -32.678636097467624 -23.21188888477863 -36.04128503799173 -22.37372461675026 -38.40807824905478 -3.1924912591891257 -52.782172140034106 -226.73274809797982 -120.27542368317688
154 1352.3009440898895 8.579795531932846e7 -41.16009054933942 -32.5970221145582 -12.199154533128095 25.346494885121334 -27.280253943286763 -1.5993708513012166 -46.99988420649248 -225.1838791066712 -113.12319909255677
158 1405.5136241912842 8.493417692714714e7 -28.892914037729945 -19.022807153199864 -40.96564567319203 -25.19870787100482 -39.04125541739227 -3.1693392106454894 -53.839207013036116 -226.67858480871092 -120.17924300016841
159 1445.126888036728 8.507757090065879e7 -21.798359459655245 -14.974662076659149 -44.54317199658135 -26.55762801136649 -40.74420978568725 -2.6612659296118863 -58.51034452843851 -226.46398136848893 -119.77235239546292
160 1485.5812215805054 8.510132099495812e7 -28.15873458119392 -18.210402623616204 -39.09827397117017 -23.221529547551803 -38.59335030561106 -2.9623917728683864 -53.688627197253425 -226.3951512607689 -118.60595291511606
161 1524.8368027210236 8.508752383054246e7 -40.16872373875804 -32.775125783926256 -30.640040753545648 -0.11318472996969575 -33.220855262798025 -3.042928444394761 -49.92298414704072 -226.50883771308702 -119.16662546894753
162 1565.201468706131 8.524753903134847e7 -19.488254712461405 -13.107114573764939 -47.51514374192084 -47.99589990691984 -44.35371356752238 -3.0897547336767275 -55.32122030239191 -226.60876024336966 -119.49814370804324
163 1605.073010444641 8.513071878249831e7 -31.47592762294918 -20.782491005724953 -36.13152057310091 -3.29377535327 -33.37697691363657 -2.6448730061554215 -50.97696500097737 -226.28283246384535 -118.55357926672355
164 1645.3119940757751 8.505780653331012e7 -30.368351642429197 -20.03567237092742 -40.547343402772164 -24.673838039951285 -38.37183216067579 -2.911062186283459 -51.79709121933627 -226.47615239585542 -119.16080758253844
165 1685.113353252411 8.538182983180334e7 -12.099960408091619 -1.9694333459797813 -52.804686034669714 -43.08200404692648 -43.676325156691476 -2.4275366200241137 -58.71218217887383 -225.91835469904345 -116.47382853257926
166 1724.5740060806274 8.529283823801507e7 -34.5301372292656 -28.268041155022534 -31.12808993783195 11.259024769071779 -30.097154055802715 -2.5747523531824186 -48.83493231831909 -226.22804701087085 -118.19737783612578
167 1764.405811548233 8.53402823120635e7 -51.881943879591795 -37.92299431072735 -23.05971724512544 3.688534674646455 22.035846117927846 -8.505159292458757 -24.33432893277768 -229.31703312101024 -119.80154211522313
168 1803.546641111374 8.520207260903509e7 -61.67568204578466 -45.42569729875723 -18.83545985701039 17.53392586657066 53.17084798417422 -13.974406678809316 -15.397679196651723 -231.99403285507316 -119.8249717993591
169 1842.7222635746002 8.557737719829516e7 -56.13857591755026 -41.183878496949106 -18.855390328236794 17.57147107326904 53.3242553630692 -8.280147393169045 -15.153373468574614 -229.20095096678955 -119.98179371618716
170 1882.0155708789825 8.571660744516885e7 -55.626259592523915 -40.79140759795568 -18.254908058691413 17.823064269492434 53.91854896419768 -7.126259877343955 -13.910691197651431 -228.58699572975797 -119.7677411163877
171 1921.7870955467224 8.619825920370246e7 -17.515795358966933 -13.454633712720291 -40.59243042002089 13.170219416711916 -31.416687460802613 1.9096192610352318 -54.2792790974903 -223.13142408753782 -110.17926362602083
172 1926.515552520752 8.640969322669458e7 -48.426153590972994 -48.67974902159648 -9.189427557195259 28.168601593191628 -26.65684695515662 -0.18830104927820912 -39.89392138736889 -223.86452964251208 -107.01073345822971
173 1931.320913553238 9.548028849579617e7 -18.72163851536324 -31.202994356029986 40.172286927401245 164.75914776036953 156.63305520080073 15.948430678004684 24.01013945773127 -211.10000048504918 -59.66510470267667
174 1936.107721567154 9.545425548221701e7 -18.213922597715722 -30.57268223382275 39.5079923810382 145.0280612694326 152.05632086575102 15.72538046190482 23.986335091404726 -211.2264162121383 -59.85632505513922
175 1975.017680644989 9.265706632193197e7 -172.6831466838317 -164.19409871325115 141.3869050200384 327.310756937525 310.5660424127549 -8.111687446681401 114.46279957912327 -224.42692596856023 -73.63676939673547
176 2013.216239452362 9.254162332852237e7 -173.44574805654727 -164.76200749647063 141.75987923401559 327.5479100360581 310.59841633958206 -8.66455262508532 114.12740800074403 -224.79700517168504 -74.28783424542036
177 2051.9702389240265 8.520103650507914e7 -33.92586423554531 -22.69260398787374 -41.295747684386626 -5.812269974147561 -32.035277072745 -5.136651874390225 -47.42391941522334 -227.51653518072862 -118.78436427515283
178 2091.1727089881897 8.590107693302935e7 -7.204208108833457 -3.1831719936048644 -42.400317105814274 13.674952835721836 -39.21666998444442 14.32592416455418 -71.22506348348634 -217.82287917352977 -117.9341676625508
179 2096.0545098781586 8.49921421191775e7 -35.13765635896747 -24.180668651786803 -41.497881497862465 -37.88647977847075 -35.703904860281995 -9.60202629764899 -41.07090521780577 -229.74394214523136 -118.93656041925726
180 2100.883804798126 8.533220638372166e7 -31.104524002819538 -19.3895734745786 -35.84595427968922 -2.613517233965645 -32.57855060859843 -0.3683135874227901 -51.2453531000844 -225.19541683914332 -118.80503219371872
181 2105.745517730713 8.506784691554417e7 -33.849677072731055 -23.678870930053584 -36.342548370012224 -22.35860974974336 -37.009810071388245 -3.251742787591297 -50.37455041763428 -226.68611716387483 -119.79727936366305
185 2125.2933027744293 8.48999929001369e7 -44.55779667187918 -31.5462814375679 -30.607351363640262 -8.26883511396182 -30.105276145868956 -8.834593839931301 -40.40723733475312 -229.45555650168478 -119.97117462915287
186 2130.212808609009 8.575739216694136e7 -68.29961236956134 -51.193616736282294 -7.873437810793035 47.337952143148286 64.40336042181339 -10.966844320373525 -3.6497881691406633 -230.3995791991759 -119.03420489778631
187 2135.0193285942078 9.260269266585876e7 -68.62405109951203 -56.03919754025422 66.14428558386922 211.0319965671025 231.0777684388634 -6.192851668161779 59.550943981312344 -223.36623721931733 -73.10656692654413
188 2140.09282040596 9.332613307272506e7 -77.80165646151289 -59.55486736886159 74.553402606347 213.10797992478004 284.6267095678447 -9.475054552225515 84.83680486590504 -224.67078003847996 -69.92161091291996
189 2144.9707074165344 9.962042940495864e7 -32.76199697198576 -41.83390025679155 53.57236431625773 134.07280143263375 189.4655829833804 4.562678164233262 81.71056320965556 -213.10464304810972 -24.71134049896233
190 2149.876884460449 8.504431500099547e7 -35.34008735267754 -20.602735136602703 -37.41192799315452 -4.405044178239244 -29.656207017555882 -8.173038511010361 -43.81178391391421 -228.96515069667566 -117.88645683333067
191 2154.7090504169464 8.510392610188094e7 -46.077497055589994 -33.22790227882891 -25.87650997994625 2.00554866850225 -27.610305408131577 -8.408940119953911 -39.09510567361417 -229.0887154654634 -118.2413016571889
192 2159.4348335266113 8.499799354831111e7 -28.665491264227185 -15.4895177759863 -46.42664359382286 -28.052335141976975 -35.163694561167496 -8.563965528570577 -45.97235025990142 -229.2881787493963 -119.29408655758164
196 2178.5984773635864 8.488015103441323e7 -38.14457823829927 -24.44974984945779 -37.90386068237861 -12.046101008721571 -30.951893031013242 -8.758079283019924 -42.154133931121066 -229.4522786286792 -119.98797683001112
199 2193.2971646785736 8.489230722308402e7 -34.05212242830627 -19.224560734913126 -40.395000000516305 -13.531214374092038 -31.284758676828744 -8.718281072453863 -43.41755422988615 -229.42438603857772 -119.78649286436968
200 2198.153631925583 8.4899553183215e7 -34.086295846107 -19.959067130954594 -42.78501080675109 -14.90042025953614 -31.59164541823185 -8.867096684923865 -43.60781081411187 -229.46042431848895 -119.83349060685106
201 2202.961212873459 8.510181401348293e7 -35.26308398177995 -14.884218022905342 -41.02341966851505 -12.911258700876779 -31.140957211991207 -8.2003266647435 -43.48737010497274 -228.8470358863064 -117.03344185015584
202 2207.779578924179 8.501912864978985e7 -31.632157194679316 -17.243445849404424 -44.49734774325749 -15.652116752496859 -31.760126791048947 -8.46188773413121 -43.37594189073786 -229.15931866491655 -119.08075717556164
203 2212.6098358631134 8.512859275965394e7 -28.9993465697871 -14.330115521026725 -45.59782611749378 -28.420107521545198 -34.63919261090793 -8.393011337076132 -44.079568727081266 -229.02500823139258 -117.89985634226326
204 2252.858800649643 8.495831516838324e7 -36.34847138419583 -23.991101134927803 -38.434653945235524 -12.22381581039749 -31.60286300052212 -8.7757474516132 -44.129592033823315 -229.40829845211033 -119.57107028663171
205 2257.503431558609 8.500988438019498e7 -34.51988051052289 -20.43884920901948 -41.014700206593446 -25.0203010894866 -33.87297220444001 -8.573776596948107 -42.825396017067305 -229.2466055654205 -118.94442378226745
206 2262.466682910919 8.521482807953279e7 -25.060117255305364 -14.42611813212852 -49.329697357624326 -37.63464233914636 -36.89003422273973 -8.730312983354622 -44.66810893599495 -229.32386785099783 -119.28070095646865
207 2267.201132774353 8.52668913867335e7 -22.43728572150591 -4.394903153909038 -46.22694760490046 -16.74828743252403 -32.005816830502766 -8.014657130872934 -45.87955364285324 -228.6554446836725 -116.09534992342986
208 2308.62647151947 8.508680391088255e7 -48.482128743699526 -35.888741747992896 -23.147968507444958 34.03678064588921 -20.21705892389685 -8.362729024617181 -38.30163724293902 -229.1065010081457 -118.5784862978087
209 2347.4023518562317 8.518131043856508e7 -58.12643321402937 -39.75727803622249 -24.62845587044133 14.212671147654614 29.9290515868475 -14.912784284143129 -13.679547486831552 -232.53803041905013 -120.3021363879214
210 2385.5060465335846 8.56293589015824e7 -57.60001893786406 -39.35400709966011 -21.82282780003598 27.508447702232086 59.941541056822544 -11.212847870760868 -7.278341269114321 -230.60442959601988 -119.91143960799246
211 2424.4681503772736 8.573031547678924e7 -59.01642546101389 -40.43907566828739 -20.68730469707873 27.94353583971497 60.92948356930438 -11.209114581308427 -4.434504379927716 -230.59923511518662 -119.69825706809388
212 2429.337300300598 8.752395659984806e7 -101.85698551905932 -87.02577318295167 23.026308862698016 118.43834399854083 164.08533068734278 -17.08403171269407 45.16606342310445 -232.15178825247676 -106.74559741719617
213 2434.1578023433685 8.965614100063226e7 -48.48266812211253 -44.88916089216747 -8.458781927897064 69.01361523128644 146.84420841946363 -7.177740961778795 26.852832399477734 -225.99693515303056 -94.10119941822524
214 2439.0819702148438 9.382329086214192e7 -36.07281816990067 -42.94213300230264 50.160208167020905 171.28686941718504 127.01534593911273 32.65450766897197 14.680390332070033 -203.98097988857234 -70.75566715334833
215 2444.1133003234863 9.346016057349116e7 -44.799837841318116 -49.96728788913295 53.39323326561196 173.01073716307502 129.60176298887023 27.38258326985897 18.71697410450065 -206.67809309273537 -71.46997887998589
216 2449.0110754966736 8.51225311836707e7 -30.516198638758688 -14.70514397552975 -36.43148103934445 0.2869052348169703 -27.7226475280115 -8.808683219846273 -43.13216998391647 -229.13327065137082 -116.81007334232987
217 2453.90119433403 8.503385295038284e7 -38.602463622986484 -26.962232840651495 -37.27211988837318 -23.299576014702374 -35.21548165191315 -6.785569327865744 -45.00380951118956 -228.36279288936595 -119.37676079352582
218 2458.9311361312866 8.497461340914734e7 -41.97065342160878 -31.777286875141485 -28.722736015737603 0.4999962562131728 -30.304844750059573 -6.378276871104049 -45.649338517055924 -228.18199097752546 -119.1924503791696
219 2463.7136862277985 8.49521132378822e7 -32.68956960786549 -19.110684309369912 -43.28924699657331 -14.783956891037683 -32.135707412740715 -8.213763884888124 -44.79619711171881 -229.0904300313399 -119.33915979891259
220 2468.6294860839844 8.505217866059798e7 -37.92698421739123 -32.29985073510744 -33.079948770869976 -9.016214423883277 -32.80687309122423 -6.031055228657067 -45.820241487463306 -228.0921054493931 -119.86104130269524
221 2473.53816819191 8.510076087194118e7 -26.579453688831954 -8.939888607695275 -46.85572874876302 -29.432560722269812 -31.888198592495115 -11.102618332022075 -40.09399939582005 -230.393390296745 -117.87677895338356
222 2478.415365219116 8.501733956933011e7 -40.798164047773675 -31.53150854401182 -32.36350311874796 -20.725068066630527 -36.055419673031125 -5.451145937838305 -46.65329806390105 -227.74092859444318 -119.38601435215122
223 2483.2373032569885 8.509073943812206e7 -36.987501215225144 -19.071816334009643 -38.33365661539277 -12.616315524629208 -31.720042387430883 -8.240959277975662 -43.30960143618228 -229.08503833382815 -118.93107053988098
224 2488.2102711200714 8.49131173689359e7 -33.91476244525577 -24.62857081145071 -39.5165719313524 -24.604731066907256 -35.41287500706381 -6.756062351197272 -46.52313466293754 -228.43612593328538 -119.89548857358773
225 2493.2999851703644 8.496186797260623e7 -37.76231491679726 -24.849361060590464 -38.98341184094585 -13.409042328927711 -30.024815363020895 -9.781240728984187 -38.33042226415472 -229.909181762348 -119.79838191568047
226 2498.222920179367 8.50593025436062e7 -35.63516906312377 -14.306190869502496 -41.333594370747875 -1.3412770655240536 -27.696652025424672 -9.188062791557172 -41.73523410845564 -229.35365143185828 -117.38375188025566
227 2503.1158351898193 8.494994911252591e7 -40.02659731946255 -31.31713182829762 -33.49006794088732 -9.69827555505384 -32.02950911987327 -7.304657186300403 -44.10476138290659 -228.7198326805423 -120.0782698882424
228 2508.0584094524384 8.512050622681151e7 -33.03388060747759 -25.182257480971984 -39.86859338419048 -20.49482476915427 -33.995557585049696 -7.609012912908781 -44.18343050834136 -228.8870799254966 -120.10272862810666
229 2513.002583503723 8.495528247431731e7 -35.47183432102345 -22.0247508486746 -39.347334955304575 -5.128744109779831 -30.107663166700895 -8.108780314204466 -44.660769686356105 -228.97843154644124 -118.8655717453222
230 2517.851003408432 8.489118979050884e7 -34.803730756148475 -21.85760397889325 -38.06194027866967 -12.494058023438662 -30.948900517583848 -9.191132379652743 -42.535882670862975 -229.5946847200472 -119.51497734097575
231 2522.732605457306 8.50139302240419e7 -41.83369128592911 -32.2226904878597 -29.24527312833515 -0.07427389689188857 -29.74824738023377 -7.384341618652741 -43.68806728479473 -228.6510135765655 -119.03990386238348
232 2527.491244316101 8.49254697485765e7 -33.157975091346785 -17.93621757706143 -41.730339532312655 -14.573522987179224 -29.63249323811436 -10.774450924979078 -40.09129612486436 -230.38475950868695 -119.28871908318644
233 2568.206630706787 8.534873928215854e7 -19.31047302955526 -2.8381446535138717 -53.596963971080086 -20.623161845858434 -32.06991601719002 -8.619106786068073 -44.519045718652194 -228.95033212136514 -116.00602965941181
234 2573.1153087615967 8.492357892951638e7 -41.98288864400406 -31.224978575016664 -31.336160935488486 -8.627357592715121 -31.224395512156796 -8.003672759234178 -42.62075201549567 -229.04412743159259 -119.80251631070797
235 2613.404047727585 8.485688189138965e7 -47.05539130912079 -35.8632990247797 -26.33729632249105 5.984420661231773 -27.119098346982963 -8.48851929756961 -39.85865250582975 -229.266881931537 -119.91939306783348
236 2653.6213216781616 8.487566412964937e7 -32.454437261668176 -19.541062980678 -43.27762052821648 -26.63833073095814 -34.64536110681803 -8.920201770786264 -44.94164633942319 -229.5138098329527 -120.03501727535024
237 2658.5588085651398 8.511412013532151e7 -36.81434335027775 -23.291702388167728 -31.57867626648754 2.727383052966246 -30.205226860717048 -5.040663405665782 -45.48381119877183 -227.52458992475772 -119.36854454863641
238 2663.425974369049 8.489777278948598e7 -35.56968400474348 -23.83074377824027 -40.96077662776051 -13.593868454497333 -31.09613515556698 -9.12339751714046 -42.4854294558009 -229.59167570283182 -119.76548433992872
239 2668.3219373226166 8.500162452993014e7 -34.60422680977668 -23.690483702922183 -34.87305092794672 -9.858819054341176 -33.53949639000329 -4.4675517133539415 -49.38586408363216 -227.29152851945497 -119.74778661906691
240 2673.148264169693 8.48098870096181e7 -36.865934386041815 -24.010605586661207 -39.642584774714884 -13.27671428049075 -30.829157070575672 -9.636313441771847 -41.67912130797532 -229.93288184561567 -120.44787921355737
241 2678.0041103363037 8.489884431219757e7 -39.23842135124815 -27.17001542495464 -35.15619080079264 -22.744346177684342 -33.880513136311954 -8.10979470350594 -42.56526065163331 -229.06815687578938 -119.35883797285351
242 2682.89892411232 8.489608567131723e7 -39.13719527524906 -28.433105928535056 -34.98436195287553 1.3530769890196268 -28.059374420041387 -8.868411429779428 -41.898845056102914 -229.5369792652491 -120.3561241735955
243 2687.78972196579 8.486345601668991e7 -35.05486897772309 -22.030842850083758 -40.147771777408934 -25.16201531697378 -34.69785516676929 -8.304705484362216 -44.73934033809098 -229.17634207161848 -119.81685245000028
244 2692.6810472011566 8.49567065242259e7 -42.36744336490994 -31.406144117216318 -30.255906153254436 11.19511397911004 -26.027644023237894 -8.672896665630958 -41.58659447279888 -229.29725818097785 -119.14651235868598
245 2697.55388212204 8.480966903912337e7 -34.19737189024641 -21.192200225869072 -41.72782645279288 -13.977517201729555 -31.84488139570931 -8.603600628856384 -44.62265629347087 -229.37871210216338 -120.42373064524338
246 2702.4144411087036 8.489821593101443e7 -35.353419628013754 -18.694051498251863 -40.16950051821275 -13.164616317607646 -30.487806015367358 -9.416405013109 -41.78639835514895 -229.67120967812355 -119.10017557548099
247 2707.2230122089386 8.489540040098643e7 -40.85319945649767 -30.716737333828785 -32.32066978130929 -8.700372952310815 -33.15202633316723 -5.694449998696882 -46.81548633205125 -227.93024909501554 -120.07830222578696
248 2712.2477962970734 8.487654659516403e7 -33.59321798919927 -19.532014604996142 -42.35415512439418 -14.305441128511553 -31.8637214532575 -8.225299036232855 -44.19423906272789 -229.18057820880136 -119.85981652362625
249 2717.2144870758057 8.534570428116469e7 -29.91577046978524 -13.070223698712123 -46.21652158533914 -17.309494719490843 -27.953817462998384 -11.493565908580251 -34.8326023707657 -230.40649731795264 -116.17271539408421
250 2722.212871313095 8.487579373802455e7 -37.94934002614251 -27.00898814266037 -34.316615552173324 -9.813341682478146 -33.04278152022504 -6.16332936027942 -46.846824619848576 -228.18234932539747 -120.21548586481396
251 2727.1854445934296 8.4855984868767e7 -41.060697840930686 -24.638588242470735 -34.47852492574829 -10.622142594774033 -30.04317643432667 -9.441409396903055 -40.10940704981357 -229.80548203292653 -120.17081836558049
252 2732.1601016521454 8.48706364152083e7 -31.64966701837878 -18.45988713046205 -43.5037604838878 -14.988598608079585 -32.32937515760304 -8.345221982559167 -45.35779297204641 -229.19068727833434 -119.68543090124007
253 2737.234854698181 8.48442427504036e7 -41.135300451188684 -29.206641009819425 -31.439321024264203 -20.437666959552146 -33.766841709533104 -8.155194387964173 -42.76950407673672 -229.14449750318533 -119.91224497874646
254 2742.1453187465668 8.491258742049405e7 -36.16653884546615 -22.249327796122518 -38.545306122536765 -0.23155191116186558 -28.788212659637768 -8.87438847391121 -44.014005157830354 -229.42479728110982 -119.67626887240965
255 2747.054397583008 8.484271327509391e7 -40.76883707930623 -28.312099727923176 -34.136959230221 -10.130501819245382 -30.836901145913835 -8.696110552224809 -42.18583102237341 -229.37399989977212 -119.97197435751906
256 2751.845876455307 8.485797449880728e7 -39.91595778517086 -30.438317103911217 -33.91880332248544 -9.972714467888352 -32.17647185746902 -7.486400238159831 -44.70646711718848 -228.85441824163468 -120.54776662994982
257 2756.731674194336 8.492684302968803e7 -39.068841710798736 -25.5159050622775 -32.985414939010774 -9.617110737421669 -31.97032616191167 -6.945357964160678 -44.25037136383446 -228.5057312672227 -119.82314941668801
258 2761.6086292266846 8.487326017113014e7 -35.05158088467137 -22.79331102855377 -40.93535610143588 -13.55172796252863 -31.664562823910636 -8.785206539628575 -43.972218671914675 -229.42221517800323 -119.75407735476938
259 2801.504239320755 8.498471180252045e7 -31.73538370068958 -16.038360776542575 -42.98797719492083 -15.278042677444269 -29.981767915967726 -10.410872495924878 -40.265854251912685 -230.15218730016204 -118.97802171833342
260 2842.0246000289917 8.488273125739147e7 -41.48556309863338 -30.231720721373147 -32.75468359812935 -9.12779896120528 -32.00683802105197 -7.226212618740931 -44.25918892438506 -228.6483447922767 -119.97982163439707
261 2882.0372037887573 8.501019296569997e7 -40.509155883374106 -29.870015606928472 -33.895799785993795 -21.7791798184332 -34.31012889668361 -7.852850581668406 -42.81491764520297 -228.8750481195646 -118.82068590252891
262 2922.622240781784 8.490123323356257e7 -34.37173485959286 -20.59914829582155 -40.73138249323081 -13.564682300879134 -31.71037251635914 -8.477738660217426 -44.05059437307159 -229.27356438842833 -119.65816826047507
263 2963.617352962494 8.545344884849411e7 -31.863904442969996 -17.411541590996613 -37.30320434447456 -4.77826657993743 -29.032782336196146 -7.2303869529387725 -41.36860730613006 -228.20038181862117 -115.2779464198855
264 3003.7072689533234 9.096182468422462e7 -17.565447779017116 -14.227165634290188 -6.818745488825456 102.62953219111958 130.29691052131605 -8.628198695150672 20.403230309859282 -226.10569733509908 -87.59092949431238
265 3044.3257348537445 9.130222894679643e7 -7.669574470973142 -3.2769105868772357 -14.113405776548333 86.59979379753739 126.68776610936717 -8.070879896640406 18.655766661894972 -225.5305216990297 -84.70211788111419
266 3084.5001168251038 8.49215373067076e7 -43.44371191520266 -31.906020988683025 -32.12227631414194 -8.880600021285787 -30.7024846814266 -8.429679222852371 -41.33527889859613 -229.2618015719019 -119.80648268928582
267 3124.4470913410187 8.483691427307191e7 -29.936273871882797 -15.751691148851284 -44.242719546667544 -15.483771799361264 -32.182485528224916 -8.522820982933865 -45.84916199447326 -229.3140505908416 -120.06053280525902
268 3164.977122783661 8.485340890663837e7 -40.610590323826266 -28.288731813979183 -34.43131713405458 -10.200251306969804 -30.998264510565033 -8.579764067174779 -42.58745305732441 -229.34105466623117 -120.18654472776927
272 3323.107065677643 8.481459326519367e7 -36.88789911540743 -24.169396720853825 -38.51034637991562 -0.1412138751122285 -28.727235751656412 -8.623761766602115 -43.78908275227582 -229.39665926786307 -120.46275846149598
273 3362.7293334007263 8.50962953941008e7 -29.329344744497945 -21.636867060092072 -43.214099126226465 -15.012281247595176 -32.71782136866364 -8.22244634374465 -45.711514283602696 -229.1383426760023 -119.46862549447201
274 3367.77729845047 8.50092894489714e7 -37.03049348162278 -24.809489400572915 -39.4187856328803 -12.657865916045537 -31.549101566570886 -8.34665878205027 -43.05055551181687 -229.11216590357822 -119.06325949823196
275 3372.584996700287 8.498824565715596e7 -27.49791045947216 -13.778927130744455 -48.339680947946164 -17.617630531011926 -32.660757612600634 -8.172199730069167 -45.68061084110457 -229.0709657209104 -119.11000396102469
276 3377.139023542404 8.523508837688975e7 -18.628132512502383 -1.3136178060708907 -50.00734718894742 -18.648210705669683 -32.89174653465949 -7.612186091406272 -47.793138840539314 -228.51542266360946 -116.58206662953569
277 3381.7345514297485 8.509245413651094e7 -21.72213853893154 -11.635280390665375 -52.87540477583207 -39.37143705072337 -37.739655348509324 -8.516506242374078 -46.9325200974813 -229.3290518809676 -120.15802047985147
278 3422.531123161316 8.52320898300131e7 -23.30494911131418 -9.139215734181544 -49.55845542615734 -30.419497714450145 -35.54651380264424 -7.822176964294329 -46.34309317648729 -228.64080215200636 -116.85220304913543
279 3462.1218280792236 8.52387238201357e7 -21.828021488553667 -7.5049249897103145 -50.66392486787569 -30.73081593547012 -35.615541448692845 -7.785071807967029 -46.535476335797455 -228.63292129302005 -116.97672893380451
280 3500.1948215961456 8.521876644277053e7 -53.78404569487929 -36.19699140834675 -28.59881790530835 12.182731910339356 28.816981262192126 -14.25749054623202 -15.982320402148389 -232.15432410754596 -119.92535801340148
281 3537.7210602760315 8.581955423546383e7 -52.77573622692175 -37.8621788149801 -25.888540971178465 24.95893449405082 59.60147294837843 -10.730096450656958 -6.136111068388914 -230.37061090950232 -119.26275097359047
282 3577.4064178466797 8.633751220850955e7 -49.94488938375181 -46.66006036268692 -14.875968971996386 36.56480900821231 -20.093650101811182 -5.57718478267833 -31.587394285784967 -226.4750336344498 -106.94234148653618
283 3616.7374165058136 8.522900615231462e7 -61.178223669901136 -41.86145989278316 -24.736897190376354 25.846647084361766 59.56108761047782 -17.50416703306854 -7.515860077871821 -233.73077415104012 -119.8744556974915
284 3657.6824345588684 8.559636708418523e7 -54.24401734741661 -36.54936254930841 -25.450202718121076 25.6435517399424 59.19182391043937 -11.220997844089766 -8.8497552934478 -230.63148059449992 -120.11764434183692
285 3699.0863251686096 8.591701787775648e7 -40.70308459085766 -17.055079367117095 -37.046581603448566 -3.1498275179935646 52.07382602707438 -10.226314801718388 -14.090933060552288 -229.8175513851732 -116.52629315530658
286 3739.5116078853607 8.56025424930884e7 -55.06921911296103 -37.18152604469867 -24.511270467493006 26.012119646706985 60.036495204608336 -11.022844902497411 -6.76277354035841 -230.6152155966331 -120.72201357377679
287 3779.434255838394 8.64256134708435e7 -38.64074385285584 -22.182010203452556 -28.225907300881765 35.032693230674205 62.55075385978003 -11.39531954424632 -7.814863812480894 -230.11337582244346 -113.5750197910412
288 3819.1741166114807 8.540168848192386e7 -19.252002606583464 -6.4698259136281635 -48.13133963210708 2.6924381471832106 -31.015136771997884 -1.5791861530182132 -53.35033587705948 -225.61612115425504 -117.46827900915554
289 3859.5675308704376 8.875684706471989e7 -46.346437451786834 -43.08635090076389 -10.389636633428076 91.64922628814796 215.3320385416873 1.331760561508304 32.98994292699308 -223.86337731803206 -113.4655918270621
290 3899.9659945964813 9.216187550383827e7 -35.86154687297957 -22.754207269461652 8.697256909278948 132.59438212353513 229.97412579479123 4.221927400526283 51.207873580390924 -219.34038458458474 -83.78726823204488
291 3940.33051943779 8.484924145049529e7 -34.64560864645871 -22.85186669625315 -39.274081510845214 -24.77198797753791 -35.15961506884703 -7.941323147188712 -45.726365996703805 -229.02583573107893 -119.98549050420257
292 3981.0097229480743 8.486026216248628e7 -39.18939790833035 -28.26009227296716 -34.307673942972706 -22.27078673475367 -34.428456351133526 -8.240099431797773 -43.90550327561414 -229.1953564419705 -120.17246851529768
293 4022.3703713417053 8.491615735793157e7 -34.90601759605893 -20.713923937194835 -42.262774061160286 -14.86374928579064 -30.143588547707328 -10.416641780391615 -40.210916208422645 -230.2256812883769 -119.50595208746967
294 4062.850396633148 8.479730591302365e7 -38.105407008525 -26.31822768142458 -36.17011896666703 -10.925070889651977 -32.1695121913369 -7.69386485237311 -45.2468024541879 -228.94971606054156 -120.65163736134122
295 4103.409653425217 8.483148606897461e7 -41.61488540060525 -29.40255077033825 -32.29764907787386 2.634060009657688 -28.478926849373106 -8.241466138429587 -42.753993205246616 -229.1735815239419 -119.81151238294495
296 4143.727087974548 8.484262605671601e7 -35.46656107079099 -22.80130532473713 -40.42453506794627 -25.242227849491798 -34.3886138891095 -8.830134127020358 -44.21581161977139 -229.45962245784528 -120.14236743482195
297 4148.289062023163 8.490680289408998e7 -39.72013020981771 -26.774174062017146 -34.29690030016407 -10.365004398374687 -31.28310878933313 -8.243345234183494 -42.70486295389554 -229.15284738552373 -119.80067347659514
298 4153.127730131149 8.482721146230438e7 -36.808482087313095 -24.351541191599026 -39.21191517723683 -12.668962629275796 -31.456652050759935 -8.811869611952545 -43.470405240352704 -229.50918995004247 -120.27629225902979
299 4157.946043252945 8.495475193932846e7 -43.377341312668506 -31.34685484699404 -31.291153646942824 -8.749517392976088 -30.5636614906353 -8.634460757781937 -41.0623372314281 -229.32728764313475 -119.58947174836851
300 4198.410763263702 8.475788706508014e7 -35.13893167694666 -22.19763611216068 -40.47521178848789 -13.364048217279624 -31.785552601180132 -8.799989983867022 -44.62519126126506 -229.51325457472313 -120.68800619375963
301 4235.644259691238 8.519339510309146e7 -24.091785353731638 -7.848932485544097 -51.09371264341872 -43.9191701830648 -35.68678867439097 -10.765795114515242 -40.46083606908098 -230.1034320358571 -116.83624602763223
303 4316.811512470245 8.996726636010216e7 -63.00916235590322 -42.99872940649049 26.94562020724722 105.62508500532786 76.82765902910849 -0.863905257414558 9.783948667785523 -221.356074914867 -78.40785548573825
304 4357.438896894455 8.997768953174709e7 -63.261326939440416 -43.268267394967374 27.548306717766447 105.87058805377106 76.88371891867715 -0.8418054913475999 9.929142570460613 -221.3549066389666 -78.24005092685383
305 4362.2859609127045 8.948082203933872e7 -40.55364657629202 -36.11907573662066 -16.455934227099917 84.0473100730034 224.95437870222568 -2.9342607703909493 44.534305222376474 -225.45306897123686 -109.29342351773789
306 4367.228847980499 8.95198690104826e7 -40.36989484623627 -35.82190106366744 -16.71835680666696 83.9190398532151 224.92562887709832 -2.954040848983709 44.39944882472753 -225.4231307965175 -108.95143121130411
307 4372.055317878723 8.490912960449377e7 -41.61669406550916 -29.565746270202744 -32.71352417706394 9.823592452844274 -26.232644801646106 -8.808385091321725 -41.75902004583628 -229.39078116848117 -119.49776349784617
308 4376.880038738251 8.484050018366002e7 -35.19987132046068 -22.206172557145436 -40.467039949231555 -13.384282667514803 -31.7947514660348 -8.615050255561414 -44.44273857907746 -229.3578172895044 -120.02467401510586
309 4381.79340171814 8.475324997141775e7 -37.43529998038587 -22.321788502057675 -39.46165706534927 -13.049874395452804 -30.818372162135137 -8.835702674321738 -42.02456400163601 -229.55594990011167 -120.73334540726341
310 4386.693780899048 8.523070562912025e7 -23.7015743295282 -6.211416027520435 -48.78388515284189 -6.2396936010121635 -29.10446471475712 -7.9992459665140245 -44.31008582298972 -228.72851577305187 -116.52465254822533
311 4391.576741695404 8.488712256952226e7 -42.51477407854326 -25.74552234200484 -34.880428750778904 1.4131717986681025 -26.06519503425528 -7.92002038471594 -36.56669629257817 -229.20214994163854 -120.11462778544848
312 4396.508044719696 8.970196243971996e7 -66.50157895888074 -57.08000181078259 24.3349927107406 165.5881700345313 145.427269194555 -15.761271079375035 31.26116502177888 -229.892562704493 -89.98880313436814
313 4401.307842731476 9.153783052487034e7 -3.4217461102071454 -10.145314486451557 0.39278645708266424 108.72548067656759 17.432252769790345 55.70523056793252 -16.089893762933173 -195.47572328897672 -97.9906536859337
314 4406.127969741821 8.482457149269189e7 -35.97185549476535 -21.948087499479577 -39.960983114081394 -13.215913024669739 -31.426572269156868 -8.941229943217365 -43.74773608056631 -229.5094697544834 -120.0904156713454
317 4420.769515752792 8.483151682503818e7 -39.353625996888205 -22.811646752700234 -38.551939868857644 -12.751958009599 -29.727103349483333 -8.51914667634594 -39.24164074777178 -229.39942291126533 -120.09108675366787
318 4425.840112686157 8.486543088453107e7 -33.7801306365589 -18.277169567429983 -42.569991379331185 -26.01821409767325 -33.738120917054644 -8.732273047697731 -42.99643628342943 -229.3561546383209 -119.53154011768754
319 4430.660099744797 8.50089502595895e7 -27.239134183450425 -11.039245516043906 -47.64063679960549 -17.706860239508387 -31.862164936936903 -8.47964948010781 -44.23804221049875 -229.14810315003905 -118.41896765692894
320 4435.5883066654205 8.490977409984653e7 -32.623602563503304 -16.17828197871646 -42.055069547824786 -14.625123454568808 -31.171440357203277 -8.570588738234164 -43.068353377499875 -229.25209561922594 -119.18554119909822
321 4440.552144765854 8.491539529266919e7 -34.527310767775184 -12.668302883766074 -42.5671535514858 -13.911132087607967 -31.006584070385838 -8.484539686035191 -43.84927322819493 -229.09599707489372 -117.95710965521323
322 4445.461102962494 8.495451282607424e7 -25.88392441460106 -13.472609720411754 -50.18540222776275 -38.14672820326825 -36.646944582582265 -8.958085350208819 -44.63933678227261 -229.63361702315666 -120.78090766990715
323 4450.380652189255 8.504566227327652e7 -27.97631792752255 -11.85497443284757 -47.175026694050246 -29.43566031015368 -34.50814854240018 -8.40872129388191 -43.92487890197532 -229.06055973640412 -118.10687831355597
324 4455.4683248996735 8.483651031118473e7 -30.294680069509063 -14.42035254115294 -46.128681141806396 -16.773795167693635 -31.653032546804514 -8.855553808485809 -44.10722368907773 -229.4410064496115 -119.76025528917387
325 4460.400836229324 8.520566450173278e7 -20.70722416189502 -0.9636202695203062 -48.09374747324722 -17.978479419789267 -31.923044258319553 -7.96504193694517 -45.96937213386923 -228.64592512809827 -116.17785926866202
326 4465.344163179398 8.518831837768736e7 -60.629971830003164 -41.252239707975576 -21.264467728199435 15.943134738901907 30.57679298655521 -14.521920949441494 -12.1506905863788 -232.28970125051995 -119.92157700715626
327 4470.502846240997 8.626301136373822e7 -53.32328998781869 -48.0168294843165 -12.639675317333399 37.54028615066407 -19.05685979982756 -5.861783306867267 -28.972419139755118 -226.70233620114476 -107.25156398246065
328 4512.76616692543 8.515715196565656e7 -64.10113903847919 -42.749725923347015 -22.510794527638154 26.75887901232245 60.55535433729278 -17.572255695808963 -5.1672496332191145 -233.78823075155213 -120.3253785897108
329 4553.582805633545 8.55566482792706e7 -57.084815163414355 -37.37472066905629 -23.314713791683843 26.526836694512486 60.12280598354103 -11.168843378795316 -6.519788015326469 -230.63670289745016 -120.30770480352066
330 4594.491809606552 8.56020817675997e7 -58.30714720310049 -38.31111432088727 -22.245101080049395 26.93976245298372 61.06300443818239 -11.337550153513064 -4.339268981986493 -230.73775916713726 -120.34932431172973
331 4599.413838624954 8.650113474518752e7 -66.17406571860128 -50.95986092359289 -1.2172469451986387 76.87341757119258 71.65256819820635 -9.58467694934859 -0.8884388133968173 -229.06271042869167 -112.5902796842667
332 4639.52641916275 8.496359144606546e7 -41.33590866807257 -20.76839719345365 -36.437344360292414 0.6699264917522214 -25.29239371156776 -8.335549826980923 -35.60458616339008 -229.34307923639295 -119.72031715721067
334 4649.237694978714 8.902935752195203e7 -56.16609175863975 -63.98006164706236 21.132735952692126 166.95581263439368 76.27039737298561 15.038725720844923 -14.514810870291399 -215.3157323087766 -97.05328160765379
335 4689.4397847652435 8.48983129050931e7 -29.8735900048194 -16.040411651932715 -44.792044824637436 -15.925842064751798 -32.37366207985538 -8.36722852561229 -45.36972522992028 -229.18554275191946 -119.51006032215099
336 4730.0891370773315 8.481912265185484e7 -38.61021329755198 -26.19930158297266 -36.81386738657395 -11.407152598845848 -31.34022001408488 -8.617012155736631 -43.424287068700494 -229.3860938821548 -120.40513144376973
339 4780.840565443039 8.481178497623913e7 -48.395106848443035 -28.63204278398811 -33.06329352166156 -9.580442633959734 -25.428009328794726 -12.849208026576889 -31.38725363716037 -231.37951994250733 -119.24396800607502
340 4785.816866397858 8.476569124990322e7 -40.53275131062616 -24.523649622648808 -38.752148353978015 -12.889678052451728 -28.556852682504022 -11.11767557707691 -37.54245664224521 -230.57284948358136 -120.20397658683981
341 4790.707733154297 8.484214380607301e7 -36.286316088159104 -23.1990173345035 -39.985193675958044 -13.213479089351068 -32.94546321513175 -6.7592252972323195 -45.83306340039957 -228.45687311615796 -120.36960687037185
342 4795.550503015518 8.48412781279469e7 -37.41824793417501 -23.058292792944048 -39.33510692001323 -12.862239038817478 -31.468622001758693 -8.128116128513113 -42.95936689161584 -229.15097541253107 -120.05146030258567
343 4800.505481958389 8.4866991790248e7 -41.0141413863383 -25.827150179521528 -35.92889102919919 -11.128023319887461 -29.699028012019273 -9.354772559195737 -39.54608149638426 -229.70275785557038 -119.6759053499996
344 4805.471046924591 8.480781587756838e7 -38.79184719183507 -23.82287258901241 -37.85601209175863 -0.0547082011030966 -27.888444026906996 -8.949140571056034 -41.74108422926588 -229.53717660645748 -120.0048272815223
345 4810.494537115097 8.491475676595512e7 -41.06617962388273 -22.91190464670194 -39.582420763135616 -1.5100558117154321 -0.2973670652457838 -12.037094087410537 -33.696128145947114 -231.01837723789782 -119.64740180674613
346 4815.288476228714 8.484003257474703e7 -41.235350665477185 -24.830730964344365 -38.28713194815285 -12.760964943576298 -27.83781521096167 -11.485458876045811 -35.70114858621946 -230.75832721659742 -119.72067323456974
347 4820.28715634346 8.501346519307779e7 -37.44465052622206 -20.659028636159604 -39.36523443568123 -12.656516905020851 -26.44208714671507 -8.540802914588312 -35.781296291557624 -229.35979247205404 -120.4412108573245
348 4825.234705209732 8.511028964536491e7 -33.12670161864994 -23.341025250193518 -35.19764701307009 -10.55507328177216 -33.13421132384872 -1.9196628691130968 -47.25289753098514 -226.0672948652424 -120.263122085715
349 4830.113917350769 8.502130904024945e7 -17.544216332774486 -5.054637972568102 -48.75505892080503 -17.60857905196753 -39.798519163981794 1.612372590027178 -60.2934064729007 -224.39000920381284 -120.52170110991074
350 4834.977566242218 8.520629564906934e7 -41.49885522592742 -33.217514651712676 -29.67634348114005 11.312781863376884 -27.244332406260348 -5.702274449881088 -41.07490731600893 -227.52256337745268 -116.26732731926705
351 4839.848731040955 8.501830230215406e7 -20.142052719925573 -6.468305543030509 -46.4461437034479 2.90910857613828 -34.46162669681182 0.21162812708382717 -58.91479429767338 -224.92710996773496 -119.27393028883415
352 4844.816542863846 8.512772826092295e7 -49.1096972661572 -31.181318160516586 -30.658070961190347 22.86641373860128 52.05211540876418 -11.222721018984146 -22.594444968312132 -230.7049925310235 -120.4616314066597
353 4849.8467745780945 8.509171714598806e7 -86.17897578450909 -65.8487021118064 -3.161434824178471 55.8376300291947 72.03523251433623 -21.17798906390749 9.577404757583054 -235.60933227466955 -120.1798237919661
354 4854.887248516083 8.694579717179322e7 -15.676252085891184 -12.36819423824383 -24.888516650638167 67.82522549635556 6.571128191443482 8.747949806491476 -46.3238590434965 -219.67211069933944 -108.76285154654124
355 4859.842079401016 8.554988183435829e7 -28.988252316779082 -15.141418218528436 -39.08516369430306 18.63126766641297 46.37254631396229 -3.356754459387048 -35.20640007634137 -226.66884406267656 -118.99453285760052
357 4869.88907122612 8.923294353783934e7 -107.42387996642175 -62.03469277398133 38.45407563980631 206.03073686355515 366.5213791706816 -24.670687710380378 102.44707477025202 -235.84070766615116 -105.84539239166668
358 4874.835466146469 8.94079775255421e7 -71.01026893814867 -20.399532298638437 -7.45405007233299 111.42283325525071 300.9978387705593 -22.891516051128804 90.88221664730156 -234.76205708336823 -103.23769458382071
359 4879.723242044449 8.937270253560503e7 -76.01421065600142 -25.502102737362577 4.049459031432317 155.7133149507746 354.90923657895684 -24.2450530343271 93.40046752295416 -235.4731780950127 -104.00363369386429
360 4919.794492721558 8.943045585987651e7 -71.01051157678089 -20.39971817716209 -7.469861911617755 111.42021938084864 300.8293701797115 -22.745686257617933 90.87581103338255 -234.7079585724054 -103.14536788626486
361 4924.549870729446 8.48313286913301e7 -37.688295837276165 -23.333340016164296 -39.4108811282816 -13.000360272057307 -29.573327174671643 -10.626702727349084 -39.987879837102355 -230.38587344779188 -120.02662042008302
362 4963.27928853035 8.480206493713216e7 -39.96592961288336 -24.189251350160255 -38.488425608228646 -0.4961364992387658 -26.547015032865843 -10.431586885171384 -38.988226696233994 -230.24808439416853 -120.05913042214934
363 5002.982837438583 8.483114506546809e7 -33.00225073396041 -20.74980352034426 -40.39833987378724 -13.196954641453317 -33.28660989631377 -7.1650129803899745 -47.814892668804646 -228.67442713556756 -120.33728687016134
364 5007.61173248291 8.488717768726143e7 -43.9118032806411 -29.27258275892534 -34.38594529334021 -10.393773061409803 -29.251032721565917 -9.98469758764486 -38.0514206725735 -229.99092874315852 -119.45886193500183
365 5012.449861526489 8.482727580311023e7 -33.97349076090056 -19.800320833307232 -41.85902346236246 -14.183178708907683 -31.481286628957132 -8.894087333783773 -43.82728964261776 -229.5229636052473 -120.12996012249675
366 5017.268752574921 8.488377561038664e7 -42.96140284771438 -30.316874389933144 -31.768367380898944 10.602268016633417 -25.059810286177104 -9.822493655837718 -39.97107717038102 -229.94133012169942 -119.69799227465597
367 5022.048417568207 8.478386395293273e7 -34.24019591089096 -19.41668492721356 -42.61319467962723 -14.68372521495084 -31.378517366459164 -8.936218121537308 -43.367721499102004 -229.53132765848375 -120.34244611514049
368 5026.897031545639 8.485026562883294e7 -37.03998247218465 -23.045607721738634 -38.94086772138873 -12.600731392242288 -31.98724871451596 -7.490970389698816 -43.90783262901334 -228.86741025121603 -120.09755809246388
369 5031.805117607117 8.47461942707899e7 -37.62771054859762 -23.357188180805494 -39.458462104453865 -12.949585526598405 -30.257739478872356 -10.149679100875858 -41.714110590881205 -230.17064326580942 -120.52520710486391
370 5036.638522863388 8.497598411554398e7 -29.82918925200355 -22.585309038747432 -41.69181151703959 -25.589896744215466 -34.15206853567216 -12.939354985615239 -46.52314036665064 -231.41771244656223 -119.37875710776484
371 5041.382491111755 8.766884620135221e7 -53.43020298520256 -57.057564749852304 10.551427445023204 140.2106449147954 70.18841995749155 2.6790617763919045 -24.357872234455613 -221.86030733849543 -104.98383508780103
372 5046.228576898575 8.773635537224144e7 -44.189276757574845 -30.689288199768015 -11.738567047102862 77.88870794561763 98.25075242234959 -5.982728267149184 3.2355225976191377 -226.40551985548984 -103.28330411551758
373 5051.051047801971 8.82969238362891e7 -46.178338369411634 -50.49884693809055 14.763877987861385 205.7034076060084 107.16724786098197 14.130693463510738 -27.43108315337298 -216.5296524528506 -105.42683388855824
374 5055.993198633194 8.485946845340148e7 -42.160348050052264 -25.715906628582697 -37.448926566094386 -12.31418184881636 -27.688573589058187 -11.385462910808826 -35.15026642421083 -230.7098270277475 -119.58077277941072
375 5060.766603708267 8.48931058964333e7 -35.48508352375151 -22.1819485819493 -39.89949378837701 -13.0355719917196 -32.01784311139824 -8.02627392214714 -44.3162253011551 -229.06346300047363 -119.7816003880842
379 5080.339035987854 8.480279805501102e7 -30.75057773197223 -13.868373624661583 -44.288062965393145 -15.697146217080181 -30.418758500568277 -10.331844439351016 -42.81403419421707 -230.21728380039895 -119.89101897812589
380 5085.181473016739 8.478731757050307e7 -40.47837047117688 -26.47016057149957 -36.190119421555785 -11.29546711519162 -29.896328902822557 -9.972407208473726 -40.560496960611204 -230.0904233012913 -120.3550048365766
381 5089.980473041534 8.477521109106754e7 -35.22087793129033 -19.567782627392948 -41.56594342484308 -14.285762064354465 -30.07917979528533 -10.470955463038365 -41.54076176338123 -230.30325897234036 -120.36768149255539
382 5094.90395283699 8.475117597848815e7 -39.50520661393455 -25.95828974297614 -35.894902998881996 -11.043227634207291 -30.327610459847094 -9.547874475460219 -41.75495884061411 -229.8763903238654 -120.5145526374618
383 5099.921383857727 8.47161392129627e7 -45.28472095536546 -29.309362217546116 -35.709282831320785 -11.180556161200677 -26.641738259852694 -13.976700462005738 -33.88807191780984 -232.0078682554485 -120.25185834216245
385 5179.623274803162 8.497358190067652e7 -59.35596340503891 -40.68435814503308 -25.739335723704585 25.326824227188347 57.047681433208325 -17.523876652540253 -12.540619444173103 -233.83164613998042 -120.66119303066148
386 5219.007943153381 8.53244008939462e7 -80.86028116296396 -63.693702380737356 -8.41405238135522 45.93144736817642 50.33954151278133 -20.91469563010679 5.911136715160694 -235.16827836602636 -117.23173925186722
387 5257.708642244339 8.940940128303131e7 -32.792038214593475 -51.59083650673137 19.82226513956745 187.41578292042917 67.6160607838074 32.165257175383886 -42.173292183825765 -207.08534383337826 -99.03673445483304
388 5297.151958227158 8.942753172963507e7 -32.714790787081284 -51.5316594595837 19.73087043668373 187.37164728458922 67.60613509812026 32.14908175063533 -42.15324050061946 -207.0933981598136 -98.8817546419279
389 5337.195109844208 8.98032733190945e7 -61.10368849282916 -21.073464475377005 -10.71606115707295 79.2526350111213 292.57859601152967 -23.589479456669096 88.74600512144298 -234.8510756799755 -100.90728955950794
390 5376.692661762238 8.493121278695162e7 -29.55615142622431 -21.50665621343493 -41.25610895151613 -1.7673665384663693 -31.942508659875887 -5.951411476081773 -49.59604354051993 -228.12826353044414 -120.50853774672942
391 5415.677396535873 8.470671681099334e7 -42.99345741237654 -26.62532665356103 -36.378643175504706 -11.555085715363305 -27.6791689443669 -11.53420488604894 -35.79805669893773 -230.88508936495265 -120.79371062251403
392 5453.872637987137 9.075178216486633e7 -24.161344295970586 -29.203224866422865 -10.271387666001594 98.74599257063625 129.23542110594033 -11.28788845786687 22.502460924435127 -227.27748460946708 -87.74435211909599
393 5493.2092134952545 8.957738341518877e7 -124.66552878708004 -96.112918916708 48.07690761675249 185.58128641830888 316.15969134890736 -15.037896699882936 111.01502326389914 -231.13570084673518 -105.04492772278485
394 5531.420653343201 9.291264302549087e7 -46.41201306977848 -36.16513634041804 32.217576327637886 153.80856026442854 244.68266393637012 46.7274440467977 76.48944034859187 -200.64437489966747 -105.37189540702457
395 5570.723068237305 8.477020653401129e7 -41.57181601881413 -26.262300369133484 -36.87437088995579 -11.719765303624548 -28.282390879389602 -11.52848755977135 -37.41689166955592 -230.82984668125408 -120.27733157403969
399 5693.581041574478 8.485854948289457e7 -36.12291243925725 -19.3052181202349 -39.56211686998244 -13.376191638904722 -28.653653730223436 -11.226903205381348 -38.55069289148122 -230.62581591273312 -119.49094732631795
400 5698.348382472992 8.490223282961309e7 -35.22487474793503 -18.029020002848696 -43.15024607124475 -15.406169071844204 -28.542330894447794 -11.212234554391557 -37.37721010292114 -230.56069380089826 -119.10252700056958
401 5703.174671649933 8.483086812248558e7 -46.182031238012954 -30.15363542847653 -31.33455010052201 -8.797255082501522 -27.061043018048586 -11.242976125976611 -34.235769105287375 -230.6825892495338 -119.90093855890655
402 5741.695499420166 8.492136074667686e7 -40.12507448367474 -17.103319752745662 -39.505233411641214 -12.422193407518535 -27.868659261708494 -10.900455235579216 -37.064874591379635 -230.27911757570922 -117.78645941007511
403 5782.135962724686 8.50325257240828e7 -31.849948389054504 -15.504590890726849 -44.60601676781459 -28.115624685708305 -31.97428850109515 -11.131257435204361 -39.3706473662192 -230.35093380447842 -117.92931760614681
404 5821.931107282639 8.493213045508091e7 -31.78279878593004 -18.037161384372595 -46.947437458153175 -36.542517424351075 -33.4833554192809 -11.445434060444143 -37.8744241573346 -230.87708412547613 -120.81309590547585
405 5861.367002725601 8.493439839752306e7 -40.18741638447824 -22.62065444292764 -39.00682123027675 -24.33246047128985 -30.03096328860971 -10.89100963333658 -34.48879915879229 -230.46767701464245 -119.06138513605339
406 5900.615997314453 8.502367545113802e7 -33.14844530552257 -15.731351947226742 -44.443306453154165 -16.12009510307979 -28.702346590887533 -11.007032799411263 -37.54725232893628 -230.34694461815042 -118.08162229295976
407 5905.352899312973 8.518553413335064e7 -25.29323997997446 -5.478047033829358 -45.37326821875467 -16.55009374163283 -29.365035768668836 -10.613936258062154 -40.96897722159633 -229.9614869090965 -116.31793177490243
408 5910.010090351105 8.513137395986274e7 -62.009363768904954 -41.19286920168725 -23.471123228372043 14.45840401280482 32.656272524146516 -16.864214463656424 -7.718562028435713 -233.46928859394768 -120.17669661771328
409 5914.525342226028 8.632904867038715e7 -58.60238446437645 -51.869049748967974 -9.496715250168805 38.939489833985085 -15.938201418683406 -8.250059383941903 -22.23712907486845 -227.83738930996822 -106.6494791886077
410 5953.53807258606 8.530535609042712e7 -70.03938739046781 -46.38759011421099 -18.73944400685908 28.467358412761932 64.60590776211477 -18.249087196663027 4.167404545183388 -234.19367779843532 -119.85150461826197
411 5992.496296405792 8.564779973398581e7 -61.521056764710856 -40.81879115740285 -20.631680307178677 27.889287464029273 62.97680318512023 -13.050868873855393 -0.932000431198162 -231.48307121718244 -119.33232793514321
412 6029.569545269012 8.555352714268835e7 -63.65253131432235 -42.45165291058736 -19.228739187840247 28.41105233305437 64.15158732184624 -13.814246735692564 1.838243349298807 -231.9680749331567 -120.55474870576109
413 6068.9366590976715 8.554175301587497e7 -75.52417110209001 -55.961811030777575 -14.847556126770577 38.970622993767215 66.12568035918261 -18.342585513386666 4.5811736127009794 -233.99676772489738 -118.251260833819
414 6073.587176322937 8.589006176575291e7 -62.007932732224035 -45.022303449748414 -9.881257002009846 64.96373333710561 68.78702749115155 -10.487957822186672 -4.290318452822532 -230.00792845849594 -117.3821031665737
415 6111.754490375519 8.629126712381907e7 -18.00488473590857 -5.57220119922183 -37.814428146227584 -12.077679254350173 -29.417162295431527 13.821578286555336 -39.81786004462418 -218.43471521313444 -120.02711702935204
416 6116.424396276474 8.956672441133429e7 -74.49784388102466 -51.092903908904034 17.8067582869246 131.15568091483743 219.44084669997386 -9.266145039936987 60.45984931222381 -227.4535098359089 -98.21741180181357
417 6120.915404319763 8.914130332133946e7 -111.10796610430624 -102.28330518080266 43.79304582715977 211.33121815972743 238.30653894952323 -10.76605472320307 73.12619518531767 -228.7784375531378 -104.26422471042054
418 6157.070365667343 8.470433898847654e7 -42.59702931253007 -25.44720490238222 -35.535023059968054 -11.370789966833243 -27.825758483929683 -11.612199086816076 -36.37258322475441 -230.8955661862891 -120.3962239168348
419 6196.099668741226 8.48520296320557e7 -44.552050107479815 -25.37004639869144 -32.658123520917016 1.7442045070268506 -23.190541643723236 -12.881838728655339 -32.48270808203176 -231.3841823630624 -118.95086559390046
420 6236.185734510422 8.544956467114505e7 -28.85532124649096 -9.146242423480025 -39.48902952246327 0.694160465815159 -24.753297194963956 -10.214705692838777 -37.85446840686416 -229.55196456263326 -114.03618411138143
421 6240.959901571274 8.860297206614831e7 -75.02745074321003 -66.23748565718464 29.547282243475465 190.76068977788412 99.40109507635168 -7.227618362087583 14.358903157645614 -226.03180213022085 -94.0170021615906
422 6245.788865327835 8.965665413781102e7 -98.13745545461502 -77.67236454459108 32.452425090414295 158.63969753997065 278.6934790725914 -19.409131075729874 87.82046553362636 -233.29120551060055 -105.64752180960096
423 6250.656977415085 8.486190534634861e7 -37.58078101273895 -21.106574904455186 -39.14411600158163 -24.51552174581189 -31.351388090243194 -11.325342171754244 -38.38663056268945 -230.65595153376188 -119.25326202090713
427 6269.725493431091 8.486135685702397e7 -39.67565478565818 -15.749284821212818 -38.63348829610452 -12.230097658988441 -28.013544255816747 -11.076564754349818 -37.82646260941203 -230.381150707212 -117.92796027236005
428 6274.479362249374 8.48854114738483e7 -37.06010784785285 -19.320337638790072 -40.27427082249305 -38.07629040408247 -33.84520427758652 -11.31939554003884 -37.357990712261596 -230.57932309584612 -118.88437416350837
429 6279.348888158798 8.479493692984062e7 -41.17538791896766 -25.084178617954677 -36.03075077441914 -11.535469555094487 -28.428980418952413 -11.554860307190836 -37.828649917798884 -230.80033129045825 -119.729440204882
430 6283.98153924942 8.483236264776756e7 -47.555722154016436 -30.934234659717443 -28.960049212088656 -8.01542548277446 -27.073704403765895 -11.322237621631075 -34.36222072594103 -230.67909134488616 -119.4775362302089
431 6288.63512635231 8.485873265895945e7 -35.00417057921628 -17.045345149268933 -43.0005954612801 -15.389815919398544 -28.726562220832417 -11.34900089177637 -38.07740603540799 -230.61674538929134 -119.04295568840007
432 6293.23875617981 8.481239957336463e7 -39.00242240630136 -21.46960118888273 -38.648388287130544 -24.350842157550645 -30.748166155220467 -11.407749410886026 -36.967322649398284 -230.71697514576107 -119.50961308716217
433 6297.837083101273 8.491692284418145e7 -33.691599460735105 -15.592922703282845 -43.216116284784604 -27.736011739459414 -31.511214177421085 -11.194121261145085 -38.10705270709991 -230.49448716361184 -118.5961350645066
434 6302.456824064255 8.489464105338216e7 -50.867260889542464 -36.00651843374634 -29.88072034062354 -8.4874966469891 -27.1795119983989 -11.23648018231819 -32.75722982031533 -230.60395760026933 -119.47683080775772
435 6307.300640106201 8.493567471349236e7 -31.79126596235868 -17.169218335911573 -45.92202919395582 -16.669853936875498 -29.02036937452296 -11.663446945376393 -38.6727679346335 -230.8857902864313 -120.1274125475162
436 6312.035922288895 8.724216687745051e7 -62.54199128336179 -45.81003929430545 -1.9230897242561156 31.858119744015298 37.12920999985653 -12.545904425537003 2.8342749759844423 -229.28674496723949 -100.26709513079203
437 6316.854427099228 8.528159294830257e7 -67.2077354021533 -44.30076367461141 -18.895377535831578 28.320108811809746 63.299435202670324 -18.311153688930233 0.3660399912436674 -234.13710252588447 -119.51130954428658
438 6321.669032096863 8.55475238714067e7 -61.304715278903124 -39.77862861590729 -19.72074089062341 28.09549562615861 62.87745280810283 -13.149373930099785 -1.218144444048221 -231.6051236141438 -120.00502357340952
439 6326.498906850815 8.554137551243572e7 -63.25610321447588 -41.273531159408556 -18.385119072303596 28.595348081584433 64.00499778228341 -13.973156276216002 1.052458500088676 -232.02725229221437 -120.13858005224506
440 6331.221943855286 8.521586588477953e7 -34.56789528969436 -14.063829625038238 -33.247897248925895 35.312314489638794 -17.372536973169883 -10.473018534602488 -37.782246570876964 -229.8448295773506 -115.28279612235451
441 6335.987096786499 8.804925675139964e7 -32.434116626373395 -15.721005355506978 -25.876444997972598 77.49988262022416 118.28488106365342 -3.6071415798794533 2.5223659912413154 -225.75659459390312 -108.29099688024934
442 6340.73197555542 8.905629226800908e7 -40.69729731470571 -42.15665605363972 -2.2473165212360016 116.18084288358273 121.91451273757076 8.278232781655504 3.4684589576227722 -219.19590040078504 -101.79289909957225
443 6345.58478474617 9.174631039895551e7 -47.31372496314211 -43.811726880466566 33.20283964490521 158.11059119482152 152.34682514841444 21.064996527238236 10.78245196813316 -210.75767188919997 -80.98746609431214
444 6350.363105773926 9.175018406512918e7 -47.161920888776116 -43.66317403076774 33.324535877924774 158.13774461864628 152.37276637784117 21.16231617650851 10.995702326967944 -210.68682996721174 -81.04249118349247
445 6355.329107761383 8.484385696837421e7 -38.756686916528224 -23.70263783520724 -39.028813748385296 -24.46965356259038 -31.282503582444242 -11.738533169298591 -38.39241915996962 -230.83468427717804 -119.49560333838406
446 6394.375521659851 8.469696227348165e7 -39.2227877164405 -24.26052007523693 -38.08493074790119 -0.31730099723584004 -27.41214939920617 -9.764334679191279 -40.90872575182078 -230.0417738696998 -121.003450530787
447 6399.100669622421 8.539773080402331e7 -21.241136817535512 -11.015999180482368 -44.14933875644518 15.971453665386317 -29.847873405819207 -1.6275506116626843 -54.70869800546552 -225.61018478868561 -117.06787416488453
448 6438.432981729507 8.471824078870597e7 -41.02883630580871 -26.33288355549502 -36.800770192733175 0.4131214980642497 -26.85381958043432 -10.365534877109269 -39.91044641578242 -230.26820968571155 -120.36431345540598
449 6443.295359611511 8.480713266514055e7 -40.41949909635651 -25.145152767692384 -37.48139503940552 -0.096522566988547 -26.69863666134291 -10.22820359757793 -39.00202024378888 -230.19448646171332 -120.2691332698588
453 6462.484681367874 8.48538114099846e7 -34.90888793465371 -19.38046468468635 -42.592301324534155 -3.0006115068226293 -27.192541279034756 -10.372719356001824 -39.907152852130764 -230.1592494490963 -119.40335482720809
454 6467.266800403595 8.492021846274967e7 -30.511012756133283 -14.772442011307326 -44.73623141303093 -27.243773627377784 -34.798610773043684 -7.759500938222629 -45.499076182948045 -228.93029398971856 -119.6739649358878
455 6472.11731672287 8.47666054925501e7 -36.679831332939365 -18.631553228741073 -40.641620584654525 -1.2130249320343083 -27.92878699858501 -9.20510308426077 -42.69681282105239 -229.64276798531876 -119.8899033724615
456 6476.974138736725 8.493249623334566e7 -30.946144657060536 -14.352623692173534 -42.899594850450136 -3.025698384914655 -28.848762144941155 -8.339569324942943 -44.40788997763673 -229.13710918865763 -119.22616437708677
457 6481.672543525696 8.522302959359974e7 -18.806886321680498 -1.0121661282462837 -53.06981882431047 -8.518634014556191 -31.551957376592284 -5.0803172666934415 -49.89345946929808 -227.42823794025043 -118.01656955975221
458 6486.397628545761 8.490833060077941e7 -34.9621404161799 -19.41017165904621 -42.21216536421955 -14.812795604807043 -30.341291011859333 -9.747430753149274 -40.75423013725418 -229.82543663865414 -119.16026525076103
459 6491.057170629501 8.520360731206359e7 -23.41535428862634 -4.015228676185282 -45.99892323637396 -4.89247708326014 -28.28715513823981 -8.903970473697314 -43.7619143708593 -229.13472232088952 -116.0075657438473
460 6495.804829835892 8.515571949803513e7 -21.878512229809573 -5.183580308774913 -50.874299665437796 -19.296845736479163 -33.50396448662952 -6.716188878604044 -48.41302371923217 -228.21153232899348 -117.94816667524964
461 6500.54675579071 8.5515519042176e7 -15.91385109818491 -1.928757018272693 -51.91460361445585 -7.781404693793341 -32.757421967758845 -2.575397413783037 -52.098090089835296 -226.25624513882428 -118.72529230110342
462 6505.274821996689 8.557487800825225e7 -28.412338820125257 -1.7245174466736293 -47.2445082897821 -17.659145937676833 -28.7591421913192 -11.364558129338434 -39.417863161765126 -230.28946807502933 -115.89691521598525
463 6510.031176805496 8.510228558820072e7 -20.52545693360277 -11.77414183738356 -44.40845334422921 -3.0765479479937525 -36.282514412987204 2.1609561506856494 -58.52947850047565 -224.04950751952242 -119.94595094944185
464 6514.832413673401 8.492596794955572e7 -53.51529285305181 -35.75897353458113 -29.04304506232034 4.388281705569192 -17.689414888895314 -14.543602343591942 -22.50153323332455 -232.27042565571986 -120.13327523951386
465 6519.592760801315 8.484542846455346e7 -52.75560146906531 -32.9643467768985 -31.642155844256642 14.433770905128235 8.037146200063516 -16.34926540101833 -23.342256838199376 -233.20649900992998 -120.155765290077
466 6524.389377593994 8.510915250453593e7 -53.182955254255376 -35.159893106565065 -27.914505647986026 36.26107699085106 56.46875574868283 -12.85326706656673 -18.940424259380904 -231.47668018892574 -120.43881352393714
467 6529.223659515381 8.579929861924501e7 -29.419935934662146 -15.782395712715301 -46.85005584081588 13.31594512046184 48.71512991052346 -12.656190479296185 -25.228183481593874 -230.70820517771023 -113.52344701115737
468 6534.006918430328 8.69306479533213e7 -14.72289652073942 -17.497534556204787 -11.831456303457102 99.38512265564162 -25.95335882185031 23.353957843176318 -73.37014912279204 -212.69787133979668 -111.16566464620138
469 6538.851348400116 8.551230770916158e7 -18.227937342329835 -9.24683187880524 -47.28636110081801 2.807230717865025 -32.907770930975026 -1.549287619367533 -55.40881721726788 -225.51236427161535 -116.49687030552371
471 6548.406355381012 8.730306978364225e7 -33.18555223272131 -22.401693215803245 -1.7308641598944234 88.51971611933996 -14.742979254855815 5.299949555669286 -42.91938225276425 -220.4517490693691 -99.9119013138681
472 6553.315710544586 8.727124340371367e7 -34.00304702951062 -22.50293082499538 -1.3401880528056722 89.03542215840997 -14.243156125892217 4.481084358531689 -42.61272972978867 -220.8187974523703 -99.66815482574191
473 6591.852950811386 8.769844276926817e7 -4.96611492213518 -11.634919015670398 -16.541945091787333 90.04732277054691 -32.55799849575256 37.436509525714996 -77.99860942259403 -205.3351904682611 -107.38827559207778
474 6631.37088394165 8.852917933698066e7 -31.530905140175285 -35.32673786097309 12.107256591658377 153.49602801750765 62.2143819563462 36.95362628849557 -42.64480338255771 -205.54485018098052 -107.32937884180069
475 6670.002997159958 8.478450270523623e7 -39.08761107517734 -24.694801461861896 -37.825694442556625 -12.100392330833422 -30.039586487430597 -10.25706896187478 -41.0657037156771 -230.1845650751497 -120.12507760070667
479 6822.937636613846 8.478909035172264e7 -38.30294986430442 -23.69436165916604 -38.81160488987663 -0.6044015372917784 -27.393059549466507 -10.109288163483143 -41.37679623004442 -230.09398730431127 -120.10542917041312
480 6862.647627353668 8.476936581938231e7 -32.02330031666292 -18.817683693561367 -41.8000466164863 -1.968867314779878 -31.394071174354963 -6.4557030846109456 -49.34926431889386 -228.31846782162154 -120.30623942627443
481 6901.205279111862 8.485421532807931e7 -35.42023887203 -21.343800959995733 -39.545051291957094 -13.276155800683547 -32.780175869847184 -7.566338796281457 -44.975857193822435 -228.80278795703987 -119.73355477381227
482 6939.207056045532 8.484741491328882e7 -34.6587508925733 -21.095581927136077 -42.469919071238955 -2.545910065750185 -28.298627093064113 -9.45051968627314 -42.33540118586336 -229.83683390340735 -120.50426144924273
483 6978.221822023392 8.475137861548868e7 -36.91685115821894 -21.332914535229936 -39.459278354301155 -1.1320965142672108 -27.594773461657155 -9.681500998665229 -41.57170403906582 -229.92142436055093 -120.32696385449941
484 7016.819782495499 8.47128491245142e7 -39.61860644882838 -25.757103512494655 -37.23910475208394 -0.06510946830662334 -27.542847406039684 -9.744971308958782 -41.11768864910306 -229.99532101043917 -120.91065635399974
485 7055.577594995499 8.48003266025611e7 -48.07282950278775 -31.932525353036347 -31.29202489256901 -8.785756476937337 -25.682171089007507 -12.029228677885783 -32.71616432727939 -231.06836304382102 -120.28445866619961
486 7094.14951634407 8.487424908626448e7 -31.481971753452605 -18.36339809750015 -41.978852843645875 -2.052173963457882 -31.383770729452436 -5.838033543223332 -49.02339865593984 -227.97307417064775 -119.87969204137988
487 7132.155485630035 8.484966445221089e7 -32.847386225181175 -16.18477291152713 -41.42257597072356 -2.1844790807408216 -28.022368799834624 -9.27439156682675 -42.59047957206934 -229.64861213003041 -119.4627943004079
488 7136.975871562958 8.486361186775903e7 -36.81844932530383 -21.400726381531204 -40.91380927889381 -13.959681609432849 -30.106656304391137 -9.821070604168142 -40.59079435725363 -229.9338414129457 -119.57787923662124
489 7141.7464435100555 8.485881307899173e7 -33.49399036861678 -17.218653815079854 -44.59182113136829 -15.579685799701899 -29.140447691449275 -10.470733012739402 -39.58496494919041 -230.2519849511118 -119.90415898144346
490 7146.271005392075 8.493720341349994e7 -33.80075901882173 -15.491679616052199 -43.121811173582024 -3.1758087587245214 -28.052840577592562 -9.550955468050972 -42.84129669365694 -229.81954390593722 -119.68518620366069
491 7150.801160335541 8.489051972341439e7 -33.82407718524166 -19.431635759646227 -40.71839440565419 -13.943444373314797 -32.72122975142125 -7.6372091011262455 -44.944635310846195 -228.8314310027843 -119.35403383444344
492 7189.847576856613 8.48436088683728e7 -34.997388679192156 -19.38563605943509 -42.454809340346486 -2.6854707534676123 -27.56224044832741 -9.756486698094022 -41.02091258384445 -229.93162277164458 -119.79623243574366
493 7228.9495306015015 8.506668315593067e7 -28.736946045308194 -16.260512331796665 -41.483453596210616 -1.9797796168831567 -31.223769238754485 -2.700026531305525 -48.1253332073876 -226.5069695790731 -120.19852801158015
494 7265.376705646515 8.524182565447178e7 -18.334046434276658 -6.622472692605069 -43.339418312701866 -14.637866103752977 -37.16220735699232 -3.571112890394147 -57.632168907158075 -226.53795907168228 -116.7111387442925
495 7302.043977737427 8.578338474995817e7 -36.31139218347935 -16.918057626426624 -29.83514894839805 34.3677201685628 10.677747764648759 -9.78445965221664 -27.869364846008466 -229.15204265492315 -112.39684220767055
496 7341.198168754578 8.502809235626619e7 -55.35271382341461 -39.359915497769514 -25.528647652602515 37.35860756337232 10.970068231037834 -13.670593588165389 -24.80841356790893 -231.758802265977 -118.798728783424
497 7380.899644374847 8.683879389000276e7 -40.633834485892635 -14.784779016929981 -39.75827544632124 -10.684488408140083 53.69045156300491 -15.429867208585904 -6.04703713150667 -231.73958682105967 -109.77781200675804
498 7420.271908998489 8.747089024990784e7 -54.321906483108826 -36.03426478249311 -17.370186010371597 71.46915369336955 143.39446275060314 -8.659904103922486 10.732071672133998 -228.31419053654707 -109.24603057602263
499 7459.458024263382 8.476328617061023e7 -43.43632086707045 -27.77721364700538 -34.27089872518969 -10.482493831092505 -28.2893149004705 -11.599525163303383 -37.481658534295605 -230.81074385826986 -119.93005577897236
500 7498.386153936386 8.478954195713682e7 -42.6039751880021 -27.766084073028875 -34.92953990682687 1.504319375900991 -26.956457127536567 -9.7616597062908 -39.41913413786182 -229.906291661995 -119.83652843271517
501 7503.184681892395 8.477486349628124e7 -38.131749650077296 -22.619832950664037 -39.43653641235642 -13.109939647213018 -29.654876697285687 -10.620849297394159 -40.2497908760879 -230.3512607039779 -120.23105260051267
502 7508.047664880753 8.475192401321983e7 -40.44156627516127 -25.545090270154645 -36.975553596463875 0.331507689851712 -27.359473860034438 -9.851681582176695 -40.59439266335443 -229.9885234978251 -120.30285911028881
503 7512.789058208466 8.47362144190923e7 -39.16066600456443 -23.830369176120293 -38.49954677088358 -12.58795894171601 -29.63310044683302 -10.717619019897029 -40.412601271505366 -230.44930787577846 -120.41762750312228
504 7517.649686336517 8.475746335007349e7 -36.95394334054067 -21.94281549134657 -39.48119055199152 -1.006499845950188 -28.731036964698745 -8.711713670189283 -43.454232854394775 -229.45652991688047 -120.29539250005087
505 7522.4680206775665 8.481021132696907e7 -45.589522846608325 -28.579114932503767 -34.470846805315304 1.3816213604735808 1.8097022137679537 -12.767149850065152 -31.212699192250795 -231.4634353883357 -120.49673251943756
506 7527.131811618805 8.475381033186054e7 -36.048469524981456 -21.664413398098525 -39.964227990057985 -1.1860114394083539 -29.147110088567015 -8.584837951495217 -44.57588809628572 -229.37004558743757 -120.254218640847
507 7531.9315667152405 8.476969179690081e7 -42.27836484963947 -29.47729046607711 -35.2092115025614 0.8470424553896265 -26.05810707233068 -11.403356737681463 -37.72074255103013 -230.7725232174056 -120.37383417726443
508 7536.909865856171 8.4776645034764e7 -38.38175396796363 -21.78128197599036 -39.32921488227162 -0.8095664746148756 -27.357807921050924 -9.897383939175768 -41.07409545037842 -229.99539545123605 -119.93313370239792
512 7555.922040939331 8.473831814309537e7 -38.39936046819309 -23.209179927921145 -38.5838485502664 -0.6150468066882482 -27.478884608425375 -9.676047093648208 -41.0351162563781 -229.93849004995906 -120.61783069599227
513 7560.661722898483 8.47963448184675e7 -35.46843851935489 -21.572073197925242 -39.84107650559435 -1.236299753411167 -29.86976301298635 -7.821400643346294 -45.1708114398495 -228.98098849271696 -120.13531523712567
514 7565.418050765991 8.473787825813992e7 -37.535455329801856 -23.24654813773487 -39.157640038762096 -12.728455826941193 -31.088979930501214 -9.21325665899758 -43.11015544524656 -229.69003844358747 -120.30951091475424
515 7570.250193834305 8.470767940822276e7 -37.93635017640412 -23.156726656906095 -39.17769676523151 -0.8987955187855974 -27.893994126558617 -9.604044758665111 -42.06333582343785 -229.91859616323683 -120.7219483010469
516 7574.934509754181 8.488981631941509e7 -34.320713813848776 -19.159200444843286 -41.24613872158136 -2.1040646674628434 -29.251104033298176 -7.811858502291216 -44.36997325650805 -228.91908908446766 -119.75763666944039
517 7579.841901540756 8.477522404790737e7 -36.908188968439156 -21.305273459485267 -39.45675892559729 -1.0535798852235772 -27.577175149606873 -9.655236271672948 -41.399802505450225 -229.89701688613616 -120.28739063671765
518 7584.592753648758 8.478959993505326e7 -38.41945311136854 -24.172485278502403 -38.21802530360097 -0.19437426904413968 -28.2947794159175 -8.82890907470437 -42.35670368578275 -229.489479878123 -120.01102121423173
519 7589.409883737564 8.478703911676191e7 -37.639380224459124 -22.887444714741644 -39.998704218337124 -1.2979204254049463 -27.453001844271505 -9.796568470444527 -40.682715736497926 -230.0244915363803 -120.75904126626955
520 7594.114534854889 8.483219270707157e7 -35.79986695487412 -21.058325267385957 -40.28319353690596 -1.4434179706918329 -28.98570552209263 -8.291607422754055 -43.77172355966968 -229.21925339692422 -120.05901620933207
521 7598.894105911255 8.47532023998142e7 -37.299843789891725 -22.673266861201526 -39.82041736230918 -1.100990329712964 -28.116695023286535 -9.494469824211194 -42.55918248831097 -229.80943225236774 -120.16013641500814
522 7603.759232997894 8.481314239742814e7 -33.90757530768241 -20.346065796716353 -40.018595277673356 -1.2010861757199152 -29.67859481289767 -6.6443696401694865 -45.799937114142836 -228.43550550930377 -120.65823873241072
523 7608.602541923523 8.482459490893261e7 -38.03755809989016 -22.43694826917967 -39.54418639960342 -1.2473548129153045 -27.10659020123699 -9.747844272909674 -39.763846650102266 -229.94368374333317 -120.272172927653
524 7613.323100090027 8.48060337034024e7 -38.8107375492903 -25.19959194302607 -37.77830040004166 -0.09301886667359582 -28.073531132105526 -9.296596737977666 -42.08221023312751 -229.68417740352749 -119.8957599727226
525 7617.999608039856 8.48074185007951e7 -37.86615409706743 -22.50785865317145 -39.681429593847085 -1.206479130587745 -27.43163575680836 -9.76362142625868 -40.632980592730064 -229.9466707876138 -120.14562427413455
526 7622.797169208527 8.485050161394042e7 -34.44000487002633 -18.324868774881338 -42.01763738129272 -2.2465949763508988 -28.91070553743072 -8.876052356856121 -44.43865122165886 -229.47699406069876 -119.97595831677813
527 7627.485570192337 8.540438478623188e7 -27.612495235142436 -9.724593818893018 -37.17358397094922 -0.38165634038855245 -28.181808453798237 -8.233034645445912 -43.301488778132295 -228.57939168430818 -114.1901455877096
528 7632.286022186279 8.519261261905651e7 -32.24843319908983 -18.52244618111498 -35.76868240321276 0.8303683191399358 -27.374756127105414 -8.087188536054896 -41.78453393832024 -228.81118220910298 -117.09491565818843
529 7671.572308063507 8.48248910515285e7 -53.376742277250514 -38.44006800803813 -25.89139412344484 6.050604118810021 -23.28193960902481 -11.58119224184611 -31.01017071104536 -230.78191843270605 -119.6622114835045
530 7676.290857076645 8.485983358227523e7 -41.509710032333935 -26.506545243931214 -36.82320141014743 -11.77624069908503 -28.37382396456974 -11.297336093084596 -37.09945669616525 -230.6117092250724 -119.58131240205131
531 7715.019774436951 8.477950801881374e7 -38.18809822717731 -23.144053273670156 -38.861831628941985 -0.7414417950935501 -27.95666977108164 -9.496821302081173 -41.96175898367858 -229.8269033944107 -119.97157482929265
535 7769.087453126907 8.474204078905788e7 -38.69186630105065 -23.653145865047225 -38.38689316933405 -0.49389040031814346 -27.505003348463546 -9.687672195599134 -41.130817780612404 -229.94141306072407 -120.60504847107472
536 7807.8823409080505 8.472895410709827e7 -37.767546174918905 -23.09928479721513 -39.4091244877093 -0.982323535463479 -27.744708182321936 -9.643706505211526 -41.71027049826347 -229.94948846539285 -120.7674617887833
537 7844.463612794876 8.470412314439555e7 -39.17143140029681 -24.305414512819052 -37.941774106466816 -0.20051650814382072 -27.497863667026447 -9.742410668196442 -41.2838996973764 -229.9833339916966 -120.87106616794279
538 7884.378117799759 8.473152780587766e7 -38.90939139401756 -24.098016429478115 -38.2073178115545 -0.3729699697768467 -27.55371556451749 -9.791071494230835 -41.377814345129025 -229.98641909495 -120.60609342619881
539 7923.4785487651825 8.474889419110477e7 -37.6556867477855 -23.051516855733666 -39.008809996857174 -0.711434303482811 -28.298264929598794 -9.072375064647872 -42.78504635626257 -229.64139695725015 -120.4118062774786
540 7963.130755662918 8.481100886498685e7 -38.09529929214228 -22.82883096268431 -38.75810606262201 -0.6766128106228635 -27.498044751662633 -9.716944593752942 -41.217291490662205 -229.89087201245178 -119.8669425178698
541 7968.011677503586 8.476391257272135e7 -38.38033854054645 -23.785563005482583 -38.16764665546757 -0.3756738373728439 -27.950172309153025 -9.028546198501829 -41.80391030927433 -229.66460014686692 -120.57739922221504
542 7972.8527574539185 8.473757263528961e7 -38.70863626189163 -23.95087937375938 -38.26874532267812 -0.43509423294334937 -28.080028873819288 -9.598676318669789 -42.16120829189913 -229.86382176399616 -120.3771991188998
543 7977.814821481705 8.475463844502677e7 -39.62511873487202 -24.37330516393666 -38.263746504914074 -0.4104550041124142 -27.035619653057175 -10.293675031253315 -40.26569923146491 -230.21633286538565 -120.27328002821218
544 7982.796529531479 8.477810326904097e7 -38.86205401674241 -23.83823939574113 -38.54608173507719 -0.5913038981259291 -27.44865102669138 -9.634556336572018 -40.61156786177821 -229.931661204867 -120.34272608289615
545 7987.571368455887 8.475337803512648e7 -36.98947960703699 -22.500609471762218 -39.443924132092285 -0.9430569838045315 -28.568371501681135 -8.90514895575268 -43.358902882444 -229.5390124959547 -120.35649411750433
546 7992.4112775325775 8.485168031581661e7 -35.200796323578174 -20.478162950472285 -40.48804839835974 -1.5412479848532499 -28.919575182986442 -7.938854362296752 -43.70641548089935 -229.02874547709678 -119.99056450420323
547 7997.246191501617 8.470953135374704e7 -40.6215000137148 -25.198573935197054 -37.70908024216864 -0.1063522869053557 -26.650863665499287 -10.657961242951103 -39.49341612090541 -230.45163728795126 -120.64871354932603
548 8002.092310428619 8.484589408910218e7 -38.28191652592034 -22.477789350001917 -39.199099196838084 -0.933232535656515 -27.440106703238712 -9.713805174893594 -40.682395558963265 -229.91995112485995 -120.00047010138348
549 8006.966814279556 8.48000982092462e7 -38.64417670303275 -23.554314785534316 -39.08522254179495 -0.961053031156375 -27.505535988508313 -10.095117668483965 -40.78197652620952 -230.08967560728064 -119.82619320682556
550 8011.799518108368 8.521292212292738e7 -26.40322272386458 -10.761259469158492 -39.465270873085274 -1.3229155585556 -28.81688902883002 -7.732912309325002 -44.97114255178832 -228.56764054759356 -116.23979561572958
551 8016.475262880325 8.51951173684166e7 -34.41552478187664 -18.44025876354075 -33.41129431014599 1.8670355282467384 -26.648335369970688 -9.568026208409378 -40.84502544043187 -229.3984745750182 -115.97890364519884
552 8021.349789619446 8.472029717136884e7 -45.8510141215894 -31.44989981221394 -32.80603618582359 2.3300629118510443 -25.69511362520615 -11.106926782536505 -36.91987093287884 -230.67975973973518 -120.33127209177167
554 8030.754860639572 8.708677056558755e7 -34.0040212459746 -7.355254199570803 -32.35624847964834 35.459596086387705 94.63474574799142 -18.150105006991623 5.317101679508767 -232.57021096551523 -105.33503915513796
555 8035.598979473114 8.473206699626002e7 -40.545973227992505 -25.072194970571793 -37.63839698442841 -0.20087698500486795 -26.47081378794718 -10.528847873291852 -38.727652666192114 -230.3766196547154 -120.7993421808452
556 8040.419318675995 8.478201878761962e7 -40.417790745901165 -25.52086398410261 -37.37412101980228 0.08151370475632547 -26.68432502347032 -10.609791418160569 -39.26482371016397 -230.35897527861204 -120.07021503782119
557 8045.124238491058 8.481036819806051e7 -38.25832120496316 -23.19029669090083 -38.938135994012605 -0.8064204219681557 -27.760541459426527 -9.292517600380563 -41.25774191933533 -229.72866865114838 -120.0914541687219
558 8049.839522361755 8.476717455451638e7 -42.05419249813994 -27.507796515908 -35.38808313590806 1.076600244618028 -24.634434219521868 -13.09286556674789 -36.18066243349091 -231.56365619212528 -119.90325026377741
559 8054.666259288788 8.564159505656403e7 -44.3690049820051 -27.1191132301608 -20.1231915995873 47.80663640864147 -16.982518073971455 -2.5004479071816377 -39.02796295003088 -225.97623135559132 -116.48123006609012
560 8059.426867246628 8.567150060997562e7 -40.10743371589548 -22.827212971129004 -24.670989851360723 45.4252261785865 6.9868662735526135 -2.2081918895860326 -40.84451021101279 -225.82844607786552 -116.75465488530574
561 8064.31985616684 8.555280577561747e7 -44.286547212955554 -27.058100726686416 -20.27304608078046 47.73285043122936 -16.993563812726578 -2.6342888118250016 -39.3189959372213 -226.12912466535795 -117.22003476550816
562 8069.197426319122 8.544566191324854e7 -8.558030552249248 -5.703172762070089 -52.81715424444002 -7.193699718369942 -42.505838087657736 6.85845281843973 -69.0100384651542 -221.53965876899355 -118.30112118096952
563 8073.950638055801 8.480515451404582e7 -41.453698131048796 -26.089425902634723 -37.20790024093415 -11.973174009762815 -29.00616160543484 -10.866619871777004 -37.95441976761987 -230.48505003511184 -119.90263716288291
564 8078.666597127914 8.476994757461788e7 -39.335415339311425 -24.204601948307204 -38.1666342433944 -0.4085713928146504 -27.213398771655214 -10.100742871981765 -40.5969821919374 -230.1024600566177 -120.0855615640885
568 8133.044706821442 8.478228742812455e7 -38.564166841379354 -23.508943528222087 -38.69441104844548 -0.6322577849144224 -27.511101553431935 -9.626175079052416 -41.006591345872664 -229.90558562469744 -120.27574410752521
569 8137.922653913498 8.47475232510209e7 -37.48467334544315 -21.993065807402182 -39.09576822145062 -0.8483310746924531 -27.588947524933147 -9.9119892344483 -41.91155725984919 -230.0334524946157 -120.26592977024575
570 8142.628441810608 8.471431818039727e7 -38.868490400733144 -23.84314575444797 -38.435630483319265 -0.5282984567369127 -27.477013523591808 -9.765334359451685 -41.168650458046216 -230.05247053611276 -120.85337803046701
571 8147.325579166412 8.472535916944982e7 -39.17669895489145 -24.117030324291374 -37.72751866759647 -0.1831195096756275 -27.506529357247043 -9.509588634378531 -41.32476209904934 -229.89338237657068 -120.80963966142832
572 8152.140204191208 8.481073318433557e7 -38.113047510010816 -22.84218832584077 -38.714899403334066 -0.6492776307974211 -27.496539022456176 -9.59354899651919 -40.982499307055775 -229.84608731254053 -120.02227540947837
573 8156.923992872238 8.478712497433268e7 -38.370212791550536 -23.59906891239933 -38.962681308602704 -0.732830517789175 -27.52977710559518 -9.666506310368334 -40.97905023748439 -229.92587553297273 -120.35981724867116
574 8161.779855728149 8.480760106725723e7 -38.84130967660761 -23.796365384444627 -38.4509753805532 -0.499616866138048 -27.49130701565581 -9.591998531427123 -40.92268554955916 -229.84684045817863 -120.03595789229706
575 8166.6550805568695 8.480046449662997e7 -38.342155825384346 -23.312857284658556 -39.05974363320333 -0.8449100366319939 -27.511716915359663 -9.669965208481528 -40.80336916398659 -229.9081178277076 -120.07905853511573
576 8171.357162475586 8.477367230623041e7 -37.81013446824997 -22.038587108269628 -39.616407177207996 -1.16426894759514 -27.579738760735204 -9.704993835776122 -41.2295095350608 -229.9787276014713 -120.53532712916626
577 8176.072547674179 8.485227942198849e7 -36.675159256348245 -22.288992024654696 -39.20247186120017 -0.8626544276194821 -28.407336325876265 -8.248061447685757 -42.73680166847595 -229.2140140926452 -120.06681802949163
578 8180.821225643158 8.47682776811772e7 -36.21834640691123 -21.9194226494306 -40.258999701093344 -1.3447281288972803 -28.94727970994965 -8.788352249967659 -43.96507264779825 -229.42993845977418 -120.06617143062573
579 8185.530061483383 8.481631963909057e7 -39.054819500992025 -24.192933483117017 -38.1441681380599 -0.3344895379376709 -27.48044733115333 -9.595445820066686 -40.72858671337116 -229.85798727260067 -120.05825810972226
580 8190.326211452484 8.475210175516142e7 -39.29518023716372 -24.043610456756316 -38.00142824771691 -0.21196525790364973 -27.416861239731624 -9.484317397556708 -40.57271450377965 -229.8749642070805 -120.70646618973387
581 8195.057451486588 8.478687388253033e7 -38.827367777153874 -23.754622369893877 -38.33900033396322 -0.4726409314644755 -27.44279290895291 -9.544686945789522 -40.63584352166333 -229.86236531740786 -120.39833378065356
582 8199.894937515259 8.477556134363593e7 -37.67787494565331 -23.09645705911862 -38.75306721438556 -0.6938764040430598 -28.47787292436646 -8.890603564841854 -42.618708559182835 -229.54939074413556 -120.32111246813577
583 8204.71060371399 8.483843585987157e7 -37.13691502574679 -22.70323347462609 -39.027753473058965 -0.675738438852072 -28.705743921851102 -8.480635859511153 -43.314939168026115 -229.28345947947543 -119.87018898505471
584 8209.550345897675 8.473152926293927e7 -43.17480600636449 -28.870569497970223 -35.67071246085002 0.9844039729407399 -25.789248254030984 -11.644969525776617 -37.4861511174135 -230.88874588570218 -120.33356253021066
585 8214.256709814072 8.476857673793007e7 -40.64341925911885 -26.175231697824245 -36.81966869449302 0.3874504426749539 -27.062922212629147 -9.899322592086719 -39.782351286635276 -230.03421427664455 -120.2981841052794
586 8219.000878572464 8.473538961311658e7 -42.130652170506806 -27.58627736969413 -35.32338557349867 1.1105471975044736 -24.626163397517566 -13.000343299398025 -35.95783514865951 -231.58081132274378 -120.21630797553479
588 8228.460652589798 8.528007629866351e7 -48.061398528001114 -29.269811543290142 -29.357771426205353 11.3867251391395 -19.384547233572178 -13.870189521557847 -29.882466691501236 -231.74043235872534 -118.0543636489
589 8233.392654418945 8.525559910793726e7 -56.744781553001346 -36.29235652359098 -18.76789920680315 47.991559422080854 12.559574763244367 -12.738848739933303 -28.455820709059594 -231.10186409090971 -116.98165465316765
590 8272.78074836731 8.552884704996033e7 -24.2596968372017 -11.683116696851616 -40.28947126918147 25.269910839696305 2.6992773398443646 -2.88233999179306 -43.13999934163195 -226.15241658202837 -116.36915850231986
591 8311.760132074356 8.479142605732733e7 -40.686771108068584 -26.050590632433497 -37.41477025135176 -12.05498784453323 -29.748757915284806 -9.840089108082282 -39.35957688826721 -230.00659402598416 -120.40753729734848
592 8350.395375967026 8.477931661004135e7 -38.40023436342833 -23.11335473939177 -38.66331676813583 -0.6355914156568616 -27.442318859850335 -9.817355965252943 -41.02458074463755 -230.00021059016717 -120.23429026261925
596 8507.126248598099 8.476541032726021e7 -38.694401528564924 -23.83580041496878 -38.343864350402875 -0.4671371250989367 -27.774217173843788 -9.457281365711253 -41.35642143256217 -229.80694440823498 -120.40840177395751
597 8545.857130289078 8.472308202715847e7 -37.90202971297056 -22.701250398293706 -39.22682722568644 -0.9190439968128388 -27.798952066901894 -9.538277250202214 -41.71251840739211 -229.9133793931329 -120.8990035835455
598 8584.952436447144 8.471219990962473e7 -39.078385375177064 -24.248926279386254 -38.08907168664028 -0.28614932497693246 -27.539087750038927 -9.722822428379857 -41.25840656763995 -229.9673984997117 -120.75789793840892
599 8623.850808143616 8.473217674151681e7 -38.87148933714334 -23.862781148501973 -38.2380005341748 -0.35682768009866095 -27.65637576507258 -9.569473304452288 -41.543533859175795 -229.9153934745513 -120.61691091612175
600 8661.77207493782 8.47746421458429e7 -38.51673091076239 -23.7298810092573 -38.513241966706424 -0.5041206278094634 -27.818039343685985 -9.430157972428503 -41.608177453322355 -229.80252834115515 -120.23665628054698
601 8699.99095249176 8.474087318331635e7 -38.5038369143264 -23.64215142351049 -38.726988248188135 -0.6465302296679738 -27.64705353800359 -9.64538411985842 -41.41845664034338 -229.92044219019277 -120.48316259630656
602 8739.03385591507 8.470400014833553e7 -39.028205289437174 -24.01014752399843 -38.20551746994001 -0.3893477754646284 -27.426552450148332 -9.796791248039995 -40.99677060167761 -230.05631947357364 -120.92153899671382
603 8776.899182796478 8.477888902398545e7 -39.22563258943153 -24.387210051869186 -38.04180337155905 -0.31080115264295927 -27.430681164674592 -9.649589239785087 -40.67418384880369 -229.90221905817532 -120.36170878332376
604 8815.149758815765 8.471949000766574e7 -39.40876264241841 -24.548682655098887 -38.15808125842009 -0.31435042907719435 -26.947427979802416 -10.704483621442762 -40.273914078812595 -230.44177680083953 -120.46605562922076
605 8819.900013685226 8.47325959020488e7 -39.43945711279959 -24.56669037987032 -37.79518908599594 -0.16036456923668396 -27.43847739238541 -9.710669822907619 -40.89622553292054 -230.01142953938512 -120.64182854904567
606 8824.606356859207 8.470736240622523e7 -39.32452122382715 -24.424796463549 -37.90173008633707 -0.20324623945416675 -27.433600482295383 -9.677591866573664 -40.913382234575806 -230.00759290553157 -120.95477881967213
607 8863.278907299042 8.471603671620782e7 -39.57324185419877 -24.53557088426525 -37.65257155756482 -0.1077008938594517 -27.384876840462443 -9.75842013900808 -40.90515358894288 -230.0211693586685 -120.81167645500437
608 8901.124693155289 8.476430750107196e7 -38.945826753287214 -24.373607182242573 -37.96204552298111 -0.2291679595883238 -27.771582129983596 -9.511411409833556 -41.6407156362626 -229.8139227441457 -120.21110854554388
609 8939.983051538467 8.472606275235286e7 -39.227475805172055 -24.28911060911011 -38.06185128678174 -0.30223032492036594 -27.404602294499796 -9.809393396320274 -40.91421121192741 -230.0346138498159 -120.7222843066354
610 8979.211427211761 8.472267120179278e7 -39.65225059278406 -24.881118393686073 -37.82524658827073 -0.17676772300414 -27.429412706202463 -9.767895076455943 -40.91755887514057 -230.01579229028096 -120.66380208910198
611 9018.630734205246 8.472588718629584e7 -40.16531641687156 -24.974957452601696 -37.69139279250418 -0.13081908152504695 -27.00369787983464 -10.273755843017625 -40.00205304001457 -230.2428002109836 -120.61182766554276
612 9057.585813045502 8.477378347666347e7 -41.397229059274416 -26.462519624121793 -36.59216248329962 0.47322840066940586 -26.42440045763563 -10.756628914389466 -38.658930297674715 -230.4358146271017 -120.32043275691865
613 9096.682585954666 8.481922259949318e7 -41.17799811166256 -26.170670515949592 -36.87586204745786 0.2661647105957812 -26.310252219740484 -10.270886390094631 -38.12602772927602 -230.16723349063005 -120.01672760666605
614 9134.971158981323 8.546830622760114e7 -32.4994661392546 -16.48991150873662 -33.19384106471284 -2.5271781731842253 -30.19811642828163 -1.9492587145201128 -46.73191564790096 -225.80900906673094 -117.59195670766218
615 9173.472729444504 8.55748872804164e7 -29.13689700037083 -14.827973723046597 -37.852329271945116 -0.02223941576924915 -3.694512736122016 -2.667694908921021 -44.180012379638924 -226.31341845079072 -118.76563728624177
616 9212.504395961761 8.567399826446623e7 -25.608962126720947 -8.425155569286002 -40.70740209254364 29.691592333917715 3.779086464726236 -2.08133510581888 -43.10852947323491 -225.79379986721784 -116.78225142878841
617 9251.559381723404 8.482904249186239e7 -37.687882940215275 -23.221174309016504 -38.65225841988321 -0.5023380802487409 -28.383260346947463 -8.70329263635648 -42.66395270357822 -229.41179168932314 -120.06109546072543
618 9290.71930718422 8.478397736659181e7 -39.88982015541546 -24.658404617684056 -37.89184566257655 -0.271837511583918 -26.940517851522394 -10.039715815439422 -39.496946222476765 -230.11001204634817 -120.37563051317471
622 9446.956011772156 8.470584589238136e7 -38.750096746378965 -23.876993936758677 -38.29262983679752 -0.41743244157163417 -27.59815927607791 -9.599168425110008 -41.49097634467029 -229.93744902385117 -120.79572536955817
623 9486.553560972214 8.472966693009378e7 -38.877070940396464 -23.95787188898072 -38.3282369829274 -0.4263509386385138 -27.588431050531522 -9.80258383772366 -41.6363077145067 -229.97687342166762 -120.45827879976787
624 9525.684090614319 8.469602862852466e7 -39.12724481961855 -24.247998066477614 -38.130036677334886 -0.3408909671264553 -27.47825829169379 -9.852553762159005 -41.32944323772227 -230.09108586760607 -120.76969074179067
625 9565.703251361847 8.475029146560885e7 -38.82772246813375 -24.19537709109392 -38.265454146086526 -0.41361384366623355 -27.677153962196 -9.629989037769292 -41.46782240525039 -229.88634696633648 -120.33742592721859
627 9643.621661186218 8.668107395813113e7 -39.29240317417235 -29.968630655313067 -18.747140834181756 86.23436188829048 19.798084508958965 -1.8616292576601836 -26.750331325857815 -224.752504397586 -107.24702371887275
628 9682.349336624146 8.669140503517066e7 -39.3024475879745 -29.981872942651336 -18.73102831293201 86.2421931640535 19.80012247054521 -1.8324025425229138 -26.711265034149108 -224.73903754823846 -107.19356370145834
629 9721.69195818901 8.47777044067513e7 -38.108579334855534 -23.369221039333056 -38.649566058942746 -0.5838828375164198 -27.85670406633929 -9.327365083973689 -41.973437162606444 -229.74618047826016 -120.28097394554163
630 9761.339809417725 8.476227617710221e7 -39.65647313356456 -24.577388609991754 -37.93307974192847 -0.24480849160703144 -27.218207635484095 -9.926255877491826 -40.29626249520879 -230.07783963104436 -120.33288906703137
634 9918.235555171967 8.479316287066843e7 -38.786041962446056 -24.047105092016146 -38.37607836935562 -0.4780197010867795 -27.708190377419097 -9.44767063397893 -41.20827436668378 -229.80558452869104 -120.09535356009673
635 9957.135123491287 8.472477009285685e7 -38.64583105078003 -23.86132695530657 -38.29909776030344 -0.41984438168019267 -27.681684278332302 -9.426585907959407 -41.42882974241263 -229.83883976385715 -120.75285901203057
636 9996.240172624588 8.47119815431338e7 -38.772077703310835 -23.823938422330873 -38.46640312881819 -0.5177024962172609 -27.53906129716707 -9.761582197055702 -41.23806716298719 -230.00746914755115 -120.72895000488728
637 10036.005519390106 8.470651403877676e7 -39.097655552260385 -24.12609630461933 -38.218308835468385 -0.37023678421662964 -27.474045882190385 -9.80906345057332 -41.22274737442194 -230.0698680803655 -120.7299488930783
638 10075.430753231049 8.465413032666019e7 -39.32954205470545 -24.472354332731065 -37.888585677973374 -0.1992780178961553 -27.44646230910557 -9.833045657969649 -41.228914710844094 -230.11675665913089 -121.26999322954401
639 10114.565773248672 8.473341812740614e7 -42.134884089912504 -27.590960190036526 -35.317990958703135 1.1136631572157683 -24.62546500238774 -12.999821899179835 -35.95636162086197 -231.58220827744265 -120.2379175286764
640 10153.530328273773 8.473231648311988e7 -39.91064613928103 -25.116887158755457 -37.16014302620918 0.2228146057294893 -27.351689888874787 -9.652237519508049 -40.717165572441104 -229.97146508573957 -120.66841414626032
641 10192.5610704422 8.53450523638522e7 -20.230174072987943 -4.444558427591292 -51.99146068357716 -20.09151572350123 -29.85154022005685 -10.281725500800576 -40.51245699677878 -229.75305283125402 -115.81733593268308
642 10231.519396543503 8.544078991496637e7 -20.3969415758165 -4.539970503208671 -51.89963253750476 -20.07235054546814 -29.705463497358718 -10.172541886884062 -39.80749393199682 -229.65306634433034 -115.10895667402053
643 10270.165162563324 8.563436254003443e7 -23.800067714339647 -5.431581713377503 -51.898658997422345 -44.34420956981904 -35.33122886121012 -6.76095111319114 -38.584979961993724 -228.1522500814757 -117.1263292782271
644 10308.640040159225 8.473447737282978e7 -38.685464788051206 -23.552903892072482 -38.47387429887376 -0.5056307522561028 -27.392911011502463 -9.895914798319268 -40.97642053937062 -230.05220987591787 -120.5964574119908
645 10348.081757307053 8.47266343474384e7 -39.43441193396086 -24.576820020317715 -37.967277132508435 -0.24647490323215493 -27.417753876895535 -9.710718092034654 -40.81798550853 -229.97647879303702 -120.68934428596845
650 10543.150330781937 8.467849161000712e7 -38.9744393326593 -24.20444943447072 -38.096924477479696 -0.28909091794480446 -27.646199167866833 -9.629806337621801 -41.52599948310217 -230.00027825364867 -121.057255713306
651 10582.227973461151 8.478647456154706e7 -39.03042136358047 -24.237248317073494 -38.040841344043166 -0.2860812176526579 -27.644297091474613 -9.605579238402584 -41.35678788869501 -229.87301542309547 -120.04809887874467
652 10621.661620140076 8.470358126139392e7 -38.29059493234169 -23.53112810758507 -38.875844904809384 -0.6967964883919322 -27.693991287196884 -9.7027440827041 -41.744056564635684 -229.98716054785456 -120.70707631821426
653 10660.901780128479 8.474291399160048e7 -38.96186319611444 -24.106800976741265 -38.28517850215612 -0.4027344621403799 -27.519201464572305 -9.751870751492845 -41.241285180065404 -229.96278237687818 -120.48965018034255
654 10700.884018182755 8.479924211044364e7 -38.75943996466352 -23.75977528625688 -38.23500829940195 -0.3818399379299606 -27.495474008323235 -9.539528693791112 -40.74497376466218 -229.85834628782283 -120.21089248821283
655 10739.865021705627 8.473589514755373e7 -38.89957429912729 -24.132028462428693 -38.04691979298293 -0.2768213352058453 -27.624903943052573 -9.498688671654179 -41.40703024897391 -229.8464919836975 -120.65249240972281
656 10744.711437702179 8.473071673487702e7 -39.06112342276191 -24.27455892663152 -38.132852698088556 -0.32723560996061707 -27.53898147264358 -9.66869369111646 -41.20928977476348 -229.9454602195372 -120.5878531279995
657 10783.62146282196 8.475444108969633e7 -39.427682237557335 -24.663620526176114 -37.855939279652375 -0.1689003857978406 -27.469933218346128 -9.646230884966428 -40.9097423674267 -229.91944556215077 -120.49827933017065
658 10788.389638662338 8.473231565708289e7 -38.96985200833405 -24.044215218065936 -38.337988371305684 -0.4704605546011891 -27.48629471300961 -9.79574092556851 -41.21575345099245 -230.0199378500106 -120.52174655813099
659 10793.21296954155 8.476493301440217e7 -39.203086369916505 -24.426712371188025 -37.95438604479296 -0.22377360970723714 -27.503655705179057 -9.633084120569208 -41.00506455944776 -229.90181163826895 -120.37231017378389
660 10833.096850156784 8.474198405223897e7 -39.322689820600246 -24.60368002556805 -37.85572728882497 -0.19501069284108752 -27.468061921750444 -9.627279443868133 -40.79169032949244 -229.94606233123716 -120.72524051001801
661 10872.55693602562 8.47613979613574e7 -38.7729200691988 -23.629957717035463 -38.45660562707926 -0.5037786646204268 -27.535556554824954 -9.74866520396398 -41.356125851457364 -229.96461848789005 -120.38016714369587
662 10912.06582403183 8.47490922859259e7 -38.72041404615798 -23.98693239171959 -38.24955047554345 -0.3567949581525127 -27.806337555878464 -9.494270848228211 -41.756346141618565 -229.8422421050031 -120.3827963272546
663 10951.105906486511 8.478013114460488e7 -38.993448128234306 -24.176429876153914 -38.33872196976771 -0.42606083525451055 -27.425566704434754 -9.666262952759098 -40.764905185121506 -229.90903660032888 -120.43123895549923
664 10989.611300706863 8.475448571780317e7 -39.11747455095823 -24.025477673729863 -38.22790027328762 -0.4097147805773105 -27.354824484788242 -9.799338958970168 -40.61919997340317 -229.9976048742481 -120.60721575897435
665 10994.329647541046 8.476490347355114e7 -40.47674869116247 -25.029406400524838 -37.696430114738384 -0.13057060524285902 -26.29445442334265 -11.07314954441739 -38.64949854534137 -230.62834593078247 -120.28823022013796
666 10998.989681482315 8.478094973570555e7 -40.3327103401264 -25.982067950478093 -37.05109680574889 0.29057208203283835 -27.076570260963607 -10.328076146461626 -40.254545199711515 -230.19852928185935 -119.95985947232595
667 11003.649967432022 8.477188865289342e7 -43.082009687958575 -27.731736808458916 -34.50294811147701 1.5263059947948108 -26.312106320700956 -10.2380276878759 -38.57491533742535 -230.15949519207845 -120.2093879014389
668 11008.400151491165 8.515476721105103e7 -40.598358680467754 -29.058182119913283 -35.61263791204873 -11.7641306421109 -27.793421730303624 -8.796424886055775 -33.58683895750687 -229.44776886360387 -119.78238092801149
669 11013.086741447449 8.522168062340716e7 -39.73495539919644 -27.49085444043699 -36.82433492244861 -12.396416413604172 -27.943761675789055 -8.841255890815717 -33.941546469240734 -229.42056442185162 -119.33878799834594
670 11017.847742557526 8.537224732428597e7 -21.199838449093562 -0.6035017733873538 -50.53954651373587 -7.477862211781769 -27.33324238905086 -10.565654193411888 -41.15409273854755 -229.991655309061 -116.91926058745577
671 11022.53055357933 8.480089692169286e7 -38.47626592350885 -23.370419315184535 -38.6147887863065 -0.5830164650215082 -27.517707125387094 -9.589508281829694 -40.84395834298965 -229.846577966287 -120.04964749083967
672 11027.30058479309 8.475511114651294e7 -39.36663776834382 -24.513242751136573 -38.01993304759052 -0.27655167016757076 -27.450277491637998 -9.642145504012603 -40.651848463757176 -229.94073848642228 -120.56562449769069
676 11046.224073648453 8.4758379750932e7 -39.11665636460168 -24.288114698919177 -37.983877389953356 -0.24807586794464243 -27.53331295451052 -9.669876012103543 -41.25079624369397 -229.90603903377587 -120.45460619926837
677 11050.870028495789 8.468902562111518e7 -39.34041126278626 -24.551238849746014 -37.85133208584287 -0.18681439375980347 -27.451127817054413 -9.803435969534348 -41.21511815862135 -230.05478488646065 -120.90497625078194
678 11055.609610557556 8.470907529973686e7 -39.187568434095894 -24.31745162904155 -38.0349220075087 -0.27668500155704123 -27.464847589229542 -9.758171548773817 -41.133492932078525 -230.026950076118 -120.7336652200488
679 11060.327381372452 8.477812322472285e7 -39.3777867773702 -24.579293816915694 -37.83605679743235 -0.16359502365492773 -27.45871721466208 -9.543553731667998 -40.67968648038516 -229.8554704895102 -120.34117635752295
680 11065.054268360138 8.472259735154615e7 -39.01706435917494 -24.231560926611117 -38.07954349168853 -0.28165474979687843 -27.629330730460627 -9.680312320320695 -41.54586940620692 -229.95408337497162 -120.6045169291358
681 11069.981525182724 8.480432784440751e7 -39.02002169520021 -24.18850539087808 -38.1935880624248 -0.3712703105832986 -27.51537141689881 -9.566084857925773 -40.803127069379116 -229.84799166421953 -120.12028590684713
682 11074.780709266663 8.47548209822091e7 -39.17275439707149 -24.335031025165897 -37.99367689371763 -0.24761143974264144 -27.535592475930166 -9.528014849945691 -40.960732239861045 -229.85920451399596 -120.58968700484365
683 11079.503628253937 8.472905989822744e7 -39.123335667270716 -24.18839824333259 -38.02325691484718 -0.2727653017699936 -27.45426761834517 -9.781118914986052 -41.113343483503 -230.0113075830999 -120.57937909510042
684 11084.280245065689 8.480144893730411e7 -38.951303809704726 -23.960586982763047 -38.22146219904919 -0.37293022788094987 -27.520640938556593 -9.604271974503547 -41.00811085274211 -229.8612111149846 -120.1621639648339
685 11088.942971944809 8.476168905186322e7 -39.176427172262294 -24.352412165087863 -37.97137297227291 -0.24575042211525044 -27.547411603037364 -9.533079059729232 -40.89115486750018 -229.87179768687957 -120.4913398137453
686 11093.840338230133 8.478982728279097e7 -39.15513720901359 -24.324853765100663 -38.041069004134506 -0.27471775392897513 -27.487219240124396 -9.692799485311753 -41.07907692000083 -229.90199816017838 -120.07599555534745
687 11098.54912018776 8.476604169411652e7 -39.45369036565292 -24.744499884056484 -37.60750406687726 -0.03525859139158172 -27.479584135664822 -9.615042029737936 -40.98182136323379 -229.8884878932834 -120.35391006306884
688 11103.386330366135 8.475902991412205e7 -39.352110469084266 -24.464064320492316 -37.90129822070143 -0.21059254426865692 -27.431506939975648 -9.662192156477431 -40.66875168806769 -229.9629554664757 -120.5244465590298
689 11142.08358669281 8.475878968750921e7 -39.26458910838946 -24.513804795408596 -37.83794770138616 -0.152804599864794 -27.49562924860522 -9.618907763153118 -40.97021447357366 -229.89424970305976 -120.44326676544785
690 11182.008816719055 8.478187713555147e7 -39.469389197678936 -24.605465256257258 -37.6849110713703 -0.09615414489334029 -27.443118448047365 -9.586038978160616 -40.74911739299381 -229.86107147640473 -120.13295539278374
691 11220.910981178284 8.474213627384079e7 -40.2749297322101 -25.32219582053487 -37.687408544011035 -0.09455236982121562 -26.678858283781203 -10.758323224572393 -39.38003446463216 -230.43791409934647 -120.38388550053753
692 11259.811960220337 8.474766529371615e7 -40.55299924801386 -25.710667841378367 -37.060779201076436 0.2565462507973848 -26.69015189375322 -10.595976093516981 -39.4231935861755 -230.381761926271 -120.29894591585435
693 11299.19482755661 8.477560828218031e7 -40.37415041723172 -25.574243965146103 -37.23939377805643 0.12901319263418998 -27.125778362030157 -9.93231497480076 -40.081265045689975 -230.05428245647045 -120.1875967082089
694 11337.77030324936 8.511916184256929e7 -24.79556252671658 -8.639888413285075 -51.11535801654599 -19.29085388779108 -34.76821728170963 -6.776032025675647 -49.07138670127637 -228.2340160599461 -117.95309629239
695 11377.6332821846 8.51868116289923e7 -39.570670697482505 -25.39653256491122 -38.820843240255215 -13.104867661464453 -27.377916351068304 -9.975346937557788 -33.16153638746704 -229.8777552870646 -118.41511844342665
696 11417.15336227417 8.530998021001017e7 -19.856804702837813 -0.9832661322628433 -56.7296447225692 -22.800004762042107 -32.210327081455134 -7.916453324570853 -43.762051364532 -228.83276334428092 -118.36796540251288
697 11455.53824353218 8.471485960979466e7 -38.454165688659685 -23.427097030722507 -38.47784145544908 -0.5105386771134519 -27.57892123317748 -9.747992115074794 -41.537602638418946 -229.99035547320528 -120.63053938195321
698 11493.435093641281 8.481466872980934e7 -39.03077712749908 -23.99230195820521 -38.26864811674555 -0.4312738328414625 -27.371767000222853 -9.528924044781434 -40.19149360754193 -229.85194569655744 -120.21164275367295
699 11532.324228525162 8.470285149641822e7 -39.022716318898986 -24.17394844927685 -38.127150323541876 -0.3189851966374704 -27.564707831630166 -9.673728047093562 -41.29622704655452 -229.9872822026931 -120.9126410211677
700 11570.790303707123 8.474595155712557e7 -38.392858191128866 -23.633868937768057 -38.76289951498817 -0.6363324846343019 -27.640262253247656 -9.567388348011661 -41.31324267539645 -229.91946350690336 -120.55921230618173
701 11609.041977882385 8.474798351769537e7 -39.28370241372632 -24.315010307759422 -37.92864403588197 -0.23852895681788766 -27.448405425088126 -9.68740178921513 -40.92936974488293 -229.9770899811922 -120.51254921187831
706 11769.625075817108 8.46698712523405e7 -39.29628660267052 -24.434189905406473 -37.942110084913644 -0.22853443026723852 -27.44697698873111 -9.819447572376419 -41.128008507149104 -230.0752541571888 -121.22857847242079
707 11774.348392009735 8.470691635986382e7 -39.42027033409183 -24.572340259279443 -37.782959560036474 -0.13822972397161237 -27.43130533064465 -9.739230630171221 -41.01474246600037 -230.00699366164736 -120.90301873219465
708 11779.036521911621 8.469278054186627e7 -39.31098037718451 -24.440705621644035 -37.906151743878276 -0.20898159399634864 -27.447705777470517 -9.782877277673322 -41.16185877711803 -230.03962974894955 -120.9415626928432
709 11817.261714220047 8.470293401747368e7 -39.36221713666639 -24.507922832856625 -37.859668952646736 -0.1821742133578539 -27.43970024981214 -9.763349455919126 -41.08089608884097 -230.03021288202245 -120.87218867185902
710 11856.561734199524 8.470463391695891e7 -39.295444445808364 -24.43414207494665 -37.93931477926463 -0.22644800670208554 -27.449192755617407 -9.772832807641123 -41.151783262371 -230.0265937638656 -120.7751806780094
711 11895.926527023315 8.471987265866114e7 -39.24417675913723 -24.357995277090776 -37.937842880326556 -0.22596250607091406 -27.448592977276807 -9.76196652192317 -41.078294866058684 -230.00710511358886 -120.72965647208713
712 11935.666424036026 8.470940787467994e7 -39.19082403732149 -24.373141451321228 -37.971323931944674 -0.23375844880516183 -27.535460985832685 -9.740464341147174 -41.33388152633876 -229.99974488768305 -120.80557025744235
713 11975.45085144043 8.469606335653076e7 -39.31809493899277 -24.451703082230548 -37.893760593301735 -0.2042382616722449 -27.443078277576525 -9.787056274104032 -41.12408886096824 -230.06069942881442 -120.97636380104416
714 12014.440532922745 8.464980287297791e7 -39.26327005118243 -24.42610608327656 -37.97166055035371 -0.23949665158116318 -27.45341207815926 -9.823981749211043 -41.213295382328226 -230.12818910173934 -121.34667562775246
715 12053.501574754715 8.474474027135654e7 -39.061436315657794 -24.28503976093757 -38.22173052953281 -0.3608964975705362 -27.47443256512566 -9.730907059524839 -41.03487723942072 -229.9916950644954 -120.5852826656153
716 12093.026714324951 8.476524524303612e7 -34.5834363961245 -20.323953069635692 -41.56823576017811 -1.9995173571758684 -29.407052422902904 -8.430037335602208 -45.026732479191196 -229.31777915396236 -120.54369364391721
717 12132.524635314941 8.49225647501038e7 -32.36610153507104 -19.913986404475903 -42.258662875650685 -14.548716331423925 -31.043029685872426 -8.510145186450075 -42.68578308384923 -229.3242422834674 -120.44979663941609
718 12171.693385839462 8.542431549922343e7 -15.216816028905669 -2.9608934898489707 -55.4774758590292 -53.213727795189186 -44.34089604271427 -4.313019715871917 -54.20016898045952 -227.08533047663013 -118.41522687041521
719 12210.892830848694 8.537779219285074e7 -23.360353211557186 -10.43340658399988 -47.84267593173639 -25.793697573557324 -30.92504760438396 -10.84098654291489 -37.02371665415063 -230.23113199285552 -117.61332787235216
720 12250.610278844833 8.473140110065816e7 -39.16057428806932 -24.410038361152928 -37.92339168835749 -0.22240924266358064 -27.512237925459836 -9.64365883334483 -40.97410140428087 -229.95572333718803 -120.73172520625559
721 12255.535281896591 8.478901644357237e7 -39.11380796520447 -24.19780118784745 -38.14541080778482 -0.3335145629391292 -27.483641502959074 -9.612895873620005 -40.84135362233053 -229.8698321112779 -120.17785307788404
725 12308.66998720169 8.475864186509442e7 -39.101440782130254 -24.20460703571847 -38.14440038697987 -0.33123162017413676 -27.48119359154025 -9.734429083088571 -41.16491943330857 -229.95265055925853 -120.27970797783519
726 12313.415598154068 8.464403046193312e7 -39.27388480481841 -24.4669221915402 -37.955030094262355 -0.23485298182812642 -27.453136462979636 -9.859102505245176 -41.248740019760476 -230.14395864973602 -121.39445992829849
727 12351.741002321243 8.473990301483086e7 -39.305571188788306 -24.58889044646915 -37.9050351023792 -0.22089635288937615 -27.452304225246007 -9.733187933140925 -41.01558630437802 -229.97754315436634 -120.59918805701926
729 12429.125998973846 8.48422596500176e7 -36.479438569947234 -20.79636145519661 -38.35255134431187 -0.7191446413897253 -27.216340504658756 -9.327173534292797 -40.976104385956376 -229.71346776199977 -120.25519750757257
730 12468.452253103256 8.48418919152135e7 -36.47635731178345 -20.791962473780842 -38.355085853145354 -0.7205340472481367 -27.21672711012348 -9.324801330214939 -40.981169478395884 -229.71190150608834 -120.26208701849862
731 12507.879251003265 8.489612692765069e7 -35.85944005551565 -23.941734405687168 -41.56864371783719 -26.48705589212475 -32.475342565522055 -9.683891391571592 -39.11612520339395 -229.9777297389332 -120.93368913652927
732 12547.187466144562 8.49191415438967e7 -31.15289148340071 -17.698801646368388 -42.08999577558641 -26.80862668467193 -35.69838889535109 -7.000710581623025 -46.198117912525504 -228.519138144032 -119.66092801180349
733 12586.292657136917 8.471130013427705e7 -39.57129837317476 -24.73295268338208 -37.80320071073963 -0.15088552225122243 -27.36894998718156 -9.902855367568122 -40.81708371343166 -230.04523985276404 -120.76187910513192
734 12625.375418424606 8.471358871963182e7 -38.95963001863804 -24.095110084869663 -38.17018231073096 -0.35042415318812914 -27.54069972577256 -9.662444899861498 -41.27440721303532 -229.97624657942964 -120.77434864750768
738 12677.751876354218 8.463151117867059e7 -39.31988837469713 -24.515791913770627 -37.898922402183146 -0.2053477040501832 -27.447496688658532 -9.841708189544931 -41.19874154048023 -230.15231706728895 -121.5135589473959
739 12717.542268276215 8.477290519295077e7 -39.45618828381549 -24.660504969634285 -37.73055942033484 -0.11708867917423049 -27.430635286453963 -9.682305734721922 -40.83895406320096 -229.949659386362 -120.31165153819808
740 12758.326788902283 8.484321177107917e7 -40.50622608878987 -24.023667688578804 -37.39980139499686 -0.2033158843836631 -25.83555768193598 -11.394253838897043 -37.118436055389395 -230.6985634531875 -119.72690851157114
741 12797.89772772789 8.480985466873877e7 -28.338046547445632 -15.245998757393611 -47.98859912070405 -17.042522715838636 -33.88015752572124 -8.161115330084613 -48.62372753785161 -229.12382983338426 -119.8952176272989
742 12802.625052690506 8.480893406818114e7 -28.34128191816848 -15.250745763171754 -47.98539386061624 -17.040807987745005 -33.87986578816539 -8.16356904925425 -48.62943577279111 -229.1252632686532 -119.89550839663525
743 12807.315431833267 8.489026477087504e7 -35.16509579115805 -16.816872470040103 -43.01215218271384 -3.246893231861492 -26.494802933526405 -11.410814480536885 -39.13006781704695 -230.67501947482106 -119.43024392948007
744 12812.04595375061 8.473613376965286e7 -39.0364617905435 -24.193057912266134 -38.15300064182675 -0.3392564754316041 -27.517555599416916 -9.60742065645212 -40.92956909854172 -229.9434476489189 -120.73088222959132
745 12816.871076583862 8.475057212769593e7 -39.23181204766903 -24.37506137185119 -37.992361645675565 -0.25434043698932385 -27.466211100203466 -9.595190467031557 -40.829573500625884 -229.91993166641106 -120.66003462880894
750 12840.998357772827 8.467219966138075e7 -39.16966211876238 -24.41102593732018 -37.990322250404155 -0.2426597864178106 -27.542220359388878 -9.725399598448178 -41.33867367290111 -230.03830063981286 -121.19668027678506
751 12845.752730846405 8.463605931222177e7 -39.324192925901315 -24.51563074940766 -37.88871542145468 -0.19889184934151416 -27.444990551510514 -9.839987264943488 -41.2087523145899 -230.14980263727887 -121.50137265492509
752 12850.470526695251 8.472206302049617e7 -39.383176808335776 -24.58319759018918 -37.826034394004424 -0.16731318689743802 -27.43838322893052 -9.735767689908414 -40.937287315775734 -229.99471768429623 -120.76804593700552
753 12855.097905635834 8.46676175229041e7 -39.29204294562139 -24.489543089063645 -37.9124449225604 -0.21309709154802903 -27.453531623718202 -9.862398149716 -41.30392956329155 -230.10354890964243 -121.16236219596152
754 12859.781261444092 8.469265472973043e7 -39.20927316501647 -24.337672514960353 -38.025745649465726 -0.27211640389383973 -27.464789547340345 -9.797906793140442 -41.255297119104 -230.06155199903247 -120.91015953087322
755 12864.48899936676 8.47298069226065e7 -39.219691507200096 -24.420371911019544 -38.03197939928553 -0.27229353388220545 -27.465646214983924 -9.81220705460737 -41.22831230578544 -230.0028116936275 -120.59454599732214
756 12869.210891485214 8.468998045622323e7 -39.408428788827685 -24.601792182834757 -37.85058605157108 -0.17659353559495372 -27.402955976919642 -9.858811611396561 -41.127446498359745 -230.0815519637382 -120.96617382572953
757 12873.927951335907 8.472169087524228e7 -39.248114825365555 -24.44300359560108 -37.993018320250016 -0.2593251457583676 -27.460942675038897 -9.774371466488844 -41.152000095617666 -230.02190100662636 -120.65308331819483
758 12878.821020126343 8.472625449230404e7 -39.54264463303632 -24.715226357977066 -37.65873402064275 -0.0841103689295224 -27.423793789761106 -9.72375859497322 -40.87150851868188 -230.00391355615346 -120.72417549372477
759 12883.519748210907 8.475163347765233e7 -39.2494965577016 -24.351098659404954 -37.96908815483669 -0.23584893295792142 -27.449860150978974 -9.766418871712517 -41.06161999172707 -229.9787100928197 -120.4028502690233
760 12888.183198213577 8.475432196703766e7 -39.422716932176485 -24.594047577260714 -37.83836817439789 -0.1895361125426689 -27.42827585011133 -9.61123911834585 -40.678833370637335 -229.95551849728673 -120.63045193733393
761 12892.8050801754 8.477346297987774e7 -39.40896724485276 -24.643786524760955 -37.84248560217026 -0.16910097706488614 -27.443645290094878 -9.516603071000816 -40.524691763020144 -229.85002976749342 -120.48430708883211
762 12897.515161514282 8.473224578861138e7 -39.22308416919445 -24.4371153408851 -37.939213856022405 -0.2253189607709274 -27.48596621688404 -9.776562575653827 -41.26095051960749 -229.98467046622005 -120.59899755973998
763 12902.268431663513 8.471444189393523e7 -39.417806725316765 -24.636524680250343 -37.80504721636204 -0.15315864748150432 -27.438249266022492 -9.73447620749397 -41.019049534376904 -230.02223532295238 -120.76859102488214
764 12907.037925958633 8.476351733499439e7 -40.37964298825375 -25.48369253498798 -37.54917692296656 -0.020811023147459196 -26.615213760702243 -10.720967002978284 -39.141555035469764 -230.44435276942733 -120.32272342574498
765 12911.938225030899 8.478173467604902e7 -39.234554414645025 -24.438132810040294 -37.94936559366466 -0.22964223446523135 -27.4877774836337 -9.502074058023368 -40.68725816338838 -229.83487870714436 -120.35819807848895
766 12950.36696434021 8.475743124245344e7 -40.4520942349249 -25.55430299013984 -37.19922914107134 0.18328803805491845 -26.753740412536892 -10.56356254660841 -39.48468873997041 -230.3636912593925 -120.32769726817008
767 12989.721373558044 8.478409010999972e7 -39.314477615798275 -24.616411691905572 -37.89416254303202 -0.19896406208771822 -27.465892553752962 -9.531262336034615 -40.58063816334868 -229.86207436589547 -120.40031078124758
768 13028.52292728424 8.477527906398338e7 -38.339403850536456 -26.333782913269232 -39.125934619518695 -1.0219218939055992 -28.27629770149765 -10.110121121167367 -41.81040401637375 -230.12722307142786 -120.3111343527737
769 13067.591366291046 8.477461609925519e7 -38.77686334655766 -24.296095342526936 -37.97003656264032 -0.22823942978596534 -28.166252504654956 -9.14556586663258 -42.2108886916576 -229.7099126892112 -120.52975992819404
770 13106.398236513138 8.474020202847154e7 -32.8201100188415 -17.314542416682865 -43.06335101805915 -2.6712942410130793 -29.39012801487744 -9.04809717618042 -45.61733695880025 -229.64663799660946 -120.53183980526154
771 13145.025628328323 8.473223815469539e7 -39.242353416332854 -27.580241503247194 -37.729515640176956 0.01980575115670291 -28.222004607152947 -9.972479857090889 -42.47748412240128 -230.09053169272778 -120.54442143660935
772 13184.018158435822 8.526891339422461e7 -28.682546404371294 -26.77222556808743 -39.3285104907014 -0.31930021105879547 -33.1102416949978 -4.39445515547925 -51.194444274710975 -227.10396513037335 -118.36513974132168
774 13263.862281799316 8.473547415858868e7 -34.89304390800087 -21.269409612926015 -40.92856746638681 -1.4829115048839512 -29.115094217040376 -8.45406632522895 -44.73726927540872 -229.37191716062938 -120.73090435386564
775 13302.292670965195 8.468692407351398e7 -38.267405579255694 -23.830564903717573 -38.045958179996006 -0.01279056952922275 -27.934098670062284 -9.506685249929319 -42.55514082988026 -229.9052223850951 -120.69091476170735
776 13340.962054252625 8.53615391240752e7 -16.532155904920568 -2.471091494599899 -56.70458480733198 -42.3484220112523 -36.68782235487634 -10.30715516015141 -45.61635956456354 -230.05363318099535 -118.55530260979117
777 13379.275062561035 8.55537454405175e7 -24.95417863637167 -11.514038493611611 -46.1512921104282 -24.09840097546664 -34.270771130365894 -7.4446686973531655 -44.782271000474395 -228.5423145745075 -117.82676581941968
778 13417.901999473572 8.476630242156987e7 -39.30047993567748 -24.609603960993272 -37.80828960584066 -0.14201742131499628 -27.524252818819196 -9.608241840098628 -41.11681808850358 -229.87747737581287 -120.37951339381033
779 13456.290545463562 8.470939176378804e7 -39.244293895586445 -24.35019677765882 -38.0158623256139 -0.2731633789387615 -27.440098829974396 -9.697678415041764 -40.89844537506036 -230.02053126428729 -120.93247384871779
783 13543.176252126694 8.471346280582146e7 -39.18697987053187 -24.307745493481324 -38.03781509852416 -0.28160649582754615 -27.465547533767328 -9.780139307373304 -41.250974407113176 -230.0370873344586 -120.75549122877499
784 13583.53735780716 8.468312080386941e7 -38.97202535335791 -27.34958819871901 -37.93745887175151 -0.0743505590422231 -28.29355798322548 -9.995171934297787 -42.813446762656156 -230.14636148502586 -121.00668272579435
785 13623.651319742203 8.474136935818693e7 -39.16189278146226 -24.394664853622892 -37.995352142370436 -0.24692987510246667 -27.539605949334312 -9.533627811165275 -40.93998780606631 -229.884665720513 -120.76451493229649
786 13662.820504426956 8.47348590625796e7 -39.21064658290862 -24.393632299228617 -37.982376377417815 -0.255837548685399 -27.464004371162986 -9.799360229521255 -41.152617225855295 -230.00815643732545 -120.43745367492465
787 13667.63864517212 8.473269770995708e7 -39.25473855430988 -24.46547289313291 -37.93398808482583 -0.22482312198686571 -27.489227119832815 -9.720604822204166 -41.097398432535954 -229.9792363004114 -120.66462052439073
788 13672.490029335022 8.477952136567387e7 -39.25446863399253 -24.45311216440839 -37.95044001513754 -0.23573648089879384 -27.461589546462072 -9.618179941980657 -40.82306700523367 -229.89454097658046 -120.38779235360965
789 13677.203450202942 8.474253712889796e7 -39.407434620803244 -24.63464854130381 -37.852363702203064 -0.18241814638744813 -27.444514422015395 -9.744431507268075 -40.96822610885317 -229.9993660845007 -120.5205663138284
790 13681.974137306213 8.480297463200293e7 -39.234778744910955 -24.41681372084296 -38.01065635512419 -0.26124576507913133 -27.45644714895564 -9.567432975718873 -40.65166165908221 -229.83151944442983 -120.1935024375561
791 13686.715509176254 8.47338903008117e7 -39.263287473172426 -24.45186436420644 -37.96489061379728 -0.2394745844293098 -27.454014770885447 -9.791798204015265 -41.11739901608405 -230.0061411308854 -120.62357308265217
792 13691.410588026047 8.475035430110484e7 -39.276179637917146 -24.463869951966434 -37.950049317310366 -0.2301733000264079 -27.45028518971359 -9.678784742050823 -40.914628581570014 -229.95139890056157 -120.55915121455013
793 13696.162781000137 8.475846189605664e7 -39.276417490240824 -24.501667814228767 -37.87482815560741 -0.18370131833908232 -27.48435919902471 -9.71273208142037 -41.142511573367585 -229.93043018026282 -120.36022972944806
794 13700.916836977005 8.480798204051387e7 -39.30908507296646 -24.527306548156336 -37.842665194483246 -0.17721621989568348 -27.458485872896286 -9.596077735336223 -40.81004146425175 -229.84048532276586 -119.95600162761673
795 13705.774877786636 8.475936607385436e7 -39.11056359051856 -24.34792893923749 -38.12936653636763 -0.3213129774937187 -27.476461670744094 -9.738545812722691 -41.12229124230629 -229.94779936597047 -120.30975578911898
796 13710.582055807114 8.478029604281652e7 -39.276082680430974 -24.417144578954897 -37.95228118550673 -0.2260118731068701 -27.4538565978798 -9.529274520225442 -40.56870460106552 -229.87156715330195 -120.4257326336778
797 13715.45665383339 8.477243219348465e7 -39.28153873119335 -24.46585794863609 -37.94078758000285 -0.2324987803642813 -27.451481865500018 -9.695617732529627 -40.94184046222671 -229.94458623769304 -120.21902445550694
798 13720.208939552307 8.473851434630275e7 -39.20894666255845 -24.42266842351061 -37.974292607150495 -0.24361571017439587 -27.497466302789565 -9.718470518986521 -41.16868091075895 -229.96377982063575 -120.51217266351756
799 13724.91130566597 8.474464878353858e7 -39.51005570712552 -27.808711436812878 -37.521999911267386 0.11353404376651355 -28.150724110375997 -10.010724637262683 -42.279967388717296 -230.10317946581182 -120.42616737492023
800 13729.686388731003 8.477804863828899e7 -39.712455491722835 -24.902836367605083 -37.59848867767964 -0.06417895171715315 -27.271946741806826 -9.816443917626145 -40.4978517528221 -229.98106743999637 -120.23848026523723
801 13734.501138687134 8.526855844821265e7 -28.682126498343422 -26.771631928319646 -39.32897999004956 -0.3195483148418532 -33.11029724323361 -4.393437478944179 -51.156830142168985 -227.10467758656756 -118.37654830478886
802 13739.326601743698 8.478453834691818e7 -42.01287824720218 -26.621212671429777 -37.34118569977132 -0.002924119388715951 -25.76705434555791 -11.105807496181342 -37.22636528257459 -230.63618951785855 -120.05197017368653
803 13744.048343896866 8.483889357944116e7 -37.51287165043567 -22.88400180338401 -39.681647205565376 -1.27955611759581 -26.739034912835844 -10.027668036222451 -39.459077221460575 -230.04834233156527 -119.98520065191764
804 13748.815601825714 8.501407623439972e7 -33.97504266989316 -16.625484555392543 -38.77329507935266 -0.42567175721664086 -26.80592305413388 -10.22272133824498 -40.88436979985943 -229.90861146467984 -117.57349081568947
805 13753.469866037369 8.541812427271137e7 -15.41842468501498 -3.9276417531940355 -56.277497215905306 -41.45348405208019 -38.17636798518818 -7.471414687683136 -48.00960447610822 -228.56972333843987 -117.69671146503157
806 13758.235581874847 8.478276278901297e7 -39.53810048468998 -24.70940871658606 -37.76432934643052 -0.14325671992558853 -27.340495221573825 -9.61559657294572 -40.3213137334003 -229.92842973613585 -120.31451247644338
807 13762.979241847992 8.475035110986716e7 -39.15125102503055 -24.30746691004539 -38.03745745269646 -0.27553166416128505 -27.508702044268347 -9.628428853481068 -40.95417498114409 -229.90647064328908 -120.48570268311715
811 13782.474256038666 8.472267775402194e7 -39.314054303406124 -24.516075686021082 -37.900570844225435 -0.20557219628589962 -27.450108006521127 -9.74763825903193 -41.05398486746111 -230.0348346411365 -120.67143134539009
812 13787.502040147781 8.469656861065811e7 -39.336429402893245 -24.5246781553296 -37.88860089800515 -0.20136340787808393 -27.449717036246028 -9.797873456260845 -41.184810327316995 -230.06781403221618 -120.91917707078528
813 13792.170699119568 8.464881277453426e7 -39.353805230801825 -24.55118020477161 -37.86270932406471 -0.18656466068920707 -27.443769344570487 -9.842292697222604 -41.19356698697453 -230.1310328220148 -121.33612741151342
814 13796.966913223267 8.472481772378646e7 -39.289547557087566 -24.496915403875274 -37.914726847390895 -0.21345038934266114 -27.46744040454483 -9.684458405018859 -40.89091288098115 -229.98829367686335 -120.83858378689928
815 13801.92429447174 8.464547212414892e7 -39.30768009923541 -24.476607276323996 -37.917021838320835 -0.21062102750595812 -27.448770688514315 -9.828796496251698 -41.18666107311651 -230.14462146868186 -121.41558287180419
816 13841.276774644852 8.474757373362884e7 -39.50680218495192 -24.70654289858682 -37.6951608484286 -0.09842179608223489 -27.414375160763022 -9.67646173140605 -40.79939722976758 -229.97908663363995 -120.53942361258953
817 13880.05963253975 8.474615399583739e7 -39.353299864233804 -24.550290005310334 -37.861074014567535 -0.1857110092008014 -27.443661530202853 -9.700561646788742 -40.99800460629751 -229.97639898876537 -120.48900896363529
818 13919.433210611343 8.47137886085201e7 -39.36889342301944 -24.588137854034965 -37.84437063929294 -0.17750486300854362 -27.44359947337909 -9.793078127258752 -41.126599241538145 -230.02655919961273 -120.73989408179693
819 13959.015513896942 8.471198403824545e7 -39.258061526322706 -24.430739220246757 -37.93659823429612 -0.22657827858402158 -27.453830179368858 -9.800870939041886 -41.132146729803935 -230.03978251129553 -120.77876155961616
820 13998.331675767899 8.47075030194992e7 -39.24519914423163 -24.44866819338011 -37.94505971150969 -0.2270461012440208 -27.49065269455447 -9.75129102659372 -41.176804358591994 -230.0287430261261 -120.84499415557593
821 14037.902032375336 8.474047745852737e7 -39.394132457776315 -24.573575587855434 -37.80356866220781 -0.15958706260239097 -27.442878477601067 -9.72662083661379 -40.99030484985934 -229.9994136879219 -120.57117050094075
822 14076.704476594925 8.46406877157489e7 -39.35903267186545 -24.550136386598105 -37.848195205850764 -0.1771285791620656 -27.443252619862527 -9.79443918327189 -41.15093475062372 -230.12112548283187 -121.42360366467801
823 14115.757640600204 8.464925710310315e7 -39.31221299518543 -24.503594252121704 -37.906692839763785 -0.211000254434083 -27.44961122277438 -9.862076121239 -41.253168004833526 -230.1442777279628 -121.36922649015281
824 14154.50614976883 8.473979969460768e7 -39.35661448177178 -24.521481210239337 -37.87823130349217 -0.2005059708863115 -27.426066383925736 -9.681315334307328 -40.788532090138744 -229.96884011791371 -120.68649072626823
825 14194.059516429901 8.474991594867578e7 -39.276307920589986 -24.488559046575045 -37.91512721191505 -0.2119966903557824 -27.46572402698246 -9.669898526084125 -40.950099402112244 -229.9455110268343 -120.569553990499
826 14233.235510110855 8.47885407376064e7 -39.15883105078866 -27.451228257322445 -37.82929394058454 -0.03534608392706673 -28.210621588113757 -9.893773093099696 -42.26895109237444 -230.0031057229175 -120.18711806232335
827 14271.91205406189 8.474486798944141e7 -39.3254727472588 -27.70881292623263 -37.6297932111203 0.0748926468919322 -28.233412455845976 -9.948030454680122 -42.45548132220807 -230.07505540532503 -120.46422402410514
828 14310.438234090805 8.478571799327257e7 -39.309714442969245 -24.576463958991305 -37.938885837561294 -0.22360396196691568 -27.453231952470823 -9.638569383553488 -40.755326782613054 -229.89902904347247 -120.24243590664037
830 14386.881526708603 8.526939911613269e7 -28.682132264126984 -26.771636345321724 -39.328978529372094 -0.3195480712236076 -33.110296731460004 -4.392089545953752 -51.15405523171182 -227.10332305782453 -118.36964550631336
831 14427.627840280533 8.486196391310091e7 -38.2311539261676 -22.327673578525108 -39.24299230070695 -0.9678995024501589 -27.36407327809392 -9.702027542258634 -40.347331122758135 -229.87299090738424 -119.67432841538442
832 14466.336421251297 8.52183372732019e7 -12.118853512206762 -2.548834986057112 -53.7846815032208 -39.785450869554715 -42.04520125820511 -4.389230017490206 -57.71781594521019 -227.2165739914377 -119.37881321618198
833 14471.049476146698 8.519951430797438e7 -12.11213901177725 -2.544923635995066 -53.789941736778545 -39.7881866718705 -42.047105843993755 -4.387048719358802 -57.68365644608457 -227.25084486129953 -119.51733385946204
834 14475.695224285126 8.48276412860307e7 -39.9711781106012 -24.716466083271904 -37.388075509399215 0.005730814210018309 -27.01005630084266 -10.133714663918795 -40.142695845386754 -230.0566790711228 -119.72259651835424
835 14480.193838357925 8.473193152793902e7 -39.29673070562524 -24.532985898734182 -37.921928401655684 -0.21547312085033354 -27.457968184388122 -9.638825943769348 -40.84248326942867 -229.96357434354883 -120.80357951557448
836 14484.826645374298 8.471838919461152e7 -39.30765317266017 -24.463974057575744 -37.91005109663646 -0.2105590254736498 -27.45024983612211 -9.748554348256448 -41.10585400530118 -230.00455027101128 -120.67128481703031
840 14632.08885884285 8.463738746988438e7 -39.33346054360376 -24.52779223719232 -37.88942584752376 -0.200481891644408 -27.443193793436198 -9.826378720059267 -41.12887157583032 -230.14380128828452 -121.49152849258974
841 14671.02700829506 8.470750400626417e7 -39.37588646034938 -24.571616313882696 -37.84599407591027 -0.17867704982141674 -27.434995460224897 -9.758611890208158 -40.97678734629852 -230.03319783034908 -120.89510675450049
842 14709.817422628403 8.464578403149754e7 -39.315782599781365 -24.508797021285226 -37.90172556040086 -0.20737385674236464 -27.446789385460523 -9.840432460385102 -41.19092108515167 -230.14307364154968 -121.39894258850728
843 14749.021996498108 8.47459765874714e7 -39.30857497970862 -24.484266509930453 -37.91908362727373 -0.21740748202390137 -27.445165811980726 -9.734435876127407 -41.04236821458193 -229.99579874028586 -120.43604316307818
844 14787.57324051857 8.46434813559123e7 -39.33231375860503 -24.5378621643623 -37.887322569742835 -0.2014716554649567 -27.444315169898985 -9.823176847307195 -41.134013956206275 -230.1333481491713 -121.42684055621709
845 14826.56252360344 8.464814968846476e7 -39.34814029549524 -24.544919492162897 -37.8693847424333 -0.1887570881008287 -27.441513765930452 -9.801217724837102 -41.08636031675172 -230.1201327710636 -121.38339670632672
846 14865.393662452698 8.470924671969059e7 -39.32126614034105 -24.50219693834704 -37.89929094140178 -0.20752909995512425 -27.437765847623815 -9.782872042552867 -40.970653475693894 -230.0570246502681 -120.8893613026417
847 14903.94738650322 8.467388826482393e7 -39.30372307228721 -24.503454942622447 -37.90843682558468 -0.20947169219928696 -27.456864112352157 -9.850559153289339 -41.29378870744284 -230.1035686814879 -121.17123277353289
848 14942.43846321106 8.472101642547338e7 -39.30567566320018 -24.50544950633182 -37.90291657577876 -0.2075045439480121 -27.454138260854762 -9.756545439957279 -41.123713767112974 -230.00375214156145 -120.6582232778307
849 14981.005425214767 8.466714295869324e7 -39.35152280574192 -24.546302062023084 -37.873230913084235 -0.1926575514002309 -27.43987219852515 -9.777043440740442 -41.0386867496664 -230.0939881611896 -121.25813513283038
850 14986.085447072983 8.47695523684282e7 -39.356767684423964 -24.550872076369096 -37.86880598267977 -0.19054893926227834 -27.438082824944875 -9.696047685269548 -40.86027276309903 -229.96861447025896 -120.29111866464615
851 15027.555159330368 8.474860634695055e7 -39.33603570548583 -24.530922601194476 -37.88899853633614 -0.20098604051422342 -27.441985857420008 -9.696121272199889 -40.86781016658574 -229.96870430491043 -120.54255055649293
852 15032.747542381287 8.473004258717686e7 -39.29959667000939 -24.500001521203863 -37.90979689211995 -0.21105758519614426 -27.459473660005944 -9.754137206828887 -41.1561291732657 -230.00452554375113 -120.56174453632997
853 15037.792325258255 8.47561561866084e7 -39.34705746476339 -24.53504960506944 -37.85159221669243 -0.18140103697281518 -27.450488131633836 -9.547875209925394 -40.660409072793016 -229.9064147916992 -120.66998229604093
854 15042.377174139023 8.475724568840297e7 -39.30749496524693 -24.508373829619487 -37.90795814987755 -0.20928140925306593 -27.463258315247703 -9.579011149789778 -40.711658990245894 -229.91157001273672 -120.63026406314907
855 15084.64462351799 8.48104413428618e7 -39.978483098986736 -24.729576259709344 -37.399183470854794 0.0012011783502501316 -27.00177405587801 -10.129046429121331 -40.08208963840502 -230.0791030589104 -119.91692232614048
856 15122.391050338745 8.477570487916763e7 -39.99960701163054 -24.768222277622478 -37.43266076721815 -0.01255378836113863 -26.976973843694072 -10.183036143899528 -40.08622845416414 -230.14681878460175 -120.25883719075847
858 15203.620634794235 8.474507770767458e7 -35.982543486895885 -21.629674646779023 -40.99612907921317 -1.7968436619611126 -28.55102204939357 -9.116920658136053 -43.525590234831725 -229.6663765308852 -120.680420662279
859 15243.122079133987 8.480620669015303e7 -35.0167027854235 -20.2803427542801 -41.65925904613334 -2.113962274374849 -28.009848907282343 -9.265686758977267 -42.15346048174399 -229.7318089604148 -120.21548632495279
860 15247.76651930809 8.477297388952354e7 -39.759781552067466 -24.92109923225118 -37.53402541415104 0.0009391236576874462 -27.57436007660013 -9.52071859690193 -41.1185949809024 -229.83257057826165 -120.22645197559143
861 15252.467062234879 8.481300572329538e7 -40.722476188141016 -25.755575759211396 -36.50187539401807 0.5529899039318096 -27.976443756027262 -8.966290961104619 -41.76465998297118 -229.50582988065054 -119.81871660079997
862 15257.217902183533 8.485343975811377e7 -39.664101330300745 -24.65976020096827 -37.5221683519591 -4.723015997853963e-6 -27.35455447083065 -9.455391022714593 -40.264538999779916 -229.78965436776434 -119.78264909568253
863 15262.028956413269 8.486018843547054e7 -36.70684007106092 -21.361614246058355 -40.282322186126606 -1.4630399931472624 -27.87959726203839 -9.239337643213673 -41.63721728619839 -229.66762828801564 -119.8110942321386
864 15266.786916255951 8.48144257373e7 -36.85034253895902 -21.856140248415414 -40.15067171146827 -1.401394716844571 -27.91393059835406 -9.312433003712329 -41.81240932917001 -229.7317468196286 -120.20417621447388
865 15271.54077720642 8.482092435289136e7 -39.66700613502962 -24.63679649946368 -37.40078168921135 0.0015981605045993774 -27.300559925518105 -9.413889060686984 -40.22623267561727 -229.76511491279956 -120.09341220437426
866 15276.371685028076 8.474295405223948e7 -39.34508283430058 -24.582858449499 -37.854055722676755 -0.1805135157980402 -27.446390890116337 -9.748470304843522 -41.039464402057206 -229.99053385502816 -120.47191793640536
867 15281.182687044144 8.469325891677557e7 -39.30917624122372 -24.472009394150668 -37.91970615341882 -0.2162732112659853 -27.446763087742113 -9.78557330585329 -41.042629252641916 -230.0468182294665 -120.99012678145573
871 15300.040973901749 8.476858193464753e7 -39.64476879513754 -24.766511370254573 -37.661772416184235 -0.062010047708810134 -27.57893810705148 -9.577217905691555 -41.1591068485136 -229.84381137532648 -120.3274713139636
872 15304.792427778244 8.472583746115541e7 -39.384715522861676 -24.596611997388546 -37.83537282203639 -0.17111243026695178 -27.4409745872379 -9.747641728578401 -41.03202180692415 -230.02716297281182 -120.66063404200247
873 15309.625883817673 8.471233915692319e7 -39.289950029897014 -24.495477016198144 -37.91430243724747 -0.2137781225107247 -27.468596662882966 -9.7226990391203 -40.966589028153464 -230.01839500257142 -120.89451914306414
874 15314.523480892181 8.465017497571804e7 -39.33257063077337 -24.55612534266077 -37.880642102238774 -0.20002400326227132 -27.446420789261154 -9.834338626643728 -41.1920128604915 -230.1331788016205 -121.37149563391063
875 15319.213345766068 8.468826777439311e7 -39.367052764166274 -24.59146941021577 -37.84799644347607 -0.17776707509515433 -27.44113059319021 -9.816788907790453 -41.11093140948145 -230.07024572707695 -121.05542033353379
876 15323.97075176239 8.468450514527862e7 -39.3739126702498 -24.5740907905912 -37.83416060345914 -0.17134537777494074 -27.439688188379147 -9.773975181924527 -41.07491782904782 -230.0496508509944 -121.06448986273023
877 15328.748591661453 8.468260634808226e7 -39.37332448591055 -24.581105075443908 -37.86717072150639 -0.1887441946779589 -27.443267082092255 -9.782694685334036 -41.06713383061856 -230.0693516559221 -121.15057574686472
878 15333.48837852478 8.472868745386326e7 -39.28843486369817 -24.4837795325311 -37.935532973705875 -0.22460751854147532 -27.452181810300434 -9.813702249567598 -41.201476179670465 -230.00507534909065 -120.55515711714366
879 15338.346991539001 8.473250980254784e7 -39.34410622284476 -24.54323169497687 -37.8847432211299 -0.19797347372813334 -27.442969269771893 -9.73851282139782 -40.926701805429616 -230.0172882171574 -120.64726702448087
880 15343.134560585022 8.471098176012963e7 -39.32847541145528 -24.512117800400862 -37.89705957200367 -0.2039876603048114 -27.444559075438367 -9.709303438666211 -40.90464171438907 -230.01293429053754 -120.8674382757535
881 15347.95752453804 8.476171194162504e7 -39.319748497579035 -24.519172324499277 -37.90149382052563 -0.2074131199919762 -27.448437831611457 -9.588381934917265 -40.67841960875609 -229.91257583481337 -120.58089026109974
882 15352.620887756348 8.467319205033825e7 -39.39967367107004 -24.576511044991346 -37.80676387189618 -0.16055092840775131 -27.43736656688947 -9.785867371014035 -41.06127473184654 -230.08217865085493 -121.14883849321598
883 15357.449387073517 8.47771983344467e7 -39.256969875385295 -24.467538280075555 -37.93732857390459 -0.2218760047561048 -27.484272506761833 -9.656405380450735 -40.9685824119432 -229.92023877003163 -120.25675770159188
884 15362.253480911255 8.478788171574204e7 -39.27194841590274 -24.45978975517721 -37.95466808255499 -0.2379239975771128 -27.45441286346295 -9.533711503086863 -40.65541350543981 -229.85405554287007 -120.2493873783958
885 15366.947813749313 8.468341174251856e7 -39.38885905135764 -24.579084192175955 -37.86756808584629 -0.18959450365616703 -27.422837185039867 -9.683348660173635 -40.759742373525285 -230.03902111972297 -121.23152771559779
886 15371.639652729034 8.476658425082263e7 -39.288089859920866 -24.497494694551776 -37.916756914941885 -0.21239599830878575 -27.468976199841325 -9.61407921688334 -40.83616659656718 -229.92845520217384 -120.48222430964171
887 15376.404077529907 8.477680481548963e7 -39.87453818144473 -25.075368410919154 -37.40628909038184 0.0638504236123012 -27.56979331521212 -9.519092251969596 -41.09703514736685 -229.85806188320652 -120.21762382596631
888 15381.143102407455 8.474046966671231e7 -39.16494180138179 -24.300135799275278 -38.071171809594695 -0.29157120401411873 -27.41794776725456 -9.598567778661675 -40.60352087823031 -229.91491470786457 -120.69068095092427
889 15385.91071343422 8.481300271469364e7 -40.722220760688444 -25.755354774875922 -36.50219244485449 0.5528278484801561 -27.97648120015189 -8.965986876406987 -41.764627092204705 -229.50569201917955 -119.81883263150701
891 15395.497190475464 8.473809987436673e7 -40.064408671462076 -25.27280758893411 -37.34403878410235 -0.0027689999435907 -27.290114075687065 -9.518711193654212 -40.30427019432608 -229.9055060267583 -120.78247972756645
892 15435.02989912033 8.48155684791623e7 -38.68026103572015 -23.975399962921042 -38.73561410297335 -0.6261728899354608 -27.39382447780272 -9.478040719730245 -40.60006005293559 -229.81521431437534 -120.37570226715417
893 15474.099312782288 8.482043521203606e7 -39.374418955343515 -24.36877232230123 -37.532750251795555 0.008533967488688177 -27.598840425390016 -9.42785354642308 -41.109700716001555 -229.74898228033135 -119.83595840345691
894 15512.707286834717 8.475584135463268e7 -39.325696500115534 -24.590123502261104 -37.5194839086051 0.00905778608738217 -27.760979123991774 -9.476502039843979 -41.58002392126406 -229.80943121045811 -120.20427477826138
895 15551.328632116318 8.469813434683886e7 -39.35560867795091 -24.537180470506446 -37.87947328770661 -0.19409276849850698 -27.438873772218688 -9.759729617732376 -41.02483283155544 -230.05127370956586 -120.99957890214904
896 15590.279319763184 8.47447561867417e7 -39.30796986542216 -24.501484006769843 -37.90419401429087 -0.20834035406043228 -27.449863889548258 -9.734956241553903 -41.02739301410929 -230.0029111979406 -120.47766476665225
900 15643.997477293015 8.47013091691246e7 -39.3050923181885 -24.500024400620084 -37.91419834292591 -0.21334083712964258 -27.449743672673673 -9.770305087171039 -41.150700532617066 -230.04775496249977 -120.81355659076877
901 15648.892268419266 8.463345712390424e7 -39.34149495466413 -24.543299237296125 -37.8857826809804 -0.19838413002415223 -27.445887261246234 -9.82836903475004 -41.172851216418394 -230.14564861224738 -121.51817838232785
902 15653.323051691055 8.471135220377438e7 -39.34250582500188 -24.531461664697872 -37.88483545032986 -0.19943537413954715 -27.434621783744433 -9.740645463884334 -40.96916082371075 -230.02296008668793 -120.86064886176177
903 15691.283458948135 8.464459451194389e7 -39.32862203388002 -24.521500794063776 -37.89117698742759 -0.20144692073411363 -27.443647474919754 -9.80721975182837 -41.13374288486875 -230.13239392233226 -121.44200219709398
904 15732.950903177261 8.474220566532423e7 -39.3111406181981 -24.506058185424084 -37.9015091638761 -0.20793079267904346 -27.453894919360486 -9.777577202124803 -41.147959440805494 -230.00531699111895 -120.49989647916522
905 15774.16092801094 8.467018119099948e7 -39.32682909245702 -24.502648284047368 -37.897980755363605 -0.2041081265121747 -27.440805202335927 -9.76436904976481 -41.03642572206519 -230.09406929252663 -121.2589765777227
906 15810.269338607788 8.478869844875135e7 -39.70239874067292 -24.8496804599066 -37.58081200491957 -0.02363969689888279 -27.585012191292936 -9.51733710001929 -41.17925654180709 -229.8123264633436 -120.01977465992297
907 15849.185922145844 8.463826820310697e7 -39.30117569139403 -24.494099018239975 -37.92230265388146 -0.2192363165436788 -27.449869449905087 -9.843571969845527 -41.196755239437266 -230.15473308146602 -121.4773453851098
908 15887.22409749031 8.464723623274729e7 -39.29771411066409 -24.485390811623173 -37.92866597832263 -0.22197126276935109 -27.446812412009223 -9.81303196826542 -41.157953309117715 -230.12264332582487 -121.41109338162778
909 15892.074226379395 8.47447732671757e7 -39.30200362702878 -24.500061559268055 -37.903948447502266 -0.20815363246065033 -27.454136191459817 -9.765557545085244 -41.146367852794015 -229.9881747437551 -120.42229625589988
910 15896.905020713806 8.465001619838333e7 -39.338612633328154 -24.53341147236469 -37.879756626958965 -0.19568739247975486 -27.443004909578217 -9.806336323059838 -41.12305726868232 -230.1265317041068 -121.40263454016167
911 15901.385915756226 8.478477265170251e7 -39.26301377791761 -24.4487515576063 -37.95277945077754 -0.2320820138635611 -27.464201995004117 -9.56297158461257 -40.705035209876655 -229.8527869782837 -120.25701483059402
912 15941.379844903946 8.476776768476014e7 -39.3317044531739 -24.521422222884887 -37.88866601467155 -0.20137221699623353 -27.440197959575045 -9.663030734317829 -40.86415573646099 -229.93906911287223 -120.3548571311718
913 15977.060630559921 8.475745469520167e7 -39.26541218002263 -24.478371396889518 -37.937749542631906 -0.22239151617309716 -27.47064198784411 -9.657692095879554 -40.90672354798437 -229.93411682630398 -120.50108333052623
914 16017.50184750557 8.474188449976513e7 -39.283762875012656 -24.485633931753345 -37.94331918698223 -0.22753062594281914 -27.448751641415377 -9.718408466347114 -40.999348740431685 -229.98387423621483 -120.50386451406337
915 16056.075789690018 8.472761014820574e7 -39.345432606598564 -24.54135695602918 -37.885766003869605 -0.19905245974230468 -27.43236068627062 -9.709564648746209 -40.930336940200164 -229.9913043255321 -120.77068541322376
916 16060.812715768814 8.476282473321202e7 -39.81711868175884 -24.992460414205773 -37.487248538754834 0.025508742764543513 -27.563710150263866 -9.522058650358304 -41.09885008585053 -229.8438614176897 -120.30634539794846
917 16065.45133805275 8.473217813269198e7 -39.37970856176145 -24.605399612871015 -37.828170085057586 -0.16944004464740914 -27.44528232958571 -9.594555703703008 -40.73531566992989 -229.899221715176 -120.7869616105674
918 16070.115042924881 8.477815821062511e7 -38.98863251274967 -24.19594875923552 -38.17480668031923 -0.2980583041869451 -27.646630150982187 -9.482918521318197 -41.21727855584726 -229.85573282318705 -120.34577075080142
919 16074.78051686287 8.474767040586439e7 -39.358853905114195 -24.529214596749195 -37.55947459501779 -0.0005259399345831639 -27.865129543066697 -9.195209617058936 -41.69220254724314 -229.70587597822185 -120.72402208654916
920 16079.536786794662 8.479975884953514e7 -37.977982334268404 -23.388214977231776 -39.09925498039956 -0.8104969046405088 -28.050944335848673 -9.117799437825852 -41.92363629579722 -229.63989212444199 -120.33321813293986
921 16084.19333577156 8.475197246006218e7 -39.559619073293874 -24.575015402579314 -37.51899467643726 0.0002609249196154906 -27.58844232050945 -9.50570830266895 -41.229449277716526 -229.84499121756556 -120.3907172683385
923 16093.655479669571 8.484185067473869e7 -40.09072419406549 -24.561074468720953 -36.40651416944012 0.5824352971242348 -28.02223201721344 -8.585904074667837 -41.75197593711857 -229.3357856703892 -119.8221499196651
924 16098.36925292015 8.473525702569798e7 -38.56700535676884 -23.992411372802614 -38.83599352670749 -0.6573274616111959 -27.75541010042186 -9.501787462320294 -41.37188002798183 -229.91003935428353 -120.70108197601832
925 16103.026686906815 8.478561540283972e7 -37.8960424041644 -23.20447809549291 -39.04535850648397 -0.7888374183931219 -28.07626427589378 -9.063883135138724 -41.92034140747313 -229.65977367359898 -120.45959482379288
926 16107.659718751907 8.481148915266229e7 -39.946767235442834 -25.00489046145197 -37.37865337209144 -7.010021536046906e-5 -27.152459401892873 -9.758074498486167 -39.895674137557364 -229.92743740035695 -119.94861927411034
927 16112.318666934967 8.476173316516373e7 -39.44237952384534 -24.930238764189735 -37.64359847854341 0.00015975280381042012 -27.684702187872475 -9.43581442807971 -41.46740736485356 -229.79251660021697 -120.3524354483373
928 16116.899338722229 8.472512210199347e7 -39.38313341510231 -24.60612018505331 -37.82205572772531 -0.16899062728473524 -27.43900028577828 -9.76309567219431 -41.08573762063469 -229.9985912504003 -120.68178259745861
929 16121.648704767227 8.466603190962276e7 -39.29332947057054 -24.471227847684293 -37.93427089626511 -0.22186182662083098 -27.449803087683982 -9.821008277052272 -41.18610868452777 -230.1125770108821 -121.20088511808763
933 16140.52699136734 8.469804276546572e7 -39.308335888301336 -24.502004612475318 -37.9108555529316 -0.21162536754005856 -27.448728836270444 -9.765055129121151 -41.152766591875604 -230.0478594305372 -120.85001103310367
934 16145.173216342926 8.464235497629666e7 -39.30029404918086 -24.489879924572374 -37.922356938288 -0.21748468540438637 -27.449494709818058 -9.84960088178309 -41.28501744232773 -230.147076283312 -121.3993100784947
935 16149.786319494247 8.468979757148929e7 -39.30944211336515 -24.502803058666537 -37.910418122520156 -0.21138828466496307 -27.44861061310912 -9.783368707827663 -41.14910813607872 -230.07666908401768 -120.96370521684906
936 16154.452118396759 8.468897368361533e7 -39.30541699891579 -24.492541758432225 -37.90341353265116 -0.20758888175872414 -27.447425237693537 -9.819687030970954 -41.143836809801144 -230.0755428330566 -121.0062654149466
937 16159.262202262878 8.464875875129318e7 -39.35357905205338 -24.545011383097364 -37.86581481837543 -0.186954107570088 -27.441719662342823 -9.829665053474173 -41.19063515135741 -230.13133679099133 -121.40900102351708
938 16163.80478310585 8.463453569014001e7 -39.32640997029592 -24.51909196940538 -37.893636118062226 -0.20267233539798468 -27.44549926703561 -9.852620680955795 -41.22548097678413 -230.1499774042416 -121.51424103257574
939 16168.504460334778 8.470867441778368e7 -39.29453747575159 -24.495781605389315 -37.91055787123998 -0.20938765080431665 -27.46505945039395 -9.742260348313664 -41.00884190798399 -230.0137331607242 -120.9120597533655
940 16173.27867436409 8.473666085221998e7 -39.3430105590688 -24.5460963290148 -37.87050680646324 -0.19206336642570676 -27.4432768115507 -9.753596665581426 -41.08224176046383 -230.00500205079442 -120.49228030203915
941 16212.214863061905 8.466853463571191e7 -39.30833414495135 -24.50647461906977 -37.9023961323665 -0.20607717899471112 -27.4561930945549 -9.85426695526985 -41.312014446340584 -230.10467615716146 -121.20237234193814
942 16250.785065174103 8.466668489558996e7 -39.333131997171805 -24.523514779248742 -37.88390447117597 -0.19757832857540336 -27.44457941516253 -9.814695051722424 -41.15909217707906 -230.11185642537316 -121.27592749066304
943 16289.353836536407 8.470613677975558e7 -39.368317852044925 -24.57646077606943 -37.846020128737266 -0.17653528237186578 -27.439690036022196 -9.794223881119137 -41.10452115180709 -230.04384224849935 -120.84803168692923
944 16328.32192659378 8.46811815707137e7 -39.34801995032723 -24.536937879213433 -37.88391348373524 -0.19780543944796847 -27.43668784479474 -9.74432940684676 -40.99560068949012 -230.05093190865813 -121.1642837545038
945 16367.6299097538 8.474631713512896e7 -39.35131124123981 -24.51939682044742 -37.866382064585466 -0.18955424060538206 -27.438682763341358 -9.733495634728229 -41.01962933650475 -229.98306434804408 -120.51473762028053
946 16406.234474897385 8.465447938492294e7 -39.35105733602043 -24.54079762630865 -37.86286209429204 -0.18878645246079628 -27.444778310260286 -9.824594971794795 -41.183502496229096 -230.12042038978075 -121.30864310141101
947 16444.975719213486 8.474770062816955e7 -39.30111355482529 -24.501641355782432 -37.91055081129058 -0.21175829278894298 -27.458480894763216 -9.77569126369849 -41.15267633955227 -229.98551515679566 -120.46178823109
948 16484.12205338478 8.476002065528242e7 -39.43582509799074 -24.92530538479818 -37.653025037497045 -0.0058127218652686 -27.681184418544007 -9.390946057447536 -41.3759956504075 -229.8155688647454 -120.49582421775392
949 16522.831305980682 8.477817632660188e7 -39.448841285794586 -24.935083208592417 -37.63418030612588 0.0061177890816424 -27.688226956482115 -9.424624231784719 -41.46055105083167 -229.7578183961018 -120.23781769614084
950 16560.35455942154 8.476703167108424e7 -39.21578183209448 -24.4438661962886 -38.02679850643785 -0.27144528238711274 -27.46599236211678 -9.774514919574756 -41.139645695236766 -229.96023231927285 -120.2789487059901
951 16598.867554187775 8.479925619572198e7 -38.78815293267729 -25.700084072163662 -38.055111949978404 -0.053117839171079595 -27.997708153700128 -8.931485463186561 -41.710680629010426 -229.5670832697637 -120.4558010103155
953 16674.92015004158 8.480668269755706e7 -39.08796775147935 -24.21976738182834 -38.22216212808748 -0.3761251921700861 -27.48310447823169 -9.615992174629014 -40.75251841485891 -229.89452455026355 -120.0861410137361
954 16712.4275970459 8.48414704229668e7 -35.16437798204533 -20.316324745478454 -41.166812727707175 -1.8237122131459316 -28.85596577171167 -8.65156024677492 -43.94117775625864 -229.35200489995952 -119.82241426383666
955 16750.956226348877 8.477298497422065e7 -39.82982123929199 -24.8538400629648 -37.60117809477432 -0.002567944838006042 -27.293530506829633 -9.822884930499242 -40.55472790054978 -229.95650105409487 -120.17701756402158
956 16788.99852538109 8.474725195369652e7 -39.588231630225465 -24.85794040144802 -37.55614940409452 0.0002254890147810329 -27.50774010894766 -9.67785782576118 -41.312303033631395 -229.9038616500372 -120.36036273599456
957 16793.69911813736 8.473835940886356e7 -39.2877837334636 -24.481376229288866 -37.93413290526144 -0.22452237749360648 -27.450901484507895 -9.813140286747 -41.138678801008325 -230.00945021004213 -120.58895010034058
958 16832.62077689171 8.464750136519286e7 -39.33715507745 -24.529118703898604 -37.88289197374166 -0.1963441372614767 -27.444006368857174 -9.837114236599007 -41.23481794062519 -230.13523969653767 -121.37310738615781
962 16917.068486452103 8.46326760295788e7 -39.31532703025175 -24.500604686975574 -37.90586062098253 -0.20726799403799845 -27.447912961021018 -9.847813148481578 -41.20474775715377 -230.15713421797642 -121.50381007375887
963 16955.46288061142 8.46344895672879e7 -39.31399300179747 -24.50805045464292 -37.90230550816562 -0.2074215921004381 -27.447680976307776 -9.840705708483767 -41.209421786043436 -230.15446132987813 -121.51056932958494
964 16993.707460403442 8.469613921090078e7 -39.30320933089008 -24.50267234829802 -37.90792544905975 -0.21032682299839678 -27.458026657414756 -9.829838123524212 -41.20535382554448 -230.07202648994576 -120.91947764433218
965 16998.34004831314 8.464932462770078e7 -39.31618946132249 -24.51129737851868 -37.9008148044322 -0.2060292664908303 -27.44856920915665 -9.841693465337528 -41.224029392617865 -230.1325002563114 -121.32953635928749
966 17036.56090092659 8.464435146464363e7 -39.34454114726161 -24.54288300796263 -37.868633012603084 -0.18944857709501406 -27.444380752385364 -9.838300857497472 -41.21546075632983 -230.13137454501395 -121.37264220078077
967 17041.240720033646 8.47598538814031e7 -39.259390346979615 -24.4396627979297 -37.949351748765984 -0.23363899639519303 -27.460706008394453 -9.755853292366794 -41.12079463496411 -229.9701783187811 -120.28339745513335
968 17046.003300189972 8.472382313413806e7 -39.2865482885717 -24.489495640763128 -37.91961545836908 -0.21442641504748394 -27.46636122676023 -9.716082306612634 -40.987293868130166 -229.98252119941503 -120.76591578108531
969 17085.24449276924 8.467152332545437e7 -39.36671178540748 -24.554065329420794 -37.847164562276866 -0.17986391532980406 -27.440935050882587 -9.781260619633088 -41.069643551989486 -230.08378459617632 -121.20297490713665
970 17123.13295650482 8.470959117854269e7 -39.33784878358811 -24.538158991555232 -37.89046981762287 -0.20017798491628724 -27.44068285940552 -9.759316126629642 -41.04447048832236 -230.0279161265678 -120.80549497342781
971 17162.123995780945 8.473680971999317e7 -39.278011495421 -24.467941143951172 -37.93766462361779 -0.2263091246162645 -27.45560705202299 -9.608294535716709 -40.74023138054923 -229.94589694876754 -120.69427085505703
972 17166.756487846375 8.471630005752337e7 -39.33040989391009 -24.530633575714766 -37.89491893043731 -0.203435033178188 -27.448892573357305 -9.620893135315555 -40.76678003066928 -229.98229681510793 -120.94955288512875
973 17171.33740067482 8.466571937601192e7 -39.32609888720233 -24.51190142219108 -37.904868608086815 -0.20947662734867833 -27.44090260040906 -9.747233401524568 -41.03097124032985 -230.0897568176186 -121.30115292862928
974 17175.999576568604 8.474080907058714e7 -39.31185706272095 -24.49311622109097 -37.91326825261436 -0.21301259910723758 -27.446183710648477 -9.700897925239985 -41.01313300437414 -229.96110900697005 -120.53096368998638
975 17180.75797367096 8.471277535360603e7 -39.327379113510816 -24.517217519974622 -37.89670284140806 -0.2053924909420317 -27.43971899206796 -9.720601341774966 -40.9760989901759 -230.00014249475112 -120.84210902221992
976 17185.503229618073 8.470032439164676e7 -39.322105526742945 -24.520121357188245 -37.908973604895145 -0.21201562235270188 -27.444754246125754 -9.762319279896815 -41.08462824139491 -230.04800333602924 -120.92326202769203
977 17190.292697668076 8.47687661344159e7 -39.42757843810879 -24.905539111325606 -37.657529888049666 -0.0074938240027790926 -27.682262006416003 -9.422111574021358 -41.46346800642658 -229.8036315918555 -120.37435009325662
978 17195.107828617096 8.478155387663864e7 -39.45707621434648 -24.9548329547919 -37.62966939498136 0.0077998655722595345 -27.68714769253831 -9.324077762070488 -41.35827669114525 -229.73810827137737 -120.26602979478037
979 17199.882784605026 8.468085557831694e7 -39.37105069770766 -24.604157168523354 -37.85649943417641 -0.18086759216176063 -27.441500522213712 -9.773577163273728 -41.049377589208916 -230.07128122972006 -121.1107066711836
980 17204.67726945877 8.477479292147408e7 -39.0334795795364 -24.14114517549354 -38.12860870661688 -0.30615522300525555 -27.48838799739747 -9.690503765280084 -41.16204014019519 -229.90449927280457 -120.28536422251648
981 17209.464878559113 8.471893803503826e7 -36.556821064952715 -21.81973494994915 -40.28031691624766 -1.3448305041278843 -28.419903934194483 -9.186771336352251 -43.52107249247479 -229.70591111032064 -120.81640884696424
982 17214.125131607056 8.477312180650575e7 -39.69117174520602 -24.903192332134754 -37.459815620795396 3.8279253061546115e-5 -27.382032422875927 -9.605949121557103 -40.61606569378523 -229.8822017146275 -120.36296048813989
983 17218.82055234909 8.476970199754487e7 -39.21565979702159 -24.51083929596845 -37.58795089523906 0.0004010134602410176 -27.790590985689732 -9.252682109223315 -41.72015807476157 -229.68854505213955 -120.19294497685974
984 17223.44355225563 8.467527022400701e7 -39.34413845235609 -24.541720243010417 -37.86996184146916 -0.18878173207772164 -27.44669823801872 -9.834682848181274 -41.21083482857716 -230.07692549819842 -121.10686851257742
985 17228.098858356476 8.464214609746015e7 -39.30934118241296 -24.499497244238746 -37.913989991386714 -0.2136708794817963 -27.446783139463676 -9.815376556136528 -41.173097158250584 -230.1327910225209 -121.44014040340733
989 17246.834236860275 8.475079677828345e7 -39.317899167052616 -24.518883492555695 -37.893426732935495 -0.20155420249050593 -27.452217677017753 -9.753892297723155 -41.091759551879875 -229.9890897193285 -120.393137345887
990 17251.537083625793 8.465115171230556e7 -39.3127153305353 -24.510372397250173 -37.90274178731572 -0.20743622363540482 -27.45206240756818 -9.837537075976911 -41.24365928469433 -230.12553082758274 -121.30770027062005
991 17256.242584705353 8.472798808028506e7 -39.314547899145566 -24.50920886919317 -37.90568760409418 -0.20896281372628067 -27.447600802593666 -9.73809079789146 -41.06574458615461 -230.01240801599084 -120.60256459742936
992 17261.017831802368 8.467227287884256e7 -39.335891727458836 -24.53832177477503 -37.88365544845107 -0.1971334143658794 -27.444047777165466 -9.791608632822033 -41.09444836652011 -230.08814229026615 -121.15370459180042
993 17265.752146720886 8.473834054816233e7 -39.32807730344246 -24.521953422669267 -37.89412522172959 -0.20321724593886614 -27.442921559439984 -9.72785334980415 -41.02599579153366 -229.98344628388736 -120.52764098282836
994 17304.445165395737 8.46420634660723e7 -39.32376798883348 -24.51902704829146 -37.89586584108173 -0.20355182707028519 -27.445982800095138 -9.835578689368162 -41.17864560315701 -230.1435426327157 -121.42546762380482
995 17342.96350979805 8.464589516420352e7 -39.333001679478016 -24.531208497721977 -37.891025206040084 -0.20119177696439294 -27.445565145874554 -9.834188298417644 -41.1696290469817 -230.13675171057588 -121.39827357919029
996 17382.599271535873 8.464246784965633e7 -39.33416570916135 -24.53031746881993 -37.883889109721295 -0.19746573116815824 -27.444391940472205 -9.836504239714031 -41.171423973214075 -230.14254232011496 -121.4299867178583
997 17421.09560394287 8.476511509981956e7 -39.3174648675736 -24.51101257740443 -37.90379582367778 -0.20800416630665097 -27.445884163093698 -9.726806800806344 -40.978938785864614 -229.97533306851068 -120.33697906756885
998 17459.851867198944 8.463899608677994e7 -39.30929501543778 -24.501692165354072 -37.90749799077723 -0.20876710871316106 -27.451840796468023 -9.851046296348613 -41.290855912125494 -230.1388138484378 -121.42475715016894
999 17499.028712034225 8.463978456678465e7 -39.32289445199706 -24.517253203172444 -37.8974865285635 -0.20470996944531805 -27.446052129265148 -9.845873602195468 -41.17475870243749 -230.15477990623953 -121.46659022756194
1000 17537.972663402557 8.470624512878448e7 -39.31492584535575 -24.514737357520005 -37.900894959917785 -0.2075541795469178 -27.4481062595529 -9.800242749110168 -41.196576778381484 -230.0503096568881 -120.74490084202893
1001 17576.308839559555 8.475082265108481e7 -39.3061167894313 -24.510236090793946 -37.90655091335377 -0.20882354098645806 -27.457328350726552 -9.680947854982605 -40.90290489841772 -229.96289580488525 -120.56562864537307
1002 17614.936782360077 8.466095770263563e7 -39.33699999174805 -24.52881237031241 -37.87983742781579 -0.19605335007756253 -27.444937017980457 -9.82325334647635 -41.15840528971944 -230.11542155043793 -121.23573906833889
1003 17655.855283737183 8.474204011857902e7 -39.32077881027982 -24.51537685430082 -37.89628697901867 -0.20388726226285314 -27.445951295172506 -9.580126720494889 -40.63616312668398 -229.93578564619202 -120.73868323775173
1004 17693.515506505966 8.479206285963383e7 -39.68344387044862 -24.9038570530988 -37.460648715310654 -0.0012313654322895218 -27.38690579903709 -9.572272052220058 -40.59170713078146 -229.8865535002521 -120.21210978023771
1005 17731.27640891075 8.475835628057808e7 -39.69889080352267 -24.902516258682315 -37.45898230879446 0.0013068768034045775 -27.37715943933241 -9.597315835669178 -40.607386028204644 -229.9162811527966 -120.60122520132467
1006 17768.77934217453 8.479476267343941e7 -39.30457634040936 -24.503322562078786 -37.92047111721509 -0.21510948013384024 -27.450427595838494 -9.557510958782473 -40.627252975101214 -229.8391683543377 -120.19653949956626
1008 17811.950373888016 8.476498495090874e7 -40.7750899905443 -26.032234115415797 -36.14442481234049 0.611549175099718 -27.187103138781588 -9.56245559321519 -40.14345109246335 -229.8975299384668 -120.61453206946658
1009 17816.493417978287 8.464424840546812e7 -39.58442182823637 -24.7223106842973 -37.4642462645653 -2.8660556871784593e-5 -27.409226889976182 -9.799456234582067 -41.117593554526195 -230.11738912850592 -121.33230897010833
1010 17821.06037092209 8.470941489076516e7 -38.916737194022836 -23.90237485565159 -38.26005113285142 -0.4015204994205277 -27.582869423851125 -9.742763920965217 -41.447526968959835 -229.98308074328827 -120.7220628728295
1011 17826.109758853912 8.475117306440322e7 -39.74434887792217 -24.97126039640697 -37.42763777609206 -0.00028546029631826286 -27.338095548541677 -9.726818987722766 -40.614162421395974 -229.94716111503732 -120.45504245113312
1012 17831.165035247803 8.477230205142324e7 -39.632933155955556 -24.97283373784162 -37.47770029636299 7.634613049845029e-5 -27.49419636022618 -9.559267176354297 -40.80850159855095 -229.86251557409435 -120.34311461629704
1013 17869.3731880188 8.474357417943782e7 -39.37160083658179 -24.56674430522459 -37.8389452381082 -0.17385717188199834 -27.44015855560323 -9.684140787959393 -40.93261329895893 -229.986259976834 -120.54411745262013
1014 17907.58282494545 8.464961752581036e7 -39.29840584888561 -24.491979925742072 -37.92601534654604 -0.21959200938565715 -27.449889266932406 -9.840918924373227 -41.22979088836291 -230.12971746487705 -121.34711104423394
1018 18068.81348490715 8.47545072430332e7 -39.314663358497256 -24.515005035708988 -37.89907194243153 -0.20592608114083077 -27.452530033653346 -9.612932070717022 -40.76039635905727 -229.91798765592551 -120.57329869029218
1019 18073.60365796089 8.478973055510615e7 -39.33110110592727 -24.526650899601574 -37.890664550201585 -0.20173050507427348 -27.442053433543677 -9.712400290848507 -40.915130570659585 -229.9260422845951 -120.16364013974732
1020 18113.077461004257 8.470729455810574e7 -39.31353575974287 -24.50907699777889 -37.90591317299852 -0.20912216372214232 -27.44827625724855 -9.82054521471781 -41.16533619203699 -230.0550497559804 -120.81387190354195
1021 18151.99156308174 8.464676660974617e7 -39.30966044437349 -24.503022573369122 -37.90460906325452 -0.20845630063097786 -27.448100918744885 -9.83669408559382 -41.20969992739356 -230.13861612414325 -121.39246120681042
1022 18191.070550203323 8.46506896442211e7 -39.32798714550052 -24.525211413218265 -37.89026556967529 -0.20085576681158557 -27.446392093519112 -9.833015942485815 -41.193557903822125 -230.127656614099 -121.34905142170726
1023 18195.755348205566 8.464588655950637e7 -39.3184179634977 -24.509382043393963 -37.90143407083061 -0.2058627943120186 -27.447511577004555 -9.845492131343121 -41.21948023742044 -230.1410075966628 -121.3836626232133
1024 18200.47149705887 8.465433466962741e7 -39.32407557051042 -24.52167920291633 -37.89394868624121 -0.2027101811252976 -27.446639740156755 -9.824579227843628 -41.167501652975034 -230.12409633942258 -121.30589743823009
1025 18205.24957728386 8.463690497319338e7 -39.31685143770177 -24.512269538705375 -37.9002114631801 -0.2063037128592029 -27.4475977874395 -9.84894146721092 -41.231603440925085 -230.15241245947811 -121.46044032463652
1026 18210.002643108368 8.464718251392794e7 -39.330266718445976 -24.528074095323078 -37.88631597018457 -0.19824615202146845 -27.445736606885596 -9.829794706068753 -41.18369244647363 -230.1331158858021 -121.35607005559757
1027 18214.75745511055 8.465295269665748e7 -39.333531347161085 -24.53166900414331 -37.882802631674075 -0.19700557829632714 -27.445461872438383 -9.825582098153063 -41.158343479199175 -230.12620682590762 -121.3337943873326
1028 18219.59403204918 8.465211016073781e7 -39.32254898988974 -24.518119454298112 -37.896926595639364 -0.2045165725289806 -27.446588852912193 -9.834740498380654 -41.1785396174443 -230.13752445644047 -121.38448441693288
1029 18224.45987892151 8.465102870680189e7 -39.30802446254785 -24.49658426966122 -37.91121633709221 -0.2122771916722357 -27.448829052024006 -9.832757796821852 -41.2067412698687 -230.1344616730102 -121.3450374622218
1030 18229.24355196953 8.476900789245366e7 -39.3040417819286 -24.50520709600436 -37.90749779381632 -0.20900040597405223 -27.457436937012268 -9.674182847126872 -40.880335620473204 -229.93357930475577 -120.40962659052349
1031 18234.038957834244 8.466163281165169e7 -39.336130202506894 -24.526665412943434 -37.88035053067652 -0.19622027095363137 -27.445641201808147 -9.798551608376954 -41.16208679235746 -230.10060395550613 -121.25724500590218
1032 18238.84456205368 8.471584232795273e7 -39.28958735443267 -24.48515360127691 -37.918143845644266 -0.21416538572839983 -27.458575372539972 -9.743723781821416 -41.10498763829173 -230.017813872594 -120.68874042750514
1033 18243.558408021927 8.477464845610435e7 -39.67554469416476 -24.89182945080422 -37.46695960297872 -0.0021136317993892817 -27.390002460777435 -9.643271103515588 -40.737548467448164 -229.90837028276667 -120.3520225409232
1034 18248.458333015442 8.473549520017205e7 -39.706777416887235 -24.914535208025516 -37.45267332448224 0.002186944714040351 -27.374063617987904 -9.593320290861925 -40.52577950972204 -229.92409252186718 -120.8041862223563
1035 18253.376182079315 8.472950586317292e7 -39.36553720983338 -24.5676794964664 -37.88016870833353 -0.1951988067154602 -27.426870582993438 -9.712751612596492 -40.92533679905665 -229.99632778540814 -120.68468811233004
1036 18258.10889816284 8.476498495090874e7 -40.77508735662656 -26.032231200860387 -36.144427792035955 0.6115476020958894 -27.187103491346562 -9.56245559321519 -40.14345109246335 -229.8975299384668 -120.61453206946658
1038 18267.69269132614 8.477676171052521e7 -39.4869412795149 -24.691824860552856 -37.74645993815433 -0.15141836823148225 -27.465138440782983 -9.676462855952309 -40.91783294162275 -229.91463151774735 -120.19261741135261
1039 18272.372051477432 8.473197366429567e7 -39.53485649153288 -24.756785761320835 -37.689601025678975 -0.09032980890512476 -27.452635074941057 -9.776149644823192 -41.06028981276535 -230.00929814718256 -120.5493379201734
1040 18277.17623257637 8.477307743276845e7 -39.29978389787241 -24.54108977294804 -37.90591378046559 -0.21149590104517557 -27.46465825452471 -9.595362030202239 -40.83693579499686 -229.8784611258326 -120.34606289302513
1041 18281.928730487823 8.478028673787461e7 -39.736563048859985 -25.024117725208143 -37.47768864345652 8.102531976561522e-5 -27.408688033109616 -9.55868715438993 -40.484175467778755 -229.8859471988534 -120.36553183447893
1042 18286.81297659874 8.463956873225933e7 -39.29547246129188 -24.485904517888233 -37.932284894658984 -0.22313027267182406 -27.44948882422561 -9.847550228508453 -41.23389784326059 -230.14596438895785 -121.44307983803748
1046 18305.832112312317 8.463372993315607e7 -39.323328193472555 -24.51959845479846 -37.89509018862114 -0.20331316694133506 -27.44704692500038 -9.840726730301867 -41.195909510269416 -230.1509864735723 -121.50349867433675
1047 18310.51295351982 8.46287169216995e7 -39.32464182910027 -24.519719298542917 -37.894870060136824 -0.20333657025234686 -27.445437668844896 -9.851619729165805 -41.2333898037956 -230.16422398928353 -121.54479958232764
1048 18315.10980463028 8.477110276386072e7 -39.33889839826731 -24.53149870951828 -37.882712206565586 -0.19730328791990814 -27.439261048220484 -9.687776614765653 -40.93961708086988 -229.9416557927799 -120.25308959439747
1049 18319.896354436874 8.468250286090891e7 -39.39461059015298 -24.614463712949313 -37.804491232060876 -0.15841573157915434 -27.432657774079278 -9.764863701585512 -41.00144364278651 -230.07767963653367 -121.10856854663894
1050 18324.57275032997 8.477185456318875e7 -38.20147153405074 -23.206461779714143 -38.83131379631915 -0.6545848469541156 -27.689328940749576 -9.56833639223845 -41.519522622991474 -229.87049841818032 -120.36115585282533
1051 18329.370306253433 8.471265185236666e7 -39.366053479375346 -24.56406289248875 -37.85667412506602 -0.18290202359321484 -27.4366235383764 -9.770611363645173 -41.040507570731165 -230.0438197009824 -120.83914276600927
1052 18334.057542324066 8.473443510116524e7 -39.324371342377944 -24.82134800144128 -37.529732391154795 -9.589656557551507e-5 -27.7864387084771 -9.445254143152113 -41.728712681111574 -229.81317873379578 -120.60320177544963
1053 18372.54571413994 8.473693467564929e7 -39.33663439710355 -24.534556716463094 -37.8823814069116 -0.19686974193661655 -27.44487652024986 -9.664244747862938 -40.88686358166308 -229.9881699487782 -120.61437229687158
1054 18411.418791532516 8.463311988030283e7 -39.30940696513982 -24.501080577585142 -37.91236000870962 -0.2123254699441972 -27.44833892775714 -9.845259548464242 -41.22103427971939 -230.15065088825412 -121.4982624389047
1055 18450.6965136528 8.470054008915156e7 -39.32763476245136 -24.525193022330235 -37.89053624178286 -0.20049978462336782 -27.447794622997076 -9.780445458188183 -41.154885180689234 -230.04675313905574 -120.85625288821637
1056 18489.26293873787 8.464303775045317e7 -39.313926667928314 -24.505933991122866 -37.908121534457436 -0.2103745380085229 -27.447035176924754 -9.824440923758061 -41.16434047949798 -230.1368242381605 -121.41849646240092
1061 18683.313031196594 8.47522300910654e7 -39.32978807365606 -24.518347722119437 -37.893975751149966 -0.20232261069944002 -27.440080342705855 -9.754090422418415 -41.04959785215175 -229.9885490371459 -120.39673907674148
1062 18721.87537097931 8.463046439312449e7 -39.3281661638738 -24.523605736474316 -37.89100038370753 -0.20128895957375903 -27.44491871200858 -9.85144098741506 -41.232111710484446 -230.16322212853112 -121.53591241671774
1063 18760.904794692993 8.476523771519046e7 -39.32404372999132 -24.518957253470138 -37.895965212228795 -0.20417975042217762 -27.44511600057061 -9.692294543404387 -40.932740035559505 -229.95040492981133 -120.33459066353987
1064 18798.666410684586 8.47726078551385e7 -39.33042140808644 -24.526563651463263 -37.89121493290383 -0.20135899531756252 -27.443816626635652 -9.70364404593687 -40.92069392094959 -229.94586290416885 -120.26428734917408
1065 18837.61457180977 8.476066574742264e7 -39.31551026637886 -24.50934478089785 -37.9067585754955 -0.20973864165690514 -27.445484174300102 -9.710517935273344 -40.96562981909301 -229.96106070409843 -120.36231873305667
1066 18875.966413021088 8.476224351721121e7 -39.33366240907393 -24.529452113244652 -37.88619471916706 -0.1988700382587112 -27.443154632540107 -9.708111860157544 -40.94777719434154 -229.96053735600964 -120.34495269623267
1067 18914.30860519409 8.466773947536041e7 -39.333802173812686 -24.536697440495402 -37.88370378089956 -0.19701706374202388 -27.446229846796527 -9.806953412231792 -41.139082929749236 -230.0977227634005 -121.21659065414934
1068 18955.20281600952 8.476877425783733e7 -39.3379740828159 -24.531636344506065 -37.887629922793266 -0.2001352299396757 -27.437517567423757 -9.731985194072024 -40.973928116199204 -229.95460994794598 -120.32500731905822
1069 18960.049421787262 8.463422650214645e7 -39.30917680961399 -24.50116905118638 -37.90440174368283 -0.20812994531229378 -27.44914439252502 -9.860361879526351 -41.24918765301618 -230.15964020834502 -121.50250830613675
1070 18999.963076114655 8.462163306924543e7 -39.326773948916276 -24.52232470551567 -37.891166277323535 -0.20097774690073322 -27.446171124467245 -9.856105832653213 -41.258792433947235 -230.17241341902997 -121.61466492831693
1071 19004.936318159103 8.467644377109887e7 -39.33316838460902 -24.530135789879246 -37.88004744770867 -0.19389996234365725 -27.44836623639386 -9.800622374033082 -41.17670012308827 -230.0985758391405 -121.20450437893652
1072 19009.854889154434 8.476498731641787e7 -40.77509646283035 -26.03223817686291 -36.14442216061964 0.6115500155900904 -27.187098112937292 -9.5623353859433 -40.14345109246335 -229.8974858772766 -120.61453206946658
1073 19014.77846813202 8.475309889793217e7 -39.069176422693445 -24.380726859786634 -37.877214834161265 -0.1563275909441657 -27.794050608099504 -9.442441512649793 -41.70556298692429 -229.80789764796907 -120.27657427932115
1074 19019.718945980072 8.475121099119203e7 -39.539620973946555 -24.414263663919385 -37.50656018365151 -8.053003961805416e-5 -27.338782083359025 -9.584076716169363 -40.613918098425586 -229.90403621464804 -120.628073718243
1075 19060.17940878868 8.472927626977488e7 -39.58278171559198 -24.778422274900844 -37.62478911449866 -0.0824299046039556 -27.352388709435374 -9.639065289134805 -40.433882514665186 -229.97905894736073 -120.93167875067553
1076 19101.275921821594 8.479794698277448e7 -39.43436843334209 -24.6162536339659 -37.8194502384556 -0.1722841381305642 -27.406725330258084 -9.516460393884245 -40.499673816308075 -229.8199786507805 -120.28576520239079
1077 19141.59159564972 8.472999943167974e7 -39.34436653660726 -24.542031901742988 -37.86701761880487 -0.18824655722761463 -27.444917655050624 -9.693645714622733 -40.98947904172849 -229.9953197658998 -120.68063102441391
1078 19181.886360883713 8.464347439818393e7 -39.30772069874218 -24.49996604412419 -37.91597505595039 -0.21440679395553275 -27.44834947051744 -9.82795636588179 -41.16637348804471 -230.13572658611992 -121.42410530964122
1082 19234.950202703476 8.476968664851673e7 -39.33246199536202 -24.52812796954252 -37.88563473261015 -0.1981579434287255 -27.444886316292184 -9.701727852470071 -40.94148420619808 -229.95328611505556 -120.3332761468115
1083 19239.565475702286 8.475794276410356e7 -39.31953918598473 -24.511467322406226 -37.89495365031779 -0.20320464997107024 -27.445452692728765 -9.737066266606178 -41.00369386396818 -229.97483849697778 -120.36848281351888
1084 19244.226390600204 8.462221580138151e7 -39.32926857709133 -24.526082466746193 -37.8897834546814 -0.20001119340013673 -27.446384974928737 -9.870092102129206 -41.2771262289296 -230.1736951162792 -121.59498365305797
1085 19248.972276687622 8.463465901058179e7 -39.33481340532986 -24.530980327501325 -37.88303485715365 -0.19672684081500336 -27.444897998224576 -9.844072447370252 -41.21516616640196 -230.15303983870803 -121.52767209020436
1086 19253.7416305542 8.466074331239848e7 -39.33969643276394 -24.536232670336098 -37.87668094790334 -0.1934307222934919 -27.44396244628308 -9.82097403591888 -41.15853926141273 -230.11978280632064 -121.34103631429701
1087 19258.513066530228 8.4707319020065e7 -39.34943804902708 -24.540837756255193 -37.87500885378904 -0.19364067050031508 -27.437546320516436 -9.742137693878249 -40.987013480549024 -230.03948080920281 -120.95760920067954
1088 19263.26946234703 8.469709379777186e7 -39.33451278582696 -24.538804548905233 -37.88128216647696 -0.19526916433115815 -27.446489427189967 -9.785427828288846 -41.09060778995462 -230.06016093218182 -121.02391486781357
1089 19268.030603170395 8.471219511855806e7 -39.31963274344804 -24.51656145352846 -37.89491314801334 -0.20273067194851535 -27.44906850677342 -9.810669605359351 -41.199021669832916 -230.05834650219998 -120.77828574716023
1090 19272.738044977188 8.467492201359414e7 -39.31918056495192 -24.509581270114353 -37.89879124067056 -0.2038031460958365 -27.448310844190402 -9.813595283148345 -41.17803638954797 -230.10278672197006 -121.22077810499638
1091 19277.48564696312 8.467981822266172e7 -39.31234665874685 -24.507609930583786 -37.90611342427294 -0.20919106742500304 -27.44966901620767 -9.812051675341081 -41.11754333368401 -230.09079858979487 -121.14871310529867
1092 19282.363724946976 8.476005780365156e7 -39.327363642366365 -24.521917578368505 -37.89204355742065 -0.20151315095437639 -27.4444187311126 -9.739800202058746 -41.01432831537181 -229.98737665011572 -120.38275235528391
1093 19287.07322883606 8.467231378113443e7 -39.33838781666201 -24.53047314881367 -37.875288202555815 -0.1931320998566406 -27.446284531558977 -9.814777459697211 -41.17605106522228 -230.1082756501504 -121.23442616151584
1094 19291.803519964218 8.468708332571074e7 -39.3409655273698 -24.534378590596308 -37.88133330615868 -0.1969497691493558 -27.440425376190547 -9.756491128054051 -41.02563566029909 -230.06085803047324 -121.14092407578295
1095 19296.49158191681 8.47864544224305e7 -39.296264239163385 -24.49665491449126 -37.91167335263981 -0.2109672528530524 -27.46063895531238 -9.614933861706504 -40.80624396366096 -229.88615220655612 -120.27517017733203
1096 19301.238470077515 8.46391962467183e7 -39.35605070604986 -24.543744490913088 -37.87450222596214 -0.19401417776455077 -27.427208422931546 -9.945834719390973 -41.36203492430735 -230.18034407704954 -121.3111410833618
1097 19305.887619018555 8.478811210802062e7 -39.67302870123178 -24.880635244365436 -37.47699905377824 -0.007845893966418771 -27.386443812885663 -9.618680113246114 -40.69157836068047 -229.87950724578639 -120.3186434227216
1098 19310.6575050354 8.474400426682323e7 -39.70930023632545 -24.92573453869195 -37.44263340465166 0.007920325149719076 -27.377622324888385 -9.621501937635628 -40.565116331395586 -229.9551644471369 -120.72427780520269
1099 19315.298520088196 8.471875756458268e7 -39.31039227190245 -24.516641740142727 -37.91866518018104 -0.21453421758499047 -27.445260411097543 -9.713672304966678 -40.97393031573853 -230.01527535399504 -120.78316704612593
1100 19319.96344923973 8.467644139800152e7 -39.333158649997976 -24.530128332471854 -37.88005339321668 -0.19390251920585655 -27.44837193451533 -9.800659020591695 -41.17670012308827 -230.09858845459792 -121.20450437893652
1102 19329.488313436508 8.48110722789627e7 -39.13002530425857 -24.49809578450198 -37.95767663904455 -0.23493973212088548 -27.39208927089099 -9.626886893124606 -40.634269280205274 -229.89378962457107 -120.07421762098812
1103 19334.124315738678 8.47664349959283e7 -39.48906425966337 -24.60934924166177 -37.7832846743049 -0.15035324375796222 -27.369757531143083 -9.5883795372647 -40.47281657646681 -229.93540820706 -120.52182446828596
1104 19338.84995150566 8.485205033565833e7 -39.63911939375751 -24.798011982482798 -37.57434179525038 -0.034916130689623515 -27.34386661823678 -9.475678471670506 -40.11314299005028 -229.80342913880952 -119.85593459632759
1105 19343.496940612793 8.48170209212599e7 -39.723490460266895 -25.240976218365578 -37.53598869267178 0.00016378492957613844 -27.363229246704467 -9.652153346973193 -40.45513262072802 -229.88167045850008 -120.14449882367524
1106 19348.271758794785 8.462796835732003e7 -39.34584983875722 -24.542050763835483 -37.86940150037544 -0.1879656889459227 -27.443145879055454 -9.842643792876117 -41.20859987367942 -230.16190382705554 -121.582797405171
1110 19367.256925582886 8.472098837629017e7 -39.34265029160985 -24.533049491616108 -37.881512243277605 -0.19686645194766328 -27.436619948915162 -9.736489051975695 -40.991937111352684 -230.01877811004266 -120.79332829056881
1111 19372.090336561203 8.476045737088016e7 -39.330293084749634 -24.52694834977644 -37.888192826931 -0.1994865763767919 -27.445064245303335 -9.730213493472547 -40.991037108790806 -229.9681494350171 -120.35140500152886
1112 19411.642226457596 8.471817219631493e7 -39.322712340320706 -24.517580593405214 -37.893572518409606 -0.20235224452046197 -27.445615219015018 -9.773337246489064 -41.09800126454337 -230.03671810310107 -120.68315577689947
1113 19450.419604301453 8.476083067136446e7 -39.3327544389588 -24.529694148232096 -37.88572267993573 -0.19818240180258329 -27.444748770809273 -9.731642879797164 -40.99395241864727 -229.9684074610489 -120.3486788221278
1114 19489.2037191391 8.463513434640135e7 -39.32387992923344 -24.519645564654088 -37.89550157952746 -0.20362177229375789 -27.446209230962424 -9.840772538947874 -41.21091319438898 -230.15672811998166 -121.51560375914931
1115 19528.454887866974 8.462304581234689e7 -39.33577848526003 -24.529789821622444 -37.88122069722336 -0.1961520099768279 -27.444772325648728 -9.86832683763123 -41.25665936512138 -230.18650742916373 -121.61787779867393
1116 19567.300628900528 8.475518954622398e7 -39.32318989484895 -24.516281251244514 -37.895731487201154 -0.20355223456298432 -27.446050168065057 -9.737055174418458 -41.009950061363725 -229.97381240871533 -120.38452704182856
1117 19605.86830639839 8.463080382492311e7 -39.32794784926757 -24.523851869881714 -37.89012767896938 -0.2003682498163144 -27.445793770167676 -9.846755818186864 -41.227655889641426 -230.16340871534095 -121.55096895908332
1118 19644.94303750992 8.462803719280747e7 -39.32550954067278 -24.520855640828774 -37.891953443892774 -0.20150712123039227 -27.446001345436834 -9.85240491007761 -41.23379426395775 -230.16934820674624 -121.57820910776786
1119 19684.067910432816 8.47487487480991e7 -39.32532558027772 -24.52284096811625 -37.89081184012272 -0.2012171986045388 -27.447363552225504 -9.750731446743373 -41.08228182410943 -229.99564435861168 -120.45928165751826
1120 19722.621156692505 8.465682710839993e7 -39.33308963848721 -24.529568021918934 -37.88409948445735 -0.19728205777934704 -27.445073291507903 -9.826635334473679 -41.18274513840311 -230.12736292210542 -121.3679353615471
1121 19761.08189868927 8.478012947050387e7 -39.32899603132081 -24.52325783559307 -37.890112767509244 -0.20033205959666844 -27.44451227490427 -9.68736536358881 -40.93100611266635 -229.92984859428594 -120.17806957391724
1122 19800.339246749878 8.478245375947873e7 -39.323389430448756 -24.51899448223559 -37.892759218071774 -0.20172501144887178 -27.44763999400587 -9.680163719223913 -40.902918002414594 -229.92331131221482 -120.18077372158177
1123 19838.908098459244 8.474481663553011e7 -39.3382932326068 -24.537404513223997 -37.88428703152093 -0.1978796050487759 -27.44091717784725 -9.748521958179651 -41.02564934740178 -230.002515536796 -120.47838732091907
1124 19877.695803403854 8.463674200436863e7 -39.31869353861461 -24.513668104581317 -37.89607834303172 -0.2031673847488591 -27.45037828836468 -9.8364033751036 -41.241347954611456 -230.1428616512677 -121.48276881224746
1125 19916.549331188202 8.478949019800542e7 -39.6940474228998 -24.904477871668462 -37.460057980965125 -0.0003098307475255524 -27.380419155579613 -9.55253928912424 -40.439751859420085 -229.89994139158705 -120.31848663269557
1126 19955.80314040184 8.477160584848118e7 -39.68829218237195 -24.901903239360045 -37.45957359906628 0.00038585563282822477 -27.38364616130684 -9.596351639048635 -40.59531789935653 -229.8887834048872 -120.46639452519321
1127 19995.800724744797 8.472918814880806e7 -39.31233605344682 -24.50579188226374 -37.906030567857655 -0.20748408387434125 -27.45206433646615 -9.753571132676655 -41.03771866419919 -230.0077430554192 -120.67085398153125
1128 20034.21153473854 8.471125276963371e7 -39.312938169925545 -24.4671603609629 -37.92554731613587 -0.22054748484998754 -27.429918448843978 -9.742908465967673 -40.99678005121535 -229.9966684156998 -120.9101828652299
1129 20072.54226899147 8.470047034907886e7 -39.31230769283977 -24.49875357748129 -37.912855456877615 -0.21497868488722816 -27.455865496774503 -9.81751185139882 -41.14986944578851 -230.0681630691028 -120.87694542978284
1130 20077.10289287567 8.477773446159256e7 -38.57784367089582 -23.741223218344754 -38.69767680765436 -0.6541983036749102 -27.452632470822024 -9.575319139121916 -40.64994926863562 -229.89854449328584 -120.53922936877655
1131 20081.690866947174 8.477425994384556e7 -39.76188350870255 -25.07333497728167 -37.43438416935476 -1.3148812499252927e-5 -27.38895260996953 -9.675015573452242 -40.72783540421466 -229.90041689396872 -120.20503480434849
1132 20119.94516158104 8.472496716112186e7 -39.3379216849529 -24.535697616093685 -37.88126417793611 -0.19690953246799126 -27.441571235423325 -9.755675628093286 -41.04788838907524 -230.02812793295237 -120.6851543420023
1133 20157.533865451813 8.463515317214696e7 -39.316453094887784 -24.510195568742766 -37.90093973496608 -0.2058026277889624 -27.449273332844516 -9.855771235335965 -41.26242398596571 -230.15525321308212 -121.50886830041816
1138 20352.600718021393 8.46537556259056e7 -39.320154834825274 -24.517184063212337 -37.895506811125415 -0.20287652455355953 -27.44980911175145 -9.845776425629083 -41.22102645116149 -230.1369962220685 -121.39047887242089
1139 20391.5087621212 8.462477537462977e7 -39.328956834577596 -24.524741951129805 -37.888377918335024 -0.19937292781072102 -27.445939122344566 -9.846285740446092 -41.23401893771393 -230.16690287129904 -121.6029783266647
1140 20430.160771131516 8.477861331725161e7 -39.33329318603292 -24.526577300817152 -37.8856904632849 -0.1984041591515151 -27.443806136593754 -9.694654849842664 -40.93335926871475 -229.94543161273373 -120.24490420192427
1141 20469.22734951973 8.47798457234616e7 -39.32648134185958 -24.521718735056503 -37.89234871708176 -0.20159754993913026 -27.4456551368469 -9.699900789330968 -40.939403521543625 -229.93570406915364 -120.20385366577239
1142 20508.343739509583 8.463017770521443e7 -39.32378775749338 -24.51975851855635 -37.89412406164272 -0.2023818298122606 -27.446936157636095 -9.847919219066966 -41.227472300496856 -230.16396412675846 -121.56344536242358
1143 20546.960515260696 8.461907961064012e7 -39.32799512313824 -24.523824510277038 -37.88984105994833 -0.20025992836171014 -27.446329468531648 -9.861686887437202 -41.268958620266176 -230.1770789447728 -121.62585504971474
1144 20551.68444442749 8.46263216572762e7 -39.33165524407662 -24.528321076024543 -37.885868506599536 -0.19810805395687225 -27.446804862327966 -9.867847798345963 -41.278460356972175 -230.16782813347908 -121.54452470986098
1145 20556.3881213665 8.476995594655755e7 -39.359038527510876 -24.56854879516454 -37.823632629570206 -0.1604158302011598 -27.471457670870603 -9.610845043558982 -40.831881110666416 -229.89748763492912 -120.34934735107862
1146 20561.08294057846 8.472534572819087e7 -38.93148664494914 -24.511012978266628 -38.057249629019985 -0.2748248156727868 -27.884048896155385 -9.506703252920772 -41.918066305993136 -229.86835784600032 -120.58907868521601
1147 20565.855384349823 8.474699484153372e7 -39.04961627322061 -24.235280865547917 -38.129793951092736 -0.31955436128576764 -27.534294462372998 -9.637515233716385 -41.105507210839164 -229.90894384312008 -120.4714838969216
1148 20570.58379125595 8.473643080284308e7 -39.42601317497241 -24.75234706207602 -37.52928121610864 3.719937439683463e-5 -27.595804977220343 -9.599514176156958 -41.431171103313034 -229.89266660073525 -120.49584444475693
1149 20575.27424621582 8.46263216572762e7 -39.33165300575957 -24.52831859922019 -37.88587114246866 -0.19810944320821022 -27.446805173707588 -9.867847798345963 -41.278460356972175 -230.16782813347908 -121.54452470986098
1150 20579.937886238098 8.474014399190114e7 -38.558212009643654 -24.22622333655923 -37.739147385691524 -0.008568963844268751 -28.24553307865287 -9.127070365451345 -42.91134957137683 -229.63041209948466 -120.16478015480754
1152 20589.23689675331 8.472854979308322e7 -39.03110227268391 -24.2079056727678 -37.98228927226035 -0.2713337386485506 -27.604826321440335 -9.642382197724658 -41.451816238004994 -229.9427994324821 -120.65373455848896
1153 20593.942092895508 8.475077770295316e7 -39.29742077939482 -24.52751693781251 -37.892019719643194 -0.1941377409121401 -27.476523584275412 -9.705902397345938 -40.991835125191244 -229.96021264519084 -120.53851151044279
1154 20598.666064977646 8.473265547303586e7 -39.22279935353329 -24.391975932499935 -38.00469172601279 -0.2570848689834051 -27.45159334867156 -9.767908573820534 -41.1170694954439 -230.009335186243 -120.54950073911681
1155 20603.502021074295 8.480227588872674e7 -39.681956962356956 -25.003458909993448 -37.56212170062621 -5.005157147763839e-5 -27.38254951223391 -9.622397030474986 -40.61721011873988 -229.87244830225166 -120.14333732765988
1156 20608.162152051926 8.474124107859212e7 -39.34700021709115 -24.5455157191439 -37.867423510575975 -0.18800447217559935 -27.443775084187017 -9.758149454895317 -41.07525319403845 -230.01367989485794 -120.52485632336845
1157 20612.8585293293 8.462771347853342e7 -39.31881332560447 -24.512198184679395 -37.901127658933966 -0.20624469143273672 -27.447197812450028 -9.836543713151457 -41.21312752435506 -230.16053003026082 -121.56108821170449
1161 20631.93991136551 8.472509058755954e7 -39.34632063954749 -24.535883829677346 -37.87736465684537 -0.19495017363520617 -27.436824152880657 -9.741611017126218 -41.0184984419858 -230.01450678023429 -120.76978154997556
1162 20636.731340646744 8.463273144485418e7 -39.31553630628835 -24.502494170857158 -37.90558361614201 -0.2088823546148717 -27.445454724431855 -9.834437944899037 -41.21284956622338 -230.15369870926992 -121.53041599145837
1163 20641.431970596313 8.46299410255766e7 -39.33380431315592 -24.531210783306765 -37.88670976129447 -0.19845510891681784 -27.444588344961897 -9.83133608443876 -41.20747539874026 -230.15466599797736 -121.55319322615219
1164 20646.107474565506 8.463602993803796e7 -39.33291028808888 -24.52973498588034 -37.88686573172864 -0.19846192808176966 -27.443230276714175 -9.827585679690173 -41.19501410348573 -230.15103156776155 -121.50603965870022
1165 20650.89090871811 8.463484208605371e7 -39.326987790313765 -24.52374307023477 -37.89039045081028 -0.2005200938126066 -27.44609935024502 -9.84257187691179 -41.23020054037693 -230.15098605105152 -121.48445030832079
1166 20655.57570362091 8.46375264689336e7 -39.33367445106454 -24.53038329448895 -37.88525531508743 -0.19785980188510877 -27.4442234251908 -9.824797057854482 -41.18019208421475 -230.14240204464596 -121.49511079180456
1167 20660.342779636383 8.461968314158647e7 -39.331929455043834 -24.528250631746268 -37.885862397858844 -0.19815624887478123 -27.445446586039896 -9.863920200255677 -41.26795762896734 -230.1769619924924 -121.63165199216519
1168 20665.012836933136 8.462984795093817e7 -39.3301588361952 -24.52898647051532 -37.88775579461682 -0.19962491079352418 -27.44534692227805 -9.838266595735888 -41.205542969456985 -230.1585668724701 -121.56528036713837
1169 20669.70002102852 8.474448369141345e7 -39.335281949594346 -24.529604022000616 -37.88567374763789 -0.19844952089655976 -27.4420696626859 -9.75123200681469 -41.0314131780346 -229.9939480450916 -120.4732496368274
1170 20674.46403312683 8.463311241762805e7 -39.33162300878602 -24.526819484063783 -37.88803563178979 -0.19927161061731624 -27.44385569717543 -9.852733717069384 -41.23851507452588 -230.15403049041532 -121.48505703917414
1171 20679.13935303688 8.46426737720376e7 -39.34741890214411 -24.539561857478542 -37.868994685943136 -0.19012437762841472 -27.442547513341136 -9.824345760956248 -41.20405474358341 -230.141103201149 -121.43077043893788
1172 20683.892336130142 8.462186484788845e7 -39.33385717130629 -24.53129897964397 -37.886418486694964 -0.19845053770519883 -27.44554439305129 -9.862158365343248 -41.245399079926756 -230.1784302466698 -121.61615195741763
1173 20688.61583995819 8.465620180056338e7 -39.32801963076629 -24.522399581265013 -37.88973931151348 -0.20028741118133553 -27.446960614245157 -9.849834531592023 -41.220770076432984 -230.13634252842246 -121.35542232991503
1174 20693.382324695587 8.473775787268971e7 -39.4269370008101 -24.75167478933061 -37.53047695155846 -0.0015400848540707557 -27.59093941028064 -9.506954047667534 -41.19154353152692 -229.88347768225964 -120.58476896712267
1175 20698.06819176674 8.473890651823305e7 -39.341168868947406 -24.53910591454115 -37.87847097847524 -0.19433804487388784 -27.440975521425386 -9.754054000262272 -41.04646373130345 -229.99202936120116 -120.60293623866926
1176 20737.00398540497 8.473330069938153e7 -39.32904572564275 -24.52408304012133 -37.88299486115342 -0.19606787987872565 -27.450568440130372 -9.575660050144336 -40.71163024514709 -229.94263420874563 -120.85062901531654
1177 20775.990772247314 8.472299430206154e7 -39.42507993540799 -24.75301042174755 -37.52808601342637 0.0016134740994715457 -27.600671860693037 -9.551241874633433 -41.33207033921883 -229.91068018837757 -120.64162133289801
1178 20815.011712789536 8.470081703434052e7 -39.31687974341626 -24.517078628365688 -37.89672752048569 -0.2033148741523476 -27.452410539395004 -9.802141955970058 -41.14459317203489 -230.05665640031907 -120.89907991682736
1179 20853.475269556046 8.474014399190114e7 -38.558213094600404 -24.22622453711554 -37.739146055675405 -0.008568270015146595 -28.24553292314158 -9.127070365451345 -42.91134957137683 -229.63041209948466 -120.16478015480754
1180 20892.741225719452 8.478660216541483e7 -39.459832505571214 -24.759924990014305 -37.53098872489458 -0.00011419758352104736 -27.578373976213456 -9.57625970952597 -41.252944843325565 -229.85010696623982 -120.03751641760624
1181 20931.292682170868 8.475757091367587e7 -39.311329643802495 -24.488493430967807 -37.90805020431878 -0.21039861036886265 -27.447033074207244 -9.699983569212748 -40.98791762292416 -229.96360049212632 -120.33171102004235
1182 20969.91868829727 8.477555788971104e7 -39.40555188853016 -24.762948266347887 -37.56568964332263 -0.04557513222050602 -27.567551505352128 -9.557762661249399 -41.0721016704303 -229.86246703486233 -120.24632420755864
1183 21008.879096984863 8.480238456071822e7 -39.23435814023193 -24.41722168898971 -37.98557970561129 -0.24540735081718168 -27.46384551905191 -9.596475770727011 -40.70964239370551 -229.86865144268802 -120.17063282312029
1184 21047.914053201675 8.467948108475526e7 -39.32977777437485 -24.526484281158673 -37.887791548508154 -0.19886373776103028 -27.447042042766352 -9.839566764868778 -41.18849561767354 -230.09961366660718 -121.08125341807914
1185 21086.544998407364 8.46264438008364e7 -39.32856685909397 -24.524324050538542 -37.89020213002296 -0.2006843891151533 -27.44544992716094 -9.853816487014115 -41.240076172340764 -230.166716580966 -121.57294687003383
1190 21280.300498247147 8.464761513306552e7 -39.32167132911697 -24.51911264170184 -37.89376235486302 -0.20195216564620466 -27.449984366762447 -9.864219753382713 -41.25811429716981 -230.14996993732836 -121.43142184852798
1191 21319.58335161209 8.473589246841793e7 -39.41923346473018 -24.74537685951882 -37.53371881694382 -0.00198314357874807 -27.59877310677857 -9.450333694665687 -41.091787947060254 -229.87010973711995 -120.66816188473717
1192 21359.097630739212 8.461472267115888e7 -39.33631855754915 -24.53053145494851 -37.88040929445771 -0.19567763207589195 -27.445168583258972 -9.877241489281687 -41.29100676185294 -230.19245872270244 -121.66662826662866
1193 21398.388291835785 8.475286937421854e7 -39.361259045446474 -24.550629372551462 -37.852122272580885 -0.18193808447514215 -27.441687602197703 -9.75494558926448 -41.0495175448803 -229.9884607873658 -120.41785928093202
1194 21437.452527284622 8.473049526053376e7 -39.33469287575514 -24.499364852300992 -37.86564764195935 -0.1897831607907463 -27.449539146918667 -9.748449948796917 -41.125129198578634 -229.9918351421138 -120.51544160809726
1195 21476.848055124283 8.473992485609591e7 -39.240902911396574 -24.43352227141009 -37.97181610032715 -0.24153288881045398 -27.47095701329838 -9.74023783082282 -41.09019731552553 -229.96733806757356 -120.41758374796439
1196 21481.51851415634 8.47832301914796e7 -39.698196409066114 -24.958974474567444 -37.45967830365141 -2.3543888829635762e-5 -27.391826544057363 -9.688069023141281 -40.77209187014893 -229.90471805485782 -120.1235408869274
1197 21486.190902471542 8.473899435911962e7 -37.76485857869593 -23.04959944523876 -39.082208856777 -0.7649984718490828 -28.0455738416213 -9.467365390281088 -42.532853455243924 -229.84123224546386 -120.46078638008709
1198 21490.917785406113 8.463905836294942e7 -39.32510623565185 -24.519391964091678 -37.89072725612503 -0.20110465732425098 -27.44725245496413 -9.855866276648612 -41.24997007662233 -230.1560131551451 -121.45649405707309
1199 21495.687762260437 8.46261316192553e7 -39.33163337585445 -24.528259424527572 -37.88771097108955 -0.19911584990254738 -27.44525399244716 -9.848900043043955 -41.230282792273044 -230.164789203856 -121.57692649939503
1203 21514.460514068604 8.465659290800567e7 -39.328893617357416 -24.523805023207675 -37.885325950537464 -0.1979179095332526 -27.448983768557014 -9.844320456261926 -41.22871622467039 -230.13346794187947 -121.35489182482974
1204 21519.219335079193 8.462210990866445e7 -39.33153448132507 -24.52270984264289 -37.88463887927773 -0.19816311091589256 -27.44601608825686 -9.859726366431062 -41.28228683540226 -230.1730199312824 -121.60259167429672
1205 21523.99069905281 8.461889788695303e7 -39.338142395378696 -24.532237391916834 -37.87820597830917 -0.19439512939054282 -27.444771590172287 -9.866163388219547 -41.26323789735295 -230.18581868100466 -121.64857941843502
1206 21528.732228040695 8.474406914047036e7 -39.33948507624145 -24.531916838603557 -37.878944283566334 -0.19516717804475547 -27.442850152541794 -9.752712590899591 -41.04420596574556 -229.9999708356441 -120.50299357880158
1207 21533.387258052826 8.461461833919197e7 -39.33826750701497 -24.53299864004977 -37.87919314071864 -0.1949562372706808 -27.444998896598594 -9.87929142802085 -41.29115747438232 -230.19292804663326 -121.66642858017741
1208 21538.128479003906 8.461620553535543e7 -39.344111810629585 -24.540396946190214 -37.87554503331937 -0.19279237182271913 -27.444489908127892 -9.883554392207884 -41.29385376029563 -230.19015136599631 -121.64570028397748
1210 21547.70480298996 8.472355793652375e7 -38.89319132117737 -24.302655365613397 -38.027009147671286 -0.2534535364495767 -27.77966884657466 -9.45360513599934 -41.555951354180024 -229.84871659070166 -120.65998473817444
1211 21552.478454828262 8.478642410669155e7 -39.22203575965577 -24.428754955125473 -37.96380152351827 -0.2364134667017055 -27.48319909399862 -9.58409157067797 -40.86220820342061 -229.85182719190823 -120.21847151814683
1212 21557.216888666153 8.478219965442903e7 -39.63357150732526 -25.022384891345933 -37.5110676785217 -9.13198356755629e-6 -27.496306514526616 -9.4842658496446 -40.842587238667136 -229.83666097748613 -120.1930443073241
1213 21561.93990588188 8.470500444780815e7 -39.23789665566751 -24.416742304845105 -37.99564310169489 -0.2534806374590559 -27.45579198226443 -9.793988106517304 -41.18908036027841 -230.05743047742345 -120.76306330476183
1214 21566.674110651016 8.462431758593868e7 -39.33781702474794 -24.533020373370526 -37.87914547909192 -0.19460852713375942 -27.445869640914545 -9.87679492033152 -41.27503410527754 -230.18389098810746 -121.58082479004935
1218 21585.374614715576 8.471195771130097e7 -39.336781261262125 -24.53182690724363 -37.880890370235605 -0.19579815506311604 -27.444383585893974 -9.819335716546675 -41.16162314196947 -230.06192881325217 -120.78095907219705
1219 21590.075353622437 8.472870004677953e7 -39.336754890076755 -24.53181965862083 -37.88100326695897 -0.19612058552618805 -27.44441794446223 -9.757336753610218 -41.04604972579631 -230.02402937212673 -120.64429122162079
1220 21594.708142518997 8.474649768833703e7 -39.3418117774776 -24.535856194643422 -37.87709476743665 -0.19402743026066105 -27.44279934698537 -9.748457430407598 -41.025528926798984 -229.99310474820663 -120.48177944129992
1221 21599.469720602036 8.461476140909089e7 -39.33628209974705 -24.530850822154846 -37.88161406206738 -0.1963663510238831 -27.44522956635604 -9.878192983140877 -41.28883505707097 -230.19237725611902 -121.66517217666262
1222 21604.121379375458 8.461522388910179e7 -39.337852526286404 -24.531613152402628 -37.87985412384287 -0.19511584125113046 -27.444862373926117 -9.87775059180882 -41.286902531659905 -230.19157959831398 -121.66276515112668
1223 21608.871410131454 8.461409748567621e7 -39.3392725289326 -24.533939763766856 -37.878753481270365 -0.19472557387093303 -27.444344265553294 -9.86817815005901 -41.277296868584756 -230.18698542093716 -121.6784745148139
1224 21613.61027598381 8.473837330661836e7 -39.342286819801885 -24.536762462137176 -37.87743458589466 -0.19403370174335777 -27.44238042044956 -9.7245993506192 -40.97895962944273 -230.00545703176203 -120.61280351662015
1226 21623.204571962357 8.475698026239872e7 -38.88744616796099 -24.231808100010277 -38.174319905667296 -0.3279591881325459 -27.572294009095227 -9.597521095210425 -41.202942079789295 -229.92037136768897 -120.4781711969344
1227 21627.955879688263 8.472034867043483e7 -39.15305083508372 -24.377244834694935 -38.04604482164273 -0.2761798536267577 -27.514429087751367 -9.772852498636382 -41.25072781058998 -230.0013077828537 -120.67436281589573
1228 21666.67034125328 8.473374419112687e7 -39.31257560963957 -24.502412138133664 -37.9494143956444 -0.2318969518995999 -27.42894112989841 -9.638020814528488 -40.67588400030229 -229.9537933561212 -120.87454671623465
1229 21705.88514328003 8.478469273004122e7 -39.802716798593636 -24.822359500721383 -37.47776418274412 -1.554329625008677e-5 -27.303474344392757 -9.782861493628843 -40.558894710304855 -229.93389121393113 -120.19834311463097
1230 21744.784175634384 8.477982017888199e7 -39.33837494579963 -24.531665271582295 -37.87968252388249 -0.195331565595545 -27.443914780314106 -9.69527801943002 -40.927562950385436 -229.9456827265044 -120.24667470567624
1231 21783.023690462112 8.462748027049011e7 -39.33333479931212 -24.529156666304303 -37.88432273089632 -0.19741428217809442 -27.44608241479098 -9.864123553548495 -41.264231979264025 -230.16667220731279 -121.53484192101337
1235 21937.52826690674 8.476237102492307e7 -39.39835873120292 -24.727708669850923 -37.55055478780341 -0.010500749845022028 -27.606584083805917 -9.434658862672734 -41.079430189469065 -229.81890410285655 -120.48477689614015
1236 21976.30571436882 8.462428778032911e7 -39.345932794675605 -24.53849284695845 -37.874992482595076 -0.19293635204644488 -27.43959017224647 -9.842920724215617 -41.20873779004171 -230.1698770191199 -121.61111331995556
1237 22015.150107383728 8.471698873302254e7 -39.34571647318356 -24.535621114619484 -37.87881238375291 -0.19575263173880586 -27.43615162074764 -9.714770568971801 -40.9232229517915 -230.0239303564597 -120.8535460772951
1238 22054.548810482025 8.462097121789093e7 -39.33845007683733 -24.53309671005088 -37.879364637637416 -0.1951570472173927 -27.44464174855801 -9.87096126226561 -41.28616933507186 -230.17966301187528 -121.59149935282096
1239 22093.608369588852 8.462177341598906e7 -39.34541574075237 -24.542607202564678 -37.87308507371512 -0.19177498330478215 -27.442618915265054 -9.861408175467147 -41.26536868782199 -230.17655920183353 -121.59687544439316
1240 22132.699702739716 8.461708256150626e7 -39.3390622157152 -24.532469255822207 -37.8808639556824 -0.19621823151716455 -27.44276473778428 -9.878309781708936 -41.29480715103699 -230.19372144497646 -121.63401348808657
1241 22171.36218738556 8.461856048569667e7 -39.34466829940445 -24.539835647217807 -37.875774391950955 -0.19312363126795873 -27.44278461773333 -9.872261492039797 -41.2794929313344 -230.18570322999074 -121.62367867497477
1242 22211.265892744064 8.46397656312901e7 -39.346413669165955 -24.54103905855584 -37.87149407834324 -0.19104489513470213 -27.44227767748081 -9.85372911376254 -41.24832192323532 -230.1563860105358 -121.48549418387933
1243 22251.025512218475 8.463619359307365e7 -39.35621371604862 -24.546732246435113 -37.85983978688357 -0.18559317652595553 -27.44164065173366 -9.847721727896499 -41.25023414589583 -230.15221111841953 -121.47523366564519
1244 22290.412462234497 8.469615500234313e7 -39.35924297776215 -24.550762786835868 -37.864807474646284 -0.18827109576930212 -27.43473332862951 -9.761424334557717 -40.998366078469644 -230.05640978737853 -121.01898659469725
1245 22329.320234775543 8.461354788936901e7 -39.337425095220205 -24.531340087923528 -37.87996553342446 -0.1954032407489379 -27.44420760505055 -9.868978748150425 -41.27481649258573 -230.1878980940986 -121.68745197238007
1246 22334.000824689865 8.462190221520676e7 -39.33188086184097 -24.52353863169699 -37.88360242459368 -0.19743672752490937 -27.44379774471115 -9.859741871447852 -41.25549294727955 -230.1778758622479 -121.61083294227302
1247 22371.907898664474 8.480828705058259e7 -39.24852079787455 -24.45674340459798 -37.91894286471379 -0.21451130753247583 -27.491233848051365 -9.486503574418066 -40.69872196529906 -229.81481982420928 -120.04391497909643
1248 22410.446222782135 8.478902812433723e7 -39.27663822556589 -24.494017146967373 -37.94090302006467 -0.22540349099472223 -27.457187271823503 -9.685730406098344 -40.940887676913576 -229.8887011930335 -120.02902912362777
1249 22449.364830493927 8.476343745995504e7 -38.4370894812507 -23.708452003564325 -38.39938293327682 -0.4337817910104249 -27.997797772073366 -9.395069487901424 -42.265704964065264 -229.76155608417218 -120.16774235632573
1250 22487.893256425858 8.475678143235864e7 -39.77640891776339 -24.918630673603044 -37.450049032385344 2.8651911904375993e-5 -27.324557840177384 -9.774867746264022 -40.691972995561 -229.95999613886772 -120.40662234395182
1251 22492.701920747757 8.461913617208888e7 -39.34106768272126 -24.533539150390688 -37.874849542381405 -0.1928972641476534 -27.44363317779674 -9.865608600621215 -41.269630386684355 -230.18168100569522 -121.63803764352116
1255 22546.439739704132 8.463365087946808e7 -39.33807223972815 -24.532134497608208 -37.87956220500277 -0.19503454484763694 -27.44359098969906 -9.824800464813052 -41.18304712708772 -230.1499342681314 -121.52644838706419
1256 22551.446355581284 8.462213180819413e7 -39.33487896345011 -24.528576428407423 -37.88317350836472 -0.19709957577973114 -27.444219162269 -9.85447930738627 -41.2448301622008 -230.1719700167397 -121.59537814415216
1257 22590.188603639603 8.463758649500872e7 -39.33366092516469 -24.528070421997903 -37.882866232832626 -0.19688098292280642 -27.445022807412975 -9.839586323330195 -41.2297453990559 -230.15065072760223 -121.47415525341836
1258 22628.99945449829 8.46307478570263e7 -39.33535565796551 -24.528001941348712 -37.88301247264913 -0.1968158563925897 -27.443997917644523 -9.838657482091037 -41.21733937064511 -230.15539107012484 -121.52960633651412
1259 22668.24886727333 8.462602252657847e7 -39.330699966838594 -24.52298380041211 -37.88494588099405 -0.1980411151421606 -27.444443745287295 -9.84070681682556 -41.217516348890285 -230.16312945662168 -121.57054474105263
1260 22708.16553592682 8.462419802723813e7 -39.330885311424744 -24.52414430368294 -37.88789556062964 -0.19958277479538822 -27.444867714921532 -9.849478643866462 -41.23300161228559 -230.1686999012431 -121.58319144057066
1261 22746.73545718193 8.472789997207005e7 -39.33306734682066 -24.526644244685748 -37.88559862029024 -0.19837671983531635 -27.44400073973148 -9.74207826016044 -41.042513639451215 -230.01497491422816 -120.62884478041354
1262 22785.782262325287 8.46343081999264e7 -39.339665451562 -24.53486563110376 -37.881070181120826 -0.1957644402416392 -27.44326728214843 -9.83222973060225 -41.20458802718463 -230.1480580996486 -121.50726850347303
1263 22790.577261447906 8.461770038323666e7 -39.336394521919026 -24.530717905749384 -37.87997094470107 -0.19542844007055749 -27.44535081735014 -9.87567425161302 -41.29003188629457 -230.1837984021828 -121.6325460603731
1264 22795.29087138176 8.471063320659788e7 -39.354899739152664 -24.545021985343052 -37.868432041539506 -0.19030119156585812 -27.434733126366226 -9.765107775357365 -41.010458161078475 -230.0441598155748 -120.89064960630787
1265 22800.027975559235 8.47324110445685e7 -39.344310063025596 -24.53761251466337 -37.87131496484215 -0.19093412014219524 -27.44457800181111 -9.771038849588308 -41.116885417712865 -230.02414797836144 -120.56649540575535
1266 22804.72174334526 8.476332070226453e7 -39.33527811334238 -24.530199356864255 -37.879726019062545 -0.19506348515744065 -27.446688037963384 -9.737428347779598 -41.02882682290084 -229.9849364511897 -120.29256374433425
1267 22809.487052202225 8.464181086071557e7 -39.33393689288905 -24.527571527624307 -37.88456594696177 -0.19807674601175052 -27.444171592108823 -9.826809005769917 -41.190312587442975 -230.1359149162131 -121.43518337582566
1268 22814.151712179184 8.464144209242235e7 -39.34103449961992 -24.538377391346614 -37.87697712017989 -0.1937272900719833 -27.44311002648165 -9.821402897045004 -41.18394873816834 -230.13305701127712 -121.42334175161415
1269 22818.80872297287 8.465263889074154e7 -39.3546537178493 -24.543863235455138 -37.86084429438111 -0.18623866508013265 -27.441367397010087 -9.819671337807392 -41.18450449491178 -230.12034057880703 -121.34061135228154
1270 22823.57315325737 8.483077546814169e7 -39.775479278623784 -24.917168537844315 -37.451361320726754 -0.00043266480231096693 -27.325897947004968 -9.579655396611827 -40.23992930692424 -229.84179767454089 -119.99063252202569
1271 22828.24490737915 8.474379628601485e7 -39.77733691117351 -24.920091250557633 -37.448736919625 0.0004897506620977765 -27.323217946365357 -9.789793533256386 -40.743527010732976 -229.99497207216632 -120.47425812354737
1272 22832.969838380814 8.47410893191927e7 -39.32330532887724 -24.520501637691147 -37.89183335584887 -0.200847291558496 -27.45026193237137 -9.594510298387604 -40.74609439207512 -229.9381550389889 -120.72375577608398
1274 22842.394752264023 8.475498580261528e7 -40.72928539560129 -25.316524814338145 -37.21344950072658 -0.01135995314046312 -26.522856342274835 -10.39774743672109 -38.66232065281338 -230.34913543730386 -120.89020139058579
1275 22847.196957349777 8.473939278470558e7 -39.309272005076735 -24.508003068169888 -37.8933891065099 -0.20006148892962017 -27.467728469158992 -9.66171425599589 -40.950323252281294 -229.9695310875693 -120.61647901912932
1276 22851.915454387665 8.47361142990199e7 -39.405673822234874 -24.58948169151517 -37.801569337525855 -0.15939771609607334 -27.419204797030964 -9.669628855384246 -40.771708396575605 -229.95251184118626 -120.66388443401416
1277 22856.665894269943 8.479850141148032e7 -36.88826583183825 -22.27540755945487 -40.1128551801657 -1.2799080535661318 -28.24859007271362 -9.121403757922906 -42.43268785950261 -229.6487118025459 -120.38351544539853
1278 22861.394505262375 8.486740280474433e7 -39.9883494372354 -25.260686169343067 -37.457953452133395 -0.00024373519006104516 -27.160348186016265 -9.700160838374586 -39.89543713018327 -229.84776373678307 -119.49024014920758
1279 22866.144512176514 8.463867197068939e7 -39.348852598536894 -24.542423223356344 -37.868845433856514 -0.18978040970754506 -27.443032453453 -9.8451538016555 -41.24226097447024 -230.14957812107957 -121.45974038446514
1280 22870.874475240707 8.461905656041464e7 -39.33229837957423 -24.52735320910215 -37.88558249124796 -0.1981764591452162 -27.44538601408855 -9.860098007699207 -41.25969428780854 -230.1770198315901 -121.63270169894679
1284 22889.777979373932 8.461788115303266e7 -39.3342123563405 -24.524597904533874 -37.88338607397642 -0.19743627191567725 -27.444236316656795 -9.857724753547018 -41.25367634605362 -230.17948211530262 -121.648915033442
1285 22894.449343442917 8.46240071075041e7 -39.344056810593905 -24.53915463439423 -37.87540502088966 -0.19308517632637745 -27.443396710766404 -9.86518227284057 -41.252469108468006 -230.18374462020142 -121.59375752499767
1286 22899.242679595947 8.472497249659105e7 -39.33484389770069 -24.52714641032945 -37.88342609129867 -0.19751810464801167 -27.443816391446283 -9.771462914991105 -41.09786096448272 -230.0325564210952 -120.64347829851982
1287 22903.987756490707 8.472948414438325e7 -39.343627851151304 -24.53669971260657 -37.873050420409 -0.19192826737943847 -27.442456589025355 -9.753611373780757 -41.06430357783131 -230.01957214522048 -120.60557883178717
1288 22908.77727150917 8.461452022366391e7 -39.336566470083824 -24.53019449421247 -37.880946810878626 -0.1959683354827817 -27.44420841264945 -9.866167851641478 -41.27353801300035 -230.18616446696836 -121.67599226705448
1289 22913.54304742813 8.464882958255805e7 -39.34644840917458 -24.537436452301606 -37.87109463090565 -0.19146304554362814 -27.440942661128616 -9.815191700757282 -41.1648524762694 -230.13221780950113 -121.38881812075658
1290 22918.289501190186 8.46174881320448e7 -39.3361490144364 -24.53034933554121 -37.88047375011803 -0.19571847774211903 -27.445131514687596 -9.864318269537364 -41.275511560096845 -230.1769144458437 -121.63601299078385
1291 22923.14339709282 8.461296564004223e7 -39.337815928859165 -24.53281136642871 -37.879340519525755 -0.1952419072521181 -27.444189605312665 -9.868362381035638 -41.273433992392086 -230.18827387484725 -121.69303811133204
1292 22927.80470609665 8.473113177918659e7 -39.338988205750404 -24.537224463003298 -37.877465309419684 -0.19475786030627518 -27.44413559605954 -9.815238649135722 -41.15564127232835 -230.0402737800863 -120.59559815271388
1294 22937.199096918106 8.473191841281849e7 -39.438252582698226 -24.64134454716751 -37.78928878607146 -0.15435479274356823 -27.41798564306415 -9.65237737890493 -40.82370395808147 -229.9628430689056 -120.79355306526577
1295 22976.081672668457 8.47357732224325e7 -39.321693672145834 -24.536596242679956 -37.90165141999929 -0.20733009521658374 -27.43282297528631 -9.69072763484337 -40.87990885444992 -229.98492604045646 -120.65075634180079
1296 23014.876811742783 8.48078878072269e7 -38.27490054397086 -23.632340982793135 -38.611690378002926 -0.507242667968832 -27.86619020121923 -9.436463570557635 -41.76217834618399 -229.72456991742666 -119.95492665166057
1297 23053.697929143906 8.472837966567832e7 -39.64941161862604 -24.971058971586714 -37.46184626019281 1.239397824548405e-5 -27.465914682013523 -9.659742165694126 -40.94935530867997 -229.94708159382765 -120.78795780379966
1298 23092.23194527626 8.473112361213683e7 -39.33897530682332 -24.537212643509292 -37.87747317548071 -0.1947614751579536 -27.444141200248183 -9.815380402958965 -41.15564127232835 -230.04035083547524 -120.59559815271388
1299 23131.026522874832 8.47771854075627e7 -39.21525176852394 -25.06973239332483 -37.495121333314145 -0.006116388762734459 -27.89236740034387 -9.144442774787251 -41.64636014503532 -229.64820941050863 -120.31296280725712
1300 23169.85365486145 8.471132761577776e7 -39.325013715564495 -24.494364994680474 -37.88458592357468 -0.20119033820508037 -27.43308140374548 -9.729934947427012 -40.96457203677892 -230.02382106960584 -120.86823935979947
1301 23208.680127620697 8.474443338686514e7 -39.267762099541685 -24.489597920326766 -37.92105200023685 -0.21386760212205047 -27.491027603160678 -9.702557979244204 -41.02568492601978 -229.96841071269864 -120.53457018691739
1302 23247.478933811188 8.475977120799953e7 -39.5238661518743 -24.664643834546325 -37.503799330425466 -3.5756292056987604e-5 -27.475839550662744 -9.660808209782374 -40.96540578477487 -229.92873788000435 -120.44897910305309
1303 23286.485820055008 8.471141998540579e7 -39.09722533325188 -24.630861498678165 -37.650066515426325 -0.04570331442788245 -27.85908146977091 -9.56350662389218 -42.197803375393164 -229.8827545933989 -120.59839166789601
1304 23325.14331150055 8.461822602389751e7 -39.34402518312886 -24.53728569534919 -37.87366523353796 -0.1923027878038681 -27.44352070884841 -9.874589985163027 -41.28100596620209 -230.1844652733169 -121.63642380530939
1308 23479.560103178024 8.464788917455122e7 -39.35496509903227 -24.556553934501462 -37.862331805584006 -0.1861767979041531 -27.440758634441146 -9.830175033204796 -41.198905567270685 -230.13296210236746 -121.35421806381237
1309 23518.123639583588 8.466664800206204e7 -39.33615520608548 -24.53039639140345 -37.881722013739534 -0.19655440784875822 -27.443959957396622 -9.834948445525583 -41.19467615200233 -230.10746699111343 -121.19754616134406
1310 23557.86105465889 8.474481109111564e7 -39.341146502101076 -24.53424976030823 -37.87751815063917 -0.1944588637003406 -27.441980315065834 -9.737990911281088 -41.011019994183926 -229.99981650676807 -120.50142275354096
1311 23596.52427959442 8.46187133631723e7 -39.33798225971458 -24.52878298159821 -37.87767195206147 -0.19492298773675287 -27.441602257459415 -9.856068109346722 -41.2432354167816 -230.18359545853463 -121.66428633454353
1312 23635.737557649612 8.474176313154578e7 -39.31920386983249 -24.518304194900338 -37.892244998027635 -0.20161350808758272 -27.451513933690137 -9.795500853492342 -41.13472966437115 -230.01285578251822 -120.50142669380517
1313 23640.604956626892 8.471764316221432e7 -39.34895984255725 -24.541428558044895 -37.87186417472864 -0.1917862082256221 -27.438642486973315 -9.781838514202434 -41.0752262867241 -230.02960880657378 -120.74919127499152
1314 23679.641152381897 8.4608178544676e7 -39.327085625479285 -24.520828815912097 -37.89209612598307 -0.20197356997503846 -27.445599869156652 -9.870437633170582 -41.27829400918398 -230.19380272890533 -121.72632571882787
1316 23689.221598386765 8.463080838162978e7 -39.29482635306081 -24.48480552310319 -37.930361564030775 -0.22217886669186981 -27.44983297323607 -9.865120373534523 -41.30635745419107 -230.1654118244723 -121.54177958687552
1317 23694.05467915535 8.477392955527453e7 -39.36205183099602 -24.58190419719162 -37.8303649486077 -0.16849179308478313 -27.46236107401526 -9.756823422307434 -41.167791422948596 -229.93476919054518 -120.08634233702992
1318 23733.149521827698 8.477591929839456e7 -38.47807757882433 -24.01971328268661 -38.50326025490178 -0.46521067936113525 -27.90459633195656 -9.346725185670607 -41.80308662282033 -229.7694936127274 -120.25100558378301
1319 23772.334876060486 8.482446415118484e7 -39.36157041189382 -24.556666680093066 -37.881784312802196 -0.19966421447787042 -27.41991078205969 -9.559811415697709 -40.57828276262825 -229.77302773505 -119.9318369270083
1320 23811.583935260773 8.48511629112928e7 -39.636036174748114 -24.75960750486783 -37.4868545374815 2.618554373157167e-5 -27.450429577370848 -9.484879725046824 -40.604386313941916 -229.7636612452232 -119.62071163071408
1321 23850.135885715485 8.475104083548422e7 -39.34845048487301 -24.544034852872528 -37.86745285750382 -0.1888135268044948 -27.44350739039188 -9.754074762888422 -41.02256565161815 -229.9934054062677 -120.44287640492229
1322 23889.24928855896 8.46498064744662e7 -39.331920529758605 -24.525328262538103 -37.887092649556116 -0.19920829966523712 -27.44500278523539 -9.82451610455206 -41.17056766896519 -230.13494667591 -121.3723237919321
1326 23908.14493918419 8.474914333963522e7 -39.32237459359995 -24.516564290669407 -37.89673338576629 -0.20491493861429433 -27.446095303376218 -9.771167872187675 -41.05160324888146 -229.99013392958358 -120.40387455712221
1327 23912.889339208603 8.464004047022584e7 -39.331079398107356 -24.524932992741814 -37.89357416093589 -0.20277026384607666 -27.445562512763672 -9.830212519674092 -41.18367065387906 -230.139969142888 -121.45724055875911
1328 23917.686267137527 8.461239221359904e7 -39.32059667776692 -24.512571207093572 -37.89937747187932 -0.2062744605092064 -27.44646116084791 -9.863712384680582 -41.273437078986944 -230.18427680835578 -121.67808126901218
1329 23922.457755088806 8.463049541454946e7 -39.32389551930173 -24.51418693131812 -37.89753019071265 -0.2048275565469524 -27.44405145043875 -9.841081364883394 -41.23978536624492 -230.15177128577824 -121.50840867207904
1330 23927.075050115585 8.467071657855283e7 -39.32138115244549 -24.513856265993986 -37.89839571235733 -0.20532049115375628 -27.446285673256174 -9.844962013757481 -41.221942436260804 -230.11385322083106 -121.15562610023994
1331 23932.02857708931 8.469323430091454e7 -39.34945119949714 -24.542448562760462 -37.86487478045908 -0.18768649773912927 -27.44210374167445 -9.795555190194023 -41.10044770338919 -230.0471183359623 -120.99522431897987
1332 23936.829842090607 8.460751245510578e7 -39.32268846813604 -24.515848050951018 -37.897393818156665 -0.2050479926931459 -27.446275869880914 -9.87315530562887 -41.286923111350575 -230.19500686465733 -121.72934089322905
1333 23941.631174087524 8.462737913402504e7 -39.309486430751505 -24.50089406267638 -37.913285271195896 -0.2142723822783168 -27.448304123544943 -9.870301723816453 -41.23380343675586 -230.17242760920095 -121.55205209112285
1335 23951.07043337822 8.47393874018073e7 -39.17174641746608 -24.377638490259393 -38.03133151790116 -0.26951173967279374 -27.50546668444686 -9.685281743447945 -41.05525648718111 -229.95349929262005 -120.60373478819031
1336 23955.7515501976 8.476909242593414e7 -39.31314260981294 -24.53685715508926 -37.86425264253913 -0.1861418394038168 -27.483820137821333 -9.637998072909 -40.94484063374483 -229.89128434947287 -120.2576960477436
1337 23960.555039405823 8.47785530396588e7 -38.279521290320126 -23.889258730088876 -38.64010188050222 -0.562849728808402 -27.958495929711837 -9.360496748027003 -41.912248975508874 -229.7436308991056 -120.29455227262048
1338 23965.263067245483 8.477984833837707e7 -39.63991391391134 -24.836512580980678 -37.5080711640266 2.584609573830221e-5 -27.414921997123827 -9.574960830391035 -40.68351409212181 -229.866966685377 -120.24308999377035
1339 23969.960596323013 8.461804610877918e7 -39.326077976036984 -24.52103061183678 -37.892451158513936 -0.20195617429522628 -27.446259556411256 -9.857747454512776 -41.25952317475071 -230.17628605259216 -121.64221841770757
1340 23974.587551355362 8.461730071794358e7 -39.330596117521964 -24.525123362398357 -37.88773575319058 -0.19953376339420714 -27.4455604146694 -9.861151531788323 -41.25891869470786 -230.17928775969642 -121.64972014326548
1344 23993.489475488663 8.470929961226472e7 -39.32841715299881 -24.516200749617955 -37.895356186144085 -0.2042066770150086 -27.44204643348883 -9.807932570121636 -41.11497562856181 -230.03803329781414 -120.84939430722392
1345 23998.233439445496 8.468650706768519e7 -39.335245746864594 -24.525725589699 -37.88819345827607 -0.20106171422700214 -27.440357985780164 -9.794865586660137 -41.061473402405625 -230.07327298113836 -121.05582781841093
1346 24002.934415340424 8.471965556467333e7 -39.37083271627016 -24.563074551574218 -37.84872589139677 -0.18071878437255862 -27.433258653176182 -9.750007531560982 -40.961185457119825 -230.03227296360024 -120.8024670098252
1347 24007.698377132416 8.465713626548508e7 -39.30969682816212 -24.506871697532457 -37.903881415544504 -0.20755699821363294 -27.45336019179574 -9.841911537194733 -41.25182499640181 -230.12125581434276 -121.27769950537987
1348 24012.352031230927 8.471802716771913e7 -39.3338263392362 -24.526795069623446 -37.88579771945279 -0.19866837454942754 -27.443121333523116 -9.800723531569645 -41.117247303187014 -230.043350192918 -120.74118437509861
1349 24017.054837226868 8.475011414930317e7 -39.320024750806915 -24.512522817832085 -37.90058874259353 -0.20682389805807588 -27.446200842951566 -9.724301552632937 -41.007349573895794 -229.9897109474141 -120.45202712417722
1350 24021.704003095627 8.470905433245562e7 -39.31423190474611 -24.49830753188078 -37.90835069698303 -0.21144265877909163 -27.445413533494843 -9.823010288039598 -41.171682551168374 -230.05810608060483 -120.79560222272528
1351 24026.461517095566 8.471215441613273e7 -39.3278110294931 -24.520437661043417 -37.892848563997234 -0.20245256234025533 -27.44434695905214 -9.810445883291777 -41.13509351392213 -230.05324626285972 -120.78434968592722
1352 24031.177758216858 8.461823697971584e7 -39.31279557135812 -24.502655993428185 -37.90343557865863 -0.20834644070281172 -27.44650361635603 -9.86532694914888 -41.2665242646857 -230.18243125014078 -121.63791392069652
1353 24035.896753549576 8.47196703876025e7 -39.333046585396986 -24.52753826546774 -37.891037334137096 -0.20161099441548913 -27.444102611285114 -9.768945688185852 -41.06638921107185 -230.03522100662678 -120.76013291349017
1354 24040.627948522568 8.461866004394446e7 -39.32770189180456 -24.51946414915139 -37.89468932009041 -0.20376373693859762 -27.443056527503195 -9.872813239979848 -41.28036707418363 -230.18220735292311 -121.6115894599638
1355 24079.205532073975 8.462951097027451e7 -39.32437671391632 -24.51641104429014 -37.896719332248985 -0.2048205149589677 -27.44547688909589 -9.847385654894708 -41.217394247533264 -230.16365362134212 -121.51990194092451
1356 24117.880995750427 8.472112073049653e7 -39.323528408821986 -24.520173652486523 -37.8787054452544 -0.1936033062915712 -27.461125512099553 -9.849861958229098 -41.218171001740075 -230.05093284279963 -120.68339092396155
1357 24156.986670017242 8.472798254554649e7 -39.30724054771989 -24.507449776455548 -37.905765533739334 -0.20732309079444633 -27.456583832696975 -9.762757696353844 -41.07234361649239 -230.00910625189488 -120.60689332931776
1358 24195.846759796143 8.472754884250842e7 -39.292444422771865 -24.489143146188614 -37.91722448950151 -0.21492051709141435 -27.462884739648523 -9.681060988779848 -40.912341229592926 -229.99500981938587 -120.78669483129369
1359 24234.853493452072 8.475349724756438e7 -39.63044911966754 -24.962778909092876 -37.47137602146183 -0.002498393233985041 -27.48232376878035 -9.542430896689439 -40.76121186828084 -229.89579958499604 -120.6367455835387
1360 24274.073431253433 8.475069632679842e7 -39.66832298016618 -24.97929626976255 -37.45231994440699 0.0025174142839929914 -27.449513911092964 -9.565710704979608 -40.70979209683941 -229.89927747009483 -120.60973516553685
1361 24312.651181936264 8.477219948223633e7 -39.292687716432 -24.48885115804978 -37.92199255720848 -0.21762595028665999 -27.45473338466771 -9.72782904629986 -41.02534313348832 -229.94889153812255 -120.23013423026293
1362 24351.19532442093 8.477718056918684e7 -39.21525281559916 -25.069735053070577 -37.49512071064906 -0.006115897990255803 -27.892368660387728 -9.144586563375867 -41.64636014503532 -229.64826826427924 -120.31296280725712
1363 24390.696761369705 8.478092220639628e7 -39.27377085899376 -24.461174795570297 -37.93358771323165 -0.2220268298679997 -27.468826236123803 -9.623673302516067 -40.80504669436783 -229.88332839965045 -120.289639138675
1364 24429.339608430862 8.476724189375876e7 -39.28564633599937 -24.4708993775325 -37.94789273477735 -0.23234902185632933 -27.447749366481133 -9.701199870522146 -40.881626953350406 -229.95108179668102 -120.34366899214342
1365 24468.275616645813 8.475164009653975e7 -36.92270662953903 -22.583811463481688 -39.74165308934399 -1.069610017013865 -28.72226077210404 -8.95158670275157 -43.86809372780414 -229.56927465027167 -120.4810818237163
1366 24507.620057582855 8.467283498101796e7 -39.766535331190966 -24.883477988882678 -37.457682254607526 0.00023856333479699288 -27.471174905786558 -9.69598271142172 -41.22622605507934 -230.02466181913599 -121.19589835573697
1367 24546.872451782227 8.462973686111075e7 -39.332953165484334 -24.526866736638866 -37.88717018822909 -0.19937288416363685 -27.44444811056366 -9.866285831384346 -41.25504891334373 -230.16993826177486 -121.51676177330603
1368 24585.495018720627 8.46128810891319e7 -39.33553253168822 -24.529753960188827 -37.881773044968405 -0.19641561557495635 -27.445125372508347 -9.881188278802313 -41.290022994256105 -230.19375892079807 -121.68340192739532
1373 24745.094797849655 8.465408720832095e7 -39.33850960173354 -24.527520889811377 -37.88769962180334 -0.20096425158616427 -27.437127745829613 -9.829512634930836 -41.19035731325533 -230.09608901929494 -121.34816999351762
1374 24749.80172777176 8.461281654166962e7 -39.32189882902448 -24.515332332488633 -37.89864328621486 -0.20563804831470378 -27.445921351978328 -9.882159678439905 -41.306927113967845 -230.1955725245366 -121.66552535119087
1375 24754.655629873276 8.461941299048807e7 -39.335725488664984 -24.530716712580087 -37.88256588469586 -0.19713971717868617 -27.4439021784479 -9.869954628883306 -41.27403449223834 -230.18491438082617 -121.62838979049917
1376 24793.294509649277 8.475335530821598e7 -39.32993324166381 -24.525469366433796 -37.89303872721802 -0.20262396356078227 -27.444983263736088 -9.732343828374155 -41.006398029184254 -229.97860427982903 -120.38176158669586
1377 24832.496314764023 8.4744535782062e7 -39.32617083280802 -24.518566198090376 -37.89534858221523 -0.2041528042142957 -27.444287376785844 -9.75875772097578 -41.059098611588524 -229.994405579785 -120.47654347926539
1378 24871.911495685577 8.460724769146279e7 -39.32107006350486 -24.513942124694413 -37.899135811337324 -0.2062073607662569 -27.44669328476109 -9.877265988503211 -41.298727478450644 -230.19620925565368 -121.73247947431895
1379 24911.30270075798 8.460310074549523e7 -39.31621317382949 -24.508222492848006 -37.90436157635095 -0.20968564091328545 -27.44794557245288 -9.88683347401934 -41.31127648899604 -230.204052670622 -121.75873592734837
1380 24949.779915094376 8.464152193956134e7 -39.30162740675012 -24.491046901892076 -37.92003694093206 -0.22012206553723246 -27.45170282315842 -9.857231309404767 -41.272854178399314 -230.14184107019656 -121.42829373337537
1381 24954.54397535324 8.4713244207133e7 -39.33233327271158 -24.537402792044023 -37.87554638529952 -0.19512795401789873 -27.458978418833773 -9.824522069699242 -41.1788947841502 -230.05500589118793 -120.69439449879599
1382 24959.30425643921 8.475367983282287e7 -37.5195866264148 -22.983706168632985 -39.042795348991795 -0.6973502967077749 -28.63848239080656 -8.899388767348682 -43.570703223320095 -229.5380863459983 -120.38329526676785
1383 24964.03142142296 8.477107201880844e7 -39.25650083373492 -24.449717568571188 -37.96769432414441 -0.24092188565060013 -27.46768554281225 -9.596747121900307 -40.78911940207479 -229.88602863562323 -120.37861082601813
1384 24968.749725341797 8.474080911322325e7 -39.16002086954393 -24.966984466020026 -37.62169794353831 0.00033589150527291167 -28.101099198737067 -9.099022668086661 -42.11334134648678 -229.6742988436157 -120.57262400934434
1385 24973.545926332474 8.46287778671824e7 -39.32292638856752 -24.51697136740263 -37.89418088481768 -0.20307316224030103 -27.448065869141814 -9.886775722338712 -41.311623521125796 -230.17911507929324 -121.52134732145362
1386 24978.26185631752 8.462217564344938e7 -39.33503120293936 -24.528597312366834 -37.88419087003631 -0.19793070605330598 -27.44408970941109 -9.861219884998377 -41.25671021854589 -230.17821010236383 -121.60260889092052
1390 24997.16570830345 8.462044926204887e7 -39.33074082404979 -24.516253101252964 -37.89532834406559 -0.20588578114750078 -27.438544263921745 -9.829815717998883 -41.17054644790562 -230.16226952532833 -121.63274774885724
1391 25001.892585277557 8.460166044259354e7 -39.31515450022027 -24.507183586214094 -37.90570650464415 -0.2104112219529739 -27.44801164178839 -9.891480587099409 -41.324678331792086 -230.20749253603185 -121.77006103749352
1392 25006.561978578568 8.465486250473368e7 -39.311977465139194 -24.504065743235266 -37.90974123962156 -0.21258811332213412 -27.448209885272085 -9.849922602094978 -41.23892924275219 -230.1370910685544 -121.31357100783578
1394 25016.081302404404 8.470697210769969e7 -39.307391578615 -24.514405808184677 -37.89969036518578 -0.20411858203785016 -27.46361111965592 -9.898718815140626 -41.334577408370365 -230.06625405785928 -120.77136487011762
1395 25020.834225654602 8.474616815518118e7 -39.30170190005427 -24.499726902489115 -37.90260686291468 -0.20630942908917405 -27.45876254781389 -9.796257586496722 -41.13986026200212 -230.01701392898684 -120.47954919492219
1396 25025.56972360611 8.476154390469177e7 -38.692482298186555 -24.095699039757058 -38.23944135849279 -0.37737135782689535 -28.165699233456646 -9.057477726208504 -42.01567900567369 -229.6555808981853 -120.585159369383
1397 25030.303399801254 8.477512201416601e7 -39.4997249216886 -25.094385751311112 -37.53473204231768 9.03348691920769e-5 -27.839649401931283 -9.388934845121867 -41.61293595106787 -229.75859873291745 -120.19296527884018
1398 25034.98414182663 8.460707981271356e7 -39.32110951393733 -24.514570211558368 -37.89863703782408 -0.2062145037056382 -27.446387965885883 -9.876567344452894 -41.29267076565071 -230.19579059677363 -121.7179054730172
1402 25054.122940301895 8.472475187839863e7 -39.325808030887465 -24.518473524562143 -37.89704969380193 -0.20643355792952178 -27.443384810170222 -9.783130551025465 -41.05329299022395 -230.02551112683597 -120.63755732928223
1403 25058.926990509033 8.471840329066713e7 -39.309806368876146 -24.492626954656483 -37.913882634620705 -0.21528768360691686 -27.44589919777267 -9.798706370538923 -41.09912606877077 -230.04213451138486 -120.70414637496145
1404 25063.654319524765 8.46883226660008e7 -39.30144463397227 -24.49405278965837 -37.91680663698864 -0.21582456226081348 -27.45363805168298 -9.797693092216207 -41.168816113882315 -230.07717838181304 -120.92751287288019
1405 25068.42617249489 8.475026188117248e7 -39.32955812135898 -24.522767184199594 -37.89558802550711 -0.20536894954715024 -27.44384006705613 -9.730792010905304 -40.96643999654344 -229.9842808285806 -120.44628629934539
1406 25073.139496564865 8.460857933903408e7 -39.323952817789376 -24.516385286821585 -37.89672854195489 -0.20491202477238346 -27.44562278620178 -9.871512764591046 -41.29129610459256 -230.1913923659838 -121.7084659913412
1407 25077.834723711014 8.473587031398079e7 -39.325486137140444 -24.51641530964184 -37.89866998110224 -0.2070439449753323 -27.443410707297524 -9.758035133837723 -41.041220434946354 -230.00058591934538 -120.55616162616082
1408 25082.61942768097 8.470140720487325e7 -39.31912840058323 -24.5093505638856 -37.90197286884456 -0.20894937885859832 -27.44453166617954 -9.801847078550395 -41.14457913458432 -230.05694807416273 -120.82808784161813
1409 25087.504775762558 8.461618565424128e7 -39.30983573538793 -24.503593524839797 -37.91289761967956 -0.21392574956391286 -27.447748468424848 -9.871041080072246 -41.27702405345599 -230.18147887356787 -121.64116806569382
1410 25092.196933984756 8.461020289016955e7 -39.30766329976759 -24.49820661989577 -37.91613653247616 -0.21606040230395251 -27.447787060909583 -9.875092114895835 -41.288544774355444 -230.19143284506993 -121.69956970192607
1411 25096.983514785767 8.461052982081307e7 -39.32244219255221 -24.51537518303694 -37.89651867378666 -0.20498105976890457 -27.447071217743332 -9.876838183078235 -41.292673899263036 -230.19392895505098 -121.70657217907029
1412 25101.767524957657 8.465513751468077e7 -39.31294220966839 -24.504524300953868 -37.90857702612607 -0.21198374226711536 -27.447909138678938 -9.85200790346721 -41.23326463803619 -230.13701837413095 -121.31067909736515
1413 25140.666360378265 8.475387129076944e7 -39.31730948566138 -24.509775317414217 -37.90320011480202 -0.20934222386669887 -27.447712162031397 -9.730509343739584 -41.01259740833615 -229.97091338033 -120.4164851712784
1414 25179.1501789093 8.464477680386618e7 -39.32883359937399 -24.520900251337928 -37.89411315609922 -0.2047097730255345 -27.442432207151878 -9.821052113841915 -41.15916318162624 -230.14003424731868 -121.43067048940037
1415 25218.06246638298 8.463074913772903e7 -39.312994143584376 -24.504208788548798 -37.90795659764349 -0.21156367504885765 -27.449010850715524 -9.885935161122575 -41.304106583476255 -230.17268119241254 -121.5114352821779
1416 25222.81088256836 8.475866221469648e7 -39.31266889128794 -24.510544742694563 -37.90216128303875 -0.20770637081106003 -27.453579034125774 -9.760462954561149 -41.04690335516108 -229.9975423329396 -120.39109352358645
1417 25261.613572835922 8.473606486089721e7 -39.642324377850436 -24.96064951663198 -37.46937294227322 -0.0042671556382956055 -27.4643955308766 -9.638969523806338 -40.92954777554229 -229.94266431224446 -120.67496686156295
1418 25266.325932979584 8.472587624128477e7 -39.65649114766053 -24.981461415620704 -37.45432010622039 0.004290994068114173 -27.467434868802904 -9.654264741306747 -40.9192590390457 -229.96201406901878 -120.80904086568529
1419 25271.063413858414 8.47345800179168e7 -39.26803470012675 -24.458166007923392 -37.94636736439247 -0.23119836457507148 -27.463613107933792 -9.61935997067576 -40.898292417178766 -229.92282767121884 -120.66711876542217
1420 25309.810390233994 8.472188507668868e7 -39.37981999722753 -24.575759771775427 -37.83965765980793 -0.1775488286187752 -27.43284519689504 -9.732871514211126 -40.94217549756661 -230.0197615030924 -120.86013910266257
1421 25347.95996618271 8.471935335154802e7 -39.34863737331461 -24.55140144670831 -37.86454379215604 -0.18756954525847647 -27.451500926277166 -9.785865004085167 -41.10856837850298 -230.0263376352566 -120.72087641302261
1422 25386.618229150772 8.478049328897642e7 -38.05811623301217 -23.59236371683919 -38.69957791953811 -0.5762414489008094 -28.21189665926641 -9.198848258561895 -42.440225147148396 -229.6547268848637 -120.19320232908711
1423 25425.015995025635 8.479990862740435e7 -39.68699396967719 -24.864792285446388 -37.44714098830102 5.498738384090984e-5 -27.455581523605268 -9.546661355761898 -40.51556209344642 -229.82391061874887 -120.09896318733712
1424 25429.715784072876 8.460463115522455e7 -39.312752657577775 -24.505309508297263 -37.90899553689734 -0.21192458627622557 -27.448010996075244 -9.887686279728996 -41.311665735787244 -230.2019873232373 -121.75207712392
1429 25453.148081064224 8.461908038655978e7 -39.328972845738754 -24.521270283656293 -37.89162500707088 -0.20294802970050085 -27.444794564858206 -9.868996888321192 -41.270795471174154 -230.1812980305658 -121.63925327687298
1430 25457.91076898575 8.461841264547193e7 -39.316206894122686 -24.50721171882047 -37.906438745136036 -0.2113941249032223 -27.446774197191512 -9.869781061244737 -41.28398840042229 -230.17978805767586 -121.61098233095709
1431 25462.65248608589 8.472748842144053e7 -39.31500114328922 -24.507846643072355 -37.90834644867277 -0.21143988369664868 -27.44637569581939 -9.756044972123789 -41.04898401899868 -230.01467845590315 -120.65513306570426
1432 25467.3769030571 8.461540664154035e7 -39.31987297635996 -24.510512633581314 -37.90321906739789 -0.20954028203462371 -27.444749182560617 -9.871061471431801 -41.268250969965095 -230.1867106797162 -121.67227602415886
1433 25472.083953142166 8.460504182408766e7 -39.315087901680016 -24.50734360654944 -37.90541158518231 -0.21014102979751925 -27.448386284992228 -9.88635687915189 -41.31810746482353 -230.20209076368172 -121.74236863635593
1434 25476.804565906525 8.46064997704242e7 -39.31617748985576 -24.507737125925537 -37.90544411937007 -0.21026000653984767 -27.44723579326686 -9.884376080218715 -41.304197886301836 -230.1993898582616 -121.72742986205174
1435 25481.600318193436 8.460965402139078e7 -39.316600585648764 -24.508585685994614 -37.90419651931792 -0.20957542048422084 -27.447511951412068 -9.889730955083223 -41.30422140208901 -230.20082666984553 -121.69688255444481
1436 25486.28687620163 8.461092403744082e7 -39.315760662698125 -24.507932554013838 -37.904790199033364 -0.20993511993011538 -27.448275409842637 -9.87210707039742 -41.30130943687175 -230.1855844573687 -121.66772645012225
1437 25491.050606250763 8.460988794174258e7 -39.31534901285 -24.506480644099735 -37.90522888467597 -0.21023498362807658 -27.44728173477542 -9.879886132187778 -41.291918673678936 -230.19355569326422 -121.70318985325247
1438 25495.707058429718 8.460511145248826e7 -39.3176343334743 -24.510223437446793 -37.9041472530731 -0.20958199679919431 -27.4477338832479 -9.890160121799795 -41.30881905207701 -230.20837048195978 -121.75453561806677
1439 25500.360850334167 8.461255340977615e7 -39.317384189916126 -24.508702883099772 -37.904277645880626 -0.20969789477879885 -27.447124824575376 -9.877117356685346 -41.287918614735986 -230.19148411452784 -121.68211086134443
1440 25505.073214530945 8.460161169511828e7 -39.315427256847045 -24.507982090666367 -37.905325071869385 -0.21029687313631484 -27.447973857461687 -9.891070071918818 -41.32446825959448 -230.20722750166044 -121.76967304272807
1441 25509.87769150734 8.460099272551617e7 -39.316245470564496 -24.51037741904701 -37.90418073138684 -0.20995381508683408 -27.447860501960726 -9.894330469907743 -41.330738724148716 -230.20957158258022 -121.77741639743323
1442 25514.61393547058 8.460063844897789e7 -39.31869960638065 -24.51756173983861 -37.900747330513106 -0.2089245365458794 -27.447520412756788 -9.8913203426402 -41.33083907973105 -230.20930671033852 -121.781861144603
1443 25519.315559625626 8.461666716229793e7 -39.32605746934458 -24.539099734820166 -37.89044371305639 -0.20583576138797355 -27.44649994084053 -9.871296597482797 -41.279265191836544 -230.1867918134369 -121.65166866876183
1444 25524.04908156395 8.476017922483046e7 -39.31354306365212 -24.442111602650332 -37.73719532167518 -0.09189278349600016 -27.54231797117271 -9.654886169806048 -41.24295119365377 -229.9019744734889 -120.2352080790485
1445 25528.69209241867 8.471912755358043e7 -39.333737223616424 -24.539400616679103 -37.890168227722675 -0.20740483882894267 -27.437677402850266 -9.748417323226363 -41.07006198214407 -230.01060051358144 -120.79920463952965
1446 25533.43520140648 8.477756133584139e7 -39.33320493875837 -24.574097438853634 -37.879410585473046 -0.19924217653920806 -27.455699148507943 -9.6174551034253 -40.743892313019444 -229.89707644062565 -120.3659747514003
1447 25538.22442126274 8.477492737633178e7 -39.11002827169065 -24.48348775764089 -37.67690742243632 -3.290494618823914e-5 -27.814210103576947 -9.341517753973676 -41.673623414453004 -229.7481569634868 -120.18059461459688
1448 25543.001580238342 8.460693585686627e7 -39.32143810387212 -24.516466872529616 -37.89910568302291 -0.20644639552595123 -27.44722101235038 -9.889934031408018 -41.321592119295815 -230.20188108796737 -121.72052394402613
1453 25566.791481494904 8.461119148703867e7 -39.311636561983526 -24.510127616584647 -37.90835134355656 -0.21358615288764327 -27.44825201427789 -9.880104248236705 -41.31132973136073 -230.1928750261215 -121.6880526037097
1454 25571.475271463394 8.461799631331882e7 -39.32738829394754 -24.524588251086392 -37.894823333136245 -0.20619010460592335 -27.443360429344242 -9.857488041004615 -41.247072711598435 -230.18056304764127 -121.65586669225382
1455 25576.191905498505 8.462130031125812e7 -39.32323098894847 -24.523145620293718 -37.89447609068362 -0.20570526443753323 -27.44632921908245 -9.864977948837918 -41.27174320508175 -230.17808353386243 -121.62864951435
1456 25614.947442531586 8.461436254235685e7 -39.31817456922916 -24.51650944259284 -37.90171712715355 -0.2095099133685494 -27.447229667927044 -9.871129334240322 -41.273466304977774 -230.1865201213002 -121.65880822638036
1457 25653.615940093994 8.460225695052005e7 -39.31792586628015 -24.5171975297055 -37.900796823009756 -0.208833036471475 -27.44851403281564 -9.888547679464239 -41.32494709795657 -230.2063923807849 -121.76338011033579
1458 25692.87420606613 8.46024096946991e7 -39.31802082002643 -24.517092803955652 -37.90088555904081 -0.20897470965947207 -27.447898250237984 -9.902147479252903 -41.33492213389212 -230.21388908385205 -121.75775653351764
1459 25732.060239076614 8.471756665536866e7 -39.32168386611686 -24.521026466538647 -37.896801247093684 -0.20656514540451099 -27.446858098388308 -9.806432216757628 -41.138220082080466 -230.04785038922915 -120.7209032789728
1460 25770.446338653564 8.459963804454242e7 -39.31828445036298 -24.516983668290486 -37.90133824111936 -0.20922358964883614 -27.447686545944535 -9.893625283281438 -41.33422880350139 -230.21160370019658 -121.78880103894517
1461 25775.221561908722 8.47647439879391e7 -39.31703739238001 -24.51524768839503 -37.903110926504716 -0.2101209806588713 -27.448185008485947 -9.747939232204033 -41.05608836485362 -229.97818524057197 -120.33103380834416
1462 25779.983329057693 8.471833755187841e7 -39.50612145368975 -24.847787146679362 -37.55325621998351 -2.4217626595657293e-5 -27.56712048468716 -9.64647315782662 -41.33353889571197 -229.93361815063537 -120.73004592303795
1463 25819.533485412598 8.471920062806666e7 -38.35102545946964 -23.392201704269286 -38.73163995480288 -0.6293597997433906 -27.709069021140934 -9.708203714855301 -41.7756267857327 -229.9712040841074 -120.69125433173366
1464 25858.357311964035 8.468398091699335e7 -39.30909628884671 -24.527512808371583 -37.90250706502918 -0.2132798174281163 -27.442067188312475 -9.862149495664426 -41.19436479319029 -230.07479289575457 -121.03071882241642
1465 25863.098475933075 8.471975564647911e7 -39.21257320722948 -24.38329040259167 -37.99733175131531 -0.25328786602590014 -27.468696851000157 -9.81651354838533 -41.17988013703621 -230.04000113205547 -120.70981411950942
1466 25867.838497161865 8.461485721369655e7 -39.31214146757732 -24.507908935724743 -37.90850174212142 -0.21322949297183413 -27.44906819048858 -9.886458812659612 -41.31264223334182 -230.19251742800304 -121.6479379859494
1467 25872.626939058304 8.460417678317493e7 -39.32005295379775 -24.51386477523575 -37.900170993228876 -0.20709325554066993 -27.446973923438698 -9.885947377208822 -41.31531181379489 -230.20224122253342 -121.75032681747439
1471 26028.95342707634 8.464651726762345e7 -39.31306534393767 -24.51309600442709 -37.90433838360578 -0.2104884264168092 -27.45118884198828 -9.874566624644103 -41.296700879841296 -230.151919912035 -121.41272115476164
1472 26067.497802972794 8.460071014979503e7 -39.31325122757947 -24.51039164741938 -37.90434706367977 -0.21084205976746517 -27.44796736876939 -9.888170241854823 -41.32468745448915 -230.20941889766715 -121.78418274563228
1473 26072.154768705368 8.460078401344328e7 -39.3196561018372 -24.51900501110391 -37.90054116975985 -0.20868701128234335 -27.447700382835162 -9.892922898947234 -41.334679121039926 -230.20890952810618 -121.77886277176418
1474 26076.832103729248 8.46007799550497e7 -39.317401030460246 -24.516367824135123 -37.90173054286182 -0.2093808479164494 -27.44842618636719 -9.891676508147441 -41.328891649238756 -230.2090368736208 -121.77742593526727
1475 26081.539784669876 8.460225393074436e7 -39.31804801701574 -24.516847036625727 -37.901207875017036 -0.20917288711274296 -27.447873877845343 -9.902985705459002 -41.338163730912584 -230.21504304564615 -121.76227636027625
1476 26086.36997961998 8.465260845148392e7 -39.315561759796175 -24.51375869462162 -37.90465703538821 -0.21102980347750844 -27.447919613426954 -9.853982819788541 -41.24693145530699 -230.14091351796299 -121.32335310542044
1477 26091.116965532303 8.460817002624011e7 -39.318494619160376 -24.51676012694458 -37.90143783291608 -0.20929764856538924 -27.447526023108864 -9.879544121617243 -41.298603432932566 -230.198470698395 -121.72056967227962
1478 26095.996671438217 8.460149706678067e7 -39.31488034865302 -24.508251663007236 -37.905699171637515 -0.21056647020155594 -27.448207873713066 -9.892946028121628 -41.33089459556311 -230.20846650550072 -121.76924777025556
1479 26100.841217279434 8.46078176966597e7 -39.31728408045423 -24.516263190253184 -37.90173865229208 -0.2094892597825222 -27.448555699545572 -9.882139042453389 -41.32606936403505 -230.1941363075597 -121.70344412497855
1480 26105.647614240646 8.461224117831145e7 -39.31263345451587 -24.51076128689922 -37.907820898787755 -0.21349809234071415 -27.448668550027165 -9.891767099370554 -41.335677251041375 -230.1962806188073 -121.6607722090423
1481 26110.62474322319 8.463262964945056e7 -39.32956972551341 -24.529416522363483 -37.88814331168117 -0.20227961545909778 -27.446086050242258 -9.866706446470118 -41.281767365155304 -230.16216461283346 -121.5236019405076
1482 26115.507511138916 8.461146642303173e7 -39.32037023363003 -24.51849695597339 -37.90008296943113 -0.2087249704975207 -27.44692966685701 -9.869772694487494 -41.28197123010875 -230.19088579177486 -121.69875455487426
1483 26120.26460337639 8.473310622291277e7 -39.321005072470854 -24.52451793614829 -37.89712455521944 -0.20666646947474732 -27.447992471150076 -9.780545610233958 -41.094442521273436 -230.01687069502077 -120.55735729661728
1484 26125.042571544647 8.467402164936292e7 -39.30566690350539 -24.504778042152314 -37.91352286555853 -0.21571493243123285 -27.450568923984378 -9.853084928193596 -41.228493974439345 -230.1151920393013 -121.1296402047414
1485 26129.81987261772 8.471367086509526e7 -39.31759193134686 -24.51597364517952 -37.89930576226905 -0.20806716095644617 -27.44890714339087 -9.804300111103828 -41.15555747665587 -230.05931737163928 -120.75102730427443
1486 26134.576848745346 8.471284955917743e7 -39.63949972843952 -24.961992185651713 -37.47094924831757 -0.00475338180356033 -27.467297257620633 -9.68457255794965 -40.97187670771933 -229.9810673147652 -120.92875024264771
1487 26139.298114538193 8.47673533350096e7 -39.659320907606585 -24.98012291408757 -37.45274352619263 0.0047776972505531035 -27.46453221887943 -9.637769780655788 -40.85979085462998 -229.90708771754197 -120.42164249547011
1488 26144.06023454666 8.472768316133963e7 -39.33357867874346 -24.532796500846548 -37.889189545847906 -0.20368386961411744 -27.441769690579136 -9.744641498438853 -41.06385251171889 -230.01418004451108 -120.6284995324034
1490 26153.475563526154 8.480472664532483e7 -39.06914240410728 -24.502628977619224 -37.77784100370268 -0.030663684371496913 -27.82986666370768 -9.354208482272554 -41.63048108686684 -229.73852739762089 -120.03603898469333
1491 26158.199390411377 8.475225653841478e7 -39.23638336442172 -24.425531898309828 -37.98187026023167 -0.24677531519018459 -27.467653238556622 -9.721613967128462 -41.05882122401249 -229.951493440381 -120.36454857247486
1492 26162.97096514702 8.472922244048761e7 -39.099711047015866 -24.523098714751093 -37.711635495970995 -2.4442102301236446e-5 -27.83796280840837 -9.511446354810403 -41.99981471018384 -229.84902617583515 -120.52375165581861
1493 26167.650842428207 8.460573293741085e7 -39.31851422567208 -24.518341484412105 -37.90072611959817 -0.2090548993201864 -27.447423219341015 -9.90565707588678 -41.34455770725077 -230.21021769297408 -121.71600827050281
1494 26172.415152311325 8.46051904947392e7 -39.31594474810088 -24.510093784169467 -37.90424036399872 -0.20986953003599496 -27.448145519957787 -9.886101769619813 -41.3206593147421 -230.20200909872187 -121.7419680542414
1498 26191.565828323364 8.461013520462134e7 -39.3217717073724 -24.51968142997134 -37.89901769950742 -0.2081894647050575 -27.445825515820125 -9.87911609891404 -41.29799318581382 -230.19612128848917 -121.70732506793371
1499 26196.294557094574 8.467205504501747e7 -39.31651378674337 -24.515184702614835 -37.90393376853295 -0.21074952727985874 -27.447109394170404 -9.82335189833043 -41.18110987880408 -230.10609497709675 -121.14427768699363
1500 26201.04967403412 8.46059031809212e7 -39.31882714411288 -24.517873158488612 -37.90090898561614 -0.2089920525162441 -27.447425298759494 -9.881478499546859 -41.30441651925844 -230.2003935679752 -121.73919124904899
1501 26205.83753013611 8.459958221323691e7 -39.320769070335125 -24.51982385926601 -37.89850377806951 -0.20728719041883892 -27.44718680805046 -9.888942600350106 -41.335345800393554 -230.20813106212154 -121.78566664946243
1502 26210.47816514969 8.465532685731277e7 -39.32821683992697 -24.528337704704168 -37.88999952403933 -0.2014786076356856 -27.44568773250198 -9.834910853992596 -41.20797622528232 -230.11805824283903 -121.31082776108718
1503 26215.149806022644 8.475562948938034e7 -39.31428445351308 -24.512202424933534 -37.90607513241715 -0.21403871084161352 -27.445074264391806 -9.733558563670897 -41.038575024280135 -229.96221821890651 -120.41611648986839
1504 26219.889802217484 8.479382912171009e7 -37.6755181997345 -22.90687487846268 -39.223907166463796 -0.8040518663541079 -28.093626347785037 -9.111315378269353 -42.01807361626766 -229.65867164620505 -120.3022638781303
1505 26259.084937095642 8.47457427137929e7 -39.33221115388046 -24.54337112611574 -37.88801725990684 -0.20263460540237332 -27.448136305712417 -9.77325816196145 -41.0777056594153 -229.99791344336228 -120.49111735145146
1506 26297.71532845497 8.477605683821882e7 -39.47706197139614 -24.646370843811308 -37.648322091248716 6.738269868833413e-5 -27.27272494993047 -9.785634996799843 -40.627912075037216 -229.97862734697554 -120.36028634267501
1507 26336.392166137695 8.466851887321578e7 -39.32190924122219 -24.522300918763747 -37.8957461998513 -0.20665563370170048 -27.447689189233518 -9.84778452056537 -41.24186749471875 -230.11417320389575 -121.22220770102763
1508 26375.282289266586 8.4604305829347e7 -39.31504501784423 -24.509561269877832 -37.905682625291625 -0.2106066225490153 -27.44793038043544 -9.887385187196628 -41.32070129094541 -230.20301231632482 -121.75028618174588
1512 26530.361362457275 8.46098838891536e7 -39.32385734284743 -24.52218345419258 -37.89664809559734 -0.20649909181157966 -27.445362011055977 -9.876212589532429 -41.295256444550375 -230.19366164626547 -121.70829250849954
1513 26568.751550912857 8.459869353033133e7 -39.321277773840954 -24.523174115244718 -37.8975176396816 -0.20727254222202163 -27.44725679041757 -9.895839712254713 -41.335605600027634 -230.2128881014296 -121.79621600691269
1515 26646.551406621933 8.460328360343362e7 -39.32280213519248 -24.533219864648107 -37.89455813185743 -0.2072283476317338 -27.447466683347645 -9.901057221095357 -41.3236776700125 -230.211410852273 -121.731963609758
1516 26684.8337392807 8.469951887342827e7 -39.35793088084298 -24.570714390597857 -37.85026428664491 -0.18459963290239045 -27.44641413885647 -9.802917870901808 -41.212399868072566 -230.06374052164375 -120.8649376465192
1517 26723.439909934998 8.479528681032483e7 -39.03205591988109 -24.247423048444862 -37.660890755970335 -0.00258115961931793 -27.844912898366243 -9.394661291538 -41.90491487223545 -229.7035166893769 -119.88496766004187
1518 26762.044590711594 8.469230235188495e7 -39.170927382385074 -24.352793042585194 -37.62450421293631 0.0002783307046030359 -27.766764612519275 -9.594600531429705 -42.01426519997392 -229.90631089243044 -120.71302907037654
1519 26800.9598402977 8.4605284888694e7 -39.31202960779805 -24.495628851142552 -37.909820477239094 -0.21137074500380493 -27.448270092600218 -9.891654475979863 -41.32239150603425 -230.20493675800373 -121.73998186179966
1520 26839.688544750214 8.460003064606148e7 -39.32011039103422 -24.5238278355262 -37.89837589259397 -0.20826471430899574 -27.447667705303274 -9.891618072387303 -41.32055217055091 -230.20899499365038 -121.77641558136895
1524 26926.706936597824 8.46092421655912e7 -39.32438129014761 -24.52556783725138 -37.895631824349124 -0.2064655800602111 -27.445423486752485 -9.88199994660431 -41.29924181582902 -230.198070528325 -121.71680712845682
1525 26931.46340751648 8.45987948839644e7 -39.321743616185 -24.524089659303154 -37.8973073891039 -0.20713538115298036 -27.447233596532072 -9.89714984279766 -41.33324537387574 -230.21312696831336 -121.79585773076576
1526 26970.242414951324 8.46058174553998e7 -39.32220489930866 -24.52374714180054 -37.896926411761264 -0.2069462093352996 -27.446802733363302 -9.886664410007825 -41.317799152612224 -230.20037009215338 -121.73153878316947
1527 27008.59152150154 8.461046036388974e7 -39.32247844990937 -24.52395540827697 -37.89689871101686 -0.20695947948114934 -27.446833545176442 -9.884099915592344 -41.29942318384769 -230.194521324402 -121.70404747789235
1528 27047.695362091064 8.462734637020522e7 -39.318594583991924 -24.521147348793363 -37.900231327585345 -0.20873124499922113 -27.4476110457368 -9.888714324293915 -41.31710353995868 -230.18431501900358 -121.55386357438914
1529 27086.92088842392 8.46030820610495e7 -39.32126672741449 -24.522837262798387 -37.89731729416329 -0.20711408056625658 -27.44756802487403 -9.88696549221038 -41.31868191395739 -230.20571127395027 -121.76317823049362
1530 27126.585349082947 8.459766678074412e7 -39.32025764934292 -24.522574431246284 -37.898479845559514 -0.20779295022120436 -27.44738881003076 -9.898463926089278 -41.333537184256954 -230.2150194446694 -121.80294967447787
1531 27131.261399030685 8.473823769717242e7 -39.31719681515578 -24.520774830658613 -37.90136648387982 -0.20935425349563275 -27.447784886826287 -9.78864068231087 -41.079933129328026 -230.0139481917484 -120.5098567081447
1532 27136.06994009018 8.471030296431592e7 -39.28127019454187 -24.501408828664214 -37.94164904377436 -0.23523287559557815 -27.449395701502105 -9.808741628479481 -41.11285027452345 -230.05761931209713 -120.81111436528698
1533 27140.807855844498 8.472438023489754e7 -37.92500215148252 -22.950860443973305 -38.507278166664584 -0.4152013927288607 -28.094787984746834 -9.1989956637035 -42.54626360103998 -229.7246222611641 -120.79545037365114
1534 27145.564925193787 8.474809377025011e7 -39.55584867353937 -24.963110022704452 -37.609674687079846 0.0009090953642711952 -27.731468567234423 -9.560720356573881 -41.728490210530424 -229.84254558660734 -120.29077628942503
1535 27150.250136375427 8.464777026836371e7 -39.31823540245072 -24.51539595162429 -37.902004505961884 -0.20919529349311006 -27.446947638486186 -9.862661263112159 -41.24808726002641 -230.14625187307888 -121.36811650916542
1536 27155.045546770096 8.460251204166028e7 -39.3180033684148 -24.516747267215827 -37.90109875045648 -0.20892358881559403 -27.448122426476687 -9.886774272114337 -41.324390963496455 -230.20548456767574 -121.76268633730564
1541 27178.764917850494 8.460811892456391e7 -39.3230116973162 -24.52398558756721 -37.89710429771767 -0.20731990058896343 -27.445559130234276 -9.882736734448088 -41.29541428808767 -230.1987719563511 -121.72572689075042
1542 27183.653393745422 8.460373150195028e7 -39.30530153324587 -24.49796299470411 -37.91447219115293 -0.21656828253492932 -27.449383871784416 -9.886609110508687 -41.308308808672734 -230.20278283055268 -121.76782334670446
1543 27188.33393073082 8.460354442194727e7 -39.32071898024194 -24.523027490977785 -37.89816144209412 -0.2076251063304113 -27.447233307212873 -9.885888991681043 -41.30217055085126 -230.20325938787772 -121.76051130138273
1544 27193.051228761673 8.460489266576998e7 -39.31894075428376 -24.52081454635675 -37.899598552034476 -0.2084027356411724 -27.447912018886825 -9.884335774324256 -41.30642282772101 -230.20203935487035 -121.75056737330794
1545 27197.824721813202 8.460822682063955e7 -39.31854798833523 -24.52034003605173 -37.89972405195647 -0.20850105352951687 -27.44794126775672 -9.892018221178546 -41.30787138505514 -230.20296934278826 -121.71264114389999
1546 27202.613998889923 8.460409216982657e7 -39.32536724957184 -24.528650033560197 -37.89570707887951 -0.20637745844819477 -27.447087965169395 -9.890694359978738 -41.30548988422703 -230.21119888733836 -121.76942850219075
1547 27207.398467063904 8.460074153183319e7 -39.321087567227096 -24.5228979181121 -37.89759716185376 -0.20738608309817153 -27.447315412700583 -9.891665879469087 -41.31983955297369 -230.2097167253438 -121.78461183115706
1548 27212.118458032608 8.460173266861649e7 -39.31881700360535 -24.520517683400854 -37.89972109751674 -0.20853261030663361 -27.447981477880216 -9.896462864832472 -41.33376230496066 -230.21013403049858 -121.76768396787776
1549 27216.873136281967 8.460372175054316e7 -39.3315651969658 -24.535250525016412 -37.8851711189855 -0.20076013362786682 -27.4458076375462 -9.89176951109448 -41.31806245143031 -230.20510741945446 -121.76152104237917
1550 27221.714507579803 8.473075767990094e7 -39.322168800692864 -24.52459771889851 -37.89615367866753 -0.2064365943652291 -27.447087557993882 -9.797241139452922 -41.099975228278595 -230.02533501079506 -120.57183035617766
1551 27226.45825457573 8.461310247112511e7 -39.3190026363671 -24.514296582158316 -37.90150332207229 -0.20736681950847213 -27.447192910870314 -9.857572920338555 -41.26230279117067 -230.17800565362188 -121.66363660835202
1552 27231.17432785034 8.461222164781918e7 -39.313657360790735 -24.515687632817762 -37.9061014996642 -0.2117143740308265 -27.44831029407666 -9.88007065774724 -41.286560600335406 -230.18861980297652 -121.67871062812497
1553 27235.887404680252 8.463722694008042e7 -39.31913385805689 -24.519306167785 -37.90048957407315 -0.20904200402603834 -27.447736120311703 -9.881835877526726 -41.28600662664928 -230.15820458494932 -121.40706537916083
1554 27240.713778734207 8.460715554783174e7 -39.335442266963696 -24.53838344392299 -37.88092264474282 -0.19611708370090497 -27.444801731229614 -9.871613687628155 -41.30118645498146 -230.19449965452765 -121.71540566665203
1555 27245.315603733063 8.47416138258706e7 -39.320754957352015 -24.524407596183487 -37.89778988378111 -0.2072926670831876 -27.447238194643194 -9.78808050762376 -41.07586776487983 -230.01231369330708 -120.49592521707177
1556 27250.05982875824 8.476020377952592e7 -39.634774618816145 -24.95096781405551 -37.477536567668025 -0.008550132729297388 -27.467815230612636 -9.588829879428545 -40.81539086919378 -229.89719283282517 -120.50627918027823
1557 27254.738474845886 8.472042584590134e7 -39.66404043090921 -24.9911375189457 -37.446154944389406 0.008573763784355037 -27.46401439493539 -9.679634170928239 -40.93434254133945 -229.97092451665947 -120.84955887259173
1558 27259.44772386551 8.466380172454898e7 -39.32123384334584 -24.54045566873345 -37.89740166679313 -0.21012831813445842 -27.447515307027682 -9.85382876146565 -41.25260850516344 -230.1225234020656 -121.22477064938414
1559 27264.12506389618 8.472150898122746e7 -39.39860846691019 -24.61283426288457 -37.814298469936524 -0.1652431758861681 -27.431662731789185 -9.690241153046657 -40.92315633492262 -230.00427933992313 -120.76845314232799
1560 27268.890259742737 8.483052744353683e7 -37.31078276317304 -22.58130956499304 -39.59083356755364 -1.0679507065759637 -28.195480721441903 -9.187160106838519 -42.482125645636756 -229.63407657602983 -119.8314686302408
1561 27273.63863801956 8.477728304085067e7 -39.725697981600355 -25.029673493753265 -37.42053328540974 8.932647335058164e-5 -27.444909253836308 -9.523097177496197 -40.735588120764476 -229.84404915520025 -120.34689354559885
1562 27278.398239850998 8.46142510654202e7 -39.31774719293462 -24.51287958350944 -37.9026013185889 -0.20925884361642488 -27.44740602743515 -9.88012297545663 -41.29750627060707 -230.18734961741478 -121.66329617652303
1563 27317.953969717026 8.459877201775174e7 -39.318550276283894 -24.518609126330865 -37.90044054885837 -0.20871381883247864 -27.447837535453676 -9.895777981611332 -41.32830207852618 -230.21214288927507 -121.79486000591947
1567 27471.86849451065 8.460252474987705e7 -39.3211381789515 -24.52304766760237 -37.89830564942137 -0.20783410085577003 -27.446568610971486 -9.891664444552646 -41.319096166824465 -230.20699882730327 -121.7581867019689
1568 27510.447959661484 8.459861430480103e7 -39.317500249833486 -24.519623695794504 -37.901669192995875 -0.2096401429882775 -27.44780952252444 -9.896691526691257 -41.33230588715793 -230.2135909652938 -121.79600024745764
1569 27548.683617830276 8.459775364875932e7 -39.32056206545967 -24.522982590906977 -37.89833276801299 -0.20770378394070832 -27.447369122894088 -9.899048387992082 -41.33293408507768 -230.2145759915611 -121.80197733005207
1570 27587.636393547058 8.45981729889732e7 -39.32073207674382 -24.523174045209416 -37.8977554704277 -0.2073460289171436 -27.447461858591964 -9.893876081556186 -41.329081141735514 -230.2114719435972 -121.80015646123655
1571 27626.67523598671 8.459934815425041e7 -39.31777414221886 -24.520093139839634 -37.90094178530431 -0.20919343698353288 -27.447890209660535 -9.910276056327007 -41.34167429719838 -230.22017839831528 -121.78222365015785
1572 27666.062376976013 8.460365185243864e7 -39.3211372251534 -24.523410053406433 -37.89767700133275 -0.20733366888076432 -27.44709734959603 -9.890578714205333 -41.318343091275835 -230.20414663356297 -121.74815675244531
1573 27704.789521932602 8.460163120194282e7 -39.3209891870804 -24.523838208564683 -37.8988117680764 -0.20804583438390978 -27.44745065733009 -9.897086812514885 -41.31789290288509 -230.21581527590837 -121.78395331975611
1574 27743.512342453003 8.45982263089304e7 -39.32088948427459 -24.523131417531996 -37.897870225789994 -0.2074534685231484 -27.447254861397305 -9.895212505016673 -41.32781107902292 -230.2126322458223 -121.79921984005898
1575 27782.296191215515 8.459863419194447e7 -39.318116508351764 -24.520298448572383 -37.90087297123462 -0.2091553538194617 -27.447700380706824 -9.898850981314126 -41.335649724199925 -230.21487232191282 -121.7961187563107
1576 27821.553138256073 8.460145311433141e7 -39.3134306102359 -24.515432768090783 -37.90622370817161 -0.21231230440995574 -27.448429238951597 -9.900742751279779 -41.34124543127149 -230.21114962806922 -121.77413138911334
1577 27860.285310983658 8.459675820980094e7 -39.31842802440066 -24.518038729489437 -37.900997774180375 -0.20872121014343747 -27.447596509831346 -9.898552945421443 -41.33541340183905 -230.21587740928794 -121.80794542767472
1578 27898.873794794083 8.460013289412315e7 -39.31293766670228 -24.50442691411388 -37.90855049818245 -0.21150570947915526 -27.448219548026714 -9.897510294495248 -41.33226750349411 -230.21134687499477 -121.77997657310829
1580 27976.636721372604 8.471200824459246e7 -38.583767667446864 -23.781351638359617 -38.51048730642734 -0.5318975262288248 -27.634931588359557 -9.58085020756181 -41.48973023386634 -229.94127159322375 -120.859078243255
1581 27981.473110198975 8.474051177593267e7 -39.235415711222544 -24.411954778171427 -37.989176576177336 -0.2536336727933204 -27.462953129748186 -9.58444312010613 -40.7433733190324 -229.91467199449386 -120.70596552817767
1582 27986.295545101166 8.478244361604184e7 -39.77507963172806 -24.89580942688871 -37.481391946545145 -0.00014500893833258033 -27.40570464115595 -9.585933929848693 -40.46136027675976 -229.8985957383236 -120.34478144524263
1583 27991.035456180573 8.463684044229905e7 -39.31969140747768 -24.522552137089214 -37.89911333392693 -0.20793012330425142 -27.447620914536298 -9.867817543166439 -41.28899791183949 -230.1627928651052 -121.46866308160156
1584 28029.853846788406 8.459771822701186e7 -39.318947747962994 -24.518809597579374 -37.900338859970084 -0.20867591546576847 -27.447545533601975 -9.897512278941576 -41.33586705774826 -230.21466920914906 -121.805356574639
1588 28184.789474964142 8.460214599791403e7 -39.31982276916689 -24.519150629571644 -37.900248572087776 -0.20846498547859227 -27.446720680681256 -9.891036139011078 -41.32043222226213 -230.20709629292048 -121.76093847818015
1589 28223.383345365524 8.45977729651751e7 -39.318892059234294 -24.51857386746958 -37.90066739467765 -0.2085118911527104 -27.447544977025586 -9.898244667635936 -41.33230228458484 -230.21441430503296 -121.80243659136335
1590 28262.157358646393 8.459926299729645e7 -39.31888767314919 -24.51817726130072 -37.900239454816884 -0.20808992892302314 -27.447590400822005 -9.891179541377653 -41.32186376903604 -230.2103858725837 -121.79631768194292
1591 28300.865081071854 8.460032103057224e7 -39.31995241180502 -24.518704645147494 -37.89892518725439 -0.20713741505576877 -27.44736871404102 -9.886118050461164 -41.32032806181752 -230.20655483749317 -121.78043029921929
1592 28305.492554187775 8.460493464693785e7 -39.31983876119503 -24.518712156870947 -37.89946966185225 -0.20760755055735558 -27.447200338392463 -9.875656738698865 -41.29688934674624 -230.19678544593233 -121.7405850424866
1593 28310.218405246735 8.460474925539273e7 -39.321363384906405 -24.520003654280703 -37.89759266087661 -0.20672983121543353 -27.44707782958192 -9.875746507944825 -41.299030441589366 -230.19697217002863 -121.74154901796624
1594 28314.88086628914 8.4609211365413e7 -39.32253061619582 -24.522155606524937 -37.89767405998891 -0.20659187476559993 -27.44702500101769 -9.874379931675719 -41.28215341285721 -230.19793509031706 -121.72142667075042
1595 28319.587078094482 8.459812891707951e7 -39.31761247998149 -24.517411924104138 -37.90191215066378 -0.2093214355345978 -27.447760867952866 -9.898049371272407 -41.33576013901467 -230.2149016593312 -121.7989111623877
1596 28324.445590257645 8.459694134966113e7 -39.31885379608052 -24.51837100748952 -37.900848256441904 -0.2086586573765814 -27.44741237471844 -9.898247958740114 -41.3350813684699 -230.21549442009092 -121.80689643288474
1597 28329.159073352814 8.459580873555166e7 -39.31367437859598 -24.510269506517453 -37.9060388692367 -0.21144395497136514 -27.448202088126557 -9.896946448885444 -41.3310102562354 -230.21573000275146 -121.82754851218306
1598 28333.91136622429 8.462556738919552e7 -39.29940723378234 -24.486951800886562 -37.921161372604935 -0.21961311990672527 -27.450019031562903 -9.844308797584858 -41.24719423765026 -230.15940044232093 -121.57251814724401
1599 28338.58385515213 8.474010938480747e7 -38.83117202850525 -24.118849908851764 -38.280333980676836 -0.4210179059873056 -27.61007960247072 -9.565110119957296 -41.22618236032969 -229.92028570693333 -120.71456654331064
1600 28343.239481925964 8.475198950172268e7 -39.267098461919055 -24.44208215873131 -37.953808537574595 -0.2318882933117834 -27.46243762458482 -9.672364023456169 -40.850893096809386 -229.95035633570728 -120.57358675810093
1601 28347.97883296013 8.478275845222726e7 -39.80694437226386 -24.929121533056897 -37.39031914926913 -4.68358299343663e-6 -27.264450596469374 -9.686275423673067 -40.255735326282036 -229.9415137970161 -120.28293950948756
1602 28352.66979265213 8.460205332596268e7 -39.319253168227206 -24.52170954878123 -37.899897438299256 -0.20891469848546507 -27.447525890151343 -9.892509118221426 -41.32181435745258 -230.2072454676562 -121.76334836800459
1603 28357.47968363762 8.459786878879154e7 -39.318976350539195 -24.519057460126227 -37.900157289406046 -0.20829786288171448 -27.447574663216496 -9.895298052485543 -41.330255975991406 -230.21329338024833 -121.80076566235948
1607 28376.33877968788 8.460699130198579e7 -39.31631170364255 -24.511543813140367 -37.90386305652945 -0.21027892577845364 -27.44704342720314 -9.880464340480785 -41.30141940301388 -230.19859948387676 -121.73724466357129
1608 28381.100762844086 8.466487212977535e7 -39.32207166759671 -24.521268510638098 -37.896701546078205 -0.20679445192542545 -27.446718148074453 -9.854922896453843 -41.20489548897439 -230.11982814637383 -121.2328274292397
1609 28385.76859974861 8.46013569203145e7 -39.32676362872036 -24.530990593020707 -37.89200197838949 -0.2037632473121107 -27.44657169414583 -9.889449661922185 -41.322658694738266 -230.2056775518672 -121.77044859802231
1610 28390.54791355133 8.459629829039119e7 -39.314075297551064 -24.510773177933338 -37.905778839190255 -0.2112892765939094 -27.448169810773056 -9.896570884604728 -41.329696987948125 -230.21448630889552 -121.82322618264351
1611 28395.309374570847 8.472981718527567e7 -39.31442940097776 -24.51121313461428 -37.90515302071342 -0.21093781072593032 -27.448061179088956 -9.800250950993757 -41.11661398595953 -230.0276682378792 -120.57777991814919
1612 28399.962887763977 8.459894717511809e7 -39.31340523409901 -24.509939523533856 -37.906103819002944 -0.21143502194610164 -27.448415740457783 -9.893021579907952 -41.32709772202753 -230.21047192818634 -121.8077720630265
1613 28404.6634619236 8.4601871425907e7 -39.314008590811326 -24.510496678654793 -37.90584091755745 -0.21132963445342057 -27.44799928486749 -9.890144253686003 -41.3168034210625 -230.20507969052125 -121.7705794136923
1614 28409.32898402214 8.45969437404294e7 -39.31157527185566 -24.50740000042923 -37.90720475974592 -0.21203586810901953 -27.448379951588173 -9.89269171069759 -41.32279348458155 -230.21368635782585 -121.82445533218066
1615 28414.009820222855 8.465124874233109e7 -39.3131600290357 -24.50918905872652 -37.906429541318396 -0.21157122275060658 -27.448362854262367 -9.85016708386354 -41.23616411031958 -230.14057425164805 -121.34831168675544
1616 28418.767512083054 8.459724179392655e7 -39.31387513250451 -24.51079850421155 -37.90594662067899 -0.21144358222532844 -27.448122274244444 -9.895291524821914 -41.32951329492528 -230.21348579571725 -121.81513179055429
1617 28423.570946216583 8.459920164088744e7 -39.313829572146936 -24.51105766122112 -37.906577757410446 -0.21187155855022155 -27.447860084756663 -9.893146460931348 -41.331449031582 -230.20955408989215 -121.80164475169278
1618 28428.34429717064 8.459936718915667e7 -39.313807508988745 -24.51031365461541 -37.90599607089023 -0.21143310804975357 -27.448141069545656 -9.892871337999225 -41.322944241860625 -230.2095890879616 -121.7927726146541
1619 28433.05338549614 8.459753830025677e7 -39.3113298346558 -24.50267421827783 -37.90961434715286 -0.212469699992468 -27.448404126466947 -9.896014751178598 -41.32819912221794 -230.21252612421875 -121.80760622083278
1620 28437.87544941902 8.461085696397871e7 -39.30814161717518 -24.50400127089095 -37.912386136703795 -0.21563961982494817 -27.449179692456422 -9.886008272045103 -41.32453116017831 -230.19328385168023 -121.67780550901102
1621 28442.56617450714 8.466840429190865e7 -39.310132733128235 -24.508873398760088 -37.91064306625918 -0.21400232686567477 -27.448361315269757 -9.863098413044213 -41.23101406061488 -230.12522664149378 -121.17657279107027
1622 28447.38803076744 8.472480665055501e7 -39.645830096630206 -24.967325118007672 -37.465253579189216 -0.002226579477252244 -27.46674175655503 -9.685346027601781 -40.96581039714124 -229.96891110110857 -120.8110550519512
1623 28452.091891765594 8.473145646022978e7 -39.65299240999239 -24.974791730888402 -37.45843882179044 0.0022512905582985354 -27.46508762611532 -9.655833832392545 -40.93696656515357 -229.9419930007184 -120.73231148014509
1624 28490.538543462753 8.464977874196014e7 -39.30712339471741 -24.504904617927735 -37.91046179236189 -0.21420007490473836 -27.45101149470916 -9.84089542290252 -41.23636881702515 -230.13206316599963 -121.39307845888652
1626 28567.452275514603 8.47021990586852e7 -39.14447954274258 -24.345680398777837 -37.77324712299792 -0.1485406668854381 -27.604487038555682 -9.49178930490649 -41.219261462664804 -229.90330430303646 -120.89157034852883
1627 28606.21172475815 8.476889229707219e7 -39.233192752407255 -24.43754563440335 -37.985524322715825 -0.2579621223859192 -27.462949125310374 -9.720535862776444 -41.02498957235122 -229.91831625796908 -120.2514587582661
1628 28644.898184776306 8.478316140086886e7 -39.585775045488425 -24.703746104915016 -37.47634816645433 5.4264218150024135e-6 -27.395139088981484 -9.519259067201517 -40.59139411924275 -229.8255049762227 -120.23629823180642
1629 28683.997060775757 8.473029936910589e7 -39.31699061483556 -24.512914962534037 -37.90258989237877 -0.20918191517529294 -27.447682183679145 -9.799027625177814 -41.1063360621319 -230.02654513579625 -120.5760629349491
1630 28722.873807430267 8.459850356320292e7 -39.317372998412694 -24.517946846535505 -37.90189942647675 -0.2095255868278798 -27.44777768790605 -9.898125794154794 -41.33870019706495 -230.2141249715457 -121.79598918643211
1634 28843.477748394012 8.459658884916596e7 -39.31345307948483 -24.510835223267083 -37.905692007171716 -0.2113686946163824 -27.447939255525753 -9.891688462202637 -41.333327438317326 -230.211983507654 -121.81836224474188
1635 28848.15448641777 8.459790640152271e7 -39.31210078002477 -24.50753574723203 -37.90752065135892 -0.21213289774575372 -27.448577103781588 -9.89502157723706 -41.322410887488275 -230.21305577867298 -121.81534088108936
1636 28853.00013232231 8.45975753426997e7 -39.31302947705241 -24.508855713400592 -37.90670723514733 -0.21174934100510256 -27.448300468427398 -9.895511196367238 -41.325981901099226 -230.21381727459186 -121.81771974526617
1637 28857.7753534317 8.459685038279076e7 -39.31367219077609 -24.510153523136076 -37.90609980398774 -0.2114538577343268 -27.4482371098464 -9.895712488909794 -41.32814508509961 -230.21348670981774 -121.81853023773141
1638 28862.503131389618 8.459717789748847e7 -39.310736225900314 -24.506913479481995 -37.909458728765244 -0.21323715191398662 -27.448627298473337 -9.894451267913837 -41.330099828665595 -230.21237729129115 -121.81496148487065
1639 28901.164918899536 8.459801550560886e7 -39.3133320067503 -24.50988398342606 -37.90623599499791 -0.2115352376535924 -27.44832764670253 -9.90627548054158 -41.333050844167644 -230.21929548924703 -121.80338131746794
1640 28940.248745918274 8.459672490707998e7 -39.31415094630893 -24.51348159186652 -37.90466032469346 -0.2112406885128948 -27.448337892258724 -9.898841929192542 -41.331387053176684 -230.21556454617695 -121.82369673102744
1641 28979.31931400299 8.45970756546002e7 -39.31194487360523 -24.508129382538275 -37.90785641987854 -0.21230490500052923 -27.44851898944565 -9.897693983067313 -41.33071354071825 -230.21516074110377 -121.82008267897021
1642 29018.268575191498 8.459906965700616e7 -39.313150280459794 -24.508210087536767 -37.9068450839474 -0.21182403337309808 -27.44799834262114 -9.891628864713653 -41.318656980320725 -230.21145369687753 -121.81061286049925
1643 29057.27228784561 8.45949848673226e7 -39.308602902011586 -24.502028347126675 -37.911399191877 -0.21434281923348664 -27.44888119779294 -9.897443017556895 -41.33901989345725 -230.21625911894 -121.83318226147031
1644 29096.399948358536 8.463443006675555e7 -39.293382250801805 -24.47729480478398 -37.927479374235816 -0.22304034242154103 -27.450918735428555 -9.850441867203983 -41.25169141264979 -230.15156671782722 -121.50917113116344
1645 29101.159918308258 8.480178094926652e7 -39.32598441403109 -23.812045304189873 -37.52183556822359 -0.00895494425829213 -27.185750680000393 -9.482895608020499 -40.31461273084665 -229.7809326331896 -119.9770482034047
1646 29105.86834001541 8.469183659386407e7 -39.32187241581274 -24.510019549461024 -37.89934433940241 -0.2082206452528368 -27.44466164368255 -9.776513967051983 -41.094903494784774 -230.05659825023065 -121.03988712151556
1647 29110.66419529915 8.469219100822005e7 -39.34150843298269 -24.564979277861084 -37.875686253363305 -0.19566318991395804 -27.446368654289724 -9.844618867119607 -41.21076356241042 -230.08544990079145 -120.9586901892626
1648 29115.329122304916 8.472205114705071e7 -38.624166993125115 -23.804963801305327 -38.43587117948357 -0.5122462403805628 -27.569646978372848 -9.758841005457498 -41.51969400322952 -229.99803306923633 -120.6350376654504
1649 29120.048951387405 8.481191229826987e7 -39.675029796923 -24.617547405252616 -37.43581523615418 4.0425359870255306e-5 -27.286663938447635 -9.588799842683045 -40.265296095874135 -229.8589672453606 -120.03122529888753
1650 29124.773462295532 8.465809274974631e7 -39.30873979706251 -24.50269630838541 -37.91123221566102 -0.21393117977975606 -27.448790237567216 -9.839475311973331 -41.209818800448716 -230.12789260201407 -121.29472387316673
1651 29129.467913389206 8.45970782280005e7 -39.3163960559933 -24.514781724551014 -37.903062234711044 -0.20998969078940632 -27.447856700266666 -9.900422748660219 -41.34230798930719 -230.217171392139 -121.80932904179446
1656 29153.476675271988 8.459412988613233e7 -39.30691926429372 -24.499091894547117 -37.91268040000182 -0.21492111735373243 -27.44899530071902 -9.899674001655455 -41.34391857998793 -230.21831010265794 -121.83913367681816
1657 29158.170397281647 8.47300128857834e7 -39.301867321021604 -24.490281103230803 -37.9165241247589 -0.2166562021946774 -27.44933765233628 -9.819282686081522 -41.13930469900805 -230.03648889847182 -120.57264440536102
1658 29162.92311310768 8.470941217843105e7 -38.399312916962444 -23.79444282706507 -38.45194897473855 -0.5160214843989976 -27.736281152807237 -9.527985144359832 -41.76333723698184 -229.88714986399708 -120.82907273298923
1659 29167.675024986267 8.47213856676436e7 -39.31541879719297 -24.506201163173966 -37.90836265268231 -0.20782065958677265 -27.4461107845404 -9.807914901426784 -41.1188514097833 -230.03244933810083 -120.73494602692148
1660 29172.45333504677 8.47552960048071e7 -39.33232580775845 -24.526021020563643 -37.88654726161578 -0.19626996313451883 -27.44714404684263 -9.737694861853413 -41.061575234792485 -229.97787800061252 -120.33715765518622
1661 29177.255654096603 8.47744675149255e7 -39.48727206886653 -24.70527276981165 -37.38604922363342 4.4064808605526196e-5 -27.42896475499935 -9.557716651032877 -40.875194891535955 -229.8414581812142 -120.23892744727084
1662 29181.96687579155 8.459637358848701e7 -39.31332928665907 -24.510310499218207 -37.906271326069984 -0.21157343490295943 -27.44819030520949 -9.89736023149078 -41.32768790123083 -230.21516371125006 -121.82206970499328
1666 29200.78459906578 8.460865147924358e7 -39.30503282875901 -24.495775144001726 -37.914497709900694 -0.21561217183491976 -27.449368164985003 -9.871189889070592 -41.28317483575137 -230.19218266752932 -121.72834847105383
1667 29205.492986917496 8.46059875820647e7 -39.30947764382148 -24.50076763442994 -37.90976516192639 -0.21322063904533195 -27.44843390629432 -9.878126722537445 -41.29330374357653 -230.19790628448328 -121.75018339701938
1668 29210.15554881096 8.459598854580629e7 -39.30713468650289 -24.499115912803497 -37.91266801630648 -0.2148580922447323 -27.44893715791135 -9.895695371826832 -41.32890837827239 -230.2142429585851 -121.82554206048394
1669 29214.868978738785 8.460512392281953e7 -39.30747060753918 -24.501511922585355 -37.91164854449349 -0.2147291794132684 -27.44873907255794 -9.881850626465962 -41.30061815083576 -230.19921573388672 -121.75154528030868
1670 29219.576011657715 8.459556220588501e7 -39.30599444531413 -24.497886421611422 -37.91381427123187 -0.21554923588423236 -27.44910768013331 -9.894411248563813 -41.334082421893925 -230.2154952558069 -121.82912004462088
1671 29224.208745718002 8.459682771628788e7 -39.30649959879141 -24.498831320444495 -37.91281861893358 -0.21499155210173626 -27.44919077522921 -9.906790818903232 -41.34654744920164 -230.2204808185154 -121.81306502430482
1672 29228.894181489944 8.459935743910924e7 -39.318986975163575 -24.51838423456716 -37.89991680671108 -0.20793099518891722 -27.447376509847448 -9.892196040327462 -41.32065149560674 -230.21144462288152 -121.79086094319035
1673 29233.614470243454 8.460638860074231e7 -39.30598763721508 -24.495778262989383 -37.913999432516555 -0.21529081475888034 -27.448722004795183 -9.877421270620061 -41.29474650559507 -230.1964058470167 -121.74330260006843
1674 29238.23676109314 8.459761336404084e7 -39.305334927315975 -24.495713453193183 -37.91440398109163 -0.21558415959683686 -27.449125370522395 -9.88969565058926 -41.326446641584766 -230.20977723831498 -121.81020646250789
1675 29242.939079999924 8.459460289411648e7 -39.30739883968107 -24.49982459508304 -37.912143451999505 -0.2146657768563074 -27.44896959196915 -9.899986644876208 -41.342945890045826 -230.21809968261215 -121.83588114269821
1676 29247.786487817764 8.460188144393733e7 -39.305600360107675 -24.49722203809427 -37.91426740680216 -0.21561733298945995 -27.449041752238923 -9.89021893907676 -41.31454522978578 -230.2063952506964 -121.78094419196634
1677 29286.48660683632 8.459550474043323e7 -39.30805680456138 -24.50083068002727 -37.91166745394723 -0.21452809525391103 -27.448660839368028 -9.897089011094351 -41.34271949092715 -230.2163045068874 -121.83207299201217
1678 29325.066395521164 8.461449942548113e7 -39.300624768322336 -24.491501920424145 -37.92001521194741 -0.21961594200369206 -27.449950083063293 -9.880035979486934 -41.295732971591576 -230.18811800712473 -121.65890028916431
1679 29329.859568357468 8.459647423255353e7 -39.308853601713196 -24.501160852009196 -37.9117085134047 -0.21434015102705928 -27.448794824991225 -9.893415654827493 -41.326894152131786 -230.21308310830386 -121.82249775536235
1680 29369.008838653564 8.460238346280676e7 -39.3090080467842 -24.5043391943653 -37.91007543848402 -0.21398816613955773 -27.44920908086835 -9.892095392200417 -41.329898310293004 -230.20591782190365 -121.76676636768019
1681 29373.824459552765 8.4770979327069e7 -39.5844256996882 -24.70110098903366 -37.477972621475175 -0.000569616029785891 -27.39528088482036 -9.554096540058936 -40.67607630387499 -229.85316401638812 -120.37743484853121
1682 29378.590594530106 8.479265813395667e7 -39.5871232473144 -24.706389781324177 -37.47472358449214 0.0005803258088263874 -27.394997325713266 -9.538810367972417 -40.64051967838316 -229.81715592910444 -120.1968002605949
1683 29383.3946685791 8.465616674320114e7 -39.30696915001309 -24.499802505724897 -37.91227821133507 -0.2148080116559825 -27.449249092847342 -9.839436272980379 -41.215227243462664 -230.1201058562478 -121.25826227360119
1685 29426.80035686493 8.473226508414032e7 -39.32102817311596 -24.502522655582162 -37.9049756143534 -0.20842196103907185 -27.44344221090635 -9.775416008291586 -41.040706762249954 -230.01722191627107 -120.60101294854849
1686 29465.34724164009 8.472601265506764e7 -39.517464759470755 -24.748122867483453 -37.58069522104373 -0.03432242733624946 -27.665415875674146 -9.578042977676432 -41.41825421900927 -229.88872399306115 -120.60797585321825
1687 29504.26503944397 8.47273506734597e7 -39.24991383228882 -24.419874613721667 -37.978230052677574 -0.24947037934680338 -27.460777361728866 -9.781635418027804 -41.167711534133275 -230.03425973168925 -120.60160960099364
1688 29543.19787454605 8.479362622916152e7 -39.80568026078373 -24.754887915014034 -37.46400606104574 0.00010707163819034804 -27.39263178002949 -9.522935961290159 -40.52823751600164 -229.81793691904016 -120.19063716082832
1689 29582.122565746307 8.459839636859375e7 -39.30250997803885 -24.49264341766851 -37.9170766826423 -0.2173800449191461 -27.449682406100898 -9.90579747618699 -41.342879171976165 -230.21755983675428 -121.79591211815818
1690 29621.110437631607 8.459543008151051e7 -39.314768824994715 -24.511940693380403 -37.904905482597854 -0.21083885649036915 -27.447979849374633 -9.899084768468128 -41.33190897429091 -230.21701990119567 -121.83067800529727
1694 29640.10566496849 8.459378996380673e7 -39.30631838438306 -24.498522067916728 -37.913397098440235 -0.2153179862091008 -27.44907986380384 -9.903498216772107 -41.34750666817229 -230.22062100517803 -121.84429360698283
1695 29644.842171907425 8.459945833827111e7 -39.30451563179134 -24.49681247173991 -37.915547211140584 -0.2165086164029688 -27.449333558427163 -9.8968817052816 -41.31413908470188 -230.21149056235964 -121.79412337769156
1696 29649.63062787056 8.472123643647319e7 -39.27966053824981 -24.469928936746633 -37.94208923924914 -0.23277439353904583 -27.456458039554327 -9.777987396187882 -41.15161815308613 -230.04156300849002 -120.67717481041302
1697 29654.36542367935 8.47277476919792e7 -39.335312245975985 -24.534477657629818 -37.887865843026184 -0.1982828896387261 -27.444324573084117 -9.73918759245629 -40.98915795816134 -229.99902608719913 -120.65125959076596
1698 29659.04650068283 8.483887086893794e7 -37.410077398850454 -22.120504935453752 -39.42435175013885 -1.029504819195374 -27.98013558982994 -9.267360361935744 -42.220807900000636 -229.65868244519544 -119.92346044417366
1699 29663.79102373123 8.474270853111237e7 -39.53034633992834 -25.032065569562192 -37.4208864871397 9.667240875899097e-5 -27.677083021826398 -9.43714442709063 -41.434977367934664 -229.7999653262856 -120.48619691895146
1700 29668.52991461754 8.459512530690064e7 -39.31498837647931 -24.51238361427786 -37.90502447574107 -0.21100835062941314 -27.447854843432587 -9.898913934099483 -41.33205941600886 -230.21723595561616 -121.8340822831874
1705 29691.97268652916 8.460143775342721e7 -39.305549349890676 -24.49775832105889 -37.91423001511384 -0.2158367939228043 -27.44920166300495 -9.89196878692303 -41.31516009818324 -230.20838749329914 -121.78690257301469
1706 29696.624692440033 8.459463885586147e7 -39.30719135781252 -24.499556781971997 -37.912300610784925 -0.21477966449364772 -27.448963557216114 -9.899510609802519 -41.33646934557066 -230.21919173047064 -121.8430749330364
1707 29701.308889389038 8.460168370853594e7 -39.30581412141304 -24.4980051012618 -37.913801802362315 -0.21558344978427613 -27.449144157047098 -9.89120022783709 -41.31402896874482 -230.20786977955453 -121.78565417398147
1708 29706.078333377838 8.459498493993306e7 -39.30687747448832 -24.498926402943294 -37.91269261132068 -0.2150244597923887 -27.449017978643585 -9.899656718864776 -41.33636410522155 -230.21869054709163 -121.83826497128086
1709 29710.8724694252 8.460253058976945e7 -39.305737934391196 -24.497987936469155 -37.91395185386636 -0.2156734012415953 -27.44916636719221 -9.890982499411336 -41.31023568520163 -230.20702310989992 -121.77587121350246
1710 29715.580152511597 8.459591411399566e7 -39.30650246203014 -24.49864860758029 -37.913343297503765 -0.21533237968619545 -27.448908934257865 -9.899946939142524 -41.33555810811305 -230.21805999546302 -121.82914846585595
1711 29720.31812953949 8.459724078822802e7 -39.30517284475561 -24.49757794279106 -37.914299325475056 -0.215909045794902 -27.449452368861298 -9.900428143065596 -41.3338387208662 -230.21597991553534 -121.81707443374279
1712 29725.09001159668 8.459574552088256e7 -39.306293389648914 -24.498484258915642 -37.91343547036651 -0.2153477141110045 -27.44907615114219 -9.898672746274428 -41.33343181330349 -230.21728627913927 -121.8307360362117
1713 29729.745423555374 8.459482231443033e7 -39.30664651863334 -24.49876238211717 -37.91333246955299 -0.21531193982792018 -27.448907360336964 -9.900231573269707 -41.33860061811947 -230.2190617073416 -121.83856990126162
1714 29734.53562450409 8.459365752644406e7 -39.30673382479027 -24.4989636465956 -37.912949420800224 -0.21507028807504724 -27.449023198419557 -9.903634474382386 -41.34689825452722 -230.2208331339495 -121.84489166143902
1715 29739.358651399612 8.459441104406542e7 -39.30798008434539 -24.500288311866143 -37.91160638416125 -0.21432720251144843 -27.448853204253677 -9.898615036355636 -41.34035707098667 -230.2180561171346 -121.83842459093347
1716 29744.02043056488 8.472220717915502e7 -39.28838105065083 -24.480151954022666 -37.93194109059175 -0.22495114386629922 -27.45073339274807 -9.808689922648114 -41.08358704197508 -230.04071308157893 -120.70621127966535
1717 29748.750202417374 8.478008878936683e7 -37.605723784716915 -21.7857878266667 -39.50276332364141 -1.0412592695495917 -27.709916521882338 -9.742461226622595 -41.919197179077116 -229.95329799968016 -120.20622223063299
1718 29753.4933552742 8.474808525993276e7 -39.50697311227216 -24.533787322241952 -37.46839285722783 -7.516174122201846e-5 -27.424206269235004 -9.593406815342348 -40.919640607191695 -229.87874569198527 -120.52125232640577
1719 29758.319375276566 8.459634488415106e7 -39.31062373525519 -24.505053011898223 -37.90897508000003 -0.2129979163541762 -27.448634086218902 -9.896933146063247 -41.33231096177616 -230.21519817563058 -121.82440554535913
1720 29763.034348011017 8.459593754687e7 -39.30753283586514 -24.500249794439423 -37.9122512483914 -0.21474875537021632 -27.448840220118804 -9.895201658244503 -41.33126147618657 -230.21511425681535 -121.82837579433738
1724 29816.173413991928 8.459404389562897e7 -39.30510210226802 -24.497031561171234 -37.91473149362159 -0.21616159317810713 -27.44930525410036 -9.902677435468206 -41.347372354333004 -230.21993206226972 -121.84180902936731
1725 29855.445892095566 8.473063917486893e7 -39.30537577928034 -24.49730055505749 -37.91427692841995 -0.21589587609553718 -27.44924483757363 -9.81868423319105 -41.14503180298891 -230.0345443769898 -120.57363916353847
1726 29860.126154899597 8.459377842143252e7 -39.30552092105794 -24.497541131874925 -37.91418759153243 -0.21582397877748605 -27.449227867594466 -9.903290251101282 -41.34728024300716 -230.2203370893924 -121.84219871857141
1727 29864.90988278389 8.45937247693041e7 -39.306359674657685 -24.498152368717104 -37.91324097598857 -0.21537011275338358 -27.44911471645218 -9.902707601286295 -41.34597477985574 -230.21996958361552 -121.84346047911004
1728 29869.664811611176 8.459372637067428e7 -39.308032066176956 -24.500416876207563 -37.91144835964873 -0.21426248804248615 -27.448838339219947 -9.899839748049601 -41.34213679294015 -230.21915992895123 -121.8457355529892
1729 29874.439237833023 8.459538795941545e7 -39.30371534392926 -24.49417742559894 -37.9163469371457 -0.2168647271362687 -27.44947389675107 -9.899616574999868 -41.33881499582037 -230.21779362054406 -121.83273751058783
1730 29913.4961271286 8.45939947087002e7 -39.304127457181636 -24.49565735022555 -37.91585170519372 -0.21689021921426388 -27.449265359406567 -9.90255960534978 -41.34782920858589 -230.22002173086827 -121.84314037668213
1731 29952.11345767975 8.460159888066566e7 -39.30650387535582 -24.498551330436573 -37.91335130405041 -0.21532559135931706 -27.448903406382353 -9.897049180112788 -41.32768668983664 -230.20874145298984 -121.77699940362561
1732 29991.699589252472 8.459465287999628e7 -39.30579217335103 -24.497975062042666 -37.91378978123281 -0.21554845874452866 -27.44931095344133 -9.904061855219425 -41.348018844932994 -230.21983449246522 -121.83675877313277
1733 30030.752812862396 8.459312691367394e7 -39.30673019893921 -24.498763594370036 -37.91324378012874 -0.21527487972765158 -27.448904990868847 -9.90286708367887 -41.348432196006456 -230.2208349829316 -121.84907354297235
1734 30069.3176279068 8.46022002902301e7 -39.30671924254943 -24.498163359294953 -37.91412685037119 -0.21588865942914737 -27.448550370211088 -9.891143789197315 -41.312123419896125 -230.20871564352444 -121.79015240144321
1736 30112.646723031998 8.474972400130764e7 -38.13395113679131 -22.817881962599156 -38.99519129337397 -0.8136035753841071 -27.722814875636754 -9.53482450797884 -41.85169875830775 -229.89984581601954 -120.73500134941054
1737 30117.408245801926 8.46818220453626e7 -39.283213015348394 -24.47198241752468 -37.93038508273953 -0.2226284015830089 -27.45309989018665 -9.8916297860128 -41.359856561462095 -230.1203708140996 -120.9414291581121
1738 30122.147135734558 8.474009744068092e7 -39.361790522058214 -24.573091783492778 -37.85535360863125 -0.18332391885525823 -27.440359077454954 -9.78174009738808 -41.08557053461948 -230.028469961369 -120.53549956003855
1739 30126.902980804443 8.476777064132066e7 -39.84638473989023 -25.01548942109748 -37.564922767106026 2.1824641521561716e-5 -27.326673420089904 -9.729688912807148 -40.500698453035284 -229.96877806950448 -120.33125893800741
1740 30131.59937262535 8.459310011748905e7 -39.30638330387763 -24.498750417592436 -37.91348109365947 -0.21538467850749043 -27.449067455740323 -9.901690994308524 -41.34715163132819 -230.22058860262723 -121.84842579829888
1741 30136.32187438011 8.45975439934245e7 -39.306136133018306 -24.498662341883225 -37.91387534590929 -0.21556480472406037 -27.44909219814634 -9.897629782308059 -41.32267030339085 -230.2139373813268 -121.80611141509354
1742 30141.184146404266 8.460538240931486e7 -39.30534226305485 -24.498710524377145 -37.91419305498944 -0.21571413434675435 -27.449554864521648 -9.884349426777646 -41.30585529887054 -230.19795107873477 -121.74116990133797
1743 30145.992991685867 8.472364399899329e7 -39.29560968171673 -24.502393816615065 -37.92224877609617 -0.22165835344490148 -27.45210020645201 -9.764502634660062 -41.087918151142844 -230.03473376634355 -120.63748409905685
1744 30150.811185836792 8.472704986901414e7 -39.3155265689277 -24.49659725635425 -37.9077890888856 -0.20933224363055558 -27.446793934978448 -9.819017857940878 -41.155969098479034 -230.05257628065425 -120.65808131920198
1745 30155.506836652756 8.482882820925038e7 -37.83565594561333 -24.2103993798427 -37.68385382459733 -0.00021670918287952645 -28.579030175090338 -8.0010207060389 -43.015170018311494 -229.0742450898149 -120.21433539855417
1746 30160.27387356758 8.484622466745605e7 -36.413032855087906 -22.558474160866947 -39.14948973553306 -0.8111210337239427 -28.756154553510004 -7.930298606511656 -43.367452084019135 -229.01476212842704 -120.0926471737223
1747 30164.981306791306 8.459445884089194e7 -39.30436177942062 -24.495211170992242 -37.915052106712224 -0.21620526132080897 -27.44922907716263 -9.897665977249972 -41.33448820680536 -230.21667712534105 -121.83510595383564
1751 30183.749745607376 8.46127545832629e7 -39.30803758696739 -24.49840744727551 -37.9123143616869 -0.2150279574844447 -27.44872084752697 -9.877604075614727 -41.285628771649954 -230.18965672254245 -121.67961284863293
1752 30188.485191345215 8.459512173409666e7 -39.30594323355747 -24.49603410489776 -37.9142439382875 -0.2152603928414507 -27.449097490811347 -9.899843012539861 -41.341273872579166 -230.21819642296123 -121.8344849978123
1753 30193.22052359581 8.460002685041164e7 -39.30445053823975 -24.49616145229648 -37.91554941997178 -0.21651671321035337 -27.449634446489014 -9.891061071419927 -41.32240900894925 -230.20874427713187 -121.79484881034415
1754 30197.923504829407 8.460088220869693e7 -39.30742838453358 -24.499936535776612 -37.91258166136986 -0.21487191188271026 -27.44860400429434 -9.895054975174276 -41.330610545542754 -230.20855752163993 -121.78278542065334
1755 30202.539806842804 8.459456716656406e7 -39.306653601016365 -24.499408172682976 -37.91278146894362 -0.21498222246382426 -27.449029924148633 -9.900142141030472 -41.34536041625802 -230.21827729822184 -121.83458118536134
1756 30207.23819565773 8.460509415285125e7 -39.30435456414044 -24.49477003891575 -37.916704336849286 -0.2172993935485792 -27.449049883001994 -9.883367997939615 -41.30094142990754 -230.20065189151114 -121.75683562352611
1757 30212.005106687546 8.45936960977556e7 -39.30741102350415 -24.500268687574877 -37.912118987090984 -0.21459224777142794 -27.448936601625086 -9.900961142138044 -41.346490392090686 -230.21946899477092 -121.84285422206767
1758 30216.760816574097 8.460559033247593e7 -39.303603809479746 -24.496177862199044 -37.915050653911095 -0.2161978587802551 -27.450096695554908 -9.905785362788208 -41.35020799613454 -230.20758486272695 -121.73694721659854
1759 30221.46695137024 8.46070451446604e7 -39.302623049785645 -24.49423381045343 -37.91823112576298 -0.21791792304106394 -27.449506169787917 -9.886510633263015 -41.30093018394865 -230.19856570428374 -121.72961480915995
1760 30226.183889389038 8.459614965699333e7 -39.30484941634531 -24.49634238109457 -37.91549078036621 -0.2165297114992839 -27.449236904209954 -9.900005884736402 -41.33985338632118 -230.21701450234718 -121.8269544749574
1761 30230.903433322906 8.464826209938349e7 -39.303444335468015 -24.494679679144205 -37.917124576254494 -0.21740896496734763 -27.449420736420336 -9.851558637836774 -41.25130265229541 -230.14307671716796 -121.37001252408868
1762 30235.607981204987 8.459578263003285e7 -39.30199290730203 -24.491752529377003 -37.917839947707314 -0.21770890806876508 -27.44965660231105 -9.8992361292012 -41.344835813645375 -230.21591487529133 -121.82389694101454
1763 30240.319023132324 8.459626017358546e7 -39.30557944990475 -24.4972482606051 -37.91468464961124 -0.21608976268387892 -27.449127519967337 -9.898034449037254 -41.335106168976324 -230.21510772546355 -121.82447633567512
1764 30245.057069063187 8.459599831085692e7 -39.303261938826985 -24.494399821101283 -37.91601234423047 -0.2167837537322015 -27.449319497148146 -9.89751102232134 -41.33740688789777 -230.21758977362157 -121.82650940754195
1765 30249.862051010132 8.46078381356188e7 -39.30120585865889 -24.49359370020877 -37.919240200346444 -0.21930053049526776 -27.450015352324467 -9.897697601129096 -41.35021695394414 -230.201507432909 -121.69438443007436
1766 30254.645701885223 8.476655464259614e7 -39.58552555277868 -24.70434442221155 -37.47807442592766 -0.0012147489114511245 -27.39509597602255 -9.556491874115636 -40.703605330484265 -229.86357299496467 -120.43612110093187
1767 30259.36212682724 8.47719983372323e7 -39.586022891744804 -24.703145868286278 -37.47462175114321 0.0012254040869379423 -27.395182246801287 -9.554059345332973 -40.67447964325214 -229.85255077622395 -120.36937816206887
1768 30297.811782598495 8.461067199209556e7 -39.3223104203554 -24.520855365570533 -37.89721512412665 -0.20634149195717555 -27.44614356856348 -9.869504511441448 -41.27754117305278 -230.19167086817538 -121.72312310793421
1770 30375.837301254272 8.477199401347114e7 -39.30641077495942 -24.49546646648359 -37.90901432119431 -0.21220871376770845 -27.448838883108525 -9.702542460646782 -40.95635728818786 -229.95914012331292 -120.2174657957732
1771 30415.125478982925 8.474337639275046e7 -38.98214955549386 -22.896474328278853 -38.851803393058226 -0.8217662229004858 -27.24566941885053 -10.313840606211102 -40.84739033007929 -230.23824379552957 -120.47929523893168
1772 30454.05233979225 8.481111410030198e7 -39.99612563726597 -25.101030785727616 -37.58932639520872 -0.00038462372817349433 -27.202809470483402 -9.945941802550294 -40.168300400229555 -230.02357025302916 -119.85571635388669
1773 30492.37550854683 8.459324797704183e7 -39.30561296363503 -24.497495447172746 -37.914221294359116 -0.21578701004126088 -27.449148542331383 -9.902618731880864 -41.3476601582679 -230.22096180687618 -121.84585686929711
1777 30649.189829349518 8.45966397214177e7 -39.30521117964934 -24.496859728012332 -37.91437745735532 -0.21581244888923123 -27.44930434656879 -9.907885898730797 -41.3443228559957 -230.22149159143237 -121.81583345386196
1778 30688.05077123642 8.459350808893123e7 -39.304396032627274 -24.496236605062723 -37.91552954261092 -0.216437881640843 -27.449391953096118 -9.903073257136043 -41.34830444746717 -230.22088118891583 -121.84361822812428
1779 30727.39486503601 8.459316367438059e7 -39.306939019410656 -24.498957744874993 -37.912733053011316 -0.21501819908804265 -27.449020336905363 -9.901605877948384 -41.34366114490933 -230.2205590377713 -121.84918506718975
1780 30765.959994077682 8.459601008284375e7 -39.30540828989306 -24.497129119705956 -37.91415438488635 -0.21569310720781232 -27.449288989426844 -9.909352158447632 -41.34956971145806 -230.22290259615096 -121.82082647129891
1781 30805.010895967484 8.460147822357325e7 -39.30604076248791 -24.496704003940472 -37.914400691542745 -0.21582145886358006 -27.44873909390563 -9.891592651834344 -41.315754998535965 -230.20865315026356 -121.78617299078974
1782 30843.572062253952 8.459484368629459e7 -39.304176670541516 -24.495137267734446 -37.91610785960304 -0.21686007107433625 -27.449279151469966 -9.90045791665409 -41.340225153596975 -230.2168021748795 -121.8299836513412
1783 30882.871999502182 8.459379538236848e7 -39.30638746543886 -24.499641072363733 -37.91309024146229 -0.21535086155954986 -27.449125959319552 -9.902373496808309 -41.34409323488984 -230.22025046871101 -121.84194327262622
1784 30921.47964310646 8.459426470629998e7 -39.30588832475914 -24.498105764109923 -37.913829789334976 -0.21554568445091604 -27.44923308703707 -9.902575312468969 -41.34734382726339 -230.2200734628533 -121.8418876215747
1785 30960.47220993042 8.459382223417234e7 -39.3055296100119 -24.497711908713963 -37.91406106069669 -0.21565083823660558 -27.449380544161308 -9.900936075823097 -41.345150449342384 -230.219916706483 -121.84272866764206
1786 30965.254301071167 8.459338677251671e7 -39.30607386509964 -24.498201100301383 -37.91374034047643 -0.21549144283120114 -27.449159990436875 -9.901913851681456 -41.346632257320834 -230.22050335733093 -121.84572728895915
1787 30970.039380073547 8.459349232483369e7 -39.3050683452617 -24.497043599198275 -37.91474570473768 -0.21603307204669875 -27.449283507546305 -9.901460881195021 -41.34684140104025 -230.2202488817993 -121.84545610798165
1788 30974.756951093674 8.460078086766629e7 -39.30663531184295 -24.49889179320331 -37.91336341879829 -0.215315937122611 -27.44887423547603 -9.895560595116933 -41.32834892694865 -230.20916447013235 -121.78354784136741
1789 30979.409086942673 8.459293595567334e7 -39.30611495344849 -24.49842289810354 -37.91377636156695 -0.21555190428419735 -27.449113519923703 -9.90197799342684 -41.34739861737478 -230.2209032139997 -121.8500666401385
1790 31017.82163476944 8.459346890969992e7 -39.30530987461097 -24.497440308763494 -37.91466216110443 -0.21605358455356338 -27.449251713135133 -9.900365169907559 -41.345812535417 -230.21983921775887 -121.84503405157676
1791 31056.72293996811 8.473164191653776e7 -39.2672472931927 -24.44261211691107 -37.952115511967676 -0.23594198074695782 -27.45760501381526 -9.75037283379686 -41.04964248051721 -230.02174191196025 -120.57403471733483
1792 31095.94755601883 8.47823881099683e7 -38.39578119521302 -22.787627993677457 -38.94139402033047 -0.7892348085470502 -27.456103140749665 -9.730304799909618 -40.85541322494578 -229.9604995125485 -120.58831539688856
1793 31134.838624954224 8.477175608517298e7 -39.58973506823196 -25.126930640972674 -37.48806619276856 1.3600938935098839e-5 -27.492113483289863 -9.471952745668432 -40.85032491365138 -229.84042169318514 -120.5240252208356
1794 31139.683205127716 8.45950180631827e7 -39.30601312238598 -24.4970490449105 -37.91403983580021 -0.21551176107011116 -27.44908238446588 -9.899860793792925 -41.33685450725454 -230.218140776955 -121.83242731739983
1795 31179.326103448868 8.459408763527898e7 -39.30629390233509 -24.4989931180774 -37.913327649017546 -0.2153910873988849 -27.449115065791897 -9.902200184776007 -41.345328192717886 -230.21971404950813 -121.8376562085009
1800 31237.772186279297 8.4601934097073e7 -39.30382977086013 -24.494426635677172 -37.91632115937333 -0.21687745906467626 -27.449332923974826 -9.889998587330979 -41.31587917661767 -230.2068113676899 -121.7835554857902
1801 31276.737771511078 8.460051803613634e7 -39.30675966181104 -24.49923919249837 -37.91308241955744 -0.21505162139044387 -27.449126144618752 -9.896868058388122 -41.33672059816689 -230.21057249617195 -121.78256916916416
1802 31315.90728855133 8.460703192958292e7 -39.30579466638965 -24.498468757424238 -37.91345262744989 -0.2152253662344279 -27.449402794474764 -9.89300792146662 -41.31350585303335 -230.20390286270515 -121.73577915215628
1803 31355.2243309021 8.460334506327897e7 -39.30702712800835 -24.49926707844966 -37.91311189319744 -0.21515986123332453 -27.448747473890325 -9.887325982544837 -41.309830872592215 -230.20454279608128 -121.77034054254511
1804 31393.81920313835 8.45974105693635e7 -39.305478143318396 -24.49798651053743 -37.91456646937299 -0.21590754362720332 -27.449166611439693 -9.898002213000154 -41.325216877276716 -230.21392365944092 -121.80622484347742
1805 31432.73641180992 8.459816064163117e7 -39.30514425803665 -24.497512160227572 -37.91450295483454 -0.2159857130282603 -27.44949701087609 -9.901359282265958 -41.34621632545657 -230.21509616423884 -121.80581750510396
1806 31437.47876381874 8.459303599480984e7 -39.30546722143708 -24.497703920706005 -37.91450606433818 -0.21593432192664608 -27.44919355653533 -9.901588230564982 -41.34760776109442 -230.22058893314528 -121.84952907272924
1807 31442.1756939888 8.459652737862796e7 -39.30701082087521 -24.50050337979669 -37.91268337219041 -0.21511804337448837 -27.448959542134205 -9.896524140947975 -41.33344105552857 -230.21577665597846 -121.82337915826173
1808 31446.939527988434 8.459485953878957e7 -39.30874962190759 -24.501353166097665 -37.91064825049784 -0.21348477640567864 -27.44868768294772 -9.8924687169266 -41.34165257218473 -230.21347938871747 -121.83103039938408
1809 31451.66816997528 8.459402255313031e7 -39.30634938939509 -24.498646319999118 -37.91359391509608 -0.21543223357944186 -27.449044645453732 -9.899169465009095 -41.34081880784902 -230.21846088864731 -121.83977301744176
1810 31456.37856388092 8.45932936713122e7 -39.30672001522688 -24.499081163664513 -37.913114418287186 -0.21515041151901926 -27.448995120517456 -9.900655923528063 -41.34548617759543 -230.21990844168022 -121.84618115199618
1811 31461.053807735443 8.460405359232317e7 -39.30725000860562 -24.4996742049937 -37.9128837734113 -0.21496337415403133 -27.44885406646311 -9.887441296781788 -41.31079618247401 -230.2030083330847 -121.76118466214535
1812 31465.780272722244 8.459670241050342e7 -39.30780646485613 -24.500268397152233 -37.91193832230754 -0.21452780754383127 -27.448818151073457 -9.895366285922591 -41.33233998602657 -230.21559925476663 -121.82400917054343
1813 31470.4560546875 8.459648228741634e7 -39.30514957643946 -24.497400471335286 -37.91462279297027 -0.21609509094290047 -27.4493505114162 -9.909373855116712 -41.34602747010712 -230.22161196321213 -121.81859136552868
1814 31475.187141656876 8.459291037076935e7 -39.30487046471861 -24.496868573614876 -37.91456702708396 -0.21598987525835867 -27.449233833671798 -9.900377645521417 -41.340972299619295 -230.22033101990218 -121.85040100891848
1815 31479.812796592712 8.459384292165601e7 -39.30113652562373 -24.492204996042894 -37.916939204851616 -0.2173039087194084 -27.44959480200461 -9.899475353812136 -41.34529037107296 -230.2204525330494 -121.84480514890004
1816 31484.579016447067 8.47394403328819e7 -39.30396101161414 -24.50198565350549 -37.91948787207035 -0.21790173053036455 -27.452008788482914 -9.760495465180725 -41.105640307790054 -230.00103508505538 -120.49985323823694
1817 31489.302010774612 8.473448663904576e7 -39.168925986146654 -24.38996507551515 -37.670357309625096 -0.10920576917365565 -27.71899021034343 -9.442897607465 -41.6443517392683 -229.83929001003344 -120.5131555950934
1818 31494.091619968414 8.475883096251798e7 -39.300197963503955 -24.499018942160717 -37.472099703541424 0.0002844576588643122 -27.676098503774245 -9.342330733563301 -41.360233490346104 -229.781480638627 -120.37728497794802
1819 31498.8712618351 8.45940277628069e7 -39.30399330358743 -24.495896392954243 -37.91610233074185 -0.2168228417436282 -27.44940686761884 -9.902838872345512 -41.3478780915064 -230.22024947587738 -121.8395008330894
1820 31503.635391950607 8.459299460614227e7 -39.307022420784165 -24.49928680451634 -37.91261185366041 -0.21490256989706324 -27.448980469837206 -9.903452725012983 -41.34928695413777 -230.22114788303873 -121.85010124750403
1824 31522.420851945877 8.459351031435369e7 -39.306204248143864 -24.498181153372034 -37.91338066604782 -0.2154127177667533 -27.449208255526763 -9.901078611754826 -41.34429835771016 -230.21927626353374 -121.84502140539092
1825 31527.17341208458 8.45944664051959e7 -39.30571627095608 -24.49782914732458 -37.91419212133553 -0.21581971000754407 -27.44910386110603 -9.901750051089095 -41.344364561539635 -230.21904812596813 -121.83640878682758
1826 31531.970974206924 8.45943419042325e7 -39.3053906158036 -24.497592025552937 -37.91440263440173 -0.21591151593961655 -27.44932516980977 -9.900875153726645 -41.34098037243217 -230.21852454891314 -121.83941161288823
1827 31536.670582056046 8.459336997105287e7 -39.302192157063985 -24.492564655367495 -37.91726973221777 -0.21745575643478787 -27.449515350531126 -9.899887249782864 -41.34236977112823 -230.2202639038229 -121.84317115637009
1828 31541.365550994873 8.460184258244252e7 -39.305852583511026 -24.498029120091964 -37.914174513013506 -0.2157847100790704 -27.449099336045663 -9.895314449954242 -41.3244937836447 -230.20750044992332 -121.77585701984196
1829 31546.093649864197 8.459404776969577e7 -39.30399075485434 -24.49601823670243 -37.91589722093841 -0.2166952413550618 -27.449477668810278 -9.903655978076529 -41.3485838613185 -230.21996688868512 -121.83803441603914
1830 31550.86032295227 8.459478958217943e7 -39.30779728471358 -24.5001503727274 -37.91128342729833 -0.2138235932046797 -27.448778280259507 -9.889765056974625 -41.33433027876532 -230.21241814563888 -121.8309236545062
1831 31555.57163619995 8.460303090194434e7 -39.302438482816065 -24.49418473836195 -37.91669778516105 -0.21715144301948897 -27.45004977946504 -9.891809161855917 -41.31150395215815 -230.20560122643695 -121.75594239365296
1832 31560.355602264404 8.459381124156635e7 -39.30496000685119 -24.497040462311997 -37.91460668771819 -0.2160234842300568 -27.44931727872803 -9.902377747935702 -41.34748512219238 -230.21964501717815 -121.84180655501586
1833 31565.048545122147 8.459399725569467e7 -39.30540986197368 -24.498512674029023 -37.913842215343756 -0.21578358803840558 -27.449208469845242 -9.899333582557631 -41.33509841933204 -230.21893160306576 -121.839857901281
1834 31569.794319152832 8.460091049950676e7 -39.30604783999986 -24.49793097575299 -37.91411614695667 -0.21577470510587915 -27.448882508631314 -9.890602585165652 -41.31186484164249 -230.20885299211204 -121.79098901973992
1835 31574.572156190872 8.45932474532826e7 -39.30423516433274 -24.496184732783576 -37.91531470386894 -0.21638734122359438 -27.449336224974775 -9.899815963650497 -41.34118144333877 -230.21971155223264 -121.84798143721537
1836 31579.317142009735 8.459318853005546e7 -39.305339512435175 -24.49741162531027 -37.91405740279998 -0.21569411772080116 -27.449184287602456 -9.899947210419839 -41.34039281390318 -230.2197798678224 -121.84871291892671
1837 31584.053375959396 8.459319495252764e7 -39.30490413009244 -24.49696917587382 -37.91466138193894 -0.21604207262863184 -27.449289634225412 -9.899766556717623 -41.34124373529602 -230.21975989069267 -121.84840510320367
1838 31622.515625715256 8.4593454577359e7 -39.30439823034291 -24.496401019426663 -37.91481103009717 -0.21609774314206476 -27.4493891287159 -9.900704188007467 -41.34597326814338 -230.22126345870572 -121.84469421572055
1839 31661.449421405792 8.477165496415304e7 -39.58435901493291 -24.701213743577675 -37.47718118450491 -0.00030012435243520486 -27.395273910489767 -9.551354681457099 -40.66725398236031 -229.8524091418451 -120.37543908628646
1840 31700.561892032623 8.478461212479112e7 -39.5871908538041 -24.706278167693704 -37.47551520536172 0.0003109301685668697 -27.395004279019272 -9.552619023065802 -40.6730616150175 -229.82984829114662 -120.25628487810206
1841 31739.346611738205 8.460483567692542e7 -39.308230068708326 -24.500822762688248 -37.910124197083924 -0.2134244031989141 -27.44828291645744 -9.888407075399357 -41.30258102430918 -230.20700260572573 -121.75859574209738
1843 31817.26271224022 8.46839347203021e7 -39.30802183841618 -24.503485849777938 -37.91278200452009 -0.21649152532354066 -27.44731607048339 -9.825907746445182 -41.17468830171151 -230.0910993455575 -121.11324261405156
1844 31855.42150068283 8.473184478107633e7 -39.324241870613804 -24.525456315820612 -37.892716188996 -0.2037196630089113 -27.4456883650856 -9.729040881684057 -41.0377085177588 -230.00904233428065 -120.62639439075451
1845 31894.44193816185 8.478128786803894e7 -39.5958550453738 -24.704650490563832 -37.514113676572904 -5.496620872946778e-5 -27.41439978848255 -9.599703743455848 -40.65617000899249 -229.8664470774533 -120.1580484292092
1846 31933.05726504326 8.481164732435738e7 -39.40006511765448 -23.812561556577233 -38.05151289847273 -0.3436834053565434 -27.356016803812697 -9.756106678407264 -40.64040930775218 -229.93374629086844 -120.05609401913637
1847 31971.61021375656 8.472944960875827e7 -39.30575725541115 -24.497634727725398 -37.91361910092951 -0.21543472489943838 -27.449085945748614 -9.816006681563636 -41.13669023858688 -230.03619312395665 -120.58710457211276
1848 32010.555864572525 8.459296720965959e7 -39.305421749600555 -24.497488947230707 -37.914401397414736 -0.21589886556682103 -27.44921027037201 -9.903955252504716 -41.35072221820269 -230.22136030970796 -121.84852183597127
1852 32165.09331727028 8.459241916339807e7 -39.303765572775944 -24.49499866050311 -37.915691111828565 -0.21658994091647088 -27.449359428276402 -9.90071994184666 -41.34296193320148 -230.22085688963932 -121.85559890679804
1853 32203.53215765953 8.45940598181235e7 -39.30045049542805 -24.489388278149796 -37.919063318215144 -0.2183901982581915 -27.449736225649858 -9.899905892424272 -41.34326409195074 -230.2194993827456 -121.83571931421585
1854 32242.391742944717 8.476722930168214e7 -39.317363312402925 -24.506716605475084 -37.904811248822476 -0.2105336511735203 -27.446108744474785 -9.741411235050862 -40.978773415678745 -229.97379572294926 -120.3078637398774
1855 32281.812730550766 8.479349371058564e7 -39.4767712533606 -24.774313329652543 -37.48528723208811 0.000113081693626782 -27.69458462164552 -9.27331268576944 -41.24671467831013 -229.70749686350177 -120.03031293577044
1856 32286.674040555954 8.459373023032041e7 -39.3048220142048 -24.49659205995772 -37.91474641732592 -0.21611681059339105 -27.449180411236885 -9.898959867840517 -41.34025334308734 -230.21877066213654 -121.84363781803933
1857 32326.447702407837 8.459327615251207e7 -39.30576091281323 -24.497798852670744 -37.91399185759062 -0.21564778278270325 -27.44916509517642 -9.902407291016345 -41.34727505167024 -230.22071173673572 -121.84576880599292
1861 32345.525381565094 8.459363998886235e7 -39.30630381741912 -24.498326152491657 -37.91396195749406 -0.21567239076150457 -27.449159820825937 -9.901319957498288 -41.34552575783704 -230.21919001444667 -121.84397642808517
1862 32384.345371484756 8.459945598729655e7 -39.30330145201582 -24.49397143501182 -37.916851858942536 -0.2172068876222184 -27.449456545796387 -9.903207632765657 -41.33102284625386 -230.21569199952086 -121.78921348067047
1863 32422.964598178864 8.459683195536956e7 -39.303411784674424 -24.495018555701122 -37.915830755391404 -0.21663547715081677 -27.449382352347605 -9.907362172752983 -41.34009619892174 -230.2229905561283 -121.81391882315046
1864 32462.32032775879 8.459373088131423e7 -39.305202164026426 -24.496620667998407 -37.91399025760776 -0.21547473821735963 -27.449111336115926 -9.89247156267919 -41.33621312831349 -230.2147773468701 -121.84035607435982
1865 32501.703083515167 8.459284623871872e7 -39.30475860927942 -24.496243304205493 -37.914402134582645 -0.21590630351516182 -27.449214610924294 -9.89950357025657 -41.33928570556873 -230.22164646641272 -121.84912734247592
1866 32540.21868109703 8.459242090215969e7 -39.3035563426819 -24.494758981399777 -37.91595486766507 -0.2167430236707233 -27.449393267591432 -9.900826663102464 -41.34269699857839 -230.22086075325416 -121.85531876062134
1867 32579.20081472397 8.459560528791831e7 -39.30317452711071 -24.4944224925531 -37.91611050418734 -0.21680115335801986 -27.44959070998389 -9.906672538166958 -41.34511772466891 -230.22203709685147 -121.82448966613987
1868 32583.889904499054 8.45925159660479e7 -39.3032417087164 -24.494543307477326 -37.9161569327746 -0.21683481667037086 -27.449421483716826 -9.902971277726067 -41.34496399759155 -230.22327598193556 -121.85013586252705
1869 32588.542811632156 8.459272046674559e7 -39.30343564308033 -24.49400521181761 -37.91626244665055 -0.21679766230556652 -27.449400723427257 -9.899423533283425 -41.33979437674947 -230.22012002992744 -121.85157167551006
1870 32593.28503060341 8.459231954601051e7 -39.303796381062675 -24.494997294523998 -37.91575889355684 -0.21662257455894007 -27.449363901375854 -9.901012908248788 -41.34269699857839 -230.22102495986076 -121.8557238124518
1871 32598.008810520172 8.459524203562628e7 -39.30388877939793 -24.49499315944608 -37.91596224045102 -0.21672048006639244 -27.44937732171948 -9.89625695684731 -41.33357797231497 -230.21485376980405 -121.82789976207067
1873 32607.29314851761 8.479698145899574e7 -39.607500308665564 -25.02075283228235 -37.451782614542246 -7.066817192225017e-5 -27.545418377717127 -9.285896488371236 -40.68809122238747 -229.746323876597 -120.19047054063543
1874 32612.06061244011 8.468118599787085e7 -39.296094140935125 -24.483586050096534 -37.92320304138341 -0.22052683790766991 -27.44936274493669 -9.799612583496582 -41.14167544905462 -230.07936345567435 -121.11360888295718
1875 32616.839277505875 8.468619129396708e7 -39.3077660768376 -24.5026687028015 -37.91618590242805 -0.21738501663035947 -27.44806902016988 -9.800795020827195 -41.11822733908241 -230.08162457596478 -121.04187917605202
1876 32621.718477725983 8.47882888293437e7 -39.353252133539755 -23.678891542439438 -38.229968293687314 -0.44019563597012734 -27.278233539682777 -9.954826957431408 -40.57261725494192 -230.08289536348417 -120.32506908221353
1877 32626.491075754166 8.45935917634564e7 -39.305341660593704 -24.496791053611997 -37.91435253346306 -0.21584374958910502 -27.449118648674215 -9.898082425777545 -41.33679466887145 -230.21873858680857 -121.84491361830248
1878 32631.250920534134 8.459322451887368e7 -39.30501351842167 -24.49692465240777 -37.91458416996121 -0.21599249097469198 -27.449246887629116 -9.899932770284636 -41.34100646240347 -230.21981925752596 -121.84793698423363
1882 32650.220078468323 8.4593900304806e7 -39.30503827322323 -24.496052524574342 -37.91460912113487 -0.2159728197558053 -27.44899940940866 -9.899004947605192 -41.33659274776494 -230.21865390392014 -121.84254781555939
1883 32654.904292345047 8.4594082675478e7 -39.30483868635473 -24.49633035091383 -37.914522868163 -0.21574985593569806 -27.449154594410746 -9.891761915780421 -41.33453628670844 -230.2143605188628 -121.83889650581148
1884 32659.603264331818 8.459351275096399e7 -39.303602438008184 -24.494644914318783 -37.915967547630764 -0.21667839128104305 -27.449386911234008 -9.899499343904267 -41.339232003399445 -230.21920646535273 -121.84585288571253
1885 32664.387557268143 8.459227037476623e7 -39.301630479301046 -24.492236770111475 -37.91708049566085 -0.2173251858076739 -27.449521178284844 -9.902309385295837 -41.349716479048766 -230.22301626469402 -121.85547855640618
1886 32669.099313259125 8.459395771661787e7 -39.2951309235947 -24.48395283429521 -37.921046032221504 -0.219433497369117 -27.44999311610593 -9.90255471382551 -41.34668148661899 -230.22007408781144 -121.8470526235223
1887 32673.803658246994 8.468159708028847e7 -39.28599842572311 -24.469465267629815 -37.93443356922185 -0.22742421135802005 -27.451317619332073 -9.825040397761882 -41.190025511742874 -230.0894919527346 -121.09531570106935
1888 32678.589092731476 8.473924186894298e7 -39.87637649518055 -24.656336763803466 -37.45409167963657 -0.00011987310004002438 -27.17767642563783 -9.93474730252575 -40.28904329377872 -230.0586421286577 -120.46387875219449
1889 32683.449542045593 8.475343586696588e7 -38.38636042100792 -22.568913084753127 -38.80257080518317 -0.7591828081672531 -27.492845960935913 -9.899654038362485 -41.21877322076887 -230.07006819315768 -120.53581166649406
1890 32688.24143719673 8.459356298850146e7 -39.304411750829594 -24.49565863724736 -37.915359578120736 -0.2164091750559578 -27.449268912882598 -9.8980667586074 -41.33700060260975 -230.2186862351444 -121.84603745030819
1891 32692.955157995224 8.459318676206473e7 -39.30510758434829 -24.49697339393382 -37.91438294786749 -0.21587288041673958 -27.449205443550717 -9.899772569076333 -41.34049398055163 -230.2197146778051 -121.8475285917716
1896 32716.698019742966 8.459429694932894e7 -39.29614221760451 -24.48518538503868 -37.92047282424679 -0.21911867328380197 -27.449912728574372 -9.90180443157368 -41.34597397404525 -230.2194676860011 -121.84432864843899
1897 32721.45821070671 8.459305434363082e7 -39.301425986579666 -24.492175850081402 -37.91699372748924 -0.21730975893962778 -27.449561389867732 -9.900362560352391 -41.34573936422311 -230.22123716999312 -121.84505082745261
1898 32726.17413878441 8.459402771454604e7 -39.30206058045131 -24.49282764358927 -37.91631465436441 -0.21701977890194968 -27.44920538313161 -9.89964842453179 -41.344567079477656 -230.22035596249623 -121.83995528358463
1899 32730.97703385353 8.459361088126488e7 -39.30301396612796 -24.493796915951055 -37.91542529001177 -0.21623958702490143 -27.449285591046138 -9.894137726232884 -41.3428934466877 -230.21713060690814 -121.84159426103116
1900 32769.98982191086 8.459299944477966e7 -39.3013165667263 -24.49141466990234 -37.91736931654305 -0.21739685962900523 -27.449559864242 -9.901005058893588 -41.34448900832564 -230.2219933251419 -121.84852049174555
1901 32808.74153161049 8.459580464844209e7 -39.301065818047086 -24.491898953333802 -37.91749724647743 -0.21754473389467677 -27.449603103105407 -9.908862701487806 -41.34812134448987 -230.22412521658737 -121.82120651264995
1902 32847.76316642761 8.459322366246863e7 -39.301469835093435 -24.491955964772664 -37.9174749350906 -0.21753043826976892 -27.44953998976363 -9.899893595073024 -41.34575920896839 -230.22105985244804 -121.84747434531403
1903 32886.52250409126 8.45938272314581e7 -39.300319860330426 -24.491142116483672 -37.9179436534748 -0.21784487589479085 -27.44973152258258 -9.900535340369288 -41.34634532178819 -230.22099617228247 -121.84004805833979
1904 32925.85745573044 8.459351776210958e7 -39.30231881628422 -24.493066669780262 -37.91618909895321 -0.2168647896127922 -27.4494359863997 -9.899950105157984 -41.34488129644308 -230.22085904839997 -121.84549521484263
1905 32964.59475469589 8.459361824708264e7 -39.30163250689225 -24.492253179821326 -37.91702850023229 -0.21730661983503552 -27.449515569369833 -9.900176396682696 -41.342117162945044 -230.2206814688373 -121.8444679161625
1906 33002.89371919632 8.459517292015396e7 -39.301107514435834 -24.491885410248333 -37.91720086218091 -0.21739023555135617 -27.449735041696844 -9.909310041125934 -41.35234729789448 -230.22505649761155 -121.82837647519966
1907 33041.461718797684 8.459223388249035e7 -39.30141771225159 -24.491989676680298 -37.917180432698714 -0.21739013155391973 -27.44954155474864 -9.902202623087078 -41.349716479048766 -230.22303443249228 -121.85599340540091
1908 33080.05354595184 8.459345615097448e7 -39.30077938175529 -24.49124835895189 -37.91748024808179 -0.21758497277212285 -27.44960268504625 -9.900319824921041 -41.3458194200835 -230.22095850764657 -121.84565400823294
1909 33118.284091472626 8.467777414255023e7 -39.29306820593291 -24.478661372789162 -37.92836250961021 -0.2241526629130206 -27.451217600921726 -9.823033511723565 -41.1849610664392 -230.09009934251634 -121.13052077249989
1910 33157.28325152397 8.471335450891007e7 -39.88924358200808 -24.80980966256645 -37.56173697157228 -3.617001640066064e-5 -27.1960625430984 -10.033003708877118 -40.486475905692885 -230.15652354033585 -120.7723515353805
1911 33196.189598083496 8.459409614438578e7 -39.301248878105554 -24.4915341489037 -37.91754733007688 -0.21757450807044876 -27.44960842108453 -9.897892328621253 -41.33927461542032 -230.21894690596991 -121.83665953696078
1912 33234.92873167992 8.459313341950242e7 -39.30509977160609 -24.496946449789053 -37.91449763240109 -0.21593211869312512 -27.449202693216858 -9.900070775496033 -41.340787088104435 -230.21997123442014 -121.84873214574156
1916 33390.54947543144 8.45941247353555e7 -39.29587788891535 -24.48494710861718 -37.9206422500381 -0.21924570330916993 -27.449941734040962 -9.902368008694907 -41.34597397404525 -230.21990934390033 -121.84582117713734
1917 33429.2442882061 8.459410550473852e7 -39.301770418816105 -24.491987144672752 -37.916450288997545 -0.21693937357070325 -27.449236080321874 -9.900366696394997 -41.34162737894758 -230.2211670669825 -121.84258827352039
1918 33434.06572723389 8.459471837726393e7 -39.30111990511712 -24.491625519170135 -37.91709902782868 -0.21728738894010746 -27.449661426861844 -9.899769440336797 -41.344168861613696 -230.21881049851947 -121.83334621445204
1919 33472.85394883156 8.459508669998035e7 -39.30123097100606 -24.491476992949643 -37.91642590658803 -0.21684344783678 -27.449547863942353 -9.89661761230417 -41.33680551831003 -230.2184962545013 -121.83508120182535
1920 33477.656968832016 8.459306355247405e7 -39.30123623736438 -24.49129271692005 -37.91770788449229 -0.21760493007683834 -27.449559723563578 -9.900139375400101 -41.34276859370442 -230.22156912996695 -121.84875434030903
1921 33482.47378182411 8.459389001543073e7 -39.30299702762844 -24.49379877161932 -37.915552097768256 -0.21632602394284817 -27.44927718311297 -9.893027120345096 -41.34042647521079 -230.21622983601378 -121.83831058945793
1922 33487.27603268623 8.459217255434817e7 -39.30120637852422 -24.49174635555921 -37.91740619565918 -0.2175185766084553 -27.44957431266862 -9.90222871161609 -41.349716479048766 -230.22306530117442 -121.85659074632997
1923 33491.92635965347 8.459754967770754e7 -39.30057234946123 -24.491016361143416 -37.91808348081527 -0.21790391488367078 -27.449672587129857 -9.89245811906801 -41.330450327310245 -230.21254691391414 -121.81305322403557
1924 33530.373929739 8.472541556579396e7 -39.31466941961938 -24.510944450088346 -37.90645679991361 -0.21084552575540982 -27.447632991074975 -9.771475656014331 -41.12664197672893 -230.03284782650314 -120.63378445706121
1925 33570.90286684036 8.475030893764324e7 -39.91597684477996 -24.662416727052406 -37.34644520931866 -0.0004582847215459651 -27.143330219399598 -10.075897753153015 -40.47941719266532 -230.117298134237 -120.35219108278272
1926 33610.60599112511 8.459386414184055e7 -39.306176742461254 -24.4980512413478 -37.91408977540061 -0.215677317048808 -27.44911622069886 -9.90195441784374 -41.34162920128193 -230.2196659364152 -121.84171071792434
1927 33648.97458434105 8.45936172376144e7 -39.30261381138787 -24.493644872197056 -37.91626768898995 -0.21690161433828337 -27.449450089868026 -9.900773730590117 -41.34254539425439 -230.22136209671817 -121.84519428851002
1932 33741.29096579552 8.459479145823859e7 -39.29580184720447 -24.484827370697708 -37.92068405656135 -0.21925389828017217 -27.44996867960954 -9.901694434535784 -41.34362151340383 -230.21894859793235 -121.8393126114047
1933 33745.984202861786 8.459297988015357e7 -39.3011037234134 -24.49181233311072 -37.91749015867427 -0.2175815129475751 -27.449643549505723 -9.902549465071218 -41.35007807207154 -230.22247334889693 -121.85190161409338
1934 33750.82152080536 8.459269385991184e7 -39.300907327486016 -24.491663297092543 -37.917601787816224 -0.21763039497537306 -27.449752039313573 -9.901237245536663 -41.34832301591905 -230.22243039043866 -121.85213018739012
1935 33755.59728169441 8.459378388650143e7 -39.30319917477172 -24.494262355446995 -37.91524432380566 -0.21616644546164565 -27.449188539842723 -9.895024874980834 -41.34224201994846 -230.21768155408142 -121.842576888976
1936 33760.34148168564 8.45921822689689e7 -39.300542361905315 -24.4911206378075 -37.918190766497766 -0.21796036443040379 -27.44964431411494 -9.902044914792839 -41.35019797615399 -230.223007232278 -121.85693542092628
1937 33765.10371470451 8.459192414074813e7 -39.30192348176955 -24.492719088437667 -37.916646462674045 -0.21715974449585929 -27.44944619076352 -9.902762781814488 -41.35001794378843 -230.2235609837022 -121.85836598303217
1938 33769.82059550285 8.459781483231676e7 -39.304074538018305 -24.495636996421222 -37.91436725206828 -0.21608328328973414 -27.44906183298059 -9.895954256959726 -41.33385365022133 -230.21565474428303 -121.81556373142399
1939 33774.52593946457 8.468915338634853e7 -39.29363240468396 -24.481564794732726 -37.93037457773119 -0.22504031732412955 -27.450684793725625 -9.805876894976393 -41.135759993876036 -230.07321243406818 -121.03678256008618
1940 33779.16625261307 8.477699507887462e7 -40.30955461022723 -24.997433492507078 -37.40678159831901 -0.00031265935452040594 -26.9803459581442 -10.245639120677879 -39.86377201589232 -230.17153384940627 -120.19690165473247
1941 33783.82430052757 8.480001957061708e7 -38.56076391513711 -22.539265919435458 -38.723548377081094 -0.691065404082785 -27.492549949428994 -9.866388637082025 -41.116047254624846 -229.98792326882034 -120.06971939828281
1942 33788.558844566345 8.459292699275374e7 -39.30510813899608 -24.49669470337555 -37.91465350269004 -0.216007744550609 -27.44918186982387 -9.903241495116447 -41.34838919259522 -230.22174886812132 -121.85133054242311
1946 33807.19508481026 8.459412773056068e7 -39.296563548042755 -24.485874765559917 -37.91987967609019 -0.21887429876687747 -27.449834382920564 -9.901747207922142 -41.34604737315874 -230.21966601924532 -121.84557493854317
1947 33811.958213567734 8.459387886065666e7 -39.302163231325174 -24.491873567131588 -37.916344349348584 -0.21673198185727216 -27.449474541727128 -9.898854589864243 -41.34054994453686 -230.22066446622887 -121.84724395389765
1948 33816.590156555176 8.460280688519897e7 -39.30505332183924 -24.495947123895856 -37.913610252999824 -0.21546263166035828 -27.44879858269259 -9.882198645806227 -41.30344083152943 -230.20380090243236 -121.77242254106386
1949 33821.2710185051 8.459267023414756e7 -39.30242625268931 -24.49336933069422 -37.91658305302391 -0.21711531212649504 -27.449387169883614 -9.901560552426247 -41.34775051059768 -230.22180074739703 -121.85319610321795
1950 33826.023406505585 8.459323498426038e7 -39.30306337806496 -24.493984885908223 -37.91529697073634 -0.21644591688006187 -27.449291131051123 -9.900997783106448 -41.34581442661408 -230.22198424515517 -121.8495249370892
1951 33830.798409700394 8.459838960597765e7 -39.30455184721467 -24.49548036100178 -37.91389846162837 -0.21521826147557022 -27.44884952954891 -9.897307017501419 -41.33617930453022 -230.21583289684173 -121.79943221159749
1952 33835.43901896477 8.459309513499156e7 -39.3018749308754 -24.492734678065414 -37.91658574938008 -0.2171102991165128 -27.449535268493534 -9.902090833443594 -41.35009080011628 -230.22208732192223 -121.85068083324126
1953 33840.14696979523 8.459307223849288e7 -39.30259701745972 -24.493389171008715 -37.91597889004718 -0.21680418576140426 -27.449235522413677 -9.901226691462739 -41.346422865223985 -230.22186953975574 -121.84804776440347
1954 33844.842136621475 8.459187427758242e7 -39.30184533980184 -24.49264131863643 -37.916704814610334 -0.21718637722980105 -27.449461785426394 -9.902796661263892 -41.35023897697096 -230.2235405581182 -121.85890646379829
1955 33849.59879565239 8.459284477131116e7 -39.30161090147169 -24.492407995485735 -37.91687987133836 -0.21726627763194983 -27.449508569913736 -9.902006658311166 -41.35005630279511 -230.22285709208103 -121.85150466189009
1957 33859.08421063423 8.468801712682316e7 -39.30558948595876 -24.498437335001547 -37.91495568146963 -0.21693094201235397 -27.449583575785677 -9.81842662347043 -41.1602544016186 -230.07943244359075 -121.05558268713486
1958 33863.8386285305 8.479087491889876e7 -38.08894155256607 -22.160736123291876 -38.900633708746234 -0.7800441961559912 -27.65669095298593 -9.666068102139775 -41.62463529555845 -229.89751883951277 -120.09424855685978
1959 33868.599393606186 8.473803244137222e7 -39.33438267823878 -24.479403043888354 -37.51194612983705 2.556475684656334e-5 -27.612813273505118 -9.658555131979654 -41.51896237230636 -229.93408119725126 -120.40903758888095
1960 33873.43535256386 8.459397214048772e7 -39.2999380304393 -24.48972343628399 -37.918566360401094 -0.21814970598853733 -27.44969824218709 -9.89980523792076 -41.344038744220256 -230.21985940948042 -121.8395522350238
1961 33878.16271471977 8.459207783934186e7 -39.30363743295089 -24.495082395023324 -37.91556684298222 -0.21652981584067277 -27.449349931958885 -9.902818176750657 -41.34617000572615 -230.22363961587087 -121.85642098146604
1965 34034.228281497955 8.459449368510816e7 -39.29639316765563 -24.485463240074637 -37.92004719285619 -0.21894076541700258 -27.44983375217984 -9.902493924320936 -41.34470040881121 -230.21974431560147 -121.84319203741762
1966 34073.062708854675 8.459280807738218e7 -39.302827168084804 -24.493672941421398 -37.916124055394846 -0.21682542869468335 -27.449359117638473 -9.903312557859238 -41.34704523378883 -230.22254244910442 -121.85202625096497
1967 34112.13803482056 8.45947797220955e7 -39.302452148542386 -24.493370087231146 -37.91577609213209 -0.21677925215239924 -27.449411535583042 -9.897694514592388 -41.34204170889882 -230.21877662358105 -121.83939341043106
1968 34151.1020758152 8.460272820804887e7 -39.30330822675573 -24.493025483525614 -37.91600094150422 -0.21673820324638626 -27.44894142758118 -9.886803868923039 -41.306338048304326 -230.2073148118655 -121.77810302293767
1969 34190.71327853203 8.460085532600042e7 -39.30198889597554 -24.492915306157887 -37.916605939982425 -0.21715404441993513 -27.449283202691078 -9.894732628750546 -41.328079788453806 -230.21021455107928 -121.78343778438978
1970 34229.775839328766 8.459431685106418e7 -39.30116377094927 -24.49104451513207 -37.917523031780995 -0.21745782476536135 -27.449547631104405 -9.898185243728108 -41.33853787311176 -230.2198982818835 -121.84065692226108
1971 34268.43419313431 8.459430806527126e7 -39.30458440510099 -24.495891858429808 -37.913399376726424 -0.2150124238154305 -27.448999126308397 -9.891626710621097 -41.341590789218344 -230.21506232072295 -121.83463635359135
1972 34307.100264787674 8.46043473886613e7 -39.30223323672382 -24.49210464221534 -37.91666759744344 -0.21700731324487066 -27.44960212507503 -9.884935962674604 -41.30829146751381 -230.20377933206277 -121.76338901810283
1973 34346.49667954445 8.4594013127879e7 -39.30287012270415 -24.493896925558506 -37.915420519944355 -0.21652236295698657 -27.449326574743765 -9.900127131257591 -41.343538337318876 -230.22099218045946 -121.84510558294824
1974 34385.14280629158 8.459250294989853e7 -39.301949485246034 -24.492623685875234 -37.916660613202176 -0.21714428759821658 -27.44944632363606 -9.902906839921798 -41.34868703198424 -230.22315820103552 -121.85406012326689
1975 34424.645461797714 8.459351860709849e7 -39.302389616378946 -24.493457883042844 -37.915973857524335 -0.2168209106622001 -27.449403875329384 -9.899315968491976 -41.34525283752839 -230.22072068857943 -121.8464407606105
1976 34463.26412034035 8.459430042083898e7 -39.301042911843375 -24.49191900269353 -37.917024527769875 -0.21731955185904894 -27.449827699373174 -9.909332235488762 -41.35624234824877 -230.2253078950023 -121.83581982088043
1977 34501.83832335472 8.459581165251051e7 -39.30301461748485 -24.49315913591925 -37.91589518515843 -0.21667541299694193 -27.449260349405158 -9.89331925177288 -41.32496477578587 -230.21611832526014 -121.8244241734198
1978 34506.52398133278 8.472853715118337e7 -39.30267939798949 -24.493527830546775 -37.91571622873215 -0.2166054615020485 -27.449327504292555 -9.825293226855706 -41.15069570466977 -230.04217606719925 -120.59271014492765
1979 34545.780911922455 8.459728371410531e7 -39.29798479421105 -24.48732612928127 -37.92044610866963 -0.21928605177208738 -27.45000515294043 -9.901876186060804 -41.351976675265576 -230.21702722939966 -121.80664749939876
1980 34550.573117017746 8.478379124363874e7 -39.58453744890142 -24.702335637374965 -37.477803608084386 -0.0009283565897462154 -27.395102175867784 -9.550609029648285 -40.66831422888748 -229.83025581608547 -120.2687019364389
1981 34555.27644491196 8.476892555338979e7 -39.58701246536629 -24.70515636964958 -37.474892738892905 0.0009391836515817431 -27.39517600907728 -9.553274510663186 -40.67922368358188 -229.85249730584297 -120.39462557444364
1982 34560.02083992958 8.460548228092931e7 -39.30339448980818 -24.497476508174593 -37.916286362773356 -0.21728886069827524 -27.449876158685772 -9.891294976089057 -41.31765666032442 -230.20301216626177 -121.73041621749309
1983 34564.78011679649 8.474351701403967e7 -39.28571193012193 -24.338817518363104 -37.54540160452704 -7.31744331687878e-5 -27.663297629582093 -9.567618146805671 -41.38493846144502 -229.89247608489546 -120.45479438159884
1984 34603.1079018116 8.469383773784067e7 -39.29437319828578 -24.482181608269446 -37.93005221679241 -0.22489429772546998 -27.450340610648677 -9.798728463257362 -41.12204821102165 -230.06565722889638 -120.99931593593101
1985 34642.3265645504 8.45930590392364e7 -39.301877061366405 -24.49279316604662 -37.917135365963375 -0.21738099738747962 -27.449582695970165 -9.901668906671716 -41.34423154863072 -230.2220591343089 -121.84888736850536
1986 34681.20760822296 8.459338492637254e7 -39.30258968568678 -24.493453052779948 -37.9163768758572 -0.21696431358189017 -27.449415010575766 -9.902007364835697 -41.344155053640236 -230.22148902210267 -121.84712826848141
1990 34734.19074630737 8.459331446028256e7 -39.303304317480325 -24.494279017076753 -37.915038221787206 -0.2160926003106951 -27.449217398920645 -9.894300386508917 -41.34349017208302 -230.21731108937757 -121.84321610864521
1991 34738.95304322243 8.459251972771476e7 -39.30225374814133 -24.493044871238375 -37.91617898383539 -0.2169079068037263 -27.449397773227908 -9.902862349154134 -41.347744822575805 -230.22366482881392 -121.85684041933041
1992 34743.65639543533 8.459189722779112e7 -39.302604854537904 -24.493418848825442 -37.91626176600048 -0.21696502540545737 -27.449238589263373 -9.902016647157836 -41.34984305640563 -230.22323788627705 -121.8596929258079
1993 34782.12457203865 8.459214249537247e7 -39.30216272441369 -24.493111749899562 -37.91642029986821 -0.21703820487100245 -27.44943790990803 -9.902314236160748 -41.35018133330465 -230.22310351743283 -121.85725599648305
1994 34821.891374349594 8.45959036239079e7 -39.30154922693743 -24.492484818099474 -37.917074754695044 -0.217363474729396 -27.44950279130827 -9.909554013751006 -41.348850697087244 -230.22429459188703 -121.82311359698696
1995 34860.46895313263 8.459272595814827e7 -39.30197947267158 -24.49294118276369 -37.91653109999926 -0.21709953472486632 -27.449541068085093 -9.90089503504231 -41.34678536315943 -230.22159051158377 -121.85183541246403
1996 34900.69308304787 8.459344925232403e7 -39.30106518682711 -24.491280159716457 -37.917632825919 -0.21770304601187007 -27.44958326557344 -9.899917287438939 -41.34550962167316 -230.22012342691 -121.8433785502117
1997 34940.224490880966 8.459267496738808e7 -39.302087493375836 -24.493111819247734 -37.91658416667832 -0.21712956840659814 -27.449455742677763 -9.901783530982016 -41.347922900819526 -230.22237796693213 -121.85305366384853
1998 34978.500747680664 8.459305407433519e7 -39.30242219681527 -24.49294590944709 -37.91637891877782 -0.2169171919332058 -27.449409905135173 -9.90104109913085 -41.342792950176374 -230.22219394952765 -121.85069029216282
1999 34983.20970749855 8.459314928815079e7 -39.3012416395007 -24.491698530544326 -37.91735922341405 -0.21750023331824764 -27.449520141201614 -9.901674837012024 -41.34695086657098 -230.2213791137208 -121.84816835683722
2000 34987.97106766701 8.459760884286523e7 -39.30227974191263 -24.493423123978395 -37.91649461225182 -0.2171179991473835 -27.449456403989227 -9.892622727589412 -41.328800826610916 -230.2128431925472 -121.81548358720062
2001 34992.67846059799 8.459304527156381e7 -39.30008361474963 -24.490501200684548 -37.91758454569873 -0.21766169644507727 -27.449575936376633 -9.901185938045387 -41.34408534009543 -230.22197361689064 -121.85263844816012
2002 34997.345698833466 8.459371265702474e7 -39.302946376283515 -24.494378022015393 -37.915673045473774 -0.216640341237202 -27.4494783660669 -9.899702292643951 -41.339585039012206 -230.22069393058285 -121.84191130948932
2003 35002.116332530975 8.45927619426418e7 -39.30087691078586 -24.49119642018838 -37.91751799674596 -0.2176048102124355 -27.44954324436037 -9.90209187572924 -41.3486135198786 -230.22261070546892 -121.85162418045002
2004 35006.76950263977 8.459364190530857e7 -39.304077607486484 -24.495651955925798 -37.91482646745895 -0.2162289754041069 -27.44912408939787 -9.900452083945368 -41.340960379788726 -230.2209786577103 -121.84881871606683
2005 35011.48526453972 8.478545382833132e7 -39.585517799531964 -24.703266439723766 -37.47675219931986 -0.0002229333112495624 -27.395075781854672 -9.54424566829249 -40.66108488255543 -229.83150172426696 -120.27336285183537
2006 35016.18304157257 8.478761344349742e7 -39.58603227770771 -24.704225752752805 -37.47594413245814 0.00023378462699952252 -27.395202396612614 -9.511982826596238 -40.58088798702869 -229.81968907173592 -120.21009590839469
2007 35020.89545249939 8.45935372129186e7 -39.30104298223472 -24.49180410154589 -37.91761592046518 -0.21776105684617875 -27.449505512066626 -9.901558937776826 -41.34749497676984 -230.2221422316132 -121.84622575071694
2008 35025.60976743698 8.473568029249346e7 -39.299041516645296 -24.488047287112767 -37.9158798646038 -0.21640794546908637 -27.449495487752344 -9.811291518078917 -41.117072743173594 -230.02633764858285 -120.51708046395618
2009 35030.263711452484 8.477572986618091e7 -38.57793661577135 -22.98401684518802 -38.76486603544034 -0.6968555735617912 -27.422961896666745 -9.783808027106545 -40.91062816207176 -229.9962820079993 -120.56732078986482
2010 35034.9570851326 8.477296415376003e7 -39.81175671302558 -24.978400106273337 -37.496489323402336 0.00010195945419866348 -27.267004910879415 -9.777640197919595 -40.34957450413509 -229.9756882951006 -120.38590748670481
2011 35039.64135694504 8.459230603128138e7 -39.3023115542879 -24.49316841619746 -37.91646487667569 -0.21700682240946634 -27.449492557084398 -9.900991492712706 -41.34578913332234 -230.22225760282709 -121.85454470159038
2016 35063.227863550186 8.459192973603566e7 -39.300287191559335 -24.490703146225986 -37.917816470712545 -0.21780133158225823 -27.449637969286904 -9.902441295438564 -41.349700242266124 -230.22343622744262 -121.85947828199147
2017 35068.09482240677 8.459211296145701e7 -39.30180305453278 -24.492597024189212 -37.91676949992699 -0.2172314698043465 -27.44948836398049 -9.902255328717615 -41.34947029071441 -230.22325516139426 -121.85814601884118
2018 35072.857092142105 8.459191973252784e7 -39.301951729965786 -24.492705153627337 -37.916586738323616 -0.2171371223924652 -27.449458651067218 -9.90218674293152 -41.349973481165875 -230.22311513369158 -121.85757147351046
2019 35077.62831711769 8.459187078221548e7 -39.30183231654585 -24.49263282469793 -37.916714888076356 -0.21719181193680015 -27.449466692174024 -9.902944524671113 -41.35023897697096 -230.22358726944412 -121.85890646379835
2020 35082.3453540802 8.459188946258166e7 -39.30179324668472 -24.49260734283148 -37.916745108481244 -0.2172081160646684 -27.449481412422152 -9.902861928639936 -41.35023897697096 -230.22352107289447 -121.85868318399054
2021 35087.15837407112 8.46182186466062e7 -39.30297940395286 -24.49160965210754 -37.917041229622036 -0.21758274211380524 -27.450070672031124 -9.884859429238361 -41.296038430035594 -230.18759515241914 -121.62183668218296
2022 35091.90479707718 8.48149358650736e7 -39.05751980858612 -23.17562845006157 -38.27186455414211 -0.514808623016954 -27.2397119998877 -9.923762339162522 -40.43219322885153 -230.03893515331305 -120.0565918077707
2023 35096.63310432434 8.472061238107985e7 -39.67230520319385 -24.935975863516063 -37.42738513939517 2.951809653239934e-5 -27.299138675384143 -9.833638064475565 -40.72031192801148 -230.01092349436738 -120.71402210716286
2024 35101.3148124218 8.459357253014429e7 -39.29979664659035 -24.490133105000602 -37.91791530667416 -0.21786417952552029 -27.449601636956988 -9.899716552019754 -41.343527414119364 -230.220760884907 -121.8469926063629
2025 35106.087020397186 8.459257067731948e7 -39.302796572271774 -24.493781405937074 -37.91629795116042 -0.21693294457647028 -27.44942332827174 -9.901227654828517 -41.346278424401476 -230.22224361327375 -121.85323287353697
2029 35125.073766469955 8.45922223900708e7 -39.300564801463146 -24.490953453427466 -37.917551643548435 -0.21765314335953434 -27.449582874103534 -9.902162397126006 -41.349235203905664 -230.22302276225327 -121.85745283592388
2030 35129.840379714966 8.459197249685104e7 -39.30190274955903 -24.492710093949402 -37.91664224829018 -0.21715357277716407 -27.4494582979844 -9.90281294156432 -41.35000902541941 -230.22350673183905 -121.85808819507122
2031 35169.33256196976 8.459188771912356e7 -39.302007454031205 -24.492762532331184 -37.91653300451524 -0.21710667831384 -27.449449893478505 -9.902585335593471 -41.349973481165875 -230.22328654205955 -121.85775703329239
2032 35207.87335681915 8.459192184827767e7 -39.30204679921596 -24.492893482262794 -37.91659486727906 -0.2171239612221143 -27.449454246857925 -9.902716229688735 -41.35023897697096 -230.2234198594752 -121.85836572586442
2033 35246.47059965134 8.459186521727934e7 -39.302087606998086 -24.492820734561914 -37.91662943724184 -0.2171570629769377 -27.449374494815892 -9.901948774215555 -41.349760048770634 -230.22316087308712 -121.85939120860411
2034 35284.650196790695 8.460098528466436e7 -39.30285346282082 -24.493384449552025 -37.91637308488871 -0.2170528172538866 -27.449097903235923 -9.89092032142969 -41.31435779156976 -230.2104303019202 -121.79330617999022
2036 35362.41257977486 8.474118332596692e7 -39.45200443096677 -24.657085041537872 -37.47460826438997 -0.00031147753049509674 -27.529554503105388 -9.47870779062248 -41.14327499625301 -229.8450850553869 -120.5038463542399
2037 35401.48333835602 8.473668907495981e7 -39.30124277580512 -24.49024177223151 -37.915734254156646 -0.21618621790922532 -27.449704529877064 -9.802332510327915 -41.1146196436743 -230.02439333665995 -120.51373126354946
2038 35440.03686404228 8.471553129417144e7 -39.26622091623342 -23.127640380506254 -38.254819491006764 -0.4415450598099184 -27.132129357526534 -10.353814415280624 -40.81842839128274 -230.25810909665637 -120.6897265514088
2039 35478.84728932381 8.459446579595222e7 -39.30333656913594 -24.494366254849478 -37.91514771042729 -0.21637415757284373 -27.44925951944666 -9.898600884652296 -41.342012532105 -230.2197627041266 -121.84113852811765
2040 35517.97969341278 8.459214863374373e7 -39.30124094141244 -24.49193207283393 -37.917430003510724 -0.2175638085955356 -27.4495481145237 -9.902107498665828 -41.34963264366195 -230.22305449405889 -121.85649096395798
2044 35673.06551527977 8.459281321540889e7 -39.30263069856848 -24.493429715098536 -37.91598223718916 -0.21681741070356964 -27.44930069543462 -9.90103900434218 -41.34602531127251 -230.22232143056613 -121.85361209013274
2045 35711.7565972805 8.459187559494096e7 -39.302245281909904 -24.49294235539508 -37.916446346444246 -0.2170683701025382 -27.449355039574513 -9.901704125369974 -41.34949455296555 -230.22291910778648 -121.8582794981242
2046 35751.05580544472 8.459170241169523e7 -39.30241813399976 -24.493030199454786 -37.916413714187094 -0.21701313348457774 -27.44929684926911 -9.902830961652455 -41.349398752853745 -230.22385859721976 -121.86095203275892
2047 35790.14885544777 8.460276559750123e7 -39.303409675062525 -24.493658541000165 -37.91576654831347 -0.21658135066850548 -27.449063914028965 -9.88821528844835 -41.31069261971999 -230.20738690324873 -121.77699964694904
2048 35828.63429284096 8.469165682051261e7 -39.294765455466035 -24.486010132385726 -37.925162693402 -0.22228728390368957 -27.451770055125085 -9.819557712342203 -41.16845131124046 -230.0751507402726 -120.99731063832132
2049 35833.31383681297 8.470781936066419e7 -39.71237690381456 -24.518825560748688 -37.91242829848043 -0.21681198999639406 -27.08198319933401 -10.281903964051992 -40.42626619654345 -230.2573572376644 -120.6305735141421
2050 35871.7626850605 8.478478021792619e7 -39.73273923023768 -24.564490965989588 -37.4834656998826 0.00013250436552425526 -27.27360849440063 -9.732315190609427 -40.260953335179124 -229.95369095002656 -120.1844871212071
2051 35876.39015507698 8.459171713031998e7 -39.30188885268919 -24.49252381446925 -37.916789321628826 -0.21723293611629657 -27.44941787677562 -9.903401317300847 -41.35122934015254 -230.22427912667865 -121.8615549342561
2055 35929.67942619324 8.45918901108723e7 -39.302226936565006 -24.49230867491246 -37.91672335251502 -0.21708534867657647 -27.44930758401293 -9.902081194138077 -41.34649613102442 -230.2235755034581 -121.85883845798497
2056 35968.812044382095 8.459213847308387e7 -39.3026065265328 -24.493178974886884 -37.916295549289565 -0.21695845864697816 -27.449195062180493 -9.902533800064475 -41.34805838700373 -230.2234237592799 -121.85799222757908
2057 36007.82725262642 8.4593229313597e7 -39.30279942775212 -24.493467440393438 -37.91593621299768 -0.2167810025799639 -27.449268660169338 -9.900864867135795 -41.34274036719546 -230.22220941059362 -121.85215791051945
2058 36046.47682905197 8.459271350669497e7 -39.30297891059567 -24.49366182376712 -37.915778903411265 -0.2166899903140873 -27.449241723710244 -9.900278669315412 -41.343964770981756 -230.22204077897084 -121.85509180648381
2059 36085.70146155357 8.459215999809068e7 -39.30222705198795 -24.49282400361905 -37.91661767205524 -0.21714351633266915 -27.449346957299927 -9.902330213674134 -41.34647510469341 -230.22348010885554 -121.85937061629971
2060 36124.285089969635 8.459395455179267e7 -39.30338284534061 -24.494191474398235 -37.91514463012119 -0.21613912630758847 -27.449246862718077 -9.893382692450587 -41.340344904330834 -230.21633566147347 -121.83788102025431
2061 36128.967722415924 8.459923310379426e7 -39.303533339757166 -24.494196696405695 -37.9152278099839 -0.2162596815778386 -27.449028604859784 -9.892736180433246 -41.3186178101293 -230.2132645470587 -121.80792142028741
2062 36133.591136455536 8.459200952203396e7 -39.302375437707944 -24.4929451734897 -37.916522947931995 -0.21710198711410555 -27.449258511443833 -9.90221906845494 -41.34688229123344 -230.22375364456656 -121.8624372020501
2063 36138.29334926605 8.45925287350954e7 -39.302739997271104 -24.493650946255723 -37.91606491885545 -0.21683868267465556 -27.449279656800826 -9.901763835284669 -41.34503291984208 -230.22298753293563 -121.85585326300554
2064 36142.92036151886 8.459276087275381e7 -39.30001162307993 -24.49000870231146 -37.91795789872666 -0.2178536020081694 -27.449511378823427 -9.900565537352861 -41.34435777935954 -230.22186387904793 -121.85433174852
2065 36147.571390628815 8.459310775774747e7 -39.30234058977236 -24.493065114013557 -37.91666865122489 -0.21718508490447164 -27.44940393377613 -9.900833307629 -41.34435985554319 -230.22118119324182 -121.85044743938988
2066 36152.29634976387 8.45925946780126e7 -39.30173958584137 -24.49238262634821 -37.917129191151595 -0.21743488322931626 -27.44945601261495 -9.901348868600735 -41.34645179953452 -230.2225148101187 -121.85492540228313
2067 36157.08880901337 8.459466632130596e7 -39.30193564930374 -24.49280894188871 -37.9162482823085 -0.2168421491713346 -27.44958653003355 -9.910185197710518 -41.35298262935066 -230.22583172142845 -121.83271295044608
2068 36161.866849184036 8.459723578656171e7 -39.30273231539394 -24.493307086418568 -37.91619755323216 -0.21684583465573581 -27.44914929441828 -9.891743485350332 -41.32986580837246 -230.21256597247634 -121.81814115219998
2069 36166.599600315094 8.460352020049575e7 -39.3047738308495 -24.49546547819003 -37.91400260992632 -0.2155220776319382 -27.448695972341557 -9.879416831726928 -41.301051165177 -230.20259183108135 -121.7703081234061
2070 36171.25119948387 8.478178748999438e7 -39.58424337571092 -24.702061207430795 -37.47765606687779 -0.0007680218523518079 -27.395283561888537 -9.55615084423107 -40.68653440081488 -229.83647322275533 -120.29589584410519
2071 36176.02124667168 8.4785422367931e7 -39.58730662819314 -24.705430896776477 -37.47504028375693 0.0007788570572984099 -27.394994620152286 -9.514841994173935 -40.5852710825975 -229.8219997331634 -120.22184823853632
2072 36180.738268613815 8.460305429434967e7 -39.30316366363037 -24.494151128803704 -37.916997962037236 -0.2176317165513595 -27.448996422604235 -9.887747396001657 -41.30592733181044 -230.20785820757948 -121.78271132975357
2074 36190.09077048302 8.473875481646855e7 -39.30109766574451 -24.490438499229587 -37.915630865663594 -0.2163026693147856 -27.44839981313101 -9.815824191631577 -41.13692809867132 -230.02987923265601 -120.52557880411604
2075 36194.85353755951 8.472856138446459e7 -39.69401542106327 -24.49850770572808 -37.933527976593474 -0.23079391805178062 -27.08511703653488 -10.29599365992567 -40.4489897191433 -230.23328784998432 -120.4610716766984
2076 36199.59739637375 8.473777349430431e7 -39.892768162978065 -24.54039153964703 -37.48985633026136 0.00028891220261328954 -27.21357773995075 -10.097415971544194 -40.65650530128403 -230.11814122136622 -120.28070787261561
2077 36204.27690029144 8.459300123980412e7 -39.30149948914888 -24.492310772320657 -37.91684352528332 -0.21724342600609248 -27.449582231934844 -9.902217402637405 -41.35012064793045 -230.22222066674703 -121.85187560022132
2078 36209.01364040375 8.45919725927838e7 -39.30215645529626 -24.492786578940112 -37.916603091211904 -0.2171373459511301 -27.44933944131351 -9.90278207911831 -41.350443608558294 -230.22375803881442 -121.86079932790358
2082 36227.94968414307 8.459202711673582e7 -39.30242244488791 -24.493221048270257 -37.91619891186632 -0.21691419600793438 -27.449359744028577 -9.90217307357534 -41.34952529368036 -230.22320856277736 -121.85812828355017
2083 36232.655927181244 8.459973501332818e7 -39.30320129538147 -24.493884074901946 -37.91581985677564 -0.2167344947752312 -27.44905124152677 -9.89311038100925 -41.320100145913216 -230.21225784809383 -121.80159450926635
2084 36237.39562034607 8.459312395059709e7 -39.30234865051098 -24.49304017386889 -37.916385750971706 -0.21699883619239557 -27.449358481299807 -9.901583390587291 -41.34732279358144 -230.22203688198078 -121.85322910124466
2085 36242.0808763504 8.459168298667026e7 -39.30233724146696 -24.49298264344737 -37.91649047555292 -0.21705085086338727 -27.4493120152592 -9.902792753770882 -41.349398752853745 -230.2238445237872 -121.86107684803386
2086 36246.832485198975 8.459565335191259e7 -39.302094560685546 -24.49283997287695 -37.91672076044764 -0.21716400374420175 -27.449357513403363 -9.909760304564145 -41.348010472969804 -230.224756903801 -121.82581884475354
2087 36251.57723927498 8.467296175517847e7 -39.306894973704885 -24.499883840853922 -37.91180405250984 -0.21391830236880338 -27.449726786861937 -9.829022550304671 -41.227375672985715 -230.09419390914553 -121.1779899365012
2088 36256.27618551254 8.479171574122502e7 -40.2387163325042 -25.34258870309741 -37.46992700752008 4.2174934428373945e-5 -27.00808938658495 -10.184785064999858 -39.82343736152171 -230.13756728260012 -120.11595218825966
2089 36261.012655735016 8.45916714522792e7 -39.302030121564954 -24.492582206334916 -37.916703985457666 -0.21717814165052118 -27.449362940352824 -9.902109912560604 -41.3498660272806 -230.22347944629246 -121.86130811073184
2090 36265.83709168434 8.459198834456602e7 -39.30209380580772 -24.492518260376357 -37.91673485383307 -0.21719042614915196 -27.44931526157336 -9.901964655044026 -41.34908996970046 -230.22309877873056 -121.85905815649932
2091 36270.6623814106 8.459303456300479e7 -39.30110871276937 -24.49138083875305 -37.91734452743286 -0.2175600245772955 -27.449515718043674 -9.901768573017534 -41.349708040059795 -230.22273122561586 -121.8525574469233
2093 36314.38679480553 8.462952152597487e7 -39.297109717055605 -24.486458628898053 -37.92336684641958 -0.22145889334747437 -27.451182308331408 -9.87779409539013 -41.289473730249824 -230.1675472623674 -121.5142005340677
2094 36353.26387190819 8.474007985640891e7 -39.8722786707566 -24.810713955012076 -37.55414316953987 0.00019213817323304738 -27.231069220341727 -10.030937687690994 -40.49755886661279 -230.1069251612533 -120.39692118572117
2095 36391.89776611328 8.459197112431484e7 -39.303877967646734 -24.49483956600937 -37.915381469206565 -0.2164473163474554 -27.44914660426683 -9.901928074670934 -41.346500241466515 -230.22308077895957 -121.85815298231785
2096 36430.20898151398 8.459202006253186e7 -39.301184922228806 -24.491737297379878 -37.91720770713874 -0.2174628187603389 -27.449515125996694 -9.90244742565892 -41.34970916063497 -230.22329507396182 -121.85866816432537
2100 36587.41594672203 8.459269008056052e7 -39.30258852366305 -24.493193523624754 -37.91600330633185 -0.21679382980668294 -27.449283268951163 -9.901252783987559 -41.346236974214094 -230.2225013673613 -121.85431506425988
2101 36626.95031285286 8.459291740597495e7 -39.30186981066657 -24.492450619105796 -37.916745934578444 -0.21717147462605624 -27.449453788891756 -9.90198265270999 -41.349803435488866 -230.22209206931478 -121.85215966517615
2102 36665.734557151794 8.460116230465391e7 -39.304214070340684 -24.495062160221224 -37.91459918394111 -0.21587357255873485 -27.449008277636263 -9.884053081870547 -41.310611123729586 -230.2069652388933 -121.78785967797842
2103 36704.93160581589 8.459205180035438e7 -39.30214574313078 -24.49295884789723 -37.916464766155144 -0.21707478523255475 -27.449349388205356 -9.901849058891457 -41.34970677708918 -230.22288210794795 -121.8574528930369
2104 36743.52963781357 8.459230152615485e7 -39.30247940101802 -24.492900100962963 -37.916018612437924 -0.21678032467936958 -27.44929854769299 -9.900901813620806 -41.3487209343192 -230.22209158105687 -121.85577345902271
2105 36782.20459938049 8.459268955621001e7 -39.30150354961512 -24.491866476256085 -37.91674408916839 -0.21712068157971487 -27.449393534425734 -9.90096374267506 -41.34819763252034 -230.22175952867087 -121.8511964492946
2106 36821.773413181305 8.459325111067109e7 -39.301935510376474 -24.4924571422484 -37.91642032965629 -0.21691460437615717 -27.44940616336255 -9.901193707689572 -41.34456927370178 -230.22136276284374 -121.84819492510815
2107 36861.32530212402 8.459276995013003e7 -39.30179717609574 -24.492357592612365 -37.916547721487696 -0.21698195405323872 -27.4494792344374 -9.90057062580047 -41.344879235721294 -230.22158688161414 -121.84853045609515
2108 36900.28466510773 8.459300847194813e7 -39.301881578659206 -24.492401327575056 -37.916750662331424 -0.21716562684994756 -27.44937637809471 -9.901486274801016 -41.349524102913335 -230.22242184578408 -121.85063636081225
2109 36939.15950703621 8.459237141190572e7 -39.301631250743434 -24.49211279557665 -37.91696081134618 -0.2172513723036289 -27.44940694395704 -9.90146608935828 -41.349606326636376 -230.2223663859412 -121.8546078051238
2110 36978.06971311569 8.459207040961698e7 -39.30204288534247 -24.49255475921236 -37.9165144575104 -0.2170152751229324 -27.449347718833494 -9.902227179530712 -41.349763911277535 -230.223063760924 -121.85766790609784
2111 36982.80428004265 8.459690715768597e7 -39.30162545728904 -24.492129080999252 -37.91716003842987 -0.21743456552689366 -27.449425664712017 -9.891995698502853 -41.332025976901036 -230.21286125785952 -121.81949256209674
2112 36987.483628988266 8.459240409473376e7 -39.30438406890491 -24.495566639856325 -37.915133582823636 -0.21629633123622938 -27.4491863848235 -9.900097081846354 -41.34276180151858 -230.22045892915207 -121.85538009551459
2113 36992.255581855774 8.459251413802266e7 -39.30257172715912 -24.493434075744894 -37.91596071705661 -0.2167191238210009 -27.44928503295995 -9.901254491789985 -41.34832172642621 -230.22232084355198 -121.85352986319361
2114 36997.06720280647 8.460139095281945e7 -39.303103313714544 -24.49337138103812 -37.91606674509067 -0.21679241351408507 -27.448898456539233 -9.889528343295865 -41.3140063079822 -230.20925023006208 -121.7871814124806
2115 37035.728674173355 8.478243677384523e7 -39.58578237679387 -24.703437963848508 -37.47675582592208 -0.00031032270135966655 -27.394972128054796 -9.546547065771733 -40.664534730079424 -229.83577892161958 -120.30210190312454
2116 37074.05592608452 8.47703851466106e7 -39.58576764064657 -24.70405416308516 -37.47594050145198 0.00032116729622089224 -27.395306052004493 -9.554914802764813 -40.676231877041914 -229.85421957911524 -120.38002184022457
2117 37112.69594049454 8.461381318756329e7 -39.29849750426034 -24.488577989013503 -37.92079175863707 -0.21981535027155275 -27.45004453196789 -9.879611117072955 -41.29967790206308 -230.19161320405823 -121.67044542657982
2118 37151.937603235245 8.462902601235208e7 -39.300746970426815 -24.49301038497509 -37.918880161050424 -0.2187542109871501 -27.45096142119924 -9.871093191699288 -41.28162201585553 -230.16492107960312 -121.52482166968059
2119 37156.7467880249 8.472993368319407e7 -39.97876430633373 -24.82137747148399 -37.51154195995324 -0.00015488088472892514 -27.2134049262024 -9.974780557586996 -40.3113596145937 -230.10285869752408 -120.53253517514906
2123 37209.56315088272 8.45920751698671e7 -39.30067031063628 -24.490804561133125 -37.91792745435382 -0.2179136213519257 -27.44943724646655 -9.901336474564232 -41.34673539798234 -230.22265698298173 -121.8585208176977
2124 37214.24536180496 8.459195352991793e7 -39.30214573854728 -24.492739699114306 -37.916701187556654 -0.21719221055710136 -27.449369894957034 -9.901577391997648 -41.34959525486204 -230.2230440226615 -121.85972528169884
2125 37253.19111561775 8.459169609043719e7 -39.302065192597595 -24.492616815722336 -37.916635539507055 -0.21713838081184633 -27.449357722771033 -9.902094019883975 -41.349636075728824 -230.22352113823297 -121.86105622035831
2126 37291.61671066284 8.459211907787047e7 -39.30173831130862 -24.492459291534683 -37.91687756474377 -0.2172810218699084 -27.449556516430228 -9.902284331413739 -41.34735026189935 -230.22337061643316 -121.85866750126439
2127 37329.902562618256 8.459161190981272e7 -39.301935002830895 -24.492494499044373 -37.916746904621014 -0.217193788326 -27.449403042591932 -9.902483214227232 -41.3498660272806 -230.22370260428863 -121.86160125992006
2128 37368.88122153282 8.459286933828793e7 -39.30164964458102 -24.492231375099685 -37.91687566241989 -0.21724072866952326 -27.449523349546094 -9.90198953406059 -41.35052396644011 -230.22230938923616 -121.85385700433227
2130 37446.516243457794 8.462762917472719e7 -39.305694490804896 -24.496922283430617 -37.91663199708328 -0.2177017472346492 -27.448747896055963 -9.85874548378979 -41.25358080407159 -230.16610003422647 -121.56511541365194
2131 37451.2554666996 8.476308896335621e7 -39.242235230473476 -24.065348933969446 -38.341300220213675 -0.446559345859491 -27.219403525957024 -10.006589497486573 -40.1877297721789 -230.10073247787716 -120.33238471527119
2132 37456.04079270363 8.483949612195845e7 -40.01823989127872 -24.912869791997217 -37.4941936915251 -5.832712589892708e-5 -27.115164418793945 -9.885509062696713 -39.74350801432507 -229.9642750851944 -119.77088462470482
2133 37460.83470869064 8.459195139776555e7 -39.30212243850382 -24.49258250938851 -37.916621853230694 -0.21713112522108702 -27.449311698502406 -9.902046754921628 -41.34966368747661 -230.2232459191606 -121.85868554229995
2134 37465.56884264946 8.459192793167213e7 -39.30206571178674 -24.492815742462657 -37.91660161356647 -0.21712575195468986 -27.449418609696945 -9.902438493517138 -41.350247895339976 -230.2232583534701 -121.8582865625595
2138 37484.40212082863 8.459164100396593e7 -39.300806197741764 -24.491091186912087 -37.91742554406174 -0.21755465133744423 -27.449499013215508 -9.902406068610503 -41.34994409996449 -230.22357261675847 -121.86108059592596
2139 37489.12371087074 8.459195021231374e7 -39.301856302333796 -24.49224448180399 -37.916821808549244 -0.2172313301028197 -27.449372809735262 -9.901934037994238 -41.349575947391145 -230.22296167371803 -121.85715165687452
2140 37493.92139172554 8.459180101356061e7 -39.30185489711347 -24.492361561228098 -37.91683613710311 -0.21724036729961682 -27.449396264842374 -9.902408424318594 -41.34962870440546 -230.22342861601152 -121.85966504474402
2141 37498.61248445511 8.459200744229724e7 -39.30161213002518 -24.49193587022436 -37.91697549636504 -0.2173247016304387 -27.449374152200946 -9.901986722820538 -41.34936320860021 -230.22294879722386 -121.85723209908463
2142 37503.372002363205 8.459190612864067e7 -39.30145626410276 -24.49208920302902 -37.916945473353785 -0.21728802219097076 -27.44958996913336 -9.902994666623329 -41.34998136368904 -230.22362429505444 -121.85855340630718
2143 37508.0161113739 8.459263989228122e7 -39.301777678856965 -24.492371458207117 -37.916843432793826 -0.21723532270252122 -27.449494086763494 -9.902272805690416 -41.35045074287979 -230.22272200931968 -121.85613414757512
2144 37512.67826938629 8.459265375520033e7 -39.30184486607505 -24.49234858186837 -37.91681281943493 -0.2172230162715394 -27.449421941966285 -9.901411690296811 -41.34727624376353 -230.2222338440891 -121.85254459228082
2145 37517.4423725605 8.459247890314722e7 -39.30221038932898 -24.49287064247951 -37.916414277858166 -0.21703266845956648 -27.449428187812135 -9.901337779900416 -41.347679395519265 -230.22238582471522 -121.85552974915538
2146 37522.17712974548 8.459199555936007e7 -39.30188360544408 -24.492302625142436 -37.91682655544113 -0.21721736847764817 -27.449396416281882 -9.901431541938905 -41.34642120257848 -230.22306570878152 -121.85779701143429
2147 37526.9474568367 8.459174451923184e7 -39.30207193779397 -24.492623272206565 -37.916597284537374 -0.21711402768816157 -27.44937632005785 -9.902419212419431 -41.34942860066809 -230.22353347819006 -121.86076142742138
2148 37531.6230199337 8.459157062052532e7 -39.30192619406962 -24.49247624707499 -37.916753049913666 -0.2171963319418282 -27.449400861979736 -9.902985722740993 -41.34989363902815 -230.22390154630148 -121.8618979921082
2149 37536.34045314789 8.459197084491439e7 -39.30189976731766 -24.492421490652717 -37.91677148587456 -0.21720396286954013 -27.449394320169812 -9.902217717455812 -41.349911622316085 -230.22322208366228 -121.85850640368767
2150 37541.10331916809 8.474917534684743e7 -39.530192697388536 -24.865971669572396 -37.474625660105694 -0.00011255753996408657 -27.452249782082646 -9.625593867476312 -41.11011072268559 -229.91875543039936 -120.61894795122993
2151 37545.854063272476 8.473235099726798e7 -39.296440106032065 -24.486656238230843 -37.921028582743446 -0.21949217874388438 -27.450396698049815 -9.808071293447824 -41.13595254874497 -230.03019528232772 -120.54866381843544
2152 37550.61565732956 8.475255665220867e7 -38.86688269211944 -24.24482568028825 -37.86776069638204 -0.20128628558344275 -27.59504828461146 -9.508852890131152 -41.36739740800829 -229.84270694010524 -120.41501131725067
2153 37555.36655545235 8.459166071054909e7 -39.30212032780607 -24.492536958721537 -37.91664428198124 -0.21714160366560264 -27.44930936226404 -9.903572206192848 -41.34955046464495 -230.22411747886213 -121.8610610085218
2157 37574.258984565735 8.45931759763844e7 -39.30080041758192 -24.49104886392154 -37.91742462663367 -0.2175657446339727 -27.449504084056347 -9.901213867026968 -41.34754106892859 -230.2217087020444 -121.85279488639071
2158 37578.973724365234 8.459167758836612e7 -39.30201859899114 -24.492490746416387 -37.91661061306628 -0.2171164482765846 -27.449361420088163 -9.90252260158212 -41.34962814322307 -230.22349050131749 -121.859990703466
2159 37583.6950674057 8.45927063875386e7 -39.30170257436939 -24.492268979830925 -37.91689747402572 -0.21725409303150656 -27.449487691686024 -9.902585319171862 -41.35047835462757 -230.222735300061 -121.85555332639848
2160 37588.36410045624 8.45917408689629e7 -39.30143310745564 -24.49207825052512 -37.916961134822095 -0.21729160845529805 -27.449589716526415 -9.90337992474332 -41.35024629831196 -230.2239182074776 -121.8600126025367
2161 37592.95337533951 8.459225045821983e7 -39.30177070737415 -24.49230719596292 -37.91685711803657 -0.21723517707775386 -27.449429279196508 -9.902381555925842 -41.347541178386564 -230.2230476734017 -121.85574203154164
2162 37597.69646239281 8.459158179904874e7 -39.301848038947895 -24.492349541499113 -37.91681748979507 -0.21721747550442672 -27.44937674276471 -9.90299817090363 -41.34989363902815 -230.22397308528076 -121.86199958998594
2163 37636.4721903801 8.459158354464337e7 -39.30186830513925 -24.492415673888164 -37.916789236367315 -0.21721201390950995 -27.449417013036353 -9.902768747201208 -41.35010637781909 -230.22381539468535 -121.86184846635814
2164 37675.30874967575 8.45915884095907e7 -39.30197917409506 -24.492502668359137 -37.91665354334669 -0.2171265804228426 -27.449358402280343 -9.90290388991798 -41.34969353529095 -230.22387106938874 -121.86190849652712
2165 37715.0446600914 8.45917153918382e7 -39.3016976038102 -24.492180968558955 -37.9169002341391 -0.21727791026062704 -27.449412167753454 -9.902718733597908 -41.34989363902815 -230.22363487214892 -121.86072905089503
2166 37753.949701070786 8.459167209323837e7 -39.3019808537721 -24.492640685689626 -37.91667677220059 -0.21717483405038251 -27.449398259463106 -9.902784415329506 -41.34989363902815 -230.22371215490904 -121.86103483056047
2167 37792.8170273304 8.459173219789316e7 -39.301671208578064 -24.492066768008577 -37.917019648964214 -0.21733916286761001 -27.44942974297497 -9.90274268496529 -41.34962870440546 -230.22358481706192 -121.86025422702409
2168 37830.915395736694 8.459172662512149e7 -39.30214637893687 -24.49268656968549 -37.91644423907834 -0.21701629910148768 -27.44933274455976 -9.902530892676111 -41.349655307315174 -230.22353135797698 -121.86019937796306
2169 37869.73660945892 8.459181320378974e7 -39.30159758160391 -24.492049764467765 -37.91703199518638 -0.21731117859484073 -27.449374246408865 -9.90234507834083 -41.349874693326 -230.22332763868593 -121.85917090281521
2170 37908.95387530327 8.459327785380518e7 -39.30285466745602 -24.49355094905792 -37.915746886779075 -0.2165715226607432 -27.449300221167064 -9.901274499599651 -41.34768625581199 -230.22161130050614 -121.85110561812974
2171 37947.638651371 8.459193524381165e7 -39.302014237381684 -24.492494947635898 -37.916518076462 -0.21700655708373517 -27.449292740880146 -9.902192099781985 -41.34939775572764 -230.22330460629286 -121.85875863071135
2172 37986.668045282364 8.478823265185302e7 -39.5848250177318 -24.702627437672213 -37.47705271805367 -0.0004016038181902104 -27.395270109689807 -9.550249699441792 -40.66312257460447 -229.82695944890054 -120.23531132549931
2173 38025.5132420063 8.478201455089796e7 -39.5867250404947 -24.70486473215485 -37.475643623308535 0.00041244983960098125 -27.395008069994024 -9.525262333852709 -40.59985403538553 -229.82959793343906 -120.2420388435786
2174 38064.0197095871 8.459336627661274e7 -39.30251499650502 -24.493115078455922 -37.916877464118706 -0.21736160195968068 -27.44927028968005 -9.899132595805554 -41.34390837735691 -230.22086043503953 -121.84855330291788
2176 38141.38990879059 8.473617077382874e7 -39.265341535502046 -24.64484465881443 -37.49404270456879 -7.400743798768872e-5 -27.487840131930263 -9.614334653581125 -41.24048124720298 -229.9352878689166 -120.50216603495352
2177 38179.94139814377 8.459993700672065e7 -39.30761377934694 -24.498942322035482 -37.911960808410626 -0.21433296494827658 -27.44905609491948 -9.896097666660523 -41.326936676569915 -230.21009711616915 -121.78406565708423
2178 38218.7558362484 8.47495136352164e7 -38.89054384461101 -24.262951813179107 -37.85334336017518 -0.19508214300714855 -27.581221881035898 -9.525031148666244 -41.36309862597909 -229.861088209439 -120.53494058368244
2179 38257.751764535904 8.459177223433556e7 -39.30170959602996 -24.492235407850323 -37.91702918595135 -0.21736037825002086 -27.449425080733544 -9.902503361424635 -41.34929726065684 -230.22367836897251 -121.86176576695647
2180 38296.863151073456 8.459154696548006e7 -39.302037187424055 -24.49257378396164 -37.9165904758046 -0.21710231825313997 -27.449355828459613 -9.90287531942846 -41.34989363902815 -230.22391464594892 -121.86221712513628
2181 38301.64957499504 8.45930789862239e7 -39.30198690742563 -24.49240483368424 -37.91665759102681 -0.21712632442936552 -27.44933167521666 -9.90213458341276 -41.347625842826744 -230.22221364391555 -121.85298781366492
2182 38341.137427568436 8.45918068494175e7 -39.301913367865936 -24.49249407096904 -37.916756388843766 -0.2172062829719792 -27.449396326316215 -9.902041847754731 -41.349714148412716 -230.22332454522842 -121.85954818077289
2183 38345.87123656273 8.45926728778971e7 -39.302370143888496 -24.4928663676555 -37.91610275451062 -0.2168202809879034 -27.44922072877521 -9.901871001789516 -41.34712297563152 -230.22319051158092 -121.85615136899514
2184 38350.55525946617 8.473401025045328e7 -39.301440808159356 -24.491863862818974 -37.914722177215516 -0.2159257541232762 -27.449578091321936 -9.804440447908519 -41.137261601944545 -230.0284352663785 -120.55936801681321
2185 38355.29338145256 8.482951772927356e7 -40.131152852596834 -25.162706097849075 -37.53944390976831 -5.122668586921009e-5 -27.212239195326465 -9.819160880707784 -40.07773033226681 -229.94842118364141 -119.86769952481035
2186 38359.99651551247 8.481669434336391e7 -40.269672174119975 -25.168919419955806 -37.68963933026941 -0.08985997953654845 -27.06464353160715 -10.111014228990598 -39.896791291256534 -230.08410609659 -119.87591090075114
2190 38514.7314221859 8.459212690856344e7 -39.300889277881666 -24.491117923866454 -37.91731651454947 -0.2174945454162014 -27.449448501565247 -9.901668781309752 -41.34565848250958 -230.2228092379446 -121.85827502878152
2191 38553.49963569641 8.459322056749189e7 -39.302516765657444 -24.493109384089628 -37.91603438654385 -0.21672557378758484 -27.44930526614214 -9.90175392586633 -41.348426296577145 -230.22182940314718 -121.85146835069537
2192 38592.12565994263 8.459339671902114e7 -39.30183968689025 -24.492359036040742 -37.916827576661824 -0.21726567357757176 -27.44941855109648 -9.901357126875041 -41.3470977172629 -230.22164727966054 -121.85116521478852
2193 38596.79547381401 8.459159514420527e7 -39.302249327410834 -24.492752557416484 -37.91634638172133 -0.2169747032323599 -27.449322728834414 -9.902585568033885 -41.34975455075045 -230.22366638719154 -121.86107964367773
2194 38601.459525585175 8.459320256911005e7 -39.30172926490231 -24.49223504674985 -37.916938765906245 -0.21730678665668535 -27.44941535213874 -9.90172378549164 -41.34722567336962 -230.22194173741133 -121.85287521106324
2195 38606.14300560951 8.459172714372554e7 -39.301599168771695 -24.492242970558713 -37.91675445145563 -0.21717739425075422 -27.449543415168975 -9.903387670425786 -41.35024629831196 -230.22393731693091 -121.86016435081035
2196 38610.89157867432 8.459176296434896e7 -39.302144412344546 -24.492729009485583 -37.91657536400475 -0.2170988994316474 -27.449363985955447 -9.902854933114156 -41.34962870440546 -230.22365036522132 -121.86011132743533
2197 38615.64750981331 8.459175989604297e7 -39.30193647267331 -24.49236004002976 -37.91672365298646 -0.2171619981281694 -27.449373930817984 -9.90206344643002 -41.346686137201345 -230.22361719340353 -121.85986168760815
2198 38620.48486876488 8.459148348130524e7 -39.30198481256631 -24.492504829137236 -37.91666186033302 -0.21714968906309906 -27.449366630491973 -9.903325030525195 -41.34989363902815 -230.22426050343716 -121.86303365296851
2199 38625.32348489761 8.459385440385632e7 -39.30182768507984 -24.49229796161118 -37.916876013694555 -0.21729180180508934 -27.449399036697816 -9.899897684117661 -41.34277639548321 -230.2204450186399 -121.84741080475885
2201 38634.835035800934 8.46105723631081e7 -39.304313789402194 -24.494663461025183 -37.913582709177575 -0.21525870453841378 -27.448807496585818 -9.867996206107364 -41.27348112580694 -230.18911101722682 -121.71420362485958
2202 38639.554664850235 8.475975040227444e7 -40.6111048156252 -25.458202795333023 -37.41165093137206 0.00017645273995015032 -26.8242481834795 -10.36030718084669 -39.554234338168726 -230.23314484797964 -120.29640117628082
2203 38644.19599366188 8.459316268069933e7 -39.30147340288288 -24.49190459789771 -37.916992442303346 -0.21732390972071158 -27.44945008229348 -9.900706483268834 -41.34760264488693 -230.2213285081334 -121.85072251809129
2204 38648.91399645805 8.459174885222296e7 -39.302181956278226 -24.4927488053841 -37.91655839444383 -0.21709082631387133 -27.449335157246004 -9.90240980567421 -41.34966368747661 -230.2235900524364 -121.86061718132481
2208 38667.90105009079 8.459381107553208e7 -39.30061903845627 -24.490743837288484 -37.91768418341279 -0.2176855251816221 -27.449446040498678 -9.900144360048785 -41.34350163980861 -230.22060807183317 -121.84784749121008
2209 38672.68006205559 8.459245425302306e7 -39.30119481319186 -24.49148302189697 -37.91697171759366 -0.21731788424917653 -27.449426176473064 -9.900820026058511 -41.34527050799534 -230.22205218382163 -121.85531137041903
2210 38677.470165252686 8.459153066062146e7 -39.302132597939625 -24.492680442015818 -37.9165258359589 -0.2170779021657907 -27.44935250760518 -9.90341591438829 -41.34966368747661 -230.22434698923956 -121.86284030515242
2211 38682.1070022583 8.459184355313554e7 -39.30182612607898 -24.49221630785424 -37.916727553566076 -0.21719221594493376 -27.44936756931377 -9.902603208263201 -41.34936320860021 -230.22342739019598 -121.85904844560429
2212 38686.72125840187 8.459245970952173e7 -39.301900192379115 -24.49247631515786 -37.91669943582368 -0.21716022674458202 -27.449453986715547 -9.903271025590584 -41.35047835462757 -230.22340617735904 -121.85819146153455
2213 38691.37870836258 8.459182512857133e7 -39.301400403928135 -24.491995273922186 -37.91694564511759 -0.2172895177460603 -27.449569561456226 -9.903599708674221 -41.34998136368904 -230.22397462852643 -121.85944820553624
2214 38696.16655445099 8.459238496006562e7 -39.30193921198361 -24.49241977803673 -37.91671061291069 -0.21717722009095297 -27.449359703203932 -9.901193428808426 -41.34438184894316 -230.2222423384694 -121.8554491485591
2215 38700.845799446106 8.459228724191295e7 -39.30178976511975 -24.492293247726558 -37.91680355421895 -0.2172203714002876 -27.449414811623566 -9.902474262821386 -41.34727624376353 -230.22309068326928 -121.85585461225872
2216 38705.473452329636 8.459180951719874e7 -39.30196821752429 -24.49248703340931 -37.916711284104004 -0.21716683287181837 -27.44936483684283 -9.902794956494517 -41.34962870440546 -230.2236189909318 -121.85992808995132
2217 38710.26326227188 8.459150237850909e7 -39.302112228004304 -24.492760434471098 -37.9165264413965 -0.2170959175791154 -27.4493567419374 -9.903361117063639 -41.34989363902815 -230.2242696507803 -121.86309214451984
2218 38714.9713242054 8.459193736262979e7 -39.30134515064218 -24.491708187901892 -37.917170067683834 -0.21741706014253026 -27.449423186814357 -9.902475284389425 -41.349601092657736 -230.22341019676975 -121.85912468501482
2219 38719.6795771122 8.459161880438803e7 -39.30205122685414 -24.492637619353506 -37.91672639228823 -0.21718422197920262 -27.44938403386158 -9.902816127788014 -41.34966592354317 -230.22389181448017 -121.8621410903624
2220 38724.37277317047 8.459211374957055e7 -39.301925970383095 -24.49252544639102 -37.916640335330676 -0.2171332425279715 -27.449354720171282 -9.902508350815253 -41.3481652028068 -230.223287729908 -121.8585837432874
2221 38729.124811172485 8.459187402366108e7 -39.30265456482835 -24.493262796156895 -37.91592585119012 -0.21667454237680062 -27.449262879938043 -9.90353437708768 -41.34909947588898 -230.2241274871027 -121.8607851678795
2222 38733.815189123154 8.459193795070246e7 -39.3019391835308 -24.49241396354047 -37.91661019977625 -0.21710715554345938 -27.449350517706527 -9.90258141939836 -41.3493817183587 -230.22343099451535 -121.85909068065564
2223 38738.560415029526 8.478329638649446e7 -39.58523669636507 -24.70335088378009 -37.47671530490028 -0.00015706976398632833 -27.395307142395755 -9.518938085768468 -40.594948929403415 -229.8248460521342 -120.23068379029598
2224 38743.30337810516 8.478412835372199e7 -39.58631338281251 -24.70414131404186 -37.47598102833136 0.00016792125012443648 -27.394971035969228 -9.51375064684953 -40.58219761621433 -229.822811434112 -120.23238697322006
2225 38781.640907764435 8.459927970541473e7 -39.30441750361474 -24.495379286915362 -37.915263830628795 -0.21646698557028543 -27.44898711920438 -9.892465836125723 -41.31360244532891 -230.21452873510805 -121.81093332795245
2226 38820.42283701897 8.460673166823624e7 -39.303702171833535 -24.493541289113004 -37.914494857186085 -0.21585960177880992 -27.448567773969263 -9.876312013316522 -41.29068749107262 -230.19737457394768 -121.74504359169896
2227 38859.41626191139 8.483003959850048e7 -38.34224276223217 -23.37747237572341 -38.47379186170735 -0.5483684781172258 -27.734989090152702 -9.268295157017747 -41.403602308682935 -229.695793177493 -120.06706956274559
2228 38898.57190990448 8.480805184433055e7 -40.914370984406496 -25.154955810155695 -37.01652543022404 0.1626499697045034 -26.516068816658926 -10.461648678229949 -38.91854171793295 -230.26826785068408 -119.97782284902775
2229 38938.10186934471 8.45916959950602e7 -39.30185628318333 -24.492442502573464 -37.91680114494214 -0.2172275740685805 -27.4493937942981 -9.902746316682055 -41.34915480058595 -230.22388464584498 -121.86250037304711
2230 38977.32280278206 8.459162165418452e7 -39.301978021386304 -24.492478686700835 -37.9166582458761 -0.2171442294681114 -27.449369513581704 -9.902488137935563 -41.34962814322307 -230.22357274453776 -121.86050699440887
2231 39015.872557640076 8.45918853319082e7 -39.30189365215804 -24.492270963384364 -37.91673251536048 -0.21716510730799854 -27.44935312205543 -9.901709943334595 -41.346784932981166 -230.22338977918776 -121.85890413482701
2232 39054.566417217255 8.459162648648246e7 -39.301959054159866 -24.492548256321935 -37.916690707934016 -0.2171724022521886 -27.449386975084185 -9.902745626030935 -41.3498660272806 -230.2237832319313 -121.86157085403056
2233 39093.895050525665 8.45930172841596e7 -39.301834907231864 -24.49232491493247 -37.91670353252857 -0.2171610349269102 -27.449391645918265 -9.901333767301026 -41.348202522174574 -230.22197928379245 -121.85336054080472
2234 39132.183745384216 8.45915535533679e7 -39.30198131925957 -24.492517885040762 -37.91670387190264 -0.2171738646955106 -27.44937011667502 -9.902627917939697 -41.3498660272806 -230.2237950375486 -121.86217499031278
2235 39171.183910131454 8.459168433637632e7 -39.30172616767013 -24.4923676210757 -37.91677118047037 -0.2172018738657897 -27.44945332448889 -9.903171571296355 -41.35022028359219 -230.22384671634768 -121.8601144851558
2236 39209.97413444519 8.459170111559847e7 -39.30202178858693 -24.4924946252024 -37.91667600659758 -0.21715667113590342 -27.449345352792584 -9.902978797876301 -41.349601092657736 -230.22387067240635 -121.86093781329078
2240 39364.72534584999 8.459251369795926e7 -39.30192109772213 -24.49245603268258 -37.91669924898123 -0.2171652930843777 -27.44940366804836 -9.902690302551719 -41.349975413725076 -230.22293570474983 -121.85664313779364
2241 39403.87803912163 8.459199803717929e7 -39.301738963080254 -24.492315447447403 -37.91686846646707 -0.21728266332159762 -27.449479803791206 -9.903667490218936 -41.349471837759836 -230.22389186259352 -121.85878396568438
2242 39443.217756032944 8.459159172656024e7 -39.30199652548623 -24.492520856784893 -37.91669472714328 -0.21717679677950485 -27.44936515586659 -9.903118518743497 -41.34962870440546 -230.22395645317465 -121.86167555035826
2243 39447.87945270538 8.459162810059023e7 -39.301924209569215 -24.49243471410712 -37.91674780025149 -0.21719881568613175 -27.449373197209034 -9.903182656545368 -41.34962870440546 -230.22400727556465 -121.86163371167157
2244 39452.691261053085 8.459156088793302e7 -39.30197253892581 -24.492436125559845 -37.916708522645294 -0.21716996825595913 -27.4493655112996 -9.903328426446024 -41.34962870440546 -230.22414550616367 -121.86227317980439
2245 39457.55242609978 8.459157297472824e7 -39.3019600562017 -24.492485727321196 -37.916692491292174 -0.2171679635113577 -27.449383303758417 -9.903180428485655 -41.34962870440546 -230.22407789538244 -121.86222365405428
2246 39462.46302032471 8.459181191207358e7 -39.30193717414522 -24.49246763647297 -37.91682665951254 -0.21725256073020915 -27.44936399129425 -9.903290713867818 -41.34911758144807 -230.22399394854438 -121.86124956657181
2247 39501.41240930557 8.459187133245824e7 -39.30133712862445 -24.49164480896417 -37.91715975175614 -0.21743970343001706 -27.449399137682672 -9.903236938660712 -41.34911758144807 -230.22387843597198 -121.86067119324503
2248 39540.42679429054 8.459156365374202e7 -39.30199028720392 -24.492508857932606 -37.91667775993789 -0.2171630559868234 -27.44936726557461 -9.903146631351092 -41.349601092657736 -230.22407702540886 -121.86227317980439
2249 39578.69671988487 8.459167247146958e7 -39.30183573804283 -24.492350183500495 -37.91677238009557 -0.21719596947679776 -27.449392005623963 -9.9028788662622 -41.349994197216745 -230.2237780385977 -121.86094141947234
2250 39617.08390045166 8.459182007334939e7 -39.30181850028261 -24.492264448188184 -37.91676852075786 -0.21719463545620243 -27.449393745956005 -9.902776170864115 -41.34970677708918 -230.22358269365236 -121.8597592226588
2251 39655.46320986748 8.459148183182395e7 -39.301941478733454 -24.492459850707125 -37.91668975499124 -0.2171610308774916 -27.449373496775102 -9.903295982617522 -41.34989363902815 -230.22422674795786 -121.8630558516453
2252 39694.562408447266 8.459250971580003e7 -39.30181147614703 -24.49232491418311 -37.9167734390895 -0.21719505651976334 -27.44939409566755 -9.902644485339636 -41.34997308873005 -230.22347000929017 -121.8546661429628
2254 39704.141580581665 8.45969481506548e7 -39.301201508314215 -24.491754526450926 -37.916166535853954 -0.21673321010400315 -27.449189132944316 -9.88890934019804 -41.32936607289099 -230.21255035600655 -121.81825215652236
2255 39708.925258636475 8.482525235287857e7 -35.8187321386107 -21.9711304723725 -39.62173027757735 -1.0533526678485075 -29.009216049591178 -7.831652128300448 -43.94441162579449 -229.02929881863105 -120.27308430585015
2256 39713.745738744736 8.476590291441828e7 -39.90018814803379 -24.945118605233656 -37.604127105722874 -9.546414420213978e-5 -27.290382669848114 -10.02837085875234 -40.593065294806934 -230.08740617020675 -120.11147886974908
2257 39718.40678501129 8.459175022788863e7 -39.30206233961588 -24.492564897930247 -37.91656395454575 -0.21709496006872087 -27.449334598409738 -9.902510548662292 -41.34972750018511 -230.22358411772757 -121.86040004141319
2258 39723.20089125633 8.459153637136422e7 -39.30196683767802 -24.492512099527204 -37.91670116703584 -0.2171690811478726 -27.449385931520137 -9.902801960432441 -41.3498660272806 -230.22392283303503 -121.86239062131028
2262 39742.05526638031 8.459204514800522e7 -39.302189829884036 -24.49264178541513 -37.91657301691462 -0.21710501451551778 -27.44927031544644 -9.902789890147119 -41.347701314479025 -230.22339799306786 -121.85883881629547
2263 39746.802582502365 8.459285540508386e7 -39.3017978291001 -24.492317340350432 -37.91683212782733 -0.2172393283016376 -27.449388469710904 -9.902044360308935 -41.348001730949875 -230.22241876198171 -121.85478752813827
2264 39751.54495048523 8.459314310165712e7 -39.30196807567977 -24.492493768554173 -37.91670031134664 -0.21716796825540285 -27.449353609010014 -9.901102222093755 -41.34709344079539 -230.22177393187832 -121.85284051201029
2265 39756.23883152008 8.459308935318331e7 -39.301768759072075 -24.49221522700649 -37.916901446564204 -0.21727417903186108 -27.449397063190908 -9.901628476980875 -41.34773679632701 -230.2219822527873 -121.85288529681668
2266 39760.90091466904 8.45915648981479e7 -39.30191879760601 -24.492458457049963 -37.91671633868752 -0.21717350459575613 -27.44938146141888 -9.90283687185098 -41.34989363902815 -230.2238615807193 -121.86197787154236
2267 39765.75620055199 8.459150735713486e7 -39.30190919076848 -24.492381277081698 -37.91674750405396 -0.21718173086888726 -27.449377299680897 -9.903093542809756 -41.34989363902815 -230.22410117397493 -121.86281659805138
2268 39770.520453453064 8.459149130178207e7 -39.302008129743605 -24.49253704463881 -37.91661947023042 -0.2171235520938879 -27.449364853116816 -9.903213404628843 -41.34969353529095 -230.22419895814153 -121.86322445910486
2269 39775.255536317825 8.459151499415746e7 -39.30201875656866 -24.49252399020297 -37.916607742485034 -0.2171213346048333 -27.44936410028778 -9.902973331592705 -41.34962814322307 -230.22395093861422 -121.86189856269203
2270 39779.96658825874 8.459153673974569e7 -39.30200166723024 -24.492521068645175 -37.91668185602252 -0.2171603862755873 -27.44933264417679 -9.902696116133484 -41.34989363902815 -230.22383447032195 -121.86232877092004
2271 39784.68267917633 8.459175803137757e7 -39.30247941526919 -24.493147552389043 -37.91636424773864 -0.21698819720019458 -27.449334703806635 -9.902938676998474 -41.34750872557305 -230.22401577142796 -121.86175308502874
2272 39789.36284828186 8.459148293429466e7 -39.30194885506957 -24.49246442400552 -37.91668371350401 -0.21715782287138552 -27.449369159132523 -9.90325852452031 -41.34989363902815 -230.22419203677708 -121.8630558516453
2273 39793.97385311127 8.45920396561478e7 -39.30176395738007 -24.492189912450026 -37.91682261147351 -0.21723441016170852 -27.44939514139261 -9.902292853289111 -41.349476825537465 -230.22324242613564 -121.85804916169383
2274 39798.76288104057 8.459154035655086e7 -39.30201913199944 -24.49255135760038 -37.9166010430795 -0.2171083254542907 -27.449361289080908 -9.903266874061899 -41.34989363902815 -230.2241833094302 -121.86271733481817
2275 39803.500316143036 8.459148678531824e7 -39.30221898878153 -24.49276625678779 -37.91636820894245 -0.2169484502569219 -27.449325897546625 -9.903286477677455 -41.349874693326 -230.22421773461866 -121.86301415506563
2276 39808.145233392715 8.459296199892125e7 -39.30201252583288 -24.492564658806117 -37.916644541438856 -0.2171357693505982 -27.449365982733408 -9.90185674845651 -41.34777177939833 -230.222333820536 -121.85435834919167
2277 39812.9347114563 8.478726510087222e7 -39.58545134469551 -24.703368894792 -37.47659927635427 -0.00014935300583829303 -27.395220059944766 -9.551922740138309 -40.66570247127663 -229.82780130231106 -120.23754661924488
2278 39817.702174663544 8.478347506869352e7 -39.586098740808296 -24.704123309315484 -37.47609705622056 0.00016020524824966742 -27.395058118175278 -9.517317562346818 -40.58939197894807 -229.8244234571955 -120.2337507954353
2279 39822.47296667099 8.459297368536043e7 -39.30168007136386 -24.492337164049033 -37.91678955830739 -0.21720030499255216 -27.44953030318144 -9.90239812343242 -41.35003997053218 -230.22220397200675 -121.85123175060176
2280 39827.17437052727 8.460339162600923e7 -39.30033697318277 -24.490561050691362 -37.91823959979588 -0.2180896493376565 -27.449252684875226 -9.886973749415574 -41.31039811771859 -230.2070893712039 -121.77635793487747
2281 39831.926154375076 8.471555799428302e7 -39.413601976590186 -24.703858943758235 -37.4183962296084 6.192136936533643e-7 -27.50139012791294 -9.385496369432644 -40.96637655552274 -229.86187691823807 -120.85834193313218
2282 39836.63267350197 8.48046016165705e7 -38.793557800378984 -24.607634263309265 -37.246448261971494 -0.009311116915704076 -27.82724258751444 -8.622487436694769 -41.27440496862346 -229.41883441670507 -120.47189743557993
2283 39841.382615327835 8.459788403056827e7 -39.30359020019268 -24.495266476367533 -37.91511378724389 -0.216441939028428 -27.449602717310974 -9.90627325529374 -41.339476197986414 -230.22168320628805 -121.80902528646442
2284 39846.078869104385 8.476286724392618e7 -40.26567458486037 -24.895145481305327 -37.392175345562976 -0.000638659445506562 -27.020558489675103 -10.234607040436572 -40.14046146855651 -230.13611409398692 -120.13349968919579
2285 39884.66839957237 8.47653624603049e7 -40.26897555786242 -24.89968459328373 -37.39140461086898 -0.00037139516824424845 -27.020506565767377 -10.238909318518267 -40.18035419648106 -230.13904113710095 -120.10794351431622
2286 39923.97787070274 8.459159909679693e7 -39.30204354289255 -24.492583258797318 -37.91657790257696 -0.2170904605321411 -27.449355668777375 -9.902592437131716 -41.34989363902815 -230.22374222630606 -121.86188397523716
2287 39962.60458612442 8.459140959790103e7 -39.302003601311874 -24.492527458358676 -37.91665279560731 -0.21714490710006373 -27.449364366370254 -9.903364771854626 -41.3498660272806 -230.2243327692164 -121.86361578025753
2289 40040.98609781265 8.459176722448897e7 -39.30218996763872 -24.4927302796682 -37.91654191773649 -0.21709653605177692 -27.449336975222156 -9.902757746217105 -41.34937114110596 -230.22384467033385 -121.86082477951055
2290 40079.93746638298 8.460048044815387e7 -39.300663414221894 -24.49081048926044 -37.91641852087957 -0.21694677407774066 -27.449521288060012 -9.900081844827241 -41.33213410282906 -230.21644799182616 -121.78822218004007
2291 40118.69000840187 8.476271945252569e7 -40.765910236429654 -25.247719441539783 -37.29420221519714 -9.5108832752544e-5 -26.584310298096174 -10.490212631324596 -38.96350046015641 -230.31940863237463 -120.264815471813
2292 40156.93534851074 8.475975783878846e7 -40.765270161485304 -25.245885864597877 -37.295022533226145 -0.00036389253957480605 -26.584282792883347 -10.495005300742662 -38.973361027579585 -230.324450348089 -120.2897278897371
2293 40195.82876133919 8.459164454752538e7 -39.302065432701376 -24.492668168497886 -37.916539709510154 -0.21708020675267647 -27.44935727038976 -9.902611048676647 -41.34989363902815 -230.2237303005673 -121.86157278523899
2294 40234.2499525547 8.459140953891695e7 -39.30199576259005 -24.49249413662873 -37.91666631940179 -0.21714752786633085 -27.449363451068557 -9.90340077472979 -41.34989363902815 -230.22435109412288 -121.86361578025759
2295 40273.302513837814 8.459179754888165e7 -39.301972246293325 -24.492394171019132 -37.9167068906906 -0.21715539013927554 -27.44936070516091 -9.902030856557303 -41.346686137201345 -230.2236183062488 -121.86002685071583
2296 40312.322956085205 8.459938883413325e7 -39.29925805429327 -24.489077568973492 -37.91817594111084 -0.21776242531070977 -27.44968287794927 -9.901785860941004 -41.33273145736035 -230.2183456039785 -121.79600223284473
2297 40351.52803206444 8.47175838627542e7 -40.80170773398645 -25.149895739554474 -37.292025134212096 -0.00015365491930907638 -26.583886394793918 -10.550700343180154 -39.14975131667677 -230.38083738909643 -120.62944386309238
2298 40390.04367494583 8.471764264312328e7 -40.802191401522165 -25.150677715877976 -37.291525748161334 0.00011886982242259592 -26.583818906193486 -10.550641001702104 -39.14975131667677 -230.38073664838248 -120.62874926921637
2299 40428.657542705536 8.459296083762518e7 -39.30205857685121 -24.492583241342363 -37.91653935339866 -0.21707279899052168 -27.44935177632948 -9.901783383750342 -41.34776339923695 -230.22218454303902 -121.85401995515946
2300 40467.96182179451 8.459155955819331e7 -39.302000634324635 -24.492534224866326 -37.91666274226356 -0.21714859816595578 -27.449365531563352 -9.90273883510531 -41.3498660272806 -230.22385601046767 -121.86214980040512
2304 40590.11370587349 8.472292786877732e7 -39.41341954588582 -24.703740912364722 -37.41843971374543 -3.053519851192732e-5 -27.501444392319854 -9.378835081125999 -40.955589171858605 -229.84938869890107 -120.7962838125506
2305 40594.81576991081 8.459222948578681e7 -39.30191525130475 -24.49243835003171 -37.91671876804716 -0.21716470158599321 -27.449437870907463 -9.902348746990242 -41.349568957971485 -230.2230790429009 -121.85602625308621
2306 40599.50542807579 8.459179561671671e7 -39.30204077527897 -24.492581630078867 -37.91653627130287 -0.21707905888932544 -27.449378984537475 -9.902828471614498 -41.349714148412716 -230.22368381718064 -121.85979738956962
2307 40604.28083109856 8.459162937570986e7 -39.301992836497455 -24.492492390904502 -37.91667325374599 -0.21715149080308294 -27.449375429174413 -9.903045089486795 -41.349841443196226 -230.2239935532251 -121.86180783756515
2308 40608.98817610741 8.459188425836225e7 -39.302089612733695 -24.49256702241624 -37.916625505844195 -0.21712772969537752 -27.449325373842782 -9.902378727977464 -41.348720414250806 -230.2234780505131 -121.85969594258495
2309 40647.8021543026 8.459165324605916e7 -39.30210488564525 -24.492578214686944 -37.91656356027931 -0.2170970204177891 -27.449344638971095 -9.902989647004006 -41.34936320860021 -230.22381526697524 -121.860650548612
2310 40686.39019680023 8.459276700477e7 -39.302071885365116 -24.492555098631808 -37.91666189105481 -0.21713977633646664 -27.449362355911738 -9.902420860301447 -41.34983688662953 -230.22257744076342 -121.85447394895311
2311 40725.66268801689 8.459295887423672e7 -39.30192307208873 -24.49246570753793 -37.91662329556694 -0.21712521574480803 -27.449401065298176 -9.902173776661868 -41.34785208814861 -230.2223358756047 -121.85412890077981
2312 40763.704083919525 8.459317801856561e7 -39.30171565017908 -24.492153166890233 -37.91686685692162 -0.21725639220804283 -27.44942345477444 -9.901869408815003 -41.34778725726318 -230.2219409982223 -121.8517725386493
2313 40802.13168144226 8.459168929554239e7 -39.30188588067219 -24.49241608208199 -37.91670404976727 -0.2171667700320441 -27.449399109490273 -9.90278365380152 -41.34994409996449 -230.22359841748806 -121.86034552078422
2314 40841.22361111641 8.459187317411366e7 -39.30185470638658 -24.492255530340035 -37.916773968393684 -0.2171854877533903 -27.449395840247412 -9.901982770420148 -41.34673659813768 -230.22340088218937 -121.85859198859873
2315 40846.06315994263 8.459177316644885e7 -39.30250248121727 -24.493193310393252 -37.916330465148164 -0.21696957799396444 -27.449351593769997 -9.903047283492583 -41.34755918650899 -230.22395593340656 -121.86101189771898
2316 40850.75468707085 8.459168567338343e7 -39.301594074376894 -24.49208004246684 -37.91706039237572 -0.21735569079340422 -27.4494350121035 -9.902855845174088 -41.34994409996449 -230.2237012645507 -121.86063486436564
2317 40855.41108202934 8.459141449241124e7 -39.30227081596122 -24.492799116766967 -37.91634675474871 -0.216935978360425 -27.449316543870527 -9.903391269789722 -41.349874693326 -230.22434208078369 -121.86357408367803
2318 40860.12333512306 8.459154000310004e7 -39.30201942833239 -24.492539920088834 -37.916584624877956 -0.21709886477481888 -27.449368601614452 -9.903101137715737 -41.3498660272806 -230.22409840122634 -121.86271733481823
2319 40865.00534105301 8.45929198984177e7 -39.301710062224615 -24.492218459802206 -37.91679398462937 -0.21722002291187437 -27.44942753522924 -9.902416595760542 -41.34805219188604 -230.222485720902 -121.85443862563994
2320 40869.69697594643 8.471536124299724e7 -39.41378440501125 -24.70397697243552 -37.41835274550255 3.177336100179673e-5 -27.5013358635948 -9.386736143355165 -40.965736564693316 -229.8626832900938 -120.86141945265007
2321 40874.42480683327 8.459200128157537e7 -39.30213777082062 -24.49271585829266 -37.91656402785071 -0.21709708970055175 -27.449284143974182 -9.902515086415804 -41.34813759105924 -230.2233880631768 -121.8595745533296
2323 40884.95843410492 8.460520396562696e7 -39.30315821688988 -24.49351456908291 -37.91503742846326 -0.21623843620832872 -27.448899281230105 -9.883681166933854 -41.296538010960376 -230.20316649313673 -121.75992591910654
2324 40889.68947696686 8.478392180508292e7 -39.93503294704575 -24.15490774968196 -37.91146897194606 -0.32231904478677365 -26.83571951409404 -10.189302324338655 -39.45852693785781 -230.16348128673553 -120.26315965343548
2325 40894.470616817474 8.47716569139063e7 -40.29581239657943 -25.077672488003433 -37.371027210427634 0.00013859258194770518 -26.948525332495986 -10.090830951152839 -39.7622251338247 -230.09233034178555 -120.22127586904986
2326 40899.24399256706 8.459147483480264e7 -39.30205195560736 -24.492578289862806 -37.91660749695219 -0.21711489792398453 -27.449356340926656 -9.903377999182908 -41.34989363902815 -230.2242661510178 -121.86300605331871
2330 40917.926060438156 8.471604641338353e7 -39.41351584932401 -24.70377811792289 -37.41847238715457 -5.973538193160266e-5 -27.501415669280977 -9.385486142232821 -40.96543378687147 -229.86147267380017 -120.85342825385516
2331 40922.54725432396 8.459147778547937e7 -39.30206491992573 -24.492570310391617 -37.91659430804431 -0.21710955480698146 -27.449354519158007 -9.903344027308947 -41.34966368747661 -230.2243415216597 -121.86312580314694
2332 40927.339695215225 8.459273410640219e7 -39.30195877935025 -24.49245844569594 -37.91670201306873 -0.21716729567182824 -27.44937804825939 -9.902400882032623 -41.348001730949875 -230.22271384102157 -121.8562320908037
2333 40932.13247919083 8.459146867086214e7 -39.30198254087615 -24.492477639475442 -37.91669054473181 -0.21716374905749092 -27.44936043851087 -9.903032356758956 -41.34989363902815 -230.22409205870252 -121.86277705374863
2334 40936.816016197205 8.459141986280249e7 -39.30203278536861 -24.492528330559193 -37.91667607436709 -0.21715799895472543 -27.44934795380161 -9.903534166854456 -41.34989363902815 -230.22439837926458 -121.86341480991922
2335 40941.610000133514 8.459168837555572e7 -39.30192214131327 -24.492364545770993 -37.916776333301755 -0.21721484905201294 -27.449358449928994 -9.903130307170386 -41.34962870440546 -230.22395688665097 -121.86119744536302
2336 40946.37517118454 8.45914623834511e7 -39.30203295257304 -24.492526037986103 -37.91663762865328 -0.21713388144856083 -27.4493493422469 -9.903335933760161 -41.34989363902815 -230.22428302836562 -121.86327730625806
2337 40951.134763240814 8.4591406536504e7 -39.30201559235945 -24.492563155599047 -37.916644171737985 -0.2171473327790565 -27.449357329844123 -9.903523790508018 -41.34989363902815 -230.2243898579244 -121.86361578025753
2338 40955.90605545044 8.459151524796593e7 -39.30207508092037 -24.492770210459724 -37.91657772830076 -0.2171467474186599 -27.44933896614849 -9.903270628179712 -41.34989363902815 -230.22420733171606 -121.86279747560206
2339 40960.676792383194 8.459419966684161e7 -39.302441887864134 -24.493108461074684 -37.91615391470361 -0.21677820167694506 -27.44939127335543 -9.900326523155513 -41.34167165563974 -230.2215846134768 -121.84320161559896
2340 40965.37280535698 8.475908609742048e7 -40.78803303896467 -24.99978230594406 -37.287680727985745 -0.00029464383786859116 -26.489854928472226 -10.607541310088322 -38.94653567418459 -230.3389719601617 -120.29985079709036
2341 40970.16034936905 8.475505727520804e7 -39.6044808692392 -24.237258544796674 -37.70218039272008 -0.19052921776013676 -27.23028883032237 -9.674010474145405 -40.52455325775651 -229.95227978194652 -120.56249824019858
2342 40974.932042598724 8.459175362839583e7 -39.30217953294371 -24.49275969941049 -37.9164612352705 -0.21704390782248595 -27.449332975600765 -9.902918327353404 -41.349398752853745 -230.2238716600943 -121.86081384063334
2343 40979.68366146088 8.45915822324163e7 -39.30197677645774 -24.492475882903452 -37.916675936870156 -0.2171472750937511 -27.44936621865775 -9.903016201018943 -41.34989363902815 -230.22400830279787 -121.86221852874314
2348 41071.452463150024 8.471446233247162e7 -39.4137492425681 -24.703920082253877 -37.41852731533532 -8.194703416819493e-5 -27.501317834795596 -9.389043407263046 -40.972518274590755 -229.86522526780863 -120.86114450721453
2349 41114.00278019905 8.45914436630313e7 -39.302074072479314 -24.49261380811913 -37.91658992541166 -0.21712159844045686 -27.449361888426395 -9.903384153903573 -41.34966368747661 -230.22436232263857 -121.86332228141919
2350 41152.92270708084 8.459174528718658e7 -39.30223900662006 -24.492731560261078 -37.9165581795305 -0.2171070729743505 -27.449263006838034 -9.90322483710571 -41.34796624910189 -230.2239179341605 -121.8613523495747
2351 41191.52444219589 8.459163026244222e7 -39.3020153554536 -24.492580636105494 -37.91659399349993 -0.21711727723241125 -27.449327420441275 -9.90317052791147 -41.34966368747661 -230.22406771926092 -121.86159002847847
2352 41230.29151749611 8.459289360895886e7 -39.30200481249477 -24.492575551428715 -37.91663265698777 -0.21713650291010111 -27.449367361167933 -9.902044427528438 -41.34812813847725 -230.2224682948344 -121.85504619037323
2353 41268.81223154068 8.459313374315701e7 -39.30177536014941 -24.49227601218711 -37.91693089366738 -0.2173032060126232 -27.449407923219788 -9.901841945093224 -41.34722567336962 -230.22217957113884 -121.85389119231581
2354 41307.16636419296 8.459142937333404e7 -39.30203389703431 -24.492578973424276 -37.916632758438006 -0.21714088824558786 -27.449345869621304 -9.903426425850284 -41.34989363902815 -230.22429208649135 -121.86337652666361
2355 41346.520185709 8.459158549157739e7 -39.30202072009218 -24.492579723859695 -37.91663137422841 -0.21713901791792978 -27.449354894084664 -9.90283569594834 -41.34989363902815 -230.22388902361865 -121.86190350271033
2356 41386.067153692245 8.459152033642864e7 -39.302046342911865 -24.4927065029495 -37.916591327184015 -0.21714170989079662 -27.44936268558643 -9.903232640054568 -41.34989363902815 -230.22413904435524 -121.86265365709636
2357 41424.50827717781 8.459158929244359e7 -39.30205975638766 -24.492613505179335 -37.91659038589608 -0.21711584011610086 -27.44934918396809 -9.903158521621606 -41.34989363902815 -230.22406606778713 -121.86216841896197
2358 41463.84812378883 8.459153460936938e7 -39.302283345159 -24.492909636545345 -37.91646807363114 -0.21705213456915118 -27.44932997470848 -9.903224175976504 -41.34989363902815 -230.22416408481973 -121.86269481180625
2359 41502.639620542526 8.459155306827539e7 -39.30206479753601 -24.492622616855964 -37.916587726875726 -0.2171163263468472 -27.449346697669167 -9.903146163672886 -41.34970958783447 -230.2241041543328 -121.86263032262076
2360 41541.48017835617 8.459140110556889e7 -39.30205534278762 -24.492628691876675 -37.91660394279748 -0.2171261449957953 -27.449355558570605 -9.903467911983455 -41.34989363902815 -230.2243793981326 -121.86366530600759
2361 41580.35531830788 8.459211031201623e7 -39.30217459298966 -24.49282529914768 -37.916483255904595 -0.21706258180501692 -27.44935024478648 -9.902670791221851 -41.34765407984975 -230.2234841389186 -121.85997310808614
2362 41619.67041063309 8.459981558850056e7 -39.301015797128265 -24.49174132982632 -37.91654227753179 -0.21702436444693518 -27.449731744347687 -9.905737832557122 -41.3455746774581 -230.2193791559382 -121.7943488718625
2363 41658.66012883186 8.471749060271457e7 -40.80084072434315 -25.148509688726975 -37.292933847853185 -0.0006486075712928141 -26.583999611317275 -10.551052455861509 -39.15020884729557 -230.3810429297281 -120.62965343657027
2364 41697.497195482254 8.47280196853946e7 -40.7983214950244 -25.150601289520107 -37.29261728979688 5.31333819751012e-5 -26.58772703421928 -10.556252132785517 -39.1725179559661 -230.36781800237742 -120.50622796854617
2365 41702.17580461502 8.459176365674563e7 -39.30184625302464 -24.492342406377443 -37.91688219634496 -0.2173066177507863 -27.449386487845818 -9.90298133423579 -41.349152564519386 -230.22395548946037 -121.8616178182096
2366 41741.244983911514 8.459145330812865e7 -39.302125808790244 -24.492660298558867 -37.9164967063371 -0.21703799172781402 -27.44934104503103 -9.903437875777115 -41.34989363902815 -230.22435980457908 -121.86342632442916
2370 41760.009093761444 8.471347668827316e7 -39.41352051319524 -24.70367539038157 -37.41862655356351 -0.00013093554433396548 -27.50136509050436 -9.390432717253987 -40.974189570713065 -229.86666465507705 -120.87025923027824
2371 41799.7809445858 8.459155242819484e7 -39.30218383670223 -24.492761667518987 -37.91645431613328 -0.21704127931355544 -27.449343695667363 -9.903217312600304 -41.34966368747661 -230.2241963867474 -121.8624697037767
2372 41838.32303237915 8.45917800483892e7 -39.30229052911056 -24.492774470734005 -37.91650150904527 -0.21706493427787166 -27.44925427870652 -9.902904593263202 -41.34796624910189 -230.22371148488673 -121.86096743400628
2373 41877.04303526878 8.459147672236371e7 -39.30208101359814 -24.49266118254157 -37.916598061324585 -0.2171297500069045 -27.449345489380626 -9.903439322063207 -41.3498660272806 -230.22433902380317 -121.86317755311416
2374 41915.5618789196 8.459276664879952e7 -39.302038196968496 -24.49262938365829 -37.916621136006896 -0.21713847251831453 -27.449368865550216 -9.902277206005806 -41.34797411920232 -230.22265751490585 -121.85610505365867
2375 41954.75055027008 8.459148212688589e7 -39.30211787683396 -24.492694353177267 -37.91655136910526 -0.2171071013512531 -27.449342738338437 -9.903443075117025 -41.3498660272806 -230.22432823926937 -121.8630609573379
2376 41959.524401426315 8.459169941820312e7 -39.30192851785966 -24.49242335519821 -37.9167336333295 -0.21719475879014993 -27.449373335155098 -9.9030172680757 -41.34962870440546 -230.22388580194746 -121.86115317429807
2377 41964.30381631851 8.459145757781269e7 -39.30212750088877 -24.492718164237324 -37.91655542941265 -0.21709492888734871 -27.44935155329495 -9.903293358216786 -41.34989363902815 -230.2242492332527 -121.86314456201154
2378 41969.08652615547 8.459147077881101e7 -39.30226533771294 -24.492894039599697 -37.91647331668883 -0.21705436030028835 -27.449342585605653 -9.90331631176872 -41.34989363902815 -230.2242709996341 -121.8632452553984
2379 41973.86997437477 8.459148853112835e7 -39.30176417421535 -24.49230111383952 -37.91693675691584 -0.21729832203465804 -27.4493983362007 -9.9032447513693 -41.34989363902815 -230.2241843763647 -121.86268148176174
2380 41978.63480448723 8.45916857057201e7 -39.30208961806254 -24.492655007923236 -37.91658383485843 -0.2171174602927053 -27.44933612730067 -9.902549483865585 -41.34898534887367 -230.22371228142924 -121.86133405451028
2381 41983.3862285614 8.459176627877772e7 -39.30215719692791 -24.49277472357966 -37.91657691326745 -0.21713711964839888 -27.449310299269143 -9.903011172784204 -41.34950892359831 -230.22393854170485 -121.86162206224185
2382 41988.03981256485 8.459144890176918e7 -39.3020354174416 -24.49261978978616 -37.916652871197165 -0.2171629828489543 -27.449353595957326 -9.903441196259394 -41.3498660272806 -230.224347679532 -121.86333377280789
2383 41992.74062657356 8.459193103022613e7 -39.302065224253205 -24.492506471489236 -37.91671418357453 -0.21718387127481975 -27.449328309991067 -9.901986173445096 -41.34606086107857 -230.22363073464686 -121.85988275814856
2384 41997.43670248985 8.459149938708712e7 -39.302386347205086 -24.493009094667684 -37.91624633127783 -0.2168987053203466 -27.449293597359826 -9.903376423895907 -41.349847081578446 -230.224286257232 -121.86304962730179
2385 42002.18718838692 8.459200336554332e7 -39.302008938218066 -24.492514819750564 -37.91654970940025 -0.21705925902710277 -27.449389168575017 -9.901876356054856 -41.34652587817226 -230.22320748469838 -121.85732540394332
2386 42006.87334728241 8.472278479605488e7 -39.41368343412393 -24.704042491046167 -37.41816590545028 0.00013217327416015223 -27.501415165505097 -9.379745337731208 -40.95712799740352 -229.84996312991757 -120.79696430983466
2387 42011.617846250534 8.459390493201914e7 -39.301858992129766 -24.492655399139636 -37.916454595281174 -0.21704836973471942 -27.44948186076529 -9.901309477577911 -41.34675488364445 -230.2220005312597 -121.84417129290381
2388 42016.40022730827 8.460577736201234e7 -39.301988213964236 -24.491787666735625 -37.91658507632178 -0.21694932862175875 -27.449183234637026 -9.887457470574986 -41.30585033064682 -230.20473449662512 -121.75536621558598
2389 42021.096551418304 8.471660641410899e7 -40.79560966554517 -25.14003332378772 -37.29844619072627 -0.003654515155709248 -26.584669193383025 -10.552291901411763 -39.15717720095199 -230.38304205989226 -120.64141877492852
2390 42025.845343351364 8.482586845858702e7 -39.95904540173599 -24.851373665899033 -37.33369214932474 0.00013763896969010148 -27.113207706764985 -9.789518585677172 -40.00436806496401 -229.93076011139084 -119.86147371380116
2391 42030.570818424225 8.459164023869996e7 -39.30206610500629 -24.49256654240069 -37.91659217016351 -0.2170949390593151 -27.449356892345378 -9.902807844917504 -41.34962870440546 -230.2238036842868 -121.86136927463531
2392 42035.39328575134 8.459140622198117e7 -39.30207728669596 -24.49263752281981 -37.91659658857687 -0.2171210472501457 -27.449348340116952 -9.903433190019143 -41.34989363902815 -230.224362791251 -121.86361578025753
2397 42058.95461034775 8.471592269665071e7 -39.413569774184 -24.703762941047152 -37.41842394962129 -7.392502325842543e-6 -27.501394323814463 -9.385085957947751 -40.96590274452137 -229.86147825944101 -120.85468482388683
2398 42063.676653146744 8.459158650823282e7 -39.30222868985655 -24.492861295758185 -37.91645876003443 -0.21704234088373653 -27.449335520024334 -9.903118089637417 -41.34966368747661 -230.224112435854 -121.86218800761685
2399 42068.376108169556 8.45917570847932e7 -39.30203723742176 -24.492569973432644 -37.91659763870621 -0.21712853334746285 -27.44935028502174 -9.902894810658495 -41.349152564519386 -230.22390810922883 -121.86163936095068
2400 42073.05635499954 8.459273264310229e7 -39.30204149678637 -24.492621028592932 -37.91661360554068 -0.21712991573867413 -27.449364654890207 -9.902285206728436 -41.348001730949875 -230.22268439847795 -121.85628161655387
2401 42077.91577601433 8.459140110556889e7 -39.302091951118925 -24.492672002925936 -37.91657873698167 -0.21711186567170415 -27.449352481716552 -9.903467911983455 -41.34989363902815 -230.22437939813256 -121.86366530600765
2402 42082.6182038784 8.459138891039716e7 -39.30203773509962 -24.492562666172592 -37.916641721494564 -0.21713520908779316 -27.449357272960633 -9.903506625740704 -41.34989363902815 -230.22441610959248 -121.8638351367747
2403 42087.39716076851 8.45916626647479e7 -39.301984911063045 -24.492364586734226 -37.91675505721563 -0.21716240132388265 -27.44936241612003 -9.902379048713215 -41.34699101719883 -230.22383873831706 -121.86051924801808
2404 42092.11616873741 8.475797221352701e7 -39.53085167219921 -24.353273883811553 -37.507297808987936 -0.00010096360733058418 -27.447467705771952 -9.522828876560482 -41.05105277067207 -229.86210848544079 -120.45769410086598
2405 42096.87644267082 8.459465496609703e7 -39.302410703144666 -24.493087134119907 -37.91680184363887 -0.21702053312981917 -27.449509930858316 -9.900225116679337 -41.33872623994455 -230.2206858607302 -121.838715060259
2406 42101.7226896286 8.476433518821034e7 -39.53153560118096 -24.354335605106442 -37.5065755151769 0.00022147514482639963 -27.44728804644856 -9.525130820482389 -41.03960054983429 -229.85836899846157 -120.4067942308182
2407 42106.42083668709 8.459140448787308e7 -39.30215219645356 -24.49273971547457 -37.91650577873482 -0.21706562198737345 -27.44934177385143 -9.903399823720406 -41.34989363902815 -230.2243538505267 -121.86361578025753
2411 42228.51999545097 8.471562327443391e7 -39.41340433575587 -24.703565497644767 -37.41864091561782 -0.0001321930285271833 -27.501382039164895 -9.386974736347042 -40.96685972106064 -229.86262211579265 -120.85725161146138
2412 42233.21453022957 8.459153587745425e7 -39.30217241429949 -24.492705390670743 -37.916509303558335 -0.21706498166363986 -27.44934094547931 -9.903261675865963 -41.34966368747661 -230.224207431965 -121.86251470047836
2413 42237.87738752365 8.459172529179163e7 -39.30213755608784 -24.49272530411161 -37.9164631411053 -0.21703903832601412 -27.44935793310354 -9.902567037271638 -41.34950342844735 -230.22361131363988 -121.86030663554112
2414 42242.606600522995 8.459139250525148e7 -39.30204283114455 -24.49255933817533 -37.916649865652516 -0.21713927376459452 -27.44934822719654 -9.903500240681865 -41.34989363902815 -230.2243613887585 -121.86383513677464
2415 42247.27827858925 8.459156871001531e7 -39.30190500882315 -24.49241863508336 -37.91679206085145 -0.21723659748410284 -27.449380261820053 -9.903259852161 -41.34938251607093 -230.22420452756717 -121.86328970501125
2416 42285.930312633514 8.45915633046008e7 -39.30225239841188 -24.49283665617539 -37.91651198899348 -0.21706633755434268 -27.449341817172527 -9.903193871408973 -41.34989363902815 -230.22411953109167 -121.86246313591954
2417 42324.773262023926 8.459141598385926e7 -39.30197599371775 -24.492503857351494 -37.916718734263355 -0.2171737543623209 -27.449365431347697 -9.903481045924195 -41.34989363902815 -230.22437121613086 -121.86371807585482
2418 42363.95538043976 8.45914197494331e7 -39.30201073520796 -24.492528337014253 -37.91667823809311 -0.21715422939792006 -27.44936216226501 -9.90328944326302 -41.34989363902815 -230.2242454026811 -121.8631575817995
2419 42402.934263944626 8.4591415586997e7 -39.301960645932944 -24.49246048591074 -37.91671522345429 -0.21717593914024036 -27.44936558772627 -9.903282870250962 -41.34989363902815 -230.22423201451164 -121.86317932234516
2420 42442.48134350777 8.459143582735461e7 -39.30207473976229 -24.49270497907056 -37.91658507911684 -0.2171232630799267 -27.44935442441597 -9.903436793247636 -41.34989363902815 -230.22432925222768 -121.86352394677641
2421 42481.38861465454 8.4591448636385e7 -39.30206380416713 -24.49259323969489 -37.91660850333195 -0.21711628798223614 -27.44935319288297 -9.903479581067643 -41.34989363902815 -230.2243513214235 -121.86344713702505
2422 42519.674590587616 8.459142800956303e7 -39.301934863649116 -24.492453901771427 -37.91675755405751 -0.21719628031160454 -27.44937143308712 -9.903366754226226 -41.34989363902815 -230.2243022777531 -121.86335219082127
2423 42558.4296309948 8.459141408713926e7 -39.30204714334061 -24.49257176156675 -37.916632916456166 -0.2171305116014821 -27.449356097615446 -9.90350579511653 -41.34989363902815 -230.22437279326488 -121.86353683749053
2424 42563.29659605026 8.459139005210927e7 -39.30197046624771 -24.49245719706495 -37.91671971960611 -0.2171772245206185 -27.449366255591414 -9.903507730535694 -41.34989363902815 -230.2243965205991 -121.8638351367747
2425 42568.01868391037 8.459139400042394e7 -39.30206738278663 -24.49259293672928 -37.91661370992935 -0.21712143169911258 -27.449345424765323 -9.903339184011429 -41.34989363902815 -230.2243286682704 -121.8638351367747
2426 42572.7622590065 8.459136850781317e7 -39.30215438354817 -24.49266352601049 -37.916575649087044 -0.21710244681940338 -27.449312920819445 -9.903777618440131 -41.34989363902815 -230.2245481625746 -121.86383513677464
2427 42577.57122087479 8.4597732440621e7 -39.30250432706461 -24.492966104026333 -37.91637743177511 -0.21700416006871848 -27.44917986444674 -9.89589599742294 -41.32483454063862 -230.21651517310647 -121.81988630501775
2429 42587.25575494766 8.460291467705077e7 -39.30302282752833 -24.493813507073476 -37.915698058885944 -0.21664601199596234 -27.44922805430932 -9.891273248452876 -41.31471448173551 -230.20993302587294 -121.7809363671887
2430 42591.91822385788 8.485180094942255e7 -39.70139545914404 -24.36174641553455 -37.60834818023677 -0.11156200372168712 -27.189850249237267 -9.596646299336669 -40.23044599565344 -229.79948519297068 -119.73183888647486
2431 42596.63990807533 8.474084347629061e7 -40.24474197767132 -24.757617697704404 -37.38641588695537 9.191447278311671e-5 -26.947242927985503 -10.04213269900697 -40.00367168311158 -230.13034506401885 -120.65518112454481
2432 42601.30157804489 8.459141343556213e7 -39.302149758418444 -24.49268677150685 -37.91650045176576 -0.21706390729877967 -27.449334786257047 -9.903461876155973 -41.34989363902815 -230.22435373265336 -121.86349918448138
2433 42605.968908786774 8.459145798610839e7 -39.30219032090255 -24.49276031389595 -37.91647532632521 -0.21704678495982677 -27.449330523020002 -9.90329293313448 -41.35002004655553 -230.2242945401569 -121.86328975594307
2434 42610.70203995705 8.459140670466998e7 -39.302018064920034 -24.492535443232345 -37.916655249175975 -0.21714365056688223 -27.449356821543486 -9.90350674133498 -41.34989363902815 -230.22437919515033 -121.8636134567866
2435 42615.46792888641 8.459163599100734e7 -39.30184643986788 -24.492386514640582 -37.91688492597443 -0.21731443644596027 -27.449384937474104 -9.90314527405826 -41.34938251607093 -230.22408326569985 -121.86269237761553
2436 42620.11922287941 8.459140494183895e7 -39.3021647260071 -24.492695970755697 -37.91648129814019 -0.217030592474174 -27.44933364218065 -9.903487088888028 -41.34989363902815 -230.22439758319678 -121.86374943187519
2437 42624.86338067055 8.459140575335963e7 -39.30208580103241 -24.492630443051553 -37.916578550055085 -0.2171065795661491 -27.449342389427677 -9.903448426342663 -41.34989363902815 -230.22436711593235 -121.86361578025753
2438 42629.673825740814 8.459137822420006e7 -39.30197465805945 -24.49250792245683 -37.91672142788112 -0.21717887355256238 -27.449364714552956 -9.903552110628027 -41.34989363902815 -230.224455948975 -121.86404618643542
2439 42634.46385574341 8.459138875177003e7 -39.30211695636771 -24.492664631117123 -37.91657823500211 -0.2171024025653452 -27.44933518085343 -9.90342486538674 -41.34989363902815 -230.22436908206612 -121.86383513677464
2440 42639.11458468437 8.459137891188866e7 -39.30214095421739 -24.492720685372078 -37.91655296661807 -0.21709376509675593 -27.449332326793463 -9.90358651448281 -41.34989363902815 -230.22445419708635 -121.8638351367747
2441 42643.75595879555 8.459141282791227e7 -39.302135037160305 -24.49270407777662 -37.916550399170646 -0.21709099099000184 -27.44933569035007 -9.90335336656375 -41.34989363902815 -230.2243174757055 -121.86359171624082
2442 42648.46913290024 8.459141239237294e7 -39.30204730802179 -24.492577601928474 -37.91662903667434 -0.2171304856682994 -27.44935153874367 -9.90346522579489 -41.34989363902815 -230.22436928260413 -121.86359171624082
2446 42667.49556136131 8.471523288399866e7 -39.413350430304206 -24.70353250485568 -37.41866128636314 -0.0001545084219713999 -27.501417606174098 -9.386723355930599 -40.966682330870526 -229.86262046214443 -120.86011298844966
2447 42672.10310935974 8.459160772793373e7 -39.30221089497616 -24.492739867769423 -37.916570285647715 -0.21710244804059897 -27.449306392311183 -9.90299234003544 -41.34963478972509 -230.22401344428772 -121.86159971786833
2448 42676.839148283005 8.459171513395788e7 -39.30238314483666 -24.492932647606462 -37.91637585534939 -0.21700047757109786 -27.449282507768373 -9.902901840527193 -41.349396458012166 -230.22382991539962 -121.86042415386072
2449 42681.573741436005 8.459164749307837e7 -39.302440237216395 -24.492987980804124 -37.91632613130063 -0.21697528621433548 -27.449271556691627 -9.903380167141847 -41.349396458012166 -230.2241473125801 -121.86126288036974
2450 42686.36391830444 8.45923056245993e7 -39.301858781135905 -24.49234142130517 -37.91689860323397 -0.21727471077392124 -27.4493491702784 -9.903028365158036 -41.34989501604616 -230.22389928871542 -121.85641443024468
2451 42691.13317036629 8.459272625777774e7 -39.3020845343175 -24.49259470700894 -37.916629018352346 -0.21712818728172323 -27.44933668104533 -9.902508048332834 -41.348001730949875 -230.22277576467576 -121.8562080267871
2452 42695.88542962074 8.459139975427064e7 -39.30213689761806 -24.492636566451313 -37.91659716730844 -0.21711313225994644 -27.44930690083998 -9.903604982447064 -41.34989363902815 -230.22441184910969 -121.86359171624082
2453 42700.65661454201 8.45914165467089e7 -39.302229449966475 -24.492759735887635 -37.9165293599518 -0.2170747238206019 -27.44930681120152 -9.903670201927127 -41.34989363902815 -230.22444630170446 -121.8633639185287
2454 42705.43872332573 8.459159688096307e7 -39.30202889321066 -24.492515041084392 -37.91667973915424 -0.21715360767298364 -27.449328937827982 -9.90334524162796 -41.34989363902815 -230.2241025201078 -121.86168059183063
2455 42710.16053009033 8.45915906444553e7 -39.302294517937625 -24.492853330792865 -37.9165198778202 -0.21707116497853463 -27.44930900450103 -9.903306192980608 -41.34989363902815 -230.22409774269306 -121.86173605519429
2456 42748.825456142426 8.459139680550385e7 -39.30216534964591 -24.49269314416142 -37.91657650853367 -0.21710164426639267 -27.44931117359751 -9.903573354559683 -41.34989363902815 -230.22445268300817 -121.86361174511688
2457 42787.44489264488 8.459144125912635e7 -39.30200961249735 -24.49250222796363 -37.91669883645236 -0.21716464159976567 -27.449340915218176 -9.903399001331081 -41.34989363902815 -230.22427702186417 -121.86288869953233
2458 42825.97229599953 8.459157263020045e7 -39.30194570766936 -24.492428582760493 -37.916800336291935 -0.2172427220511821 -27.44934626835273 -9.90347478634493 -41.34938251607093 -230.22427530356316 -121.86307034849415
2459 42864.55116343498 8.459144030373399e7 -39.30219797933455 -24.49281290610557 -37.91650800999995 -0.21708414364302087 -27.44930899207438 -9.903648498086284 -41.34989363902815 -230.22442572039853 -121.8632687074151
2460 42903.53540110588 8.459153703005561e7 -39.301968886968545 -24.492540456225342 -37.916626438861414 -0.21712497633870242 -27.449404975428926 -9.903465909474164 -41.349971711712215 -230.22423214194083 -121.86231371275682
2461 42942.647384643555 8.459155772296524e7 -39.302284685840455 -24.492786284103516 -37.91647041474456 -0.21705071351992444 -27.44929537295333 -9.903231504900589 -41.34963478972509 -230.22416036878474 -121.8620955143781
2462 42981.45394849777 8.472342726246938e7 -39.41385351746443 -24.70418537633335 -37.41813117321389 0.00015574599694190283 -27.50136264984808 -9.378038045763503 -40.954887847154396 -229.8485747971876 -120.79218497243016
2463 43019.53586387634 8.45923138972951e7 -39.302105576550225 -24.492486819373394 -37.91660416132732 -0.21711120196366807 -27.449245839236696 -9.90120573088376 -41.347040746186565 -230.22254071481984 -121.85676434159006
2464 43058.73523759842 8.459936977984618e7 -39.301717906421146 -24.492278677529114 -37.9168054554203 -0.2172489842637404 -27.449226466440468 -9.894120428144731 -41.324306209635836 -230.21485328399194 -121.80831764014596
2465 43097.5016644001 8.47467582146492e7 -39.686220725711465 -24.35013498856336 -37.61787333342475 -0.11562652695215547 -27.19891933578248 -9.72700950569407 -40.50470846817615 -229.953578798085 -120.64137844925614
2466 43102.173161268234 8.478696366572101e7 -40.06076079899986 -24.822973069863934 -37.412273937907365 0.00011816965570687898 -27.100831389087308 -9.804242013629732 -40.073373432673804 -230.00258888042958 -120.24785899500074
2467 43106.95677304268 8.459138540387335e7 -39.30210373117161 -24.492619202460617 -37.916600115143595 -0.21710644716351624 -27.44933249237066 -9.903432509656739 -41.34989363902815 -230.2244032044863 -121.8638351367747
2468 43145.27178025246 8.459146210857078e7 -39.30209760730605 -24.49262478317453 -37.91662102901304 -0.21712089722728223 -27.449337123460076 -9.9034554438702 -41.34989363902815 -230.22432786839443 -121.86328238361102
2469 43184.141590595245 8.459140575335965e7 -39.3020887527177 -24.49262902826256 -37.916589169803146 -0.21711015896797647 -27.44934107293289 -9.903448426342663 -41.34989363902815 -230.22436711593235 -121.86361578025753
2473 43203.30935168266 8.471552058154294e7 -39.41350422807421 -24.70372839321816 -37.418496774901655 -3.793699497123271e-5 -27.501410471978964 -9.385488909177298 -40.966398351415705 -229.86188395420822 -120.85872539719173
2474 43242.33692622185 8.459151169254e7 -39.30229316658266 -24.492817185827302 -37.9164301612514 -0.2170251584365417 -27.44929558812602 -9.903571309946187 -41.34966368747661 -230.22439676442178 -121.86268906029386
2475 43281.42505145073 8.45917270827268e7 -39.302245087838386 -24.492733005338298 -37.91653897772083 -0.21708520245346108 -27.449274655761847 -9.903032200536586 -41.34796624910189 -230.22383415078576 -121.86157170609181
2476 43320.48895788193 8.459136850781317e7 -39.30219349954004 -24.492713554996406 -37.916551361501746 -0.21708785770113792 -27.449309644529666 -9.903777618440131 -41.34989363902815 -230.2245481625746 -121.86383513677481
2477 43359.068588256836 8.459139880531031e7 -39.30222524533001 -24.492740750963186 -37.91648921101831 -0.21704930284174395 -27.449301137180413 -9.903627212994934 -41.34989363902815 -230.22444547641123 -121.86345022120622
2478 43398.31900405884 8.459136850781317e7 -39.30217685571376 -24.492740699561043 -37.916542529001354 -0.21709297993529475 -27.44931081453972 -9.903777618440074 -41.34989363902815 -230.2245481625746 -121.86383513677464
2479 43436.90832233429 8.459140996679416e7 -39.302163464630155 -24.492673244553213 -37.91656341520333 -0.21709624758957347 -27.4493115668768 -9.903736109784916 -41.34989363902815 -230.22450959873584 -121.86365857387955
2480 43441.701456308365 8.459138301489457e7 -39.30213497701075 -24.492644731579258 -37.916607715945894 -0.217112734358615 -27.44931493815473 -9.90374693055918 -41.34989363902815 -230.22450759294622 -121.8636176237265
2481 43446.358389377594 8.459138802931868e7 -39.30211083178747 -24.49259818988609 -37.91663059842489 -0.21712673179622755 -27.44931813265014 -9.903741974694924 -41.34989363902815 -230.22450289340213 -121.86359588318078
2482 43451.032046318054 8.459138722693415e7 -39.30213886941884 -24.49265158317835 -37.916590877947854 -0.21711136802087339 -27.44931500196381 -9.903707975909754 -41.34989363902815 -230.22448291996056 -121.86353515528236
2483 43455.89225912094 8.459137334057033e7 -39.30216123789892 -24.492668761456056 -37.916571043220756 -0.21710038341772275 -27.44930873880762 -9.903637452487203 -41.34989363902815 -230.22447144401917 -121.8638351367747
2484 43460.58777809143 8.459139577937178e7 -39.30216346491832 -24.49267042812765 -37.91656688009625 -0.21709983212719663 -27.449308653991707 -9.903705937876282 -41.34989363902815 -230.22445496035238 -121.86345022120622
2485 43465.24536108971 8.459137042048311e7 -39.30215533753661 -24.49266279310019 -37.91657980935662 -0.21710296501161963 -27.4493117241053 -9.903767908458576 -41.34989363902815 -230.22454584544602 -121.86383513677475
2486 43469.937430143356 8.459144901316932e7 -39.30226329953452 -24.492802311199757 -37.91650851422691 -0.21706728620932125 -27.449305060551254 -9.90364315208393 -41.34989363902815 -230.2244206508945 -121.8632452553984
2487 43474.71309900284 8.459136192291674e7 -39.30224726312986 -24.492769752099978 -37.91647929914747 -0.21704307288386815 -27.44929924168849 -9.903710276873483 -41.34989363902815 -230.22451740812312 -121.86376273277989
