1 30.46233367919922 6.414878219281227e7 -113.02564102564112 -185.0700000000001 171.42308471367392 219.48560169443647 459.6475087866286 4.88735751055367 295.0052733710668 -117.9564318058566 -270.14878216603836
2 63.84795165061951 8.439360513147917e7 -135.13846153846163 -250.26333333333338 422.89453480035064 289.9507784466712 530.4151309865615 52.81535534388661 426.40829913936875 -58.608739057464334 -13.39828854155678
3 94.63243508338928 6.596637115466536e7 -118.76923076923084 -198.2700000000001 197.9209387750211 225.2753676745648 460.55068198382156 8.314748988245071 303.75383810975165 -112.99413182950843 -243.207694862741
4 126.17511034011841 6.413319744630929e7 -119.05641025641036 -195.85000000000008 177.12099455530563 222.4764699859145 460.1042806220873 4.445817765607785 295.58709525663903 -118.4710598387901 -272.3607693810649
5 157.79198598861694 6.299786725731195e7 -188.41025641025647 -227.4200000000001 213.9175180138389 284.8540261722058 469.85004011301623 4.907522921190207 300.8024320867064 -117.96186283926983 -269.46440511670176
6 189.9139049053192 6.529301594562948e7 -114.03076923076931 -186.86666666666673 186.9015521209369 222.38589991249643 464.1718222449082 15.123254449420756 317.9947446684156 -110.34112142854775 -270.23108640221955
7 221.0325427055359 6.542329406571844e7 -120.26256410256424 -188.76600000000002 192.02004927581453 223.46127934849477 465.84935789443136 17.212223692032353 324.7630650271997 -108.81446134861244 -270.62417186048907
8 254.04295921325684 6.65815660867752e7 -118.05128205128217 -194.05333333333346 205.21311697528245 228.33050113953016 473.4450891000539 23.825953432978963 345.19926979771867 -103.71434045306808 -270.10389111158975
9 287.8090968132019 6.77833283143225e7 -134.13333333333344 -213.56000000000006 227.92340793562624 266.4825888713481 533.8437514996183 27.257681558344984 378.5644199801404 -101.20593530160812 -270.47579558749413
10 320.4709801673889 6.326157582638362e7 -97.94871794871808 -173.5200000000001 154.04865893336367 184.5108200028352 404.1229880789491 0.07030304459340186 269.6089232172767 -121.71555747735522 -270.75371508264334
11 355.04790353775024 6.3257485716428794e7 -77.846153846154 -168.38666666666674 144.1490915224574 152.3166315739477 352.87803358818104 -2.8820889441215627 256.6875168941772 -123.87422278343445 -269.28537381017145
12 389.7661054134369 6.17940868430615e7 -72.8205128205129 -159.40333333333342 148.29410617508717 165.17302240297767 282.5670332525313 5.523437769811437 209.40781501980803 -117.46893897251016 -269.5764777789356
13 424.8854856491089 8.027640049028529e7 -188.41025641025652 -268.48666666666674 438.5839970034573 286.9493273479959 373.9827329744046 33.078969958718744 342.50814491713936 -72.03806304644291 1.9548852075593572
14 461.19015622138977 6.370852090697015e7 -78.56410256410264 -172.6033333333334 174.79196023643436 170.96278838310602 283.47020644972434 9.325339979158343 218.89846252402697 -112.11547358723419 -241.57226276441526
15 498.275838136673 6.2251993506543875e7 -88.9025641025642 -188.1500000000001 160.39295028491745 187.95895720912 317.5082316219016 -4.805817915684713 227.8461060361359 -125.3066609902279 -269.49022201221123
16 535.1887335777283 6.447713100316455e7 -84.88205128205139 -180.96333333333342 187.36455275682377 207.12031364314936 348.88601453614456 20.15711327753013 268.16270329694964 -106.41328086195284 -269.19874896305873
17 576.2694919109344 1.09087972199631e8 -264.36898531667777 -341.3767407407407 846.4756868677703 445.5398536585075 605.1203117926841 214.73465850931643 793.1294547095588 78.01307648130899 146.04741155954935
18 613.398672580719 6.943147499369651e7 -101.23124439071165 -189.30913679710272 235.60154056303375 231.65413107729623 477.6195874943124 49.36415896668257 387.53067363985053 -84.29018963298404 -267.72811646082806
19 646.0831546783447 6.2328460353474684e7 -179.45652998511255 -222.51591059595697 201.02610560781253 280.9287016352943 462.23117431578083 -1.9749082548195247 276.9304469904646 -122.71436677831935 -264.65291548702044
20 679.085156917572 6.413289708208028e7 -181.257870647695 -220.4281067176864 226.0973811552704 286.32060289470746 470.5008845930207 17.691703492372767 313.0338406768112 -107.9212452468746 -264.7720226998966
21 714.0983490943909 6.935683647290783e7 -212.17973879171518 -257.0635256041325 314.0085367862558 309.5369247015355 500.2919688311698 51.24489163972328 424.4872887028273 -81.92366117832955 -258.38366135626234
22 749.4618670940399 6.914412863761051e7 -205.77353731206196 -252.122653681555 308.66948885044087 307.6574060973084 497.7578652319655 51.0900630661298 417.8564339177301 -82.20588042577737 -259.71883540083286
23 783.4913589954376 6.432236585972272e7 -186.20822181672807 -236.3415948623127 238.14153114408316 292.04870919404243 473.5962603135583 9.803747795247261 313.94093407211665 -113.4478249047902 -260.8005653852606
24 819.3057062625885 8.020539586859466e7 -162.8864461020906 -254.0932459238066 404.3011251161248 246.44609972034317 367.1984161344789 32.01251169636657 337.43795227886574 -73.4765623030807 -5.416088916579099
25 850.103324174881 5.8305430899351016e7 -135.37732217985302 -172.7098731064631 130.46431854197573 169.05092193923946 285.55024913684855 -19.39669462701221 175.53447598821413 -135.93005409233143 -266.5812911117256
26 880.5275456905365 5.797110141511805e7 -163.13948532878115 -185.94414972373332 160.03801488975841 207.88405942071253 289.045561230113 -24.461390642690446 166.27653967264803 -138.4692529298045 -251.7896716008761
27 913.3133225440979 6.371669337640344e7 -99.19694124237337 -175.64856138325058 159.81272104250053 185.54318906570882 404.15001174273755 2.0268166054109997 273.00778564922814 -119.69354047758793 -265.3108890542924
28 939.1887264251709 5.525978987834159e7 -167.1361227010159 -166.91821498626723 105.87361648914616 193.0697425981552 323.9491314311098 -35.55497931499269 135.24663612748202 -148.14497256164117 -266.72421249074114
29 974.6683669090271 7.635297389582951e7 -244.68402798097068 -268.6855530593776 432.8068799616972 355.3914295212963 513.9346999421143 112.95552459656983 539.9270821305013 -32.306783563909846 -224.29427628905552
30 1006.9548189640045 6.2662768028156444e7 -103.00533595712062 -176.44494773332872 147.88852185474627 183.7039794909768 401.8642952545883 -7.124765983213308 257.026170795035 -126.71225974568392 -267.0591049568264
31 1038.9066450595856 5.688874657672492e7 -127.67872992243721 -155.01685840058073 107.35660855709438 162.85278149156795 284.5833716595916 -22.224231033231717 167.4715937599392 -140.0024239256319 -287.05441652104435
32 1069.8645148277283 5.7920686288330175e7 -61.006015844062794 -1.788674438316547 53.99744523787971 67.70734943862992 269.6266137047549 -19.830573889976904 151.3978945828586 -136.61721812638882 -269.26190573925896
33 1100.7029328346252 5.877534980057085e7 -82.44796069166804 -135.76685840058067 87.76584756684653 135.83448521225978 335.02727838489494 -21.86651424284196 193.8125854649644 -139.77632989138397 -287.98774254878947
34 1136.3055267333984 8.298791451989202e7 -177.00231743844188 -97.18099812999574 438.07595772849044 261.86455016747686 526.8512043665213 193.16511098107253 698.4624803141467 24.43145156016817 -265.27728833698166
35 1166.9536066055298 5.853661613096827e7 -77.22080182659542 -10.650920120474858 68.81226996833286 102.2867703856351 324.5002564553599 -15.612357892826026 171.90215639876453 -133.36262572491455 -268.90738083561814
36 1196.0855338573456 5.613839957926514e7 -84.57605279401238 -13.120115486351516 40.859432732265915 96.94350103203307 316.0557251532902 -38.24809480980866 129.9147793313706 -150.3781610259013 -268.6928643840297
37 1226.0683040618896 5.9325564974038646e7 -154.76886798949837 -132.575800708273 143.92908159642116 202.66464872721167 402.54078817171586 -9.189954723732853 241.50978363281672 -130.3873782597068 -289.74323206286965
38 1258.6787252426147 6.1611557578422606e7 -102.53867186728485 -45.22829707982598 119.26279203648039 148.38278323358603 397.21228599708223 -1.6834656275151474 246.88260297523345 -122.87268058546437 -269.1280249272601
39 1290.1931779384613 5.6831790797353186e7 -89.45304051750256 -125.27924047605237 80.51453051989645 95.75195970289506 273.91925247104354 -23.674347117622744 160.45863930708208 -142.12037360678363 -298.2224193567073
40 1320.618156194687 5.7893755020436145e7 -66.799790713786 -3.268156235406578 55.184813903992186 68.04570887044842 270.47113051841535 -20.035953494866646 154.20768125252312 -136.5332828034214 -268.77325934246994
41 1355.2929062843323 8.506985776097207e7 -192.07055382162835 -193.5252318678313 764.5163972693684 300.3504411255703 531.4323270673801 226.24682285478605 734.122285123249 48.96659005494939 -270.4326508700064
42 1385.4385306835175 5.824697388989361e7 -145.72271414334455 -125.64580070827301 126.49920495620539 197.6149527904717 394.66352674233957 -17.469580192576245 215.42000749616727 -136.65750151303286 -290.03319224603456
43 1421.2308280467987 6.295219000875724e7 -161.96760485113185 -216.30822233562247 199.73735224780717 253.00538068868198 426.79422885358696 5.021169285450981 305.40419497888377 -119.40374956217369 -286.9501251268658
44 1452.4267690181732 5.588012765597374e7 -133.13920220309484 -152.01208654071647 91.22765593574604 132.83152844394334 287.28147433688787 -36.90301074996273 166.05300821953028 -152.0020559768147 -297.4397184879041
45 1483.633800983429 5.66709603897954e7 -100.49194491257535 -90.99580070827298 86.22110686597802 124.29004290040926 278.49256798296904 -22.488406549085198 158.27733781301583 -140.45670043144054 -289.9141940344258
46 1515.0894198417664 5.846981067087264e7 -86.13422097226803 -15.90534110498323 93.53691391377464 108.4537352228458 276.0801408482713 -17.718476462226988 157.5964209524891 -133.61073697852822 -254.65583549301994
47 1550.7848148345947 6.376811495437806e7 -78.15105985477845 -32.43544060747077 136.66274687042767 119.07424600449575 350.62129243156846 20.86842453904808 274.7282931623773 -105.91353594779093 -269.20424636529924
48 1582.4428386688232 5.828730349771948e7 -68.23065703096813 -9.168129364941286 62.044708061413466 71.00475717485415 274.6713647745346 -19.21436707735853 162.6453883704388 -136.08200509382783 -269.206378106289
49 1612.30827999115 6.263790048310546e7 -178.99706690671948 -180.0524049067128 202.9630528741208 216.6615112198432 416.29143949940476 22.580083099180456 319.0733535210502 -106.70418110691031 -293.6755100697535
50 1643.8546631336212 6.542912807541874e7 -177.6593792168275 -187.07709276864907 238.6071837025172 255.4228000124231 477.7961564758069 44.46339440459906 372.47580726308706 -90.21716842153262 -294.13459542183585
51 1673.9939723014832 5.5827558478855565e7 -128.96261008188995 -153.2828638338981 93.73523089585058 160.03895443160383 280.233654972111 -31.11157660821408 147.4896241477669 -146.632013347763 -286.81544728172844
52 1705.7500486373901 5.797495904609663e7 -47.824366082855484 -102.6922877678553 88.33822019500354 119.2729147302267 209.24515928646798 -1.1790429711902561 117.13189992044408 -122.22688301937768 -266.5766120835483
53 1736.3594834804535 5.654013093729248e7 -40.489670944389374 -93.6313489870715 65.48549281026362 112.830132631862 200.77603409024795 -11.236123317715624 86.49587599192523 -129.91741896526378 -267.415522285551
54 1766.256713628769 5.536410183319943e7 -28.13153727478026 -71.54118505264526 45.11032915401864 76.79359436905702 143.61256788317786 -11.26994942193403 56.288175505400545 -129.8827239630121 -267.4791183182133
55 1805.790907382965 8.954292864303099e7 -260.72566504513395 -321.5645779385055 618.1902979285265 428.5582826353448 615.9932930620465 188.0284113861477 750.5530291219516 29.002297437776065 -173.0969801806284
56 1837.3963260650635 5.655182898492275e7 -36.9104565768432 -83.30172225933129 61.678975708850395 111.79935315841473 207.86996934386565 -4.2667494937303445 108.08401182521675 -126.48230517042265 -287.518369303903
57 1867.1811220645905 5.400934537942239e7 -20.43294501736442 -53.84817034676294 22.00261916913729 70.59545392138551 142.6456904059209 -13.766953557640875 48.871517673100925 -133.60600422246893 -287.37924249796265
58 1893.386519908905 6.235003536451685e7 -188.61743502451807 -197.03178007874573 223.02210682978938 277.6583604673807 386.70409542845806 -6.400116154743387 195.65108978210117 -118.77672898656374 -186.69454858777175
59 1926.0951969623566 5.991559200548823e7 -109.90344220013945 -105.95200457379374 121.80312402271906 163.17897354428328 348.1204458523166 1.5586620539879164 235.54262981552915 -122.82791223227241 -296.0064845713609
60 1955.447907924652 5.39241442738091e7 -25.838676540743002 -55.22856250362568 23.118606967480353 70.91267989054558 143.43745986612288 -14.165548916368493 51.08938101128592 -133.8146817418936 -287.58855623744057
61 1985.5215978622437 5.37187903976606e7 -15.225026856078433 -44.539016633464044 9.340284760649183 36.7218056286099 137.2712776760929 -13.987047865377747 47.18821816117247 -134.09524575326026 -290.2987755306068
62 2012.7779660224915 5.802469895153212e7 -181.15182950771853 -182.5331539157445 153.46594145165278 266.2600775310934 392.8700581050866 -16.77544374444301 189.37019849150295 -133.4573868880783 -260.2507328025914
63 2039.9944605827332 5.775496382076961e7 -183.13831543596078 -184.56220739959195 150.65002597066024 236.4717976531274 345.3932126416078 -20.27362992342347 185.13775397677352 -136.0307133695825 -260.1089666251162
64 2072.718819141388 5.8356988753983885e7 -126.61014991555196 -145.39951148091384 119.26629590597506 166.55710603417782 342.7844816125124 -10.707467473120346 211.78958555546012 -132.31611816972702 -298.5126953739815
65 2103.379140853882 5.4371512740954176e7 -23.557695914136094 -59.43366257474216 35.962619679590375 75.06291550535497 143.34259103644365 -13.228379645255188 50.71327543034272 -132.7398970724684 -282.6303689328371
66 2133.802932024002 5.615480721771843e7 -28.446106965100643 -78.73007941090853 26.188853341264547 70.58100789507844 259.7579177876008 -38.84755222741569 113.86910966681023 -151.71984567904747 -278.4056068135292
67 2165.5194313526154 5.36957601194298e7 -2.484682866790763 -31.525665272977353 3.5100496926839355 34.28114082920547 133.5300468905237 -9.465774511600387 38.60510387276463 -130.6472607307736 -289.8035011118001
68 2192.0918719768524 6.5693446271727316e7 -263.9671272151296 -265.4268903379081 316.04852978592413 339.89961050911495 483.20321076763105 14.013953705949234 333.4781822436007 -105.79030354506813 -213.27337732686658
69 2222.8325526714325 5.515515549557506e7 -32.791078686973535 -75.93833428118919 42.37778282538227 106.6319921841905 199.809156612991 -13.558186610857604 79.36779780921484 -133.61162159563054 -288.0776106437714
70 2254.0891501903534 5.317159942359618e7 -74.57302372269145 -25.969551886712427 10.781960263708449 55.994682153412455 214.2796960050361 -38.4957972535189 93.73843252385313 -152.19168189754936 -286.36918812071144
71 2284.7042076587677 5.383228725928014e7 -23.631920508873794 -53.1260580073907 14.692708734501963 38.85807612823743 140.54416978954595 -16.255808194265626 54.32283620375301 -135.79993318797068 -290.13939534870167
72 2315.8040664196014 5.294047698270611e7 -19.488053444750495 -23.399154577882445 14.03243110483254 67.61127403617951 138.81815736141434 -10.174356749150832 36.0476619704948 -131.53525584825434 -294.40215555769396
73 2345.201859474182 5.722165748481499e7 -20.22389214951648 -54.42237242062513 51.50645091520952 26.890558598128877 137.96092586113292 -3.7592141693837675 67.91747149645744 -121.46768128572393 -237.78035563259516
74 2376.151914834976 5.295066937265492e7 -16.35939216574177 -50.486295523493 2.0988640281730113 33.82443005150802 135.0981021302369 -31.172163908493417 41.61449313560104 -147.79448326022037 -298.73257218614515
75 2408.516501426697 5.7397812127509385e7 -23.408646244314543 -72.85903085605277 62.22936159119133 81.96528316645907 200.0640703101697 3.5270273362866646 99.2080576479849 -118.90972017901214 -269.7138943420201
76 2439.7303459644318 6.596840742042169e7 -14.263529020636941 -82.65847777297736 158.17574042268132 60.52074780383032 137.623288276393 13.714971988273874 92.04493804905007 -97.12640097087757 -113.37501238076368
77 2472.896140098572 5.688902382476636e7 -13.158610708860198 -50.60531129067647 49.825576214283274 77.01315889627594 201.13886854817088 11.823679107158796 107.25029575590497 -114.63801903099773 -290.3138329586449
78 2506.207973241806 5.8840070751882456e7 -28.390048978342453 -77.831507197376 81.22262959490608 84.43843863682821 212.6550805097881 16.65550169471021 153.92885399515205 -110.93217204292404 -290.1209008606361
79 2536.550500869751 5.412138878013351e7 -8.905090591343797 -38.08365316305654 11.67838914752923 66.20569120679906 184.2797844674556 -7.998828961980337 50.44489127989664 -129.46984060526557 -289.7042578871183
80 2565.6866059303284 5.343049491900202e7 -11.177215068648273 -25.651895303730743 5.965998267472379 36.38762210358445 139.3767501091993 -11.78093925703132 47.89148652348638 -133.0324847423102 -298.50734429278435
81 2594.708122253418 5.379448052059701e7 -34.63793971789616 -58.47280346373079 24.805701763460924 43.29774427395594 141.46347120889362 -14.7800341508962 55.97232734675811 -134.48796720321633 -288.6817813672909
82 2624.7951560020447 5.366917736010184e7 -3.231548535158975 -32.01245670941608 4.182163444726704 34.576173581655695 133.56194625990594 -9.525385872684694 38.43491590869962 -130.66117048401577 -290.0331513671858
83 2655.5690264701843 5.37052433788859e7 -12.944458251473428 -43.081265302750786 7.383784750274202 35.851198124892434 137.22283419700128 -14.283818945245173 46.73249294835887 -134.31572503465202 -290.87466947705536
84 2687.6058955192566 5.349382454299849e7 -18.328707400580566 -64.73559862938183 5.226478776699814 33.907600084219354 135.29145664241435 -30.198294264413903 46.20875366973769 -146.31569176402178 -290.5661491620171
85 2716.232846736908 5.3826010925511934e7 -120.05885204356113 -121.94667540624373 54.43524711579531 119.04809866348481 267.0542897973851 -35.89080073778604 111.44618188414722 -150.43054999274955 -289.78143934531363
86 2746.388211250305 5.401365320357231e7 -12.516362581294931 -43.48346783498894 22.738843508956208 70.55821033278352 139.0625011587242 -8.637630057039019 40.85113700134116 -129.56626260550945 -285.41376270164096
87 2777.022672176361 5.347436945763586e7 -3.8672339743451047 -30.655011912804603 4.963487026895066 34.93707814479386 130.7109879789885 -9.133383795107875 32.113272580123635 -130.28122955510855 -288.81966723542195
88 2807.3763132095337 5.33822468126142e7 -16.893960140472053 -34.6478681810677 25.724067034497168 99.1106988016303 136.04822728211718 -6.044266705882762 24.70494617389147 -127.24315094884838 -281.30467085202025
89 2834.4463515281677 5.481919261092265e7 -154.26837032600335 -113.92023910091578 81.48449083046768 166.11026787329428 327.95919415778144 -23.948338058119816 154.23998637686702 -140.55264729652419 -279.818796193582
90 2866.2182986736298 5.619834900600441e7 -15.57746549040187 -51.58705074775606 45.668157061015265 77.07694598270517 197.34571831717278 6.734294625263317 92.33313312661198 -118.34089459641768 -289.27432178708744
91 2897.325781583786 5.347222098350483e7 -16.607577963632785 -43.668363273291355 10.793722094860314 37.37774294419829 134.45221876455767 -13.802955752382786 40.449997092393005 -133.83938780697383 -289.4851629747342
92 2928.0430765151978 5.38084699284659e7 -11.483644716495853 -38.43463145657285 12.960941737984982 38.25891607342963 135.7932163585751 -8.64321187635187 43.62486902244166 -129.91984582374346 -289.26204322175045
93 2958.4386377334595 5.375000395317119e7 -8.608404753251726 -39.12985468010023 19.374944696080505 69.04890132476554 136.12774542964993 -8.871496462460868 33.717549878872774 -129.7796137758699 -285.871837114615
94 2989.1712367534637 5.4963641886211306e7 -118.91692728912648 -110.12688400163147 85.47275386715225 156.81855713543706 275.4098297052997 -19.959280472659714 131.64819644001398 -138.72976309269495 -292.57049117340387
95 3020.3340106010437 6.5764968731918335e7 -15.646080128191294 -81.7878244128046 159.62917775689243 61.17668511941871 134.80422936485783 14.042801331770534 85.46836962321834 -96.72381411879377 -112.01396236262076
96 3052.301080942154 5.5287487455992386e7 -24.591526863586445 -67.69968545232355 37.35452818202823 75.14447447303694 194.31469593201678 -10.124887410063309 80.4165834830942 -131.1044948293108 -289.4866262468521
97 3083.8175327777863 5.568613812736001e7 -17.38913807920884 -54.82541550024856 39.50806928058013 76.27604774678046 196.03804737403325 0.18688848986067796 83.6573816151598 -123.35477337338813 -289.3092276629667
98 3113.776383638382 5.374222466438507e7 -13.77339082772513 -40.77344355589993 12.997640913870327 38.4416013903552 136.073062110307 -10.157353452871178 43.715210626640214 -131.03342405645094 -289.3503506851349
99 3143.718547105789 5.33921498178947e7 -9.535356712337578 -32.10240754054197 6.126462024448905 35.26822097077492 131.53749274866806 -9.409779090925042 34.63899556780075 -130.43424421322527 -289.1149620929144
100 3173.591338157654 6.012482319857077e7 -151.7994517257351 -167.69878886182556 150.38455067392792 172.25763268058904 336.5201376488924 -9.429210146008245 199.49649326206963 -125.96802074334812 -239.0273679690389
101 3207.5652329921722 6.439435609212217e7 -218.02801076904592 -243.7500485346911 281.2678228184458 363.14880897214437 536.3224754431806 8.821024309077302 334.2766168992947 -113.95402814066512 -259.721099077447
102 3240.7687101364136 6.433966484728094e7 -217.32035198746206 -242.1236970134439 279.8451013417534 362.6858535432707 536.250256818751 8.63106143359579 333.64032694006926 -114.15877530380726 -260.2384454508377
103 3270.936896085739 5.273247660827932e7 -102.36317839403696 -92.34641014866187 31.047825681608394 82.36730426715255 216.24843197840124 -40.416909244138765 95.22379842623229 -154.85309752419005 -299.4645196834259
104 3300.6751112937927 5.314868919775827e7 -2.8686207602598657 -26.088397275213623 -1.2910703305777105 32.84532085679783 131.09027636651004 -10.661829320931702 31.919637636641937 -131.9203385667201 -293.6977369831493
105 3329.8079900741577 5.283681490589797e7 -4.40366710296918 -7.300616101731125 -10.622213386453211 0.8413507627768695 131.48034811441653 -12.725774437845473 39.52418906343189 -133.9798805816256 -301.4778373579009
106 3360.0459048748016 5.256721619404821e7 -72.57371701673105 -64.26741835951768 9.69126819324633 44.28740972842938 205.46707384318572 -40.25410561270246 80.3611042760258 -154.77701252598462 -299.7228711551736
107 3388.952935218811 5.378699575197444e7 -15.634960293621635 -18.772579860754703 6.55397838597554 35.71829184578219 186.8491051900104 -7.929434869465581 64.64951175006354 -130.4213603033179 -301.58408499691996
108 3416.9375550746918 5.282262952658163e7 -10.498908752284038 -8.857079594324025 -8.889310394669629 1.3244141340078386 132.68603384593303 -12.58033061845174 43.214142856031 -133.96220515072923 -301.2928899885779
109 3446.144471168518 5.8788655014095455e7 -20.027421586827263 -75.12445029862232 77.28584194194147 52.13654177001021 139.57367297578804 -1.9632870919699599 70.27459058948921 -118.52018916858884 -220.55733180614817
110 3475.3158552646637 5.3161668488682225e7 -9.282930234659503 -16.022298949627604 3.228632153034063 34.88410164651103 136.8847038074572 -12.258759020506773 41.64160789948653 -133.3990176951595 -298.09599790322926
111 3505.0517616271973 5.37438334492647e7 -19.518376954521177 -34.31815996138025 6.528603816148554 36.364608645760114 187.78470880053015 -18.066190297160176 65.54686350319321 -138.03806505881033 -300.80978752267833
112 3533.865749359131 5.290702752443953e7 -16.519666983972815 -19.676244551613358 -4.876163196528118 3.2356416656045326 135.15006878509138 -16.912495547689844 47.9731657303206 -137.12694210125892 -301.2411805592044
113 3563.725133419037 5.262567336445513e7 -24.50623120553333 -43.23394943506444 -5.317729343408644 2.076365875555439 133.31933620510992 -33.00822072149299 47.67201649925619 -149.32388239396016 -301.5149214298093
114 3591.631782770157 5.22113712890899e7 -94.86520556450766 -76.60061610173113 20.027584405115768 48.432459754721094 204.43138430622452 -38.960140590186256 81.16445860305839 -153.80649791253757 -301.3257956553841
115 3621.967704772949 5.547625330957053e7 -16.48937698427024 -28.903822514556758 28.340099882427587 42.77554128544273 197.7778663426717 1.6505945462789668 97.7354374296076 -123.1929205614469 -301.3454216509184
116 3650.599753141403 5.318388034235094e7 -12.474258008679403 -15.544148241135126 -2.6756700236580215 4.190883678457283 136.6050790133672 -12.383482609834175 51.3618580231863 -133.73181050391645 -301.7934739854843
117 3686.2016429901123 7.096310939277726e7 -86.02465622875336 -155.3391159313466 258.4386892135096 197.06705425339047 357.2463035267531 66.10471693582315 351.6004885018515 -66.36408555242616 -211.78342245512187
118 3714.743586540222 5.248308172313097e7 -28.07703546631625 -27.142014941869682 -7.547386913048314 19.74236386808903 162.71817558496497 -23.367845099534634 48.51709802982964 -142.06740321691956 -301.71721624262995
119 3742.9690754413605 5.320985709551484e7 -41.34242609325359 -21.34971360632082 -6.864179488632097 46.61262439704319 241.88129837260985 -39.98433642268179 72.31058547760063 -153.9974694708224 -295.1815624302294
120 3772.1884791851044 5.869831690406706e7 -24.950580547740362 -78.80747445502226 77.8887497363933 69.97680487090395 166.99064132300268 -4.058291128591179 71.11428115595231 -120.07299352312418 -220.20084180293037
121 3801.6352405548096 5.231907304510409e7 -44.51400972970593 -55.491224946694786 -0.6125787191244498 21.47659119790245 162.90329510271854 -38.16956118982455 53.67283448917692 -153.19924991689498 -301.42514887693187
122 3830.3722534179688 5.315250902877959e7 -17.478453878296765 -18.878653802464015 -1.3411123467565034 50.747566275754934 209.8762101737302 -13.683318258412271 53.31615599783254 -134.73790035851613 -301.15369385507336
123 3858.8176753520966 5.292070863868706e7 -41.248821348543586 -54.83669757595297 11.831856099234564 55.90216929296773 166.57143098421196 -21.211484638182185 50.54553744607358 -139.7100865943899 -293.28183587889134
124 3888.774529695511 5.472061820502184e7 -49.48909498786588 -53.931780741734656 32.970488847048024 62.74173387818155 228.01486910115455 -12.460718175597094 102.88726971845074 -133.82984243867742 -301.138727121727
125 3919.3957693576813 5.638335635536157e7 -6.033294307017329 -19.602781912468068 36.03315475227544 43.500103969334646 199.0066108584623 13.688467301668652 109.27156639781981 -114.14347926148804 -301.6528383321171
126 3956.529012441635 1.0288970867186396e8 -121.70006130747834 -219.42492107547358 644.2531127088392 262.40168776447723 501.38475542011474 165.45461076654453 632.5905765927253 39.9365933363415 134.85714937460205
127 3993.6237864494324 1.0291711354518364e8 -121.91575987647377 -219.70138292980062 647.0573315610047 262.66055334363944 501.56398783767463 165.72380144948102 633.3266418285662 40.08542924485289 134.62725786919452
128 4024.1879296302795 5.564435402205021e7 -20.477098397401168 -49.43612474596872 37.507058569900856 92.69006451540147 226.45426855360395 1.489468357805606 93.46049088763152 -122.87098447236428 -295.7338688389495
129 4053.5212953090668 5.26228323396612e7 -28.546726124637 -37.963698366705636 -4.631695573911486 19.791522696938046 161.94708462977076 -34.69507490669247 50.15872174544279 -150.49849088116474 -300.71007317420475
130 4082.8402321338654 5.2655461721591994e7 -0.3889946993829412 -3.4060978102784176 -14.5225269389328 -0.7906564065211938 128.88195034649814 -12.923791383969899 33.35332922551652 -134.11846865228398 -301.2296136183478
131 4112.799959421158 5.567386610844066e7 -92.58868321128946 -46.45327608793619 50.24202537647599 125.82433061910484 325.485945488992 -22.86994009770916 155.51195836048169 -140.2536024101309 -285.244743314826
132 4143.642253875732 5.60085419485937e7 -20.597051240528256 -49.19247268627789 42.75243015318138 76.37854789620863 201.3141491262561 5.383180954221643 100.85788452498434 -119.94264047703632 -296.13065575594675
133 4173.234843492508 5.241319702491911e7 -22.83613609056893 -40.819572046891054 -9.298512959090687 17.96227816882856 158.03743985361453 -34.150720297933844 42.275541673056296 -150.11459189462585 -301.0631046614105
134 4202.713625669479 5.855921718642431e7 -20.606241512256805 -74.80716423547761 74.51289941841223 68.24356185512568 164.43848727764305 -4.3456570056532655 65.20759418176374 -120.22988547440451 -219.59502804907032
135 4231.496444225311 5.264793948569298e7 -2.3021944845384112 -3.894647041130618 -14.061185180211666 -0.6610241816434694 129.2055015267122 -12.641908821023605 35.00393112202539 -133.97345505688907 -301.7698014461472
136 4260.607356071472 5.2374644008684665e7 -21.06169967553373 -18.626428933693628 -5.853025351171702 20.442248500342444 157.6826056719066 -18.36783110079392 37.293698790248754 -138.15578238635192 -299.892676175484
137 4290.564300298691 5.363995591052342e7 -10.46186698808275 -26.26725212619553 2.2739949363225307 34.756326810572745 184.94162220983264 -15.927293230970463 58.218199513461855 -136.44172918883356 -301.21052869843595
138 4322.128403425217 5.7551948145202175e7 -45.85285155755234 -64.21897570593204 65.89647843524986 101.19010897037195 291.22621228987686 6.627631999073742 157.38669114199956 -119.53156067931474 -302.07599113805907
139 4354.7970333099365 7.552761874062046e7 -200.8407095441615 -255.0040154867283 391.0997511131113 339.6387122475687 464.6080860304012 29.50485146432561 324.80627982702663 -80.39208161031462 -61.359451570855754
140 4387.16614985466 7.547051174185681e7 -200.8857764823052 -255.06962001149338 391.0186564587242 339.65020186079107 464.62600922581913 29.2778937655371 324.39680798944016 -80.56710318078427 -62.04061471704273
141 4418.486171722412 5.562212084524693e7 -17.85499763839692 -47.494401683522156 36.174971740427424 74.7918785814078 198.43585665916214 1.8729940623712764 90.63240540669256 -122.54062802951705 -295.1597570293085
142 4447.327663660049 5.30298366223434e7 -3.493479405080091 -10.43252536683931 -0.8979442009359246 33.208729619217294 134.42074103313396 -11.544465345170636 35.87584133497705 -132.85012205437187 -298.41485645843125
143 4476.062562704086 5.262275409930371e7 -3.9114208308194414 -5.619610398833629 -11.336886523434188 0.5549823880864437 129.03978845250273 -12.766971340737314 33.796684932680364 -134.02217374929086 -301.1625809541947
144 4505.057682275772 5.261017233567151e7 -0.6562414235642429 -3.5669841551090844 -14.837177398913653 16.652414873220465 155.49474450463728 -12.907455092222449 32.66917270541626 -134.16403937457017 -301.4127690792536
145 4534.989912986755 5.356881111236458e7 -13.728926124941765 -28.72838637859197 2.402027462178566 34.68923661846644 185.32074602620688 -17.53669378123078 59.428665292696564 -137.635706069015 -301.5808467634787
146 4564.886080980301 5.236587402422993e7 -23.746755545695827 -41.97315049967415 -8.501793535543733 18.303161629115763 157.86942412201742 -34.12437744201429 41.9659670605223 -150.1484524665795 -301.54479313725744
147 4595.093643903732 5.50261103716094e7 -22.915221806283697 -34.60867213193745 25.840874670825876 59.41653241035971 222.3633219013451 -2.833361142702188 92.11564484338135 -126.49299569589442 -301.0734608935501
148 4624.5131714344025 5.8514943485079214e7 -4.463134412998894 -61.91102439745039 68.14094345760876 49.840740435983975 137.23314725755847 2.050609713356664 62.29375435110478 -116.07513532519181 -226.97144926083365
149 4653.664694786072 5.246907001600573e7 -6.320123394002962 -9.767010032783721 -13.568942957230796 17.23299204596063 155.81510555861328 -15.625067719934066 33.21233015961502 -136.22616822648126 -301.6376321319574
150 4682.415250301361 5.261422905935804e7 -5.126481276035033 -7.824202465934992 -13.070848888300894 17.417657517008877 156.56908543051466 -14.240169297920374 35.34018443727052 -135.12812616120328 -301.36254504939006
151 4712.8805639743805 5.546131579372859e7 -13.965795237303226 -26.238363518575554 27.153421303545166 59.08688862867231 222.59143638862267 3.1124742231451705 95.6659541873446 -122.04598873266593 -301.17392805334975
152 4741.968326807022 5.2949273835785046e7 -3.7525552550841006 -9.065373786571039 -8.391011869615973 1.8546828110078764 132.06444041848434 -11.084472106597218 40.891511784494355 -132.72109929123803 -301.6011734528726
153 4775.676056623459 5.498726507132705e7 -34.26555481071932 -76.09343245500614 30.95242646527491 100.53804711071723 224.89305085401296 -31.692496368041077 85.6633324298482 -146.40204506355786 -279.4659572683772
154 4809.527722120285 5.4883426304206185e7 -33.32147691703766 -74.85816736234636 29.71496043407801 100.1432508225588 224.67756823464595 -31.901581610826042 84.388402429596 -146.73090797499742 -280.5514487696613
155 4838.418661355972 5.2522506116540864e7 -6.814656080664747 -7.975562101303141 -13.688250178116341 17.140419558305595 155.99098599283153 -15.118848720008316 34.14788417454906 -135.81352378902238 -300.9446503157716
156 4867.322791814804 5.268529626367044e7 -0.47314547819049224 -3.352562131468855 -14.576631586931391 -0.806708090184415 128.96462245511944 -12.702692646631249 34.21271786740351 -134.00403327435197 -301.58794953438894
157 4896.095365285873 5.266671074024935e7 -3.5946901211516895 -6.8758488217265405 -12.906209474136006 17.483253967294672 156.64129514025086 -13.498555577696607 35.58121904027655 -134.61053055733436 -301.5565579512173
158 4925.291670322418 5.262300574396716e7 -2.1870186436137757 -4.547915173125588 -12.882523296692426 -0.0920337850533457 128.987650264772 -12.789567160246804 33.72139801199671 -134.08965160110648 -301.62384270508926
159 4955.078257799149 5.246477404316711e7 -23.29338034241784 -42.28337620131442 -7.636755733126122 18.690898161985757 158.43983543027358 -33.595374051275314 43.36472976425148 -149.76524249471447 -301.24270433235574
160 4984.431543827057 5.8492556805659644e7 -12.797953361726059 -68.02173960802894 70.86801409329362 49.794232867921195 136.30599537307003 -1.6377270558741657 61.87056251844069 -118.41810978927629 -222.0808551497031
161 5013.919862747192 5.354849374972345e7 -14.283247041533116 -29.13864716158226 2.0446605534727524 34.50305302725148 184.94612554288577 -17.92771979683124 58.81310626887159 -137.8998099006168 -301.08354099026906
162 5044.0839059352875 5.532307154012333e7 -13.931984839512857 -26.515805671527637 25.054681135001985 41.40150841540665 195.46201918284143 1.196885632717681 92.6938491712798 -123.44670189078528 -300.90336536728887
163 5074.747205257416 5.553060285484303e7 -12.41202751747969 -24.622878207492583 27.597456738587695 41.51566559908021 195.78641416342876 4.206854343205805 96.55532717600795 -121.3192667639043 -301.59965327061326
164 5103.756476402283 5.2729087293333486e7 -12.839994523217648 -18.184435204076486 -1.2116898663746127 50.733599524853034 162.11465915843036 -16.44853009552685 36.82719628445818 -136.63089900516513 -299.0538752018484
165 5132.977803468704 5.2838397383846864e7 -0.8905775596935506 -4.209745501577453 -11.460801945193836 0.5921666771668157 130.56171547807176 -11.239171138547476 37.38396321737798 -132.87879021335146 -301.57457774108093
166 5161.904740333557 5.266919043387376e7 -0.6652384666512532 -3.7315782991029582 -14.479167293905412 -0.782820661707035 128.80180346760767 -12.794020845208138 33.68387921810006 -134.06622140340028 -301.22273686847905
167 5191.074235677719 5.264837356793417e7 -1.5035086637324113 -4.656033710511568 -14.08913115336511 -0.6271325855190071 128.89926138150938 -13.07270755420626 33.84536988016589 -134.29232241835666 -301.3581759960491
168 5220.374913692474 5.267036541508887e7 -1.1201694234158666 -4.192569662443626 -14.214922536223575 -0.6669367204527248 128.98842333573066 -12.878793461349403 34.185582195579514 -134.15496519719136 -301.42563492910136
169 5249.4383845329285 5.263517518192656e7 -0.8060869332014953 -4.303328861325315 -14.77533351389637 -0.9244496855351656 128.85994510277328 -13.228920475926316 33.6537325065832 -134.39324096285577 -301.64133400537867
170 5278.345409870148 5.259604540693339e7 -3.1469465410571225 -4.404699805313351 -14.810497212497935 16.657788040814097 156.34459471315247 -14.215772409494434 34.58587463042079 -135.1685329618931 -301.50030015873847
171 5307.673750638962 5.302508135909766e7 -5.296343095247003 -12.158440394480238 -0.657963956397488 33.25721613756944 134.28793594749462 -12.168004104901854 36.11244808044819 -133.30016813216514 -297.7353747543697
172 5337.328396320343 5.357484370251322e7 -14.374910528273062 -29.155274731840173 2.1992993054295695 34.56955974756718 185.17002709288556 -17.803779149478373 59.50461093093236 -137.8367978777818 -301.02933988183054
173 5366.989616632462 5.87182843544531e7 -17.090282980237014 -72.06509713202092 75.16461375708755 50.77535253313454 137.01257194165302 -2.2581207045737415 64.78200926971897 -118.61376520330776 -218.33807947873566
174 5397.330320358276 5.5505282969812125e7 -12.75370509489526 -25.100906431623944 27.63814836484483 41.564182616238824 195.74199270002566 4.035413756440562 96.40089199251679 -121.44125137630829 -301.81356176214547
175 5428.051317691803 5.532652242456424e7 -12.345028015011156 -24.867146753948273 24.384711009814886 41.12264875244125 195.17181280081343 1.5662924445611566 91.66903160020593 -123.18499018515854 -300.7095343302789
176 5458.557152032852 5.555704386005092e7 -12.139746054134175 -24.484308428965186 27.838776376728575 41.611780328872996 195.83091716529904 4.5486086126901455 96.8088953685392 -121.0175785345225 -301.5940503628102
177 5487.495405912399 5.265391661329575e7 -0.6612028892950619 -3.4004595349563473 -14.45218013008509 -0.7699285868086179 128.75734175727365 -12.748840971687173 33.548288947627725 -134.04364627588114 -301.3962764265899
178 5516.368420124054 5.25903238048121e7 -1.4152701967864623 -3.328238538863604 -14.267773544487689 16.885928549927016 155.43406371622538 -13.09362814852949 32.45821585854583 -134.2995716609305 -301.3318917540768
179 5551.602795600891 6.6750657088145435e7 -164.37754087057917 -236.56578025287493 258.0043228440902 320.3561160829139 459.65023649232677 2.8692517005235914 271.2723652287059 -112.1895837308794 -190.129392922968
180 5586.6373291015625 6.691489845253218e7 -155.90251082740207 -230.2655951583458 256.64758661870894 290.3207907081959 412.2419947031307 7.405908591232333 272.3077008896215 -109.00629388571707 -192.67649256298682
181 5616.981966972351 5.560681126855083e7 -12.2256656746526 -24.493362725571846 27.992151947446885 41.66195696768865 195.86286649416544 4.738714797702244 97.17860460304212 -120.84677744587248 -301.0130406187154
182 5645.839564085007 5.265427897189043e7 -0.8876748678086415 -3.5757620448772345 -14.351120842198299 -0.7308850907355406 128.81724428925924 -12.837349848716258 33.5592897860073 -134.09149374705646 -301.4117025212034
183 5675.463632583618 5.266378649018781e7 -1.49996891863821 -5.25923173636685 -13.595116296314487 -0.3985262605567357 128.81611560801585 -12.81581574591769 33.71302426394834 -134.0542377462495 -301.24329830996044
184 5704.370071411133 5.30063168421852e7 -6.743431083654336 -13.043570569894689 0.08349266207967077 33.51338296797559 134.51539633849907 -12.522429213699127 36.597810585159095 -133.58777300610438 -297.7609270261369
185 5733.723880529404 5.26270881516519e7 -1.8654353397826569 -4.432986195517954 -13.911772408768599 -0.5543142563670784 129.08960685868956 -13.283816323547626 33.91956496465173 -134.43584950975355 -301.5264175572848
186 5763.270393610001 5.243199445724844e7 -20.147054435906387 -38.854768024662754 -9.441798304949181 0.3502338095817521 130.41950615199636 -33.1696028226952 40.80269531477461 -149.40205156823947 -301.39463820948515
187 5792.691281795502 5.265982411085217e7 -1.257429510847441 -3.7473153401241985 -13.879630236391051 -0.5248308769455861 128.7445293068632 -12.738976761317076 33.391411543297636 -133.97237577061009 -300.922534162799
188 5822.522057771683 5.266505124848825e7 -0.7005900874966571 -3.423171269160955 -14.445396475838137 -0.7682957014610423 128.75924856343894 -12.861992838847925 33.39453549890686 -134.11039894698587 -300.90317469505436
189 5851.636147975922 5.2603512597371995e7 -4.001186028751114 -5.95170898598512 -14.067392604338863 16.985156472986077 156.04401270235473 -14.209315657846446 34.088881130864934 -135.0752180919976 -300.8523707539424
190 5880.804216623306 5.861997005688065e7 -16.0320409183021 -70.93619813472907 73.64659605069531 50.50733705079695 136.7941703180451 -1.9799433867484595 64.09519059540071 -118.48699126515345 -220.175843894541
191 5911.593541145325 5.59469422363568e7 -16.312903921201105 -32.6418668028496 42.115704648352896 75.75259373146966 201.31947984109576 5.527017845100602 99.27915995168621 -119.93663254022078 -297.8691891375611
192 5940.424166679382 5.297762177795312e7 -3.8082149200877815 -10.529588578082205 -1.407008509321777 32.925846901028734 133.63546019378683 -11.958003602827034 34.19470862932383 -133.10526315881992 -297.75093451997293
193 5970.018728017807 5.35674870463586e7 -15.748258308068468 -30.416285413446175 2.680617152789452 34.74969441178688 185.0564581554797 -18.27095674570745 59.13274756970543 -138.0545690673684 -300.36767813629007
194 6000.177512407303 5.5275599891099475e7 -13.3993539654459 -25.53081074148025 24.735433164011845 41.270717309466846 195.2179771533768 1.2772963103287793 91.76860930965631 -123.44038556874494 -301.2443212104762
195 6029.311320543289 5.2607761527859375e7 -1.4407870333373118 -3.35430216476911 -14.246060622265198 16.895316807150394 155.44842739047792 -13.052100015263818 32.581431833146326 -134.2456412021478 -301.1205542582974
196 6059.845638751984 5.555236908888197e7 -11.918547788941805 -24.287127601902345 27.413126001431436 41.50238965609515 195.65966502405797 4.388515473302448 96.28753475540441 -121.10078166039176 -301.3022231499465
197 6088.930386304855 5.264080845798406e7 -1.0556097357171303 -3.558797183813203 -14.262596181639736 -0.6960462217463146 128.6957990075113 -12.872020711696905 33.25956209284266 -134.08782595670903 -301.3434393183985
198 6118.434187889099 5.258215450946557e7 -2.1810921559420677 -3.983664473572941 -13.720904818123707 -0.4887945599667205 128.49532367841564 -13.074312601509405 32.939151022987176 -134.27440790065003 -301.67533534886
199 6147.150570392609 5.2493119437378176e7 -5.268780471943781 -5.038949766541459 -12.144943843012463 17.737032315281994 155.0096260428062 -13.474970410715628 31.842596761791356 -134.53011863612898 -301.055932440883
200 6178.474333047867 5.3512338063554324e7 -75.13880469039503 -53.8463531890256 21.410094512505985 76.5785132153679 255.7100792567414 -36.09695208227578 94.72166156008723 -151.35812681281624 -297.6058448527489
201 6213.161671876907 5.3907064745094314e7 -40.343633644714714 -86.03050729610591 24.379266243376904 89.23910965351097 223.35465737236876 -41.47962120184974 77.40974235757221 -155.6821205741765 -299.8667188566389
202 6244.091258525848 5.558836771468191e7 -11.557263962034988 -23.823364228306687 27.29749447065231 41.47910077299551 195.60173252629895 4.5908320921740255 96.1817534997972 -120.8919902626327 -300.8349555849502
203 6273.02931022644 5.2600001121399574e7 -3.0235795883972685 -5.852068500767023 -12.849290414989873 -0.1100292679355448 128.55542302063293 -13.133633638785852 33.02062863766491 -134.2711487474221 -301.0770061792441
204 6303.9992072582245 5.495058274890007e7 -36.52172149389714 -62.26533175792431 31.58160514182589 60.67733334835478 223.37380907027642 -19.256014343855327 98.49334371820021 -138.94346721304169 -301.0454932105197
205 6333.446824550629 5.346803970228051e7 -17.13868761365603 -30.866153483550043 3.3854770576629605 35.01247974428671 184.79608215551235 -18.619367097357213 58.32295453689596 -138.4202298914492 -300.84842324803856
206 6362.819554567337 5.261466170854733e7 -2.3157437954371147 -4.078726779880161 -13.655107674800554 17.14228294945758 155.56730338507893 -12.941719576395144 33.27563629978431 -134.15282136701848 -301.2771352117124
207 6391.9099996089935 5.263847262994949e7 -2.8168398596480984 -4.669596022262827 -13.472702348289609 -0.3818192585937368 128.68703523054205 -13.241352932700863 33.54148330088765 -134.33711575353192 -300.718706409922
208 6421.760478019714 5.853438919926596e7 -18.22890757931394 -72.0627441483475 74.29713295426075 68.47106524068101 163.6008755581452 -2.656515809102075 63.15089879712059 -118.99918687110505 -220.00365353948604
209 6450.859248161316 5.2573645649885684e7 -2.607298285517345 -4.123602332146317 -13.653599379370895 17.137830610347763 155.3654385557295 -13.323177893865363 32.203621422478136 -134.41820511196528 -300.8687453057403
210 6480.127644538879 5.2638194069621384e7 -2.5838904048196554 -4.085138201256633 -13.629952278705915 -0.463647508109176 128.56132260082958 -12.89915130454068 33.49570691324402 -134.07045947073044 -300.87858819612063
211 6508.872066736221 5.260979893637437e7 -1.7564307947626077 -3.742305738395065 -13.876893943153483 -0.5446185351994615 128.55586665271255 -12.863435548061432 33.214463586470856 -134.1757167146028 -301.4461484187974
212 6538.654764890671 5.242257747903783e7 -21.78615741659344 -39.58761817238648 -8.52413754091507 0.7091338859352163 130.44720747081521 -33.17831818789506 41.25568289899263 -149.4031736089479 -301.1454629568979
213 6567.491123914719 5.294801461540245e7 -7.720154152807719 -12.889902741955606 1.0428960733249468 51.35751047461417 160.87786647250996 -12.772325611084966 34.850915045004285 -133.62637372025426 -296.91981998821655
214 6597.828288078308 5.533192863264088e7 -14.054656662276138 -25.329828177196493 27.01111674428335 41.61713952784213 195.10765451905368 2.6028689292190847 93.39230281590267 -122.47519463986976 -301.75276700814686
215 6627.035089731216 5.249814142467545e7 -5.269587260640929 -5.039155785798053 -12.14475593888973 17.737085206595637 155.00975805509722 -13.473380647115619 31.856672846193533 -134.52023645719163 -300.9566075827568
216 6658.829331159592 6.120239742360836e7 -76.5826988472362 -140.9153315380779 129.0208146201035 132.5736816624036 284.7267776729852 8.412536288182366 217.31612796299567 -116.14483050249356 -278.918896961728
217 6689.974812507629 6.125233508755308e7 -73.86924570646852 -139.60722984077378 127.66391570229061 131.77989045577675 284.59726384183335 8.505698740332377 217.28986380548122 -116.01857561533245 -278.6050275138024
218 6720.462348461151 5.544745814746912e7 -13.180457034699081 -24.739214621158947 26.98723810007054 41.558974525702865 195.20734500041576 3.3350787695361532 94.3261025240688 -121.90162141320877 -300.84786712828105
219 6749.265940666199 5.259566325656488e7 -2.6325600750266496 -4.834099862141148 -13.305301977271128 -0.3086987901823903 128.5854693476424 -13.133735635019832 33.03312979726809 -134.27403403412376 -301.1645378856182
220 6778.045437812805 5.2612951765683204e7 -2.6230150878662464 -4.288605210685692 -13.46803560391541 -0.38390895162218897 128.7503021205434 -13.12391546145733 33.440181261717385 -134.29749629089702 -301.2966701580265
221 6807.045003652573 5.2948428538765214e7 -6.838015665486662 -12.420051649732883 0.538385789293649 33.585738162751895 133.8477228846314 -12.530906303554673 34.98216294877136 -133.5354240613379 -297.36400548567406
222 6836.119706630707 5.2587270929767504e7 -3.0229036258995805 -4.530041660551261 -12.986277715154209 -0.17919639373161544 128.60088175243573 -13.219964567212855 32.784438116897036 -134.31922585384496 -300.9960746144801
223 6864.7044978141785 5.2547330798457816e7 -2.4792528045481426 -4.303758320306294 -13.588574551466316 -0.4321126846408134 128.5715315842004 -13.496960895084783 32.47790309752929 -134.57189000208393 -301.71388150821633
224 6893.607422113419 5.262911855357164e7 -3.3592108522557105 -5.246743128104518 -13.193814383018399 -0.26331243364253965 128.79843718367064 -13.450730883133701 33.738425678594126 -134.50690862878287 -300.7944767830494
225 6928.11213684082 6.44323050030031e7 -70.115411620604 -120.42294161767752 168.27810180091 138.69290630096722 346.82585670399544 39.919406076560676 300.2487859905448 -94.24898487806513 -299.8521133689354
226 6962.28929567337 6.434857905027477e7 -70.23622113163944 -120.64983101275112 168.35703827510628 138.7296373336164 346.8295755176115 39.54210463416871 299.5161916840001 -94.60283838356247 -300.6506804677504
227 6993.190524101257 5.542426808462947e7 -13.35547449554593 -24.856094778260164 27.099736543479636 41.60471928272845 195.21669808888643 3.268201825037295 94.2186692693706 -121.9197512240579 -301.2143387934153
228 7022.295857906342 5.2628537441906266e7 -4.30982453570622 -5.2497648982376095 -12.05093825355646 17.816477827837716 155.79241883362027 -13.177321314480537 33.51032443249949 -134.2924595650411 -300.3784087559302
229 7051.54894733429 5.260873555010708e7 -0.44667350615584667 -2.5453350763876195 -14.095130309696636 -0.5964574791001382 128.51485764492105 -12.439137640212778 32.77517206695086 -133.866574210426 -302.0055040726271
230 7080.339648246765 5.258703472834323e7 -2.670302827223882 -4.602153718969575 -13.34225004597949 -0.32253173224695786 128.63008087466395 -13.287248703104979 32.89899239262729 -134.4222663261031 -301.2731864414452
231 7110.39896273613 5.254538809723272e7 -2.5369108619099485 -4.412360129712333 -13.501360288071005 -0.39351657938165374 128.57454416204428 -13.492187908829749 32.4482540423312 -134.5730711510252 -301.66818444486876
232 7139.5283579826355 5.263083162398963e7 -2.587699046937235 -4.697609046173383 -13.351055431462534 -0.3245169677699238 128.57860011602727 -13.035740929511917 33.27695000462154 -134.2330362115519 -300.8483532153383
233 7172.225998878479 8.604738694719043e7 -39.39899792880895 -128.58545884528914 403.98305609662935 156.0822334145988 268.1832484090567 71.15726050701528 255.4295684537608 -32.84259636338504 115.84088835095952
234 7204.710505723953 8.602739534908359e7 -40.01207999265927 -129.05512349777445 404.0634278426458 156.10099960004473 268.2112262907438 70.83838945071511 255.4209619461842 -33.122479163003334 115.79345271778959
235 7235.393227100372 5.5393089785865135e7 -13.363430895150099 -24.924831033876522 27.146708114297425 41.626796035971765 195.22233481734213 3.1496455355155035 93.96687696786 -122.03641280491388 -301.57732625273127
236 7265.548148155212 5.526453687198962e7 -14.831920829636065 -26.23953995111043 25.4146237601364 41.553981231196175 194.89098431375393 1.0597519221277025 91.27615713421801 -123.56047206159303 -300.6052049976155
237 7294.313075304031 5.25924792995473e7 -5.420324495147785 -7.428631249842218 -11.546477535540944 18.047380610354296 156.1339949071613 -13.745833260689778 34.2476918539287 -134.71803358367117 -301.1277506426069
238 7323.201771497726 5.264782547182291e7 -3.164989694884941 -7.173761027322442 -12.38746106659292 0.09448415285243073 128.50185321021718 -12.837758329232486 33.352238123569464 -134.07202076136463 -300.54354749036406
239 7352.116797208786 5.25867704467796e7 -4.883519013629673 -5.243580465693824 -10.84126489578744 0.7128409639074107 128.5277579937694 -12.663214681396425 33.027580262563674 -133.97467079609322 -300.8304918571758
240 7380.999532699585 5.253838581526515e7 -2.5538525512332804 -4.425090255847081 -13.499420277195107 -0.393228085977924 128.57495956766098 -13.50914223278545 32.43598593285151 -134.58832145288585 -301.81069269438683
241 7410.337575912476 5.2583134867812365e7 -2.604656000672083 -4.463264013044089 -13.493599281958701 -0.39236239841984855 128.5762060925951 -13.2875877585725 32.93493494444681 -134.39572500848675 -301.3639282047029
242 7442.646821737289 6.829051841024816e7 -88.21587550663108 -188.92891280011614 235.56932194590178 209.2758664040983 322.27880413485747 2.3881084467780056 200.77453332670984 -107.72550010653748 -137.08196130376672
243 7474.680202960968 6.864136747038017e7 -86.08906120308163 -187.89703129159756 238.81928903492332 209.56765345090508 322.0771629827496 3.5682990514065978 200.88857812132858 -106.2972805352635 -131.9899305335597
244 7503.4460253715515 5.2679270562692866e7 -0.1948248320430217 -2.5123000386082186 -13.66337081605586 -0.38663067179001587 128.68506212260104 -12.040464639327581 33.212735906392254 -133.491692268657 -301.04942864092334
245 7533.003574848175 5.242117790005447e7 -22.111404709984168 -40.48932006075887 -8.415630651448573 0.7534113485983909 130.4546266582563 -33.31019560454541 41.32384233929008 -149.49944690355335 -301.0304668002233
246 7561.902035713196 5.296149669407558e7 -6.736567683118622 -13.536214102642008 0.21469274243836622 33.547021007884936 134.05241039018605 -12.739075676195682 35.29566707178776 -133.6398113763264 -297.599098986086
247 7591.041915655136 5.259793270855549e7 -2.1109032472246056 -4.721592830198427 -13.747558072337817 -0.4883195363066619 128.60561016611555 -13.387124002258474 32.69766749598318 -134.4548010440754 -300.96924518838546
248 7619.775324106216 5.259932922607524e7 -5.22372696685202 -8.651453072375421 -10.959808952132875 18.294045027403527 155.71742365191068 -13.098083401890165 33.729761061087856 -134.28801722460798 -301.0459997715067
249 7648.326617717743 5.253638547568965e7 -2.5688447898569855 -4.43583006761606 -13.499039943510674 -0.3936291190256185 128.5743198937268 -13.475271905857596 32.50702561803473 -134.5879850758804 -301.9182382465835
250 7677.3971128463745 5.260210110490927e7 -6.448079266046804 -7.803322998345076 -9.640626137573634 1.2376858543523923 128.91163739619194 -13.077388063053036 33.822013269938 -134.1960576046746 -300.5874882023087
251 7706.381578922272 5.259183089873259e7 -3.2812080269021706 -4.030853876434183 -13.069027034612475 17.378816029031626 155.63722465624156 -13.158781714150336 33.189849755737896 -134.32076334173155 -301.1012314254531
252 7735.0866096019745 5.261908281828445e7 -2.557433433782162 -4.834127982056013 -13.645350867804062 -0.45979050370222296 128.67748211583162 -13.121755571079973 33.49386923537941 -134.3296471821085 -301.2011119620115
253 7763.8658990859985 5.262974550744371e7 -1.003908869951264 -2.8465080950688773 -14.1214917682614 -0.6571337860839179 128.1702437772707 -12.422202631554455 32.463625253800046 -133.75137118821493 -300.93033416749427
254 7794.271027565002 5.539208229314475e7 -14.75171222695677 -25.694345959096616 27.26790395817161 41.75402385383451 195.13631565805878 2.5621467846780206 93.75134411121076 -122.39311443914062 -300.61879527586734
255 7824.736691236496 5.34313001754239e7 -17.556085985533176 -31.25764524493483 3.7448903347006066 35.14709085769725 184.90773728885358 -18.77274841009239 58.36818799062303 -138.52322694034842 -301.3748208996892
256 7854.490049362183 5.83613479408948e7 -18.673617494561967 -72.242584102879 73.86312135776907 68.54205027709705 163.6906373166076 -3.080190527721868 62.55192392906406 -119.58246281811023 -222.44636697384755
257 7885.484201669693 5.533374044148551e7 -40.92277172729766 -67.85313288975499 46.884260389299804 94.9290289480897 228.91314213043134 -18.796247969336264 100.22754600964402 -138.098071517432 -296.1079593132762
258 7917.1144733428955 6.132635277886211e7 -60.46187026595757 -131.0829985257216 131.08911232601872 147.53514610810396 287.39564536140614 0.5672470113117356 148.29023027953588 -117.13506665374308 -226.34503533735926
259 7948.476359367371 6.13143135055084e7 -60.255072783166455 -130.90192035359078 130.5247032174371 147.40514109212302 287.2361993975847 0.428458157060561 147.80589439034588 -117.24916156241306 -226.20795857519107
260 7977.522060871124 5.260677674343347e7 -0.5261999888795295 -2.9962782981819274 -14.403359686903919 -0.7424940600270844 128.47048055517644 -12.769380219918673 32.50307481841742 -134.06208705650482 -301.48467192476244
261 8007.236431360245 5.2378497533928476e7 -21.212431402939632 -39.860930656389414 -8.691496643913311 0.6637262987097046 130.35718243145885 -33.29311686653432 40.57570138112169 -149.54305172370795 -301.6451158343982
262 8036.184870004654 5.296327977502874e7 -5.4706012446082894 -10.747942076837342 -0.8961129624016948 33.044052141371395 133.85367367972464 -12.385127943286648 35.07697550651176 -133.46864523326803 -297.7674823306681
263 8065.099941730499 5.261234856434193e7 -0.09520120581447244 -2.5830149689869364 -14.770796889774083 -0.9024216968546881 128.2076341097837 -12.582224447740714 32.310778263470866 -133.94060131582063 -301.4924121057547
264 8094.186299562454 5.261887139136009e7 -0.74141523572127 -3.339477155296633 -14.253578322214466 -0.6794871879755959 128.48805094985758 -12.68518945137646 32.86009584554256 -134.04188481777567 -301.70520184743054
265 8123.624200105667 5.8532485704069935e7 -15.949232829974239 -70.54094312415717 73.18660900651956 50.47742584070451 136.54423970361628 -1.9554277653130612 63.36345354968546 -118.59118311413766 -221.37249352117396
266 8152.879503726959 5.262633705969601e7 -0.45242729645832824 -2.8507460506602733 -14.449786775786691 -0.7612381424634975 128.48726904904694 -12.719544432081477 32.5979316393159 -133.9638337060655 -301.24370636948083
267 8181.723135709763 5.2668377785283536e7 -1.1138434452824377 -3.5016255984097784 -14.207109178377891 -0.6588329468008141 128.6586090528449 -12.71170395258656 33.64846488540513 -133.97206961587062 -301.18073951723323
268 8211.83525300026 5.526316004148889e7 -12.695364330685742 -24.735727824877628 24.53947258954019 41.203673142702726 194.76017590973186 1.6555260124350184 90.95628432584056 -123.19407181275704 -301.26880475485086
269 8241.682975053787 5.347276759989725e7 -15.455771212870005 -29.709669045648532 2.705449610610188 34.75092534914269 184.77890236553367 -18.13736153740183 58.3041347656158 -138.0906955506979 -301.60714971029563
270 8271.932100772858 5.5386053922075644e7 -12.555573989199118 -24.48710195092595 26.49235825342557 41.411291293665315 195.10803898330056 3.1245460117933135 93.58102553785955 -122.10272739600305 -301.44327158498606
271 8301.263672828674 5.269244902225117e7 -2.2720606958385154 -6.5772477561955425 -12.379567618288384 0.14324216309567817 128.8570912896667 -12.580866467197154 33.73012018723034 -133.86564168762771 -300.5137546425294
272 8334.482801675797 6.4589346503448166e7 -61.77329796670659 -144.27698830760832 171.93172396186446 189.12954257402978 354.30370427317365 22.739970029992833 212.31245894312008 -100.39897413502109 -226.04779153255413
273 8367.250646829605 6.4564094324349515e7 -61.790337450716216 -144.28855433469323 171.9425530066812 189.13401049659933 354.30513834839144 22.639486833230308 212.0478289228139 -100.51099625880101 -226.2426843008846
274 8396.931746721268 5.2605386305965185e7 -1.0276348897958272 -3.1357789173300645 -14.274927918986684 -0.7059439468601454 128.3770714485006 -12.877368194967687 32.44365153756121 -134.09381821207768 -301.17265643355427
275 8426.094875574112 5.2616036098514006e7 -1.2502438647289758 -3.1615657519831526 -14.228057389881826 -0.6951377044844378 128.3284501539196 -12.817991522415525 32.494632310724114 -134.10288844063723 -300.96276087772753
276 8455.04217672348 5.258537382837903e7 -1.90543902778046 -3.228599606590497 -14.088724193513698 16.949483657984246 155.25685279009807 -13.013346629617445 32.20950407155033 -134.20224493513865 -300.9954501713148
277 8486.231270313263 5.909533887253685e7 -62.07058002534764 -143.78355914357806 109.4897800677775 139.67552718212957 227.27108257478363 -28.835187716342887 98.1369618934799 -138.85863032285636 -221.32805587954198
278 8517.356895446777 5.907849782800354e7 -62.044597983864335 -143.76961719378573 109.45495522749407 139.66401750695067 227.2688748215438 -28.875393406542685 98.07523013334333 -138.9170923407308 -221.57303950137327
279 8546.246107339859 5.2615664782127686e7 -0.59947546832435 -2.7585717315040412 -14.492912135316821 -0.7946747352084316 128.30943034360791 -12.582926073776207 32.64477711567861 -133.93227639056323 -301.4634238066624
280 8574.923135995865 5.261121945922997e7 -0.028742552041872926 -2.6746468470171143 -15.637715339811827 -1.2992310897740822 128.31681735191245 -13.01189829550583 32.684838486078206 -134.24571315713706 -301.6011772027947
281 8603.827737808228 5.264143462323969e7 -2.111241489113432 -5.033059806239101 -13.309522985152341 -0.29563440582097655 128.3856649490817 -12.747031560489177 32.886933007543234 -133.99257965039044 -300.6311892782721
282 8632.7706553936 5.260697360254071e7 -0.3126549784342991 -2.4567240021536723 -14.402361087820637 -0.7431174153615814 128.28115493141124 -12.470140797250338 32.416659993529265 -133.85551349185965 -301.5948315945718
283 8665.843184947968 6.437381508314849e7 -57.996796241077476 -148.5691394966032 164.88133409425546 136.56654439889115 272.0317329078428 11.22503004777775 195.09969611365398 -108.08226560259112 -214.92844270018003
284 8699.151014089584 6.3772929375015914e7 -56.43192852382286 -146.09615248283353 156.56141495275835 135.13510485296962 271.872827053164 9.795884616559931 192.1491362160482 -109.95710871713544 -223.71663678357254
285 8729.441425561905 5.5473503249702565e7 -12.073917382421083 -23.996955299228322 26.356972698669907 41.35594468399596 195.07926338104156 3.530847582986098 93.97457104718205 -121.67697145568917 -300.6164865457634
286 8759.5684735775 5.5280094262213185e7 -11.038617954945448 -23.35365737039262 22.94272101863534 40.50616156202791 194.43221620618672 1.6864321045704287 90.34607767763202 -123.12408681311683 -301.0016108012261
287 8788.588709831238 5.26455041191099e7 -0.7948594626649914 -4.102750366392458 -13.720037076832114 -0.43745252944141555 128.3382724935902 -12.483044637117246 32.434402495919585 -133.76207811440577 -300.97731193151543
288 8817.7367913723 5.2605908144108444e7 -0.8339194513288497 -2.862231540291674 -14.108554783586172 -0.6276984421606926 128.28422971136507 -12.505860704912038 32.375139621774 -133.88545485235932 -301.26698996272125
289 8846.46830534935 5.259247487304232e7 -2.255481983281655 -3.9687830993740523 -13.318852756568184 -0.3213273426792398 128.27713242624634 -12.834060973729379 32.37817585634514 -134.06959512153304 -301.01083824331914
290 8875.799664735794 5.251037110454648e7 -6.317792158600547 -7.145674825263341 -10.985499528219783 18.269025333749326 155.4331156376871 -13.376996192308354 32.611683978971314 -134.43647688496918 -300.952783714537
291 8907.713258981705 5.5825102890346535e7 -48.14035012394491 -89.44471607557726 48.97817722340277 79.00405628583923 251.2634538630351 -23.837633961835138 120.27413825102394 -142.25131388119922 -300.0840045269513
292 8939.887124300003 5.622101288609635e7 -52.640434998604874 -97.54520173517882 64.22882291894392 113.20667359449455 256.6936519665168 -23.181144465078432 122.76141257257132 -141.39127986795648 -295.7428254426951
293 8970.761830329895 5.5435069540879674e7 -12.015899953371964 -23.87934259317636 26.35922897134629 41.3522189371501 195.06108223903348 3.5638212346969453 93.86194281810344 -121.74149511479953 -301.19209239382263
294 9000.012068986893 5.262041361970158e7 -6.289887671654952 -5.913049851734073 -7.796106555399973 30.684425677246907 132.82029179167267 -11.761049396927092 32.001355686404395 -133.1132962991619 -299.3209725724995
295 9028.830254554749 5.261456095190681e7 -4.356360463976117 -7.9382793902919975 -11.263829358901667 18.16683675672435 155.4876649165384 -12.771198910970156 33.160230439184375 -134.01128188415476 -300.7617923079996
296 9058.01910853386 5.26079820631299e7 -3.905554574648381 -5.266243109578293 -12.389587817789945 17.677222645265118 155.56380497952085 -12.980347221782722 33.277399895259805 -134.1556582121683 -300.8141681372033
297 9086.626202344894 5.26065049129075e7 -0.48332587086609635 -2.5528351018501123 -14.333632465018361 -0.7366565397229579 128.02315122713557 -12.276729047353172 32.05308010583701 -133.6644976825421 -301.2485363819812
298 9115.714839696884 5.293593204827229e7 -10.47344122182421 -15.0882374532474 3.525558237207541 52.282325609011 161.2908386150167 -13.047699203849788 35.84629963529892 -133.8757068575598 -296.9104251799082
299 9144.63056564331 5.258965632002684e7 -6.734689149251487 -7.531680530931819 -10.847269759769937 18.33264105495762 156.00713399075568 -13.636229642190017 34.17179762735441 -134.598555820306 -300.6684145588082
300 9174.837829351425 5.235193195658626e7 -25.670311231376225 -42.269909083964016 -5.964727095711773 19.371776871120773 157.73195661164561 -33.73108194428852 41.30841362680576 -149.79308862351058 -300.81835265880284
301 9203.832105636597 5.262849994907033e7 -1.8667890792521398 -2.774818198980098 -12.894018083773211 17.460901514816697 154.85718670652136 -11.832807960294474 31.60990219264147 -133.22469389071256 -300.2244178838862
302 9235.342618465424 5.5394675615335904e7 -15.309114545495724 -26.2778494043249 27.87286287716821 59.62329688020013 222.0889072709908 2.761411052520941 93.63932244374769 -122.18730917215862 -300.3862186769387
303 9264.391531467438 5.857059567274679e7 -22.06168832497508 -74.9426314300626 77.44867170802146 69.6284109331297 164.05529548478415 -2.831858806419575 64.78489925092424 -119.14365467190805 -219.24994781254475
304 9294.028326511383 5.3441195905929424e7 -15.928443862219112 -30.08344870844331 2.6822493582341096 34.78367635152782 184.31774193536498 -18.37750441772465 57.29634949003105 -138.22105051456214 -301.10431262063037
305 9323.737017393112 5.242466033612572e7 -13.907248607479854 -33.92951005911549 -14.999062396294228 15.481671611387142 156.63668269762005 -32.61634057059325 39.53691136397288 -149.0569038633057 -302.3200622202274
306 9352.940877437592 5.255905899730563e7 -6.332070026421864 -7.136580089590481 -10.977506568057215 18.27251905943976 155.45059312546258 -13.240357381006334 32.94382966094349 -134.30210838910597 -300.3746513481246
307 9384.954732656479 6.3410452860396035e7 -45.31104283456831 -123.1189984405973 152.07287084145796 182.33170705332873 301.03791372520016 21.555493179431664 178.2371732728284 -101.37550438042217 -225.9037007315112
308 9416.903882265091 6.3415404649203256e7 -45.30853693528728 -123.1166181253498 152.06648542606717 182.3305409151625 301.03754505238004 21.55813597159738 178.23954197878197 -101.36105684197776 -225.82360328105977
309 9447.036667108536 5.5417466494925514e7 -12.071503307798128 -24.02011226293751 26.331734540371308 41.35724054705439 195.02804445402802 3.3743601495342546 93.5076595112339 -121.86869026296137 -301.2650294796392
310 9476.323365926743 5.854182200054662e7 -18.310592917826362 -71.9554529907416 75.01393140895914 68.6376453628916 163.51658307100703 -2.4460406851588914 62.88083671782374 -118.80345145154274 -219.65696066464858
311 9506.358501911163 5.2417024291245416e7 -22.272136504187355 -39.726069496550416 -7.9756475967162 0.922831312665835 130.130816650192 -32.96275518638379 40.54547866599205 -149.16666609629482 -300.49860453996797
312 9535.535270929337 5.260838313870926e7 -1.7915994336072103 -3.6725817675742363 -13.401523088330855 -0.3437390869823247 128.21462755735664 -12.488186368817026 32.492064721620636 -133.83689859988175 -301.08983252705775
313 9564.611149311066 5.2609886825580776e7 -3.9108032391056327 -6.467687079815719 -12.248974630449048 17.746338656927506 155.54069607756716 -12.896645511754627 33.37614914929043 -134.13308374748073 -300.9712569348676
314 9593.35380935669 5.259822960891107e7 -5.562245226601053 -6.078182117700988 -10.137376727142772 1.0041274060547636 128.46963520118996 -12.549140028052761 33.06611014810221 -133.8147096550211 -300.4483323158039
315 9624.077867746353 5.517680068886973e7 -15.860035902718153 -26.553588780326912 25.832141127788773 59.32218001574604 221.8908796999256 0.853670552776407 90.920985488925 -123.71749728091709 -301.3413030378447
316 9653.918771982193 5.344076195157858e7 -17.40173320139513 -31.180558830935045 3.6673132090628187 35.170575925721295 184.52270964254402 -18.520679856683387 57.84867943004167 -138.300301326796 -301.01332287380353
317 9682.934711694717 5.258521120981974e7 -3.9243393856862276 -5.612349686905882 -12.673431376320458 17.556448422409744 155.7664736937672 -13.447306563425514 33.36558325028 -134.50363383391465 -301.2236771546633
318 9712.14715886116 5.262501955319881e7 -1.1463427946488274 -3.2427826605549246 -13.550242631961758 -0.39169497973860246 128.10363394688636 -12.25538941060995 32.158497641593044 -133.63046459540243 -300.83663340149053
319 9742.444935798645 5.5339888173064746e7 -14.928168867417455 -25.854751882541187 27.483300623582096 59.45048294178744 222.05745209759183 2.606823465867592 93.22866628151382 -122.43042015059694 -301.1183577914532
320 9772.840083122253 5.534737149142549e7 -10.967677806594615 -23.849159351265698 25.40496709041154 41.641001066222174 194.55195393283384 3.058610883827214 90.38563861401519 -122.03950225565995 -300.73443130514204
321 9804.137144565582 5.561503940123504e7 -32.906756234251176 -62.95629679985188 39.52905375013807 91.47266259364254 229.84780602962545 -16.06978635743519 106.1750430564407 -136.3704182285951 -299.3270433074287
322 9835.705598831177 5.553486781720022e7 -40.84812827811008 -69.23134121205992 41.87322738064952 92.43637914109516 231.31798710247068 -18.558853188491696 109.80637416275954 -138.24092341110457 -299.63794571222786
323 9864.947774648666 5.261281605926579e7 -1.2893998743562882 -3.0875417370801665 -14.021344219187448 -0.620251912110632 128.0238119357732 -12.538749206765715 32.02946832611519 -133.77045509497697 -300.883011759703
324 9894.395751476288 5.858506005251112e7 -16.91049418857912 -70.78130889709752 74.29933970109877 50.7082523568813 136.12559736548937 -1.6958556683686652 62.998921894406635 -118.28139818391458 -219.58686326351983
325 9923.29923915863 5.262182798136242e7 -1.2565142904281537 -3.063329501930377 -14.032692351290585 -0.6245128422648918 128.02007867848747 -12.565836246867207 31.975734218736307 -133.7820031428393 -300.670970652325
326 9952.58666920662 5.261660574373404e7 -1.8733373919748217 -4.04415070847656 -13.57580997837043 -0.43050645309685365 128.0825369869716 -12.562336797291493 32.39481686260285 -133.8607854955922 -300.8434722296071
327 9981.797563314438 5.2940454348136745e7 -7.170818639828436 -12.441553516375858 0.887932480347402 51.28603241646461 160.68119145398975 -12.504984872742455 34.35194549216044 -133.4663244876017 -296.90020248047244
328 10012.124777317047 5.352313584228457e7 -42.05480213201361 -74.97281115681443 22.917411033414282 87.91630420880747 218.54252956301553 -38.64162591624773 67.01225336145728 -153.1622779015409 -297.3225191939997
329 10041.711621522903 5.239835586473425e7 -20.384254778743426 -38.1835302403959 -9.066907796407378 0.4759467041815384 129.7359477234346 -32.578184869508334 39.65399436538485 -148.91886936527658 -301.0318787885629
330 10070.720815896988 5.255865752692978e7 -1.5909861129156262 -3.320420306338999 -13.916375957677765 17.024813187991754 155.11874576600357 -12.774678337107673 31.9171744837264 -134.06894696226522 -301.4313729930386
331 10099.837596416473 5.262356663972777e7 -1.4148194086093433 -3.231214008646705 -13.960505373546006 -0.594472083484817 128.03940179973668 -12.545562911841273 32.169324559471306 -133.78165319822875 -300.69136187244806
332 10128.819655656815 5.256028979097928e7 -2.662946654217169 -4.1282977962199405 -13.970627019851392 17.007115879877276 155.18015630938055 -13.203880586074774 32.21716601307037 -134.29633609600495 -301.2124119720272
333 10159.279543161392 5.522032610445067e7 -13.319118642621461 -24.67370190340864 24.79523335084155 41.28786685329386 194.2873665728886 1.570634870457468 89.73613853047652 -123.12154240655957 -300.8346456899643
334 10189.66870379448 5.5306937873520486e7 -13.516175297702024 -24.81995042656313 26.254953819447728 41.46221399778338 194.55531329487619 2.5499536390252615 91.92083637339715 -122.43400471302056 -301.2294337538871
335 10219.447155714035 6.0016716829914965e7 -40.39817041980268 -104.78170525819135 106.61784572987014 119.67737446497463 199.10061172258068 -5.332568351735915 94.40461745541995 -120.28693268410319 -211.5778454557963
336 10249.446073770523 6.004268272280943e7 -40.46278360817187 -104.87621303443126 106.8237863622395 119.7335972593638 199.15778886727452 -5.137684739156327 94.81171549415137 -120.101544511702 -211.48828943091155
337 10277.87977051735 5.2626478413762026e7 -0.13361821023650577 -2.5490783333309137 -14.475421041619434 -0.7782369121294437 128.16598324459198 -12.388333389145487 32.14711697679604 -133.7578142277717 -301.15734049757623
338 10307.80111670494 5.85969527090995e7 -17.047685446608686 -70.81287388572663 74.57424674375586 50.82715255020919 136.11497452911865 -1.6705841861941053 62.904906660336565 -118.22831325983026 -219.52009545240634
339 10338.821110725403 5.4977053236704566e7 -34.02977265914833 -60.75321747983502 31.170894648362093 42.98070574715955 196.11458101508964 -18.544296320753745 97.49549718600008 -138.33858117273337 -301.1540285333932
340 10367.35401892662 5.256242463004952e7 -1.0672836237161185 -3.0157206371342866 -14.398722937218182 -0.7833567990102352 128.03355413566328 -12.931882874431551 31.507376800612406 -134.18478190361827 -301.2266852731493
341 10396.70378613472 5.260137001755002e7 -0.3878889337056677 -2.786379525168716 -15.510202152469674 16.349086586121643 155.14040082660352 -13.105986483843367 32.05191048643678 -134.30759137710248 -301.02166607115987
342 10428.067524909973 5.652483161950515e7 -39.383792571183136 -64.3641445250949 65.35748708916405 142.72262794020654 260.9666287923628 -2.4504978733478993 119.10137550451623 -125.59945419787175 -294.4443181297912
343 10459.142935276031 5.652060282680938e7 -37.84329171460607 -63.42272106797316 65.27794036287865 142.73780566847972 260.8917641571424 -1.9831315659853885 118.34571813168918 -125.28110467726981 -294.69311659467314
344 10489.566628217697 5.532511110254186e7 -13.20376924749469 -24.64694243028806 26.222734422181013 41.440347107776304 194.60242396668355 2.7924268834005943 92.21712334423216 -122.32473119389107 -301.28151578450667
345 10519.149092197418 5.8595629871614784e7 -16.661154011341456 -70.69179969991414 73.94181056838428 50.54624721853138 136.13440233217122 -1.9490428416473833 62.86546472670068 -118.4835535717981 -219.3626601540227
346 10548.617395162582 5.29019466722585e7 -5.112336214181724 -11.012555261027826 -1.059374011890597 50.57429109441067 160.43852633908963 -12.378845028444005 33.73224242117931 -133.4765686427997 -297.9206977334205
347 10577.59100985527 5.26040663981716e7 -2.2048497122466593 -4.286273197231495 -14.135377289363866 16.933146398334756 155.46915298609898 -13.317420242314768 32.864917416194544 -134.40403062782747 -300.9444831016929
348 10606.762919664383 5.257070238773506e7 -2.2714761335518396 -3.348956450845031 -13.3073106636623 -0.32297361161408844 128.1852256956797 -12.82081071594348 32.016087199514686 -134.08680563683322 -301.17862187101775
349 10636.07425403595 5.2623958037867025e7 -1.7857387344926963 -3.619454448516014 -13.664101532809376 -0.46938783244041815 128.07968564457292 -12.607818551454898 32.225608307605626 -133.86082835455255 -300.63110908150134
350 10664.816816329956 5.257039392548345e7 -1.0596138398876462 -3.000456338541161 -14.407092156051398 -0.7870694567360772 128.0310265290608 -12.935117114999912 31.498526118742006 -134.17655907013705 -301.0418988333919
351 10694.152626514435 5.257505400806699e7 -1.081968472499188 -3.0452638122901616 -14.382761763645313 -0.7762854406508666 128.03809361675843 -12.911515264281547 31.549810588050036 -134.12855444172084 -301.0278936832667
352 10723.11901140213 5.2599543503814965e7 -3.2233755394665167 -4.720732875739031 -12.439175476491265 0.046819291937310936 128.2666120342379 -12.672013040141223 32.53242895260655 -133.89692313542122 -300.7630827118353
353 10754.266629457474 5.52175023272555e7 -16.40580920685193 -26.42491040790138 27.408384001451992 59.977364481521775 221.4853489119551 1.7130052122014376 90.4575509940363 -123.03470181170366 -300.3741950805178
354 10784.07766008377 5.345049878832664e7 -16.333516475955644 -30.300818960713 2.5788164744673097 34.70464985438372 184.28640585422434 -18.515834247085536 57.51006551553837 -138.30541770880643 -300.88216500026306
355 10814.691233873367 5.520600201005503e7 -11.917608625547398 -24.292906052079804 23.329037500477412 58.27140697215182 221.21913034247598 1.6054817220991708 89.93076180807122 -123.26915101129265 -301.7401065864649
356 10844.642317056656 5.241282069238591e7 -21.453489393494785 -39.11270938314985 -8.65771198716127 0.6328816380821252 129.92615439947585 -32.83293289822069 40.3055848821798 -149.10633716769507 -300.8422266931909
357 10875.21378159523 5.528922162330591e7 -13.569149817661568 -24.9999933099666 26.24385408216714 41.45463540717077 194.592059745813 2.3454200532038953 91.6106202082666 -122.59533410768876 -301.1625128818023
358 10903.986295938492 5.2600076341134414e7 -0.3555612270430544 -2.769247118285964 -15.542906378308999 16.335115162803504 155.14044793090792 -13.122379141234148 32.03655082287969 -134.3444813164936 -301.01945459858496
359 10938.133928060532 6.5031261099080116e7 -83.27406048339913 -187.90354571929387 191.40609033581973 223.1607178572325 360.362709363909 1.4087506739668356 218.79257370901485 -115.4221059179298 -214.38100435014155
360 10972.002361297607 6.5157668265567295e7 -86.78722823359843 -189.72633434859634 198.84403251061624 208.08007796165697 333.59509060869823 2.740574665071449 219.9548105359147 -114.26484261946223 -212.14649970607599
361 11001.238572835922 5.258829868704776e7 -0.3239853592103259 -2.4100455409338757 -14.558662754351758 -0.833191645265984 128.0079154009418 -12.400993805974736 31.863494332686855 -133.8130160703813 -301.455743025599
362 11031.333290576935 5.238438501015817e7 -20.71871204646994 -38.57636944462223 -9.339727536490294 0.3447125797313788 129.88047272287926 -32.965224290115486 40.000120801731555 -149.24799526720778 -301.24525581803766
363 11060.360132694244 5.263142872819066e7 -1.5627509438139775 -3.5841880385824725 -13.964699619351329 17.00721042676024 155.11377962448756 -12.590331021756981 32.322258832530906 -133.83014787738028 -300.60448517874767
364 11089.515229225159 5.256906600644329e7 -0.841515180918126 -2.8897669428762036 -14.575470597041296 -0.8561478464327479 128.03186853612655 -12.701104747149145 31.97875288204034 -134.0499323403667 -301.539995403261
365 11118.54787826538 5.2619990619735636e7 -0.9715215897826113 -2.7094062425036425 -13.68758870065124 -0.4588739200464005 127.97829248535422 -12.18582051247796 31.828890818680634 -133.557944886673 -300.7869894611056
366 11147.39614367485 5.258732399139427e7 -0.9216133827654254 -2.9342236020049803 -14.512694569917493 -0.8302957983404013 128.0322800398682 -12.697748451743394 31.9858417093659 -133.97646550299004 -301.2616221045614
367 11176.561095237732 5.258251397968295e7 -1.5917662843057485 -3.32048978610887 -13.985300798809511 16.996335251818877 155.11767248180578 -12.760887533739663 31.917667836175497 -133.99696093140102 -301.03279889270283
368 11205.304285526276 5.259598399543233e7 -1.4199693799103947 -3.303661300109579 -14.113626418442003 16.943865984422104 155.20603369641927 -12.830213103262736 32.04087124917146 -134.05608215840743 -300.99367931909376
369 11234.984069347382 5.8538897736386806e7 -16.880358319242458 -70.81211407573392 74.08243823327273 68.21982728479438 163.1974578407471 -2.046025399116502 62.605531030111706 -118.58734611105211 -220.0631088964359
370 11263.752889156342 5.293918525374218e7 -7.593636057891711 -12.393851682499463 1.8324811648652144 51.5958529004035 160.55994468111732 -12.262787486403454 34.112279133951574 -133.26426688604647 -296.59038921280046
371 11294.156555175781 5.520071774246839e7 -13.323105889172975 -24.74472507738069 24.566202677464673 58.790141301587525 221.3732883015055 1.5171640100317063 90.0059383162478 -123.26067841722255 -301.3489676376556
372 11324.54980301857 5.534514511005784e7 -12.760791872856796 -24.427849086426942 25.4854815640861 41.14488393836238 194.54055458793604 2.5588033850397096 92.01409116865261 -122.42526702926853 -300.74174852006786
373 11354.35473060608 5.344979790497989e7 -15.577729024947786 -29.853382952986305 2.056063443416903 34.48158974104798 184.29483915619628 -18.6283967441276 57.163559126644714 -138.41492120152304 -300.75590962600427
374 11386.84362578392 6.4448945659782045e7 -50.8045808414535 -125.636633383439 175.46893873111983 188.5491574889394 302.1310942796384 28.81128422674601 185.39849759218953 -94.64718286070058 -212.90314940977407
375 11419.023433208466 6.410948601658497e7 -46.51969334683708 -117.78223181412895 160.55244274703722 154.4448069086298 296.691259709588 28.322084274396275 183.47104931073693 -95.3292293260522 -216.64130468194037
376 11448.09879732132 5.2598480406075686e7 -0.8094766171112155 -2.751701261039237 -14.148370271208378 -0.6607135788343044 128.02785840699372 -12.472056056450981 31.822219906202918 -133.82214492801216 -300.9974578073179
377 11477.510387420654 5.858224483726905e7 -16.6321532263041 -70.66259377766644 73.90385375656186 50.53563855904399 136.1251639951505 -1.975979727561878 62.74158496214511 -118.48472256816376 -219.5456535567011
378 11506.719602584839 5.259825479890558e7 -0.7506141514645606 -2.6927575289778787 -14.526506088156474 -0.8376728418413535 127.95034772720663 -12.569411742300929 31.824384437708545 -133.87946573411904 -301.0939147280295
379 11535.638418674469 5.260534717876194e7 -1.0899817289084908 -3.0356200861234326 -14.384704003524888 -0.7775848271000143 128.04008144447388 -12.712883252057225 32.01261161486582 -134.00156397671265 -300.7860777952153
380 11564.538088798523 5.260737298104831e7 -1.007081236552125 -2.9622818562883255 -14.439365968873005 -0.8004051235326273 128.01399285684465 -12.64023993749339 32.07201967990841 -133.9344931588356 -301.0594426636966
381 11594.123593091965 5.257973079120557e7 -1.0375198268070989 -2.990402710832875 -14.418134472121942 -0.7913774580070054 128.02557969226186 -12.659739743313821 32.103043562825974 -133.98575924049283 -301.4802889730237
382 11623.2339220047 5.258524694470662e7 -1.144240542470527 -3.197555669830951 -14.315951144186428 -0.7471603098419877 128.0381054150026 -12.763047199135997 31.865976688586215 -134.03605436893406 -301.14695342137156
383 11652.448976039886 5.258765072126651e7 -0.33818276028067373 -2.551259043046975 -15.053035149631626 -1.0607607952973979 127.9921648492404 -12.724128246709029 31.900532663334616 -134.01295241258566 -301.2472969354311
384 11681.413403272629 5.26147495176191e7 -0.7176930016215337 -2.749070098916439 -14.444750962012336 -0.792428065310645 128.01808236907834 -12.391506936506573 32.22160852497075 -133.76840733388144 -301.0573958868067
385 11710.369869232178 5.2922959234887645e7 -5.921681505599409 -11.616559552812888 -0.06403822125860614 50.940540941858686 160.53261113115335 -12.312051427841084 33.96288439621753 -133.32892913969403 -297.54087960470997
386 11741.121069192886 5.530636575544503e7 -13.204581006156943 -24.683266111813076 25.8428166683117 41.28858112035853 194.5547197237244 2.6052586575671057 92.1666954223906 -122.53378607828512 -301.491232125809
387 11771.370332717896 5.34186621182483e7 -16.333131151630234 -30.316953800996206 2.586068908478218 34.7079635367664 184.28737258359325 -18.674595402202556 57.20708751080849 -138.51746334506834 -301.2052030376529
388 11801.832207679749 5.50832978815831e7 -3.545894542718454 -7.5227210815923815 11.773203606625096 35.0428761818453 193.35967511706704 1.6980181837184318 87.9762212752953 -122.90092175624955 -299.4757786360999
389 11831.443636417389 5.271908158258419e7 -26.263331917170714 -47.6019324916682 5.3891695157896535 52.23297098805615 162.52248312284607 -32.69356521421594 42.37603887497323 -148.63827852804616 -297.58456938186737
390 11863.395982503891 5.628372300505234e7 -58.49882675767833 -99.67572468544274 67.96700874751033 131.6926295416361 285.5708231143579 -23.256946643790343 128.5723092439565 -141.4472847922952 -296.2572009660407
391 11895.424291849136 5.6271014740482286e7 -59.80761144884099 -100.57498261203848 68.03573220638603 131.7408128116886 285.64671940279936 -23.78441544908668 128.56376750154686 -141.82241242569995 -295.7546280819719
392 11924.260618686676 5.2588170885686606e7 -0.7963420383379969 -2.675443695581057 -14.280962607966522 -0.7251395572344137 127.96734814242512 -12.465898730189167 31.752888000996677 -133.81275419827136 -301.2454880285801
393 11953.708382844925 5.257836282990422e7 -0.8635251111310325 -2.6188412608883365 -14.060642009780324 -0.6299604522802724 127.93602759817202 -12.474629617692244 31.458408291431283 -133.79112934767147 -301.1724171649412
394 11983.395563840866 5.260019031646251e7 -1.039616970205362 -2.4304844996943293 -13.406486094776199 -0.34914474191090505 127.84067226901459 -12.028423791109844 31.465174139126816 -133.4388993099215 -300.85725942611305
395 12013.74464559555 5.563511978563111e7 -25.30541601595911 -38.55090728558522 46.09657751287004 95.16968850164808 227.85440247778342 1.786609752202196 95.94898959330817 -122.63168188998418 -296.14741708531164
396 12044.792062282562 5.564822824284393e7 -25.314182314566636 -38.569923234095334 46.106956255389825 95.1738589254381 227.85571620999858 1.7647201818177223 95.95377962430507 -122.57180034923891 -295.9764824824316
397 12073.79249382019 5.26166848015698e7 -0.9856651238486727 -2.6775610754832977 -13.970266752944013 -0.5939460410719875 127.92373134886917 -12.243661883071184 31.938492326010532 -133.60939309215036 -300.859396890729
398 12103.152023077011 5.298552519038454e7 -5.759827517600165 -10.755727695735573 1.3084084311058888 33.78863502868542 133.26220973674484 -11.483491429913045 33.71173458058456 -132.60811840377932 -296.50522734384424
399 12131.890860795975 5.2600306189954065e7 -1.0686568538079868 -2.4572419032025143 -13.394235794922274 -0.34448259837105866 127.84390398126556 -11.996745626309234 31.568841503325643 -133.40559090907283 -300.9550214198198
400 12160.902794599533 5.259933212246068e7 -1.0425698281328124 -2.433311267991172 -13.405685577661323 -0.34887342656983833 127.84085143013667 -12.015160963990809 31.494225549844373 -133.40871157963363 -300.8848751397235
401 12189.907587528229 5.258131435952764e7 -1.0809154942461419 -2.4682970357030305 -13.39432752670806 -0.3451434045668691 127.84098001641567 -12.096226728174486 31.321871202489092 -133.56726919634377 -301.0231227860946
402 12219.546684265137 5.2590787345977545e7 -1.2046610522687295 -2.581602400059107 -13.35784943176769 -0.33314106087203754 127.84190161822887 -12.04061543720394 31.539687547957556 -133.48340382164594 -301.0250283122556
403 12252.12892985344 6.460787216217168e7 -49.56838010896019 -126.65003542368285 160.68870358144093 165.38165256646727 324.3865852239406 22.56533116285982 204.2555041568188 -99.86512969399917 -218.2879927976025
404 12284.821639537811 6.460675739818062e7 -49.5681402465118 -126.6498647735116 160.68856782793202 165.38161383032747 324.38650869862 22.562307056003988 204.253410760914 -99.86516040628374 -218.3168409601288
405 12314.207497358322 5.2965864125564754e7 -5.828795305923968 -10.853579448302877 1.4216571116259402 33.83279069911012 133.27281624841075 -11.539574363743611 33.591043331008905 -132.67885083614493 -296.7048983519137
406 12343.57011127472 5.262456463734748e7 -0.762180810139018 -2.2580820947829094 -13.71363381933054 -0.47951660883887826 127.8275970401328 -11.94699414178217 31.64719550036068 -133.37993405908065 -300.68843371467875
407 12372.375021219254 5.257849969080316e7 -0.9405918080370554 -2.315931897321347 -13.44166405531724 -0.36552426976471963 127.80120714362705 -12.038032361590126 31.221642127513633 -133.48772635380243 -301.04658746186647
408 12402.116915225983 5.259859883051172e7 -0.5145751608008453 -1.8537009899274803 -13.584644657785049 -0.4271194532253162 127.68120348437893 -11.78863790813648 31.10394728641927 -133.23886892571124 -300.8042708041071
409 12431.647998332977 5.2984202087262936e7 -5.181485309227774 -10.201291010382054 1.168520821279138 33.725694853281226 133.10880015495087 -11.18340305781311 33.474039251186014 -132.41335402310904 -296.59726206219347
410 12460.688358783722 5.257367544538025e7 -0.4727471369781959 -1.7352089174610832 -13.630472107938346 -0.450922488013191 127.64713562551204 -11.927006858230186 30.646211002889117 -133.3668593403388 -301.0120777620631
411 12490.07020521164 5.258135676480307e7 -0.339167753365448 -1.3716415580690864 -13.769223424237886 -0.5229545320824229 127.54400335217339 -11.712686749630905 30.73360764748486 -133.19344478318624 -300.9659618139408
412 12520.034930467606 5.341649381203011e7 -15.808981115548875 -29.556791483267723 3.9701596202522325 35.49561201214041 183.2829500808672 -17.85602922284312 54.43161848703676 -137.76666831270853 -299.8974630964289
413 12549.803625583649 5.3358470587368466e7 -16.231556514183595 -30.04629639163002 4.380352176327079 35.66709804695958 183.31979295889775 -18.057229443387882 54.10963602911613 -137.92334568063734 -300.49394260235215
414 12579.234573364258 5.26103336302141e7 -0.16502187536255875 -1.1820767963721872 -13.901549397957943 -0.5792590741970827 127.4854998807451 -11.677434910302225 30.624493913007086 -133.11576043025246 -300.4421604184629
415 12608.602358341217 5.258507083927899e7 -0.34024511654031997 -1.3734672238515921 -13.768915281617012 -0.5228521138010507 127.5436527851106 -11.708807977711217 30.737236866798412 -133.18683654355164 -300.9146178490297
416 12637.761643648148 5.258991780553408e7 -0.3829752979430303 -1.5426847512945772 -13.695237353379135 -0.48886487411348867 127.56194379414707 -11.758663256500824 30.742230645389213 -133.21160035670886 -300.85212107098005
417 12667.442182540894 5.261645683876694e7 -0.6762976037051978 -1.579513385459685 -13.450040596970922 -0.38955582745482786 127.56686578049924 -11.6912775056133 30.923668380565346 -133.09840009330588 -300.3493453081313
418 12696.900460004807 5.2962690042623974e7 -4.919876166823375 -9.600567685036603 0.949129899271874 33.61172305977276 132.99104391902873 -11.147875426972405 33.14046572204836 -132.40412770750078 -296.65431304014476
419 12726.131271839142 5.2589963674116805e7 -0.32691631956458167 -1.3778586690360868 -13.769149248059797 -0.5224168126743791 127.53878913424218 -11.779642985917064 30.643926704448404 -133.217851296358 -300.717718176508
420 12755.594055891037 5.849182288032997e7 -15.968343333298172 -69.22186058555825 74.06544055020564 50.766824387210846 135.6368148304578 -1.272818079357478 60.95606967653737 -117.98135912946111 -220.27065724695314
421 12785.353302240372 5.337431709353649e7 -16.220465662714414 -29.75163892708007 2.7027825887571737 34.87804327549321 183.63724160160407 -18.688092399703407 55.42964516898837 -138.44383885696345 -300.827579369521
422 12815.818324565887 5.523953801859343e7 -12.458117052996176 -23.033589344250306 25.05676453652162 41.3949095659427 193.81392435037893 2.6020731763512686 88.96074965693765 -122.33755780356756 -300.5885517535336
423 12846.867181301117 5.571311060118692e7 -16.978345203085517 -31.171840786663193 41.26816258191425 75.68144011863691 199.5188135891603 4.325348552052958 93.42618649493693 -120.72145088122721 -296.64303646368813
424 12876.711294651031 5.2405867036226794e7 -20.167361664548526 -37.074966770514855 -8.635497909486617 0.6352269270499278 129.43841770463473 -31.928252048797788 39.075418066814336 -148.42755484093323 -300.5767050995893
425 12908.257210969925 5.606218079975641e7 -31.17336705610342 -54.04302425957009 45.00436821433203 95.49564462731166 277.0614477347376 -3.8244829135292093 114.95987639650184 -127.15814772767834 -300.0601902526355
426 12939.956156492233 5.587030522861693e7 -23.661097286351175 -39.120087665477044 32.05333347890351 89.40755871117278 276.4863313042757 -4.098433722603147 113.86701786557194 -127.3321270885595 -299.72325844391776
427 12970.44065117836 5.534385725202171e7 -12.690598911982114 -23.862985652627557 26.063613122142698 41.38257296717764 194.32987864046552 3.0943059323921034 91.59071247794861 -122.02597827663959 -300.7496766171276
428 12999.968285799026 5.25641097874431e7 -1.102642336080713 -2.1806866616890446 -13.444340030506126 -0.3814369065726879 127.77309791342317 -12.094890223733216 31.140373934021795 -133.52718191062922 -301.26947868647324
429 13029.040640115738 5.2580366479128696e7 -0.11389214716058405 -1.159321664055704 -13.841457794712262 -0.5520276851094081 127.507319694379 -11.603842513280256 30.755908656005545 -133.0737244605495 -301.29004258712575
430 13059.742018461227 5.3752548858025596e7 -22.395361228851964 -38.75521192064868 15.837575009866903 85.90092148916759 216.9527725059794 -18.974583258951668 60.13177234248849 -138.36279080389892 -297.3241453790969
431 13089.352729797363 5.3752875293934755e7 -22.515632465439946 -38.82324081954414 15.89280745025804 85.92274198994876 216.99058209154447 -18.83384566987513 60.56424236630687 -138.2337128389841 -297.5328668708688
432 13118.433628559113 5.25992159973092e7 -0.158948389627259 -0.8040091115029373 -13.161019793575122 -0.26732681842949546 127.33263407910991 -11.117569648892072 30.339424837719775 -132.70714457210897 -300.6202208636919
433 13147.469919681549 5.259718180713155e7 -0.31058165779803915 -0.960752118815412 -13.092531763148955 -0.23713759845777815 127.38191249277548 -11.199523721018693 30.416161036212543 -132.79911710571412 -300.6269355607286
434 13177.141273975372 5.258783664596928e7 -1.4203614139497276 -1.8498703431217445 -12.876496659244715 17.449705086538145 154.57455212941048 -11.613186409601099 30.805726285740775 -133.0864271091325 -300.5829388801727
435 13206.444280862808 5.263044879032466e7 -0.48907406355856153 -1.0139040948199085 -12.842328580396867 -0.13512202574241883 127.35404107977216 -11.077541222072114 30.454537448286146 -132.59916408197086 -300.0608137503925
436 13236.419589996338 5.338071193256154e7 -16.081995699466418 -29.483482641163015 2.8717010498274504 35.01367417480678 183.23206774536496 -18.426685333854437 54.6878324370233 -138.19841466928375 -300.2241628618144
437 13265.77372932434 5.2589707488047116e7 -0.44643314669350787 -1.1038065536699557 -13.024991975517267 -0.20674232101893608 127.43510965992265 -11.179906814389483 30.66070486231206 -132.77141137345683 -300.9031599978112
438 13294.640320062637 5.256594440055505e7 -1.9696057648881329 -2.6401040767469057 -12.527659799387834 -0.003083750689313547 127.71769491534165 -11.912294680486355 31.23084462010911 -133.37741857363682 -301.0599475145715
439 13324.096202135086 5.8509595611368224e7 -15.640106738982482 -68.51346164777328 74.56615770197479 50.98943364538353 135.37521794577145 -0.5710564255762165 60.545152165619925 -117.47064851081217 -220.14963962955449
440 13354.969295978546 5.530937202406766e7 -12.106591930574432 -22.271839666537947 27.043925764548028 41.77172445619085 193.80470365796458 4.215356884262974 90.25203871818496 -121.26404013663887 -300.77995609747086
441 13386.032436847687 5.524794884990822e7 -12.78479075646549 -23.13202068940176 25.9719162511402 41.791773212793345 193.77084670835438 3.0213144925696724 88.85906221944856 -122.04635234167165 -300.3604768615555
442 13418.101676940918 6.2271927705555126e7 -29.25835565826573 -98.9646408274676 120.01355016533603 122.10160470809251 257.56856420690735 10.490345238853138 146.11002356121094 -108.75858076769879 -216.36741664462141
443 13449.843408823013 6.225145290919179e7 -29.1920363072383 -98.91613586058139 119.99716795117999 122.09276661817839 257.56772610664535 10.473036488320304 146.04163973918935 -108.79852850635069 -216.6914739718033
444 13478.970692634583 5.2581844637667544e7 -0.37018468502959223 -1.435894174929846 -13.79668202463904 -0.5327079394979535 127.59020309396612 -11.689145443061648 30.990478009384333 -133.23179393541386 -301.1080890046962
445 13508.34297323227 5.2608708993818045e7 -0.7210812314786317 -1.2317573184137363 -12.767679522859765 -0.10501629157944592 127.40097238671626 -11.055677525446868 30.772025548410625 -132.64814698801905 -300.70901297345944
446 13538.058479309082 5.844838747965522e7 -15.404354577658907 -68.28376153115737 74.57193005561544 50.99638265412901 135.33124007239138 -0.6067728269184158 60.017244351943646 -117.57593464212067 -220.81866909657248
447 13567.797011137009 5.262040670830659e7 -0.16254041934127628 -0.807012184854897 -13.165404648639047 -0.26939901638107244 127.33331279997408 -11.061923258158401 30.5056599855144 -132.64918018242383 -300.3854997184161
448 13596.73709988594 5.260070374074188e7 -0.16025484812918123 -0.8051355731855256 -13.163310671529544 -0.2683922496089366 127.33292407199505 -11.118373034085778 30.353443618935557 -132.70884497388016 -300.58960950837775
449 13625.848918437958 5.261469642374159e7 -0.2417967853845866 -0.9921496203099514 -13.081164807449674 -0.2324730069656482 127.33878718328695 -11.07617048408008 30.557818577277203 -132.66435993248024 -300.4900999825409
450 13655.10427069664 5.298361982804563e7 -4.941853392547138 -9.200978588193145 1.9382872622905367 33.92652260154516 132.80966622430938 -10.610871684523886 32.81616193339005 -131.98944314510283 -296.33698258613833
451 13685.506495952606 5.333159099430474e7 -16.282992920026516 -29.629158790907837 3.0854567525353573 35.09055737043198 183.35748569684998 -18.622381075354042 54.49011984658296 -138.41508725064386 -301.01532258080783
452 13714.397472143173 5.257340226581522e7 -1.832640263153742 -2.5146841808573344 -12.497632222993204 0.01628660177077279 127.75625188354469 -11.918944523170012 31.035263298892005 -133.3440492239095 -300.79290715413265
453 13743.255365371704 5.2589476526820205e7 -0.3528535185103614 -1.0020197150619996 -13.002846751085116 -0.1986330729160244 127.43964530441905 -11.169839897454722 30.570897927811984 -132.81357648375666 -300.76438171831023
454 13773.548087120056 5.525761343943823e7 -12.277442743177524 -22.467027157892357 25.651978347246548 41.64948425749489 193.59964752874265 3.204018313670531 88.52464568791822 -121.91751191750666 -300.1622717018939
455 13803.402411460876 5.2800838815760635e7 -24.41822805653203 -44.465763799118584 7.312234073096029 35.17439234187525 134.53219079907618 -30.56608143217767 40.61717251383345 -146.98150204488093 -295.858523078491
456 13834.984916210175 5.5500190561744824e7 -36.475591735322176 -66.04035944936464 47.5657803164303 77.22698318475224 201.0414146894426 -15.418143526315589 100.29679076850152 -135.56966598839404 -296.1235311231825
457 13868.022548437119 6.413679418278505e7 -71.9031248080567 -162.54812390355622 179.5403162428869 189.7658040744193 304.1755149730737 7.448450577550545 193.23929166892356 -110.88446067908478 -213.8303104467176
458 13900.96542930603 6.414365149809409e7 -71.88312306604077 -162.53378542185473 179.51932229889331 189.75957135800707 304.1646022838774 7.557818364680941 193.50554892231412 -110.86259408714494 -214.05827829853513
459 13929.736187458038 5.262679962764565e7 -0.3805869030308031 -1.0083733049851853 -12.959517992638041 -0.18058079752910317 127.38830825212638 -11.030723569979727 30.757174728536597 -132.60676419354922 -300.5535802146047
460 13959.487640857697 5.237815647486146e7 -20.044498798158006 -36.48091080713191 -7.889185874692217 0.9512912957211057 129.15703032015006 -31.43206977193819 38.190825846283815 -148.0104120105858 -300.60668959952113
461 13988.878372907639 5.853128068125432e7 -15.696836077181157 -68.58737601437035 74.58181996233154 51.004881442009236 135.41056431562905 -0.464475749641565 60.87936467949339 -117.32886692748508 -220.115239165915
462 14017.615837097168 5.26101927981216e7 -0.21665330231272506 -0.8440165563185795 -13.143212316295504 -0.26078682627846206 127.34140958875567 -11.08505591639738 30.524036162454877 -132.69452683343985 -300.50205973019695
463 14047.171277046204 5.261159760107782e7 -0.08726655791994276 -0.6796097496955333 -13.06864816684287 -0.22744047782283872 127.3066179605713 -11.088012994321502 30.187222539187132 -132.68428798439055 -300.17364616619835
464 14075.97878575325 5.2594898039307915e7 -0.25636313525258103 -0.8950820567818782 -13.127233859815206 -0.2539075241005406 127.34645594306075 -11.192568055125605 30.303499103967056 -132.80081826484735 -300.62885651535845
465 14105.372297525406 5.294760735714356e7 -5.305660788271453 -9.521821527003365 2.14634018467455 34.000283741885355 132.8438892732766 -10.832770861593247 32.71912793530646 -132.17004847835398 -296.5638923821795
466 14135.2128739357 5.331509419243513e7 -16.21717837039613 -29.57868787179115 3.0408244626181613 35.07480774735406 183.34267562813983 -18.668372615125406 54.32877641125708 -138.49517507435655 -301.1006711960695
467 14165.156092643738 5.5195968177416794e7 -12.534335739569489 -22.706541083665233 25.74158679896722 41.68419632125064 193.63702340787242 2.8218685003074597 88.0978983446389 -122.22714808159651 -300.73295615322064
468 14196.030420064926 5.530629403153738e7 -12.085245335218119 -22.260173714931696 27.09415899792168 41.78451922551886 193.83957912975237 4.188522437601364 90.21849576933323 -121.2145860542326 -300.94117491171403
469 14225.122918605804 5.258306653661278e7 -1.3731805103580506 -1.977947249704271 -12.732721234310638 -0.08707571257681934 127.62189540552119 -11.664057123452267 30.94941310921581 -133.13745727289688 -300.76713372949064
470 14256.819908618927 6.1441725451023e7 -56.87309511174634 -139.79676337364035 120.84910433020902 140.76357607971698 286.8237719269401 -15.02771019785365 151.42629406447884 -128.35483423758325 -220.70797958721954
471 14287.667900323868 6.144337230875353e7 -56.87750004819331 -139.79828466044523 120.85075767730169 140.76427271394056 286.8252955860125 -15.052072040820121 151.37073255418613 -128.40270833624936 -220.66496069451154
472 14316.759334087372 5.258825896176643e7 -0.32542456344647874 -0.958824411246626 -13.030341529697495 -0.2114743451779475 127.3668049842731 -11.297843089192668 30.126755808425855 -132.85602715719938 -300.5071409580683
473 14345.887495040894 5.2595103684473105e7 -0.48199859747883167 -1.1123315048659528 -12.930286656818694 -0.16815090649568276 127.40934201787377 -11.206778039791914 30.466830571454466 -132.81908481923983 -300.63349724221507
474 14374.571303606033 5.26025619614121e7 -0.821820682089264 -1.4206306163166227 -12.639198301549804 -0.04442000347627584 127.46893137465892 -11.146671751627025 30.806603471000017 -132.77885622420837 -300.68685522856487
475 14405.266325473785 5.5403167562797256e7 -23.56815667160008 -32.76227523571582 33.89493991691551 61.804759274037906 223.72272905356587 2.0986193498155785 98.40233431920876 -122.76457897866436 -300.69872756710026
476 14435.271636486053 5.5395095388495095e7 -23.568512020413205 -32.76241976642207 33.89282525966245 61.80421638278217 223.7221174870031 2.085515239997676 98.3735927817944 -122.7825411075774 -300.8641770564873
477 14464.25291967392 5.259551426584254e7 -0.3380229518544873 -0.9534154039188252 -13.022685623150608 -0.20831827531503677 127.37102011892003 -11.217794743784793 30.31610707312916 -132.81750557025333 -300.54400181385756
478 14493.2409324646 5.259883938365016e7 -1.1765454984278705 -1.8269440378379755 -12.702872961913272 -0.07171003973428469 127.58147227498952 -11.474621650685208 30.96643064296245 -133.0076876138168 -300.7255974577422
479 14522.530292272568 5.258455429657267e7 -0.316393310745827 -0.9546154844706116 -13.03632351344315 -0.21395475470951908 127.36208247204591 -11.292787056216014 30.080323369652433 -132.8723398413419 -300.54207668491404
480 14551.837447404861 5.2613321895893745e7 -0.289273132823876 -0.9419599883291161 -13.054267775664414 -0.22139757188109854 127.3479127141691 -11.127198189254955 30.432049850078442 -132.7526213845535 -300.4509914479013
481 14582.976286411285 5.503934335800247e7 -36.839803662969615 -62.24831920115686 33.28893916468655 43.847128373656204 196.5211892627264 -18.831442735618282 98.77708460069482 -138.473726302461 -299.94854116514824
482 14614.464584350586 5.496949494351774e7 -36.88665551605284 -62.2899359022948 33.33052584638446 43.864880743218094 196.53950956182624 -18.980741137790858 98.39371733544067 -138.68465310637453 -300.80310207122875
483 14643.441154003143 5.259412705265286e7 -0.3495326709504347 -0.9818650047471191 -13.016934813958315 -0.20502321224218178 127.37904674053854 -11.261228531340407 30.21767719714785 -132.84422733795748 -300.513761948196
484 14672.918759346008 5.258315952702688e7 -0.39302538010527854 -1.0224263087170833 -13.021861640058688 -0.20897407173964666 127.373626412986 -11.205055367746013 30.394870664433142 -132.8277130452222 -300.8270149157132
485 14702.65362906456 5.261218576458644e7 -0.1492998306204285 -0.758119978864622 -13.096844645996981 -0.23811008163161773 127.33995281406145 -11.03999736115486 30.474142506477392 -132.6933495245525 -300.52733529153295
486 14731.780486345291 5.2614823733424835e7 -0.014259834919247538 -0.7307629685915007 -13.227881625062054 -0.2917393621385571 127.33272845151457 -11.074382391914241 30.42112403889689 -132.67826575843839 -300.55813001637944
487 14760.526384353638 5.261166838391196e7 -1.08112617568883 -1.7635069809653796 -12.702668326634566 -0.0683563027939158 127.57514981903259 -11.503637548004633 30.740500153720745 -132.9574417484322 -300.2595786903772
488 14789.511949062347 5.2601649639843844e7 -0.29631488385289373 -0.9368770620379561 -13.039859206985035 -0.21514454668496796 127.35922291958293 -11.237023368270968 30.11980973440575 -132.8161206816127 -300.16474137528496
489 14819.536448717117 5.239269427362159e7 -20.32739688442403 -36.75042271674041 -7.716479660890869 1.0240379330026883 129.2039584120624 -31.320347508257726 38.67640166880699 -147.9923518379868 -300.71619072221904
490 14849.768867731094 5.332962995026545e7 -16.43826865725746 -29.754320781558523 3.2310716290358172 35.147193843981384 183.397369765791 -18.61396496453898 54.57943870842382 -138.39877478579962 -300.9566984312022
491 14880.485828399658 5.532434306419741e7 -12.453944905722533 -22.608380260665204 27.272220366833025 41.86211148431315 193.8971953498762 4.178822691339917 90.64097922749556 -121.18037743046949 -300.84589207378855
492 14909.669796943665 5.852131149088284e7 -15.871411887983253 -68.74519275136423 74.76755066698587 51.069731475731004 135.44279395354596 -0.5697785086329077 60.77849571479362 -117.41654630280397 -219.99607924061405
493 14939.25188279152 5.301325851243795e7 -4.8289860026624005 -8.984024733654717 2.059143563758319 33.95077620749785 132.7068968465655 -10.395727734767206 32.77470712441345 -131.7421163997297 -295.8661174498218
494 14969.808661460876 5.5580852279947974e7 -17.502592820773284 -31.239088048755008 40.967238034244566 75.92137235746472 199.1315196914865 3.3982304459085526 90.8328281233421 -121.39418326896867 -296.4838901744675
495 15001.19866013527 5.60534889741761e7 -28.736347345875448 -51.57372096066134 42.84924243371355 77.34341735016272 250.35312722386956 -3.756560220121571 114.36974883803498 -127.14656407875032 -300.50631152520634
496 15033.792420387268 6.225850142237571e7 -68.9527331688002 -164.12344482838475 151.59450627401213 163.75350967451476 265.85648398809104 -12.966078761606468 156.2758155400204 -126.29727608203478 -214.50307121055283
497 15062.807563304901 5.261901501533496e7 -0.3388876687219131 -0.9575404094021778 -13.003691432311768 -0.2004912866069617 127.36650424229359 -11.042370543898187 30.560135920020343 -132.66254733543252 -300.3220956317314
498 15091.409711837769 5.2613739364009775e7 -0.7781277709231027 -1.3844143202492072 -12.87240024671599 -0.1471201059200098 127.45926916184187 -11.315906792159296 30.67608938618048 -132.8346713634374 -300.30553782891593
499 15120.411057710648 5.2585342347197704e7 -0.27925566230873144 -0.9480713278729151 -13.081695882161348 -0.231685827872937 127.37201125129656 -11.232819133670262 30.217330782544877 -132.84609374424156 -300.7027513921247
500 15149.268913030624 5.262887203656855e7 -0.2553278763188551 -0.8635059643178318 -13.082771807052374 -0.23511433877614252 127.34173799021228 -11.059145468696272 30.493571750837305 -132.62526196309574 -300.23670879367876
501 15179.354858636856 5.333022117986033e7 -16.428808119572643 -29.747029904807153 3.2386914850635407 35.15049726067062 183.40113647193533 -18.58754090941858 54.64255320687812 -138.39077773098512 -300.9446932257997
502 15208.52428817749 5.258975890499113e7 -0.30275279444103376 -0.9387756746686371 -13.0449423077241 -0.2179658707904082 127.3562582786027 -11.247170957106732 30.1662790725253 -132.82976444466522 -300.53526672048014
503 15237.693177223206 5.2588907664791524e7 -0.29336014601575755 -0.9277677055669029 -13.051086303508818 -0.22083732678949275 127.35209943893487 -11.246557352414982 30.138746804952348 -132.84335485350556 -300.53997238241004
504 15266.892842769623 5.261257522353294e7 -0.28854740105595056 -0.9221623199400231 -13.054196476402694 -0.22228669632811204 127.35001356868797 -11.05927740442138 30.541477221945797 -132.69753835428537 -300.546753999505
505 15296.100501298904 5.25927719414886e7 -0.3308293534050364 -0.9707565855381954 -13.026235619952494 -0.20934473445245771 127.36889060423819 -11.226712801902352 30.2764514607519 -132.81544349250674 -300.5951024271458
506 15325.325177431107 5.29775620442498e7 -4.905455766341433 -9.15196792315729 2.08737285860596 33.978861757721845 132.79682370975738 -10.534972828730588 32.81132085107072 -131.9558949255183 -296.44649701205583
507 15354.95759510994 5.243179051352485e7 -20.34626080904508 -36.76273957638121 -7.715177271200389 1.0237876741756793 129.20523180429893 -31.250522117613514 38.86167562486321 -147.8670426248475 -300.25392751405343
508 15385.859565973282 5.52706161012987e7 -12.463843540948563 -22.650928498674986 25.792736916695574 41.71017616007789 193.64154275885974 3.1748367375269595 88.67421399247996 -121.9412307409479 -299.953708522406
509 15414.984644651413 5.849832050716431e7 -15.971554366120134 -68.8418416257579 74.79167822420756 51.08122492383052 135.46426178994378 -0.57806368320297 60.816326705126016 -117.44607559037235 -220.36907983579306
510 15445.64919257164 5.527672680849767e7 -12.362702167690376 -22.515090882983603 27.23283635624672 41.84527662004554 193.87018587928858 4.075384753167043 90.24525988670553 -121.3469716423773 -301.30903985613105
511 15477.086567401886 5.594607817106299e7 -20.872385160900407 -36.511537439137065 32.140072866149595 71.76623163143812 249.52184617212086 -2.5314893184844323 113.99719062740462 -126.18771395666698 -300.0249359005886
512 15508.45483326912 5.593996501168948e7 -21.245222736725534 -36.75580405797321 32.2021779958111 71.78160737192317 249.5500746576808 -2.712919048360561 114.09985284009224 -126.34283616898341 -299.9635685070998
513 15537.53577375412 5.261486669212755e7 -0.33588591443091076 -0.9544288758104855 -12.996845327885111 -0.1976361102217794 127.36349875303843 -11.098750723530372 30.435077034686742 -132.6896321210932 -300.24923086101114
514 15567.638528823853 5.242546046565289e7 -20.341765495893444 -36.762787152408556 -7.712784795760577 1.0250847816729447 129.20293703990905 -31.25333175727434 38.85044996390059 -147.88929986182632 -300.3201099291514
515 15597.370369434357 5.85008330199646e7 -15.946683470176207 -68.81260275246487 74.77892961230324 51.074342771743915 135.45372936692098 -0.6705311994821841 60.71655449330683 -117.49414094185107 -220.28785196793922
516 15626.48724269867 5.2587246348752216e7 -0.3412348450427878 -0.9752580450165684 -13.03181927340789 -0.21205226857075843 127.37212662463062 -11.27445197694368 30.197739712056432 -132.8432168300439 -300.59245345305715
517 15655.448524951935 5.258514674227343e7 -0.3230107544161527 -0.9600852255202525 -13.035157316481644 -0.21346244879202914 127.36478051627333 -11.286067395652992 30.10603224439592 -132.86727154086543 -300.55517949767795
518 15684.361373662949 5.2585645207716785e7 -0.3180729049304638 -0.9561258163753168 -13.035897069635027 -0.2137735472890796 127.36266826272691 -11.285868295567013 30.092157903983548 -132.86662518390324 -300.53301695006485
519 15713.345850467682 5.258336830412909e7 -0.3581044859683935 -0.9826503788357561 -13.001576271140813 -0.1995410248336782 127.36678412947262 -11.278421084542117 30.10835044421151 -132.8669968014549 -300.57278874286055
520 15742.59316110611 5.261330965926596e7 -0.14374243956932986 -0.7774785406214351 -13.103025362079038 -0.242442752647122 127.31955820791963 -11.0107908654889 30.411744598336327 -132.6269800360426 -300.4401561964802
521 15771.843785047531 5.298835737519377e7 -4.894939599405291 -9.14021082818055 2.081251821805054 33.97607968223208 132.7925177722854 -10.557682694683592 32.75039128648234 -131.93564624216935 -296.13612503456864
522 15801.587485790253 5.332486100270966e7 -16.423700645603862 -29.743369063785316 3.2265012291904327 35.1459892742854 183.39516435339576 -18.630878030592044 54.583413682186006 -138.42729285396234 -301.0000253227885
523 15832.434293031693 5.52452008178792e7 -12.411580399105912 -22.59854258906817 25.76875750492612 41.69974975845582 193.6191152531366 3.254803267089585 88.66110309950773 -121.88113805917737 -300.49665859716293
524 15861.52059006691 5.260209747303687e7 -0.3283550819853147 -0.9687352122152308 -13.019977153651475 -0.2068215977008805 127.37012958049473 -11.208465666086624 30.331637698360964 -132.74081504992603 -300.5371722647816
525 15890.443263053894 5.257932330998203e7 -0.30716531170940087 -0.9494276778854918 -13.038175382639189 -0.21459867712674452 127.35936350801984 -11.294363994740706 30.03631593313014 -132.8542352836705 -300.59973465829523
526 15920.480247020721 5.261022141033854e7 -0.27945823387479507 -0.9338373712421992 -13.043741134273908 -0.2165348951116357 127.35120466170567 -11.099915788060684 30.430763782446093 -132.70875807096536 -300.53654063670785
527 15951.949188709259 5.582635250478455e7 -18.490519894303855 -35.470752720404526 29.30394612341089 71.11142934637435 248.14880428009914 -3.3780009367023354 109.49963354861632 -126.7481969436671 -299.44837773201664
528 15983.313148736954 5.5826937247670226e7 -18.494011464831924 -35.47580522662471 29.305936365753077 71.11223479333167 248.1490242533997 -3.3773603150164604 109.51561882303042 -126.74654484285628 -299.4548446799565
529 16012.392130851746 5.2587314851958774e7 -0.39175367515901627 -1.0076753332826955 -12.952150166362983 -0.17848600880110155 127.37368619531948 -11.29490414364011 30.105113436679403 -132.84223900640302 -300.4921418350869
530 16042.705534219742 5.2386516987014234e7 -20.323928123637973 -36.7237278170372 -7.728258159697866 1.017764721408696 129.20058899158033 -31.53671597453058 38.28660337619931 -148.1006676857229 -300.530729214323
531 16072.472283124924 5.23550271615569e7 -20.341552050514824 -36.7577956834506 -7.718395634320011 1.0229717086724293 129.20656718248324 -31.521421043556302 38.34078439528719 -148.20766047602757 -301.01333388188186
532 16101.401858329773 5.2970896469462804e7 -4.885526964536677 -9.131516504712154 2.0776546803017766 33.97467032157347 132.79090577153906 -10.61265077573637 32.561074342730194 -132.00026493778142 -296.3257163731954
533 16131.330361366272 5.332842591258626e7 -16.41204597487586 -29.73639913755366 3.2215144476664577 35.14436916526324 183.39092098277004 -18.524099113912882 54.71726028745309 -138.3677858701294 -301.012986311684
534 16160.426655292511 5.2583082018849894e7 -0.307957422230551 -0.9513464033199766 -13.037270063448382 -0.21422889074352724 127.35920042461596 -11.23611520883071 30.147607386353343 -132.82382057167513 -300.6235421842129
535 16189.654821395874 5.257934359285028e7 -0.3404545577736009 -0.9696912444078611 -13.006824857815126 -0.20160066897012996 127.36160437678348 -11.294388715824653 30.042232763872562 -132.8747570787695 -300.5872293929767
536 16218.625626802444 5.260712474971815e7 -0.4828826035125715 -1.1307719437578845 -12.969976546684926 -0.1855047347062282 127.40279614540978 -11.2052946379589 30.54117757828044 -132.77262289785978 -300.58190465877414
537 16248.093392848969 5.2599576435471006e7 -0.28813088987977054 -0.9309472189308643 -13.053615997269311 -0.22133690535405037 127.3484283529969 -11.113154654675327 30.44494260264196 -132.75444252854317 -300.73853976396623
538 16277.331149339676 5.2595008685992785e7 -0.3269638559175796 -0.9726983843486323 -13.02555028899448 -0.2098025894331812 127.35922741925795 -11.237518653352083 30.203387681218828 -132.81159371762482 -300.46237493753455
539 16308.34444642067 5.5244540075216e7 -12.424580546053587 -22.60776575328917 25.76912919336035 41.69990637640136 193.62702923620955 3.2450802285945315 88.72236012410849 -121.93251202569314 -300.48637629243984
540 16338.86059474945 5.5310181852476306e7 -12.399500133499707 -22.564805609397716 27.26247771788661 41.858854080291934 193.88715615058308 4.15792203670253 90.43759578852234 -121.23017305175892 -300.9745338579311
541 16367.981918096542 5.260073812962356e7 -0.30752164103133595 -0.9529980694904046 -13.036764687109056 -0.21382249611681914 127.36023438956418 -11.126714279251473 30.385251708963665 -132.7531341461342 -300.5849200330864
542 16397.524880886078 5.261022141033854e7 -0.27946617468520074 -0.9338556209262459 -13.043732867519132 -0.2165312757002198 127.35120521542498 -11.099915788060684 30.430763782446093 -132.70875807096536 -300.53654063670785
543 16429.272918224335 5.594625116259404e7 -52.31881218622621 -90.7242440054826 51.030618824123565 96.80103377910049 280.1569581200154 -23.866536438105072 126.41180635759429 -142.29966593642348 -300.64314175062407
544 16461.25504732132 5.5946162271476366e7 -52.286967283639925 -90.69650540278357 51.02022908124867 96.79699809320704 280.15227451209574 -23.890396882480673 126.30290188068875 -142.288039991088 -300.5175084188122
545 16490.109500408173 5.258940662980811e7 -0.3891053098714856 -1.005731454746484 -12.952938323917856 -0.17879641386372214 127.37289286557099 -11.295759305622084 30.096432377309725 -132.83569751091596 -300.45257156293223
546 16519.52063345909 5.2579161578514345e7 -0.2989308416773717 -0.9309799003433916 -13.046461018587543 -0.218196931644556 127.35894765265994 -11.295056828549946 30.063707405759715 -132.84948340159696 -300.6368372577132
547 16549.087595701218 5.300646576133525e7 -4.8845970700342 -9.14057067488762 2.083409159421848 33.97772962400893 132.79349167056162 -10.568144593711452 32.67885590805099 -131.91368545587824 -295.710340488178
548 16579.13643026352 5.333447547343599e7 -16.420795277993864 -29.74439078977455 3.2147847946717647 35.14196659056255 183.3864383881253 -18.50786828981444 54.71192815537199 -138.33912695553084 -300.901948744148
549 16608.337406158447 5.259359026309826e7 -0.407399203889387 -1.0478607273303755 -13.002349282988241 -0.1996846666403087 127.38227926547431 -11.183341007602962 30.45090602653943 -132.78230849664828 -300.65106777451126
550 16637.678203821182 5.260424750368584e7 -0.20735712699139341 -0.8697318262465918 -13.05518157747023 -0.21924107083890476 127.35242957121403 -11.17169392822234 30.279701786888722 -132.77944554327598 -300.4952971243782
551 16666.734216690063 5.259587294993498e7 -0.3084350264809075 -0.9526363703414304 -13.035642671633958 -0.21330664504557717 127.36132809788693 -11.106328104098338 30.43798898279647 -132.7512488946664 -300.7258753661427
552 16695.806321382523 5.25845721259913e7 -0.32379936159862766 -0.9601924665461246 -13.02218156911028 -0.20795169537105096 127.36045002241893 -11.285907758746475 30.057075291831552 -132.86216947694294 -300.51776850742715
553 16726.38973879814 5.530291049724772e7 -12.397578973065244 -22.562740442189455 27.261132396987705 41.85859643576747 193.88772347007568 4.120281474807314 90.3843642376496 -121.26327005352073 -300.99220331610076
554 16755.66696047783 5.257967421084464e7 -0.3164986275437869 -0.9614716581337586 -13.02843071537415 -0.21012495123495967 127.36619226515316 -11.265783872917098 30.138334455468566 -132.86583755404143 -300.67954321301823
555 16784.35890674591 5.258055298269065e7 -0.31019895820047694 -0.9540297650170162 -13.034367202522034 -0.2126137148725462 127.36268980461155 -11.25478614400879 30.15241419702386 -132.85393635576435 -300.70392957508284
556 16814.872344493866 5.522153186933232e7 -12.426566203746038 -22.614058827944724 25.77314500249929 41.70144644494907 193.6271212892114 3.1749314240738045 88.58273772974894 -121.98851331747284 -300.7352671360961
557 16844.338163375854 5.832490156479106e7 -6.78141196791368 -52.430098913675025 61.42046306578692 44.803545376310126 134.4911632781382 -0.46007405751913666 58.88282884990792 -117.30747441773059 -219.6632139042958
558 16873.320953845978 5.258873818342381e7 -0.3057091283716744 -0.9293364975788565 -13.058099446679961 -0.22540139336923914 127.34268946286 -11.269017428893505 30.11971674139943 -132.83996888382524 -300.5014123239589
559 16905.84689974785 6.374724187498449e7 -30.44081096098854 -95.18488012615626 140.81263711839696 128.80332048343294 267.29600543030926 29.73348090274976 177.61203492880315 -94.55738877247211 -219.3334735768134
560 16938.05783867836 6.37321889544768e7 -30.433864795924748 -95.1794807850992 140.80670399763954 128.79984137277427 267.29610499406726 29.58777576683326 177.35065187057694 -94.67492575520942 -219.34384029950428
561 16967.20643734932 5.25769106262553e7 -0.3488571260681148 -0.9876470046183226 -13.012516527075903 -0.20316066029808155 127.37330118456732 -11.261683735890301 30.16061501086699 -132.8646484083144 -300.76977568761924
562 16997.002247571945 5.850309445257643e7 -15.917472698576212 -68.78916372207176 74.77564030359787 51.07176556683993 135.44772764626143 -0.596093778698787 60.718804318432376 -117.4416532522772 -220.23130906797377
563 17026.82911300659 5.235952731230058e7 -20.3523786044848 -36.773518229406925 -7.710133132642845 1.0262233648816022 129.2070940667533 -31.473429421721107 38.41255280304529 -148.17650278829433 -300.9426488456098
564 17056.394964933395 5.25850108610671e7 -0.3284209453655862 -0.9674385212380594 -13.031792013224582 -0.21215584666147436 127.36328503998506 -11.270162954458385 30.122651569837444 -132.8341221190489 -300.54599501433563
565 17085.934953212738 5.258331835977401e7 -0.3211851088759836 -0.9665353813374029 -13.03129631610382 -0.21175921931168773 127.36153693307557 -11.277885124252577 30.07798906980986 -132.83725223889695 -300.5513617213695
566 17115.0180683136 5.257535820039613e7 -0.31059188402899807 -0.9509179147236493 -13.032735183677524 -0.21231183814134624 127.3591558664438 -11.28310482712601 30.055597712353006 -132.85729370762937 -300.69836495005285
567 17144.40560722351 5.2599959320131436e7 -0.33375763084609034 -0.9793066216208519 -13.02674144044689 -0.20950849015598294 127.36704706422674 -11.082068181198622 30.557125878211536 -132.7188514892394 -300.7604138172226
568 17173.268549203873 5.2584840749329306e7 -0.33627362999445154 -0.9707472803785846 -13.035569706036043 -0.21453377805242724 127.35929947133872 -11.19908481108763 30.273949973868753 -132.82532277223345 -300.73342338145505
569 17202.330468654633 5.259449175461175e7 -0.29980540088702057 -0.9431908003246328 -13.040385709530106 -0.21544458779061415 127.358005573494 -11.113912940384239 30.400552397885235 -132.74844926075968 -300.7370094431436
570 17231.567912340164 5.259153667642402e7 -0.2978654707002697 -0.9417343894159895 -13.04042723980676 -0.21540899919102685 127.35803395836581 -11.11957902406698 30.40093827232556 -132.7603201875085 -300.79205445060484
571 17262.247890233994 5.526113597243767e7 -12.434259105902164 -22.619689315268094 25.775038634105215 41.702029060464795 193.62808405038447 3.1996003785330913 88.6052548902693 -121.9378981968639 -300.0498249804476
572 17291.508420467377 5.831657516690792e7 -6.8171502532703805 -52.46787596118116 61.43184711339844 44.80971877708896 134.50127464476986 -0.5232596330878323 58.83301092419015 -117.36667053996763 -219.80238221139962
573 17322.17148041725 5.961057284236686e7 -36.658496122833625 -105.8095362883535 106.1704646853278 120.62844949194852 196.92210070270585 -7.556556277393099 87.14477192312586 -122.36214038404592 -216.26372762874206
574 17352.910838365555 5.529940020844288e7 -12.40197744521976 -22.565121019432574 27.262348840420607 41.85873867009461 193.88799232513827 4.111414083327077 90.37009364788503 -121.26938388725648 -301.0462532828052
575 17382.10517692566 5.261088693685229e7 -0.250468460010854 -0.8973403705974059 -13.052583299060075 -0.2198998556308851 127.35157254755688 -11.094172713676812 30.36741703224709 -132.710565606172 -300.35830378103526
576 17415.375349998474 6.3448642525795616e7 -51.14690642155311 -131.6865962768963 145.69599620112643 130.0121816247771 269.1791433775284 8.439494385857813 184.68745984456712 -110.58176696953353 -219.7394318242052
577 17448.21080684662 6.3448750194226585e7 -51.14627728767256 -131.68613874076647 145.69555978440144 130.01197991322698 269.17914442980737 8.439402011531683 184.6875010355036 -110.58134755403995 -219.73691769459322
578 17477.157112836838 5.257167201524709e7 -0.35605720462369916 -1.0004602365797561 -13.009488323049972 -0.20157686139712894 127.37692043579929 -11.250799605133295 30.16140168442132 -132.86140636404872 -300.8774886043238
579 17506.08342385292 5.2581019759792686e7 -0.3070390779900194 -0.949392177591327 -13.038429544935482 -0.21469195693937593 127.35959573014557 -11.289420014682435 30.0510399967676 -132.85239990691542 -300.5757424997647
580 17535.353202819824 5.260771969848344e7 -0.305512449714751 -0.9449172037954856 -13.039552332402181 -0.21525190141214523 127.35857447572766 -11.076762483598543 30.479575280951735 -132.70543200864245 -300.5627801462158
581 17564.443587064743 5.30037561339299e7 -4.887357470835617 -9.136423234759032 2.0803884536684834 33.97571702923719 132.79024748987723 -10.528218953655028 32.757228778614376 -131.89239273572213 -295.89750929832053
582 17593.391719579697 5.258587707462728e7 -0.2890978243416278 -0.9355585584020139 -13.040792059251707 -0.2151911891305076 127.3583034072156 -11.310529956637424 30.001985466742894 -132.85689330046347 -300.50287970187884
583 17622.966719150543 5.258269701129471e7 -0.30723557671901247 -0.9494474037486214 -13.038033595512715 -0.2145466474627682 127.35923381925934 -11.241796571979876 30.145391453697243 -132.83011374770518 -300.6363447881341
584 17652.04689025879 5.2596692744611874e7 -0.3028828273973403 -0.9456341303785667 -13.042656038440015 -0.2164404021668389 127.35887993815638 -11.134394896193953 30.357240669907696 -132.75645526386302 -300.6350088644177
585 17681.876685380936 5.332864520561561e7 -16.413116376392527 -29.738921085006318 3.221984119195163 35.14463097991597 183.39079453124248 -18.520448494739753 54.71956550877519 -138.36553297525717 -301.0253929002654
586 17710.84193134308 5.260249753100439e7 -0.30795673378040433 -0.9496445909174609 -13.036566353708118 -0.21400826985944832 127.35788912045365 -11.080475205239281 30.460074152254265 -132.7143156724727 -300.6439600482395
587 17740.403587579727 5.258428644279394e7 -0.30663929443430504 -0.9489134248673139 -13.038631653716479 -0.21479569439038926 127.35915474221422 -11.297052316259567 30.03704018364749 -132.85359274726255 -300.5240192956255
588 17770.161980628967 5.850423733035489e7 -15.939009151868579 -68.80786593644054 74.78059227351451 51.07417939779603 135.45139751009265 -0.6449897119555885 60.747406700758916 -117.51024762435179 -220.19518151129745
589 17800.497877836227 5.52624529644452e7 -12.426896727299606 -22.61347637904085 25.77270972154993 41.70116015130377 193.62673738858766 3.249704416008683 88.6810942139357 -121.92330689119746 -300.1065486512042
590 17831.14813184738 5.530020247953053e7 -12.396816816668117 -22.56087829223849 27.26111845382195 41.85786963620751 193.8890260300211 4.119707307596798 90.38977665629 -121.27208457294523 -301.0296388828897
591 17860.46712088585 5.258539440874954e7 -0.3266690562039507 -0.9681362578383563 -13.03527794085202 -0.21372350438805654 127.36289989495334 -11.272989435897841 30.10827662898953 -132.83393397036468 -300.54095894521987
592 17892.243443012238 6.0918278120536886e7 -47.99855831259721 -126.04394861127153 118.81628153311217 94.19579680434887 203.48522771820893 -6.684286318906686 126.37853401325606 -122.02809772532572 -219.82995992507796
593 17925.313447713852 6.358667683790348e7 -60.06857468917359 -147.6207825230965 159.11538220153366 136.2658272951207 270.0213302372262 8.486801137340251 186.19499092252033 -110.68572613847016 -220.78153004210134
594 17954.780009508133 5.258401167129187e7 -0.3143545528623761 -0.9541738547473431 -13.036448125215237 -0.21398070739205366 127.36084767278447 -11.282540171049902 30.073606775878716 -132.84295426518634 -300.54303828551417
595 17984.146287441254 5.258006045254327e7 -0.30602461432657435 -0.9472679767262173 -13.039132640280322 -0.21501257899366522 127.35925661882696 -11.293188198603048 30.03659454206081 -132.8526724627198 -300.58678559042255
596 18013.056491613388 5.2579281634895064e7 -0.3114231855241485 -0.9532466388698717 -13.036715788504829 -0.21402717894234513 127.36001369065242 -11.287211952159737 30.049616603370282 -132.85349576635184 -300.6041783859343
597 18041.87175655365 5.258309763993267e7 -0.3158903959284558 -0.957972324118205 -13.036880373467241 -0.21415248373014606 127.36095284907654 -11.280554350411819 30.065857853063562 -132.83727731665306 -300.5582219308232
598 18071.853603839874 5.332534758725264e7 -16.4156355436218 -29.740880020778544 3.2233080871072914 35.14509687889485 183.3911600920983 -18.523722354491724 54.698671894727454 -138.36503670880836 -301.05267472645977
599 18101.23392677307 5.8501057912664525e7 -15.934656925521182 -68.8041504772511 74.77851825630398 51.073488414392045 135.45097526610664 -0.6931805543681548 60.64912275005702 -117.5051896886356 -220.2602955130659
600 18130.11550450325 5.25783512977854e7 -0.30442746016651157 -0.9469720331851006 -13.039113919144938 -0.21496616082262676 127.35894541757166 -11.284598884582522 30.076402220958585 -132.85385358511132 -300.6571088839903
601 18159.31364274025 5.257925536613897e7 -0.30620775379341225 -0.9485444534546454 -13.038593251311916 -0.2147702340105866 127.35914112548696 -11.286103929260264 30.074995357916578 -132.8536397013188 -300.64525527006293
602 18188.400172472 5.260055661826647e7 -0.3050379218541188 -0.9473975495982021 -13.039379986292282 -0.21510562152764123 127.35864829258702 -11.121970183424821 30.403983725515218 -132.73400631742834 -300.6338360415666
603 18217.63925433159 5.300547339835038e7 -4.885187524495649 -9.134542017921298 2.0793920987476042 33.97536882114319 132.7900358086908 -10.52616852304368 32.7643264108865 -131.88678995298187 -295.8789377003409
604 18248.200662612915 5.523328648301544e7 -12.425698548435754 -22.612392326852728 25.77232703221022 41.701009305727524 193.62652327774086 3.238095236502602 88.70881653765446 -121.94863034702445 -300.64898690221287
605 18278.324038505554 5.236109907537017e7 -20.350774364646252 -36.77252683644017 -7.710448843644052 1.0261242980892007 129.20659390265615 -31.47179358555701 38.42188025833639 -148.17380923985178 -300.90740379569286
606 18309.15445303917 5.530290009845521e7 -12.403183945044074 -22.566461715512215 27.262604315655935 41.858933870468306 193.88798027672027 4.119046586110187 90.38767547852854 -121.26030980133424 -301.0121690587322
607 18338.28477525711 5.258492970921621e7 -0.30177016817855673 -0.9450581596283634 -13.037725832827078 -0.2143166973701085 127.3582855243487 -11.276808895854742 30.104835490487744 -132.84860311956925 -300.56433198381376
608 18370.879566669464 5.905896604791545e7 -45.114622364358226 -81.1149092346153 97.39403595882519 153.2960140628905 321.5874864382369 11.410655759566282 174.71010628924307 -115.4163149417322 -296.3756066555435
609 18403.961792230606 5.905875831185868e7 -45.11460893369026 -81.11490314411184 97.39402608311052 153.29601108211818 321.58748396154317 11.410521047303291 174.71104464438235 -115.41698259814245 -296.3782570772379
610 18432.887556552887 5.258124412300905e7 -0.3088001866273373 -0.9512720668438437 -13.037480290741549 -0.2142591017156832 127.36014737590726 -11.290486243296414 30.055025609854624 -132.85398184324765 -300.5660114690072
611 18461.80945444107 5.257896208154805e7 -0.30709522755808294 -0.9494258048420336 -13.03815773100439 -0.21458460886019282 127.35939567306592 -11.294381547231865 30.03754504831568 -132.85615317686847 -300.6053219698367
612 18490.84451150894 5.2588079558418944e7 -0.30224396585476754 -0.9451582309931226 -13.039191398113289 -0.2149311979661519 127.35876028021994 -11.267955148492547 30.120672333621997 -132.83752117169138 -300.53060022441286
613 18520.635192871094 5.332861381692841e7 -16.413372997574736 -29.739150514963423 3.222010190674368 35.14465027067247 183.39060161949834 -18.51915967675785 54.718197723898925 -138.36496722785972 -301.0248058180089
614 18550.96480488777 5.5252144930345975e7 -12.425954956906498 -22.613447568918247 25.773018854555673 41.70136894581097 193.62715485647564 3.163567520783488 88.52176797611503 -121.96350892725621 -300.15247732779534
615 18580.35578083992 5.257935196141219e7 -0.3076631894267976 -0.9502110303517313 -13.037862522094436 -0.21447606281567744 127.35931424241714 -11.294519243661512 30.034943622710784 -132.8545177411777 -300.5961287566938
616 18609.73537492752 5.257873041434643e7 -0.30761267596597364 -0.9499284178056504 -13.03732560196952 -0.21421254963757974 127.35957312119591 -11.289711867364872 30.047370896961866 -132.85876099332353 -300.6049659271056
617 18638.53912973404 5.2579389013563156e7 -0.3072087259442071 -0.9494288615390305 -13.038186301848711 -0.21460738309093585 127.35934360011566 -11.29386835970729 30.03658476560247 -132.85414939965557 -300.598339712682
618 18668.012724399567 5.257531494994618e7 -0.3026406887193609 -0.9451687630492858 -13.039672383071576 -0.21520395237844525 127.35848975129366 -11.293655997108374 30.051852341721656 -132.8628177162608 -300.6924380968725
619 18697.209629297256 5.257886193168581e7 -0.3068745247115352 -0.9493169510139472 -13.038211071822332 -0.21459772480083927 127.35939339224734 -11.296492183348903 30.035828696541103 -132.85774452579716 -300.6052451985994
620 18726.404786109924 5.258579148438075e7 -0.3060021142337348 -0.9489847253323953 -13.038318143942071 -0.21459487035777158 127.35948304125667 -11.29595863784067 30.045015506026743 -132.85399547891484 -300.489758728646
621 18757.653048992157 5.598645670189066e7 -28.740565000692094 -51.56582522287013 42.1501704628955 77.09782523319859 249.71842498038265 -4.426052281245234 112.70810447381746 -127.6476994131097 -300.25014213242775
622 18788.964272737503 5.598637299990099e7 -28.740940429957867 -51.56613765655868 42.150241690824615 77.0978452752538 249.7184449552833 -4.425920288071779 112.70933713075965 -127.64838968664179 -300.2530464554362
623 18817.957604646683 5.258068345712415e7 -0.30690582336244177 -0.9495252641258016 -13.03778790643981 -0.21436841485956393 127.35980309422237 -11.292247861018211 30.05025039407724 -132.85627081734486 -300.56845439067126
624 18847.268447637558 5.300292352758461e7 -4.887489750101331 -9.1368636857805 2.080233019086002 33.975669051459136 132.79020169121895 -10.538971590089716 32.758453864103785 -131.89297523030217 -295.9196414013495
625 18876.481088638306 5.258411854956861e7 -0.3089894199498886 -0.9507816041385171 -13.036488326843937 -0.21392819102986493 127.35923042488439 -11.2330937270861 30.15618152119498 -132.81994328175756 -300.62018470470565
626 18906.22902584076 5.259538911418938e7 -0.29800999559807195 -0.9427093620375588 -13.03950285620801 -0.21491053445082287 127.3587201788368 -11.116695531441167 30.40611033372545 -132.7522550090291 -300.70991760965853
627 18935.249073028564 5.260106785030681e7 -0.3080385930616991 -0.9506553508107727 -13.037587272131901 -0.21434405049348015 127.35940147313961 -11.122814378462351 30.39059334969022 -132.73722278763267 -300.58964585970546
628 18964.83986711502 5.258422039910618e7 -0.3073284335509818 -0.9498350964952023 -13.038116340698956 -0.214594054628094 127.35919780451233 -11.23850801624451 30.149604482769632 -132.82409436749134 -300.61696545001575
629 18994.171262025833 5.2579272214266695e7 -0.30820326776805373 -0.9512062450401189 -13.037359478029693 -0.21425151652125862 127.35941012864195 -11.292422665522906 30.04149831265579 -132.85517856408887 -300.6043884800374
630 19023.04689526558 5.258163627875598e7 -0.31688707915007086 -0.959573727599083 -13.034557416992236 -0.21308134793137867 127.36156623563599 -11.277472016855029 30.087098713636806 -132.84566991506222 -300.58527681791253
631 19053.7154610157 5.526246823982332e7 -12.427080748616632 -22.613896798096373 25.772773580187064 41.701172200487505 193.62653642265693 3.251015601682468 88.6810890147699 -121.91801786298146 -300.1036731802137
632 19082.791583299637 5.257858002093753e7 -0.3080045934559905 -0.9505944241584707 -13.037603671831668 -0.2143557329243606 127.35943298953583 -11.293213994203768 30.039114435097986 -132.85658917267153 -300.6140065059566
633 19112.86429452896 5.332538903433945e7 -16.413630089273813 -29.73992279894599 3.2217713844672033 35.14458587582837 183.39035624733967 -18.526088842083595 54.69280565634449 -138.36843158868317 -301.0683291311692
634 19143.315023183823 5.529145031702163e7 -12.396710948738924 -22.560501370905563 27.26044799916471 41.85783738809293 193.88666705591467 4.0985684510606575 90.33244894081724 -121.29130497406555 -301.1535083450385
635 19172.971725463867 5.850433909545946e7 -15.939671601941914 -68.80879891525284 74.78139866573153 51.07436263443063 135.45170274704952 -0.645487674161302 60.75104239860775 -117.51103469730992 -220.19453912962746
636 19202.938260793686 5.237435497289459e7 -20.345854985294814 -36.76857050373674 -7.712164399805722 1.0254539535173421 129.2056452313529 -31.464874869352002 38.37019757895632 -148.09665294624153 -300.6978171209271
637 19232.762185811996 5.258499541288296e7 -0.3167740386706903 -0.9570965249981516 -13.036590915432654 -0.21421464775085042 127.35977931704244 -11.236011381006449 30.16349080994121 -132.8190554549144 -300.6003205249774
638 19261.718147277832 5.25827374147895e7 -0.3091567685433958 -0.952561010807834 -13.036923937319017 -0.21410822240093808 127.35916644299078 -11.235529206849094 30.148362346863223 -132.82264578347161 -300.6395449216466
639 19294.156727313995 6.421991724815525e7 -44.54992927934634 -120.08471609330488 169.01368283294545 169.24568754449905 273.64377586889583 29.635072590644427 181.15457484773617 -94.33128074366886 -216.40124648895113
640 19326.63287615776 6.421974711565286e7 -44.549366357287894 -120.08433870779326 169.01306394897009 169.24550945780732 273.6437402736946 29.63374052104291 181.15431307138385 -94.33230127586842 -216.40416677630833
641 19355.77896809578 5.2592972287453145e7 -0.3106955537350693 -0.9538237109500676 -13.035459513655475 -0.21326595538725712 127.36136820810239 -11.127590274331169 30.388886034151597 -132.76063659431833 -300.7140078447816
642 19385.737085342407 5.369971369758543e7 -20.99361543263537 -37.92723183441508 18.339489590960177 69.33463562858564 188.82157743633533 -18.125741696333876 56.72736098348628 -137.69743012908646 -296.6247709355337
643 19416.064821243286 5.237626635799995e7 -20.34614687863936 -36.768865827508456 -7.711961787167546 1.0255437703983148 129.20569975449058 -31.464067103193884 38.37665841087835 -148.09450244739497 -300.6648890304235
644 19445.379657268524 5.300385989788632e7 -4.885631338022581 -9.135555666698577 2.0783655150131253 33.9750379173671 132.79016496313392 -10.528762076867736 32.7596662624311 -131.8917174435918 -295.90312069852956
645 19475.134571552277 5.2580322327730864e7 -0.30831627160148756 -0.9508423753398452 -13.037333749775044 -0.21424912888699055 127.35959349682665 -11.291758210496539 30.04585931244287 -132.8546280762261 -300.59029581796744
646 19504.333866357803 5.258036190516433e7 -0.3162113996087932 -0.9589559705378088 -13.034620849415198 -0.21309101200994007 127.3614654300877 -11.285323901797085 30.07487431629727 -132.85504722547677 -300.59549449303256
647 19534.116938114166 5.258306604305555e7 -0.30711015771679584 -0.9497660820357652 -13.038280635039257 -0.21464755076232223 127.3592799659701 -11.242706628179064 30.143787826590597 -132.82900923054774 -300.6266960421001
648 19563.20551943779 5.258345965876192e7 -0.30686746234185236 -0.9502028209598308 -13.03834352002815 -0.21466114483575893 127.3592681796087 -11.241873934643706 30.148326072903956 -132.82707419567788 -300.6251641252576
649 19592.59090566635 5.2592926710438445e7 -0.2987194474996251 -0.9433614639155152 -13.039183046674367 -0.21477659599351284 127.3588461006054 -11.140778997129928 30.33668041847102 -132.76186925012183 -300.67018072967454
650 19621.584331274033 5.257916058309209e7 -0.30880623999691537 -0.9511809115856975 -13.036988113983845 -0.21411148593514895 127.35949612669548 -11.291655865452924 30.038359580315273 -132.85486065856793 -300.6040200130669
651 19650.839062929153 5.258306604305555e7 -0.3070958952667766 -0.9497546042758334 -13.038291409011258 -0.21465196958170907 127.35927907984507 -11.242706628179064 30.143787826590597 -132.82900923054774 -300.6266960421001
652 19680.12418603897 5.850470827482007e7 -15.939876019534328 -68.80880772574804 74.78171882652879 51.07442746383674 135.45162243155562 -0.6439631363672902 60.75256761582125 -117.50933694802552 -220.18880660708993
653 19710.674535512924 5.5297776756855726e7 -12.39908410496676 -22.56306830944697 27.261578761945216 41.85853956861905 193.8871781341479 4.107112817519692 90.35591848146692 -121.2750636978912 -301.0634854471093
654 19741.167348623276 5.523312344724275e7 -12.426931955932126 -22.613877006638372 25.772708220816938 41.701148132883944 193.62663326005287 3.240001220012914 88.71330044222123 -121.94587573394631 -300.6580749751373
655 19772.9588265419 6.240279300052865e7 -48.506894471872755 -127.23997775005823 146.33151593301096 162.65469417623837 263.38079259044815 7.810703313599902 147.11848188654074 -110.64150428302202 -215.17880144428278
656 19804.98775458336 6.2365582338534616e7 -48.54711081098937 -127.26099836035404 146.42466535609827 162.68157891190657 263.3952420647192 7.769966026262011 147.02031867017297 -110.72145633189075 -215.80163185608222
657 19834.2018494606 5.259528846657476e7 -0.30461197926852535 -0.9476426906748703 -13.03792901272255 -0.2143388967292168 127.35968800699477 -11.13033810374776 30.3667185039551 -132.7583302946233 -300.65170953690756
658 19864.584453344345 5.237648875331703e7 -20.345692871642733 -36.76832690429205 -7.712101287187053 1.0254886258853304 129.20561873791303 -31.46332078454543 38.37727125620279 -148.09349220998274 -300.66127874132263
659 19894.149456501007 5.850402519917406e7 -15.939211432410275 -68.80826023915246 74.78109599667775 51.074237616610475 135.45155884687844 -0.645209001661101 60.748916799952326 -117.51111698849093 -220.19858827726262
660 19923.516613721848 5.257981724946957e7 -0.30779195262813275 -0.9503882561048949 -13.037851112982288 -0.2144717578783002 127.35934126383663 -11.293467398862333 30.037395431217533 -132.853306304424 -300.5936410431187
661 19952.608204841614 5.299683194317447e7 -4.888120008685604 -9.137650902854066 2.08049421957557 33.97579123509588 132.79037753861007 -10.54622873426564 32.74184394333099 -131.90869141992636 -296.03821670037973
662 19981.509698867798 5.257940522545608e7 -0.30880951990898353 -0.951176509739609 -13.037044059161914 -0.2141378426985483 127.35943070758968 -11.292421169388206 30.039343907569332 -132.85575124264932 -300.60405219994806
663 20010.5300822258 5.25793776229126e7 -0.3076706177417954 -0.9502212605426461 -13.037861870506525 -0.21447581753579925 127.35931579908036 -11.294464944816127 30.034943622710784 -132.85445155362243 -300.59559264430135
664 20039.511989593506 5.257934932668311e7 -0.30766923171305294 -0.9502193628943445 -13.037862000206886 -0.21447586677822983 127.35931550855597 -11.294535282850632 30.034943622710784 -132.85455334895113 -300.5961287566938
665 20068.862156629562 5.258412853265824e7 -0.3077893807260601 -0.9503148611042338 -13.037705880057324 -0.21440755708495374 127.35940784829603 -11.241444915490035 30.14933119966952 -132.8267252652306 -300.60847678264804
666 20098.049329280853 5.257992453142162e7 -0.3042221914707923 -0.9467315086991475 -13.03920583178477 -0.21505012038292648 127.35844909530721 -11.250939629754498 30.118673616428055 -132.83838306702268 -300.66122476263484
667 20127.21561908722 5.2582763407951646e7 -0.3112355796777919 -0.9529224243339423 -13.037319931269309 -0.2143502590910913 127.35949492412487 -11.237366498147253 30.147440131861117 -132.81893382367508 -300.6348598096971
668 20157.28108382225 5.332544829535552e7 -16.41422659194278 -29.740483970842885 3.2224557800752365 35.14481727414734 183.39071348037115 -18.522171110814327 54.695024974263674 -138.36545389193657 -301.07110136207064
669 20187.478511333466 5.5232559835508145e7 -12.427410421903286 -22.614262256327542 25.773050930574513 41.701294622037466 193.62665744072618 3.2403207694241587 88.71572481406258 -121.9471389642897 -300.6720138500392
670 20218.61335515976 5.529761458937748e7 -12.398507815283335 -22.562598267115746 27.2611629992913 41.85836504815295 193.8871443001219 4.106275806789824 90.3560569771397 -121.27572731358674 -301.0642622112064
671 20251.56033205986 5.9067831960493125e7 -45.08875113301471 -81.11469006721188 97.43037533504236 153.31769452828829 321.5960342114756 11.584560566949676 175.015872693196 -115.30119934813087 -296.5801977694405
672 20284.101898908615 5.906783404988735e7 -45.088751608926685 -81.11469043769002 97.43037512285036 153.3176945355414 321.59603420877 11.584597195801337 175.015872693196 -115.30116486238444 -296.5801977694405
673 20313.208312511444 5.2596544976036586e7 -0.3080133609304063 -0.950761953361587 -13.037130295333824 -0.214083333822785 127.35990183226087 -11.129354794700077 30.37198741575753 -132.75332496815537 -300.6396761684405
674 20342.291476249695 5.258055499512296e7 -0.30800151267418485 -0.9503863226935092 -13.037900413422541 -0.2145028447930315 127.35934827771129 -11.290193610016559 30.037631888189367 -132.84845395274164 -300.5833235157701
675 20371.801315546036 5.300386298224588e7 -4.887455873897096 -9.136896412407406 2.080476711842124 33.975774813658944 132.79028159377282 -10.529350196410178 32.75638025620674 -131.89276213875382 -295.8948404642723
676 20400.80880188942 5.258326241765134e7 -0.30931995374053756 -0.9513785240742703 -13.037598509921203 -0.2144174532262184 127.35936878108194 -11.236761149772917 30.146449335412058 -132.82191090073331 -300.62728423140936
677 20429.931834459305 5.258042926276625e7 -0.30813979779139444 -0.9506454900719747 -13.037762292544073 -0.21444198489760424 127.3593835998213 -11.290383361522572 30.037045722794915 -132.8485388733937 -300.5823724055639
678 20459.156534433365 5.258075984891978e7 -0.30812614353932943 -0.9506264465389185 -13.037800651913493 -0.21445994601270968 127.35935779216342 -11.289820054146844 30.038557400954346 -132.84792919689158 -300.58088591579974
679 20488.42960834503 5.258019850929306e7 -0.3092173102751836 -0.9518288253793514 -13.03720818400626 -0.21419120189500518 127.3597414077202 -11.291116991028161 30.047564486718215 -132.85482158665712 -300.58668082267855
680 20517.683827400208 5.8506489856564514e7 -15.939417076589923 -68.80848412388654 74.78119138972366 51.074250119544004 135.45159457088081 -0.6798713950797719 60.69702702985762 -117.49112487495739 -220.1851421175719
681 20548.587158203125 5.608009053013953e7 -28.505894258841842 -51.35339657354097 43.52155348231897 77.21767865941253 249.9185465983878 -3.4367216471295023 114.42963496219159 -126.90167547975813 -300.4320151549187
682 20577.760120868683 5.25795954331675e7 -0.3088449361609875 -0.9512714038320995 -13.037704638604005 -0.21443494775525096 127.35942537674664 -11.288681393413697 30.040194902131702 -132.84706703748026 -300.59886071607764
683 20606.672774791718 5.2580304560143754e7 -0.3085093639506873 -0.9508710190890195 -13.037435454301992 -0.21430856585058677 127.35938087184513 -11.288432158157775 30.04023455870947 -132.84975642961837 -300.5907371632928
684 20636.48881006241 5.237574034455913e7 -20.346128559017522 -36.768853369560645 -7.712045023187201 1.0255064780395173 129.2057044707773 -31.462478207018762 38.38169417721792 -148.09834826752876 -300.68989387925114
685 20666.985213041306 5.523357754400916e7 -12.426953421036934 -22.613854435878586 25.77299623841207 41.701279546429674 193.62661675138386 3.238607367103441 88.71188158843336 -121.9491388163234 -300.6508672412093
686 20700.0949549675 6.499023844083437e7 -60.836382096555944 -149.06095269444666 185.2796993159911 204.61473355206124 329.7078655148357 22.06412014152204 205.3444996109498 -99.98808209434361 -215.82096024079345
687 20733.217363119125 6.501061155460423e7 -60.85551667037512 -149.07583620480557 185.28333389403082 204.61561554808983 329.7091712452222 22.038882308002712 205.39198934650415 -99.98028929048678 -215.45668502689307
688 20761.904277324677 5.257890662324782e7 -0.30768708781875986 -0.9503177685594588 -13.037874347902608 -0.21447196133156865 127.35941600059486 -11.294312221938583 30.040162050001868 -132.85643242889813 -300.6067987049511
689 20791.193746089935 5.258333521472855e7 -0.3075306154291759 -0.9500758615439571 -13.037924213922722 -0.21450316328152041 127.35927547057432 -11.243032778817962 30.14293151283016 -132.8280122273145 -300.62057536977164
690 20820.373421907425 5.258328125203386e7 -0.30767455044252756 -0.9501547156212338 -13.037770434076911 -0.21443981327439587 127.3592762136352 -11.240848607745647 30.14656806118478 -132.82910670404772 -300.6277300939822
691 20849.795807361603 5.257944296862325e7 -0.30804954668040097 -0.95065660240593 -13.037659482871696 -0.21438693089578464 127.35941823719898 -11.29473929557821 30.035992922811033 -132.85459232183268 -300.5951891496668
692 20880.39489722252 5.523255935382247e7 -12.427402620277949 -22.614257185719843 25.77304304617443 41.701291533649666 193.6266541948632 3.2402481261186153 88.71572481406258 -121.94718762121795 -300.6720138500392
693 20909.84135746956 5.2584069977896415e7 -0.30695140433530455 -0.9494853715287483 -13.038183323290191 -0.2146169140098806 127.3591138252538 -11.238634400923104 30.14392890390411 -132.82272412073763 -300.6137465491788
694 20938.869868278503 5.257902747241166e7 -0.3066387672494386 -0.9494003577971775 -13.038049451142797 -0.2145293973950828 127.35923604372258 -11.287055409958327 30.067762399844014 -132.8523572576754 -300.6407404259307
695 20967.940929174423 5.257913045148139e7 -0.307733715904547 -0.95028302731121 -13.037812111240726 -0.21445408880570938 127.35934741608338 -11.294510109228156 30.038346254947783 -132.85662086736357 -300.6028947637851
696 20996.993947029114 5.258372365989919e7 -0.30754606220531144 -0.95007515744601 -13.037922089362048 -0.21450301104182756 127.35927717502481 -11.241947871744344 30.14525647807386 -132.82684014838634 -300.61886726489456
697 21026.49490427971 5.8506414554091565e7 -15.939467561713062 -68.80855002599168 74.78122761315639 51.07427327659154 135.45162533237036 -0.6803784782478601 60.696105420262484 -117.49154085802923 -220.18651658299024
698 21056.39044189453 5.332491415854884e7 -16.413665371392746 -29.739883583129824 3.222124880199594 35.14471665445946 183.39047958055983 -18.526621760290027 54.693814581424704 -138.3692740058758 -301.0754071901898
699 21086.49353480339 5.237648411327445e7 -20.345881728410713 -36.76862394319989 -7.712123965541885 1.025475456558766 129.2056543561535 -31.460279734277265 38.381435658491114 -148.09195794705988 -300.660706538043
700 21116.89343190193 5.52975627528167e7 -12.397979340964941 -22.562059465548316 27.26102667239121 41.85831232002485 193.8870465555433 4.105030933352452 90.35484871350752 -121.27676670130927 -301.06466215806165
701 21146.32569694519 5.299667685227086e7 -4.887553810930704 -9.136919921826332 2.080368358109922 33.97572455924423 132.79025002725714 -10.546924445625848 32.74079496611864 -131.9091404923559 -296.03814780537436
702 21178.4521856308 5.6205913092377305e7 -53.13027627210946 -95.36175293384352 63.97320338281957 112.65032344507054 257.1991306604168 -23.124156769509625 124.79349911196834 -141.4487085412875 -297.0409000658408
703 21210.696464538574 5.62058443351111e7 -53.13043690198109 -95.36187008938279 63.97334707563942 112.65037274083667 257.1991874194996 -23.124156967370766 124.79364324504104 -141.44883221683756 -297.0423766132396
704 21239.821294546127 5.2580540451687574e7 -0.3082555872767472 -0.9507789428942157 -13.037797298731014 -0.214459764924527 127.3594011070771 -11.290063052756636 30.04288505924694 -132.85021344377924 -300.5894073753026
705 21268.959282636642 5.25794782689767e7 -0.3078001014998648 -0.9503529973512963 -13.03779478831958 -0.21444840472499038 127.35933435359033 -11.294182742122928 30.035869135475878 -132.85418153497113 -300.5951891496668
706 21298.434720754623 5.2584043683421075e7 -0.30795962236406993 -0.950430713972974 -13.037843475025639 -0.2144783158123147 127.35931916043268 -11.239619280331226 30.144132378430072 -132.82337720076418 -300.6120685497887
707 21327.550948143005 5.257935273242433e7 -0.3076692945121202 -0.9502161609043034 -13.03786002138822 -0.21447507091119178 127.3593152126115 -11.29447571129009 30.034943622710784 -132.85449720709187 -300.5961287566938
708 21356.761920928955 5.25793898026562e7 -0.30800775635041333 -0.9504977050485142 -13.03772762325466 -0.2144231374920622 127.3593628896913 -11.292053345418537 30.038580171065178 -132.85525947230127 -300.6022110292548
709 21386.009623765945 5.257940289402505e7 -0.3079567721966505 -0.9504798554869671 -13.037801697753963 -0.21445379951300936 127.3593716896932 -11.294061737068091 30.034943622710784 -132.8540678770451 -300.5955926443013
710 21414.7225625515 5.258310643367067e7 -0.3073929791754253 -0.9499112935385714 -13.03796209578065 -0.21452021360555307 127.35923464332593 -11.243497493803488 30.141487500875655 -132.82854419598095 -300.6233204922178
711 21444.439997434616 5.258316462196552e7 -0.3075258173470914 -0.9501011630386174 -13.037917080497401 -0.214497451122881 127.35929238435854 -11.24297324748727 30.14239568934022 -132.82828804162074 -300.6225204622828
712 21473.526191473007 5.2996707107739426e7 -4.887859294246876 -9.137256538627392 2.0805389885465573 33.97579543421652 132.79032300793932 -10.54662115604475 32.74105325575135 -131.90891654033106 -296.0379471698768
713 21503.57966375351 5.5232560330887854e7 -12.427405080570121 -22.614262024658665 25.77304497445963 41.70129259265207 193.62665667104483 3.2403653925048275 88.71572481406258 -121.94711759323218 -300.6720138500391
714 21533.454486846924 5.332490545882597e7 -16.413811787257966 -29.739986464937008 3.2222853672054583 35.144773311843025 183.39056592044997 -18.526715311390717 54.69380839243672 -138.36953126154236 -301.0754071901898
715 21563.324073791504 5.237637424729836e7 -20.34589114250679 -36.768662460645956 -7.71211925118088 1.0254802953982676 129.2056704766113 -31.4634012152585 38.377414666077925 -148.09366027035134 -300.6626798233075
716 21593.33054304123 5.850657192675454e7 -15.939328089584386 -68.80840628148832 74.78117233983617 51.07424583278063 135.45158569595486 -0.6809645321352491 60.695196923391904 -117.49081954832741 -220.18359822988265
717 21623.978494405746 5.529760233124858e7 -12.398465051228072 -22.56256571974408 27.26114280911021 41.85835721451471 193.88713766144724 4.106231876450579 90.3560569771397 -121.2756978285978 -301.06445732887136
718 21658.13762974739 6.4845895596544005e7 -80.8760154804068 -184.8821831881745 190.5987753623711 205.85311786797584 331.55718466751415 1.914660989566812 213.7087860358131 -115.0784314610055 -215.09391982126527
719 21692.225509166718 6.4845895596544005e7 -80.87601332823141 -184.88218194297193 190.5987762196648 205.85311861823666 331.5571850262565 1.914660989566812 213.7087860358131 -115.0784314610055 -215.09391982126527
720 21721.615351200104 5.2580617178126864e7 -0.3081762151183085 -0.9507489217433083 -13.037740157572976 -0.21442850565284743 127.35941011795416 -11.290780163296802 30.038696370385082 -132.84939078060523 -300.58373840406466
721 21751.371649980545 5.332491753751867e7 -16.413828368780564 -29.73999725398014 3.2223029117593924 35.14477998866528 183.39057270694892 -18.526827449663813 54.69380839243672 -138.3695670678299 -301.07519225278656
722 21781.826485157013 5.529761513996824e7 -12.398524883960235 -22.5626150384615 27.26116468270611 41.858365283973455 193.88714579200027 4.106253714527554 90.3560569771397 -121.27573933488304 -301.0642622112064
723 21810.72015786171 5.257935425496712e7 -0.3076817469646578 -0.9502253247631876 -13.037860992537318 -0.2144760445061138 127.3593145412506 -11.294438011191573 30.034943622710784 -132.85446160211944 -300.5961287566938
724 21839.449387311935 5.25793716523413e7 -0.30770299421315883 -0.9502372318559065 -13.037829819238652 -0.21446270588374716 127.35931637780877 -11.294442126269814 30.034943622710784 -132.85444860183594 -300.5958727736305
725 21868.142583608627 5.257935425496712e7 -0.3076788846803389 -0.9502231200877471 -13.037861228367383 -0.21447604728362535 127.35931449522367 -11.294438011191517 30.034943622710784 -132.85446160211944 -300.59612875669376
726 21897.57423233986 5.257935437021264e7 -0.3076521092610065 -0.9502024954257067 -13.037863435529523 -0.21447607384550338 127.3593140638515 -11.294511229982618 30.034943622710784 -132.8545102830601 -300.5961287566938
727 21926.870473384857 5.257946330955279e7 -0.30765719685105 -0.9502196716546631 -13.037854699656506 -0.21447212290755147 127.35931461110209 -11.294367420092613 30.035869135475878 -132.85425209383442 -300.5951891496668
728 21956.02236533165 5.258319954738216e7 -0.3074888946941208 -0.9500335020998794 -13.037928493235242 -0.2145041655000881 127.35927109037196 -11.243216753540082 30.14200600006518 -132.82833527560234 -300.622051089191
729 21985.763308286667 5.2376300798338525e7 -20.34605085887666 -36.76878329857786 -7.712060499174825 1.0255015854793328 129.20569240906988 -31.460627726563928 38.3810610694361 -148.09242073154826 -300.66337254098755
730 22015.18451690674 5.257933949290025e7 -0.30748058036790127 -0.9500712240430422 -13.037891520581667 -0.2144831845578068 127.35930393538142 -11.29380150735301 30.036808607377907 -132.8537530214062 -300.5974647120489
731 22044.542920827866 5.8506252324696705e7 -15.939315847422925 -68.80839803053568 74.7811709480911 51.074246634573555 135.451586339362 -0.6817068493378429 60.6937896650619 -117.4917877468115 -220.18787408690883
732 22076.44312787056 5.501828673242384e7 -32.46572572388628 -58.432792315112266 31.09884392572394 42.94127201439174 195.4730354290667 -17.15002497741358 96.49690346964655 -137.27647980044748 -300.4988943568313
733 22109.022961854935 6.4220353401848145e7 -44.750890643175794 -120.28982656333682 169.01894604936746 169.25613680881733 273.6811175439925 29.523128034623483 181.26110320096848 -94.40174429264601 -216.43643305466293
734 22138.308764457703 5.258312923824589e7 -0.30764200259766383 -0.9501814125699459 -13.037844776793236 -0.214468249489002 127.35930762807952 -11.243482170941775 30.142970408693145 -132.8288637417346 -300.6244030752481
735 22169.34156394005 6.125956210260008e7 -28.030184697444653 -90.42081230231938 115.08021075498618 93.14709268168845 201.97942147253326 14.872200566196966 121.23323213226365 -105.77429687974563 -220.24221366245786
736 22199.144387722015 5.237639260015419e7 -20.346009553674076 -36.76875061213454 -7.712072168370426 1.0254978264565864 129.20568856703954 -31.46314365828505 38.377439115026846 -148.09346376658812 -300.66224380597356
737 22228.429673433304 5.299671066918984e7 -4.887801753652326 -9.137210138641215 2.080514611758396 33.97578679042847 132.79031457350524 -10.546425672995497 32.74105325575135 -131.90883663675925 -296.0379471698768
738 22257.89497089386 5.2579379260700904e7 -0.30764406572082237 -0.9502013499288893 -13.037876809854424 -0.2144816288202378 127.35931463997822 -11.294500463508655 30.034943622710784 -132.8544646295906 -300.59559264430135
739 22287.015452861786 5.257935948608144e7 -0.30775611719128904 -0.9503040920877286 -13.037829869775052 -0.21446234403511255 127.3593363612275 -11.294393529357592 30.034943622710784 -132.854424348333 -300.5961287566938
740 22316.387450933456 5.2579350036348715e7 -0.30765827261655687 -0.9502051497337725 -13.037867913034788 -0.21447850131795576 127.35931100202528 -11.294521756884649 30.034943622710784 -132.8545406328994 -300.5961287566938
741 22346.140022039413 5.258311149372836e7 -0.3076435221771696 -0.9501875078715214 -13.037884085856163 -0.21448581682535917 127.35930128085096 -11.243793769970466 30.141781519501365 -132.8287544717158 -300.62354908737063
742 22377.27570104599 6.108981036111473e7 -28.0659584705174 -90.47672744993314 113.59386734776047 92.99021735338025 201.71799969453636 13.621977743702246 118.84062533329404 -106.84574819310518 -221.01974874687193
743 22408.151669979095 6.106075546648552e7 -28.076089969028885 -90.4883613411475 113.59642236191809 92.99135921311637 201.72160666898526 13.459490108202317 118.44346822493833 -106.94993798311515 -221.20741126752102
744 22437.487889289856 5.258313958775766e7 -0.3075797795787629 -0.9501253116282964 -13.037888303957558 -0.2144868788732026 127.35929664554601 -11.243097527149757 30.14239568934022 -132.8283881252816 -300.6230565746752
745 22466.894014120102 5.8506574463655666e7 -15.939303081128905 -68.80838258270317 74.7811623985065 51.074241182795845 135.4515799501522 -0.6809334623058589 60.695196923391904 -117.49079036573585 -220.1835982298827
746 22495.798709630966 5.25793744521493e7 -0.3076678711023675 -0.9502180630171093 -13.037878068353649 -0.2144829271134654 127.35931383513812 -11.294560696935264 30.034943622710784 -132.85451801873023 -300.59559264430135
747 22524.67964243889 5.257934615591982e7 -0.30768434833602143 -0.9502275731775951 -13.037859502397424 -0.21447519908200263 127.35931449371395 -11.294631034969825 30.034943622710784 -132.854619814059 -300.5961287566938
748 22553.6522667408 5.2579455095259964e7 -0.30769126482541864 -0.9502392865586922 -13.037854391769407 -0.2144730038338878 127.35931516258798 -11.29448722507965 30.035869135475878 -132.85436162483336 -300.5951891496668
749 22583.01928305626 5.25793564335488e7 -0.30757487109307746 -0.9501420935049838 -13.037878993725478 -0.21448062249430677 127.35930735703026 -11.29442036772457 30.035028362051776 -132.8544778470386 -300.5961287566938
750 22612.113782644272 5.257934615591982e7 -0.3076827299543119 -0.9502265432353241 -13.037858953857217 -0.21447489479342607 127.35931519034035 -11.294631034969825 30.034943622710784 -132.85461981405888 -300.5961287566938
751 22641.957150936127 5.257935123074726e7 -0.3076526327568523 -0.9501990312957966 -13.037869926020697 -0.21447934525535572 127.35931030532858 -11.29451900143016 30.034943622710784 -132.85450990106034 -300.5961287566938
752 22670.984642505646 5.257939189768645e7 -0.30773617915089346 -0.9502898033748624 -13.037836290581438 -0.21446464910567897 127.3593341576897 -11.29423829537825 30.034943622710784 -132.85425200061053 -300.5955926443013
753 22700.617582559586 5.332490867481568e7 -16.41384839508776 -29.74001090476028 3.222302439650413 35.14477889505672 183.390571178603 -18.526769052362454 54.69380839243672 -138.36956095112657 -301.0754071901898
754 22730.700313329697 5.237615485120819e7 -20.346015431436026 -36.76875983270803 -7.7120682148547886 1.0254999088854362 129.20568913088056 -31.464101772236347 38.37638784382523 -148.0947702842655 -300.6669582240946
755 22761.172256946564 5.529764154283569e7 -12.398510667949587 -22.562603287076197 27.261152925384813 41.858362252434745 193.8871413768216 4.106241552710173 90.35552107333899 -121.27565951313392 -301.0636254793328
756 22791.56222629547 5.5232560115612246e7 -12.42740606233182 -22.614260839682455 25.773043244773945 41.70129145619413 193.62665468037642 3.240314240946816 88.71572481406258 -121.94714499286414 -300.6720138500391
757 22820.363812685013 5.299670047250086e7 -4.887716103928 -9.137131271609068 2.0804688201894237 33.97576855669023 132.79029225066714 -10.546504021245994 32.74105325575135 -131.90886580531742 -296.03805783742024
758 22849.63213133812 5.258313331054858e7 -0.30762890043341784 -0.9501750732886665 -13.03788019214118 -0.21448349336282035 127.3593070228242 -11.243607561420276 30.142970408693145 -132.82890342191075 -300.6241229459189
759 22881.506070375443 5.79299183182865e7 -24.51885988357538 -44.227637564194744 66.0721820211792 83.77431977378492 260.1545613882307 18.36408970939351 148.42744434777637 -110.4881585239159 -301.01254272571305
760 22913.672828674316 5.7929917879891135e7 -24.518861669185863 -44.22763930135495 66.07218296064926 83.7743201695948 260.1545618057462 18.364065274610994 148.42744434777637 -110.4881815409675 -301.01254272571305
761 22942.97456884384 5.257938674042725e7 -0.307649211359859 -0.9501988918368669 -13.037871163950783 -0.2144796843035266 127.35931109526672 -11.294321754627674 30.034943622710784 -132.85429623790083 -300.59559264430135
762 22971.923110485077 5.257935003745051e7 -0.30765076182231965 -0.9501947055464806 -13.037872959698618 -0.21448076896324153 127.35930856638855 -11.294496190823793 30.034943622710784 -132.8545165112488 -300.5961287566938
763 23001.745943784714 5.237615485120818e7 -20.346010919133274 -36.76875751757909 -7.712069015287668 1.0254997775111008 129.20568957317323 -31.464101772236347 38.37638784382523 -148.0947702842654 -300.6669582240946
764 23031.129423618317 5.257935265982974e7 -0.3077003832379006 -0.9502387537735624 -13.037859935296233 -0.21447614880797516 127.3593146175773 -11.29441434937678 30.034943622710784 -132.85446809491197 -300.59612875669376
765 23060.516173362732 5.2579350036348715e7 -0.3076625282271479 -0.9502098417701124 -13.03786555186069 -0.21447742420613736 127.35931272579604 -11.294521756884762 30.034943622710784 -132.8545406328994 -300.59612875669376
766 23089.62239432335 5.2579350036348715e7 -0.3076645669749354 -0.9502089877913047 -13.037861762330621 -0.21447596072870567 127.35931124776934 -11.294521756884762 30.034943622710784 -132.8545406328994 -300.59612875669376
767 23119.006021738052 5.299670759552863e7 -4.887755660634198 -9.137162298235129 2.0804937562552155 33.97577803720631 132.79030281592603 -10.546526665328827 32.74105325575135 -131.90889528964527 -296.0379471698768
768 23148.283777952194 5.299671001537659e7 -4.887819632826204 -9.137228225922279 2.0805186476776 33.97578875291221 132.79031937981662 -10.546574929390374 32.74105325575135 -131.908888191745 -296.0379471698768
769 23179.42382502556 5.5297640975024536e7 -12.398507121081675 -22.562599554749752 27.261150767199005 41.85836137668892 193.88714001247345 4.106288695411365 90.35552107333899 -121.27561486402914 -301.0636254793328
770 23208.65380525589 5.2579352733526126e7 -0.30765771454156265 -0.9502040905325488 -13.037866729332364 -0.21447805709409806 127.35931157428368 -11.294450145229348 30.034943622710784 -132.85447308544127 -300.5961287566938
771 23237.80140042305 5.299670513180429e7 -4.887786474689211 -9.137191524168419 2.0805006140729887 33.97578054115809 132.79030620482376 -10.546624317461465 32.74105325575135 -131.90896929754138 -296.0379471698768
772 23267.075241088867 5.8503965148802735e7 -15.939325038671537 -68.8084009106806 74.78116690389433 51.07424329565383 135.45158169980465 -0.6452252287830902 60.749782850109 -117.51155423160907 -220.2007665316769
773 23296.651132822037 5.332490779489093e7 -16.41383778945254 -29.74000379939387 3.2222943185909116 35.14477611474817 183.39056737021997 -18.526746232062408 54.69380839243672 -138.36953508783353 -301.0754071901898
774 23327.050860881805 5.5064822106561765e7 -3.2671127798689383 -6.240245436664066 12.417430875374578 35.43290102943128 192.66932549973876 3.222971440383617 86.48819186339267 -121.83251246708858 -299.5496296145187
775 23358.721908330917 6.182133137330487e7 -34.97876075587564 -102.83857893865013 117.98532328632922 122.23818436500811 257.05378957298825 7.338974336826311 142.9698580329798 -111.37482421900478 -219.22676857821818
776 23390.42987060547 6.182066781647842e7 -34.97898865829019 -102.83875352817844 117.98549534776174 122.23824443500719 257.0538832790436 7.338758423540014 142.96849292329955 -111.37595191086893 -219.23505766828987
777 23419.648892879486 5.25793810288901e7 -0.3076393530393311 -0.950189164386205 -13.03787555919974 -0.21448149829943475 127.35930867693011 -11.294405643240282 30.034943622710784 -132.8543752720774 -300.59559264430135
778 23448.78350377083 5.25793810288901e7 -0.30764035060386163 -0.9501884186717433 -13.037875035103717 -0.21448131881788868 127.35930867152364 -11.294405643240168 30.034943622710784 -132.8543752720774 -300.59559264430135
779 23477.769200086594 5.2579352732660614e7 -0.3076433432965118 -0.9501861815279549 -13.03787346281576 -0.21448078037363416 127.35930865530595 -11.294475981274786 30.034943622710784 -132.8544770674061 -300.5961287566938
780 23506.557673454285 5.258310016559821e7 -0.30765232137010656 -0.9501794700917188 -13.037868745952288 -0.2144791650414959 127.35930860665273 -11.243741500462193 30.142970408693145 -132.82908687728326 -300.62465905831135
781 23538.08111524582 5.595225711082055e7 -28.531928777873183 -51.402753848124945 42.03221704066065 77.06019440626321 249.65762355216106 -4.413920678328793 112.51206006363304 -127.70816802601212 -300.9117873999131
782 23569.56348633766 5.595225711082055e7 -28.53192866521937 -51.40275374939175 42.03221684077488 77.06019433174814 249.65762343703216 -4.413920678328793 112.51206006363304 -127.70816802601212 -300.9117873999131
783 23598.650823116302 5.258310180338653e7 -0.3076293427371617 -0.950178667345571 -13.037877668057803 -0.2144822966192521 127.35930681055162 -11.243777019154663 30.142970408693145 -132.8290999532515 -300.6246590583114
784 23629.610668182373 5.237638740000587e7 -20.34599285988723 -36.768733185761896 -7.7120791590706474 1.0254952790346863 129.2056852520262 -31.463283398850194 38.377439115026846 -148.09358731938067 -300.66224380597356
785 23658.951727867126 5.2579352732660614e7 -0.3076430865523818 -0.9501861715130264 -13.03787309014502 -0.21448059439182998 127.35930869557865 -11.294475981274786 30.034943622710784 -132.8544770674061 -300.5961287566938
786 23688.276458978653 5.258310016559821e7 -0.30764719962700227 -0.9501911795671303 -13.037873712318444 -0.2144810415954339 127.35930853659067 -11.243741500462136 30.142970408693145 -132.82908687728326 -300.6246590583114
787 23718.27887415886 5.332491003504698e7 -16.413828053117342 -29.73999086381344 3.2222898607687966 35.14477451385589 183.39056637882325 -18.52668296536922 54.69380839243672 -138.3695052717233 -301.0754071901898
788 23747.216347694397 5.2579352732660614e7 -0.30764306504917727 -0.9501861706803458 -13.037873058921093 -0.21448057880961358 127.35930869895392 -11.29447598127473 30.034943622710784 -132.8544770674061 -300.5961287566938
789 23776.275200366974 5.25793545754548e7 -0.3076674176354999 -0.9502061758305613 -13.037866403743124 -0.2144783121514422 127.35931036340361 -11.294420647707284 30.034943622710784 -132.85444529790738 -300.5961287566938
790 23805.16555094719 5.257938298692982e7 -0.3076318729272174 -0.9501800621954972 -13.037879563599702 -0.21448306291421204 127.35930839951621 -11.294423528463767 30.034943622710784 -132.85439218351922 -300.59559264430135
791 23834.641380548477 5.2579351675238825e7 -0.3076427626666778 -0.950186716820629 -13.037871341066975 -0.21447974734937247 127.35930914306688 -11.294531709516207 30.034943622710784 -132.85452958721697 -300.59612875669376
792 23865.470547676086 5.529762187094359e7 -12.398495362010841 -22.562583722307394 27.261147150103277 41.858359756464424 193.88713897675487 4.106157352182947 90.35552107333899 -121.27573776854831 -301.0638205969978
793 23895.111481904984 5.258310360920269e7 -0.3076417505312463 -0.9501841729984504 -13.03787566664856 -0.21448177521509137 127.3593075028092 -11.243919202514633 30.141781519501365 -132.8288519895121 -300.62354908737063
794 23924.977390766144 5.850396290350238e7 -15.939315489647434 -68.80839041231852 74.78115359040456 51.074241198661014 135.45158092121252 -0.6452851229009866 60.749782850109 -117.51161071802142 -220.2007665316769
795 23954.493714094162 5.299671057203349e7 -4.8877793915405405 -9.137183505834553 2.0805058006579102 33.97578279433321 132.79030852289426 -10.546453928105791 32.74105325575135 -131.9088501688055 -296.0379471698768
796 23984.775963783264 5.523255935382247e7 -12.427398388908717 -22.614247886024387 25.773039685208154 41.701289895542416 193.62665325271402 3.2402481261186153 88.71572481406258 -121.94718762121795 -300.6720138500391
797 24014.092185020447 5.2579351675238825e7 -0.3076394423473232 -0.9501810618486601 -13.037873329712163 -0.214480574605858 127.35930875309735 -11.29453170951632 30.034943622710784 -132.85452958721697 -300.5961287566938
798 24046.685116767883 5.857212955863806e7 -31.46547419003142 -56.64335687442858 68.97698494201566 112.8650964398798 315.228634268139 11.105862470277373 170.80284881322882 -115.86039747352089 -299.1170598289121
799 24079.81079363823 5.8572129608366065e7 -31.46547092808012 -56.64335437554092 68.97698489740856 112.86509622855709 315.22863398855446 11.105871194256565 170.80284881322882 -115.86039287739163 -299.11705982891203
800 24108.939244270325 5.258310180338653e7 -0.30763680337857124 -0.950187104759527 -13.037874363612985 -0.21448093129082224 127.35930817911824 -11.243777019154663 30.142970408693145 -132.8290999532515 -300.6246590583114
801 24138.78003358841 5.299671117972115e7 -4.887782400052906 -9.137183977130965 2.0805016003609325 33.97578101075031 132.79030811100515 -10.546465603458614 32.74105325575135 -131.90883303851263 -296.0379471698768
802 24167.551918029785 5.258309990378101e7 -0.3076430813054998 -0.9501850857862602 -13.037874197335064 -0.21448114947280317 127.35930797726527 -11.243739165295494 30.142970408693145 -132.82908544431115 -300.62465905831135
803 24196.51331591606 5.258309990378101e7 -0.3076441074304519 -0.9501862457881431 -13.037873278014835 -0.21448074284027996 127.35930861472042 -11.243739165295494 30.142970408693145 -132.82908544431115 -300.62465905831135
804 24225.59752035141 5.257935273155882e7 -0.30765287222458326 -0.9501954858807613 -13.037869887475004 -0.21447927840438297 127.35931090127 -11.294501547335756 30.034943622710784 -132.8545011890567 -300.5961287566938
805 24254.57401585579 5.258309990378101e7 -0.3076403018302045 -0.9501839035997524 -13.037876791456156 -0.21448219116639677 127.35930840307297 -11.243739165295494 30.142970408693145 -132.82908544431115 -300.6246590583114
806 24285.546450853348 5.513451842639818e7 -32.436841568877384 -58.381132702424786 32.586942402735914 43.09833684134095 195.73351574992358 -15.98644672673214 98.84210756318157 -136.3482254648934 -300.7223940952422
807 24314.842864513397 5.257935003745051e7 -0.3076526581082071 -0.9501937739767659 -13.037872115629149 -0.21448046190205616 127.3593092140609 -11.294496190823793 30.034943622710784 -132.8545165112488 -300.5961287566938
808 24345.016471147537 5.332491003504698e7 -16.41382670926242 -29.739990249821453 3.222290334138833 35.14477472630084 183.39056654358942 -18.52668296536922 54.69380839243672 -138.3695052717233 -301.0754071901898
809 24373.742723703384 5.2579352732660614e7 -0.30764293800653775 -0.950186230870381 -13.037873566529584 -0.214480792631079 127.35930878151989 -11.29447598127473 30.034943622710784 -132.8544770674061 -300.59612875669376
810 24403.198685884476 5.850396290350238e7 -15.939315727680285 -68.8083904805528 74.7811539839426 51.07424140149142 135.45158093451823 -0.6452851229009866 60.749782850109 -117.51161071802142 -220.2007665316769
811 24433.693199157715 5.5232559876168884e7 -12.427398347175206 -22.61424790339408 25.77304007460642 41.70129008463191 193.62665327634664 3.240271747064128 88.71572481406258 -121.94716534419797 -300.6720138500391
812 24462.741599798203 5.258310286167383e7 -0.30764715240868057 -0.9501873827239509 -13.037871833537324 -0.21448023658055604 127.35930900706471 -11.243695454867634 30.142970408693145 -132.8290434514758 -300.6246590583114
813 24493.985474824905 5.9429367385868385e7 -56.66436168241623 -141.60403309200615 111.48574650490939 121.86383838419489 198.76038060703755 -27.78972790874542 95.21369225621879 -137.54380191980295 -215.69325374635088
814 24524.272498607635 5.965167707171377e7 -36.626138209603184 -105.78557872202585 106.15988152293747 120.62384560992568 196.91399950321443 -7.394442957960791 87.4214129868833 -122.19483965327635 -215.7961172401861
815 24553.54970884323 5.2579352732660614e7 -0.3076416944745688 -0.9501861225375725 -13.03787458529927 -0.21448119975684676 127.35930863114618 -11.294475981274786 30.034943622710784 -132.8544770674061 -300.5961287566938
816 24582.647066116333 5.257938298692982e7 -0.30763674800735785 -0.9501859455655035 -13.0378779527504 -0.21448245790647036 127.3593085586663 -11.294423528463653 30.034943622710784 -132.85439218351922 -300.59559264430135
817 24614.63196659088 6.226595046448748e7 -48.744979538467895 -127.44895455475215 144.97049750319024 162.53948851243075 263.18112104458055 6.745235229226125 145.19352415805417 -111.58646509226315 -215.6658724946472
818 24646.63486623764 6.2265950464487486e7 -48.744979420047855 -127.44895449505185 144.9704975387534 162.53948849575323 263.18112101830286 6.745235229226125 145.19352415805417 -111.58646509226321 -215.66587249464726
819 24675.89945459366 5.258313009961602e7 -0.30763617800740306 -0.9501878486940702 -13.037875309676942 -0.21448131655975544 127.35930813877307 -11.243706681120102 30.142970408693145 -132.82899815792285 -300.62412294591894
820 24705.61144566536 5.850387266496904e7 -15.939307296387177 -68.80838737507949 74.78115380376667 51.07423970878227 135.45158084445617 -0.6454193757859912 60.74938997077368 -117.51172148960825 -220.20227226793486
821 24734.555927991867 5.257938298692982e7 -0.3076370279739358 -0.9501848221647613 -13.037877681600008 -0.21448235983969255 127.35930860830204 -11.294423528463653 30.034943622710784 -132.85439218351934 -300.59559264430135
822 24764.865253448486 5.332490809618673e7 -16.41382015086682 -29.739988636559094 3.2222869341123754 35.14477329563904 183.39056665700772 -18.5267306221985 54.69380839243672 -138.3695280015703 -301.0754071901898
823 24795.340377807617 5.5297640904062815e7 -12.398487428283726 -22.5625827086222 27.261140747747 41.85835759316754 193.88713861677493 4.106258579059045 90.35552107333899 -121.2756292874684 -301.0636254793328
824 24824.619277000427 5.257938298692982e7 -0.30763699714024995 -0.9501863135409225 -13.037877905242667 -0.21448242620041924 127.35930906435445 -11.294423528463767 30.034943622710784 -132.85439218351922 -300.59559264430135
825 24853.652869462967 5.258313152550836e7 -0.30762819367345884 -0.9501772006087696 -13.037881186551772 -0.21448383908800395 127.35930640970825 -11.243641733871584 30.142970408693145 -132.82896692392404 -300.62412294591894
826 24882.600427627563 5.257938298692982e7 -0.30763748409379943 -0.950186332845262 -13.03787753007591 -0.21448229312468925 127.35930865611296 -11.29442352846388 30.034943622710784 -132.85439218351922 -300.59559264430135
827 24911.713398456573 5.257938298692982e7 -0.307627667464061 -0.9501789797187303 -13.037879397717397 -0.21448281038256312 127.3593080793973 -11.294423528463653 30.034943622710784 -132.85439218351922 -300.59559264430135
828 24940.84950709343 5.257938408566603e7 -0.3076004258287739 -0.9501580821737541 -13.037883732618198 -0.21448386781054296 127.35930664158893 -11.294345130914849 30.034943622710784 -132.85438699429307 -300.5955926443013
829 24971.957332849503 5.592927994651749e7 -19.34440877855982 -34.978384112621704 30.165624298454127 70.94919885037861 248.96104292524385 -2.9846010885145233 113.08916351895596 -126.53238738923159 -299.62163178382787
830 25003.024290323257 5.592927994651749e7 -19.344409028563394 -34.978384672247586 30.165624557598093 70.94919896489122 248.9610429378633 -2.9846010885145233 113.08916351895596 -126.53238738923159 -299.6216317838279
831 25032.687990903854 5.2583132034703314e7 -0.3076273058667738 -0.950181407078504 -13.037877944674761 -0.2144821821787133 127.35930772112097 -11.243595866333521 30.142970408693145 -132.8289449568661 -300.62412294591894
832 25061.793266296387 5.299670501464569e7 -4.887739910520818 -9.13715708722501 2.080489436184344 33.97577783481276 132.79030641985156 -10.546437451769236 32.74105325575135 -131.90882412205764 -296.03805783742024
833 25091.511669158936 5.2376386128861666e7 -20.345953407180552 -36.76871411863058 -7.712088932552135 1.0254928957144642 129.20568280493373 -31.463312534892566 38.377414666077925 -148.09353949499422 -300.6622438059736
834 25120.700941562653 5.257935578943655e7 -0.30760377587026966 -0.950160224887032 -13.037880543759094 -0.2144825453153203 127.35930685146002 -11.294415468949353 30.034943622710784 -132.85448878962177 -300.5961287566938
835 25149.845252990723 5.2583133881817035e7 -0.3075987528433295 -0.950156371675285 -13.037884928548749 -0.2144844681435245 127.359305303659 -11.243477635564489 30.142970408693145 -132.8289022865912 -300.62412294591894
836 25179.523557662964 5.258313337262207e7 -0.30758926025670164 -0.9501466786679567 -13.03788755233385 -0.21448542731070575 127.35930458138013 -11.243523503102551 30.142970408693145 -132.82892425364918 -300.62412294591894
837 25209.148633480072 5.257938337018556e7 -0.3076112583266415 -0.9501665450321237 -13.03788173382376 -0.21448327905760323 127.3593076884603 -11.29440958035002 30.034943622710784 -132.85441786066463 -300.59559264430135
838 25238.98117518425 5.332490852350322e7 -16.413783656906986 -29.73996067470851 3.222280870983546 35.14477177529646 183.39056463603893 -18.52666067534284 54.69380839243672 -138.3695174940923 -301.0754071901898
839 25268.625277996063 5.850364435648297e7 -15.939282871450882 -68.8083710603335 74.78115436196485 51.07424035468365 135.45158108900128 -0.6461017358120671 60.74837559177877 -117.51265617284338 -220.20504238870302
840 25297.898092269897 5.257938408566603e7 -0.3076002022408879 -0.9501578533664299 -13.03788387469642 -0.21448394905237933 127.35930640925129 -11.294345130914849 30.034943622710784 -132.85438699429307 -300.59559264430135
841 25327.206649780273 5.258313245592469e7 -0.3075995314770701 -0.9501571669442104 -13.037884300931196 -0.21448419277830055 127.3593057122377 -11.243542582813063 30.142970408693145 -132.82893352058994 -300.62412294591894
842 25358.11240363121 6.10579505106522e7 -28.059107950021684 -90.47249853093486 113.59209685386487 92.99002597683642 201.7189393742098 13.42232537698419 118.35350816806022 -106.9705949818989 -221.16962025883748
843 25389.471601486206 6.10579505106522e7 -28.05910797503908 -90.47249857242369 113.59209697750208 92.99002599778677 201.7189393784201 13.422325376984077 118.35350816806022 -106.9705949818989 -221.16962025883748
844 25418.332885742188 5.257938035472406e7 -0.3076068565229555 -0.9501668457566366 -13.037882042907547 -0.21448330486157374 127.35930667886628 -11.294447423368013 30.034943622710784 -132.85445346903373 -300.59559264430135
845 25448.111078739166 5.850364524263729e7 -15.93927145372503 -68.80835969658631 74.78114941740196 51.07423863757924 135.45157876857468 -0.6460605734906153 60.74837559177877 -117.51261722695784 -220.20504238870302
846 25478.63549876213 5.529761038030474e7 -12.39844853776545 -22.5625524180565 27.261135732676998 41.85835648324084 193.8871361035901 4.105903090226718 90.35456957343536 -121.27590386801069 -301.06344312095877
847 25507.655530929565 5.257938408566603e7 -0.3076003165973731 -0.9501579572150485 -13.037883855845166 -0.21448394277470584 127.35930642572744 -11.294345130914849 30.034943622710784 -132.85438699429307 -300.59559264430135
848 25536.97584414482 5.2579383821992055e7 -0.30760289401277063 -0.9501614599362798 -13.037882698563259 -0.21448346616028857 127.35930673492463 -11.294375829634191 30.034943622710784 -132.85440093030212 -300.59559264430135
849 25566.073158740997 5.2579355525762565e7 -0.30760723006598667 -0.950163246741667 -13.03787982844726 -0.2144823169934824 127.35930711475211 -11.294446167668696 30.034943622710784 -132.85450272563082 -300.5961287566938
850 25595.546053647995 5.257938035362225e7 -0.3076100791651868 -0.9501669835565965 -13.037881305682632 -0.21448297368797853 127.35930840979191 -11.294472989428868 30.034943622710784 -132.85447759068433 -300.59559264430135
851 25624.806175470352 5.2579383821992055e7 -0.30760554361043546 -0.9501623850195839 -13.037882962278431 -0.21448365098262911 127.35930718750176 -11.294375829634191 30.034943622710784 -132.85440093030212 -300.5955926443013
852 25654.74969959259 5.3324910462363474e7 -16.41377986932788 -29.73995806020113 3.222279225490219 35.14477131898332 183.3905635544231 -18.52661301851367 54.69380839243672 -138.36949476424525 -301.0754071901898
853 25684.403076410294 5.2376386128861666e7 -20.345949722145562 -36.76871090687828 -7.712089669979541 1.0254926348297602 129.20568210065105 -31.463312534892566 38.377414666077925 -148.09353949499416 -300.66224380597356
854 25713.417070388794 5.258313123124926e7 -0.3076042230368152 -0.9501593002752431 -13.03788342449586 -0.214484034139943 127.35930556571783 -11.243652899786298 30.142970408693145 -132.8289863540195 -300.62412294591894
855 25742.83467888832 5.257938408566603e7 -0.30760068494834414 -0.9501583138164973 -13.037883671178328 -0.21448386423291765 127.3593065563239 -11.294345130914905 30.034943622710784 -132.85438699429307 -300.59559264430135
856 25771.796021699905 5.299670501464569e7 -4.887739650224578 -9.137156778138365 2.0804890474829847 33.975777622030776 132.79030590432933 -10.546437451769293 32.74105325575135 -131.90882412205764 -296.0380578374202
857 25802.037798643112 5.523256575946931e7 -12.427358557935136 -22.614222829822896 25.77302997674888 41.70128707227285 193.62665150356753 3.2405371849077937 88.71572481406258 -121.94697167691095 -300.6720138500391
858 25831.609256267548 5.257938333821736e7 -0.3075813037189761 -0.9501435148711508 -13.037890067662751 -0.21448612888396212 127.35930476240902 -11.294396006067757 30.034943622710784 -132.8544105641045 -300.59559264430135
859 25860.771218299866 5.257938920985951e7 -0.3075246081360632 -0.9501004993723425 -13.037908646561476 -0.21449266837878156 127.3592998218845 -11.29424049771876 30.035028362051776 -132.85426391382407 -300.59559264430135
860 25891.673659801483 5.3153203169406116e7 -36.45209610537344 -65.55849624714533 8.548072680059981 36.384748044173634 185.236943411876 -38.99183466483373 62.40258468105674 -153.67853393716547 -300.153638798103
861 25922.61306285858 5.315320644217388e7 -36.45209134541966 -65.55849238643934 8.548068118963279 36.38474609200803 185.23694217630987 -38.99169905622165 62.40258468105674 -153.67846927164845 -300.153638798103
862 25951.956387996674 5.25831338050377e7 -0.30762136812258944 -0.9501746783954541 -13.03787969095378 -0.21448286575466113 127.3593060999091 -11.243886718339297 30.141781519501365 -132.8287647031238 -300.6230129749782
863 25982.04895210266 5.237638528643668e7 -20.34593262826932 -36.76870012467943 -7.712100445990359 1.0254885211726759 129.20568089011653 -31.463318690887206 38.377414666077925 -148.093545296571 -300.66224380597356
864 26011.391773939133 5.257938333821736e7 -0.3075821388677831 -0.950142414064401 -13.037888296974856 -0.21448538622931324 127.35930467425918 -11.294396006067643 30.034943622710784 -132.8544105641045 -300.59559264430135
865 26040.317257404327 5.257935504198788e7 -0.3075846443126693 -0.9501391116426916 -13.03788298491176 -0.214483158265935 127.35930440980607 -11.294466344102204 30.034943622710784 -132.85451235943322 -300.5961287566938
866 26069.950699329376 5.257935403622934e7 -0.3075921606299765 -0.9501292043645106 -13.037867048726739 -0.21447647437929618 127.35930361644819 -11.294461942551948 30.035028362051776 -132.85450817430666 -300.5961287566938
867 26101.630296707153 5.619667839295969e7 -53.12311496507578 -95.35788983552797 63.965449155433596 112.64784162134553 257.19576931707167 -23.15645073810464 124.68868758365079 -141.50029467782065 -296.97919195527174
868 26133.835550546646 5.619667839295969e7 -53.123114962411265 -95.35788983317121 63.96544914366907 112.64784161730822 257.1957693159725 -23.15645073810464 124.68868758365079 -141.5002946778207 -296.9791919552718
869 26163.084010601044 5.258310550880821e7 -0.30761523170781757 -0.9501685000708004 -13.037880927810043 -0.21448325544987767 127.35930540724392 -11.243957056373802 30.141781519501365 -132.8288664984525 -300.62354908737063
870 26192.125640630722 5.257935202652637e7 -0.3076040049993054 -0.9501560003757312 -13.037871081311692 -0.21447840345356894 127.35930618840038 -11.29450418712014 30.034943622710784 -132.8545479678022 -300.59612875669376
871 26221.391359567642 5.257935202542456e7 -0.3075991989806397 -0.9501531707619426 -13.0378761648103 -0.21448033776080422 127.35930719456931 -11.294529753181052 30.034943622710784 -132.8545720894528 -300.5961287566938
872 26251.310113191605 5.237638528643668e7 -20.345943169385006 -36.768701775754735 -7.712086604843442 1.025494351956354 129.20568075625388 -31.463318690887206 38.377414666077925 -148.09354529657088 -300.6622438059736
873 26280.210401773453 5.257937396190484e7 -0.30761459757627563 -0.9501568660550124 -13.037852475454294 -0.21447045744150728 127.35930603172314 -11.294432759081928 30.034943622710784 -132.85446375417723 -300.5958727736305
874 26309.21712231636 5.257935504198788e7 -0.3075792259412573 -0.950134385081558 -13.037886316306476 -0.21448448896907735 127.35930391203853 -11.29446634410209 30.034943622710784 -132.85451235943322 -300.5961287566938
875 26338.427542448044 5.257938534792036e7 -0.3075629708252876 -0.9501202053968205 -13.037896310491291 -0.2144884810786607 127.35930241873608 -11.294353761499394 30.035028362051776 -132.85437077060897 -300.59559264430135
876 26368.596753835678 5.237638382730018e7 -20.345997437165032 -36.768748244611544 -7.7120722931577745 1.0254980221228323 129.20568031562695 -31.463332587351715 38.377439115026846 -148.09362822256986 -300.66224380597356
877 26398.52456998825 5.237638382730018e7 -20.3460016089408 -36.768750968432705 -7.712068422237671 1.0254996271251997 129.2056805980143 -31.463332587351715 38.377439115026846 -148.09362822256986 -300.66224380597356
878 26427.137833356857 5.258310664044146e7 -0.30761367190072875 -0.9501629631157149 -13.037874839558178 -0.21448053436620285 127.35930483114905 -11.243903275040054 30.141781519501365 -132.82885469454914 -300.6235490873707
879 26456.308324337006 5.2579462975569494e7 -0.3075755218693068 -0.9501439124516917 -13.037882809763857 -0.21448270072373532 127.35930283215768 -11.294318132661829 30.035953874816983 -132.85424998508108 -300.5951891496668
880 26485.814613819122 5.257935202542456e7 -0.3075987519401764 -0.9501537742007171 -13.03787639214817 -0.21448050105297511 127.35930643420659 -11.294529753181052 30.034943622710784 -132.8545720894528 -300.5961287566938
881 26514.77656507492 5.258310526099616e7 -0.30758781519637424 -0.9501425470663838 -13.037880320403048 -0.21448220370747606 127.35930345858581 -11.243900647857402 30.141781519501365 -132.82885335686922 -300.6235490873707
882 26543.91062951088 5.257936091363002e7 -0.30754742417851944 -0.9501114771336496 -13.037888834127884 -0.21448452457219958 127.35930273766664 -11.294310835753265 30.035028362051776 -132.85436570915277 -300.59612875669376
883 26574.781422138214 5.5232915284184866e7 -12.427328729664943 -22.614190957164205 25.77302369432519 41.701285165911685 193.62664769846592 3.2404161966294964 88.71539770451488 -121.9467901550563 -300.6685075448912
884 26604.284292936325 5.257935504198788e7 -0.30758468110177617 -0.9501398020047382 -13.037883543707395 -0.21448337483015223 127.35930461668083 -11.29446634410209 30.034943622710784 -132.85451235943322 -300.5961287566938
885 26633.30264735222 5.257937396190484e7 -0.3076098888025136 -0.9501527840285613 -13.037855631879033 -0.21447174842431593 127.3593055328616 -11.294432759081928 30.034943622710784 -132.85446375417723 -300.5958727736305
886 26663.01673769951 5.2579354492479905e7 -0.3075866286279698 -0.9501416731171002 -13.037883198608746 -0.2144833074703314 127.35930395811683 -11.294493896913139 30.034943622710784 -132.85453828523703 -300.5961287566938
887 26692.96400141716 5.300378060645369e7 -4.887711558448359 -9.13712595850609 2.080485161430552 33.97577596013407 132.79030256912978 -10.528855087901832 32.7580080871038 -131.892831285571 -295.89712674731214
888 26722.805682897568 5.237638528643668e7 -20.34593873354125 -36.76869871831175 -7.712090097116828 1.0254929810045041 129.20568043216738 -31.463318690887206 38.377414666077925 -148.09354529657088 -300.66224380597356
889 26752.57207942009 5.850364387104826e7 -15.93924919540202 -68.80833839002405 74.78113420254255 51.0742367681616 135.45157583782773 -0.6460992868438211 60.74837559177877 -117.512653783254 -220.20504238870302
890 26782.955083608627 5.52976060945234e7 -12.398436306277262 -22.56253792070053 27.261132677651915 41.85835664043479 193.887134038589 4.10584760998114 90.35402515093449 -121.27595709246589 -301.0631934018079
891 26812.947624206543 5.33291826800021e7 -16.41374402083565 -29.739919469560682 3.2222675803654113 35.14476703668228 183.3905591866001 -18.520103079909006 54.71668765029017 -138.3652983987946 -301.01627281882077
892 26845.67929673195 6.215990244717681e7 -68.75488374489814 -163.2161589008849 151.78452126533762 163.93658705706025 265.2880482055411 -12.550907259539542 155.1561156960281 -126.04607281807085 -215.63499661540163
893 26877.934782505035 6.215990244717681e7 -68.75488394659423 -163.2161589512176 151.78452130651576 163.9365870692831 265.28804823820855 -12.550907259539542 155.1561156960281 -126.04607281807085 -215.63499661540163
894 26907.18518471718 5.257935578943655e7 -0.30761720326874453 -0.950169150542302 -13.037871146847806 -0.214478743874011 127.35930775390193 -11.294415468949467 30.034943622710784 -132.85448878962177 -300.5961287566938
895 26937.24382352829 5.237638528643668e7 -20.34592504485259 -36.76868879918425 -7.7121025350882135 1.025487833815717 129.20567972983127 -31.463318690887206 38.377414666077925 -148.09354529657088 -300.6622438059736
896 26966.045237779617 5.257935504198788e7 -0.3075873243879137 -0.9501398468120863 -13.03787790858329 -0.21448096225105928 127.3593047581266 -11.294466344102261 30.034943622710784 -132.85451235943322 -300.5961287566938
897 26995.271659851074 5.257935504198788e7 -0.3075829163256891 -0.9501366203079797 -13.03788231121932 -0.2144828223002122 127.35930397807746 -11.29446634410209 30.034943622710784 -132.85451235943322 -300.5961287566938
898 27024.49867272377 5.257935923909843e7 -0.30756023348427775 -0.9501199742856601 -13.03788999529997 -0.21448551768247626 127.35930294667845 -11.294375966450957 30.035028362051776 -132.85442722031024 -300.5961287566938
899 27053.886609315872 5.257935504198788e7 -0.307581438155367 -0.9501412809323719 -13.037884061060787 -0.21448347630747833 127.35930412176384 -11.294466344102204 30.034943622710784 -132.85451235943322 -300.5961287566938
900 27084.016864538193 5.237636473025202e7 -20.345915913083736 -36.7686827443766 -7.712108930709583 1.0254852452785315 129.20567820065173 -31.46340424853321 38.37742780022279 -148.0936540674499 -300.6626798233075
901 27112.975256204605 5.257935202652637e7 -0.307574631039774 -0.9501301519201313 -13.03788884982 -0.21448555775640443 127.35930301932443 -11.294504187120197 30.034943622710784 -132.8545479678022 -300.5961287566938
902 27142.134732723236 5.258313537939041e7 -0.30756084633275194 -0.9501174524334415 -13.037896450360904 -0.21448876411885465 127.35930034118205 -11.243769656198538 30.141781519501365 -132.82872256335992 -300.6230129749782
903 27174.112310886383 5.829565118218126e7 -29.098355610160166 -52.41362399630202 81.19039330430445 117.96437923862736 265.58546976315847 18.81777598174972 150.52244435311263 -109.86940866890802 -296.68852789995265
904 27206.797889709473 5.829565118218126e7 -29.09835552499054 -52.4136238547126 81.19039322315133 117.9643792136563 265.5854696527772 18.817775981749605 150.52244435311263 -109.86940866890802 -296.6885278999527
905 27236.207311868668 5.258310550880821e7 -0.30761278348844456 -0.9501660768972657 -13.037881474936889 -0.21448349934871658 127.35930468404672 -11.243957056373802 30.141781519501365 -132.8288664984525 -300.62354908737063
906 27265.492809295654 5.257935202652637e7 -0.30756808535412006 -0.9501206517504972 -13.037892852143678 -0.2144871827664332 127.35930302992817 -11.294504187120197 30.034943622710784 -132.8545479678022 -300.59612875669376
907 27295.186099529266 5.3329184471670024e7 -16.413758785642695 -29.739934388710562 3.2222750643323224 35.144769973877175 183.39056085154144 -18.520088221848596 54.71668765029017 -138.36528440147436 -301.01627281882077
908 27325.036817789078 5.237638237161135e7 -20.34593125192208 -36.76869101498541 -7.712094553017806 1.0254910939478208 129.20567890557177 -31.463353590669215 38.377414666077925 -148.0935781870749 -300.66224380597356
909 27354.14365172386 5.258311251200732e7 -0.30758996867643873 -0.9501384840518607 -13.037886819144681 -0.21448530105192276 127.35930148819011 -11.243705282158317 30.141781519501365 -132.82872804862012 -300.62354908737063
910 27383.054146051407 5.257935202542456e7 -0.307585929682606 -0.9501404927695978 -13.03788511547178 -0.21448405746552623 127.35930505452379 -11.294529753180939 30.034943622710784 -132.8545720894528 -300.5961287566938
911 27413.801659822464 5.5232563177297644e7 -12.427331955483758 -22.614193335501767 25.7730244042831 41.7012852766826 193.62664734591078 3.240402965983378 88.71572481406258 -121.94707840101381 -300.6720138500391
912 27442.6797208786 5.257935403622934e7 -0.30756609662459056 -0.9501250875384244 -13.037890855085337 -0.21448614176445346 127.35930293778313 -11.294461942551834 30.035028362051776 -132.85450817430666 -300.5961287566938
913 27472.22108721733 5.257935202652637e7 -0.3075893029676031 -0.9501398455394998 -13.037872599913193 -0.21447871685947462 127.3593042963972 -11.29450418712014 30.034943622710784 -132.8545479678022 -300.59612875669376
914 27501.465238571167 5.257935202652637e7 -0.30757223482852325 -0.9501289025546757 -13.037889184855878 -0.21448560660901705 127.35930321094294 -11.29450418712014 30.034943622710784 -132.8545479678022 -300.5961287566938
915 27530.617874383926 5.2579380797443524e7 -0.3075872463106215 -0.9501434682196628 -13.037886773954796 -0.21448489285455707 127.35930565610688 -11.294384142561057 30.034943622710784 -132.8544231331732 -300.59559264430135
916 27559.846489429474 5.850364387104826e7 -15.93924791332612 -68.80833678489337 74.78113374931525 51.07423626603786 135.45157519075758 -0.6460992868439348 60.74837559177877 -117.51265378325411 -220.20504238870302
917 27590.17854833603 5.529760466362854e7 -12.398426809034248 -22.56252904738114 27.261127872697536 41.858354666929785 193.88713262365712 4.105740580313864 90.35402515093449 -121.2760081874859 -301.0631934018079
918 27619.34946537018 5.257935403622934e7 -0.3075751323981102 -0.9501365892014135 -13.037885295311632 -0.21448383935116055 127.35930439988435 -11.294461942551834 30.035028362051776 -132.85450817430666 -300.5961287566938
919 27651.322696208954 5.649050105024004e7 -33.08479337242762 -59.53938116231654 58.639658553587125 111.40786749627483 255.3493883804608 -2.6592531657565246 117.06565805454295 -125.92574051941295 -295.8156082811972
920 27683.045038223267 6.233748578610116e7 -48.716504998179424 -127.3975962537131 146.45876870970918 162.69661508182833 263.44166879344397 7.794843046234462 147.28185300004077 -110.78834561031573 -216.4243189077976
921 27711.921594381332 5.257935507395608e7 -0.3076155720270286 -0.9501671033943753 -13.037874576235922 -0.21448028335626645 127.35930740756538 -11.294479918384525 30.034943622710784 -132.85451965599333 -300.5961287566938
922 27740.968554973602 5.257935202652637e7 -0.30757336728450824 -0.9501267144813523 -13.037890598786475 -0.21448633608959256 127.35930293251083 -11.294504187120197 30.034943622710784 -132.8545479678022 -300.5961287566938
923 27770.56264591217 5.257935202652637e7 -0.30756957601846224 -0.9501164021635455 -13.037895845685853 -0.2144886710887164 127.35930267207054 -11.29450418712014 30.034943622710784 -132.8545479678022 -300.5961287566938
924 27799.867820501328 5.258305866766137e7 -0.307558202215521 -0.9500854651997033 -13.037911586382506 -0.21449567608665632 127.3593018907491 -11.243892538125692 30.141781519501365 -132.82894481562658 -300.6242991735503
925 27833.348534584045 6.462597166786096e7 -56.256053291363685 -140.8746062095526 170.15117293759303 170.42209066775627 324.2780080004277 21.542958258806152 203.22726464102993 -100.82630880774735 -219.99563244975025
926 27866.733685731888 6.4626734670702234e7 -56.25605657549613 -140.87461344212005 170.1511925325129 170.42209273651338 324.2780084647681 21.543018857312745 203.23109216066018 -100.82578590110654 -219.99010612137891
927 27895.77436685562 5.258310180338653e7 -0.30762081113512707 -0.9501691096127489 -13.037877759941054 -0.2144820137621224 127.35930680352598 -11.243777019154663 30.142970408693145 -132.8290999532515 -300.6246590583114
928 27924.882387638092 5.2579303101831846e7 -0.30756093073850366 -0.9500973356503302 -13.037903935358628 -0.21449218849132023 127.35930211419222 -11.29460259855091 30.034943622710784 -132.8546903917981 -300.59687884287337
929 27954.22034263611 5.257925431929068e7 -0.307534994886133 -0.9500401360817037 -13.037928204373436 -0.21450274069978548 127.35930044055681 -11.294700724042002 30.034943622710784 -132.85483240197334 -300.59762674963713
930 27983.29250407219 5.2579366108013146e7 -0.30745718721424353 -0.949868537114293 -13.038001011380587 -0.21453439732957236 127.35929541964876 -11.294815504809492 30.034998212643472 -132.85480000258167 -300.59641370039765
931 28015.500281333923 5.829562060044645e7 -29.09834344096979 -52.41355132177586 81.19037309016989 117.96436710352671 265.5854809569221 18.817503894720403 150.52244435311263 -109.8696623931018 -296.68893747701145
932 28047.656950473785 5.829562060044645e7 -29.098343290055112 -52.41355120436676 81.1903731631339 117.96436711914473 265.58548098888906 18.817503894720403 150.52244435311263 -109.86966239310186 -296.68893747701145
933 28076.851739645004 5.258310180338653e7 -0.3076094850877773 -0.9501474447450029 -13.03788801069689 -0.2144864444423149 127.35930597561095 -11.24377701915472 30.142970408693145 -132.8290999532515 -300.6246590583114
934 28105.72313261032 5.257925632899366e7 -0.3075461677653166 -0.9500421253082321 -13.037916041753356 -0.2144976944090473 127.35930095562753 -11.294658479473753 30.035028362051776 -132.85479260847785 -300.59762674963713
935 28135.177980422974 5.258301080181758e7 -0.3075334046386651 -0.9500366499892072 -13.037927251820456 -0.21450236306100123 127.3592995918885 -11.243971583906273 30.141781519501365 -132.82907755886106 -300.625047080314
936 28165.358300685883 5.237640470466593e7 -20.345890989524182 -36.76860115807737 -7.7121340141456045 1.025473940747247 129.20567638629657 -31.463274270767556 38.37742780022279 -148.09348357721535 -300.6619551444671
937 28194.443175792694 5.257928261552017e7 -0.3075301984205794 -0.9500382609463083 -13.03793307685077 -0.21450478877056867 127.35929961945322 -11.294630386007384 30.034943622710784 -132.85473060664464 -300.5970906372446
938 28223.365188121796 5.2583009885120206e7 -0.30755455377236984 -0.9500552877101809 -13.03791035891507 -0.21449534590853148 127.35930170236256 -11.243990663616842 30.141781519501365 -132.82908682580182 -300.625047080314
939 28252.689098358154 5.2579245515974335e7 -0.3074985564619581 -0.9500124390105977 -13.037934058483756 -0.21450417694848056 127.35929853348448 -11.293964906446433 30.036808607377907 -132.85395314232113 -300.5989627049922
940 28281.56497168541 5.257935202652637e7 -0.30756785031009315 -0.9501149044735566 -13.037893988015803 -0.214487767989894 127.35930272314073 -11.29450418712014 30.034943622710784 -132.8545479678022 -300.5961287566938
941 28311.01986670494 5.257925431929068e7 -0.30753761979923055 -0.9500422557970696 -13.03792585795199 -0.214501734513874 127.35930155067713 -11.294700724042002 30.034943622710784 -132.85483240197334 -300.59762674963713
942 28341.18364930153 5.3329015084319144e7 -16.413699351952797 -29.739828734228144 3.222218112535721 35.14474544310396 183.39055708364995 -18.520146755756627 54.71621072071298 -138.36558034652558 -301.01925702299286
943 28372.11083483696 5.5232915044741504e7 -12.427290656092872 -22.614102095579938 25.772985873506855 41.70126844080373 193.62664505344745 3.240373702746922 88.71539770451488 -121.94681050639014 -300.6685075448912
944 28402.87662100792 5.5297628718269736e7 -12.398386511892596 -22.562439105405485 27.261087252607183 41.85833695864115 193.88712993966195 4.105654879394194 90.35372174805752 -121.27603936440761 -301.0626381610223
945 28432.84430527687 5.850364387104826e7 -15.939217417984246 -68.80828859183325 74.78098528295247 51.074211273498236 135.45157141071203 -0.6460992868438211 60.74837559177877 -117.51265378325411 -220.20504238870302
946 28464.825961112976 6.101760400429912e7 -48.068381165207214 -126.23921987102258 120.4057668738028 94.38701944010653 203.82577490256796 -5.57818417361716 128.90572103896375 -121.24468770882731 -220.39999492933708
947 28496.503260850906 6.1017618579923354e7 -48.06838468763411 -126.23922780093562 120.40579292194202 94.38702331762399 203.8257755245733 -5.578135710816923 128.90572103896375 -121.24461757199856 -220.39962554870334
948 28525.71621108055 5.258321823034937e7 -0.30760297987158225 -0.9501711256228242 -13.037873773754207 -0.21447944344117786 127.3593054884728 -11.243584200928183 30.14270703226657 -132.8285124378952 -300.6226094803437
949 28555.50890660286 5.237641051753892e7 -20.34588340693641 -36.768591487837725 -7.712143056459091 1.025470041475998 129.2056760617639 -31.46328081844979 38.377414666077925 -148.09349048643537 -300.6619551444671
950 28585.796580553055 5.332902992431233e7 -16.41372009220663 -29.73984339980924 3.222235921243751 35.144752825214496 183.3905583619291 -18.520046115781156 54.71621072071298 -138.36550107346204 -301.0190420855896
951 28615.069786071777 5.257925431929068e7 -0.3075353536945151 -0.9500387295658497 -13.037928457078493 -0.21450289882311324 127.35930023739832 -11.294700724042002 30.034943622710784 -132.85483240197345 -300.59762674963713
952 28644.245657920837 5.25792537697827e7 -0.30753643011905396 -0.950034510017705 -13.037929215193813 -0.21450337319328128 127.35929962792487 -11.29472827685288 30.034943622710784 -132.85485832777727 -300.59762674963713
953 28672.777458667755 5.258334636469681e7 -0.30753965938877315 -0.9500218513680823 -13.037931489539652 -0.21450479630425434 127.35929779950398 -11.243406513870525 30.14330781524302 -132.8284077297285 -300.62356059054986
954 28702.82899737358 5.924600059361688e7 -32.045384978968684 -97.59810713271614 91.04129717848747 86.43348818250014 191.48282945151894 -8.001119540677792 85.09870023486383 -123.1442787805164 -220.58393596932052
955 28733.295931100845 5.924603833906203e7 -32.04546917124772 -97.59817721815249 91.04133121434623 86.43349241167246 191.48283287328715 -8.001249100538246 85.09919732692833 -123.14435427778892 -220.584205550048
956 28762.670251369476 5.2579355525762565e7 -0.3075857830628763 -0.9501296762550675 -13.03789137429682 -0.2144870890100492 127.35930510705998 -11.294446167668696 30.034943622710784 -132.85450272563082 -300.5961287566938
957 28792.18595266342 5.258303021071778e7 -0.30759163835529435 -0.9500788999101344 -13.037890326037768 -0.2144876401511624 127.35930286164547 -11.243913123081711 30.141781519501365 -132.82902730226613 -300.6247910972507
958 28822.910553455353 5.237640470466593e7 -20.345889308898524 -36.7685903372079 -7.712132868992832 1.025474394209354 129.20567534387177 -31.463274270767556 38.37742780022279 -148.09348357721535 -300.6619551444671
959 28852.61763906479 5.257928233877319e7 -0.3075431947764393 -0.9500464897536052 -13.037934251331727 -0.21450578505317708 127.35929995567206 -11.294656770190215 30.034943622710784 -132.85475600193746 -300.59709063724466
960 28881.731221437454 5.257928206601219e7 -0.30754366710620573 -0.9500457801650972 -13.037932279445108 -0.2145048815773407 127.35930039485262 -11.294657938818432 30.034943622710784 -132.85475653244856 -300.59709063724466
961 28911.070151090622 5.2579351477018386e7 -0.3075679537086913 -0.9501079438586171 -13.03789306368219 -0.2144874873026339 127.3593018656755 -11.294531739931188 30.034943622710784 -132.85457389360613 -300.5961287566938
962 28940.0354681015 5.25792537697827e7 -0.30753417417636086 -0.9500319696460204 -13.03793058730551 -0.2145039598213856 127.35929854328846 -11.29472827685288 30.034943622710784 -132.85485832777727 -300.59762674963713
963 28969.42590713501 5.25792537697827e7 -0.3075274063473472 -0.9500243485297561 -13.037934703640524 -0.21450571970554222 127.35929528937963 -11.29472827685288 30.034943622710784 -132.85485832777727 -300.59762674963713
964 28998.644124269485 5.2579371091105185e7 -0.3075071028507601 -0.950001485171815 -13.037947052645379 -0.2145109993589358 127.35928552765323 -11.294858792986247 30.03478144598273 -132.85489374424037 -300.5980751114639
965 29031.41086792946 5.769897796199766e7 -44.55649705481756 -80.04505296563423 71.39778333079946 85.01407816117846 262.0008529907619 -2.2558335911988934 155.8321714769885 -125.99847949299084 -300.8289367489135
966 29063.5987534523 6.388944033952225e7 -40.149878759679694 -112.08479000909799 153.89089541614743 135.06281634924125 268.2467504084279 29.10563961795458 179.2133227366976 -95.10036757529986 -219.9308539897582
967 29092.74709391594 5.25793058405464e7 -0.30756802514924786 -0.9500895284405608 -13.037911534757534 -0.2144960494299113 127.35930052401474 -11.294591139715806 30.034943622710784 -132.85468017872176 -300.59687884287337
968 29122.077908039093 5.257973819548918e7 -0.30746323514669527 -0.9499893285731211 -13.037971569871821 -0.21452038966739906 127.35928200306058 -11.294159551476298 30.036307741724272 -132.85404068423423 -300.59605250930736
969 29151.296227693558 5.257941786394337e7 -0.3075405181154629 -0.9500782042060854 -13.037919504975712 -0.21449900803301603 127.35928828352054 -11.294802912063403 30.034696706641625 -132.85479152756068 -300.59732720470026
970 29180.55384349823 5.257937117411564e7 -0.3075129533930472 -0.9500124951094957 -13.037935490759729 -0.21450587946495148 127.35928589171677 -11.29485489497091 30.03478144598273 -132.85489006711697 -300.59807511146397
971 29209.583361148834 5.2579371091105185e7 -0.30750548607024797 -0.9499977397436474 -13.037951550042862 -0.21451299585110917 127.35928558064694 -11.294858792986247 30.03478144598273 -132.85489374424037 -300.598075111464
972 29239.54288339615 5.237640000427535e7 -20.345865714593977 -36.76856843298889 -7.712148544612418 1.0254676795457556 129.2056612844523 -31.463424815961616 38.37742780022279 -148.09356255924575 -300.66181366262606
973 29269.034579753876 5.2579371091105185e7 -0.3075073183463637 -0.9500019844096732 -13.037946453171045 -0.21451073323891023 127.35928552058678 -11.294858792986247 30.03478144598273 -132.85489374424037 -300.59807511146397
974 29298.398561000824 5.2579373895545885e7 -0.30750796483267706 -0.9500034821229111 -13.037944654747903 -0.21450993487901826 127.35928549938598 -11.294799842789473 30.03478144598273 -132.85483821439396 -300.598075111464
975 29330.002588272095 5.553038850430438e7 -37.01690162177913 -66.56809083889125 47.70527596567595 77.28859243091894 201.16448628008806 -15.405243496592448 101.07848636955373 -135.52371419709027 -296.04672556701416
976 29361.393496513367 5.553038850430438e7 -37.0169171234602 -66.56809949654622 47.705296426029136 77.28859946125465 201.16448728117967 -15.405243496592334 101.07848636955373 -135.52371419709027 -296.04672556701416
977 29390.35481762886 5.2579418775007784e7 -0.30754746569212443 -0.9500687105457049 -13.037918521727008 -0.21449898512072707 127.35928764987567 -11.29480930411313 30.034696706641625 -132.8547975876956 -300.59732720470026
978 29421.00371980667 5.5232918874445654e7 -12.427264120464542 -22.614067411724932 25.77296331090556 41.70125924632164 193.62662928062556 3.240239679082663 88.71539770451488 -121.94689229403167 -300.6685075448912
979 29451.090495824814 5.237637488730919e7 -20.34586333546516 -36.76856513735032 -7.712143470126286 1.0254701696276385 129.2056620061046 -31.463432334974982 38.37742780022279 -148.0935887776933 -300.66210293001444
980 29480.00331377983 5.2579401574742235e7 -0.30746798064771497 -0.949976869755476 -13.037976957851761 -0.21452311474038765 127.35928369103847 -11.294740321868744 30.03478144598273 -132.85474660328424 -300.5975389990715
981 29509.129738092422 5.257935977147018e7 -0.3074633837022951 -0.9499706409230271 -13.03795816742577 -0.2145145607884018 127.35928232806205 -11.294147309516916 30.036561691308748 -132.85403725472105 -300.59941106681913
982 29538.135522842407 5.257936898670808e7 -0.3075084308317031 -0.9500041960659695 -13.037946428650713 -0.21451075077459336 127.35928529641033 -11.294903028053795 30.03478144598273 -132.8549354127444 -300.598075111464
983 29566.847907304764 5.257936857478652e7 -0.30750982882740985 -0.9500063378943455 -13.037951750359497 -0.21451319846141814 127.35928468748283 -11.294883127112485 30.034696706641625 -132.85491651437331 -300.598075111464
984 29595.93710422516 5.257939483149286e7 -0.3075140228025859 -0.9500127633710402 -13.037967715487312 -0.21452054152324251 127.35928286070234 -11.294915608777785 30.034696706641625 -132.85488239648345 -300.59753899907156
985 29625.15581870079 5.2996726081760034e7 -4.8878519474127415 -9.137248603351766 2.0805635647394993 33.97580310497911 132.79031314618555 -10.546512837129 32.74105325575135 -131.90880672153332 -296.0374123315645
986 29654.212520837784 5.25832251769247e7 -0.3075837161659791 -0.9501232364807599 -13.037908405830322 -0.21449543470384924 127.35928744137793 -11.244000523548493 30.14153460343232 -132.82884975172124 -300.62399744919753
987 29683.645211935043 5.25793985614571e7 -0.3074753419014087 -0.9499365354699121 -13.038004469093146 -0.21453629636106086 127.35928354792426 -11.294835922941445 30.034696706641625 -132.85483727203098 -300.5975389990715
988 29713.011605501175 5.2579399250933126e7 -0.30751243654511384 -0.9499906204979842 -13.037975941952418 -0.21452449421269648 127.35928028797784 -11.294826033998277 30.034696706641625 -132.8548238321912 -300.5975389990715
989 29742.802783966064 5.237568642988584e7 -20.34586010559806 -36.76854169532089 -7.712181901180017 1.0254519095315118 129.20565570482896 -31.464214198507648 38.37534818864708 -148.0948933196911 -300.6707510030109
990 29771.970386505127 5.257939623845026e7 -0.3075117434314194 -0.9500030554852916 -13.037971326326762 -0.21452224157869182 127.35928150788543 -11.294842715578909 30.034696706641625 -132.85484930584312 -300.5975389990715
991 29801.251175642014 5.257938718275562e7 -0.30742281099477964 -0.9499403725506257 -13.037982534177331 -0.21452426325824092 127.3592776913614 -11.294030518904322 30.036561691308748 -132.85392317413238 -300.59887495442666
992 29830.428245067596 5.257973355663693e7 -0.3075123102444728 -0.9500117827683594 -13.037968900240294 -0.214521054680489 127.35928194546128 -11.294290603317677 30.03622300238328 -132.85413480892942 -300.59605250930736
993 29859.438572883606 5.257939559117645e7 -0.3074948371464572 -0.9500081070663189 -13.037980105997747 -0.21452567024225289 127.35927248663657 -11.294672234404288 30.034696706641625 -132.85469791839154 -300.5975389990716
994 29888.225889205933 5.2579397143777005e7 -0.30751784909966773 -0.9500254327006328 -13.03796288067418 -0.2145183046362007 127.35928474052912 -11.29481162044965 30.034696706641625 -132.8548141885334 -300.59753899907156
995 29917.867290735245 5.3324639443146765e7 -16.41370590291497 -29.739851687367075 3.2222102958410517 35.144741437336094 183.390545929328 -18.526958611812802 54.69272540118732 -138.37006533761604 -301.07873318771783
996 29946.760733127594 5.299670540650766e7 -4.887655162077383 -9.137018881164458 2.0804051890136037 33.975741912732204 132.7902831743128 -10.546472578627402 32.74105325575135 -131.90888859408966 -296.03805783742024
997 29977.92972612381 5.52976213310781e7 -12.398368142430758 -22.562393563913226 27.260989898309134 41.858308071405204 193.88709869675452 4.10631315626307 90.35521767046214 -121.27558142070609 -301.0638217984322
998 30007.53656601906 5.8503728150195874e7 -15.939197383880856 -68.80826670732547 74.78094257539027 51.07419368523996 135.45155430831156 -0.645791513094025 60.74830499096993 -117.51238507031684 -220.20323038551788
999 30037.858341693878 5.5232569371321544e7 -12.427271551328545 -22.614084979121248 25.772947392208593 41.70125177066487 193.6266284476049 3.2403325902532742 88.71572481406258 -121.94708516679856 -300.6720138500391
1000 30066.83700823784 5.257937809833023e7 -0.3075266046238525 -0.9500320397266675 -13.038015610887584 -0.2145425707217612 127.35927738035693 -11.29476266257717 30.034696706641625 -132.85479506090536 -300.59801349468
1001 30095.62513065338 5.258022013840831e7 -0.30756434914767183 -0.9500898681242713 -13.038159297235623 -0.21460865843447152 127.3592609393032 -11.290740380134594 30.03583384384683 -132.84929786181561 -300.5868416968413
1002 30126.985676527023 5.648977789496559e7 -33.085080525422136 -59.539600568477255 58.639622787461555 111.4078689854663 255.34935252993048 -2.6609581754398732 117.06269301548036 -125.93055211568367 -295.8244090983063
1003 30155.95997953415 5.257939442706013e7 -0.30752603107125154 -0.9500288882696228 -13.037989066619659 -0.2145308876937122 127.35927108108406 -11.294653954639557 30.034696706641625 -132.8546322718267 -300.5975389990715
1004 30185.18424844742 5.257974848935836e7 -0.3075221339625216 -0.950023368423178 -13.038018861052613 -0.21454469703192558 127.35925642830621 -11.293576740636752 30.03622300238328 -132.8535611313559 -300.59605250930736
1005 30214.70171880722 5.257939098224046e7 -0.30730701585933673 -0.9498367138952659 -13.038054136100968 -0.2145534506480118 127.35925365183749 -11.29364612281779 30.036561691308748 -132.8536454321528 -300.59887495442666
1006 30243.988779067993 5.257973884884324e7 -0.3075446103074313 -0.9500276356280617 -13.0380083664379 -0.21454060643783635 127.35926581335794 -11.293862689090076 30.03622300238328 -132.85378879147225 -300.59605250930736
1007 30273.406606912613 5.2579399928351335e7 -0.3075348674870142 -0.9500305718187354 -13.037994395645299 -0.21453367401272772 127.35927030303068 -11.294508948241003 30.034696706641625 -132.85452883155472 -300.59753899907156
1008 30302.53922891617 5.257948626147432e7 -0.3076262374122791 -0.9501552205346862 -13.037965851358614 -0.21452325192223043 127.35927028554977 -11.294002547479352 30.034696706641625 -132.85406497357474 -300.5965155017367
1009 30331.652523756027 5.2579403502186246e7 -0.30754601673951143 -0.9500326960352501 -13.038001119462834 -0.214537189610283 127.35926932133054 -11.294404051949641 30.034696706641625 -132.85445749977697 -300.59753899907156
1010 30360.929028749466 5.257973088105526e7 -0.3075134159529078 -0.9500347889856293 -13.037971614405322 -0.21452212850121555 127.35927557303276 -11.29420903897676 30.03622300238328 -132.85407291279375 -300.59605250930736
1011 30391.19241142273 5.370093718908295e7 -20.993941537938728 -37.92685158715879 18.34048415148424 69.33495801674198 188.8215216476372 -18.122006175058175 56.7368764733784 -137.69198296979994 -296.6062795773013
1012 30421.679427862167 5.237571615645122e7 -20.34587385391893 -36.768574929238596 -7.712192552424433 1.0254462197794965 129.20564795052823 -31.464154932558415 38.375372637596115 -148.09487110730765 -300.67052196575577
1013 30451.416773557663 5.850420305149729e7 -15.939197489646492 -68.80826791388377 74.78094924511257 51.07418719682984 135.45154304802526 -0.644706862509338 60.749931507178076 -117.5105958854653 -220.19728328673511
1014 30481.55758023262 5.332462944804291e7 -16.413690116140568 -29.739829106965765 3.222187018031306 35.144730967960044 183.39053070438607 -18.52723287466 54.69272540118732 -138.37029208441294 -301.07873318771783
1015 30512.526278972626 5.529767513707207e7 -12.398405854282029 -22.562456981929213 27.26095166607758 41.85829752135997 193.88708651002113 4.106765608458943 90.35566188129167 -121.27541734909556 -301.0633378179406
1016 30543.24049139023 5.523256168102445e7 -12.427274290732868 -22.61409051543427 25.772925564239756 41.70124186479033 193.6266157054501 3.24004231453074 88.71570935509897 -121.94732634111296 -300.6720138500392
1017 30572.386449337006 5.258319077207629e7 -0.3074444598435271 -0.9499820697778727 -13.037959182230097 -0.21451416928373135 127.35927941134916 -11.243251280297784 30.14339958809944 -132.82804175083947 -300.6255473783399
1018 30601.699647665024 5.258318152992557e7 -0.3075243100611367 -0.9500194336488201 -13.03790943389675 -0.21449583867153876 127.3592521832544 -11.24142216490776 30.14525589112793 -132.8296934254094 -300.6312815230276
1019 30631.65107536316 5.275844101375898e7 -24.92649172877883 -44.955985115207746 7.406483348311163 35.215818531479684 134.63671835011445 -31.050977171488967 40.34958371604773 -147.28586880798713 -296.17309680645354
1020 30660.512397050858 5.2579435109453134e7 -0.3075595766531585 -0.9500725907005911 -13.038004225486958 -0.21453905303388865 127.35925905284925 -11.29416453170154 30.034696706641625 -132.85425545650435 -300.59726558791635
1021 30689.56623983383 5.257979076636925e7 -0.30753495888791704 -0.9500541964877174 -13.038003650649173 -0.21453784829631672 127.35925803051487 -11.29357805161959 30.03622300238328 -132.85351066033707 -300.59530460254365
1022 30718.608093976974 5.257938934237348e7 -0.3075291842985912 -0.949999722096277 -13.038037795794082 -0.2145538093523527 127.35925700841327 -11.294224814174584 30.034696706641625 -132.8543618583106 -300.59801349468
1023 30747.381860017776 5.257949631695225e7 -0.3074380070331735 -0.9497811158200182 -13.038138506649979 -0.21459807831570288 127.35925087510613 -11.294440789707096 30.034666557233436 -132.85442478226082 -300.5968004454405
1024 30777.792657136917 5.869630769246561e7 -40.558137496939544 -112.8141629994021 95.22552019678577 86.50453529704359 142.72898913310195 -20.301700941677666 71.09877185752134 -131.97108597027858 -215.4452228846568
1025 30806.983808994293 5.25797263975465e7 -0.30755588175885507 -0.9500460850198902 -13.038037709923707 -0.2145546890647978 127.35924793902355 -11.293678398250051 30.03622300238328 -132.853700212634 -300.59652700491586
1026 30836.377081871033 5.257947470306129e7 -0.3072753363417533 -0.9496911979415819 -13.038291527347738 -0.21466130110142956 127.35923917071304 -11.294496930330808 30.0346417247016 -132.85449403948917 -300.5970472930703
1027 30865.395186185837 5.257957745346635e7 -0.3067873196792732 -0.9494214413470417 -13.038750590947494 -0.21485097052517688 127.35920405736961 -11.29391755096924 30.036104259518538 -132.85397953361354 -300.59831267757454
1028 30896.32324051857 5.350157867869799e7 -41.03265104747824 -73.74576515824978 23.666636248974505 70.57506970205478 190.6679682580355 -38.3689907502976 64.8449593695774 -152.89032056728485 -296.4744542734545
1029 30925.48070716858 5.257972264433809e7 -0.30752211243764194 -0.9499973298251465 -13.038085620894343 -0.21457555534131245 127.35924281349742 -11.293663113771288 30.03622300238328 -132.85368654518777 -300.5965365474727
1030 30954.589592456818 5.25794775572335e7 -0.3072791676919344 -0.9496939539002431 -13.038298829714229 -0.21466476362033404 127.35923856907102 -11.294490109295793 30.0346417247016 -132.85448908789198 -300.5970472930703
1031 30984.175317287445 5.2579541662033e7 -0.3070561071395588 -0.9495457022419709 -13.038453116355527 -0.2147264222692371 127.359231172035 -11.29420103860366 30.035859416124026 -132.85432161287434 -300.59698845823647
1032 31013.492662906647 5.257949235794473e7 -0.30727392317339763 -0.949689400476009 -13.03828523843621 -0.21465839370118545 127.35923992927127 -11.294453044278669 30.0346417247016 -132.85443052626874 -300.59671279614366
1033 31042.610981464386 5.257936772848252e7 -0.30735603991027105 -0.9498770635224281 -13.038205427133555 -0.214623561059895 127.35924502911945 -11.294280954798296 30.03467187410979 -132.85443111553894 -300.5982603423098
1034 31071.681770563126 5.257947470306129e7 -0.3072762794903099 -0.9496923976231963 -13.038295724905169 -0.21466324165388073 127.35923866440797 -11.294496930330695 30.0346417247016 -132.85449403948917 -300.5970472930703
1035 31100.87102150917 5.257947703218569e7 -0.3072791089295528 -0.9496959966633041 -13.038308317578405 -0.2146690633119448 127.35923714549375 -11.294516062916557 30.0346417247016 -132.8545261784068 -300.5970472930703
1036 31133.167622566223 6.166267304985929e7 -64.20345967616673 -155.08072136870496 135.1777473294185 129.5891106324531 259.5965518732627 -14.16515327592407 150.95850661011286 -127.71828726468573 -220.23520311362813
1037 31164.65803861618 6.09208047166979e7 -48.097491939128105 -126.29100702879897 118.91780645476314 94.22994502925836 203.56525007095078 -6.612927463904555 126.8821909908578 -122.02649046316805 -220.16229034899857
1038 31193.72868323326 5.2580675134131126e7 -0.30731777223132895 -0.9497402288722876 -13.03830698695112 -0.2146701656872807 127.35922116634026 -11.29039841714183 30.037329990180183 -132.84862706405863 -300.58414215783773
1039 31222.817546606064 5.257984014843225e7 -0.307471581364009 -0.9498277478517503 -13.038142775734762 -0.21460095967404413 127.35924829466389 -11.29379700625259 30.03619285297509 -132.85367371042787 -300.5953139556764
1040 31251.825158834457 5.257936906957035e7 -0.30735995869340726 -0.9498811880885878 -13.038218623500576 -0.214629732698981 127.35924293413407 -11.294330284857551 30.03467187410979 -132.85447777682464 -300.5982603423098
1041 31282.239092111588 5.237487074499719e7 -20.34561574166855 -36.76822293333567 -7.712508580403288 1.0253087193215862 129.20561530869657 -31.46143300052148 38.380008658984025 -148.09574033529532 -300.69376108981817
1042 31311.03101015091 5.2579483028349824e7 -0.30728237013293835 -0.9496998237533489 -13.038311814237765 -0.21467072411772392 127.35923742204668 -11.294430437472101 30.0346417247016 -132.85444683001197 -300.5970472930703
1043 31339.86685872078 5.257948248578497e7 -0.30728076171366325 -0.9497006088972144 -13.038313880586252 -0.21467157606520004 127.35923706153207 -11.294433091608255 30.0346417247016 -132.85444803961826 -300.5970472930703
1044 31368.977492570877 5.2579819242962204e7 -0.30728617700976457 -0.9497157213161174 -13.038332108605083 -0.2146798094659772 127.3592367863995 -11.293914520967292 30.036168020443256 -132.85376338606756 -300.59556080330617
1045 31398.350935459137 5.257948171694531e7 -0.3072882912905932 -0.9497120613207626 -13.038316711475595 -0.21467289572255766 127.35923988026977 -11.294426845351438 30.0346417247016 -132.85444224282668 -300.5970472930703
1046 31427.193578720093 5.2580325856011264e7 -0.3074745500159004 -0.9498381146234252 -13.038265567523133 -0.214656343204652 127.35924777440839 -11.291060142102538 30.035803694438528 -132.8494623020619 -300.5856286476019
1047 31457.485826730728 5.850454998983885e7 -15.938985294731541 -68.80805166230266 74.78032074859328 51.074026245819525 135.45150475709923 -0.6442646762482696 60.75132828729818 -117.50977922490165 -220.19249267788598
1048 31487.911540985107 5.317343144191071e7 -7.253159348467328 -13.36547267674414 -10.133721055866879 28.87619765001763 182.43317672314322 -18.43323305568731 52.69724817475435 -138.21583645103 -299.9785530983088
1049 31518.474677324295 5.51849458468339e7 -3.2378585364125563 -6.188079695748818 13.905097656467504 35.58980842155569 192.92973258093474 4.3475125033518225 88.70516206224806 -120.92861531127818 -299.4254663409122
1050 31548.918797016144 5.523235470280267e7 -12.427037166395436 -22.61376592076325 25.772593279325093 41.701097690199475 193.6265808867671 3.239657702891236 88.71570935509897 -121.9478627950192 -300.67495641724247
1051 31578.094013929367 5.258066739999607e7 -0.3072875971852156 -0.9497067937401686 -13.038346095607942 -0.2146865282939956 127.35923258874936 -11.29057699103879 30.037329990180183 -132.8488098578751 -300.5841421578377
1052 31609.00883436203 5.506467979056998e7 -3.2662362749900424 -6.239304243440745 12.416853049659949 35.43264920587997 192.6692125310968 3.223233167036881 86.48741066507546 -121.83273915220985 -299.54988657375196
1053 31638.37507200241 5.299764887040541e7 -4.8874908713379845 -9.136871577148295 2.0800770745068817 33.97562061092768 132.79024854761323 -10.544520454718565 32.74620228195761 -131.90488150402695 -296.028921391576
1054 31668.340042829514 5.237487074499719e7 -20.345599547194904 -36.76818357304014 -7.712519482923085 1.02530408300035 129.20561400062502 -31.46143300052148 38.380008658984025 -148.09574033529532 -300.69376108981817
1055 31697.91775035858 5.831963825256837e7 -6.778653534602274 -52.43396122522766 61.42463192490054 44.80563288965888 134.49418142198877 -0.37644169164104824 59.08177770838836 -117.2926983599574 -219.93654301317667
1056 31726.886030435562 5.2579474015622385e7 -0.30728496893162927 -0.9496982022070846 -13.038306856085484 -0.21466844938460383 127.35923910830655 -11.294579471995405 30.0346417247016 -132.8545859084265 -300.5970472930703
1057 31756.1551053524 5.2579485661666475e7 -0.30723117621721485 -0.9496477936791052 -13.038348085211446 -0.2146863645660062 127.35921047105796 -11.294355470540836 30.0346417247016 -132.85433463659177 -300.5970472930703
1058 31785.30083012581 5.257950274163581e7 -0.30745928162877334 -0.9498264649555166 -13.038139237290174 -0.21459887121207544 127.35924810399318 -11.29440070515841 30.034666557233436 -132.85440116896962 -300.5968004454405
1059 31814.314588546753 5.258032859752491e7 -0.30745478926404957 -0.9498181362322713 -13.038285688451985 -0.21466481018629224 127.35924621006194 -11.291045204026432 30.035803694438528 -132.84944827993326 -300.5856286476019
1060 31843.2350025177 5.257947758169366e7 -0.30728574995513114 -0.9497051919307511 -13.038303244687334 -0.21466683128852537 127.3592399117046 -11.294488510105452 30.0346417247016 -132.85450025260297 -300.5970472930703
1061 31872.527318954468 5.257947604414912e7 -0.30725865495809046 -0.9496471461026275 -13.038321874038637 -0.21467492734197435 127.3592356970553 -11.294546260390064 30.0346417247016 -132.85454070077486 -300.5970472930703
1062 31901.54005074501 5.257950229866792e7 -0.30719729293770826 -0.9495005942150296 -13.038362543397518 -0.21469251943906897 127.35923135174066 -11.294532088323706 30.0346417247016 -132.85449498189075 -300.5965600704056
1063 31935.42678618431 6.481408213775256e7 -80.87437877445713 -184.8800701605128 190.59470188512674 205.852124122547 331.5552766551714 1.864860852703714 213.55928348134432 -115.16930791877985 -215.4819172242258
1064 31969.155140161514 6.4813970321975864e7 -80.8743889972951 -184.88009040752746 190.5947652335978 205.85213408565536 331.5552741762971 1.8645433498195416 213.55928348134432 -115.16970083607237 -215.48372079989673
1065 31998.394639730453 5.300017454509281e7 -4.887407357019654 -9.136737849643948 2.0799750135885944 33.97557891782981 132.7902297716716 -10.526719286564571 32.73938023432788 -131.89157044374093 -295.9632420409599
1066 32027.764762163162 5.260311864394202e7 -0.30733082052700667 -0.9497532835834495 -13.038292368558132 -0.21466486482235325 127.35919359497922 -11.126542753414242 30.37868243600292 -132.72986508102838 -300.5529250237389
1067 32056.80291032791 5.260209232532349e7 -0.30735097618878626 -0.949696511579468 -13.038215012164365 -0.21463109771511313 127.35921176790805 -11.127545425043422 30.379789803038648 -132.73404658577886 -300.5697512423051
1068 32085.765021800995 5.260308596252031e7 -0.3073673588458661 -0.949734438514473 -13.038361151728644 -0.21469717965547375 127.35921158144764 -11.126724666668395 30.37868243600292 -132.73006533956948 -300.5532595206656
1069 32114.94243478775 5.258037188385017e7 -0.3075242254106172 -0.9499532493443539 -13.038149703079803 -0.21460458352181888 127.3592534198726 -11.290994032334993 30.035828526970363 -132.84933070276065 -300.5848771769548
1070 32144.437220811844 5.2579486204231344e7 -0.3072347411538594 -0.9496498908433528 -13.038346590769955 -0.21468581030408984 127.35921102489007 -11.294352816404682 30.0346417247016 -132.8543334269856 -300.5970472930703
1071 32173.78710794449 5.257948086371098e7 -0.3071951967232991 -0.9496102905139914 -13.038372441981991 -0.21469640541488388 127.3592051979825 -11.294444490933984 30.0346417247016 -132.85440451972465 -300.5970472930703
1072 32203.112249851227 5.260244199772284e7 -0.3070872581948727 -0.9494977809720542 -13.038445512296697 -0.21472652796718705 127.35918937875132 -11.126821409554964 30.381291266248468 -132.73318880222507 -300.56799726762796
1073 32232.286145925522 5.258372616941236e7 -0.30795726188418726 -0.950009317152773 -13.037864182718991 -0.21449273342899744 127.35931992619832 -11.238613487127509 30.14621248163496 -132.82551118942786 -300.61996116469015
1074 32261.697419404984 5.300008798299653e7 -4.887350265314616 -9.136675813467122 2.079888117823643 33.975545338055184 132.79021213973138 -10.526783339978863 32.73856657793499 -131.8918535930133 -295.96424241614534
1075 32290.70520234108 5.257992326435018e7 -0.3073502695751529 -0.9499792475623812 -13.038216719238406 -0.21462813571510253 127.35921600259215 -11.293195122638167 30.037123682616652 -132.85300125408645 -300.5943362525753
1076 32320.792769908905 5.237469763991589e7 -20.34552401939231 -36.76812479574376 -7.712584013192405 1.0252765432894364 129.20558266031463 -31.46236172170461 38.37648167097768 -148.09572334224254 -300.69279943661763
1077 32350.11006975174 5.257947159173173e7 -0.3072444125404772 -0.9496609712631079 -13.038331312343573 -0.2146785133660103 127.35923196313223 -11.294622050304042 30.0346417247016 -132.8546120358178 -300.5970472930703
1078 32379.496208906174 5.260230629383213e7 -0.30703222833544075 -0.9495301598289698 -13.038517296939801 -0.21475577168992288 127.35919561882326 -11.126781071285166 30.381079091588163 -132.7331823810834 -300.569193988185
1079 32408.70584487915 5.2579477379003525e7 -0.3072139362814603 -0.949635037523155 -13.038355512254448 -0.21468907851307506 127.35920809599091 -11.294519808622738 30.0346417247016 -132.85447543479262 -300.5970472930703
1080 32437.44505238533 5.257982054046683e7 -0.3071719312727055 -0.9495764001980787 -13.03840163554137 -0.21470900274795213 127.3592033599627 -11.29375951036485 30.036168020443256 -132.85361063360727 -300.59556080330617
1081 32466.409252166748 5.257982359235313e7 -0.3071803200945311 -0.9495867127243507 -13.038392736211392 -0.21470521735180625 127.35920415413696 -11.293751444982547 30.036168020443256 -132.8536068014335 -300.59556080330617
1082 32496.505225896835 5.369946799498473e7 -20.993627078184424 -37.92658721982829 18.34025498522572 69.33487469051657 188.82146859322884 -18.124444313670494 56.73768214090035 -137.69782625412597 -296.6411631158003
1083 32527.43693637848 5.523240836298973e7 -12.426948983801182 -22.613670555494377 25.772534938627622 41.701072925998375 193.62654897968372 3.2397460306303856 88.71464834892527 -121.94752285038516 -300.6736206468222
1084 32557.93370103836 5.529782218650735e7 -12.398099079316296 -22.562097966468635 27.260497024224513 41.85813321462372 193.8870039342199 4.10661346697043 90.35589087413916 -121.27515381521914 -301.06113135115305
1085 32588.0399184227 5.924624329522537e7 -32.045030215651565 -97.59771521251983 91.04019773596714 86.43320300426934 191.4827245761049 -8.001922006643099 85.09790871599 -123.14411340203486 -220.58177765608303
1086 32617.873836278915 5.221570239252795e7 -11.18420106721577 -20.393192451361184 -21.068661711472117 -5.2433216473191635 128.24818052655604 -31.308998889663883 36.419624398888004 -147.84552397077715 -299.85177294329947
1087 32647.148072957993 5.258361995141636e7 -0.3070125090749798 -0.9494790550530965 -13.03851508447508 -0.21475480412262016 127.3591921263553 -11.243000614619177 30.144223608656375 -132.82789714645128 -300.6234309137612
1088 32676.127496242523 5.26024222546421e7 -0.307074606890108 -0.9493949476404744 -13.038473061181357 -0.2147393729178475 127.35919675727135 -11.12698283488902 30.381291266248468 -132.73333174032888 -300.56835887443276
1089 32706.038695812225 5.332514091885867e7 -16.41338681374233 -29.73941514136116 3.221793510193635 35.14455960464235 183.39046374145227 -18.52754226040554 54.69341935073328 -138.37003983330976 -301.07070492084233
1090 32734.80810904503 5.257949111526576e7 -0.30721670593246486 -0.949617554217383 -13.038367567926421 -0.21469494757562302 127.35920736947737 -11.294272499232534 30.0346417247016 -132.85425649780336 -300.5970472930703
1091 32764.073412895203 5.257982449505769e7 -0.30724354250173036 -0.949617837600532 -13.03836455607616 -0.21469484279752749 127.35920741334354 -11.293812005130974 30.036168020443256 -132.85362660185126 -300.59556080330617
1092 32793.213287591934 5.260224481403175e7 -0.3071872202608077 -0.9496086971623283 -13.038373999500017 -0.21469679264782826 127.35920463298086 -11.12998705150278 30.377520466266105 -132.73492684490276 -300.56467816613406
1093 32822.15690636635 5.260351104851676e7 -0.30724916335232777 -0.9497211991849026 -13.03836970424178 -0.2146961469191524 127.35920576162783 -11.125486769087217 30.381426423166545 -132.7288929697762 -300.55171068704067
1094 32851.08151388168 5.257947299328724e7 -0.30720367036047946 -0.9496282406524044 -13.03835827311346 -0.21468982968188755 127.35921529774906 -11.294570676514297 30.0346417247016 -132.85455106295592 -300.5970472930703
1095 32880.260291576385 5.260207144625703e7 -0.3071804561518654 -0.9496072988628965 -13.038375349850092 -0.21469713481715758 127.35920407678378 -11.127627877991074 30.379764970506812 -132.73410832696396 -300.569998089935
1096 32909.93075942993 5.85045729847423e7 -15.938811513406158 -68.80792643689053 74.78030454180268 51.07399735014333 135.45146751465128 -0.643796782762081 60.750525420904864 -117.50933123791634 -220.19258716690297
1097 32940.275190114975 5.529782475537e7 -12.398063005728424 -22.56207040219811 27.260471840652492 41.85812328263654 193.88700124099003 4.106814251728281 90.35589087413916 -121.27505750258217 -301.06113135115305
1098 32971.144948005676 5.523237857982681e7 -12.426925629047457 -22.61366853045056 25.772532199973973 41.701072746169785 193.62654725903874 3.2396554521265557 88.71464834892527 -121.94764131957197 -300.67412057099824
1099 33000.17420887947 5.2579381487784296e7 -0.30733037165103383 -0.9498168636886897 -13.038272713660426 -0.21465456176903785 127.3592147325902 -11.294139409486036 30.03467187410979 -132.8542334230246 -300.5982603423098
1100 33029.248539209366 5.300007348035918e7 -4.887270491619667 -9.136596727444534 2.0797886125531164 33.97550639136308 132.7901833417805 -10.52679137455857 32.73856657793499 -131.89193376086882 -295.96484346810445
1101 33058.19345712662 5.257948086371098e7 -0.30722772615689564 -0.9496848460124898 -13.038338002119708 -0.21468131826219405 127.35920757579757 -11.294444490933984 30.0346417247016 -132.85440451972454 -300.5970472930703
1102 33087.439526319504 5.257948207160261e7 -0.3072066076928479 -0.9496234930225533 -13.038367081913371 -0.21469414037021295 127.35921066971783 -11.294474297441184 30.0346417247016 -132.85443286293992 -300.5970472930703
1103 33116.31278324127 5.257948119002426e7 -0.30719737617166487 -0.9496101757402835 -13.038365481816413 -0.2146932834890265 127.35920694038282 -11.294435419642184 30.0346417247016 -132.85439595237733 -300.5970472930703
1104 33145.58557534218 5.257947817456273e7 -0.30719510584934895 -0.9496084460482281 -13.038367891418126 -0.2146943501433185 127.3592060709064 -11.294473262660233 30.0346417247016 -132.85443156074626 -300.5970472930703
1105 33174.74663901329 5.257982038331245e7 -0.30719417443324204 -0.9496087277509 -13.038371891580134 -0.21469614930565228 127.35920491728491 -11.29379850557234 30.036168020443256 -132.85363717977492 -300.59556080330617
1106 33203.9131462574 5.257947817456273e7 -0.3071579675887328 -0.9495852633078723 -13.03840463613082 -0.2147096311952339 127.3592035725256 -11.294473262660233 30.0346417247016 -132.85443156074626 -300.5970472930703
1107 33232.81125855446 5.257954871151602e7 -0.3070462800006055 -0.9495101815716733 -13.038501218637876 -0.21474930857885965 127.35919869614827 -11.294056375605237 30.035859416124026 -132.85417382715264 -300.5969884582365
1108 33262.81692862511 5.237563607862679e7 -20.346222416225135 -36.768475279499356 -7.712055720763374 1.0254896868827785 129.2057001917325 -31.460402542039844 38.383365511931515 -148.09418229114272 -300.68445728994027
1109 33292.475471019745 5.260618275544823e7 -0.3069785117700299 -0.9494709124614333 -13.038540834993022 -0.21476560170317782 127.35917434646217 -11.076902297277854 30.487336879380223 -132.70799673408015 -300.59406508303266
1110 33321.638395786285 5.257947418305359e7 -0.30706709341578176 -0.9495114406413832 -13.038420033650873 -0.2147135709671062 127.35920050101223 -11.294619855992607 30.0346417247016 -132.8545410550613 -300.5970472930703
1111 33350.83125972748 5.257934551195239e7 -0.30679447035425866 -0.949289972221707 -13.03846622618633 -0.21472539027766402 127.35919128648136 -11.293532966489352 30.03763616318429 -132.85377921781827 -300.601225372135
1112 33380.755751132965 5.3699999616192386e7 -20.993643401013603 -37.92646833718128 18.33996297857223 69.33476793466775 188.82153968780256 -18.123871519604165 56.73234391798553 -137.69525582086163 -296.61941013564945
1113 33410.38234996796 5.3699999616192386e7 -20.993643501437045 -37.926468507432325 18.339963045100177 69.33476796270186 188.82153969383555 -18.123871519604222 56.73234391798553 -137.69525582086163 -296.61941013564945
1114 33439.62603712082 5.260628885758461e7 -0.30695326823447644 -0.9494499350541767 -13.03855190399301 -0.21476978730973428 127.35917281260761 -11.076711095142286 30.487433309039147 -132.70762154785308 -300.594347362573
1115 33469.05764555931 5.8504448031540014e7 -15.938827724387021 -68.80791517499112 74.78019304666903 51.07398675987416 135.4514731690138 -0.644140341312891 60.750525420904864 -117.50973834995835 -220.19463215026434
1116 33498.265607595444 5.257949017629566e7 -0.3070308925500136 -0.9494909496966581 -13.038438677775368 -0.21472071725243325 127.35919733088575 -11.294351955288562 30.035859416124026 -132.85447456071591 -300.59806330802087
1117 33527.12217879295 5.257950486589266e7 -0.30706172430923573 -0.9495089577744116 -13.03842226477132 -0.2147143866208836 127.35919979536247 -11.29427884107281 30.035859416124026 -132.8543852856228 -300.5975052773474
1118 33556.351063489914 5.257947570559637e7 -0.3071085973285186 -0.9495359735235223 -13.038398006330766 -0.21470502018036086 127.35920517271882 -11.29458215589409 30.0346417247016 -132.85450545008888 -300.5970472930703
1119 33585.437323093414 5.26021356439619e7 -0.30701756797019186 -0.9494821662584778 -13.038446318238641 -0.21472377438587387 127.3591949263934 -11.127504594883249 30.380990958912207 -132.73408562608148 -300.5699357460742
1120 33614.807096242905 5.257952163880827e7 -0.30696470927344066 -0.949309466018021 -13.038516646474577 -0.21475535795075018 127.35919252609827 -11.294286256740804 30.035859416124026 -132.8543655303361 -300.59735255160933
1121 33645.10685443878 5.3325044336738706e7 -16.413209238453025 -29.739290180274637 3.2217223265907435 35.14453349971737 183.39045380552813 -18.527841260410298 54.69388467655074 -138.3704247157649 -301.0721464258022
1122 33674.0346968174 5.258324043615537e7 -0.3070542907045457 -0.9495023843525594 -13.038426313676581 -0.2147160601108311 127.35919858359493 -11.243626853028388 30.14269731291472 -132.8286848707283 -300.6254592790639
1123 33703.10695576668 5.2603174586439185e7 -0.30722052209890904 -0.9496381851210414 -13.038416816820835 -0.21471716091141957 127.35920537518665 -11.12612237449531 30.379900127425117 -132.72960723343317 -300.5531971768048
1124 33733.80659198761 5.5232430999283835e7 -12.426800468511413 -22.613561424409923 25.772478171609933 41.70105228150996 193.6265419346252 3.2397113466379324 88.71464834892527 -121.94749811760164 -300.67321706896337
1125 33764.15010046959 5.529784878389142e7 -12.397902429977904 -22.5619442137268 27.260398939771072 41.858095933084655 193.88699182241905 4.106357619880612 90.35542143338648 -121.27515364155715 -301.06018807695284
1126 33793.3675699234 5.257982258453325e7 -0.30699371484962157 -0.9494539134202151 -13.038422929014672 -0.2147123834096476 127.35919815825068 -11.293824919635085 30.036252759784247 -132.85368113726844 -300.59556080330617
1127 33824.878547906876 6.082549257005778e7 -38.90810036807504 -109.86507158483111 107.0493980775706 88.11849874127356 202.86841676327091 -5.611971099161735 126.67672848240193 -121.18661608482552 -219.58102966606947
1128 33854.409985780716 5.3000068437076434e7 -4.887239620896796 -9.13659746918158 2.07979792149267 33.97551164084524 132.7901797732089 -10.527043288546452 32.73856657793499 -131.89215420489614 -295.9648434681045
1129 33883.90475988388 5.257949773117742e7 -0.3070257499387097 -0.9494306072119576 -13.038454859975133 -0.2147285032717292 127.3591984427396 -11.294315338448598 30.035859416124026 -132.85442677745232 -300.59786264796253
1130 33912.92080450058 5.257947687826371e7 -0.307065593482843 -0.9495127724594363 -13.038418829050968 -0.2147129369849381 127.3592006742108 -11.294599646443487 30.0346417247016 -132.8545016112186 -300.5970472930703
1131 33941.857459783554 5.257947418305359e7 -0.3070999370458587 -0.9495334260887729 -13.038387574289047 -0.21470005613102217 127.35920259899922 -11.294619855992664 30.0346417247016 -132.8545410550613 -300.5970472930703
1132 33973.69904088974 5.501738822340179e7 -32.465189025169614 -58.43209831343126 31.098274497351348 42.94102665345902 195.472920578988 -17.161805941153034 96.48288465661494 -137.2837080544765 -300.5003967165934
1133 34002.95025515556 5.257951492474961e7 -0.30716115259783194 -0.9495891055445806 -13.038402580791448 -0.21470870824732913 127.35920599906208 -11.294086339340083 30.035859416124026 -132.85423635076484 -300.5975052773474
1134 34032.22635149956 5.2579512571028784e7 -0.3070593226595051 -0.949521055462828 -13.038411512682885 -0.21470918208564171 127.35920233265604 -11.294268451364871 30.035859416124026 -132.85435892104812 -300.5975052773474
1135 34061.283056497574 5.257947472561846e7 -0.30707055162870134 -0.9495093580812313 -13.038421917988842 -0.2147146113559728 127.35920034131317 -11.294617201856454 30.0346417247016 -132.85453984545507 -300.5970472930703
1136 34090.60524702072 5.850444569497518e7 -15.938778917003862 -68.80788117454831 74.78017434281556 51.07397656124775 135.4514675251307 -0.6441078223003842 60.750525420904864 -117.50974008587929 -220.19463215026434
1137 34121.363637685776 5.523240746462919e7 -12.426819162812148 -22.61357773219222 25.772492714494383 41.7010583428941 193.62654482594087 3.239854493288533 88.71570935509897 -121.9476012187456 -300.67405291520765
1138 34151.24774456024 5.3324724307865895e7 -16.41325480614782 -29.739311526770148 3.2217410838603158 35.1445403741603 183.3904579840649 -18.52824733415349 54.69282681355037 -138.37135784282646 -301.0762685505048
1139 34181.42854166031 5.300007796473631e7 -4.887223973662568 -9.136539899070677 2.079873973584 33.975539488263124 132.79019836034135 -10.527197744288685 32.73856657793499 -131.8922678810003 -295.96424241614534
1140 34211.8793656826 5.237520796831025e7 -20.34541114500784 -36.768066291990664 -7.712619535787304 1.0252658488758897 129.20557779400187 -31.465923255725556 38.3712088186611 -148.0960184729028 -300.67533036739627
1141 34242.84336018562 5.529780825618038e7 -12.397961328977075 -22.561968874871056 27.260427815898254 41.8581051112872 193.88699816481153 4.106442979936958 90.35542143338648 -121.27517015567935 -301.06087722087705
1142 34273.20875597 5.827928922806379e7 -35.977516995090845 -104.6268532635982 80.10666788265056 52.3140785526476 137.29795505740952 -20.903853036745716 68.80504755974403 -132.81770731799799 -220.53786111713413
1143 34302.20636677742 5.2579474442277566e7 -0.3072093139277605 -0.9496041445985695 -13.038353849246782 -0.21468841624434276 127.35921452202365 -11.29452642071908 30.0346417247016 -132.85450942048732 -300.5970472930703
1144 34331.441458940506 5.2579473145978525e7 -0.307071758631956 -0.9495123147355757 -13.03841325451905 -0.21471054559243896 127.35920549436622 -11.294652804502448 30.0346417247016 -132.85457947095966 -300.5970472930703
1145 34360.80288553238 5.2579509938823014e7 -0.30703295686057785 -0.9494930900792085 -13.038423559810447 -0.21471390785508504 127.35919952258268 -11.294292346269174 30.035859416124026 -132.8544202065625 -300.5975052773474
1146 34390.15845942497 5.257947719851511e7 -0.3071035437920031 -0.9495484462007093 -13.03839344984712 -0.21470262779895677 127.35920384459615 -11.294582012974672 30.0346417247016 -132.85450544669226 -300.5970472930703
1147 34419.43295502663 5.257950846034381e7 -0.30707932603963073 -0.9495311166150744 -13.038415926216246 -0.21471195193156234 127.35920230037256 -11.294268121554353 30.035859416124026 -132.85438024384268 -300.5975052773474
1148 34449.00080871582 5.257947582084191e7 -0.30705550794925074 -0.9494916569809417 -13.038423680533334 -0.2147149980424814 127.35919906245469 -11.294655374685135 30.0346417247016 -132.85455413102954 -300.5970472930703
1149 34478.528492450714 5.257947418305359e7 -0.30706747756267205 -0.9495120825697771 -13.038419902790501 -0.21471351892584778 127.35920055725738 -11.294619855992607 30.0346417247016 -132.85454105506136 -300.5970472930703
1150 34507.65726327896 5.257947582084191e7 -0.3070756727391668 -0.949541010135138 -13.038400102719145 -0.21470462940223456 127.35919989441088 -11.294655374685021 30.0346417247016 -132.85455413102943 -300.5970472930703
1151 34537.543036699295 5.850444344967483e7 -15.938776705087108 -68.80788044127249 74.78017910012218 51.0739774110165 135.45146768566184 -0.6441677164182806 60.750525420904864 -117.50979657229163 -220.19463215026434
1152 34568.05023932457 5.332472265114476e7 -16.413258489289312 -29.73932765675955 3.2217470128720294 35.14454310500673 183.39045961844516 -18.528249891497353 54.69282681355037 -138.371360250934 -301.0762685505048
1153 34598.60010123253 5.5297805860498436e7 -12.397955723662058 -22.56197476802898 27.26043509133045 41.85810800883438 193.8869993948867 4.106353996357257 90.35542143338648 -121.27524754277647 -301.06087722087705
1154 34629.11952972412 5.523240465161236e7 -12.426827910525272 -22.613583287599457 25.772491937413946 41.701057593994975 193.62654524278273 3.2397951381797157 88.71570935509897 -121.94765706835386 -300.67405291520765
1155 34658.61857175827 5.25798150162298e7 -0.3070990690180153 -0.9495288230130621 -13.03841852425603 -0.21471407726757263 127.35920100331879 -11.293895065911954 30.036168020443256 -132.85372812877654 -300.59556080330617
1156 34691.995178461075 5.910116335705629e7 -45.204519522187155 -81.20306469846905 97.45030660186265 153.32352102648116 321.61673168053096 11.615204473555991 175.19718180018162 -115.21386923809257 -296.07602448398825
1157 34725.05340743065 5.910116335705629e7 -45.20451956294016 -81.20306473974803 97.45030662104458 153.32352103294306 321.61673168418145 11.615204473555991 175.19718180018162 -115.21386923809257 -296.0760244839883
1158 34754.19569396973 5.257947629108573e7 -0.3071367003594787 -0.9495574898744463 -13.038383475671566 -0.21469940046712566 127.35920667590635 -11.294520071371949 30.0346417247016 -132.8544757163305 -300.5970472930703
1159 34783.55193686485 5.257951093324048e7 -0.3070710660774232 -0.949514209629398 -13.038420981182284 -0.21471412198160067 127.35920085593798 -11.294232932672458 30.035859416124026 -132.85434584508 -300.5975052773474
1160 34812.60588312149 5.257947418305359e7 -0.3070661890686175 -0.9495109148441658 -13.038419534990702 -0.214713310414254 127.35920052987265 -11.294619855992664 30.0346417247016 -132.8545410550613 -300.5970472930703
1161 34842.09203958511 5.257947418305359e7 -0.3070667192319547 -0.9495111934667708 -13.038419918325019 -0.21471350638248055 127.3592004743459 -11.294619855992607 30.0346417247016 -132.8545410550613 -300.5970472930703
1162 34871.35674262047 5.257947341204144e7 -0.3070655966803386 -0.9495104519428104 -13.03841957234794 -0.2147133126284615 127.35920039434568 -11.294663388364029 30.0346417247016 -132.85456158914712 -300.5970472930703
1163 34900.141966342926 5.257947582084191e7 -0.30706222902478686 -0.949508227371135 -13.038418534416529 -0.21471273136683067 127.35920015434563 -11.294655374685021 30.0346417247016 -132.85455413102943 -300.5970472930703
1164 34932.903589487076 5.808956537988979e7 -49.136946156805564 -88.23235643558083 86.51620849333437 119.2043579895202 267.43187457071434 -1.4330519782875513 158.57162887600782 -125.01204272372468 -296.7421856243719
1165 34965.901646375656 5.8089566924912244e7 -49.136939190701625 -88.23235081703244 86.51617683283155 119.20435063237224 267.43186048465174 -1.4329284177970294 158.57162887600782 -125.01198543861972 -296.74218562437187
1166 34995.35517024994 5.257947570559637e7 -0.30711666317864683 -0.9495416811354822 -13.038390647643006 -0.2147019723983874 127.35920577589373 -11.294582155894034 30.0346417247016 -132.854505450089 -300.5970472930703
1167 35024.77325129509 5.257947418305359e7 -0.30706247834730505 -0.9494963425135046 -13.03842548106288 -0.21471600589715933 127.35920055495178 -11.294619855992607 30.0346417247016 -132.8545410550613 -300.5970472930703
1168 35054.39885044098 5.257950955556727e7 -0.3070513054241566 -0.9494996186582059 -13.03842640057389 -0.21471592808957496 127.35919930407117 -11.294306294382807 30.035859416124026 -132.85439452941716 -300.5975052773474
1169 35083.36237573624 5.257947582084191e7 -0.30705705035298436 -0.9495028034599979 -13.03842017790992 -0.21471332981958824 127.35919959399902 -11.294655374685135 30.0346417247016 -132.85455413102943 -300.5970472930703
1170 35112.53144955635 5.257947466620973e7 -0.3070415143362517 -0.9494865317249772 -13.038425108389973 -0.21471512517796043 127.3591979129597 -11.294721103162942 30.0346417247016 -132.8546159782083 -300.5970472930703
1171 35141.603724718094 5.260209494506495e7 -0.30699490627359083 -0.9494377165088688 -13.038439899829427 -0.21472051125287805 127.35919286984252 -11.127660269283865 30.37977326748978 -132.734164459177 -300.5694837573921
1172 35171.99310183525 5.518492948280266e7 -3.2380451988350245 -6.188361808049894 13.905235473449508 35.58985850253586 192.92975245316092 4.3475262092067055 88.70523041414174 -120.92859942366391 -299.4256864029926
1173 35202.15499448776 5.518492948280266e7 -3.2380453797349524 -6.188361958634312 13.905235590306468 35.589858535192846 192.92975249226342 4.3475262092067055 88.70523041414174 -120.92859942366397 -299.4256864029926
1174 35231.23442220688 5.2579465786879025e7 -0.3071718335816058 -0.9496038335485402 -13.038349864431488 -0.2146849275342788 127.35921608169821 -11.29471626352688 30.0346417247016 -132.85468819695006 -300.5970472930703
1175 35260.722657203674 5.300008641010891e7 -4.8871849094465105 -9.136510258280905 2.0798657884061313 33.97553696023138 132.7901936201685 -10.527016870384386 32.73856657793499 -131.89210789748887 -295.96424241614534
1176 35290.21198058128 5.257947582084191e7 -0.30708015274293743 -0.9495414988340309 -13.038398236177144 -0.21470388872270973 127.35920252005795 -11.294655374685135 30.0346417247016 -132.85455413102943 -300.5970472930703
1177 35319.166090250015 5.257947620409765e7 -0.30703835219356534 -0.949485204994807 -13.038426056334835 -0.2147154472733206 127.35919735657251 -11.294641426571275 30.0346417247016 -132.85457980817483 -300.5970472930703
1178 35348.62102103233 5.260209422958448e7 -0.3070452797253118 -0.9494926821366318 -13.038410343316784 -0.21470862122342282 127.3591961599758 -11.127724718719094 30.37977326748978 -132.73419532554868 -300.56948375739216
1179 35378.10248184204 5.260215646433159e7 -0.30706928692873703 -0.9495192778729598 -13.03842583090821 -0.21471635484063256 127.35919527825462 -11.12728589977138 30.380990958912207 -132.73387480440886 -300.5693777154007
1180 35407.136046886444 5.2602093606368855e7 -0.30703142132572836 -0.9494826221754016 -13.038427863571684 -0.2147160170436706 127.3591963346424 -11.127774785216786 30.37977326748978 -132.7342101960851 -300.56948375739216
1181 35436.6273765564 5.850412935460276e7 -15.938755510845578 -68.80786114121632 74.78016568228708 51.07397554588698 135.45146559877784 -0.6447391418047346 60.74911816257497 -117.51063834482034 -220.19890800729047
1182 35466.791518211365 5.33247231904607e7 -16.41322515114079 -29.739289837870388 3.2217392431575433 35.14454048762437 183.39045587449735 -18.528102253208147 54.69282681355037 -138.37127828368102 -301.0762685505048
1183 35497.170191049576 5.5297804720528685e7 -12.397937536753993 -22.561952049766198 27.260431640946713 41.85810710682139 193.88699801329832 4.106275834464213 90.35542143338648 -121.27528387635948 -301.06087722087693
1184 35527.32637000084 5.237520722569461e7 -20.345395671003477 -36.768039703281026 -7.7126283276298935 1.025262234667494 129.20557507946415 -31.465952139668616 38.3712088186611 -148.09604575166418 -300.67533036739627
1185 35557.68220996857 5.5232430999283835e7 -12.426800838736515 -22.613551200946322 25.77248604852791 41.7010556900552 193.6265425138218 3.2397113466379324 88.71464834892527 -121.94749811760164 -300.6732170689634
1186 35586.59968709946 5.257947582084191e7 -0.30704827826759384 -0.9494894407751211 -13.038423050541631 -0.21471442016260767 127.3591991092234 -11.294655374685135 30.0346417247016 -132.85455413102943 -300.5970472930703
1187 35616.18547487259 5.257947883630343e7 -0.3070575660920696 -0.949493888491074 -13.038420211479853 -0.21471342685863704 127.35920081410153 -11.294617531667086 30.0346417247016 -132.85451852266044 -300.5970472930703
1188 35645.29171323776 5.2579828735187486e7 -0.30699165299969877 -0.9494211286157368 -13.03846923350823 -0.21473377851188502 127.35919354553816 -11.293740554525698 30.03738571186568 -132.85377857611115 -300.5965768182567
1189 35676.82282805443 6.226729226635534e7 -48.74498165967094 -127.44891626953302 144.97003100167956 162.53936823434287 263.18110474993 6.746385552432855 145.19745874228977 -111.58446360776634 -215.64264939598507
1190 35708.297189474106 6.226729226635536e7 -48.74498152975325 -127.44891617462275 144.97003085993404 162.53936819523153 263.181104741259 6.746385552432741 145.19745874228977 -111.58446360776634 -215.64264939598507
1191 35737.75822877884 5.257947687826371e7 -0.30708753393599864 -0.9495137324414742 -13.038396335440034 -0.21470369633907183 127.35920281081604 -11.294599646443487 30.0346417247016 -132.8545016112186 -300.5970472930703
1192 35767.32792925835 5.8504129587069325e7 -15.938752296151353 -68.80786066122457 74.78017299717794 51.0739761545301 135.45146548842376 -0.6447527452698978 60.74911816257497 -117.51065115236491 -220.19890800729047
1193 35796.32007098198 5.257947466620973e7 -0.30704090184315547 -0.949482797979841 -13.038425898813664 -0.21471551260630406 127.35919755532842 -11.294721103162942 30.0346417247016 -132.8546159782082 -300.5970472930703
1194 35825.89460158348 5.260209206848093e7 -0.30703906436300343 -0.9494715967427512 -13.038428270084545 -0.21471667489147706 127.35919648243156 -11.127854461808397 30.37977326748978 -132.73424636611844 -300.56948375739216
1195 35858.79100060463 6.462595693413339e7 -56.25562564157728 -140.87428279941884 170.15052965718144 170.42190272486357 324.27791270467293 21.54336609190966 203.22660883248057 -100.82601872072598 -219.99463195013794
1196 35892.278945446014 6.462599788571041e7 -56.255824780871016 -140.87443666688742 170.15061596057478 170.4219233833947 324.2779394808202 21.54370942392427 203.2266005354976 -100.82569761405523 -219.9940057573615
1197 35921.72982907295 5.257947045076842e7 -0.3071130745227393 -0.9495274225510979 -13.03838307900395 -0.2146985080755286 127.35920791000935 -11.294673014051625 30.0346417247016 -132.85461891480236 -300.5970472930703
1198 35950.39497756958 5.257947466620973e7 -0.30702474822817294 -0.9494458543533648 -13.038442650466564 -0.21472282882866978 127.35919675640318 -11.294721103162942 30.0346417247016 -132.8546159782082 -300.5970472930703
1199 35979.48035407066 5.257949130280018e7 -0.30697628733256366 -0.9493350233575937 -13.038492905408937 -0.21474477749801224 127.3591943596285 -11.294583545911337 30.0346417247016 -132.85451520072485 -300.59689456733224
1200 36010.155255794525 5.924629374538301e7 -32.04485547753589 -97.5975468080945 91.0399775106678 86.43315567361925 191.48269723397144 -8.001849390136158 85.09790871599 -123.14400569030767 -220.58072978002457
1201 36041.01057648659 5.965089508350393e7 -36.62501299890927 -105.78457804582642 106.15835180535768 120.62343184114582 196.91369631703122 -7.3950892240459325 87.41934692762732 -122.19764036510065 -215.81350535380074
1202 36069.94934248924 5.257947197331121e7 -0.3071043148177637 -0.9495063634935201 -13.038397808954237 -0.2147050278276481 127.35920765638967 -11.294635313952995 30.0346417247016 -132.85458330983 -300.5970472930703
1203 36099.49292230606 5.850433629468571e7 -15.938699382364707 -68.80777578214258 74.7798989443352 51.073929416206525 135.45145971555908 -0.6435962164356397 60.75158579648473 -117.51055346659035 -220.1968321115748
1204 36130.18680024147 5.523251563330497e7 -12.426737335840144 -22.61340593692469 25.77242364101643 41.701028183140224 193.62653786228378 3.239913577727066 88.71464834892527 -121.94722294961593 -300.6718181767302
1205 36159.675765275955 5.257957185512626e7 -0.30694786428395915 -0.9492618986507839 -13.038522611930716 -0.21475793879420735 127.35919080261849 -11.294517480891272 30.0346417247016 -132.85432983874273 -300.59562382569226
1206 36188.734419345856 5.257948655014244e7 -0.3069708031298255 -0.9493087468587751 -13.038500261608242 -0.2147480250742575 127.35919869089246 -11.29468318040341 30.0346417247016 -132.854615411603 -300.59689456733224
1207 36218.01035428047 5.2579489764912255e7 -0.30698217827187335 -0.9493427578764724 -13.038488002640406 -0.2147427080521993 127.3591943797943 -11.29466322250289 30.0346417247016 -132.8545513707582 -300.59689456733224
1208 36247.050595760345 5.257952503752554e7 -0.3069688451484076 -0.9493245797042311 -13.038500372062977 -0.2147479159326764 127.35919507081908 -11.294234465609122 30.035859416124026 -132.8543555991124 -300.59735255160933
1209 36275.910583496094 5.2579491976966225e7 -0.30699343059062656 -0.9493475751530802 -13.038491070721975 -0.21474451750655987 127.35919539264495 -11.29454176578355 30.0346417247016 -132.85443700376862 -300.59689456733224
1210 36304.5954284668 5.257952503752554e7 -0.3069706546522575 -0.9493269155823709 -13.038498693606428 -0.214747216087531 127.35919494350274 -11.294234465609122 30.035859416124026 -132.85435559911252 -300.59735255160933
1211 36333.357538461685 5.257949130280018e7 -0.3069767686414977 -0.9493361252922385 -13.038492188458804 -0.21474449182824173 127.35919367812026 -11.294583545911337 30.0346417247016 -132.85451520072485 -300.59689456733224
1212 36362.29121875763 5.257982511156924e7 -0.3069782125675502 -0.9493394310955185 -13.038490037607971 -0.214743634818916 127.35919163359343 -11.294121859643212 30.036168020443256 -132.8538826624536 -300.5954080775681
1213 36392.90608334541 5.5184825200490184e7 -3.2379019365253043 -6.188359554825957 13.905278141399421 35.58988383110025 192.92974508089225 4.347500038048622 88.70523041414174 -120.92883365332818 -299.4274876331581
1214 36424.23134326935 6.111012021019164e7 -18.86948439014683 -74.04648785072439 101.72429497007559 86.87858601703265 201.02201401338058 15.036804295407933 119.37415311812413 -105.62185349533092 -219.03416663762567
1215 36453.58039712906 5.257981069845526e7 -0.3071207968017724 -0.9495566081054267 -13.038388953929541 -0.21470111059730357 127.35920858510701 -11.294010308493 30.036168020443256 -132.85383572227602 -300.59556080330617
1216 36483.41104340553 5.275647147063907e7 -24.92545530297007 -44.95482830135087 7.405571593339239 35.215472063566494 134.63656453914848 -31.056860490301517 40.339554859069835 -147.2920893362317 -296.19648915243545
1217 36512.35263323784 5.260225054065391e7 -0.3069268534502321 -0.9492393314945584 -13.038544797584613 -0.21476735020789306 127.35918888949087 -11.12724462201112 30.380990958912207 -132.7337093854867 -300.5679542480227
1218 36542.06435132027 5.2602187036393374e7 -0.30694853066588124 -0.9492574204488395 -13.038523139548332 -0.21475827272202253 127.35919049674413 -11.127667702652957 30.37977326748978 -132.73397608262638 -300.56806029001405
1219 36570.940667152405 5.2579574108494654e7 -0.3069296195147082 -0.9492452791775801 -13.038525702442783 -0.21475877016113998 127.3591896660474 -11.29437335486449 30.0346417247016 -132.85426280233781 -300.59562382569226
1220 36600.791825294495 5.257957185512626e7 -0.30694782827382383 -0.949260694497168 -13.038522795275092 -0.21475803807408056 127.35919069044394 -11.294517480891272 30.0346417247016 -132.85432983874284 -300.59562382569226
1221 36629.517981767654 5.2602187036393374e7 -0.30694772024279615 -0.9492570820358717 -13.03852334530793 -0.21475833591388493 127.35919035391949 -11.127667702652957 30.37977326748978 -132.73397608262638 -300.56806029001405
1222 36661.33822226524 5.572558572225667e7 -39.38236485012265 -70.79656039340807 35.4911568238393 72.18908217682878 250.80737178830694 -23.339753168905702 120.9565747828077 -141.88589854008637 -299.56734293790714
1223 36693.3528316021 5.5725585722256675e7 -39.38236486879978 -70.79656037870323 35.49115681590922 72.18908217176728 250.8073717907051 -23.339753168905702 120.9565747828077 -141.8858985400865 -299.56734293790714
1224 36722.30392289162 5.257983384717045e7 -0.307089749728366 -0.9494855267671207 -13.03841919126085 -0.21471431803520602 127.35920634581363 -11.293943023524605 30.036168020443256 -132.85375750462663 -300.5953363984786
1225 36751.711827754974 5.260227076887856e7 -0.30689736349675556 -0.949170807789363 -13.038559460007903 -0.2147735623399143 127.35918726873355 -11.127359682369047 30.37977326748978 -132.73367185350077 -300.56681109755516
1226 36781.29592752457 5.257957490295207e7 -0.30694616422935184 -0.949255678598151 -13.038508856157598 -0.21475171711004748 127.35919163884617 -11.294352374962784 30.0346417247016 -132.85424304994217 -300.59562382569226
1227 36810.503022909164 5.257957490295207e7 -0.3069260941456591 -0.9492426371503733 -13.038526448379152 -0.21475891088131505 127.35919180063657 -11.294352374962784 30.0346417247016 -132.85424304994217 -300.59562382569226
1228 36839.248208999634 5.300009885049812e7 -4.88708204121243 -9.13627099634908 2.0797708883288877 33.97549475194522 132.79018956449133 -10.527027940552216 32.73856657793499 -131.8920994717709 -295.96395835021826
1229 36869.06978559494 5.850424315538966e7 -15.938665942315836 -68.80772721564846 74.779784107624 51.07391123154164 135.45145314513985 -0.6439047196259935 60.75158579648473 -117.51093826486311 -220.1982209833837
1230 36900.484946250916 5.594898944902348e7 -28.53287205851112 -51.40311372931498 42.032550205411326 77.06026752656612 249.65778961540437 -4.41530158993163 112.48941500384035 -127.7096749915641 -300.9262635121254
1231 36929.34933590889 5.2602189839269735e7 -0.30693066963113935 -0.9492463312268828 -13.038524906417202 -0.21475842220436903 127.35919014805926 -11.12749602381524 30.37977326748978 -132.7338831204175 -300.56806029001405
1232 36958.4436686039 5.257957109303313e7 -0.3069279245607035 -0.9492435409336419 -13.03852635416741 -0.2147590497540932 127.35918921991171 -11.294411197882539 30.0346417247016 -132.8542984107068 -300.59562382569226
1233 36987.885835170746 5.2605855946415775e7 -0.3069228396985828 -0.949238326201284 -13.038528309341558 -0.2147598885330808 127.35918788150167 -11.077867492059454 30.484601189199452 -132.7087909042645 -300.5942526895191
1234 37019.083315610886 5.8862726142466955e7 -42.92291400452406 -117.04202881411868 83.01006938408617 81.40474126297728 192.37180481170836 -28.205932922920795 91.09343939540724 -138.31133199168386 -219.65198074630626
1235 37049.512724876404 5.909099365960965e7 -22.884576400116135 -81.2235000200067 77.6842763483775 80.16476572996548 190.525430081421 -7.936448724935929 83.04088461718948 -122.92744974506024 -219.43888200098633
1236 37078.38548707962 5.2579455610917054e7 -0.3070589537345967 -0.9494248605672402 -13.03844071971217 -0.21472349085894393 127.3592042120517 -11.294719901135295 30.0346417247016 -132.85468677120667 -300.59740466368544
1237 37108.849313020706 5.827821719337211e7 -35.97703112691493 -104.62629805464957 80.10562680650787 52.31389748894601 137.29782993522383 -20.907156499375503 68.8015968163379 -132.8217985851369 -220.55151087114422
1238 37138.17829203606 5.257957188749055e7 -0.30693724206529893 -0.949235600596448 -13.038518309813796 -0.21475590147133516 127.35919037242004 -11.29439021798072 30.0346417247016 -132.85427865831116 -300.59562382569226
1239 37167.36046004295 5.2605855946415775e7 -0.30692703550763767 -0.9492443724207202 -13.038525037388276 -0.21475848390313956 127.35918838418948 -11.077867492059454 30.484601189199452 -132.7087909042645 -300.59425268951907
1240 37196.270141124725 5.257957082027213e7 -0.3069099217206528 -0.9492297256353446 -13.038529097636207 -0.21475969364256287 127.35918827749613 -11.294412366510642 30.0346417247016 -132.85429894121796 -300.59562382569226
1241 37225.549498558044 5.257956201695579e7 -0.3068559131787687 -0.9491882797239253 -13.038537328041997 -0.21476162530774445 127.35918545025314 -11.293676548915073 30.036506709368723 -132.8534196815658 -300.59695978104736
1242 37257.35808777809 5.539311302614995e7 -37.045302559711686 -66.6191673066786 46.21664212963528 77.13131424133688 200.90392579545704 -16.59240838198184 98.78423747153954 -136.5216449271066 -296.2443651916673
1243 37288.94739866257 5.539311302614995e7 -37.04530300218241 -66.61916817175833 46.2166425659856 77.13131442988974 200.9039258805844 -16.59240838198184 98.78423747153954 -136.5216449271066 -296.24436519166727
1244 37318.12243390083 5.257979499510293e7 -0.3070816376441563 -0.9494321651109559 -13.038440468003174 -0.21472412670921415 127.35920868191015 -11.294039366849859 30.036168020443256 -132.85391548739045 -300.5959181739213
1245 37348.61688995361 5.529776117945682e7 -12.397789343212185 -22.56168257422989 27.26031938121138 41.85806082967656 193.8869857820162 4.105702178667855 90.35392551098198 -121.27575390353269 -301.060445143352
1246 37377.68293070793 5.257957082027213e7 -0.3069078146357107 -0.9492274611667773 -13.038529428182336 -0.21475978103201498 127.35918817897263 -11.294412366510642 30.0346417247016 -132.85429894121796 -300.5956238256922
1247 37406.94394612312 5.2579569999251604e7 -0.30690149338041195 -0.9492206677608088 -13.038530419820603 -0.21476004320061293 127.3591878834022 -11.294396036942885 30.0346417247016 -132.8542814121226 -300.59562382569226
1248 37436.16993665695 5.25795727599538e7 -0.30688252961139284 -0.9492002875401866 -13.038533394735111 -0.2147608297063499 127.35918699668835 -11.294309074339935 30.034726464042592 -132.85419788187323 -300.59562382569226
1249 37465.814985752106 5.3725842304402344e7 -20.993065719765227 -37.925866967810435 18.339934285473873 69.33475131012622 188.8214440429291 -17.941219090300535 57.06683001858232 -137.60081837798998 -296.51709602695587
1250 37495.84660935402 5.3698853521447666e7 -20.99307325364164 -37.9258727596633 18.33993627674399 69.33475185013482 188.82144415896198 -18.127074589131325 56.73390945899007 -137.70053648794539 -296.6487727890744
1251 37524.96549654007 5.300692980162239e7 -4.8868632135076275 -9.136083531486438 2.079537103212324 33.97540863281753 132.79014819217915 -10.508995500196875 32.754690109063176 -131.87591888245544 -295.8261732749305
1252 37554.35004925728 5.257956905803087e7 -0.30698872055192794 -0.9492879300810806 -13.038519945931348 -0.21475816666109893 127.35919262940857 -11.2944000470726 30.0346417247016 -132.8542373898971 -300.59562382569226
1253 37583.45292377472 5.2579569999251604e7 -0.30691456676350626 -0.9492302249422968 -13.03852562324954 -0.21475834153768858 127.35918838609656 -11.294396036942885 30.0346417247016 -132.8542814121227 -300.59562382569226
1254 37612.42006230354 5.2579569999251604e7 -0.3068697685716195 -0.9491466579776366 -13.038563915129743 -0.214774730354776 127.35918564947566 -11.294396036942885 30.0346417247016 -132.8542814121226 -300.59562382569226
1255 37641.85719418526 5.257959869469891e7 -0.3067745939432136 -0.9489246281645602 -13.038664400992268 -0.21481879182546493 127.35917894769597 -11.294356915969217 30.034436348504755 -132.85412647988954 -300.594930526252
1256 37673.55806684494 5.649002456983986e7 -33.08401146067262 -59.53822047998614 58.638721825239635 111.40753393520609 255.3492497718673 -2.660538231096723 117.06234864230873 -125.92991346782077 -295.8219249179449
1257 37705.02717137337 5.649002456983986e7 -33.08400979988312 -59.53822657660598 58.638726254202716 111.40753613261796 255.3492495003039 -2.660538231096723 117.06234864230873 -125.92991346782071 -295.82192491794484
1258 37734.297305583954 5.30069291253205e7 -4.886821100545735 -9.1360133471842 2.0795076472108462 33.97539630740843 132.790145283573 -10.508996973986939 32.75477484840417 -131.87590813712092 -295.8261732749305
1259 37766.952548503876 6.2026020635699265e7 -44.13560748325099 -119.20985799570748 131.3385523331762 128.50594212995117 258.01050166044604 7.306958587911083 145.2440602366629 -111.48529063341988 -219.6144509006175
1260 37796.56717610359 5.257960652430411e7 -0.306780948389175 -0.9489523834920615 -13.038651870075377 -0.21481296200420275 127.35918095594532 -11.29421787818626 30.034521087845746 -132.85399554817855 -300.594930526252
1261 37825.5075905323 5.260241181949486e7 -0.30667743747002874 -0.9488365420874736 -13.038685738477945 -0.21482539436271963 127.3591733005581 -11.126313606040924 30.381348136619067 -132.73230854248789 -300.56549622111487
1262 37854.45457363129 5.257960070440189e7 -0.30677598772296477 -0.9489384581436546 -13.038657973787217 -0.21481576789622636 127.35917954036158 -11.294314671400912 30.034521087845746 -132.8540866863941 -300.594930526252
1263 37883.715812921524 5.257960350884259e7 -0.30677786999634193 -0.9489571353481869 -13.038649293930504 -0.21481168411992257 127.3591803407426 -11.294255721204195 30.034521087845746 -132.85403115654753 -300.594930526252
1264 37912.96601104736 5.260234170869502e7 -0.30686896180367285 -0.9491202800414795 -13.038576113192072 -0.21478055442455002 127.35918453773674 -11.127235587358314 30.379567891292936 -132.73339394427381 -300.56547013096474
1265 37942.11543798447 5.257960350884259e7 -0.3067991232140663 -0.9489712426488728 -13.0386288348178 -0.21480318848490754 127.3591816436685 -11.294255721204195 30.034521087845746 -132.85403115654753 -300.594930526252
1266 37972.001183986664 5.8504465656338476e7 -15.93854474597314 -68.80753712756662 74.77920703865288 51.07381331335917 135.4514363637965 -0.6435085203842164 60.75158579648473 -117.51030650567628 -220.19474899070644
1267 38002.7617058754 5.523292230166183e7 -12.426530527632124 -22.61299241483804 25.772248570039885 41.70095280124953 193.62652322903725 3.2400793301019917 88.71432123937734 -121.94672277709884 -300.6673667384755
1268 38031.75130486488 5.257960031017685e7 -0.3067755809980035 -0.9489264648724909 -13.03866345566064 -0.21481838283027344 127.35917915057354 -11.294352265635325 30.034436348504755 -132.85412425658916 -300.594930526252
1269 38061.95030498505 5.332921698385848e7 -16.412957133223344 -29.738714578529077 3.2214933197492215 35.14443376009555 183.39043625536334 -18.521485233504222 54.71676393440396 -138.36647856485746 -301.01454491178265
1270 38091.06349945068 5.300018601319739e7 -4.88684584754705 -9.13565271414471 2.0795040586207207 33.975374076891995 132.79016698697544 -10.526883487552766 32.7391038430178 -131.891753122061 -295.9631372123148
1271 38120.2601518631 5.257963931723679e7 -0.30648906824334077 -0.9482585345542223 -13.038965857991123 -0.21495097630912596 127.35915884234689 -11.294260054923711 30.034436348504755 -132.853986299658 -300.594192257018
1272 38152.38460564613 5.829556797448876e7 -29.097278962800228 -52.412023356116904 81.18919091523772 117.96394049968691 265.58531274370165 18.81677828029399 150.52119613966045 -109.86972842248883 -296.69011098893185
1273 38184.778861284256 5.8087004210666135e7 -49.13564710080854 -88.23060705557504 86.51498050703398 119.20391607634384 267.43168715455454 -1.4339966802193658 158.57930283933433 -125.01801427787689 -296.7817414360316
1274 38213.81352806091 5.300692424955949e7 -4.88665282482064 -9.135644959166864 2.079346733238701 33.97532603218599 132.79013435309756 -10.509153620910013 32.75449845709386 -131.87604618831017 -295.82633274185275
1275 38243.86744236946 5.332467861780895e7 -16.41267193553989 -29.738045397153257 3.221187770991726 35.14429974402782 183.3904160184054 -18.528590041455914 54.69315177302417 -138.37155537579014 -301.0776529181154
1276 38273.736147880554 5.2605981180943616e7 -0.30635873227160815 -0.9481026088793767 -13.039019886016547 -0.21497181308377833 127.35915006747584 -11.076858340504373 30.486176058328624 -132.70749586803385 -300.593123280893
1277 38302.81827831268 5.260237826636561e7 -0.3064895134714867 -0.9482111157611062 -13.038994687891147 -0.21496455517477386 127.35915806786453 -11.12721877350566 30.379567891292936 -132.73330720395995 -300.56485074692904
1278 38332.70556092262 5.2374742434605435e7 -20.344842497560258 -36.76680577112981 -7.713177888556956 1.0250226848172588 129.20553454492511 -31.465513102528064 38.37091434453396 -148.096317050459 -300.68311365343305
1279 38362.22723174095 5.257955566787212e7 -0.3064956593689452 -0.9483615591354173 -13.038905494634989 -0.21492262926628314 127.3591623890131 -11.293636225296098 30.036301333171878 -132.85329460338846 -300.5967905273538
1280 38391.01835131645 5.257963931723679e7 -0.3064725935436243 -0.9482510054496798 -13.038979941035862 -0.21495671423632245 127.3591579493988 -11.294260054923711 30.034436348504755 -132.853986299658 -300.594192257018
1281 38420.28491306305 5.257965312318256e7 -0.30642316939746195 -0.948228418104919 -13.039022190184802 -0.21497392802882587 127.35915527055207 -11.293984188338072 30.03565403992718 -132.8539326551483 -300.59520827196854
1282 38450.696482896805 5.869553601379069e7 -40.55782269471238 -112.8139147697566 95.22500260833127 86.50438003691777 142.72892593566843 -20.296168749338108 71.09872496071125 -131.97803394905407 -215.49037320923117
1283 38479.84588456154 5.300696495577293e7 -4.886506069067931 -9.135316350496034 2.0791982639496567 33.97526121386841 132.790123919402 -10.509136884052964 32.75449845709386 -131.87598472667213 -295.8256421448999
1284 38508.88042330742 5.257963907228734e7 -0.30647352924718874 -0.9482511150128046 -13.03897986512056 -0.2149567036302642 127.3591582577476 -11.294253482014312 30.034436348504755 -132.85398012624972 -300.59419225701805
1285 38537.91758823395 5.257963671520949e7 -0.3064828770961263 -0.9482599748633627 -13.038972646365494 -0.21495359183411722 127.3591632562847 -11.294348684350496 30.034436348504755 -132.85407000363796 -300.59419225701805
1286 38566.90134716034 5.258332349748325e7 -0.3064691622507212 -0.9482479454332351 -13.03898088436452 -0.21495709921894957 127.35915720432011 -11.243684155283574 30.14127424529545 -132.82840233279717 -300.62289043783835
1287 38595.90334558487 5.257963837601604e7 -0.3065629239187331 -0.9483205898507219 -13.038965969515097 -0.21495338355963156 127.35916278472548 -11.294264065053426 30.034436348504755 -132.8539422774324 -300.59419225701805
1288 38625.15130567551 5.257965312318256e7 -0.30645588643658783 -0.9482402499804063 -13.038995925319526 -0.21496334442122134 127.359156918327 -11.293984188338072 30.03565403992718 -132.8539326551483 -300.59520827196854
1289 38654.26064991951 5.257956336323531e7 -0.3065537503065059 -0.948437314355612 -13.038895643026095 -0.2149198115851192 127.35916354681032 -11.29442567085789 30.034436348504755 -132.8542259840416 -300.59545457199863
1290 38683.78205347061 5.257963931723679e7 -0.3064726868730041 -0.9482523977676074 -13.038978834692166 -0.21495618979487574 127.35915830413036 -11.294260054923711 30.034436348504755 -132.853986299658 -300.59419225701805
1291 38713.74679017067 5.237472007474666e7 -20.34482821441508 -36.766813483217746 -7.713184231833381 1.025020674800757 129.20553444482445 -31.46555166340255 38.37091434453396 -148.09636974935705 -300.6833606415359
1292 38743.70885682106 5.85044745950473e7 -15.938313731425573 -68.80718997581265 74.77814590280994 51.0736272017991 135.45140776965317 -0.6435111739266404 60.75144686365661 -117.51028469316628 -220.19428974761428
1293 38773.94331693649 5.332895998758222e7 -16.41265664996189 -29.73805378080617 3.2211829178039437 35.14429830237469 183.39041543711457 -18.521990604725772 54.71603103087739 -138.36724809192003 -301.0185185467464
1294 38804.35907959938 5.518452826363809e7 -3.237050739146767 -6.186651988108454 13.90432746431216 35.58949389537918 192.92963528034804 4.346765540235765 88.70225879919167 -120.92953863666389 -299.4291319874947
1295 38834.71329021454 5.506436644114961e7 -3.2659161604441884 -6.238263354682888 12.416402340242733 35.43244911495624 192.66918547439852 3.223134571830542 86.48762061041668 -121.83325073953876 -299.55508154232314
1296 38864.29349732399 5.3007365665266514e7 -4.886644676302513 -9.135293626904605 2.079338653382365 33.975305451684946 132.79015868471225 -10.509104752721441 32.75605867437025 -131.87546339568985 -295.82078768961185
1297 38896.63678121567 5.755591190466448e7 -35.39519552774497 -63.669258149204026 58.04100497448769 78.74524216157101 261.04333699049295 -1.9514137835737984 154.2151354961644 -125.7203886400161 -299.72802228013666
1298 38929.3224067688 5.755556019262906e7 -35.395237052378846 -63.66927966616417 58.04101870388449 78.74524480943963 261.0433430574935 -1.9516641564871406 154.2151058933473 -125.7212995681038 -299.7318118252877
1299 38958.82528781891 5.300019875183354e7 -4.886686874741692 -9.13538223201703 2.0793613375590496 33.97531639701327 132.79016160115458 -10.526943946935774 32.73828258893684 -131.89193105806925 -295.9626044047734
1300 38988.35941696167 5.85044745950473e7 -15.93831741769635 -68.80719432616009 74.7781546004803 51.07362864539792 135.45140812621906 -0.6435111739266404 60.75144686365661 -117.51028469316628 -220.19428974761428
1301 39018.485538482666 5.237472007474666e7 -20.34483191472889 -36.766817514168906 -7.713183245698012 1.0250209547376699 129.20553427428968 -31.46555166340255 38.37091434453396 -148.09636974935705 -300.68336064153596
1302 39047.41996026039 5.257963931723677e7 -0.30647631283796173 -0.9482541323928482 -13.038976566545841 -0.21495523197188504 127.35916055164951 -11.294260054923711 30.034436348504755 -132.853986299658 -300.59419225701805
1303 39076.51960968971 5.257963931723679e7 -0.3064683428055339 -0.9482441739742322 -13.03898236361087 -0.2149577153921598 127.35915765643803 -11.294260054923711 30.034436348504755 -132.853986299658 -300.59419225701805
1304 39105.90202498436 5.258332601638119e7 -0.30645559058980965 -0.9482236795452481 -13.038989631335532 -0.2149607188594871 127.35915677755504 -11.243596043177206 30.14135898463644 -132.82834057224375 -300.62289043783835
1305 39138.662158966064 5.808694638357938e7 -49.136069267672916 -88.23150168421279 86.51554210586727 119.20414449755786 267.43172809151287 -1.4341720271498843 158.57893993044854 -125.01823426606137 -296.78138669331076
1306 39171.76186108589 5.808694805028712e7 -49.1360609056149 -88.2314913296865 86.51551927086673 119.20413837823448 267.4317205843567 -1.4341629706196386 158.57893993044854 -125.01819704287948 -296.78138669331076
1307 39200.92544603348 5.3007277939679444e7 -4.886657612709385 -9.135314748327083 2.0793353992187065 33.97530483696053 132.79016068646428 -10.509329196861188 32.755245017977245 -131.8759011758142 -295.82178806479726
1308 39230.262387275696 5.257965094357062e7 -0.30651631187505757 -0.948330932533155 -13.038946108369046 -0.2149422999380448 127.35916124294263 -11.293942251926865 30.03565403992718 -132.85387312426968 -300.59489754230594
1309 39259.3497440815 5.257963931723679e7 -0.30647845765115633 -0.9482469047404773 -13.038977688183095 -0.21495599829788148 127.35915838907061 -11.294260054923711 30.034436348504755 -132.853986299658 -300.59419225701805
1310 39288.3599114418 5.257964413138046e7 -0.30646761117766985 -0.9482531406448143 -13.038974001758127 -0.21495372148518754 127.35916007554881 -11.294158860158632 30.034521087845746 -132.8538909763161 -300.59419225701805
1311 39317.54119539261 5.257964093271473e7 -0.30647136279761966 -0.9482428931219298 -13.038983847628522 -0.21495852411564442 127.35915798167227 -11.29425540458982 30.034436348504755 -132.85398407635762 -300.59419225701805
1312 39347.08232975006 5.257964053248235e7 -0.3064641150936964 -0.9482464336986309 -13.038979790586772 -0.21495635482531839 127.35915723829164 -11.294238790257111 30.034521087845746 -132.8539662585581 -300.59419225701805
1313 39376.04234337807 5.25796423326983e7 -0.30647319970256603 -0.9482469730826182 -13.038981884891804 -0.21495759702177963 127.35915866163782 -11.294222211905662 30.034436348504755 -132.85395069128901 -300.594192257018
1314 39405.100944280624 5.2580012049867205e7 -0.3064760537658664 -0.948238151557999 -13.038988778010491 -0.21496102255345306 127.35915787822853 -11.293284800533286 30.03718033566861 -132.85307857998043 -300.59316375153094
1315 39434.108523607254 5.3000151678296305e7 -4.886639986241121 -9.13526517331885 2.079302506661378 33.97529065515526 132.7901571195481 -10.527057174416143 32.73828258893684 -131.89208611459713 -295.9633341708584
1316 39463.557453393936 5.850442640364109e7 -15.938315205326862 -68.80718735215015 74.77812402113946 51.07362359846243 135.45140768443247 -0.6436802482338635 60.75144686365661 -117.51046014031357 -220.19498042468592
1317 39493.9114010334 5.3328961084671356e7 -16.412655329490644 -29.73804694952968 3.221179862422005 35.14429692130007 183.39041575989165 -18.521947933580748 54.71603103087739 -138.36720779215955 -301.0185185467464
1318 39524.68246173859 5.5184525536203854e7 -3.237030067892661 -6.186659070870433 13.904339662082222 35.58950010296802 192.92963497996485 4.3467401804286965 88.70225879919167 -120.92954637028339 -299.4291319874947
1319 39555.010184288025 5.5232468038156666e7 -12.426225807965722 -22.612305888249722 25.771927141069334 41.70081214678271 193.6265019440313 3.239930669584112 88.71464834892527 -121.94724816835537 -300.67222916809055
1320 39584.00791835785 5.30073108154963e7 -4.88656671499507 -9.135178078163936 2.0792650531889336 33.97527618575158 132.79015046199532 -10.509239281929922 32.755329757318236 -131.875792111662 -295.82120777066245
1321 39616.617550849915 5.910608114206278e7 -45.20404817413867 -81.2025434723433 97.44965421285225 153.32332074920055 321.6165718913901 11.613191396685579 175.16814399534223 -115.20562829647264 -295.9693206906527
1322 39649.38270735741 5.910608114206278e7 -45.20404812653124 -81.20254333314622 97.44965416664384 153.32332072718197 321.6165718873328 11.613191396685693 175.16814399534223 -115.20562829647264 -295.9693206906527
1323 39678.39006733894 5.300727433807489e7 -4.886635080176543 -9.13528014375797 2.079321549590034 33.97529901928114 132.79015824214673 -10.509357661184652 32.755245017977245 -131.87594206897558 -295.82178806479726
1324 39707.36017537117 5.257967305196214e7 -0.3064671838554993 -0.9482428761196529 -13.03898332019395 -0.21495809819845135 127.35915777338873 -11.293910974621497 30.03565403992718 -132.85382669804562 -300.59465024129514
1325 39736.35762381554 5.257963931723677e7 -0.3064707787340488 -0.9482467064355111 -13.038980348337525 -0.2149568516374245 127.359158704826 -11.294260054923711 30.034436348504755 -132.853986299658 -300.594192257018
1326 39765.17857170105 5.2583357741403565e7 -0.3064658337985371 -0.9482437679429818 -13.038985069795558 -0.21495886653698904 127.35915710473654 -11.243289207443297 30.142491936717875 -132.8282207641269 -300.62334842211544
1327 39794.669275045395 5.257963931723679e7 -0.30648442796835695 -0.9482813740003042 -13.038965578186499 -0.214950359787764 127.35915881167202 -11.294260054923711 30.034436348504755 -132.853986299658 -300.59419225701805
1328 39823.9424302578 5.257964351434733e7 -0.3064504707894038 -0.9482305925429815 -13.038984855648899 -0.21495825272492652 127.35915667234399 -11.294169677272464 30.034521087845746 -132.85390116053503 -300.594192257018
1329 39852.99496507645 5.257963931723677e7 -0.30646798441349077 -0.9482438206651791 -13.038982647249206 -0.21495784532199025 127.35915737897221 -11.294260054923711 30.034436348504755 -132.853986299658 -300.59419225701805
1330 39882.4711766243 5.257997580669598e7 -0.3064669092376029 -0.9482427607379318 -13.038983498163965 -0.21495823511180845 127.35915654657585 -11.293674242913994 30.03596264424641 -132.85327561239785 -300.5927057672539
1331 39913.51968359947 6.110983290257856e7 -18.869423277947206 -74.04632937504017 101.72344596362858 86.87841271925522 201.02195276430416 15.036446818328614 119.37470676719602 -105.62272398063305 -219.0403569936687
1332 39944.19793987274 6.110983290257856e7 -18.8694243029166 -74.04633220539115 101.72345637467927 86.87841439272997 201.0219528525241 15.036446818328614 119.37470676719602 -105.62272398063305 -219.0403569936687
1333 39973.617491960526 5.30072743380749e7 -4.886631992879682 -9.135278159594638 2.079318250242622 33.97529788762951 132.7901580033234 -10.509357661184765 32.755245017977245 -131.87594206897558 -295.82178806479726
1334 40002.99723863602 5.257963931723677e7 -0.3064694495331537 -0.9482451659298112 -13.038981296854836 -0.21495725148339773 127.35915839531371 -11.294260054923711 30.034436348504755 -132.853986299658 -300.59419225701805
1335 40032.126769542694 5.257963931723677e7 -0.3064691243045168 -0.9482455716028051 -13.038981962408016 -0.21495755773580072 127.35915750366807 -11.294260054923711 30.034436348504755 -132.853986299658 -300.59419225701805
1336 40060.991223335266 5.257964351434733e7 -0.3064507606463138 -0.9482314011043247 -13.03898471719279 -0.21495819572979258 127.3591565653182 -11.294169677272464 30.034521087845746 -132.85390116053503 -300.59419225701805
1337 40090.249210596085 5.257963931723679e7 -0.306465648792809 -0.9482403385351201 -13.038983614581284 -0.21495821330061915 127.35915759729991 -11.294260054923711 30.034436348504755 -132.853986299658 -300.594192257018
1338 40119.67891860008 5.258332349748324e7 -0.30647056614453305 -0.9482479875868473 -13.038980877117197 -0.2149571326210804 127.35915737762927 -11.243684155283574 30.14127424529545 -132.82840233279717 -300.62289043783835
1339 40148.820655584335 5.257963931723679e7 -0.306471089323896 -0.9482456370717145 -13.038979591816187 -0.21495657830391224 127.35915755258027 -11.294260054923711 30.034436348504755 -132.853986299658 -300.59419225701805
1340 40178.20579648018 5.300727481975359e7 -4.88663111759152 -9.135282250883733 2.0793158246521415 33.97529709287534 132.79015614835927 -10.509332705844201 32.755245017977245 -131.8759307402342 -295.82178806479726
1341 40207.381527900696 5.8504429545337476e7 -15.938308594011875 -68.80718403979292 74.77813506704376 51.073625247835395 135.4514069602498 -0.6436017908727081 60.75144686365661 -117.51041583674828 -220.19498042468592
1342 40237.96503376961 5.523246803815668e7 -12.426224632910824 -22.61230832739641 25.77192816967277 41.70081285778899 193.6265014874791 3.239930669584112 88.71464834892527 -121.94724816835537 -300.67222916809055
1343 40268.52520084381 5.5297904413720205e7 -12.397358408342097 -22.560709745902304 27.259868042171675 41.857863388669614 193.8869553825038 4.105268959718842 90.35433882010534 -121.27569658960101 -301.05964175441125
1344 40298.98452043533 5.315337143637485e7 -36.4510030793635 -65.55660255898954 8.546972439038917 36.38427314974504 185.23679052514694 -38.99127218512132 62.40333772612507 -153.6782174871533 -300.15278460714103
1345 40328.3598883152 5.26023788314357e7 -0.30648406575383547 -0.9482547089824322 -13.0389822046903 -0.21495819506063185 127.35915740895507 -11.12717394467154 30.379567891292936 -132.73329484186564 -300.564850746929
1346 40359.38671040535 6.151161320956578e7 -32.638530846953095 -98.65848737384964 128.7073777510925 127.1796867834341 207.1497879676666 14.238904567721534 121.13795251791612 -105.90467441621405 -215.83375404148399
1347 40390.12957215309 6.1511613209565796e7 -32.63853112911087 -98.6584878192059 128.70737915644148 127.1796870267068 207.1497880062796 14.238904567721534 121.13795251791612 -105.90467441621405 -215.83375404148399
1348 40419.109183073044 5.257963931723677e7 -0.3064721883078825 -0.9482473695209572 -13.038981343904616 -0.2149573706410166 127.35915804531213 -11.294260054923711 30.034436348504755 -132.853986299658 -300.59419225701805
1349 40448.257694244385 5.257963931723677e7 -0.30646769501658255 -0.948241435658912 -13.03898407990286 -0.2149584890468077 127.3591575669563 -11.294260054923711 30.034436348504755 -132.853986299658 -300.59419225701805
1350 40477.87931609154 5.257963931723677e7 -0.3064593297133946 -0.9482246989184446 -13.038990858411843 -0.21496142020477293 127.35915672444726 -11.294260054923711 30.034436348504755 -132.853986299658 -300.59419225701805
1351 40507.46901226044 5.260237898184607e7 -0.3064333656003839 -0.948167333648783 -13.039015491896265 -0.21497214485349048 127.35915476087106 -11.127154324070432 30.379567891292936 -132.7332763375884 -300.564850746929
1352 40537.6206202507 5.275613294854365e7 -24.924800062454242 -44.95366415558695 7.405067986614263 35.21526084765107 134.63652507410927 -31.057258763467985 40.335462369552374 -147.29323046165626 -296.1973445200871
1353 40567.75147461891 5.275613294854365e7 -24.924798348770768 -44.95366313118441 7.4050667759530455 35.21526044093227 134.63652484128286 -31.057258763467985 40.335462369552374 -147.29323046165626 -296.1973445200871
1354 40597.06635451317 5.30072743380749e7 -4.886626417063141 -9.135271634686031 2.079315408143515 33.97529676506959 132.7901572866135 -10.509357661184652 32.755245017977245 -131.87594206897558 -295.82178806479726
1355 40626.052436590195 5.257964132693976e7 -0.3064571076052758 -0.9482248263057587 -13.038989762404789 -0.21496078627980353 127.35915718532735 -11.294217810355406 30.034521087845746 -132.85394650616246 -300.59419225701805
1356 40655.65258550644 5.257963931723679e7 -0.3064716945225072 -0.9482317609840978 -13.038989410486707 -0.2149611687712536 127.35915829466204 -11.294260054923711 30.034436348504755 -132.853986299658 -300.59419225701805
1357 40685.007538318634 5.257963852277937e7 -0.3064777885707386 -0.9482636431542026 -13.038973761107073 -0.21495400768127126 127.35915788777675 -11.29428103482536 30.034436348504755 -132.85400605205365 -300.59419225701805
1358 40713.94042301178 5.257963852277937e7 -0.306462331374977 -0.948226020090309 -13.038991127488394 -0.2149616558673273 127.35915673540312 -11.29428103482536 30.034436348504755 -132.85400605205365 -300.59419225701805
1359 40742.73896718025 5.257963931723677e7 -0.30646254472734924 -0.9482267760892595 -13.038987665731646 -0.2149600916302319 127.35915692540026 -11.294260054923711 30.034436348504755 -132.853986299658 -300.59419225701805
1360 40771.788016319275 5.257998285652453e7 -0.3064510960965521 -0.948220705927441 -13.038990685369988 -0.21496104832245067 127.35915635287041 -11.293533854698694 30.036047383587402 -132.85314338876202 -300.5927057672539
1361 40800.6451151371 5.300727577076858e7 -4.886620820320843 -9.135256105252267 2.0793034488168445 33.9752915467147 132.79015469193632 -10.509316463699406 32.755245017977245 -131.87591542219434 -295.82178806479726
1362 40830.43512392044 5.850442146472284e7 -15.93829989803353 -68.80717287529203 74.77810786116837 51.07362072589129 135.45140619903208 -0.6436036470580007 60.75144686365661 -117.51041852307588 -220.1949945724225
1363 40861.11448979378 5.332895998758222e7 -16.412644263903143 -29.73802921279608 3.2211730359288993 35.144294059203375 183.39041456957113 -18.521990604725772 54.71603103087739 -138.36724809192003 -301.0185185467464
1364 40891.7530913353 5.529790339620067e7 -12.397345619358418 -22.56068739460271 27.259859251847075 41.857859671224475 193.88695454221352 4.105202832653163 90.35433882010534 -121.27572839098957 -301.05964175441125
1365 40922.42933130264 5.561620747519219e7 -17.006386744557638 -30.799335697250076 40.89022197716208 75.8910654390654 199.0575005841076 3.800502560068196 90.94817367801136 -121.14653402591665 -296.123518777297
1366 40951.81109023094 5.2602443109322235e7 -0.30645144336989105 -0.9482172239019997 -13.038997129103393 -0.2149640410013518 127.35915504221899 -11.126681176930731 30.380785582715134 -132.73299476991224 -300.56474470493765
1367 40981.780455589294 5.275656343635065e7 -24.925220350715673 -44.95481927597404 7.405504987613398 35.2154607740745 134.63653155345838 -31.056192360727323 40.339123330307075 -147.29225529183452 -296.19742891503245
1368 41010.83382153511 5.257963931723679e7 -0.30646256418916806 -0.9482299291290417 -13.038987997462833 -0.21496019387460308 127.35915710354311 -11.294260054923711 30.034436348504755 -132.853986299658 -300.59419225701805
1369 41040.147902965546 5.2213529300656244e7 -11.184503449501545 -20.39272713566235 -21.068731538158737 -5.243352374153332 128.2482143135551 -31.29870681268369 36.43865848439009 -147.83653241113882 -299.9035789563343
1370 41069.90357875824 5.237474159218045e7 -20.344814708370105 -36.76678542789364 -7.7131970329002115 1.0250150971147889 129.2055326025741 -31.46551925852259 38.37091434453396 -148.09632285203577 -300.683113653433
1371 41099.5823264122 5.257963931723679e7 -0.3064602444409239 -0.9482258859807313 -13.038990137916478 -0.21496110339863606 127.35915725238108 -11.294260054923711 30.034436348504755 -132.853986299658 -300.594192257018
1372 41128.69478011131 5.257963931723679e7 -0.3064683261174004 -0.9482315823907461 -13.038989492923768 -0.21496110107405286 127.35915719804562 -11.294260054923711 30.034436348504755 -132.853986299658 -300.59419225701805
1373 41157.82950115204 5.257967305196214e7 -0.3064575382582291 -0.9482232708696579 -13.038992540001978 -0.21496211713649416 127.35915669597773 -11.293910974621497 30.03565403992718 -132.85382669804562 -300.59465024129514
1374 41187.1164457798 5.257963852277937e7 -0.30645118206831157 -0.9482060409061859 -13.03899933961204 -0.21496513311497267 127.35915614866849 -11.29428103482536 30.034436348504755 -132.85400605205365 -300.59419225701805
1375 41216.46581196785 5.257963852277936e7 -0.3064267391200026 -0.9481500668406051 -13.039024783208653 -0.21497627184605506 127.35915442133296 -11.29428103482536 30.034436348504755 -132.85400605205365 -300.59419225701805
1376 41245.55273318291 5.257955817322775e7 -0.3063534101619929 -0.9479821443832233 -13.039101113961323 -0.21500968804352283 127.35914923932638 -11.294457285640362 30.034436348504755 -132.85426112755812 -300.5955356304395
1377 41274.741492033005 5.260241696045221e7 -0.30613342226702045 -0.9474783746649678 -13.039330105888425 -0.21510993667652656 127.35913369330063 -11.126192698399734 30.381632503035917 -132.73296022885393 -300.5667424643358
1378 41306.8851146698 5.560531970117439e7 -39.41012284757868 -70.84584644270804 34.00199105375275 72.03151711160878 250.5467921308772 -24.51639054831145 118.77987699956645 -142.74945029105606 -299.7087923571105
1379 41339.13376259804 5.5605327742390506e7 -39.41016260743744 -70.84588713345697 34.00202032552555 72.03153082052306 250.5467940128866 -24.516335692380835 118.77987699956645 -142.74936910068715 -299.708346944099
1380 41368.13009572029 5.30072743380749e7 -4.886672690166957 -9.135382898359026 2.0793653945129336 33.97531878420699 132.79016022036524 -10.509357661184765 32.755245017977245 -131.87594206897558 -295.82178806479726
1381 41397.11335062981 5.257955817322775e7 -0.30635780610359475 -0.9479863908590609 -13.039097011968856 -0.2150079720812954 127.35914951646191 -11.294457285640362 30.034436348504755 -132.85426112755812 -300.5955356304395
1382 41425.99115371704 5.257955817322776e7 -0.30635378758906384 -0.9479829020367001 -13.039100785172586 -0.21500954615137857 127.35914926640385 -11.294457285640362 30.034436348504755 -132.85426112755812 -300.5955356304395
1383 41455.063257694244 5.257966261404032e7 -0.306274030303161 -0.9477972375827406 -13.039185183538763 -0.21504654441559978 127.35914372189282 -11.293714169752946 30.035724293620092 -132.85379578121996 -300.5959995472086
1384 41484.333409547806 5.257955817322776e7 -0.30634118514559106 -0.947957379170747 -13.039111779698466 -0.2150142890112079 127.35914846924376 -11.294457285640362 30.034436348504755 -132.85426112755812 -300.59553563043954
1385 41513.997545957565 5.257956018293074e7 -0.3063368620308822 -0.9479478197017217 -13.039116078155068 -0.21501614794027546 127.35914825231987 -11.294415041072114 30.034521087845746 -132.85422133406263 -300.5955356304395
1386 41543.8862118721 5.237474159218045e7 -20.344750294540738 -36.76662584546606 -7.713270064154827 1.0249828336358036 129.205528322939 -31.46551925852259 38.37091434453396 -148.09632285203577 -300.68311365343305
1387 41573.64399766922 5.8504653886887744e7 -15.9382231676644 -68.80704620461164 74.77769853359254 51.073550378275 135.45139516665282 -0.6431510750737175 60.75144686365661 -117.50976354722678 -220.19154509518177
1388 41603.439366579056 5.3328911742100894e7 -16.41254494269518 -29.737801136882887 3.2210693172917004 35.144248639395755 183.39040761827368 -18.52208764992747 54.71603103087739 -138.3673885386679 -301.01925821960765
1389 41634.918425798416 5.513369686370578e7 -32.43560922274741 -58.37904564368796 32.58556059255934 43.09779607654272 195.7333238302394 -15.988654237253684 98.83841523219473 -136.35066141966672 -300.7328074381248
1390 41664.10158967972 5.257955896768516e7 -0.3063540786222809 -0.9479815702481655 -13.039100615950588 -0.21500946753107542 127.35915021850006 -11.294436305738714 30.034436348504755 -132.85424137516247 -300.5955356304395
1391 41694.93660783768 5.523240002911769e7 -12.426107598681899 -22.612042452089394 25.771807746639254 41.70076022942354 193.62649308828188 3.239782299563842 88.71464834892527 -121.94746289393123 -300.67336003572166
1392 41723.878375053406 5.260237744734927e7 -0.3063365212340976 -0.947955829186311 -13.03911538630257 -0.2150157733179583 127.35914713791404 -11.126894414379535 30.380785582715134 -132.73323589512927 -300.5658388373232
1393 41755.54785656929 5.560558540389496e7 -39.410759794780795 -70.8474505696679 34.00272775140429 72.03184316394051 250.54683891680259 -24.515803285475272 118.78031403493719 -142.7486402191047 -299.7047495542914
1394 41787.22594165802 5.560558540389496e7 -39.41076219675263 -70.847456143487 34.002730253679914 72.03184425663358 250.54683904463312 -24.515803285475158 118.78031403493719 -142.7486402191047 -299.7047495542915
1395 41816.34784054756 5.300018645054427e7 -4.886494004021625 -9.134930500382893 2.079152039488072 33.97522469348297 132.79014676365824 -10.527019489032512 32.73794216730562 -131.8920315751713 -295.96304693506465
1396 41845.756939172745 5.3007245328156814e7 -4.886508432732505 -9.13501016613986 2.079193017121284 33.97524351690036 132.79014722228445 -10.509435200095652 32.75490459634602 -131.87605428563 -295.8223790618491
1397 41875.12729907036 5.257955896768518e7 -0.3063517275942047 -0.9479804846951128 -13.039101776361484 -0.21500994038629528 127.35914915850424 -11.294436305738714 30.034436348504755 -132.85424137516247 -300.59553563043954
1398 41904.08898282051 5.257955817322776e7 -0.30635687839665593 -0.9479846802919116 -13.039100735039938 -0.21500963026488762 127.35914947225001 -11.294457285640362 30.034436348504755 -132.85426112755812 -300.5955356304395
1399 41934.65766143799 5.529781247864982e7 -12.397241883686448 -22.56044566928486 27.259748188213045 41.85781108946877 193.88694700776773 4.105019953100225 90.35433882010534 -121.27599305980391 -301.0610356516865
1400 41964.16831922531 5.8504653886887744e7 -15.938223624481225 -68.80704675403959 74.77769987955446 51.073550613100736 135.451395199289 -0.6431510750737175 60.75144686365661 -117.50976354722678 -220.19154509518177
1401 41994.21601462364 5.3328911742100894e7 -16.412537106779997 -29.737785866363712 3.2210626785990186 35.14424578943617 183.39040709900274 -18.52208764992747 54.71603103087739 -138.3673885386679 -301.01925821960765
1402 42023.345099687576 5.257955817322775e7 -0.30635324606112846 -0.9479819848715811 -13.039101179352137 -0.21500971177233907 127.35914924502698 -11.294457285640362 30.034436348504755 -132.85426112755812 -300.59553563043954
1403 42053.09995818138 5.257960386047351e7 -0.3063858122928025 -0.9480566322038841 -13.039067377088514 -0.21499491594185827 127.35915150014321 -11.29436538629858 30.034436348504755 -132.85412812805413 -300.59483517902186
1404 42081.812334775925 5.257955817322776e7 -0.3063548160175529 -0.947982927813749 -13.039099585299574 -0.2150090473553945 127.3591493565941 -11.294457285640362 30.034436348504755 -132.85426112755812 -300.5955356304395
1405 42111.671613931656 5.237474159218045e7 -20.344709382306036 -36.76654309712954 -7.713306885743457 1.024966985121381 129.20552519010857 -31.46551925852259 38.37091434453396 -148.09632285203577 -300.68311365343305
1406 42140.572665929794 5.26023140934991e7 -0.3063544432445511 -0.9479831418406075 -13.039100757391985 -0.21500956735799548 127.35914912442071 -11.127297874420321 30.379567891292936 -132.7334840879917 -300.56594487931454
1407 42170.99478268623 5.523240002911769e7 -12.426108885761948 -22.61204513559866 25.771808913901047 41.70076073567682 193.62649319096872 3.239782299563842 88.71464834892527 -121.94746289393123 -300.67336003572166
1408 42199.85333228111 5.257955896768518e7 -0.30635495244266764 -0.9479836957718089 -13.039100045561533 -0.2150092371989416 127.35914980494165 -11.294436305738714 30.034436348504755 -132.85424137516247 -300.59553563043954
1409 42232.67956018448 6.422872084808608e7 -44.72915079313901 -120.27079587866365 169.00629335924748 169.25248356838188 273.67754733068585 29.54361712696857 181.27705811605347 -94.36227518809721 -216.3126663424939
1410 42265.038177251816 6.422885295271971e7 -44.72920512215286 -120.27088089817411 169.00656259234742 169.2525303538688 273.67755559544514 29.544006113089836 181.27727036926296 -94.3617939269767 -216.310589443761
1411 42294.244260787964 5.257960386047351e7 -0.3063693078709875 -0.9480165019753359 -13.039084883124183 -0.2150026135785481 127.359150363236 -11.29436538629858 30.034436348504755 -132.85412812805413 -300.59483517902186
1412 42324.02630472183 5.2374741592180446e7 -20.344709826204653 -36.76654463770625 -7.71330618811858 1.0249673065772669 129.20552527567168 -31.46551925852259 38.37091434453396 -148.09632285203577 -300.683113653433
1413 42353.811970710754 5.257955817322775e7 -0.3063558362817034 -0.9479876497207576 -13.039098538094954 -0.21500855869498992 127.35914945987876 -11.294457285640362 30.034436348504755 -132.85426112755812 -300.5955356304395
1414 42382.85047864914 5.257955817322776e7 -0.30635622312148314 -0.9479857733819346 -13.039099795813044 -0.2150091670647356 127.35914942449057 -11.294457285640362 30.034436348504755 -132.85426112755812 -300.5955356304395
1415 42411.81827378273 5.257955817322776e7 -0.30635319238913183 -0.9479815893429135 -13.039101357921965 -0.21500979485672644 127.35914924151687 -11.294457285640362 30.034436348504755 -132.85426112755812 -300.5955356304395
1416 42440.911544561386 5.257955817322775e7 -0.30635279963402695 -0.9479796334533326 -13.039101837461551 -0.21501002097645028 127.35914916270579 -11.294457285640362 30.034436348504755 -132.85426112755812 -300.5955356304395
1417 42470.1022336483 5.26023140934991e7 -0.30635096804932616 -0.9479721006631427 -13.039104007962152 -0.21501101977527526 127.35914893284495 -11.127297874420321 30.379567891292936 -132.73348408799183 -300.56594487931454
1418 42501.36231422424 6.1648985420830406e7 -32.60969963409936 -98.60719520637511 130.19680055676338 127.3369600578558 207.41025357698086 15.445239198281115 123.49965068042525 -104.98678883274272 -215.7636947997271
1419 42532.21890044212 6.1648985420830406e7 -32.60970003494904 -98.60719518770536 130.19680079303677 127.33696010671376 207.41025368648977 15.445239198281115 123.49965068042525 -104.98678883274272 -215.7636947997271
1420 42561.006445646286 5.257960386047351e7 -0.30636797056658693 -0.9480149868439094 -13.039085721335667 -0.21500295411496495 127.35915027331417 -11.29436538629858 30.034436348504755 -132.85412812805413 -300.59483517902186
1421 42590.45050024986 5.257960386047351e7 -0.30636877680225183 -0.9480167188876445 -13.03908508448827 -0.21500267941644324 127.35915027892236 -11.29436538629858 30.034436348504755 -132.85412812805413 -300.59483517902186
1422 42619.28007221222 5.257955817322776e7 -0.3063528797651429 -0.9479776130999289 -13.039103326291773 -0.2150107210558332 127.3591491371968 -11.294457285640362 30.034436348504755 -132.85426112755812 -300.5955356304395
1423 42648.25063562393 5.257955817322776e7 -0.30635229279857157 -0.9479787505807993 -13.039102270676288 -0.21501020581374064 127.35914912908943 -11.294457285640362 30.034436348504755 -132.85426112755812 -300.5955356304395
1424 42677.66746926308 5.257955817322775e7 -0.30635303795812163 -0.9479779210760446 -13.03910144503135 -0.2150098758512371 127.35914916690777 -11.294457285640362 30.034436348504755 -132.85426112755812 -300.5955356304395
1425 42707.157148599625 5.257955896768516e7 -0.3063535891599223 -0.9479803086929959 -13.039101188846274 -0.21500973750232788 127.35914968594984 -11.294436305738714 30.034436348504755 -132.85424137516247 -300.5955356304395
1426 42736.28267478943 5.257955817322776e7 -0.3063535038043135 -0.9479807339672428 -13.039101318327397 -0.21500979945659537 127.3591492416042 -11.294457285640362 30.034436348504755 -132.85426112755812 -300.5955356304395
1427 42765.33300280571 5.257955817322775e7 -0.3063559559517941 -0.9479850816928863 -13.039099143377278 -0.21500887064554774 127.3591494049308 -11.294457285640362 30.034436348504755 -132.85426112755812 -300.5955356304395
1428 42795.1190931797 5.3328911742100894e7 -16.41253821497663 -29.73778600611242 3.2210631943621877 35.144245976947715 183.39040708612904 -18.52208764992747 54.71603103087739 -138.3673885386679 -301.01925821960765
1429 42824.48137640953 5.8504653886887744e7 -15.938223600059665 -68.80704602296578 74.7776967894448 51.073550242453805 135.4513951296362 -0.6431510750737175 60.75144686365661 -117.50976354722678 -220.19154509518177
1430 42856.16386151314 5.7928567005448975e7 -24.516994360891 -44.22450156026866 66.0706549900973 83.7735801524353 260.1542906324859 18.363885003807354 148.41992111875584 -110.49191680684072 -301.0325300844757
1431 42887.112456560135 5.529781247864982e7 -12.397238624367201 -22.5604382388429 27.259744755399637 41.857809650119975 193.88694663473572 4.105019953100111 90.35433882010534 -121.27599305980385 -301.0610356516865
1432 42916.81088805199 5.2374741592180446e7 -20.344692010866336 -36.76650320804563 -7.713324804200113 1.0249591274112504 129.2055235164692 -31.46551925852259 38.37091434453396 -148.09632285203577 -300.68311365343305
1433 42949.0308842659 6.233861161273912e7 -48.71532993702931 -127.39610726167362 146.45418530523494 162.69574271373125 263.4414269876237 7.793426980152731 147.28384311741945 -110.78915866522709 -216.40937102446605
1434 42980.71468567848 6.233861161273911e7 -48.715329695890134 -127.39610708200009 146.45418454461796 162.69574253606095 263.4414267218483 7.793426980152731 147.28384311741945 -110.78915866522709 -216.40937102446605
1435 43010.45396947861 5.257955817322776e7 -0.3063534155497045 -0.947980302733253 -13.039101604621742 -0.21500993301117433 127.35914921769533 -11.294457285640362 30.034436348504755 -132.85426112755812 -300.5955356304395
1436 43039.46030282974 5.257955817322775e7 -0.30635213443168396 -0.9479781023147229 -13.039102517694708 -0.21501031883261135 127.35914911387142 -11.294457285640362 30.034436348504755 -132.85426112755812 -300.5955356304395
1437 43068.78519797325 5.257955817322776e7 -0.3063501388247971 -0.9479735088986425 -13.039104558394115 -0.2150112124009098 127.35914896736719 -11.294457285640362 30.034436348504755 -132.85426112755812 -300.5955356304395
1438 43101.971083164215 6.446958602785555e7 -47.09472700919027 -124.49927593890243 156.79188498753527 164.15299491767405 323.3204711253665 21.670659485959277 201.29446477357612 -100.6150569934643 -219.01225868234656
1439 43134.88472986221 6.4469461301522754e7 -47.094604596026784 -124.49907634116059 156.79125062822675 164.15288652169443 323.32045545442384 21.670345076672902 201.29446477357612 -100.61548256356588 -219.01420979517343
1440 43163.43961429596 5.257955817322776e7 -0.306352735925568 -0.9479783713868697 -13.039102357006435 -0.21501026868612882 127.35914915253983 -11.294457285640362 30.034436348504755 -132.85426112755812 -300.5955356304395
1441 43194.22158908844 5.529781247864982e7 -12.397239123826413 -22.56043757733304 27.259744750895422 41.85780961369731 193.88694668352542 4.105019953100225 90.35433882010534 -121.27599305980385 -301.0610356516865
1442 43223.72864627838 5.26023140934991e7 -0.3063512789856553 -0.9479767438771818 -13.039103547342563 -0.21501077350562525 127.35914879720119 -11.127297874420321 30.379567891292936 -132.7334840879917 -300.56594487931454
1443 43253.02439713478 5.257955817322776e7 -0.30634996393974845 -0.9479730512296722 -13.039104711644185 -0.2150112790642993 127.35914897880814 -11.294457285640362 30.034436348504755 -132.85426112755812 -300.5955356304395
1444 43281.875675439835 5.257955817322776e7 -0.3063582601540169 -0.9479921503805517 -13.039096098456227 -0.2150075080882914 127.35914954298273 -11.294457285640362 30.034436348504755 -132.85426112755812 -300.59553563043954
1445 43311.243948698044 5.257955817322776e7 -0.3063503528847846 -0.9479739508672882 -13.039104414552163 -0.21501115020564043 127.359148971805 -11.294457285640362 30.034436348504755 -132.85426112755812 -300.5955356304395
1446 43340.14419937134 5.257955817322776e7 -0.30635093886522924 -0.947974247922792 -13.03910380308745 -0.21501089751117775 127.35914899386034 -11.294457285640362 30.034436348504755 -132.85426112755812 -300.5955356304395
1447 43370.04160118103 5.257955896768516e7 -0.3063509981764092 -0.9479748638662482 -13.03910383155818 -0.21501089641979831 127.35914925681936 -11.294436305738714 30.034436348504755 -132.85424137516247 -300.59553563043954
1448 43399.57840538025 5.257955817322776e7 -0.3063493010092486 -0.947973053461328 -13.039104618830343 -0.2150112104105375 127.35914890531838 -11.294457285640362 30.034436348504755 -132.85426112755812 -300.5955356304395
1449 43429.223657369614 5.26023140934991e7 -0.3063467875620418 -0.9479716871491375 -13.039104800138631 -0.21501120443905108 127.35914871917332 -11.127297874420321 30.379567891292936 -132.73348408799183 -300.56594487931454
1450 43460.89455294609 6.128567818226027e7 -52.6766060776865 -134.47692182610464 134.03343794075937 128.41967588498295 208.9961358323374 -6.112292549497283 128.97579901794882 -121.25965020317648 -216.12994895029
1451 43492.48079967499 6.128567818226027e7 -52.676605718259644 -134.47692047610172 134.03343237315255 128.41967505261704 208.99613583218832 -6.112292549497283 128.97579901794882 -121.25965020317636 -216.12994895029
1452 43521.95045685768 5.257955817322776e7 -0.3063511322270429 -0.9479746731591199 -13.039104031566268 -0.21501100206573653 127.35914902084357 -11.294457285640362 30.034436348504755 -132.85426112755812 -300.5955356304395
1453 43551.278133392334 5.257955817322775e7 -0.3063498856868705 -0.9479729405716419 -13.039104255512143 -0.215011072179081 127.35914895293595 -11.294457285640362 30.034436348504755 -132.85426112755812 -300.59553563043954
1454 43580.59408903122 5.257955817322776e7 -0.3063491329820849 -0.9479723320391455 -13.039105023558704 -0.21501139380434608 127.3591489107967 -11.294457285640362 30.034436348504755 -132.85426112755812 -300.5955356304395
1455 43610.760972738266 5.2374735779307455e7 -20.344705349973747 -36.76653528074175 -7.7133098638870194 1.0249657305352997 129.20552483893863 -31.465512710840358 38.37092747867882 -148.09631594281575 -300.683113653433
1456 43641.168232917786 5.523275189656153e7 -12.426104699031619 -22.61203539316733 25.771805032965993 41.70075903846801 193.6264928598474 3.239753036327386 88.71432123937734 -121.94719499930756 -300.66985373057366
1457 43669.755981206894 5.257955817322776e7 -0.3063493475978021 -0.9479731895237391 -13.039104538051483 -0.2150111739780698 127.35914891502568 -11.294457285640362 30.034436348504755 -132.85426112755812 -300.5955356304395
1458 43699.079954862595 5.257955817322776e7 -0.30635749707012394 -0.9479917572418612 -13.039096178550352 -0.21500751729166723 127.3591494835696 -11.294457285640362 30.034436348504755 -132.85426112755812 -300.59553563043954
1459 43728.793682575226 5.257955896768516e7 -0.30634990201492585 -0.9479739831814316 -13.0391039687456 -0.2150109233937627 127.35914918011659 -11.294436305738714 30.034436348504755 -132.85424137516247 -300.5955356304395
1460 43758.26143550873 5.850467934309785e7 -15.93822037614584 -68.80704194485305 74.77768708633064 51.07354855036243 135.4513947516022 -0.643087796685677 60.75144686365661 -117.50967196883198 -220.1910627910035
1461 43788.005767822266 5.332887944523799e7 -16.412533649169806 -29.737778028133643 3.2210597660190174 35.144244524773725 183.39040673709783 -18.522158725874135 54.71603103087739 -138.36749140192524 -301.0197999563227
1462 43818.46674370766 5.529781247864982e7 -12.397238303154598 -22.560437182324492 27.259744675953613 41.857809624089384 193.88694661371662 4.105019953100111 90.35433882010534 -121.27599305980385 -301.0610356516865
1463 43847.71839594841 5.26023140934991e7 -0.3063402695515407 -0.9479536153720494 -13.039113520577132 -0.21501509418293097 127.35914802091675 -11.127297874420321 30.379567891292936 -132.7334840879917 -300.56594487931454
1464 43879.31679844856 5.6109002403461985e7 -53.15102930474576 -95.4079129523597 62.47627902161129 112.4903407364686 256.9351456473691 -24.184250314031374 122.68929368588931 -142.20627410359634 -296.70687448172816
1465 43911.77845239639 5.6109002403461985e7 -53.151029360961004 -95.4079129289566 62.4762790878086 112.49034075398305 256.93514565582285 -24.184250314031374 122.68929368588931 -142.20627410359634 -296.7068744817282
1466 43941.25313448906 5.26023140934991e7 -0.3063485120245275 -0.9479699429913735 -13.039106152875767 -0.21501190811615345 127.3591488084346 -11.127297874420321 30.379567891292936 -132.7334840879917 -300.56594487931454
1467 43970.33198618889 5.257955817322775e7 -0.30634620224451226 -0.9479656901369857 -13.03910784572318 -0.21501262653627862 127.35914868150725 -11.294457285640362 30.034436348504755 -132.85426112755812 -300.59553563043954
1468 43999.68314886093 5.26023140934991e7 -0.3063369059484593 -0.947943600159249 -13.03911752640137 -0.21501687491387145 127.35914801007328 -11.127297874420321 30.379567891292936 -132.7334840879917 -300.56594487931454
1469 44033.122683763504 5.888449489768534e7 -65.24187748381348 -117.02034668977686 102.77510818616499 154.56315482230872 323.4629332472956 -8.835846648242352 182.88731093768502 -130.5607809863326 -296.0531314391551
1470 44066.100749492645 5.808695121594766e7 -49.135692960297035 -88.23054185973595 86.51494450771054 119.20389921351628 267.431675902832 -1.4338304949573057 158.57934151569611 -125.01789745142509 -296.78280106138106
1471 44094.89792537689 5.26023140934991e7 -0.306347783314326 -0.9479686264091356 -13.039106774819615 -0.21501217411986318 127.35914876038015 -11.127297874420321 30.379567891292936 -132.7334840879917 -300.56594487931454
1472 44123.9898648262 5.257955817322776e7 -0.30634574820550853 -0.9479657487864941 -13.039108271546418 -0.21501279868253675 127.35914864793428 -11.294457285640362 30.034436348504755 -132.85426112755812 -300.5955356304395
1473 44152.74825882912 5.257955817322775e7 -0.30634580303760117 -0.9479649362803073 -13.039108183550951 -0.21501277281902276 127.3591486485705 -11.294457285640362 30.034436348504755 -132.85426112755812 -300.5955356304395
1474 44181.681705236435 5.257955817322776e7 -0.30634460541691766 -0.9479626747104017 -13.039109197034215 -0.21501321166731202 127.35914854976018 -11.294457285640362 30.034436348504755 -132.85426112755812 -300.5955356304395
1475 44214.2993786335 6.4625361481980056e7 -56.255189466876374 -140.87361076158373 170.148363334809 170.42152028795874 324.27781351486306 21.54290380203156 203.22529456059783 -100.82740537828471 -220.004359438322
1476 44247.316017866135 6.462549539073463e7 -56.25506389488633 -140.87341113110384 170.14773696809962 170.4214126372525 324.277795953276 21.543457426660666 203.22489685749076 -100.82686159174756 -220.0020481676093
1477 44276.15584278107 5.26023140934991e7 -0.3063455834696214 -0.9479644492984924 -13.039108615979785 -0.21501296511949874 127.3591485955015 -11.127297874420321 30.379567891292936 -132.7334840879917 -300.56594487931454
1478 44306.16193985939 5.850463414988806e7 -15.938216693737633 -68.807036007297 74.77766862312464 51.073545378914986 135.4513942402393 -0.6431787022801245 60.75144686365661 -117.50980353015473 -220.19175566813692
1479 44335.27323794365 5.257955817322775e7 -0.30634381983333725 -0.9479619835288347 -13.039109958477454 -0.2150135303987497 127.35914849563508 -11.294457285640362 30.034436348504755 -132.85426112755812 -300.5955356304395
1480 44364.326488256454 5.257959190795311e7 -0.3063414630824788 -0.9479599099842284 -13.039112242807143 -0.21501448659340383 127.3591483332614 -11.294108205338205 30.03565403992718 -132.85410152594574 -300.5959936147166
1481 44394.93241119385 5.315298516553473e7 -36.45109110456228 -65.55679954625653 8.547069908708316 36.384315735445654 185.2367965052029 -38.992059974110305 62.40179330850094 -153.67871213823167 -300.15511226092985
1482 44425.84234333038 5.315298516553472e7 -36.451091254063556 -65.55679936379418 8.547069938664265 36.38431573641115 185.23679647087016 -38.99205997411025 62.40179330850094 -153.67871213823167 -300.15511226092985
1483 44455.08136224747 5.26023140934991e7 -0.3063438994018277 -0.9479610499204583 -13.039110262745844 -0.21501368063051984 127.35914847097796 -11.127297874420321 30.379567891292936 -132.7334840879917 -300.56594487931454
1484 44484.441621780396 5.257959190795311e7 -0.30634111747142967 -0.9479585082496627 -13.039112617920907 -0.2150146572295597 127.359148348221 -11.294108205338205 30.03565403992718 -132.85410152594574 -300.5959936147166
1485 44513.99037909508 5.332887944523799e7 -16.41252740887848 -29.73776465862074 3.221053236961019 35.14424169258565 183.3904062834478 -18.522158725874135 54.71603103087739 -138.36749140192524 -301.0197999563227
1486 44543.02198386192 5.257955817322775e7 -0.30634387894100357 -0.9479618729558066 -13.039110010881608 -0.21501355429202818 127.35914853382249 -11.294457285640362 30.034436348504755 -132.85426112755812 -300.5955356304395
1487 44572.25780391693 5.257955817322775e7 -0.3063421945817595 -0.9479578119938692 -13.03911167627438 -0.21501428684854318 127.35914842787395 -11.294457285640362 30.034436348504755 -132.85426112755812 -300.59553563043954
1488 44601.11632370949 5.257955896768518e7 -0.30633731882636894 -0.9479452973868252 -13.039116829665254 -0.21501655619800886 127.35914822458977 -11.294436305738714 30.034436348504755 -132.85424137516247 -300.59553563043954
1489 44631.054461717606 5.924592254788849e7 -32.044483621088396 -97.59698174519309 91.0382968091211 86.43287909288216 191.48266292663342 -8.00366608948542 85.09391708260296 -123.1455010100209 -220.57821319474857
1490 44661.43797206879 5.924592254788849e7 -32.04448270651157 -97.59698034902202 91.0382924875621 86.43287835099744 191.48266283127933 -8.00366608948542 85.09391708260296 -123.1455010100209 -220.57821319474857
1491 44690.77775526047 5.257955817322775e7 -0.3063549647610273 -0.9479868788390187 -13.039098476225526 -0.21500851210380745 127.35914931681883 -11.294457285640362 30.034436348504755 -132.85426112755812 -300.59553563043954
1492 44720.36556959152 5.850463414988806e7 -15.938212461259134 -68.80702847488814 74.7776433520848 51.07354124985453 135.4513938435914 -0.6431787022801245 60.75144686365661 -117.50980353015473 -220.19175566813692
1493 44749.04195642471 5.257955896768518e7 -0.30633597436572657 -0.9479428392950968 -13.039118191571347 -0.21501714655924786 127.35914807308343 -11.294436305738714 30.034436348504755 -132.85424137516247 -300.5955356304395
1494 44778.65038561821 5.257955817322776e7 -0.30633194098330563 -0.9479354650194027 -13.0391222772896 -0.2150189176429933 127.35914761856365 -11.294457285640362 30.034436348504755 -132.85426112755812 -300.5955356304395
1495 44808.090467214584 5.260616004813911e7 -0.30631984083453645 -0.9479133421886399 -13.039134534443733 -0.21502423089386014 127.35914625500436 -11.076396252576558 30.486901449540255 -132.70756349205874 -300.5922400227476
1496 44839.460319042206 5.633004502240669e7 -33.11257865679652 -59.58916257168865 57.15039856125542 111.25032639228141 255.08875726868297 -3.940569404112523 114.59253940630913 -126.88615786686654 -296.48530713298396
1497 44870.91869401932 5.633004502240669e7 -33.11257867628381 -59.58916258636144 57.150398565831544 111.25032639355135 255.0887572698221 -3.940569404112523 114.59253940630913 -126.88615786686654 -296.48530713298396
1498 44899.73061847687 5.257955817322776e7 -0.3063504169069482 -0.9479765309588482 -13.03910313259648 -0.21501054886050497 127.35914904350963 -11.294457285640362 30.034436348504755 -132.85426112755812 -300.5955356304395
1499 44928.60966038704 5.260241853431169e7 -0.3063276130524386 -0.9479150072463032 -13.039127279164525 -0.21502125559659646 127.35914703414649 -11.126554758532905 30.380855836408273 -132.73301874165367 -300.5664087960836
1500 44957.73331665993 5.258332501523273e7 -0.30633418927966716 -0.9479404801097298 -13.039119752559074 -0.2150178172399677 127.35914775594726 -11.243650887714864 30.14127424529545 -132.82839860079565 -300.6229864740692
1501 44986.81443238258 5.257955817322776e7 -0.3063342807809377 -0.9479391304997051 -13.03912066896244 -0.21501824497792654 127.359147790129 -11.294457285640362 30.034436348504755 -132.85426112755812 -300.5955356304395
1502 45016.08376836777 5.260248203857222e7 -0.3063219356510949 -0.9479147677893014 -13.03913251951429 -0.21502337719240927 127.35914675362434 -11.12613167789101 30.382073527830585 -132.73275204451392 -300.56630275409225
1503 45045.60662341118 5.2602397071303256e7 -0.3063601391353288 -0.9480068706719713 -13.039092431778727 -0.21500577802032694 127.35914910383546 -11.126822594755879 30.380785582715134 -132.73314184684938 -300.56544097942026
1504 45074.88034749031 5.3007245328156814e7 -4.886492202569105 -9.134973095420008 2.079176648366449 33.9752363055367 132.79014592208208 -10.509435200095652 32.75490459634602 -131.87605428563 -295.8223790618491
1505 45104.10026502609 5.260248203857222e7 -0.306325928410935 -0.9479228697100721 -13.039128501181025 -0.21502163065191837 127.3591471053381 -11.12613167789101 30.382073527830585 -132.73275204451392 -300.56630275409225
1506 45133.30853009224 5.260231471671472e7 -0.3063434276068122 -0.9479617632265862 -13.039110044077908 -0.21501359045541335 127.3591474863282 -11.127247807922572 30.379567891292936 -132.73346921745537 -300.56594487931454
1507 45162.44452905655 5.850463414988806e7 -15.938201110820032 -68.80701283616695 74.77759821941149 51.07353277601611 135.4513920849752 -0.6431787022801245 60.75144686365661 -117.50980353015473 -220.19175566813692
1508 45192.03947138786 5.332887944523799e7 -16.412504011768352 -29.737714606864493 3.221029063614374 35.14423115539553 183.39040436770344 -18.522158725874135 54.71603103087739 -138.36749140192524 -301.0197999563227
1509 45221.99124741554 5.2374735779307455e7 -20.344676157829564 -36.766472527969086 -7.713340008408224 1.0249525701987352 129.20552257617095 -31.465512710840358 38.37092747867882 -148.09631594281575 -300.68311365343305
1510 45252.694221735 5.529781247864982e7 -12.397226028925601 -22.560410092041106 27.259732421504346 41.85780421202266 193.88694580575958 4.105019953100225 90.35433882010534 -121.27599305980385 -301.0610356516865
1511 45283.140396118164 5.523275189656153e7 -12.426097509956044 -22.61201923225541 25.771798068105348 41.7007559840641 193.62649243916877 3.2397530363274996 88.71432123937734 -121.94719499930756 -300.66985373057366
1512 45312.400374650955 5.257966340849775e7 -0.30630838579747177 -0.947877008790118 -13.039146623506973 -0.21502959984947267 127.35914667108922 -11.293693189851183 30.035724293620092 -132.85377602882443 -300.5959995472085
1513 45342.8347465992 5.909181003357445e7 -22.88403328087191 -81.22269328541816 77.6820150255267 80.16438400271275 190.52532632722432 -7.9334082037832445 83.04729171559813 -122.9252312409397 -219.4271673328248
1514 45372.626467466354 5.909181003357445e7 -22.884033221566433 -81.22269323058208 77.68201497744252 80.16438398339731 190.525326297489 -7.9334082037832445 83.04729171559813 -122.9252312409397 -219.4271673328248
1515 45401.62878036499 5.26023140934991e7 -0.30635471169609474 -0.9479863129872204 -13.039099065167079 -0.2150087746459235 127.35914920767415 -11.127297874420321 30.379567891292936 -132.7334840879917 -300.56594487931454
1516 45432.076493263245 5.52978092675827e7 -12.397215678360578 -22.56038709663252 27.259721433709053 41.85779949029491 193.8869449295926 4.104952455492253 90.35433882010534 -121.2760566411319 -301.06103565168644
1517 45461.61843132973 5.257955896768518e7 -0.3063322688800838 -0.9479349300520763 -13.03912214280944 -0.2150188616398907 127.35914810839441 -11.294436305738714 30.034436348504755 -132.85424137516247 -300.5955356304395
1518 45491.41864943504 5.257955817322775e7 -0.3063350160486493 -0.9479427421837201 -13.039119080792744 -0.21501751516090906 127.3591478426872 -11.294457285640362 30.034436348504755 -132.85426112755812 -300.5955356304395
1519 45520.443809986115 5.257955817322776e7 -0.3063337468332783 -0.9479403461982949 -13.039120062860526 -0.2150179342316818 127.35914775795857 -11.294457285640362 30.034436348504755 -132.85426112755812 -300.5955356304395
1520 45549.351118564606 5.257955817322776e7 -0.3063351383801205 -0.9479430025309128 -13.039118958811763 -0.21501746158099877 127.35914786176141 -11.294457285640362 30.034436348504755 -132.85426112755812 -300.59553563043954
1521 45578.3572204113 5.26023140934991e7 -0.3063484427999832 -0.947972860867571 -13.039105090082167 -0.21501139955475423 127.35914874464237 -11.127297874420321 30.379567891292936 -132.7334840879917 -300.56594487931454
1522 45607.86834216118 5.257959190795311e7 -0.30632732791935524 -0.9479304222751361 -13.03912677728703 -0.2150208135529823 127.35914732509441 -11.294108205338205 30.03565403992718 -132.85410152594574 -300.5959936147166
1523 45636.86568188667 5.257955817322776e7 -0.3063324991474978 -0.9479365540624372 -13.039121810429343 -0.2150187135778765 127.35914768982033 -11.294457285640362 30.034436348504755 -132.85426112755812 -300.59553563043954
1524 45666.64642095566 5.850463414988806e7 -15.938207145144819 -68.80702165315364 74.77762469472033 51.07353755907236 135.45139296539352 -0.6431787022802951 60.75144686365661 -117.50980353015473 -220.19175566813692
1525 45696.60147666931 5.332887944523799e7 -16.412513149583887 -29.7377325949074 3.2210383784446606 35.14423519942132 183.39040520111462 -18.522158725874135 54.71603103087739 -138.36749140192524 -301.0197999563227
1526 45727.12062048912 5.2374735779307455e7 -20.344687981025068 -36.76649708933108 -7.713327902841101 1.0249578424357821 129.2055235930496 -31.465512710840358 38.37092747867882 -148.09631594281575 -300.683113653433
1527 45759.84962439537 5.8667918134303294e7 -40.62317645279115 -73.01430395045732 82.33081726544465 119.13283499719493 316.18554825506584 10.886053064783084 172.5788954056045 -116.18607134369967 -301.0733369259864
1528 45788.877521276474 5.257966261404032e7 -0.3063155594445739 -0.9478946332057658 -13.039139818595125 -0.2150266447524416 127.35914645916247 -11.293714169752946 30.035724293620092 -132.85379578121996 -300.5959995472086
1529 45822.03563404083 5.910748254213917e7 -45.20331500170338 -81.20128631177506 97.44909196321177 153.3230796424343 321.6165442758413 11.616877045436581 175.17174182921303 -115.20118241061112 -295.9513816119912
1530 45854.960038900375 5.9107431938080296e7 -45.203293049708826 -81.20123674253169 97.44906862179124 153.32306959990368 321.61654240774095 11.616775481110437 175.17174182921303 -115.20132905765655 -295.95215059702076
1531 45884.35264468193 5.257955817322775e7 -0.3063394239491686 -0.9479521146203789 -13.0391148237198 -0.21501566163851749 127.35914819563666 -11.294457285640362 30.034436348504755 -132.85426112755812 -300.5955356304395
1532 45914.82972359657 5.523275189656153e7 -12.426087450929533 -22.61199839167116 25.771787749735054 41.7007514960419 193.62649156815826 3.2397530363274996 88.71432123937734 -121.94719499930756 -300.66985373057366
1533 45944.3591902256 5.3007245328156814e7 -4.886487307352549 -9.134962538498094 2.079171505044613 33.97523409186839 132.79014552373548 -10.509435200095538 32.75490459634602 -131.87605428563 -295.8223790618491
1534 45973.359102249146 5.257955817322775e7 -0.30633198765711 -0.9479354499934791 -13.039122285723955 -0.21501892182540416 127.35914763812443 -11.294457285640362 30.034436348504755 -132.85426112755812 -300.59553563043954
1535 46002.48628950119 5.2602343863034286e7 -0.30633256571361756 -0.9479370981732398 -13.03912162192968 -0.21501862857459741 127.35914764985135 -11.127223874080642 30.379567891292936 -132.73337699246446 -300.5653808530461
1536 46032.334418296814 5.2374735779307455e7 -20.344696284024998 -36.76651528137859 -7.713319290291011 1.0249616042315068 129.20552422341257 -31.465512710840358 38.37092747867882 -148.09631594281575 -300.683113653433
1537 46060.88571715355 5.2602343863034286e7 -0.30633327968739366 -0.9479393490984691 -13.039120686158917 -0.21501820927328197 127.35914768512664 -11.127223874080642 30.379567891292936 -132.73337699246446 -300.5653808530461
1538 46089.872829437256 5.257959190795311e7 -0.30632839519331867 -0.947930043912673 -13.03912580917848 -0.2150204262071327 127.35914742106742 -11.294108205338205 30.03565403992718 -132.85410152594574 -300.5959936147166
1539 46119.154769182205 5.2602343863034286e7 -0.3063327587696847 -0.9479375866031665 -13.03912142194519 -0.21501854035557244 127.35914766453564 -11.127223874080642 30.379567891292936 -132.73337699246446 -300.5653808530461
1540 46148.20423913002 5.257955817322776e7 -0.30633200144857753 -0.9479356716100558 -13.039122197014407 -0.2150188814801055 127.3591476192935 -11.294457285640362 30.034436348504755 -132.85426112755812 -300.5955356304395
1541 46177.62733960152 5.257955896768518e7 -0.30633378727706884 -0.947939429729761 -13.03912046020649 -0.21501811886645328 127.35914798204702 -11.294436305738714 30.034436348504755 -132.85424137516247 -300.5955356304395
1542 46208.163915634155 5.529781247864982e7 -12.397220670736147 -22.560398854122628 27.259726694060163 41.857801778351146 193.88694531172015 4.105019953100111 90.35433882010534 -121.27599305980385 -301.06103565168644
1543 46237.90135526657 5.850463414988806e7 -15.938206469302074 -68.80702043376183 74.77762066208786 51.07353690195096 135.4513928746472 -0.6431787022801245 60.75144686365661 -117.50980353015473 -220.19175566813692
1544 46268.60920596123 5.315353214532105e7 -36.45086720499968 -65.55628834718836 8.546830629456402 36.38421101718261 185.23678113639755 -38.99075072604205 62.4031104642321 -153.6776640019413 -300.1534433466738
1545 46299.47195768356 6.151220305647715e7 -32.63812152968634 -98.65812094884565 128.706851571284 127.17956452145842 207.1497354815849 14.238651151271142 121.13762512281994 -105.90432282894182 -215.82229125173313
1546 46330.881618499756 6.151220305647715e7 -32.638123239054224 -98.65812398582165 128.70686166281692 127.17956624329447 207.14973572563582 14.238651151271029 121.13762512281994 -105.90432282894182 -215.82229125173313
1547 46360.41187787056 5.2602377597759634e7 -0.3063339294736238 -0.9479415437580982 -13.039120124093145 -0.21501795484256547 127.35914774622236 -11.126874793778427 30.380785582715134 -132.73321739085208 -300.5658388373232
1548 46390.140171051025 5.332887944523799e7 -16.412516049592185 -29.737739470325675 3.2210413923492 35.14423652199815 183.390405409677 -18.522158725874135 54.71603103087739 -138.36749140192524 -301.0197999563227
1549 46419.48608803749 5.257955817322776e7 -0.30633304407894 -0.9479368726778414 -13.039121190813027 -0.21501845679316034 127.3591476967097 -11.294457285640362 30.034436348504755 -132.85426112755812 -300.5955356304395
1550 46448.54836344719 5.257955817322775e7 -0.3063317799337746 -0.9479351395266233 -13.039122421656337 -0.21501898077295323 127.35914759884419 -11.294457285640362 30.034436348504755 -132.85426112755812 -300.5955356304395
1551 46477.460225105286 5.26023140934991e7 -0.30633129678551185 -0.9479341630484788 -13.039122854756762 -0.21501917016298933 127.35914753968751 -11.127297874420321 30.379567891292936 -132.7334840879917 -300.56594487931454
1552 46509.29074501991 6.2338487241052076e7 -48.71541486395991 -127.39628562746547 146.45482732562112 162.69584905684053 263.4414430856236 7.793299758854971 147.28380642611455 -110.78931787991712 -216.41044955601933
1553 46541.10688877106 6.2338487241052076e7 -48.71541493017719 -127.39628563668613 146.4548273433923 162.695849062229 263.44144309904294 7.793299758854971 147.28380642611455 -110.78931787991712 -216.41044955601933
1554 46570.56753921509 5.2602377597759634e7 -0.3063332984518681 -0.9479399406727529 -13.039120769239254 -0.21501824055313534 127.35914766187535 -11.126874793778427 30.380785582715134 -132.73321739085208 -300.5658388373232
1555 46599.86424160004 5.3007245328156814e7 -4.886488723739475 -9.134964973415244 2.0791731457769203 33.97523474666963 132.79014560922826 -10.509435200095538 32.75490459634602 -131.87605428563012 -295.8223790618491
1556 46629.373547554016 5.257955817322776e7 -0.30633203281661636 -0.9479353008937919 -13.03912221342177 -0.21501889213875813 127.35914771117776 -11.294457285640362 30.034436348504755 -132.85426112755812 -300.59553563043954
1557 46658.10474777222 5.257955817322776e7 -0.3063318122149319 -0.9479351157950218 -13.039122395708603 -0.21501897059982866 127.3591476007937 -11.294457285640362 30.034436348504755 -132.85426112755812 -300.59553563043954
1558 46687.31008577347 5.257955817322775e7 -0.3063350422039228 -0.9479426024720352 -13.039119028450436 -0.2150174955163493 127.3591478253026 -11.294457285640362 30.034436348504755 -132.85426112755812 -300.5955356304395
1559 46716.01062822342 5.257955817322775e7 -0.30633189696884244 -0.9479351829272913 -13.039122387379287 -0.21501896972588952 127.35914760295046 -11.294457285640362 30.034436348504755 -132.85426112755812 -300.5955356304395
1560 46744.87636303902 5.26023140934991e7 -0.3063318393587977 -0.9479350767958667 -13.03912237385493 -0.21501896246736862 127.35914759721437 -11.127297874420321 30.379567891292936 -132.7334840879917 -300.56594487931454
1561 46774.147048950195 5.30072453281568e7 -4.886487812424207 -9.134964443810482 2.0791719439689373 33.975234333497085 132.79014554452394 -10.509435200095652 32.75490459634602 -131.87605428563 -295.8223790618491
1562 46803.36298370361 5.3007245328156814e7 -4.886487782391974 -9.134964466673656 2.079171912713413 33.9752343251986 132.79014554282503 -10.509435200095652 32.75490459634602 -131.87605428563 -295.8223790618491
1563 46833.11051654816 5.850463414988806e7 -15.938206767897565 -68.80702106387983 74.77762294067176 51.07353725460388 135.45139290739547 -0.6431787022801245 60.75144686365661 -117.50980353015473 -220.19175566813692
1564 46863.26958489418 5.332887944523799e7 -16.412516017727512 -29.737739633535483 3.2210413713423733 35.14423651829131 183.39040540352917 -18.522158725874135 54.71603103087739 -138.36749140192524 -301.0197999563227
1565 46893.43813467026 5.523275189656153e7 -12.426087366128382 -22.611998196110374 25.77178768054064 41.70075146523416 193.62649155076122 3.239753036327386 88.71432123937734 -121.94719499930756 -300.66985373057366
1566 46923.66490483284 5.2374735779307455e7 -20.34468743178035 -36.766495975533445 -7.713328441846919 1.0249576078693678 129.20552354885046 -31.465512710840358 38.37092747867882 -148.09631594281575 -300.68311365343305
1567 46954.955923080444 5.51844713529264e7 -3.2369081964616555 -6.186341063192058 13.904191868145872 35.58943409063218 192.92962672950452 4.346663644304783 88.70203520256007 -120.92966524241757 -299.4298817730895
1568 46984.29945015907 5.2602343863034286e7 -0.3063313143961466 -0.9479344030685564 -13.03912285828968 -0.2150191667953436 127.35914755064856 -11.127223874080642 30.379567891292936 -132.73337699246446 -300.5653808530461
1569 47014.81603050232 5.561629306311804e7 -17.006217256658736 -30.798968346441523 40.89005265217143 75.89099224549005 199.05748855562175 3.8007810509280375 90.94853864134575 -121.14627230678377 -296.12308339416495
1570 47047.36060714722 6.3704382100695126e7 -30.988561880458278 -95.70952970127354 140.53198248758855 128.79378360194826 267.28922096870275 29.101477312056204 177.00793404812248 -94.99434821383272 -219.27920203056868
1571 47076.19076919556 5.2602343863034286e7 -0.30633049066663887 -0.9479322383607949 -13.039123807618985 -0.21501958630962292 127.35914751322142 -11.127223874080642 30.379567891292936 -132.73337699246446 -300.5653808530461
1572 47105.266431331635 5.3007245328156814e7 -4.886487849159039 -9.134964071045202 2.0791720693473508 33.97523435153899 132.79014552364453 -10.509435200095538 32.75490459634602 -131.87605428563 -295.8223790618491
1573 47134.96221232414 5.257955817322776e7 -0.3063301607561151 -0.94793141829755 -13.039124108810071 -0.21501971940675446 127.35914748866745 -11.294457285640362 30.034436348504755 -132.85426112755812 -300.59553563043954
1574 47164.92708325386 5.2374735779307455e7 -20.344687329826083 -36.76649561305237 -7.713328543696072 1.0249575609703072 129.20552351569182 -31.465512710840358 38.37092747867882 -148.09631594281575 -300.683113653433
1575 47194.48398017883 5.850463414988806e7 -15.938206744492668 -68.80702100918771 74.7776227784995 51.07353723000513 135.4513928961205 -0.6431787022801245 60.75144686365661 -117.50980353015473 -220.19175566813692
1576 47223.72766542435 5.257955817322776e7 -0.3063317794908045 -0.9479349590085704 -13.039122437532775 -0.21501898873744096 127.35914764430683 -11.294457285640362 30.034436348504755 -132.85426112755812 -300.5955356304395
1577 47252.8515124321 5.257955817322775e7 -0.3063318972942177 -0.9479353981366003 -13.03912231543351 -0.21501893391352667 127.35914762513632 -11.294457285640362 30.034436348504755 -132.85426112755812 -300.5955356304395
1578 47282.15970945358 5.257955817322776e7 -0.3063318220244682 -0.9479352362314746 -13.039122382189582 -0.21501896328790338 127.35914760840006 -11.294457285640362 30.034436348504755 -132.85426112755812 -300.5955356304395
1579 47310.92879629135 5.257955817322776e7 -0.30633179986478254 -0.9479352336097397 -13.039122381937894 -0.21501896294489597 127.35914760249025 -11.294457285640362 30.034436348504755 -132.85426112755812 -300.5955356304395
1580 47339.911017894745 5.257955817322776e7 -0.3063321504361767 -0.9479354226999339 -13.0391220691248 -0.21501883389107945 127.35914762587613 -11.294457285640362 30.034436348504755 -132.85426112755812 -300.59553563043954
1581 47369.43618583679 5.332887944523799e7 -16.41251605852088 -29.737739530091982 3.2210414089834316 35.14423653122117 183.39040539969693 -18.522158725874135 54.71603103087739 -138.36749140192524 -301.0197999563227
1582 47398.27995467186 5.26023140934991e7 -0.3063317819244844 -0.9479350868599985 -13.039122449186557 -0.21501899415707726 127.35914759276972 -11.127297874420321 30.379567891292936 -132.73348408799183 -300.56594487931454
1583 47428.56631422043 5.529780926758269e7 -12.397220719902453 -22.56039908973856 27.259726728510415 41.85780180677088 193.88694528422576 4.104952455492253 90.35433882010534 -121.2760566411319 -301.0610356516865
1584 47459.57878780365 5.523275189656153e7 -12.426087242145329 -22.611997974742117 25.771787567956828 41.70075141596435 193.6264915276614 3.239753036327386 88.71432123937734 -121.94719499930756 -300.66985373057366
1585 47490.86316418648 5.5821781228885666e7 -19.371941285779226 -35.02769073464909 28.676395381967637 70.79163009687116 248.7004304387509 -4.3844883879796726 110.40846098205282 -127.51476672527423 -299.2676953898265
1586 47521.94079732895 5.5821781228885666e7 -19.37194152566139 -35.02769100791783 28.676395569183263 70.79163018343846 248.70043050283124 -4.3844883879796726 110.40846098205282 -127.51476672527423 -299.2676953898265
1587 47551.03438663483 5.257955817322775e7 -0.30633104331509386 -0.9479333796028175 -13.039123220103235 -0.21501933043917631 127.35914757548466 -11.294457285640362 30.034436348504755 -132.85426112755812 -300.59553563043954
1588 47580.408472299576 5.257955817322775e7 -0.30633072743919243 -0.9479326201095226 -13.039123570161685 -0.21501948349055056 127.35914757570771 -11.294457285640362 30.034436348504755 -132.85426112755812 -300.5955356304395
1589 47609.804012298584 5.257955817322775e7 -0.30632883345854367 -0.9479280998308051 -13.039125615444043 -0.21502037943793084 127.35914750540324 -11.294457285640362 30.034436348504755 -132.85426112755812 -300.59553563043954
1590 47639.27187395096 5.257966340849775e7 -0.3063222038882145 -0.9479122605125383 -13.039132801465946 -0.21502352643422284 127.35914729516188 -11.293693189851297 30.035724293620092 -132.8537760288243 -300.5959995472085
1591 47668.98902583122 5.221370198267244e7 -11.184360423430366 -20.392386488787952 -21.068883836088588 -5.243418998931034 128.24820485086715 -31.298589129176946 36.43872513111262 -147.83616010593175 -299.9007752645218
1592 47698.784029722214 5.221370198267244e7 -11.184360407168501 -20.392386472879227 -21.06888384645721 -5.243419003248718 128.24820484441025 -31.298589129176946 36.43872513111262 -147.83616010593175 -299.9007752645218
1593 47727.9322116375 5.260248203857222e7 -0.3063261032216076 -0.9479231205398655 -13.039128311493968 -0.21502154699756204 127.35914717962005 -11.12613167789101 30.382073527830585 -132.73275204451392 -300.56630275409225
1594 47757.003715753555 5.257955896768518e7 -0.3063294746955627 -0.9479294227620869 -13.03912497935957 -0.21502010018242856 127.35914764216602 -11.294436305738714 30.034436348504755 -132.85424137516247 -300.5955356304395
1595 47786.21806716919 5.257958014821301e7 -0.3063281660436914 -0.9479265400955335 -13.039126264181142 -0.21502066470581838 127.35914745073214 -11.294424744425896 30.034436348504755 -132.85421403292935 -300.59528760320234
1596 47815.38989853859 5.257955817322775e7 -0.30633016243039535 -0.9479300810463078 -13.039124280397012 -0.21501980962219136 127.35914758190646 -11.294457285640362 30.034436348504755 -132.85426112755812 -300.5955356304395
1597 47844.817239284515 5.257958014821302e7 -0.3063285576034964 -0.9479274146407128 -13.03912590336909 -0.21502050595465505 127.35914748956124 -11.294424744425896 30.034436348504755 -132.85421403292935 -300.59528760320245
1598 47874.39045763016 5.257955817322776e7 -0.30632897889390875 -0.9479283104019194 -13.039125542538635 -0.21502035014877663 127.35914751312089 -11.294457285640362 30.034436348504755 -132.85426112755812 -300.5955356304395
1599 47903.79141950607 5.257958014821302e7 -0.3063283041254863 -0.9479267479166742 -13.039126181489323 -0.21502062876770367 127.35914747674252 -11.294424744425896 30.034436348504755 -132.85421403292935 -300.5952876032024
1600 47933.02062654495 5.257955817322775e7 -0.30633228961085734 -0.9479355955613267 -13.039122067790828 -0.21501883101771568 127.35914777361613 -11.294457285640362 30.034436348504755 -132.85426112755812 -300.5955356304395
1601 47962.11358332634 5.3007245328156814e7 -4.886485059966816 -9.134957405394967 2.0791689854859925 33.97523301439274 132.79014545184313 -10.509435200095538 32.75490459634602 -131.87605428563 -295.8223790618491
1602 47991.56649494171 5.850463414988806e7 -15.938204605466222 -68.80701743442084 74.77761070991878 51.073535190594754 135.4513927057114 -0.6431787022801245 60.75144686365661 -117.50980353015473 -220.19175566813692
1603 48021.146636247635 5.332887944523799e7 -16.412513151346523 -29.737732599327558 3.221038285964802 35.14423516038248 183.39040531604468 -18.522158725874135 54.71603103087739 -138.36749140192524 -301.0197999563227
1604 48051.87986922264 5.529781247864982e7 -12.397218309162586 -22.560393443382914 27.259724397544474 41.85780070986266 193.88694527874196 4.105019953100225 90.35433882010534 -121.27599305980385 -301.0610356516865
1605 48082.57550120354 5.523283417121612e7 -12.42608475693114 -22.61199208621275 25.771784853612807 41.70075022873405 193.62649147732623 3.239850328549551 88.71387232048176 -121.94714972329064 -300.66881504256065
1606 48111.55996751785 5.2579696348765686e7 -0.30632674295074835 -0.9479245987720857 -13.03912764164535 -0.2150212499908264 127.35914730533246 -11.293365089450788 30.03694198504263 -132.8536361796077 -300.5964575314856
1607 48143.34234070778 5.792865260301056e7 -24.51694492351282 -44.224398320866165 66.07060292870182 83.77355815337017 260.15428592732627 18.364063387034662 148.41992111875584 -110.49165864524468 -301.0311704579318
1608 48172.46918964386 5.2602343863034286e7 -0.30632932177666916 -0.9479296640351311 -13.03912497850461 -0.21502009846304304 127.3591474186464 -11.127223874080642 30.379567891292936 -132.73337699246446 -300.5653808530461
1609 48201.65405845642 5.850463414988806e7 -15.938204396559183 -68.80701708691356 74.7776095915311 51.073535000245585 135.45139267635784 -0.6431787022801245 60.75144686365661 -117.50980353015473 -220.19175566813692
1610 48230.945044994354 5.257966261404033e7 -0.3063276217061883 -0.9479254230516423 -13.039126853129098 -0.2150209196444024 127.35914741899599 -11.293714169752946 30.035724293620092 -132.85379578121996 -300.5959995472085
1611 48259.959164619446 5.257955817322775e7 -0.30632928549836436 -0.9479285877676951 -13.039125172787614 -0.21502019297803088 127.35914753359359 -11.294457285640362 30.034436348504755 -132.85426112755812 -300.5955356304395
1612 48288.9319767952 5.257955817322775e7 -0.306328640757318 -0.9479277744233041 -13.039125796784155 -0.21502045872347253 127.35914744512583 -11.294457285640362 30.034436348504755 -132.85426112755812 -300.5955356304395
1613 48318.02894902229 5.260236583801954e7 -0.30632806265301227 -0.9479267982009185 -13.03912634080428 -0.2150206965803534 127.35914726429341 -11.127191332866175 30.379567891292936 -132.7333298978357 -300.56513282580903
1614 48351.65858435631 5.8505587113589175e7 -60.66151678170745 -108.83283698420477 87.65659343887617 120.37280465330691 318.03192164198924 -9.34824585657725 180.74865754308564 -131.37434542976655 -300.3169014764192
1615 48385.15457844734 5.8505581164932616e7 -60.66151677808133 -108.83283448472025 87.65659220629678 120.37280404702071 318.0319216611656 -9.348386107019905 180.74865754308564 -131.3744775063849 -300.3169014764192
1616 48414.85556554794 5.257955817322776e7 -0.30632873031499486 -0.9479281813392006 -13.039125621474781 -0.2150203811971494 127.35914739211226 -11.294457285640362 30.034436348504755 -132.85426112755812 -300.5955356304395
1617 48444.70959544182 5.257955817322775e7 -0.30633027399996493 -0.947931536296295 -13.039124057420324 -0.21501969615481187 127.3591475928193 -11.294457285640362 30.034436348504755 -132.85426112755812 -300.59553563043954
1618 48473.683583498 5.257958014821301e7 -0.3063278600965056 -0.9479260333964241 -13.039126544422373 -0.21502078600089192 127.35914737278135 -11.294424744425896 30.034436348504755 -132.85421403292935 -300.59528760320245
1619 48502.793283224106 5.257958014821301e7 -0.30632790257902087 -0.9479261345359804 -13.039126500034449 -0.21502076652498658 127.35914737505995 -11.294424744425896 30.034436348504755 -132.85421403292935 -300.5952876032024
1620 48531.59997725487 5.257958014821301e7 -0.30632808324202543 -0.947926592531787 -13.039126304058811 -0.2150206803884771 127.3591473780645 -11.294424744425896 30.034436348504755 -132.85421403292935 -300.5952876032024
1621 48560.45747208595 5.257955817322775e7 -0.3063285537530618 -0.9479276814705839 -13.039125842622731 -0.21502047934336588 127.35914738965378 -11.294457285640362 30.034436348504755 -132.85426112755812 -300.5955356304395
1622 48590.034205675125 5.257958014821301e7 -0.30632802406742954 -0.9479261818644806 -13.039126506066488 -0.21502077378245588 127.35914738227807 -11.294424744425896 30.034436348504755 -132.85421403292935 -300.59528760320245
1623 48621.760625600815 6.202637755223944e7 -44.13528659217381 -119.20930508737133 131.33668970758438 128.50562168347636 258.0104482258106 7.307909540274579 145.24485136204225 -111.48398318048811 -219.6083133097456
1624 48653.57037401199 6.202637755223944e7 -44.13528658394925 -119.20930508527114 131.33668970569153 128.50562168294323 258.01044822448 7.307909540274579 145.24485136204225 -111.48398318048811 -219.6083133097456
1625 48682.703474760056 5.260236583801954e7 -0.3063279662720717 -0.9479266776907913 -13.039126359050343 -0.2150207028192881 127.35914728178223 -11.127191332866175 30.379567891292936 -132.7333298978357 -300.565132825809
1626 48711.72830629349 5.257958014821301e7 -0.3063278859216467 -0.9479261254878599 -13.039126515833978 -0.2150207729789173 127.3591473768753 -11.294424744425896 30.034436348504755 -132.85421403292935 -300.59528760320245
1627 48743.49923968315 5.486187066791266e7 -23.304125824958337 -42.05648987750955 17.742041723131813 36.67235814268962 194.5155485892754 -17.078293757809206 94.41305556912437 -137.0810948820465 -299.4091850513281
1628 48773.041338443756 5.257958014821302e7 -0.3063279288774048 -0.9479261899417963 -13.03912649356419 -0.2150207632143264 127.35914738688362 -11.294424744425896 30.034436348504755 -132.85421403292935 -300.59528760320245
1629 48802.14923334122 5.257958014821301e7 -0.30632797002127177 -0.9479261725847676 -13.039126509038809 -0.2150207729225997 127.35914738062563 -11.294424744425896 30.034436348504755 -132.85421403292935 -300.5952876032024
1630 48831.84536790848 5.257955817322776e7 -0.30633113554916847 -0.9479335019759771 -13.039123138149328 -0.2150192954800474 127.35914759701467 -11.294457285640362 30.034436348504755 -132.85426112755812 -300.5955356304395
1631 48860.9232609272 5.257958014821302e7 -0.30632783362510807 -0.9479259439919794 -13.039126573124953 -0.21502079905395988 127.35914736783204 -11.294424744425896 30.034436348504755 -132.85421403292935 -300.59528760320245
1632 48890.20258617401 5.2579580942670435e7 -0.30632831956333817 -0.9479264248019783 -13.039126172648672 -0.21502062495939356 127.35914763793954 -11.294403764524134 30.034436348504755 -132.8541942805337 -300.5952876032024
1633 48919.86586499214 5.850463414988806e7 -15.938203843142965 -68.80701625838746 74.77760740605046 51.07353461047613 135.45139254229818 -0.6431787022801245 60.75144686365661 -117.50980353015473 -220.19175566813692
1634 48949.53092169762 5.332887944523799e7 -16.41251219876017 -29.73773062285158 3.221037353647162 35.14423475614929 183.39040518489233 -18.522158725874135 54.71603103087739 -138.36749140192524 -301.0197999563227
1635 48980.22480750084 5.529781247864982e7 -12.397216713982964 -22.560389643420677 27.25972263347053 41.857799977066165 193.88694507261758 4.105019953100225 90.35433882010534 -121.27599305980391 -301.0610356516865
1636 49011.25606203079 5.56162653210709e7 -17.00623979981337 -30.799018989775135 40.89007826609108 75.89100311660212 199.05748929968166 3.800556396243053 90.94817367801136 -121.14643027630694 -296.12271679215485
1637 49042.75257778168 5.539296876107152e7 -37.04459486542534 -66.61757762134998 46.21587177193569 77.1309794353748 200.90386515840382 -16.592752353700064 98.78325435138379 -136.52214727547107 -296.2462759569769
1638 49072.08743476868 5.257966340849775e7 -0.30632524944065764 -0.9479195895675936 -13.039129313265093 -0.2150220004121337 127.35914731478749 -11.293693189851183 30.035724293620092 -132.8537760288243 -300.5959995472085
1639 49104.35464262962 6.1688458478614785e7 -35.003844771994515 -102.88684852767187 116.49322282737893 122.0802055314718 256.79267751719004 6.072762337235474 140.59617037528767 -112.41247236383776 -219.33380251537244
1640 49136.381133794785 6.1688458478614785e7 -35.00384496376534 -102.88684877095987 116.49322349195037 122.08020565639487 256.792677532915 6.072762337235474 140.59617037528767 -112.41247236383776 -219.33380251537244
1641 49165.7540140152 5.2602448303846866e7 -0.30632572016285664 -0.9479219376242423 -13.039128674525791 -0.2150217116280828 127.35914710955689 -11.126480758193225 30.380855836408273 -132.7329116461263 -300.56584476981516
1642 49194.9675757885 5.3007245328156814e7 -4.886483915023245 -9.134954930526296 2.079167899915916 33.97523253265811 132.79014530767856 -10.509435200095652 32.75490459634602 -131.87605428563 -295.8223790618491
1643 49224.031208753586 5.257955817322776e7 -0.30633109194797825 -0.9479334672296078 -13.039123177136666 -0.21501931192234736 127.35914758609138 -11.294457285640362 30.034436348504755 -132.85426112755812 -300.5955356304395
1644 49253.23575806618 5.257958014821301e7 -0.30632776363611214 -0.9479258561242281 -13.039126621901573 -0.21502081980072774 127.35914735905767 -11.294424744425896 30.034436348504755 -132.85421403292935 -300.59528760320245
1645 49282.41615200043 5.257966261404033e7 -0.3063274742550206 -0.9479253243078096 -13.03912685433879 -0.21502092120007887 127.35914731788658 -11.293714169752946 30.035724293620092 -132.85379578121996 -300.5959995472085
1646 49314.93918943405 5.560531894531969e7 -39.41033099881872 -70.84634263497794 34.002227412683666 72.0316231678269 250.5468084001971 -24.516419926129743 118.77987779329567 -142.74944793010536 -299.70882619779707
1647 49347.01971769333 5.560531894531969e7 -39.41033094285331 -70.84634262037291 34.00222741519996 72.03162316821027 250.54680839761573 -24.516419926129743 118.77987779329567 -142.74944793010536 -299.70882619779707
1648 49376.11455321312 5.2602448303846866e7 -0.3063255192403709 -0.9479215066703661 -13.039128864231223 -0.2150217947551596 127.3591470830402 -11.126480758193225 30.380855836408273 -132.7329116461263 -300.56584476981516
1649 49405.5055577755 5.257955817322776e7 -0.30633089948743475 -0.9479332014302573 -13.039123331990233 -0.21501937880988464 127.35914753198539 -11.294457285640362 30.034436348504755 -132.85426112755812 -300.5955356304395
1650 49434.64020371437 5.257958014821302e7 -0.3063280323559283 -0.9479259492269829 -13.039126365866416 -0.2150207150258865 127.35914736422933 -11.294424744425896 30.034436348504755 -132.85421403292935 -300.5952876032024
1651 49464.0571577549 5.257958014821302e7 -0.30632791307231955 -0.9479261300394635 -13.03912647933985 -0.21502075765148732 127.35914739233152 -11.294424744425896 30.034436348504755 -132.85421403292935 -300.59528760320245
1652 49493.36706447601 5.257958014821301e7 -0.30632835344979625 -0.9479269309885394 -13.039126060406076 -0.21502057498020122 127.35914749284908 -11.294424744425896 30.034436348504755 -132.85421403292935 -300.59528760320245
1653 49522.26708126068 5.257958014821301e7 -0.3063278455036631 -0.9479259364130543 -13.039126593005548 -0.21502080749716868 127.35914737964339 -11.294424744425896 30.034436348504755 -132.85421403292935 -300.5952876032024
1654 49550.98113131523 5.257958014821302e7 -0.30632795787899525 -0.9479263104218392 -13.039126360932002 -0.2150207030975082 127.35914741968442 -11.294424744425896 30.034436348504755 -132.85421403292935 -300.5952876032024
1655 49579.870743751526 5.3007245328156814e7 -4.88648325002757 -9.134953764661072 2.079167285994096 33.97523226624179 132.79014515012705 -10.509435200095538 32.75490459634602 -131.87605428563 -295.8223790618491
1656 49609.1161339283 5.850463414988806e7 -15.938203875421575 -68.80701632417279 74.77760763214738 51.07353465030988 135.45139256123872 -0.6431787022801814 60.75144686365661 -117.50980353015473 -220.19175566813692
1657 49639.01456737518 5.2374735779307455e7 -20.34468437492505 -36.76648833107251 -7.713331729443681 1.024956164885836 129.20552351831512 -31.465512710840358 38.37092747867882 -148.09631594281575 -300.683113653433
1658 49669.89089632034 5.523283417121612e7 -12.426083543913297 -22.61198932079074 25.77178366653181 41.700749708555946 193.62649135953222 3.2398503285496645 88.71387232048176 -121.94714972329064 -300.66881504256065
1659 49699.98979997635 5.221362637082428e7 -11.184370341724822 -20.392426261624855 -21.068868398224225 -5.243412307633022 128.24820480717904 -31.298445795531393 36.438892500119664 -147.8362654793748 -299.90168593809665
1660 49730.38197851181 5.529781247864982e7 -12.397216674971698 -22.560389782882048 27.259722627119125 41.85779997754268 193.88694506314005 4.105019953100111 90.35433882010534 -121.27599305980385 -301.0610356516865
1661 49759.93304514885 5.260244830384686e7 -0.3063233014166151 -0.9479159838022406 -13.039131154420268 -0.21502280243500138 127.35914695720561 -11.126480758193225 30.380855836408273 -132.7329116461264 -300.56584476981516
1662 49790.71794104576 5.2968319529443435e7 -27.290568188609008 -49.182259035488435 -4.808691072913348 30.11584914087132 184.27946381146654 -38.80338261761807 60.61863002484267 -153.52422637757735 -299.76195837278283
1663 49821.28401660919 5.2968319529443435e7 -27.29056990942631 -49.18226298706431 -4.808689282328096 30.115849924725083 184.2794639321503 -38.80338261761807 60.61863002484267 -153.52422637757735 -299.76195837278283
1664 49850.03668880463 5.257958014821301e7 -0.30632835899590205 -0.9479271930576987 -13.03912602611642 -0.2150205584829905 127.35914741533071 -11.294424744425896 30.034436348504755 -132.85421403292935 -300.5952876032024
1665 49879.15573978424 5.257966261404033e7 -0.3063276536019579 -0.9479256215706258 -13.039126735534154 -0.21502086920538943 127.35914735476153 -11.293714169752946 30.035724293620092 -132.85379578121996 -300.5959995472085
1666 49908.19028258324 5.257955817322776e7 -0.30632937176653385 -0.9479295757599839 -13.039124946860277 -0.21502008593253663 127.35914747556627 -11.294457285640362 30.034436348504755 -132.85426112755812 -300.5955356304395
1667 49938.61367058754 5.2374735779307455e7 -20.344683065061464 -36.76648582427111 -7.713333010470556 1.024955606983312 129.2055232930973 -31.465512710840358 38.37092747867882 -148.09631594281575 -300.683113653433
1668 49967.52063345909 5.257958014821302e7 -0.3063277716643924 -0.9479258349197304 -13.039126636071359 -0.21502082606346562 127.35914736666112 -11.294424744425896 30.034436348504755 -132.85421403292935 -300.59528760320245
1669 49996.23913216591 5.257958014821302e7 -0.30632779775011443 -0.947926226580055 -13.039126570708355 -0.21502079369530236 127.35914735614958 -11.294424744425896 30.034436348504755 -132.85421403292935 -300.59528760320245
1670 50025.47781610489 5.257966261404033e7 -0.3063277396770445 -0.9479257552030411 -13.039126678824474 -0.21502084566371593 127.35914735860942 -11.293714169752946 30.035724293620092 -132.85379578122007 -300.5959995472085
1671 50054.86557149887 5.257966261404032e7 -0.3063276762278093 -0.9479256709170318 -13.03912671193413 -0.21502085895045298 127.35914735514024 -11.293714169752946 30.035724293620092 -132.85379578122007 -300.5959995472085
1672 50083.71851205826 5.257958014821302e7 -0.3063280374801778 -0.9479264350369689 -13.039126341166266 -0.2150206978347029 127.35914737006433 -11.294424744425896 30.034436348504755 -132.85421403292935 -300.59528760320245
1673 50112.9510717392 5.850463414988806e7 -15.938203861636719 -68.80701631701088 74.77760770567014 51.07353465618088 135.45139253974304 -0.6431787022801814 60.75144686365661 -117.50980353015473 -220.19175566813692
1674 50145.27227759361 5.769827788857359e7 -44.55532879876191 -80.04301548084248 71.39642757690994 85.01354739928334 262.0006650042409 -2.2552193722179936 155.8312825545231 -125.9995484120663 -300.8407841307559
1675 50175.994898319244 5.523283417121612e7 -12.426083060664858 -22.611988356474235 25.77178318471941 41.70074949880755 193.62649130072558 3.239850328549551 88.71387232048176 -121.94714972329064 -300.66881504256065
1676 50207.05561041832 5.315353214532104e7 -36.45086821826862 -65.55629207976182 8.546831711451226 36.3842115078276 185.23678112904713 -38.99075072604205 62.4031104642321 -153.67766400194137 -300.1534433466738
1677 50236.42353773117 5.30072453281568e7 -4.886482367836372 -9.13495143732817 2.0791663564972893 33.97523185420374 132.7901451879605 -10.509435200095652 32.75490459634602 -131.87605428563012 -295.8223790618491
1678 50269.97434878349 6.421598947629242e7 -67.13307281395723 -160.3178451537701 162.11777311924763 165.39298737894597 325.16684880894803 1.2088179314440026 208.92863894524476 -115.97258244701038 -219.5084699371273
1679 50303.73215794563 6.421598947629242e7 -67.1330728153838 -160.31784515694204 162.11777312954632 165.3929873805152 325.16684880846105 1.2088179314440026 208.92863894524476 -115.97258244701038 -219.5084699371273
1680 50333.10116505623 5.257955817322775e7 -0.30632860841188503 -0.9479277467943144 -13.039125761993631 -0.2150204432603715 127.35914743312284 -11.294457285640362 30.034436348504755 -132.85426112755812 -300.5955356304395
1681 50363.070256471634 5.332887944523799e7 -16.4125123232242 -29.737730719645498 3.2210374565984665 35.14423480090946 183.3904052282667 -18.522158725874135 54.71603103087739 -138.36749140192524 -301.0197999563227
1682 50392.47973418236 5.257966261404033e7 -0.3063269478444255 -0.947923987277469 -13.039127470809056 -0.21502119154567367 127.35914729788415 -11.293714169752946 30.035724293620092 -132.85379578121996 -300.5959995472085
1683 50421.49666309357 5.3007245328156814e7 -4.886483909244177 -9.134954955182288 2.079167915453567 33.9752325398819 132.79014530561545 -10.509435200095652 32.75490459634602 -131.87605428563 -295.8223790618491
1684 50450.45675945282 5.257966261404032e7 -0.3063277505596531 -0.9479257758166888 -13.039126654847976 -0.21502083471789035 127.35914737075232 -11.293714169752946 30.035724293620092 -132.85379578121996 -300.5959995472085
1685 50479.59534716606 5.257958014821302e7 -0.3063278180507041 -0.9479258586584578 -13.039126571663815 -0.21502079927202544 127.35914736779733 -11.294424744425896 30.034436348504755 -132.85421403292935 -300.59528760320245
1686 50509.57736992836 5.2374735779307455e7 -20.34468345542848 -36.76648665926089 -7.713332606640968 1.0249557825240885 129.2055233070437 -31.465512710840358 38.37092747867882 -148.09631594281575 -300.68311365343305
1687 50538.61503434181 5.257958014821301e7 -0.3063277677074794 -0.9479258685411773 -13.039126617451736 -0.2150208178751285 127.35914735737158 -11.294424744425896 30.034436348504755 -132.85421403292935 -300.5952876032024
1688 50567.376939058304 5.257958014821302e7 -0.30632777992170546 -0.9479259057917151 -13.039126604102627 -0.21502081209867185 127.35914735231609 -11.294424744425896 30.034436348504755 -132.85421403292935 -300.5952876032024
1689 50599.81156897545 5.619733547747623e7 -53.121918806709374 -95.35579752650871 63.963980972325416 112.64728811605606 257.19557697448806 -23.158899164998275 124.68116292029242 -141.49963916359377 -296.96254028978626
1690 50631.82435417175 5.619733547747623e7 -53.12191879045676 -95.35579750912615 63.96398096662863 112.64728811402614 257.1955769611526 -23.158899164998275 124.68116292029242 -141.49963916359383 -296.96254028978626
1691 50660.5599591732 5.257955817322775e7 -0.30632854157029854 -0.9479275975675803 -13.039125824700527 -0.2150204707811838 127.35914742690412 -11.294457285640362 30.034436348504755 -132.85426112755812 -300.5955356304395
1692 50689.91632056236 5.3007245328156814e7 -4.886483912025927 -9.134954982735026 2.079167921420094 33.97523254196457 132.79014529300449 -10.509435200095652 32.75490459634602 -131.87605428563 -295.8223790618491
1693 50720.444452762604 5.529781247864982e7 -12.397216930576207 -22.560390331405276 27.259722911405973 41.857800094614205 193.88694509432904 4.105019953100111 90.35433882010534 -121.27599305980385 -301.0610356516865
1694 50750.14578104019 5.850463414988806e7 -15.938204243146782 -68.80701691393459 74.77760950534514 51.073534971675514 135.4513926067591 -0.6431787022802951 60.75144686365661 -117.50980353015473 -220.19175566813692
1695 50779.15274786949 5.257966261404033e7 -0.30632718950057125 -0.947924624052674 -13.039127205690285 -0.21502107521385483 127.35914728957025 -11.293714169752946 30.035724293620092 -132.85379578122007 -300.5959995472086
1696 50810.603724718094 6.182196920019674e7 -44.16414406237432 -119.26088446316784 129.848683918181 128.34856097556843 257.7499942982733 6.124644412935311 142.82020561870956 -112.50136100310294 -221.18563463609962
1697 50839.842395067215 5.257966261404033e7 -0.30632773665210067 -0.9479257069868101 -13.039126652725848 -0.21502083485455614 127.35914734457191 -11.293714169752946 30.035724293620092 -132.85379578121996 -300.5959995472085
1698 50868.90987300873 5.257966261404032e7 -0.3063274473431008 -0.9479251598897873 -13.039126956221224 -0.21502096618621636 127.35914731996756 -11.293714169752946 30.035724293620092 -132.85379578122007 -300.5959995472085
1699 50898.19526362419 5.257966261404032e7 -0.30632719954066445 -0.9479244144970789 -13.039127235375283 -0.21502108910590323 127.35914735704782 -11.293714169752946 30.035724293620092 -132.85379578121996 -300.5959995472085
1700 50927.20869779587 5.257958014821302e7 -0.30632784254209255 -0.9479260163786902 -13.039126555959974 -0.21502079160057974 127.35914735799756 -11.294424744425896 30.034436348504755 -132.85421403292935 -300.59528760320245
1701 50956.80948090553 5.257966261404032e7 -0.306327570329362 -0.9479254520014573 -13.039126817428425 -0.2150209054046286 127.35914732958295 -11.293714169752946 30.035724293620092 -132.85379578122007 -300.5959995472086
1702 50985.79090690613 5.257958014821302e7 -0.30632779046200653 -0.9479259270985567 -13.039126594011456 -0.21502080771458054 127.35914735348172 -11.294424744425896 30.034436348504755 -132.85421403292935 -300.59528760320245
1703 51015.69743156433 5.332887944523799e7 -16.41251262780375 -29.737731532209295 3.221037796363511 35.144234950209196 183.3904052136068 -18.522158725874135 54.71603103087739 -138.36749140192524 -301.0197999563227
1704 51044.830631017685 5.257958014821301e7 -0.30632781656441566 -0.9479260175435948 -13.03912656405521 -0.21502079476908875 127.35914733714638 -11.294424744425896 30.034436348504755 -132.85421403292935 -300.59528760320245
1705 51073.84947395325 5.2602336068484366e7 -0.30632792649229756 -0.9479263527990973 -13.039126443912856 -0.2150207427802826 127.35914729164078 -11.127265333205855 30.379567891292936 -132.73343699336294 -300.5656968520775
1706 51104.86095523834 5.90016731451111e7 -52.082748194390994 -133.41538856973187 96.36358706780985 87.67277047341807 193.32902711974165 -28.41878207370604 92.88968836212564 -138.53223442251152 -221.04635803323276
1707 51135.744757413864 5.9001673145111084e7 -52.08274890969196 -133.41538940346706 96.36358884417947 87.67277088193771 193.32902733064 -28.41878207370604 92.88968836212564 -138.53223442251152 -221.04635803323276
1708 51164.73352217674 5.257955817322776e7 -0.3063285456050302 -0.9479276473289078 -13.039125814418476 -0.2150204661189008 127.35914741864778 -11.294457285640362 30.034436348504755 -132.85426112755812 -300.5955356304395
1709 51194.28969025612 5.8504634149888046e7 -15.938203858956328 -68.8070163252225 74.77760777728159 51.073534661119524 135.45139252698525 -0.6431787022801814 60.75144686365661 -117.50980353015473 -220.19175566813692
1710 51223.58307361603 5.3007245328156814e7 -4.886483977593336 -9.134955155417705 2.0791679927647806 33.97523257231309 132.7901452815347 -10.509435200095538 32.75490459634602 -131.87605428563 -295.8223790618491
1711 51252.635763168335 5.257958014821302e7 -0.3063281464983305 -0.9479266095028542 -13.039126263125567 -0.215020664141079 127.3591474054774 -11.294424744425896 30.034436348504755 -132.85421403292935 -300.59528760320245
1712 51281.93739414215 5.257958014821302e7 -0.30632771900283373 -0.9479257933699561 -13.039126689404085 -0.21502085063434606 127.35914730954872 -11.294424744425896 30.034436348504755 -132.85421403292935 -300.59528760320245
1713 51311.27496409416 5.257958014821302e7 -0.3063278712309483 -0.9479260888149135 -13.039126532587858 -0.21502078120335 127.35914734996567 -11.294424744425896 30.034436348504755 -132.85421403292935 -300.59528760320245
1714 51340.48657202721 5.260244830384686e7 -0.3063275570071511 -0.9479255491462322 -13.0391268011861 -0.2150208976803043 127.35914728456288 -11.126480758193225 30.380855836408273 -132.7329116461263 -300.56584476981516
1715 51369.879643678665 5.257958014821302e7 -0.30632775732290796 -0.9479259885383975 -13.039126620799209 -0.21502081815428653 127.35914733469387 -11.294424744425896 30.034436348504755 -132.85421403292935 -300.59528760320245
1716 51399.93289375305 5.332887944523799e7 -16.412511783838198 -29.737729856843373 3.221036975824404 35.144234591974595 183.39040507187363 -18.522158725874135 54.71603103087739 -138.36749140192524 -301.0197999563227
1717 51430.8394613266 5.523283417121612e7 -12.426083422047316 -22.61198916258718 25.771783548229656 41.700749658863884 193.62649129554038 3.239850328549551 88.71387232048176 -121.94714972329064 -300.66881504256065
1718 51459.97073149681 5.2602336068484366e7 -0.30632767973020236 -0.9479259397080773 -13.039126670560513 -0.21502084117261688 127.35914723419987 -11.127265333205855 30.379567891292936 -132.73343699336294 -300.56569685207745
1719 51489.41851019859 5.257955817322775e7 -0.30632861256365373 -0.9479278662858501 -13.039125730566823 -0.21502042969541435 127.35914738736851 -11.294457285640362 30.034436348504755 -132.85426112755812 -300.5955356304395
1720 51519.421463012695 5.2374735779307455e7 -20.344683583869962 -36.766486952141186 -7.713332478923661 1.024955837802949 129.20552330319455 -31.465512710840358 38.37092747867882 -148.09631594281575 -300.683113653433
1721 51550.010774850845 5.529781247864982e7 -12.397216794624875 -22.560390065791594 27.259722708116186 41.857800023445094 193.8869450484171 4.105019953100111 90.35433882010534 -121.27599305980385 -301.0610356516865
1722 51581.70428490639 5.572539833076567e7 -39.3814401433675 -70.79468724248815 35.49014147470609 72.18866250757561 250.80726009995007 -23.339982516355235 120.95628482293625 -141.88653650286074 -299.57000897772974
1723 51613.594573020935 5.572539833076569e7 -39.38144014246963 -70.79468724180464 35.49014147198556 72.18866250692213 250.8072600988842 -23.339982516355235 120.95628482293625 -141.88653650286074 -299.5700089777298
1724 51643.133251428604 5.257966261404032e7 -0.3063274862773824 -0.9479253086883164 -13.039126909903537 -0.21502094520495518 127.35914732100869 -11.293714169752946 30.035724293620092 -132.85379578121996 -300.5959995472085
1725 51672.85752105713 5.30072453281568e7 -4.886483974335231 -9.134955149888835 2.079167990049399 33.97523257113643 132.79014528084718 -10.509435200095652 32.75490459634602 -131.87605428563 -295.8223790618491
1726 51702.57743740082 5.850463414988806e7 -15.938203789511292 -68.80701623190114 74.77760754647792 51.07353461599658 135.45139250812156 -0.6431787022801814 60.75144686365661 -117.50980353015473 -220.19175566813692
1727 51732.71106338501 5.2374735779307455e7 -20.344683506891034 -36.76648681446109 -7.713332549716618 1.0249558071308797 129.20552328699637 -31.465512710840358 38.37092747867882 -148.09631594281575 -300.68311365343305
1728 51761.75187373161 5.257958014821301e7 -0.3063278914035692 -0.9479260648295122 -13.039126508370472 -0.2150207706058609 127.3591473894493 -11.294424744425896 30.034436348504755 -132.85421403292935 -300.5952876032024
1729 51790.86286878586 5.257958014821302e7 -0.30632792985120005 -0.9479262364540384 -13.039126448429144 -0.21502074427370133 127.3591473598868 -11.294424744425896 30.034436348504755 -132.85421403292935 -300.59528760320245
1730 51819.40520477295 5.257958014821302e7 -0.30632783876101755 -0.947926060675008 -13.039126541287281 -0.21502078482096465 127.35914734160754 -11.294424744425896 30.034436348504755 -132.85421403292935 -300.59528760320245
1731 51848.80450463295 5.257958014821302e7 -0.306327795979918 -0.9479260219470742 -13.03912658268166 -0.21502080218087372 127.35914733779735 -11.294424744425896 30.034436348504755 -132.85421403292935 -300.59528760320245
1732 51877.9694314003 5.257958014821302e7 -0.30632784370534694 -0.947926048939717 -13.039126552073974 -0.21502079009336228 127.35914733990784 -11.294424744425896 30.034436348504755 -132.85421403292935 -300.59528760320245
1733 51907.33698344231 5.257966261404033e7 -0.3063274983359534 -0.9479252783770411 -13.03912689562614 -0.21502093996747362 127.35914731784565 -11.293714169752946 30.035724293620092 -132.85379578122007 -300.5959995472085
1734 51936.90049767494 5.257958014821302e7 -0.3063277679147909 -0.9479259402704843 -13.039126601900605 -0.21502081123422556 127.35914732644551 -11.294424744425896 30.034436348504755 -132.85421403292935 -300.5952876032024
1735 51967.16418838501 5.523283417121612e7 -12.426083532477502 -22.611989380921862 25.77178366585266 41.70074971020081 193.62649131826416 3.239850328549551 88.71387232048176 -121.94714972329064 -300.66881504256065
1736 51997.45472383499 5.529781247864982e7 -12.397216773534431 -22.560390023769298 27.259722676129208 41.85780001202039 193.8869450423428 4.105019953100225 90.35433882010534 -121.27599305980391 -301.0610356516865
1737 52027.45671057701 5.332887944523799e7 -16.412512000217475 -29.737730229413252 3.2210371613538484 35.14423467215015 183.39040511753507 -18.522158725874135 54.71603103087739 -138.36749140192524 -301.0197999563227
1738 52057.12345790863 5.88791987233817e7 -20.51836299810291 -76.99405084326968 89.89592025952899 85.26379099108712 140.88239087390608 0.017891132102135998 63.171669380615526 -116.65043061833853 -216.16009093334583
1739 52087.06679773331 5.88791987233817e7 -20.518363216753563 -76.99405100576449 89.89592028776678 85.26379099614354 140.88239088128506 0.017891132102135998 63.171669380615526 -116.65043061833853 -216.16009093334583
1740 52116.30656337738 5.257958014821301e7 -0.30632777799089794 -0.9479259580675636 -13.039126605747285 -0.21502081281177254 127.35914732980483 -11.294424744425896 30.034436348504755 -132.85421403292935 -300.59528760320245
1741 52145.43753504753 5.257958014821302e7 -0.30632777269867617 -0.9479259555260402 -13.039126612236842 -0.21502081556003816 127.35914732894636 -11.294424744425896 30.034436348504755 -132.85421403292935 -300.5952876032024
1742 52174.52875208855 5.257958014821302e7 -0.30632775682243363 -0.9479259479013189 -13.039126631705244 -0.2150208238052329 127.35914732637255 -11.294424744425896 30.034436348504755 -132.85421403292935 -300.59528760320245
1743 52203.61000204086 5.257958014821301e7 -0.30632770919333296 -0.9479259250274223 -13.03912669011072 -0.21502084854046188 127.35914731864976 -11.294424744425896 30.034436348504755 -132.85421403292935 -300.59528760320245
1744 52233.057415008545 5.257958014821302e7 -0.3063275663062548 -0.9479258564056634 -13.03912686532663 -0.2150209227462767 127.35914729548135 -11.294424744425896 30.034436348504755 -132.85421403292935 -300.59528760320245
1745 52265.8336725235 6.1454866481268495e7 -55.04218644990496 -138.70538509104995 121.81893637044617 123.32016876685404 258.63905142133785 -14.233168170234933 148.57048283070628 -127.73104676037377 -219.6278146491552
1746 52298.508705854416 6.1454866481268495e7 -55.04218644903483 -138.70538508987332 121.8189363671722 123.32016876625127 258.6390514212255 -14.233168170234933 148.57048283070628 -127.73104676037377 -219.6278146491552
1747 52327.929096221924 5.257966261404032e7 -0.3063275079034007 -0.9479253849763403 -13.039126900028336 -0.21502094033262154 127.35914733694439 -11.293714169752946 30.035724293620092 -132.85379578122007 -300.5959995472085
1748 52357.62963438034 5.850463414988806e7 -15.938203498840533 -68.80701604583645 74.77760728750059 51.07353448088131 135.45139244507325 -0.6431787022801245 60.75144686365661 -117.50980353015473 -220.19175566813692
1749 52386.63229751587 5.257958014821302e7 -0.306327588937247 -0.9479258719903578 -13.039126844199515 -0.21502091368844845 127.35914730606024 -11.294424744425896 30.034436348504755 -132.85421403292935 -300.59528760320245
1750 52415.64261722565 5.257966261404032e7 -0.30632740164703876 -0.9479254815676095 -13.039127036445812 -0.2150209976537809 127.35914728308134 -11.293714169752946 30.035724293620092 -132.85379578121996 -300.5959995472085
1751 52444.69973778725 5.257961388293837e7 -0.30632751002827874 -0.9479258219076696 -13.039126919492517 -0.2150209449511209 127.35914729936383 -11.294075664123682 30.03565403992718 -132.85405443131697 -300.5957455874795
1752 52474.82106614113 5.2374735779307455e7 -20.344683251677953 -36.766486636147675 -7.713332844110397 1.0249556814735143 129.20552324931188 -31.465512710840358 38.37092747867882 -148.09631594281575 -300.68311365343305
1753 52504.21796298027 5.257958014821302e7 -0.3063276584975334 -0.9479259590225224 -13.039126791629599 -0.2150208905509885 127.35914734841919 -11.294424744425896 30.034436348504755 -132.85421403292935 -300.59528760320245
1754 52533.24341869354 5.257958014821302e7 -0.30632754944340945 -0.9479258390777847 -13.03912687158244 -0.21502092541666684 127.35914729133822 -11.294424744425896 30.034436348504755 -132.85421403292935 -300.59528760320245
1755 52562.137107133865 5.257958014821301e7 -0.30632749885485566 -0.9479257870938289 -13.039126890349472 -0.2150209334280646 127.35914727890773 -11.294424744425896 30.034436348504755 -132.85421403292935 -300.59528760320245
1756 52591.15001249313 5.258332501523271e7 -0.30632734708921916 -0.9479256311423923 -13.039126946650732 -0.21502095746193106 127.35914724161749 -11.243650887714864 30.14127424529545 -132.82839860079565 -300.6229864740692
1757 52623.33577084541 6.159025519838588e7 -55.01332240038431 -138.65378959445755 123.30688624474678 123.47722111750042 258.89950599210334 -12.873552057011636 151.22403664485762 -126.73193111923223 -219.82893999769465
1758 52655.52106976509 6.159025519838588e7 -55.013321962698186 -138.65378884470286 123.30688377808016 123.4772207025333 258.8995059299922 -12.873552057011636 151.22403664485762 -126.73193111923223 -219.82893999769465
1759 52685.65986561775 5.2374735779307455e7 -20.344683174520853 -36.76648652146841 -7.713332887243844 1.0249556615994635 129.2055232208856 -31.465512710840358 38.37092747867882 -148.09631594281575 -300.683113653433
1760 52715.72906637192 5.2374735779307455e7 -20.344683246054252 -36.76648668657352 -7.713332838361168 1.0249556842760228 129.20552325158874 -31.465512710840358 38.37092747867882 -148.09631594281575 -300.68311365343305
1761 52744.85078191757 5.3007245328156814e7 -4.886483672395723 -9.134954951352826 2.079167580660581 33.9752324236585 132.79014522159287 -10.509435200095538 32.75490459634602 -131.87605428563 -295.8223790618491
1762 52773.92525959015 5.257958014821302e7 -0.3063275977461828 -0.9479258822599581 -13.0391268106169 -0.21502089893107268 127.35914733189547 -11.294424744425896 30.034436348504755 -132.85421403292935 -300.59528760320234
1763 52803.22242927551 5.257966261404033e7 -0.3063273339811339 -0.9479254138053559 -13.039127059942558 -0.21502100751121134 127.35914726877246 -11.293714169752946 30.035724293620092 -132.85379578122007 -300.5959995472085
1764 52832.392765522 5.257958014821302e7 -0.30632745349473467 -0.947925767358762 -13.039126898221 -0.2150209358525501 127.35914727422313 -11.294424744425896 30.034436348504755 -132.85421403292935 -300.59528760320245
1765 52861.58223557472 5.257958014821301e7 -0.3063274962925995 -0.9479258020192534 -13.03912688603097 -0.21502093099340414 127.35914728201116 -11.294424744425896 30.034436348504755 -132.85421403292935 -300.59528760320245
1766 52890.81650137901 5.257958014821302e7 -0.30632749885525357 -0.9479257870380007 -13.039126890369218 -0.2150209334383959 127.35914727889373 -11.294424744425896 30.034436348504755 -132.85421403292935 -300.59528760320245
1767 52919.84744858742 5.257958014821301e7 -0.30632757272530853 -0.9479258489171345 -13.03912681457507 -0.21502090143386 127.35914728701326 -11.294424744425896 30.034436348504755 -132.85421403292935 -300.5952876032024
1768 52949.38590788841 5.850463414988806e7 -15.938203489645883 -68.80701602574582 74.77760729187011 51.07353449085156 135.45139245493635 -0.6431787022801814 60.75144686365661 -117.50980353015473 -220.19175566813692
1769 52979.11527609825 5.332887944523799e7 -16.412511811198506 -29.737730246764567 3.2210369381397683 35.1442345817553 183.39040507824427 -18.522158725874135 54.71603103087739 -138.36749140192524 -301.0197999563227
1770 53009.608115911484 5.52978092675827e7 -12.397216491382238 -22.56038986052743 27.259722343468383 41.85779988174146 193.8869449829343 4.104952455492253 90.35433882010534 -121.2760566411319 -301.06103565168644
1771 53040.009926080704 5.221362637082428e7 -11.184370824437167 -20.392428243877752 -21.068867768554313 -5.243412043744556 128.2482046451803 -31.29844579553128 36.438892500119664 -147.8362654793748 -299.90168593809665
1772 53072.37327480316 5.577369610358181e7 -48.570622148233184 -87.22035010323816 47.357739990157256 78.29998116089325 251.50412516507066 -24.560373405068674 120.88837294172174 -142.88777699854143 -300.6667894200247
1773 53104.9849281311 5.577369610358181e7 -48.570622162398706 -87.22035014033862 47.35774000501648 78.29998116765832 251.50412516704532 -24.560373405068674 120.88837294172174 -142.88777699854143 -300.6667894200247
1774 53134.96113419533 5.2374735779307455e7 -20.344683284720897 -36.766486729633 -7.71333282711641 1.0249556889493476 129.20552325920457 -31.465512710840358 38.37092747867882 -148.09631594281575 -300.68311365343305
1775 53163.87534952164 5.257961388293837e7 -0.3063274573508892 -0.9479257415194944 -13.039126934802077 -0.21502095223982565 127.35914727580128 -11.294075664123682 30.03565403992718 -132.85405443131697 -300.59574558747954
1776 53192.919429540634 5.257958014821301e7 -0.306327545197437 -0.94792582352295 -13.039126855618044 -0.2150209184305396 127.35914730584996 -11.294424744425896 30.034436348504755 -132.85421403292935 -300.59528760320245
1777 53222.32778739929 5.257958014821301e7 -0.3063275008407871 -0.9479257950289925 -13.03912688674076 -0.21502093179744008 127.35914727923863 -11.294424744425896 30.034436348504755 -132.85421403292935 -300.59528760320234
1778 53251.09788131714 5.257958014821302e7 -0.3063275964047456 -0.9479259859459441 -13.039126800400055 -0.21502089442309114 127.35914728426349 -11.294424744425896 30.034436348504755 -132.85421403292935 -300.59528760320245
1779 53280.39728355408 5.257958014821302e7 -0.3063275371045471 -0.947925861554916 -13.03912686127233 -0.21502092109325588 127.35914728250938 -11.294424744425896 30.034436348504755 -132.85421403292935 -300.59528760320245
1780 53309.64130139351 5.257958014821301e7 -0.30632749927771386 -0.947925785880269 -13.03912689057411 -0.2150209335369766 127.35914727934394 -11.294424744425896 30.034436348504755 -132.85421403292935 -300.59528760320245
1781 53339.26647424698 5.332887944523799e7 -16.412511809051473 -29.737730237184586 3.2210369342210825 35.14423457990824 183.39040507763417 -18.522158725874135 54.71603103087739 -138.36749140192524 -301.0197999563227
1782 53369.62509870529 5.52978092675827e7 -12.397216487924979 -22.560389846700623 27.259722335268727 41.857799878581616 193.8869449821782 4.104952455492253 90.35433882010534 -121.2760566411319 -301.0610356516865
1783 53400.71972346306 5.523283417121612e7 -12.42608306494649 -22.611988845368945 25.771783156384174 41.70074949747293 193.62649122473343 3.239850328549551 88.71387232048176 -121.94714972329064 -300.66881504256065
1784 53432.32443571091 6.078547333809498e7 -38.9360024507271 -109.91558166882672 105.5587767994275 87.96091388655967 202.60779378022224 -6.495827563210298 124.92497850319273 -121.82980267351854 -218.80282884387827
1785 53461.66825771332 5.3007245328156814e7 -4.886483529686863 -9.134954642768214 2.0791674448454387 33.97523236361205 132.7901452055228 -10.509435200095538 32.75490459634602 -131.87605428563 -295.8223790618491
1786 53493.56331849098 5.6197335477476254e7 -53.12191540777184 -95.35578871297066 63.96397834659145 112.64728671002611 257.19557721774225 -23.158899164998275 124.68116292029242 -141.49963916359377 -296.96254028978626
1787 53525.829954624176 5.6197335477476254e7 -53.12191561119978 -95.35578884840866 63.963978495673786 112.64728674662811 257.1955772742811 -23.158899164998275 124.68116292029242 -141.49963916359377 -296.96254028978626
1788 53555.47006034851 5.257958014821302e7 -0.30632751826684057 -0.9479258422291812 -13.039126881689313 -0.21502092958014885 127.35914727844252 -11.294424744425896 30.034436348504755 -132.85421403292935 -300.59528760320245
1789 53584.77263402939 5.257958014821302e7 -0.30632753144899993 -0.9479258661655798 -13.039126868895117 -0.21502092414871754 127.35914727711406 -11.294424744425896 30.034436348504755 -132.85421403292935 -300.59528760320245
1790 53613.78472828865 5.260236583801954e7 -0.3063275709952329 -0.9479259379745235 -13.039126830512508 -0.21502090785460837 127.35914727312814 -11.127191332866175 30.379567891292936 -132.7333298978357 -300.565132825809
1791 53646.68229460716 6.4469584333140165e7 -47.09471985149148 -124.4992890908502 156.79199585418405 164.15301365176657 323.3204736904836 21.670607476658347 201.2944715784049 -100.61507089633903 -219.01225868234656
1792 53679.54453730583 6.4469584333140165e7 -47.09471984797929 -124.49928908682135 156.7919958458284 164.1530136502708 323.3204736903069 21.670607476658233 201.2944715784049 -100.61507089633903 -219.01225868234656
1793 53708.73162317276 5.257958014821301e7 -0.3063275053753536 -0.9479258208278489 -13.039126895368234 -0.21502093545907996 127.35914727671722 -11.294424744425896 30.034436348504755 -132.85421403292935 -300.59528760320245
1794 53737.949557065964 5.257961388293837e7 -0.3063275105282095 -0.947925845255452 -13.039126894439278 -0.21502093492109964 127.35914727593718 -11.294075664123682 30.03565403992718 -132.85405443131697 -300.5957455874795
1795 53767.47929573059 5.257961388293837e7 -0.30632742715416583 -0.9479256848147743 -13.039126974787493 -0.21502096938993986 127.35914727552645 -11.294075664123682 30.03565403992718 -132.85405443131697 -300.59574558747954
1796 53798.6781001091 5.2968319529443435e7 -27.29055839956591 -49.18223873076245 -4.808700943755547 30.115844793986085 184.27946255664017 -38.80338261761807 60.61863002484267 -153.52422637757735 -299.76195837278283
1797 53828.22004365921 5.257958014821302e7 -0.30632750677358445 -0.9479258237223842 -13.039126896804703 -0.21502093614611795 127.35914727590313 -11.294424744425896 30.034436348504755 -132.85421403292935 -300.5952876032024
1798 53857.1761174202 5.257958014821301e7 -0.30632742208615227 -0.947925634744144 -13.039126983735493 -0.21502097413825538 127.35914726993366 -11.294424744425896 30.034436348504755 -132.85421403292935 -300.5952876032024
1799 53886.289034843445 5.2579696348765686e7 -0.30632716802405113 -0.9479250678095754 -13.039127244527862 -0.21502108811489506 127.35914725202598 -11.293365089450788 30.03694198504263 -132.85363617960758 -300.5964575314856
1800 53915.44252729416 5.257966261404032e7 -0.30632780336165055 -0.9479243988637682 -13.039126891752616 -0.2150209581781013 127.35914735244006 -11.293714169752946 30.035724293620092 -132.85379578121996 -300.5959995472085
1801 53944.60212826729 5.257961388293837e7 -0.3063274958098816 -0.9479258048844565 -13.039126912685425 -0.2150209430614467 127.35914727394186 -11.294075664123682 30.03565403992718 -132.85405443131697 -300.5957455874795
1802 53974.3026778698 5.850463414988806e7 -15.938203418654165 -68.80701592917806 74.77760699091024 51.07353443149145 135.45139244218754 -0.6431787022802951 60.75144686365661 -117.50980353015473 -220.19175566813692
1803 54003.54621696472 5.257966261404032e7 -0.30632726890236484 -0.9479252698640597 -13.039127147766251 -0.21502104610749484 127.35914726041302 -11.293714169752946 30.035724293620092 -132.85379578122007 -300.5959995472085
1804 54032.97379088402 5.257958014821302e7 -0.3063274191784622 -0.9479256144938253 -13.039126986446227 -0.21502097521774033 127.35914727872812 -11.294424744425896 30.034436348504755 -132.85421403292935 -300.59528760320245
1805 54062.05240321159 5.257961388293837e7 -0.30632740286117155 -0.9479256395627846 -13.039127003797404 -0.21502098225042232 127.3591472697103 -11.294075664123682 30.03565403992718 -132.85405443131697 -300.5957455874794
1806 54091.14830112457 5.257958014821301e7 -0.3063274062528336 -0.9479255924859311 -13.039127006494219 -0.21502098395147584 127.35914727070383 -11.294424744425896 30.034436348504755 -132.85421403292935 -300.59528760320245
1807 54120.56496691704 5.257958014821302e7 -0.3063274043538833 -0.9479256039440944 -13.039126998636227 -0.21502098054730823 127.3591472677975 -11.294424744425896 30.034436348504755 -132.85421403292935 -300.59528760320245
1808 54149.955161094666 5.257958014821301e7 -0.3063273882159123 -0.9479255773345319 -13.03912701161208 -0.21502098609556697 127.35914726581429 -11.294424744425896 30.034436348504755 -132.85421403292935 -300.59528760320245
1809 54179.27877187729 5.260248203857222e7 -0.30632728660502195 -0.9479254051057238 -13.039127095241675 -0.2150210219676012 127.35914725345593 -11.126131677891124 30.382073527830585 -132.73275204451392 -300.56630275409225
1810 54208.98623085022 5.2374735779307455e7 -20.344690573766712 -36.76650443735254 -7.713325106421351 1.024959108546767 129.20552426635123 -31.465512710840358 38.37092747867882 -148.09631594281575 -300.683113653433
1811 54238.27847862244 5.257961388293837e7 -0.3063274316670217 -0.9479256749942921 -13.039126978970067 -0.21502097191311975 127.3591472689867 -11.294075664123682 30.03565403992718 -132.85405443131697 -300.59574558747954
1812 54267.32090258598 5.257961388293837e7 -0.306327418496803 -0.947925653350473 -13.039126974214184 -0.21502096939201465 127.35914727290572 -11.294075664123682 30.03565403992718 -132.85405443131697 -300.59574558747954
1813 54296.6615049839 5.257958014821302e7 -0.30632741831431076 -0.9479255618007585 -13.03912700029295 -0.2150209816844324 127.35914729091037 -11.294424744425896 30.034436348504755 -132.85421403292935 -300.5952876032024
1814 54325.88675260544 5.260236583801954e7 -0.30632771486407506 -0.9479263226663504 -13.039126675309774 -0.21502083904231029 127.35914728635335 -11.127191332866175 30.379567891292936 -132.7333298978357 -300.56513282580903
1815 54354.67382144928 5.26023995727449e7 -0.3063273367690158 -0.9479255118460967 -13.0391270664691 -0.21502100955802916 127.35914725986923 -11.12684225256396 30.380785582715134 -132.73317029622325 -300.5655908100861
1816 54383.80427694321 5.257958014821302e7 -0.30632738479504695 -0.9479255697159381 -13.039127015628381 -0.2150209878941638 127.3591472646978 -11.294424744425896 30.034436348504755 -132.85421403292935 -300.59528760320245
1817 54413.32607579231 5.260236583801954e7 -0.3063273797261523 -0.9479255543380871 -13.03912702284746 -0.21502099114233886 127.35914726377202 -11.127191332866175 30.379567891292936 -132.7333298978357 -300.56513282580903
1818 54442.51481747627 5.257958014821301e7 -0.3063274196413204 -0.947925604231056 -13.039127002512323 -0.215020982300274 127.35914727370897 -11.294424744425896 30.034436348504755 -132.85421403292935 -300.59528760320245
1819 54472.42052555084 5.850463414988806e7 -15.938203405781909 -68.80701591830318 74.777606976382 51.07353442828233 135.45139244144028 -0.6431787022801245 60.75144686365661 -117.50980353015473 -220.19175566813692
1820 54503.30182123184 5.315353214532104e7 -36.45086746431007 -65.5562910422572 8.546830945600071 36.38421118128649 185.23678103617965 -38.99075072604205 62.4031104642321 -153.67766400194137 -300.1534433466738
1821 54533.13749241829 5.2374735779307455e7 -20.34468318396396 -36.7664865579158 -7.7133329040699365 1.0249556547065737 129.20552323484725 -31.465512710840358 38.37092747867882 -148.09631594281575 -300.68311365343305
1822 54563.43084335327 5.523283417121612e7 -12.426082956880897 -22.611988651961894 25.771783042062772 41.700749447975824 193.62649121170617 3.239850328549551 88.71387232048176 -121.94714972329064 -300.66881504256065
1823 54594.064157009125 5.52978092675827e7 -12.397216371635889 -22.56038962243656 27.25972218217717 41.8577998184258 193.88694496250903 4.104952455492253 90.35433882010534 -121.27605664113202 -301.0610356516865
1824 54623.181159734726 5.257958014821301e7 -0.30632734817898566 -0.947925528201381 -13.039127030821042 -0.21502099438257005 127.35914725659116 -11.294424744425896 30.034436348504755 -132.85421403292935 -300.5952876032024
1825 54652.25788116455 5.260604384758644e7 -0.30632722806798185 -0.9479253808021468 -13.03912708844799 -0.21502101924390615 127.35914722892319 -11.077455907551553 30.484395813002607 -132.70814134538045 -300.5910700944644
1826 54684.35665369034 6.159025519838588e7 -55.01332498733589 -138.65379384426916 123.30689983788818 123.47722343464424 258.8995063887642 -12.873552057011636 151.22403664485762 -126.73193111923223 -219.82893999769465
1827 54713.42066717148 5.257958014821301e7 -0.3063274735066912 -0.9479257508617573 -13.039126924541598 -0.21502094811192762 127.35914727733399 -11.294424744425896 30.034436348504755 -132.85421403292935 -300.59528760320245
1828 54742.53143286705 5.260236583801954e7 -0.30632733088677 -0.9479254792441223 -13.039127054265826 -0.21502100476479313 127.35914725539766 -11.127191332866175 30.379567891292936 -132.7333298978357 -300.56513282580903
1829 54771.82874917984 5.257958014821301e7 -0.30632750495029626 -0.9479257737445481 -13.039126923404574 -0.21502094764954904 127.35914728627182 -11.294424744425896 30.034436348504755 -132.85421403292935 -300.5952876032024
1830 54801.30242943764 5.260244830384686e7 -0.306327291830236 -0.947925387891142 -13.03912709935269 -0.21502102451202632 127.35914725108518 -11.126480758193225 30.380855836408273 -132.7329116461263 -300.5658447698151
1831 54830.807547330856 5.260236583801954e7 -0.3063272894923408 -0.9479254445646186 -13.039127063140434 -0.21502100743227004 127.35914725293739 -11.127191332866175 30.379567891292936 -132.7333298978357 -300.565132825809
1832 54860.124101400375 5.257966261404032e7 -0.3063270104392153 -0.9479247699793181 -13.039127368693947 -0.21502114216920631 127.3591472337081 -11.293714169752946 30.035724293620092 -132.85379578121996 -300.5959995472085
1833 54889.34790682793 5.257966261404032e7 -0.3063273587424007 -0.9479254728008826 -13.039127039633925 -0.21502099845862688 127.35914728282238 -11.293714169752946 30.035724293620092 -132.85379578121996 -300.5959995472085
1834 54918.72609949112 5.257958014821301e7 -0.3063273792512362 -0.9479255435748488 -13.039127001875805 -0.2150209824564655 127.3591472584212 -11.294424744425896 30.034436348504755 -132.85421403292935 -300.59528760320245
1835 54948.56568837166 5.2374735779307455e7 -20.34468311895321 -36.76648653963829 -7.713332901343811 1.0249556574649148 129.20552321434286 -31.465512710840358 38.37092747867882 -148.09631594281575 -300.68311365343305
1836 54977.90263128281 5.850463414988806e7 -15.938203384169093 -68.80701590478587 74.77760704923753 51.07353443718402 135.45139243349632 -0.6431787022801245 60.75144686365661 -117.50980353015473 -220.19175566813692
1837 55008.0907292366 5.332887944523799e7 -16.412511640049797 -29.737729930583086 3.2210367619257383 35.14423450605881 183.39040505231273 -18.522158725874135 54.71603103087739 -138.36749140192524 -301.0197999563227
1838 55039.38714528084 5.513373758460525e7 -32.4355718988056 -58.37895006605218 32.58551602640073 43.0977763497431 195.73332089445378 -15.988632486554252 98.83841523219473 -136.35059981752005 -300.7321872233507
1839 55070.203988313675 5.501775966723138e7 -32.464438425086186 -58.43054894662467 31.097576833993685 42.940725950863396 195.47286714099613 -17.15321073934456 96.49259760540394 -137.27879304298745 -300.5035203140459
1840 55100.53205704689 5.2756169560454026e7 -24.92483561579446 -44.953506256137835 7.40495766198768 35.21520724549171 134.63652085108586 -31.057451674592244 40.33671807270434 -147.29302893107553 -296.19621306771523
1841 55129.60335087776 5.257961388293837e7 -0.30632742636667487 -0.9479256699693934 -13.039126968382703 -0.21502096712447383 127.35914727025227 -11.294075664123682 30.03565403992718 -132.85405443131697 -300.5957455874795
1842 55158.60359597206 5.260236583801954e7 -0.3063273589383293 -0.9479255125717128 -13.039127041464347 -0.21502099915728934 127.35914726274925 -11.127191332866175 30.379567891292936 -132.7333298978357 -300.565132825809
1843 55187.908923864365 5.257966261404032e7 -0.30632719316578516 -0.9479251626726466 -13.039127195946143 -0.21502106672866717 127.35914724739293 -11.293714169752946 30.035724293620092 -132.85379578121996 -300.5959995472086
1844 55218.32901883125 5.523283417121612e7 -12.426082891288278 -22.611988556092943 25.77178300296621 41.700749430760055 193.62649120002 3.239850328549551 88.71387232048176 -121.94714972329064 -300.66881504256065
1845 55247.65962600708 5.257958014821301e7 -0.306327350883997 -0.9479255141531482 -13.039127029978559 -0.21502099403211616 127.35914726561198 -11.294424744425896 30.034436348504755 -132.85421403292935 -300.59528760320245
1846 55276.509558439255 5.257958014821302e7 -0.30632736025183505 -0.9479255296715712 -13.03912701910295 -0.21502098961686045 127.35914725700593 -11.294424744425896 30.034436348504755 -132.85421403292935 -300.59528760320245
1847 55306.29400062561 5.2374735779307455e7 -20.344683024619343 -36.76648629971704 -7.713333016697597 1.0249556067258965 129.20552320694782 -31.465512710840358 38.37092747867882 -148.09631594281575 -300.683113653433
1848 55335.31523489952 5.257958014821301e7 -0.3063273569363396 -0.9479255440096859 -13.039127023445836 -0.2150209911964538 127.35914725773347 -11.294424744425896 30.034436348504755 -132.85421403292935 -300.59528760320245
1849 55364.507262945175 5.257958014821302e7 -0.30632734698708575 -0.9479255267776665 -13.039127031798273 -0.21502099481365633 127.3591472560357 -11.294424744425896 30.034436348504755 -132.85421403292935 -300.59528760320245
1850 55394.054147958755 5.257958014821301e7 -0.3063273633329118 -0.9479255580207742 -13.039127017085562 -0.2150209883936327 127.35914725851686 -11.294424744425896 30.034436348504755 -132.85421403292935 -300.59528760320245
1851 55426.003329753876 5.7928567005448975e7 -24.516972023720555 -44.224452905122064 66.07063235104297 83.77357029919904 260.15428891966724 18.36388500380724 148.41992111875584 -110.49191680684072 -301.0325300844757
1852 55455.70437550545 5.332887944523799e7 -16.412511652496992 -29.737729969438327 3.221036777474268 35.14423451342435 183.39040505177604 -18.522158725874135 54.71603103087739 -138.36749140192524 -301.0197999563227
1853 55486.63005542755 6.125959205080659e7 -28.02909229871328 -90.41947986146138 115.07645588802751 93.14635518361837 201.97919011812962 14.872532462679715 121.23044558250297 -105.77336319157138 -220.24447280285392
1854 55515.73957037926 5.26023995727449e7 -0.3063274093810122 -0.9479256917677041 -13.03912697360294 -0.2150209690342706 127.35914725703347 -11.126842252564074 30.380785582715134 -132.73317029622325 -300.56559081008606
1855 55547.51286101341 5.900167486129657e7 -52.082746445945375 -133.41538663087712 96.36358318071497 87.67276955169817 193.32902652576826 -28.418698145436224 92.88968836212564 -138.532192876029 -221.04635803323276
1856 55578.463836193085 5.900162287357956e7 -52.082739689226855 -133.41537565128183 96.36354830388439 87.67276357583827 193.3290256007759 -28.41887004150709 92.88951190551109 -138.532361732171 -221.04702851867665
1857 55607.67354130745 5.257958014821302e7 -0.3063273615458293 -0.9479255661920485 -13.039127010555497 -0.21502098545470005 127.35914725911233 -11.294424744425896 30.034436348504755 -132.85421403292935 -300.5952876032024
1858 55637.39722776413 5.2374735779307455e7 -20.344683032913274 -36.76648632151836 -7.713333006345948 1.0249556112772922 129.20552320736488 -31.465512710840358 38.37092747867882 -148.09631594281575 -300.683113653433
1859 55666.874987602234 5.257958014821301e7 -0.3063273533290882 -0.9479255252378262 -13.039127028807918 -0.21502099353658366 127.35914726192676 -11.294424744425896 30.034436348504755 -132.85421403292935 -300.5952876032024
1860 55695.76989817619 5.257958014821301e7 -0.30632734229621406 -0.9479255132243631 -13.039127038130381 -0.2150209975977475 127.35914725607896 -11.294424744425896 30.034436348504755 -132.85421403292935 -300.5952876032024
1861 55725.14262223244 5.260236583801954e7 -0.30632732464827583 -0.9479254682932599 -13.039127060058497 -0.2150210072429246 127.35914725454013 -11.127191332866175 30.379567891292936 -132.7333298978357 -300.565132825809
1862 55756.3069293499 5.9001673145111084e7 -52.08274447768313 -133.41538288620572 96.36357048274363 87.67276748994604 193.32902631426944 -28.418782073706097 92.88968836212564 -138.53223442251152 -221.04635803323276
1863 55787.317476511 5.9001673145111084e7 -52.082744480714055 -133.41538289146493 96.36357050022738 87.67276749285315 193.32902631457767 -28.41878207370604 92.88968836212564 -138.53223442251152 -221.04635803323276
1864 55816.44278526306 5.257961388293837e7 -0.3063273566478131 -0.9479255655070258 -13.039127011028981 -0.215020985627973 127.35914725678666 -11.294075664123682 30.03565403992718 -132.85405443131697 -300.59574558747954
1865 55845.386895895004 5.257966261404032e7 -0.3063272653136728 -0.947925330844642 -13.039127120799208 -0.2150210338305385 127.35914725134575 -11.293714169752946 30.035724293620092 -132.85379578121996 -300.5959995472085
1866 55874.360458135605 5.260236583801954e7 -0.30632732716417976 -0.9479254906399239 -13.03912704270958 -0.21502099961128351 127.35914725197748 -11.127191332866175 30.379567891292936 -132.7333298978357 -300.56513282580903
1867 55903.75179219246 5.26023995727449e7 -0.3063273348716571 -0.9479254944279383 -13.039127050350551 -0.21502100271158042 127.35914725757993 -11.12684225256396 30.380785582715134 -132.73317029622325 -300.5655908100861
1868 55933.431857824326 5.2374735779307455e7 -20.344683022708775 -36.766486289977664 -7.713333021603624 1.0249556045333605 129.2055232071917 -31.465512710840358 38.37092747867882 -148.09631594281575 -300.68311365343305
1869 55962.41250061989 5.257958014821302e7 -0.3063273493812986 -0.9479255218742617 -13.039127034661362 -0.2150209961417744 127.35914725713612 -11.294424744425896 30.034436348504755 -132.85421403292935 -300.59528760320245
1870 55991.31710100174 5.257958014821302e7 -0.30632736148819006 -0.9479255413340937 -13.039127023476453 -0.21502099103902594 127.35914726162092 -11.294424744425896 30.034436348504755 -132.85421403292935 -300.59528760320245
1871 56020.07037305832 5.257958014821302e7 -0.30632734403121376 -0.9479255135542353 -13.03912703422133 -0.21502099584868972 127.35914725994849 -11.294424744425896 30.034436348504755 -132.85421403292935 -300.59528760320245
1872 56048.988605737686 5.257958014821302e7 -0.30632735384878984 -0.947925527043072 -13.039127032028603 -0.21502099501094563 127.35914725836503 -11.294424744425896 30.034436348504755 -132.85421403292935 -300.59528760320245
1873 56078.35311937332 5.30072453281568e7 -4.8864835075858615 -9.134954664566344 2.0791674187650813 33.975232355744055 132.79014519566712 -10.509435200095652 32.75490459634602 -131.87605428563012 -295.8223790618491
1874 56108.050659656525 5.850463414988806e7 -15.93820334615745 -68.80701584488965 74.77760686131941 51.073534403969234 135.4513924265334 -0.6431787022801814 60.75144686365661 -117.50980353015473 -220.19175566813692
1875 56137.976868629456 5.332887944523799e7 -16.412511661817877 -29.737729983598044 3.2210367856460778 35.144234516691384 183.39040505378162 -18.522158725874135 54.71603103087739 -138.36749140192524 -301.0197999563227
1876 56168.165929317474 5.529780926758269e7 -12.39721634915296 -22.560389606841863 27.259722183135345 41.857799817906155 193.88694495885548 4.104952455492253 90.35433882010534 -121.2760566411319 -301.0610356516865
1877 56198.67115020752 5.523283417121612e7 -12.426082922940786 -22.611988619151383 25.771783034817602 41.700749444497575 193.62649120176462 3.2398503285496645 88.71387232048176 -121.94714972329064 -300.66881504256065
1878 56230.92161345482 5.7555952009851426e7 -35.395015697371576 -63.66895602153266 58.04089176063023 78.74517933105965 261.0433462913962 -1.951413511224473 154.2151354961644 -125.72035255375965 -299.7274797399352
1879 56263.390719652176 5.7555952009851426e7 -35.395015696316065 -63.66895601880268 58.04089175936912 78.74517933050778 261.04334629136576 -1.951413511224473 154.2151354961644 -125.72035255375965 -299.72747973993523
1880 56292.374427080154 5.257958014821301e7 -0.3063273354485361 -0.9479255065336041 -13.039127039077847 -0.21502099798416907 127.35914725405625 -11.294424744425896 30.034436348504755 -132.85421403292935 -300.59528760320245
1881 56321.353504896164 5.260236583801954e7 -0.30632732683322317 -0.9479254969789563 -13.039127042292883 -0.21502099933962882 127.35914725201863 -11.127191332866175 30.379567891292936 -132.7333298978357 -300.565132825809
1882 56350.432946920395 5.260604384758644e7 -0.3063273149051433 -0.9479254864609237 -13.039127041919997 -0.21502099914368955 127.35914724799154 -11.077455907551553 30.484395813002607 -132.70814134538045 -300.5910700944644
1883 56383.94187808037 5.8505590502266444e7 -60.66151161467921 -108.83281737920494 87.65658986512221 120.37280226941297 318.0319226255417 -9.348179176199892 180.74865754308564 -131.3743138009615 -300.3169014764192
1884 56417.6674118042 6.421598947629242e7 -67.1330752986216 -160.31784959727617 162.11778827752164 165.392989917001 325.1668491907348 1.2088179314440026 208.92863894524476 -115.97258244701038 -219.5084699371273
1885 56446.92170333862 5.257961388293837e7 -0.3063273581194572 -0.9479255468728081 -13.039127026801815 -0.21502099267883068 127.35914725797382 -11.294075664123682 30.03565403992718 -132.85405443131697 -300.59574558747954
1886 56475.81123423576 5.3007245328156814e7 -4.886483506583755 -9.13495467116451 2.0791674229120503 33.97523235758187 132.79014519459594 -10.509435200095652 32.75490459634602 -131.87605428563012 -295.8223790618491
1887 56505.28633713722 5.260604384758644e7 -0.3063273003305369 -0.9479254675071767 -13.039127053251711 -0.21502100408336844 127.35914724526543 -11.077455907551553 30.484395813002607 -132.70814134538045 -300.5910700944644
1888 56534.62655496597 5.257958014821302e7 -0.3063272999769602 -0.9479254292749797 -13.039127074405059 -0.2150210134187489 127.35914725129379 -11.294424744425896 30.034436348504755 -132.85421403292935 -300.5952876032024
1889 56564.03351068497 5.26023995727449e7 -0.30632733228725684 -0.9479254963737747 -13.039127049556683 -0.21502100248949318 127.35914725543364 -11.12684225256396 30.380785582715134 -132.73317029622325 -300.56559081008606
1890 56594.0424182415 5.2374735779307455e7 -20.344683016748842 -36.76648627800982 -7.713333024132886 1.024955603399036 129.20552320553006 -31.465512710840358 38.37092747867882 -148.09631594281575 -300.683113653433
1891 56622.972438812256 5.257958014821302e7 -0.30632734208473167 -0.9479255111565248 -13.039127034809397 -0.21502099615982218 127.35914725723553 -11.294424744425896 30.034436348504755 -132.85421403292935 -300.5952876032024
1892 56652.21222496033 5.257958014821302e7 -0.30632733656634414 -0.9479255061507557 -13.039127039018595 -0.21502099798141217 127.35914725433524 -11.294424744425896 30.034436348504755 -132.85421403292935 -300.5952876032024
1893 56682.29281377792 5.332887944523799e7 -16.412511653991174 -29.737729981871755 3.221036781235931 35.144234515506184 183.39040504997473 -18.522158725874135 54.71603103087739 -138.36749140192524 -301.0197999563227
1894 56711.0472984314 5.257958014821301e7 -0.30632734363031133 -0.9479255138530158 -13.039127037747967 -0.21502099766532012 127.3591472542985 -11.294424744425896 30.034436348504755 -132.85421403292935 -300.59528760320245
1895 56740.20108342171 5.260236583801954e7 -0.3063273404083411 -0.9479255054380937 -13.039127038636394 -0.21502099790909313 127.35914725520445 -11.127191332866175 30.379567891292936 -132.7333298978357 -300.565132825809
1896 56771.28619861603 5.523283417121612e7 -12.426082907301463 -22.61198859413062 25.771783021578578 41.70074943899388 193.6264912009046 3.239850328549551 88.71387232048176 -121.94714972329064 -300.66881504256065
1897 56800.73843598366 5.850463414988806e7 -15.93820334883053 -68.80701584843183 74.77760687668578 51.07353440691361 135.4513924266417 -0.6431787022801245 60.75144686365661 -117.50980353015473 -220.19175566813692
1898 56831.391251564026 5.529780926758269e7 -12.397216335022144 -22.560389597780567 27.259722187479156 41.85779981973491 193.8869449534589 4.104952455492253 90.35433882010534 -121.2760566411319 -301.0610356516865
1899 56860.8555662632 5.260236583801954e7 -0.30632736238082714 -0.9479255510502469 -13.039127020491819 -0.21502098986793783 127.35914725752089 -11.127191332866175 30.379567891292936 -132.7333298978357 -300.56513282580903
1900 56890.14222359657 5.850463414988806e7 -15.938203317848629 -68.8070158348432 74.77760688024068 51.073534400791075 135.45139243277006 -0.6431787022801245 60.75144686365661 -117.50980353015473 -220.19175566813692
1901 56920.36335325241 5.909194026883889e7 -22.88407543817575 -81.22276220828553 77.68223650753485 80.16442233788796 190.52533166158935 -7.933008048889121 83.04761633079875 -122.92464850373972 -219.42545434759802
1902 56949.32414197922 5.26023995727449e7 -0.30632733305511906 -0.9479254898770124 -13.039127052903709 -0.21502100403824898 127.35914725620452 -11.12684225256396 30.380785582715134 -132.73317029622325 -300.5655908100861
1903 56979.00489139557 5.332887944523799e7 -16.412511659125396 -29.73772998116123 3.2210367825090884 35.144234515756594 183.39040505069426 -18.522158725874135 54.71603103087739 -138.36749140192524 -301.0197999563227
1904 57008.21762371063 5.257958014821302e7 -0.30632733058531514 -0.9479255010016878 -13.039127039439258 -0.21502099806450303 127.35914725327203 -11.294424744425896 30.034436348504755 -132.85421403292935 -300.59528760320245
1905 57038.65403366089 5.2374735779307455e7 -20.344683012476132 -36.76648627935301 -7.713333024396967 1.024955603378487 129.2055232044533 -31.465512710840358 38.37092747867882 -148.09631594281575 -300.68311365343305
1906 57069.25038814545 5.523283417121612e7 -12.42608290886286 -22.611988593874194 25.77178302173875 41.700749439009584 193.6264912012929 3.239850328549551 88.71387232048176 -121.94714972329064 -300.66881504256065
1907 57098.44846010208 5.257958014821301e7 -0.30632733575505 -0.9479255069434993 -13.039127039436494 -0.21502099815641884 127.35914725390666 -11.294424744425896 30.034436348504755 -132.85421403292935 -300.59528760320245
1908 57127.29569506645 5.257958014821301e7 -0.3063273366746557 -0.9479255081733671 -13.039127040512547 -0.21502099867308289 127.35914725345549 -11.294424744425896 30.034436348504755 -132.85421403292935 -300.59528760320245
1909 57156.38769078255 5.26023995727449e7 -0.30632733943371804 -0.947925511863299 -13.039127043740578 -0.21502100022294712 127.35914725210344 -11.12684225256396 30.380785582715134 -132.73317029622325 -300.56559081008606
1910 57189.52516031265 6.4983402764186405e7 -60.83518843919937 -149.06037677545228 185.26582502804285 204.61163461934808 329.7087897700327 21.987114445829434 205.21020982274194 -100.039056781976 -215.8437264577966
1911 57223.59878611565 6.4810597318721786e7 -80.8735442977926 -184.87893768261992 190.59161916001156 205.85161126680714 331.5551657909853 1.8573737314283107 213.55036444360724 -115.17932525427699 -215.53649617584512
1912 57252.692316532135 5.257961388293837e7 -0.30632735215897355 -0.947925528844829 -13.039127042730591 -0.21502099958685505 127.35914725941754 -11.294075664123682 30.03565403992718 -132.85405443131697 -300.59574558747954
1913 57281.74751448631 5.257958014821302e7 -0.3063273458395024 -0.9479255406439115 -13.039127024302175 -0.2150209913021257 127.35914725463847 -11.294424744425896 30.034436348504755 -132.85421403292935 -300.5952876032024
1914 57310.62608718872 5.257958014821301e7 -0.30632734270067985 -0.9479255115828327 -13.039127034445286 -0.21502099614932035 127.35914725384431 -11.294424744425896 30.034436348504755 -132.85421403292935 -300.59528760320245
1915 57339.51156616211 5.257958014821302e7 -0.3063273150236441 -0.9479254849906713 -13.039127049071958 -0.21502100225610832 127.35914724890596 -11.294424744425896 30.034436348504755 -132.85421403292935 -300.5952876032024
1916 57368.75694489479 5.257958014821301e7 -0.3063273333586487 -0.947925503856557 -13.039127042031794 -0.2150209992590959 127.3591472533819 -11.294424744425896 30.034436348504755 -132.85421403292935 -300.59528760320245
1917 57397.496284246445 5.257958014821301e7 -0.30632732341046065 -0.9479254909060959 -13.039127046589698 -0.21502100101739074 127.35914725316142 -11.294424744425896 30.034436348504755 -132.85421403292935 -300.59528760320245
1918 57426.72758936882 5.257958014821301e7 -0.30632729356594623 -0.9479254520543501 -13.039127060263695 -0.21502100629192 127.3591472524984 -11.294424744425896 30.034436348504755 -132.85421403292935 -300.59528760320245
1919 57455.92974066734 5.257966261404032e7 -0.3063272040319944 -0.9479253354990762 -13.03912710128558 -0.21502102211573515 127.35914725051121 -11.293714169752946 30.035724293620092 -132.85379578122007 -300.5959995472085
1920 57486.669850587845 6.1109989033706285e7 -18.86877965747344 -74.04542112167377 101.72091992771763 86.8779872842222 201.02187147570058 15.036942779728292 119.37349816994413 -105.6217818138357 -219.03674411795515
1921 57517.587970495224 6.1109989033706285e7 -18.868779657269826 -74.04542112146565 101.72091992761318 86.87798728418808 201.0218714756316 15.036942779728292 119.37349816994413 -105.62178181383575 -219.03674411795515
1922 57546.55002093315 5.257961388293837e7 -0.3063273382616387 -0.9479255108648887 -13.03912704970331 -0.21502100241329458 127.35914725774914 -11.294075664123682 30.03565403992718 -132.85405443131697 -300.5957455874795
1923 57575.94011282921 5.260236583801954e7 -0.30632732360063386 -0.9479254612866033 -13.039127062285893 -0.21502100832282167 127.35914725537852 -11.127191332866175 30.379567891292936 -132.7333298978357 -300.565132825809
1924 57604.73405075073 5.260236583801954e7 -0.3063274133330296 -0.9479256675910719 -13.039126971706487 -0.21502096883163802 127.35914725886035 -11.127191332866175 30.379567891292936 -132.7333298978357 -300.56513282580903
1925 57633.852026462555 5.260236583801954e7 -0.30632734777736914 -0.9479254919576734 -13.039127050921742 -0.21502100319210626 127.35914726158703 -11.127191332866175 30.379567891292936 -132.7333298978357 -300.565132825809
1926 57663.21216392517 5.257966261404032e7 -0.30632737766480744 -0.9479254676825537 -13.039127078256662 -0.21502101799313778 127.35914725421334 -11.293714169752946 30.035724293620092 -132.85379578121996 -300.5959995472085
1927 57693.51531648636 5.523283417121612e7 -12.426082885173432 -22.61198854274651 25.7717829937205 41.70074942756408 193.6264911992281 3.239850328549551 88.71387232048176 -121.94714972329064 -300.66881504256065
1928 57723.740762233734 5.850463414988806e7 -15.938203326735827 -68.80701581978164 74.77760678945899 51.0735343919535 135.45139242459646 -0.6431787022801245 60.75144686365661 -117.50980353015473 -220.19175566813692
1929 57752.94406747818 5.257958014821301e7 -0.30632730307014455 -0.9479254567490534 -13.03912705461677 -0.21502100410108937 127.35914725289652 -11.294424744425896 30.034436348504755 -132.85421403292935 -300.59528760320245
1930 57781.97738647461 5.257958014821301e7 -0.3063272804785484 -0.9479254500792749 -13.039127056893705 -0.21502100419785108 127.3591472525227 -11.294424744425896 30.034436348504755 -132.85421403292935 -300.59528760320245
1931 57811.467356443405 5.30072453281568e7 -4.886483460396544 -9.134954613953237 2.0791674042671247 33.97523235064044 132.7901451940768 -10.509435200095652 32.75490459634602 -131.87605428563 -295.8223790618491
1932 57841.13507151604 5.332887944523799e7 -16.412511611653446 -29.737729920803343 3.2210367628747463 35.144234507726495 183.39040504995117 -18.522158725874135 54.71603103087739 -138.36749140192524 -301.0197999563227
1933 57870.778809547424 5.2374735779307455e7 -20.344682982485523 -36.76648622947618 -7.713333048697919 1.0249555933353491 129.2055232027255 -31.465512710840358 38.37092747867882 -148.09631594281575 -300.68311365343305
1934 57900.10840058327 5.257958014821302e7 -0.3063275182965235 -0.9479256703551089 -13.03912699564549 -0.215020983742491 127.35914726833944 -11.294424744425896 30.034436348504755 -132.85421403292935 -300.59528760320245
1935 57931.05152440071 5.529780926758269e7 -12.397216306192298 -22.560389536136448 27.2597221501805 41.85779980420217 193.88694495295488 4.104952455492253 90.35433882010534 -121.2760566411319 -301.0610356516865
1936 57961.01847052574 5.257961388293837e7 -0.306327200684418 -0.947925349867182 -13.039127098822881 -0.21502102100981801 127.35914724644456 -11.294075664123682 30.03565403992718 -132.85405443131697 -300.5957455874794
1937 57993.72304940224 5.85692529605918e7 -31.46284412121402 -56.64019952451132 68.97526152316568 112.86445821714774 315.2282281404691 11.09690883228501 170.78131637046783 -115.8679259383664 -299.156090195096
1938 58026.07419657707 5.85692529605918e7 -31.46284412117954 -56.64019952448841 68.97526152316215 112.86445821714736 315.2282281404671 11.09690883228501 170.78131637046783 -115.86792593836645 -299.15609019509594
1939 58055.186883449554 5.257958014821301e7 -0.306327302851205 -0.9479254738738234 -13.039127048421392 -0.21502100121128365 127.35914725220175 -11.294424744425896 30.034436348504755 -132.85421403292935 -300.59528760320245
1940 58084.50952386856 5.257958014821302e7 -0.3063272995534092 -0.947925483584962 -13.03912704045591 -0.2150209974005861 127.35914725206725 -11.294424744425896 30.034436348504755 -132.85421403292935 -300.5952876032024
1941 58113.85532999039 5.258332501523273e7 -0.3063272500703498 -0.9479254154421035 -13.039127074750468 -0.21502101300514198 127.35914723525747 -11.243650887714864 30.14127424529545 -132.82839860079565 -300.6229864740692
1942 58144.48186087608 6.105433906410509e7 -28.057958946499653 -90.47107890857001 113.58851676087988 92.98930480633429 201.71873635418933 13.422903913131677 118.34871994819514 -106.9802263910438 -221.23852789321978
1943 58175.75305056572 6.105433906410509e7 -28.057958944059724 -90.47107890780079 113.5885167694562 92.98930480774311 201.71873635398728 13.422903913131677 118.34871994819514 -106.98022639104374 -221.23852789321973
1944 58204.719150304794 5.257958014821302e7 -0.3063272933837986 -0.9479254665819878 -13.039127049560669 -0.21502100140945402 127.35914725183471 -11.294424744425896 30.034436348504755 -132.85421403292935 -300.59528760320245
1945 58234.07496094704 5.257958014821302e7 -0.30632731528202584 -0.9479254856007984 -13.03912704974475 -0.21502100257048085 127.35914724852661 -11.294424744425896 30.034436348504755 -132.85421403292935 -300.59528760320245
1946 58263.8051469326 5.260236583801954e7 -0.3063273160571569 -0.9479254874313563 -13.03912705176296 -0.21502100351366948 127.3591472473889 -11.127191332866175 30.379567891292936 -132.7333298978357 -300.565132825809
1947 58295.44093871117 5.594901613245887e7 -28.532267226857368 -51.40179274630615 42.03194669478647 77.06000487924948 249.6577490180913 -4.415340899172065 112.48941500384035 -127.70965994947693 -300.9254757996598
1948 58326.670865535736 5.5949016132458866e7 -28.532267226513905 -51.40179274603198 42.031946694585905 77.06000487916852 249.65774901800606 -4.415340899172065 112.48941500384035 -127.70965994947693 -300.9254757996598
1949 58356.28779053688 5.257958014821302e7 -0.3063272906430079 -0.9479254672782984 -13.039127049268359 -0.21502100123433365 127.35914725095867 -11.294424744425896 30.034436348504755 -132.85421403292935 -300.5952876032024
1950 58385.66711187363 5.257958014821301e7 -0.3063273114226348 -0.947925484453406 -13.039127049377313 -0.21502100224658705 127.35914724846036 -11.294424744425896 30.034436348504755 -132.85421403292935 -300.59528760320234
1951 58414.65588712692 5.257958014821302e7 -0.3063272998447175 -0.9479254810110245 -13.03912704827517 -0.21502100127516144 127.35914724826038 -11.294424744425896 30.034436348504755 -132.85421403292935 -300.59528760320245
1952 58446.59008979797 5.553025683567687e7 -37.01572825305203 -66.56597974777154 47.70381076305718 77.28802981854459 201.16431883413088 -15.406413330211933 101.07736850009087 -135.5249767668475 -296.04825486233824
1953 58479.99669957161 6.498340276418641e7 -60.83518831334119 -149.06037644225313 185.26582354635133 204.61163436029568 329.7087897585161 21.987114445829434 205.21020982274194 -100.039056781976 -215.8437264577966
1954 58509.212754011154 5.257958014821302e7 -0.3063272944900888 -0.947925476005758 -13.03912704639805 -0.21502100016601844 127.35914724948998 -11.294424744425896 30.034436348504755 -132.85421403292935 -300.59528760320245
1955 58539.10886359215 5.332887944523799e7 -16.412511584935555 -29.7377298804199 3.221036736891307 35.14423449746404 183.39040504257636 -18.522158725874135 54.71603103087739 -138.36749140192524 -301.0197999563227
1956 58569.184168338776 5.2374735779307455e7 -20.344682965631065 -36.76648620348687 -7.713333060143711 1.0249555876217755 129.20552319573125 -31.465512710840358 38.37092747867882 -148.09631594281575 -300.683113653433
1957 58597.81224632263 5.257958014821301e7 -0.3063273170619176 -0.9479254893998768 -13.039127047354008 -0.21502100113315237 127.35914725241808 -11.294424744425896 30.034436348504755 -132.85421403292935 -300.59528760320245
1958 58626.63621497154 5.257958014821301e7 -0.3063272053128294 -0.9479254037344464 -13.039127065639413 -0.21502100607500552 127.35914724299414 -11.294424744425896 30.034436348504755 -132.85421403292935 -300.5952876032024
1959 58655.86071109772 5.257958014821301e7 -0.30632692171752396 -0.9479251719049149 -13.03912711773225 -0.21502102047462301 127.35914722719288 -11.294424744425896 30.034436348504755 -132.85421403292935 -300.5952876032024
1960 58684.87283205986 5.258332501523273e7 -0.30632607093140507 -0.947924476416385 -13.039127274010646 -0.2150210636733476 127.35914717979247 -11.243650887714864 30.14127424529545 -132.82839860079565 -300.6229864740692
1961 58715.11145043373 5.5949016132458866e7 -28.53226618829545 -51.40179238655328 42.031946805970236 77.0600049669956 249.65774897137203 -4.415340899172065 112.48941500384035 -127.70965994947693 -300.9254757996598
1962 58745.1890232563 5.594901613245885e7 -28.532266190042368 -51.40179239039951 42.031946807811714 77.06000496778825 249.65774897156808 -4.415340899172065 112.48941500384035 -127.70965994947693 -300.9254757996598
1963 58773.345401763916 5.258332501523271e7 -0.3063272149392553 -0.947925414782933 -13.03912706169693 -0.21502100476149621 127.35914724197254 -11.243650887714864 30.14127424529545 -132.82839860079565 -300.6229864740692
1964 58801.82997250557 5.3007245328156814e7 -4.886483126132067 -9.134954358735563 2.0791673492768297 33.975232335614805 132.79014516596052 -10.509435200095538 32.75490459634602 -131.87605428563 -295.8223790618491
1965 58829.995124816895 5.257958014821302e7 -0.3063272845611422 -0.9479254496582534 -13.039127062837082 -0.21502100761662746 127.35914724685777 -11.294424744425896 30.034436348504755 -132.85421403292935 -300.59528760320245
1966 58858.2427842617 5.257958014821302e7 -0.30632700174303196 -0.9479253574934958 -13.039127033418993 -0.21502098350634924 127.35914723295917 -11.294424744425896 30.034436348504755 -132.85421403292935 -300.59528760320245
1967 58887.34273529053 5.2374735779307455e7 -20.34468265024893 -36.766486025026346 -7.713333114482168 1.0249555780174973 129.20552317193452 -31.465512710840358 38.37092747867882 -148.09631594281575 -300.68311365343305
1968 58916.57878398895 5.523283417121612e7 -12.426082497009308 -22.611988260887927 25.771782942504352 41.700749416442946 193.6264911740482 3.2398503285496645 88.71387232048176 -121.94714972329064 -300.66881504256065
1969 58944.48108291626 5.257958014821301e7 -0.30632691910878407 -0.9479251708571121 -13.039127114667288 -0.21502101875553592 127.3591472307481 -11.294424744425896 30.034436348504755 -132.85421403292935 -300.59528760320245
1970 58972.798297166824 5.26023995727449e7 -0.3063268991433219 -0.9479251535294564 -13.039127120877545 -0.21502102081191765 127.3591472293521 -11.12684225256396 30.380785582715134 -132.73317029622325 -300.56559081008606
1971 59001.38252282143 5.257958014821301e7 -0.30632691462811934 -0.9479251665719195 -13.039127117267675 -0.21502101985240074 127.35914722923563 -11.294424744425896 30.034436348504755 -132.85421403292935 -300.59528760320234
1972 59029.43295431137 5.258332501523273e7 -0.30632695190060133 -0.9479251841774907 -13.039127111527797 -0.21502101892563985 127.35914722997293 -11.243650887714864 30.14127424529545 -132.82839860079565 -300.6229864740692
1973 59058.50840091705 5.332887944523799e7 -16.412511254329115 -29.737729660682895 3.2210366990362473 35.14423449225099 183.39040502180842 -18.522158725874135 54.71603103087739 -138.36749140192524 -301.0197999563227
1974 59087.20932507515 5.850463414988806e7 -15.938202944152941 -68.80701552908747 74.77760676950254 51.07353438237301 135.4513923992002 -0.6431787022801814 60.75144686365661 -117.50980353015473 -220.19175566813692
1975 59116.7257335186 5.51844713529264e7 -3.2369035385097007 -6.186330902981518 13.904187238485349 35.58943209951377 192.92962634022575 4.346663644304783 88.70203520256007 -120.92966524241757 -299.4298817730895
1976 59147.950414180756 6.14548664882767e7 -55.04218542039534 -138.7053849655881 121.81893891722626 123.32016908594748 258.6390514561725 -14.23316777454221 148.5704836244356 -127.73104657372664 -219.6278146491552
1977 59179.6295466423 6.14548664882767e7 -55.04218542396667 -138.7053849698023 121.8189389280933 123.32016908739963 258.6390514553689 -14.23316777454221 148.5704836244356 -127.73104657372664 -219.6278146491552
1978 59207.58973503113 5.257958014821301e7 -0.3063271517829911 -0.947925374867836 -13.03912706632439 -0.21502100445059114 127.35914724075086 -11.294424744425896 30.034436348504755 -132.85421403292935 -300.5952876032024
1979 59235.845440626144 5.257958014821301e7 -0.30632692102251013 -0.947925167231789 -13.039127118912312 -0.2150210210220962 127.35914722765581 -11.294424744425896 30.034436348504755 -132.85421403292935 -300.59528760320245
1980 59264.13145470619 5.257958014821301e7 -0.3063269236521968 -0.9479251744104289 -13.039127115732882 -0.21502101962845188 127.35914722715862 -11.294424744425896 30.034436348504755 -132.85421403292935 -300.59528760320245
1981 59292.53297972679 5.257958014821301e7 -0.30632692945643925 -0.9479251819268919 -13.03912710973514 -0.21502101708976795 127.3591472270538 -11.294424744425896 30.034436348504755 -132.85421403292935 -300.59528760320245
1982 59320.70687007904 5.257958014821301e7 -0.306326946868964 -0.9479252044761362 -13.039127091741896 -0.21502100947358826 127.35914722673984 -11.294424744425896 30.034436348504755 -132.85421403292935 -300.59528760320245
1983 59348.60676240921 5.257958014821301e7 -0.3063269991065525 -0.9479252721239781 -13.039127037761752 -0.2150209866251629 127.35914722579611 -11.294424744425896 30.034436348504755 -132.85421403292935 -300.59528760320245
1984 59376.6562333107 5.257958014821302e7 -0.30632715581932146 -0.9479254750677812 -13.03912687582153 -0.21502091808015678 127.35914722296747 -11.294424744425896 30.034436348504755 -132.85421403292935 -300.59528760320245
1985 59406.283074855804 5.518447135292642e7 -3.2369037722192466 -6.186331619533659 13.904187586046035 35.589432244211196 192.9296263603384 4.346663644304783 88.70203520256007 -120.92966524241757 -299.4298817730896
1986 59436.200162410736 5.518447135292642e7 -3.236903772841014 -6.186331619064944 13.904187585389664 35.58943224377563 192.92962635965912 4.346663644304897 88.70203520256007 -120.92966524241763 -299.4298817730896
1987 59464.153566122055 5.257958014821302e7 -0.3063270610869928 -0.9479253359851594 -13.03912703608512 -0.21502098724396035 127.35914723563282 -11.294424744425896 30.034436348504755 -132.85421403292935 -300.5952876032024
1988 59492.55488562584 5.850463414988806e7 -15.938203117199976 -68.80701572290353 74.77760712373552 51.07353448481477 135.4513923932982 -0.6431787022802951 60.75144686365661 -117.50980353015473 -220.19175566813692
1989 59521.56483745575 5.332887944523799e7 -16.4125114871427 -29.737729963587196 3.2210369450275564 35.144234596234085 183.39040501912518 -18.522158725874135 54.71603103087739 -138.36749140192524 -301.0197999563227
1990 59549.81809210777 5.257958014821302e7 -0.30632713088136043 -0.9479253354679917 -13.039126929938725 -0.21502094288777585 127.35914722947008 -11.294424744425896 30.034436348504755 -132.85421403292935 -300.5952876032024
1991 59578.470733881 5.257958014821301e7 -0.3063272251068483 -0.9479255490697245 -13.039126824755492 -0.21502089596170038 127.35914725184676 -11.294424744425896 30.034436348504755 -132.85421403292935 -300.59528760320245
1992 59606.63080596924 5.257958014821301e7 -0.30632714958246154 -0.9479254676404096 -13.039126879375374 -0.21502091950003432 127.35914722241971 -11.294424744425896 30.034436348504755 -132.85421403292935 -300.59528760320245
1993 59634.94918179512 5.257958014821301e7 -0.30632713087189245 -0.9479254453585133 -13.039126890036883 -0.21502092375935433 127.35914722077703 -11.294424744425896 30.034436348504755 -132.85421403292935 -300.5952876032024
1994 59663.52269792557 5.257958014821302e7 -0.30632707473976595 -0.94792537851274 -13.039126922021573 -0.21502093653784016 127.35914721584888 -11.294424744425896 30.034436348504755 -132.85421403292935 -300.59528760320245
1995 59691.834542274475 5.257958014821302e7 -0.3063271530604226 -0.9479254568781181 -13.03912693416536 -0.2150209439283799 127.35914723178082 -11.294424744425896 30.034436348504755 -132.85421403292935 -300.5952876032024
1996 59720.41025662422 5.257958014821302e7 -0.30632722724041983 -0.947925749359479 -13.03912675287156 -0.21502086206939452 127.35914722552633 -11.294424744425896 30.034436348504755 -132.85421403292935 -300.59528760320245
1997 59749.14234781265 5.257958014821302e7 -0.306327062153386 -0.9479253686506395 -13.039126925373722 -0.21502093762534003 127.35914721407694 -11.294424744425896 30.034436348504755 -132.85421403292935 -300.59528760320245
1998 59777.47858428955 5.257958014821302e7 -0.30632702439406856 -0.9479253390641755 -13.039126935430374 -0.21502094088772594 127.35914720876099 -11.294424744425896 30.034436348504755 -132.85421403292935 -300.59528760320245
1999 59805.5988945961 5.257958014821302e7 -0.30632691111631516 -0.9479252503048219 -13.039126965600367 -0.21502095067477 127.35914719281178 -11.294424744425896 30.034436348504755 -132.85421403292935 -300.59528760320245
2000 59834.223073005676 5.260241853431169e7 -0.3063265712826997 -0.9479249840266979 -13.039127056110026 -0.21502098003598746 127.35914714496668 -11.126554758532905 30.380855836408273 -132.73301874165367 -300.5664087960836
2001 59863.75332069397 5.350276562643317e7 -41.03102344409335 -73.74332082858122 23.665126062852543 70.5744648067337 190.66777888893824 -38.365249969927504 64.84483982606434 -152.89034132356994 -296.46276033228327
2002 59893.70162940025 5.350276562643317e7 -41.03102342774166 -73.74332082448035 23.665126059144775 70.57446480570192 190.6677788863298 -38.365249969927504 64.84483982606434 -152.89034132356994 -296.46276033228327
2003 59921.90252661705 5.2602448303846866e7 -0.30632685644975766 -0.9479248295224565 -13.039127230592413 -0.2150210730994786 127.35914718399435 -11.126480758193225 30.380855836408273 -132.7329116461263 -300.56584476981516
2004 59950.95196509361 5.257958014821302e7 -0.3063272955455645 -0.9479260091943686 -13.039126613635581 -0.21502079876660218 127.35914722430817 -11.294424744425896 30.034436348504755 -132.85421403292935 -300.5952876032024
2005 59980.140983104706 5.850463414988806e7 -15.938202749586779 -68.80701558575848 74.7776068449038 51.07353443884908 135.45139233766238 -0.6431787022802951 60.75144686365661 -117.50980353015473 -220.19175566813692
2006 60008.627962350845 5.260236583801954e7 -0.3063270929746693 -0.9479252816717834 -13.039126925776785 -0.21502094006031314 127.35914722005029 -11.127191332866175 30.379567891292936 -132.7333298978357 -300.565132825809
2007 60036.74018573761 5.260236583801954e7 -0.3063269164734379 -0.947925169818105 -13.039127092621762 -0.21502100916301004 127.35914720924734 -11.127191332866175 30.379567891292936 -132.7333298978357 -300.565132825809
2008 60064.93380045891 5.257958014821301e7 -0.30632682795797805 -0.9479253121374915 -13.03912696918858 -0.2150209461313608 127.35914718937407 -11.294424744425896 30.034436348504755 -132.85421403292935 -300.59528760320245
2009 60093.004554748535 5.257957871180466e7 -0.3063265784830129 -0.9479254976355707 -13.039126979953416 -0.2150209325011616 127.35914717905796 -11.294428159474307 30.034436348504755 -132.85421564180285 -300.59528760320245
2010 60120.75892186165 5.2579578711804666e7 -0.3063258300583058 -0.9479260541300656 -13.039127012247853 -0.2150208916103935 127.35914714811112 -11.294428159474307 30.034436348504755 -132.85421564180285 -300.59528760320245
2011 60149.70893883705 5.805637152202744e7 -26.81624554482254 -88.25151749346578 66.74786372707496 46.04514297027423 136.34044944823447 -20.98793775057385 66.29252270129643 -132.88979342471322 -220.25523074000802
2012 60177.87015461922 5.260241853431169e7 -0.30632671763371633 -0.9479254216445998 -13.039126945113338 -0.2150209266481511 127.35914715417937 -11.126554758532905 30.380855836408273 -132.73301874165367 -300.5664087960836
2013 60206.39193916321 5.257957871180466e7 -0.30632577290434426 -0.9479258033975055 -13.039127057729523 -0.21502091981112414 127.35914710342902 -11.294428159474307 30.034436348504755 -132.85421564180285 -300.59528760320234
2014 60234.691766262054 5.258332357882438e7 -0.30632560144292853 -0.9479250511999604 -13.039127194174263 -0.21502100441328764 127.35914696938154 -11.243654302763275 30.14127424529545 -132.82840020966916 -300.6229864740692
2015 60263.44811820984 5.221362493558583e7 -11.184366561601202 -20.392425292392186 -21.06886937486049 -5.243412639134533 128.2482041493088 -31.298423178907854 36.438892500119664 -147.83625562398487 -299.90168593809665
2016 60291.69388961792 5.257966117763198e7 -0.3063258511277773 -0.9479250194952078 -13.03912722749768 -0.2150210202385523 127.35914706026293 -11.293717584801357 30.035724293620092 -132.85379739009352 -300.5959995472085
2017 60319.9619178772 5.2579578711804666e7 -0.306326130221251 -0.9479257223628546 -13.039126854684831 -0.21502084701211288 127.35914720730982 -11.294428159474307 30.034436348504755 -132.85421564180285 -300.59528760320245
2018 60348.1903090477 5.257957871180466e7 -0.3063261240949693 -0.9479263242742393 -13.039126648958117 -0.2150207388942107 127.35914716127887 -11.294428159474307 30.034436348504755 -132.85421564180285 -300.59528760320245
2019 60376.13070344925 5.257957871180466e7 -0.30632507717160706 -0.9479258356456812 -13.039127116326362 -0.21502090681978814 127.35914713414111 -11.294428159474307 30.034436348504755 -132.85421564180285 -300.59528760320245
2020 60404.22452497482 5.2579578711804666e7 -0.3063257402494308 -0.9479259405854892 -13.039127049303367 -0.21502091020603586 127.35914712099307 -11.294428159474307 30.034436348504755 -132.85421564180285 -300.59528760320245
2021 60432.987447977066 5.2579578711804666e7 -0.30632611587641634 -0.9479265006849165 -13.039126718911078 -0.21502077399463815 127.3591471188411 -11.294428159474307 30.034436348504755 -132.85421564180285 -300.59528760320245
2022 60462.068878650665 5.332887944523799e7 -16.412509956397038 -29.73772983847938 3.22103689784943 35.14423461152016 183.39040492814186 -18.522158725874135 54.71603103087739 -138.36749140192524 -301.0197999563227
2023 60491.291915655136 5.260233463207601e7 -0.3063260834023751 -0.9479254117257483 -13.039126952849152 -0.21502089786559964 127.35914712509256 -11.12726874825421 30.379567891292936 -132.73343860223645 -300.5656968520774
2024 60520.46971273422 5.2374735779307455e7 -20.344681508449465 -36.766486505789494 -7.713333060266692 1.0249556707071008 129.20552303478794 -31.465512710840358 38.37092747867882 -148.09631594281575 -300.683113653433
2025 60548.98662805557 5.850463363795762e7 -15.93820181308918 -68.80701597746764 74.77760692797958 51.07353448117864 135.45139225965505 -0.6431903914636905 60.75144686365661 -117.5098091186922 -220.19175566813692
2026 60578.47384262085 5.523283405403285e7 -12.426081054462035 -22.61198931586845 25.771782814645505 41.7007494850444 193.62649101227805 3.239849301146876 88.71387232048176 -121.94715019938553 -300.66881504256065
2027 60608.444764852524 5.529781370457432e7 -12.397214788950947 -22.560389746985315 27.25972219329413 41.857799889837665 193.88694479676533 4.105083467147779 90.35433882010534 -121.27596422692875 -301.06103565168644
2028 60636.70932173729 5.257958230625582e7 -0.3063299916383926 -0.9479269710067451 -13.03912607689984 -0.21502063906518742 127.35914780016977 -11.29441743995585 30.034436348504755 -132.85421060002272 -300.5952876032024
2029 60667.68930697441 5.560529501031622e7 -39.41030796656642 -70.84629579505747 34.00220602102241 72.03161393735344 250.54680606553472 -24.516368068307713 118.77987779329567 -142.74943479110306 -299.7089193452937
2030 60695.77519631386 5.260609654387856e7 -0.3063261940193236 -0.9479246525053071 -13.039127133648314 -0.21502100372704547 127.35914711703145 -11.076819333218339 30.485683758118057 -132.7078301891985 -300.592346064739
2031 60724.10902929306 5.257957871180466e7 -0.3063257991086772 -0.9479256682287671 -13.039127196595452 -0.2150209865920516 127.35914711696766 -11.294428159474307 30.034436348504755 -132.85421564180285 -300.59528760320234
2032 60753.300808906555 5.2374735779307455e7 -20.344681551791556 -36.766486606815185 -7.7133330400257805 1.0249556804995592 129.2055230607942 -31.465512710840358 38.37092747867882 -148.09631594281575 -300.68311365343305
2033 60781.85599088669 5.257957871180466e7 -0.30632372389889184 -0.9479254438188223 -13.039127461793974 -0.21502101988320987 127.35914678775895 -11.294428159474307 30.034436348504755 -132.85421564180285 -300.5952876032024
2034 60809.99194788933 5.257961244653002e7 -0.3063175768802324 -0.9479243650821196 -13.039128673987705 -0.215021320099396 127.35914584074659 -11.294079079172093 30.03565403992718 -132.85405604019047 -300.5957455874795
2035 60840.69882917404 5.7775433460409164e7 -15.356661603445065 -27.8503952665509 52.71509763846469 77.50520269447108 259.19697046085395 18.43618273728066 146.3465803182022 -110.34665573566201 -299.6666930847284
2036 60868.68363761902 5.260244686743851e7 -0.3063255965683389 -0.9479246990095689 -13.039127242763243 -0.21502102339518103 127.35914704569197 -11.126484173241636 30.380855836408273 -132.73291325499986 -300.56584476981516
2037 60896.72921013832 5.257957871180466e7 -0.30632311116544386 -0.9479255126372266 -13.039127326989643 -0.21502093006152734 127.35914667638936 -11.294428159474307 30.034436348504755 -132.85421564180285 -300.59528760320245
2038 60925.13795518875 5.2579578711804666e7 -0.3063212729645173 -0.9479257190923915 -13.039126922576628 -0.21502066059701974 127.35914634228352 -11.294428159474307 30.034436348504755 -132.85421564180285 -300.5952876032024
2039 60954.24068427086 5.8319480944316946e7 -6.777878443903887 -52.43295289094231 61.42206698458888 44.805165417668235 134.49407180954776 -0.37680921089452113 59.080835182538976 -117.2935411865135 -219.9409037327489
2040 60982.59244585037 5.260241709790334e7 -0.3063226986565759 -0.9479239862100641 -13.039127833165757 -0.21502117683348843 127.35914658522302 -11.126558173581316 30.380855836408273 -132.73302035052723 -300.5664087960836
2041 61011.80760717392 5.237473476564027e7 -20.344678715718462 -36.76648724605706 -7.7133323755871 1.0249561174110369 129.2055225740754 -31.465500142262044 38.37092747867882 -148.09631036208305 -300.68311365343305
2042 61040.01286673546 5.257957950626207e7 -0.3063211308562863 -0.9479260344632765 -13.039126723181667 -0.21502055367494677 127.35914650003333 -11.294407179572545 30.034436348504755 -132.8541958894072 -300.59528760320245
2043 61068.6255004406 5.25795821089022e7 -0.3063131361380904 -0.9479236878770703 -13.039128715096986 -0.21502114994986243 127.35914504728851 -11.294305907715852 30.034436348504755 -132.85415774521266 -300.5952876032024
2044 61096.884516716 5.2579578711804666e7 -0.30632059828431935 -0.9479248967876686 -13.039127186882254 -0.21502077876441206 127.35914616254362 -11.294428159474307 30.034436348504755 -132.85421564180285 -300.5952876032024
2045 61125.34771156311 5.258332142905454e7 -0.3063185742440382 -0.9479224298730013 -13.039127979799318 -0.21502113326675953 127.35914562332387 -11.243759306052539 30.14127424529545 -132.8284500363455 -300.6229864740692
2046 61155.826660871506 6.078547484377436e7 -38.93600637106588 -109.91558449701452 105.55878021700059 87.96091491881474 202.60779458498553 -6.495759806140541 124.92497850319273 -121.82977076685103 -218.80282884387827
2047 61186.2752122879 6.078547484377436e7 -38.936006506107006 -109.91558474659321 105.55878084529931 87.9609150274476 202.6077946019963 -6.495759806140541 124.92497850319273 -121.82977076685103 -218.80282884387827
2048 61215.1992790699 5.257966117763198e7 -0.3063188798751355 -0.9479235479946118 -13.039127997599834 -0.21502109185874474 127.35914594994797 -11.293717584801357 30.035724293620092 -132.85379739009352 -300.5959995472085
2049 61243.243554115295 5.25796645747295e7 -0.3063143803699262 -0.9479233118975827 -13.039128899220401 -0.2150212888065255 127.35914528433142 -11.293595333042845 30.035724293620092 -132.85373949350327 -300.5959995472085
2050 61271.57176446915 5.257958130733733e7 -0.3063113882437989 -0.9479231362115268 -13.039128950128628 -0.21502119048190593 127.35914476445102 -11.294290919975936 30.034436348504755 -132.854152206724 -300.59528760320245
2051 61299.92711353302 5.257966348722417e7 -0.3063061445588069 -0.9479214812144265 -13.039129655223682 -0.215021312078008 127.35914391593636 -11.29368449810056 30.035724293620092 -132.8537731730272 -300.5959995472085
2052 61328.066167354584 5.257966070355297e7 -0.3063166628174514 -0.9479231584522356 -13.039128267374593 -0.2150211232264354 127.35914558802273 -11.293719387256544 30.035724293620092 -132.85379825691825 -300.5959995472086
2053 61356.664326906204 5.257958239978108e7 -0.3063092975197712 -0.9479223849777982 -13.03912989868423 -0.2150215330148768 127.35914443168846 -11.294229239149217 30.034436348504755 -132.8541231120676 -300.59528760320245
2054 61385.36948847771 5.257958319423849e7 -0.306311313348111 -0.9479234880230774 -13.039128770153596 -0.21502109048965679 127.35914497663077 -11.294208259247512 30.034436348504755 -132.85410335967197 -300.59528760320245
2055 61413.754668712616 5.257958210179474e7 -0.30631132182242027 -0.9479228818921683 -13.039129392272883 -0.21502139215741067 127.3591448355095 -11.294269940074173 30.034436348504755 -132.85413245432835 -300.59528760320245
2056 61442.89166736603 5.237473826939078e7 -20.344667107058093 -36.76648398565208 -7.713334950419821 1.0249554073109266 129.20552070968128 -31.465445501082115 38.37092747867882 -148.09628359958964 -300.68311365343305
2057 61470.913340091705 5.257958130733733e7 -0.3063112067940459 -0.947922922296736 -13.039128921834248 -0.21502117317513125 127.35914477460399 -11.294290919975936 30.034436348504755 -132.854152206724 -300.59528760320245
2058 61499.165605306625 5.257957871180466e7 -0.30631957816666855 -0.9479252064685175 -13.039127110600262 -0.21502067968188499 127.35914609005178 -11.294428159474307 30.034436348504755 -132.85421564180285 -300.59528760320245
2059 61527.18525862694 5.257958130733733e7 -0.30631142191533556 -0.9479238051756091 -13.039128735924429 -0.21502108607008097 127.35914473950963 -11.294290919975936 30.034436348504755 -132.854152206724 -300.5952876032024
2060 61555.46073246002 5.257956042479582e7 -0.3063115229301232 -0.9479258120679743 -13.039128093311874 -0.2150207728347624 127.3591446646864 -11.294261780363684 30.034436348504755 -132.85417020669638 -300.59553563043954
2061 61584.316195726395 5.2602316419103295e7 -0.306311825973971 -0.9479318327445805 -13.039126165474038 -0.2150198331289772 127.35914444021894 -11.127181798978427 30.379567891292936 -132.73342990449555 -300.56594487931454
2062 61612.72572565079 5.850460387616137e7 -15.938174677563662 -68.80700421951933 74.77758187935089 51.0735288258158 135.45138792956794 -0.6431660975999876 60.75139018018433 -117.5097742586546 -220.1919840224831
2063 61640.90326046944 5.25795818490703e7 -0.30630709404206513 -0.9479214008575569 -13.039130008684602 -0.2150215259922703 127.35914393502158 -11.294294592047777 30.034436348504755 -132.8541538845276 -300.59528760320245
2064 61669.16755652428 5.257958022693943e7 -0.30630773801691547 -0.9479219223514939 -13.039128658646156 -0.21502094081093048 127.35914391908915 -11.29441605267516 30.034436348504755 -132.85421117713224 -300.59528760320245
2065 61697.39906001091 5.258341011441658e7 -0.30630966994077014 -0.9479234868328099 -13.039124608530969 -0.21501918526701047 127.35914387129331 -11.242865326586468 30.142562190410786 -132.82794580820166 -300.6236984180753
2066 61725.262095451355 5.260233832487303e7 -0.30630561443629034 -0.9479208081348798 -13.039130190543354 -0.21502156081744772 127.35914360120522 -11.12720479304437 30.379567891292936 -132.7334087660293 -300.56569685207745
2067 61753.8034825325 5.300722773635016e7 -4.886463510927683 -9.134950674716903 2.079166829228079 33.97523252624859 132.79014183717905 -10.509627175842695 32.75464630671331 -131.87619785689049 -295.8224690298033
2068 61782.43517661095 5.2579664865608394e7 -0.3063115781918846 -0.9479232886057183 -13.039126673828726 -0.21502018398908262 127.35914448707231 -11.293518664476267 30.035724293620092 -132.85370486035833 -300.5959995472086
2069 61811.005090236664 5.258341122735248e7 -0.30630677442577436 -0.9479201161372526 -13.039129316103143 -0.21502125229307012 127.35914367275669 -11.242789733497034 30.142562190410786 -132.8279104826549 -300.6236984180753
2070 61839.105313539505 5.257966536918692e7 -0.3063134730333985 -0.9479216348571455 -13.039128525043644 -0.21502109849318174 127.3591454648032 -11.293574353141253 30.035724293620092 -132.85371974110762 -300.5959995472085
2071 61868.01464653015 5.332888515450635e7 -16.412492085683116 -29.73772635379371 3.221035185160744 35.144234575713455 183.39040173508292 -18.5217796039488 54.71603103087739 -138.36731117781585 -301.0197999563227
2072 61895.98379325867 5.258332764858926e7 -0.3063069237412819 -0.9479230591611518 -13.039127740359632 -0.21502046709754552 127.35914408932265 -11.243575901259362 30.14127424529545 -132.828364059911 -300.6229864740692
2073 61924.38125538826 5.257956042479582e7 -0.3063113635640775 -0.9479264007096795 -13.039126600082255 -0.21502010261399107 127.35914447020113 -11.294261780363627 30.034436348504755 -132.85417020669638 -300.59553563043954
2074 61952.26679944992 5.257958022693943e7 -0.3063076941058327 -0.9479219203585165 -13.039128660326227 -0.21502093992575055 127.35914390837077 -11.29441605267516 30.034436348504755 -132.85421117713224 -300.5952876032024
2075 61980.187796354294 5.257958022693943e7 -0.30630756237247425 -0.9479219143798998 -13.03912866536627 -0.21502093727031024 127.35914387621264 -11.29441605267516 30.034436348504755 -132.85421117713224 -300.59528760320234
2076 62008.098796367645 5.257958022693943e7 -0.3063071671722213 -0.9479218964437948 -13.039128680486662 -0.21502092930390404 127.35914377973899 -11.29441605267516 30.034436348504755 -132.85421117713224 -300.59528760320245
2077 62035.950323581696 5.2606018889070034e7 -0.30630598157168265 -0.9479218426358393 -13.03912872584764 -0.21502090540457175 127.35914349031844 -11.077403073025039 30.484395813002607 -132.70818852848663 -300.5916341207328
2078 62064.562059402466 5.2213701942752175e7 -11.184385888199515 -20.392448538221593 -21.068855034590193 -5.243406294629722 128.2482056235737 -31.29860624247874 36.43872513111262 -147.8361688427683 -299.9007752645218
2079 62093.04464793205 5.26060185083539e7 -0.3063047891898272 -0.94792576363976 -13.039126177122043 -0.21501967022911117 127.3591429647738 -11.077463986320538 30.484395813002607 -132.70821681357978 -300.5916341207328
2080 62121.207830905914 5.260233749409499e7 -0.3063096446358138 -0.94792378702458 -13.039127844603279 -0.2150205982137834 127.35914432908068 -11.127208546147585 30.379567891292936 -132.7334107760152 -300.56569685207745
2081 62149.28583264351 5.2606018058291994e7 -0.3063059177864247 -0.947920838291541 -13.039130207880937 -0.21502157880769346 127.35914374338988 -11.077406826128254 30.484395813002607 -132.70819053847242 -300.5916341207328
2082 62177.64991879463 5.260601645779381e7 -0.30629881849928964 -0.9479195074290692 -13.039130618816024 -0.21502148458864667 127.35914240598014 -11.077515899668356 30.484395813002607 -132.70824206900244 -300.5916341207328
2083 62205.70740032196 5.2579662692766756e7 -0.30630517617622743 -0.9479180967826029 -13.039130466181774 -0.2150216969669998 127.35914361459852 -11.29370547800221 30.035724293620092 -132.85379292542285 -300.5959995472085
2084 62233.33041739464 5.257958022693943e7 -0.30630710220441415 -0.9479218918477361 -13.039128694650508 -0.21502093285742774 127.3591437703012 -11.29441605267516 30.034436348504755 -132.85421117713224 -300.59528760320245
2085 62261.467263937 5.257958022693943e7 -0.3063069073008293 -0.9479218780591383 -13.03912873714222 -0.21502094351828305 127.35914374198711 -11.29441605267516 30.034436348504755 -132.85421117713224 -300.59528760320245
2086 62289.6351890564 5.257958022693943e7 -0.30630632259003576 -0.9479218366936175 -13.039128864617155 -0.21502097550069266 127.35914365704525 -11.29441605267516 30.034436348504755 -132.85421117713224 -300.59528760320245
2087 62317.63185596466 5.2579580027955905e7 -0.3063045684575627 -0.9479217125969264 -13.039129247042382 -0.21502107144787885 127.35914340222052 -11.294475897581208 30.034436348504755 -132.85423845108107 -300.59528760320245
2088 62345.49052929878 5.257955608704769e7 -0.30629930605807587 -0.9479213403060491 -13.039130394317738 -0.21502135928960797 127.35914263774534 -11.294555546526055 30.034436348504755 -132.85430897301495 -300.5955356304395
2089 62373.56895899773 5.2579894342268564e7 -0.306283518841898 -0.9479202234287536 -13.039133836146021 -0.2150222228150085 127.35914034431964 -11.293892784152263 30.03596264424641 -132.853516291375 -300.59404914067534
2090 62401.88956785202 5.300724596529546e7 -4.886482638069001 -9.134950411219943 2.079164010746773 33.97523100000586 132.79014554399103 -10.50936052121699 32.75490459634602 -131.87601912188285 -295.8223790618491
2091 62429.84849333763 5.25834079495101e7 -0.3062974336731443 -0.9479149221888212 -13.039131095248209 -0.2150217071056204 127.35914218954959 -11.24297227922284 30.142562190410786 -132.82799650945572 -300.6236984180753
2092 62458.08320641518 5.257989222816209e7 -0.3062972734825138 -0.9479194431814646 -13.039132107590262 -0.2150221067851561 127.3591416372793 -11.293993203764785 30.03596264424641 -132.85362051231482 -300.59404914067534
2093 62486.23975586891 5.257966052786027e7 -0.30629609433912464 -0.9479136309885661 -13.03913364855466 -0.21502279612673192 127.35914232592523 -11.293812430638638 30.035724293620092 -132.8538436266769 -300.5959995472085
2094 62514.53118276596 5.2374932443586774e7 -20.34465491896843 -36.766482553495315 -7.713336745598234 1.0249551113182491 129.20551873703758 -31.46533854720758 38.371781227688416 -148.09571080399962 -300.68166635289913
2095 62542.81560945511 5.300723476070917e7 -4.886449680650859 -9.134944634936609 2.0791595155880245 33.97523004835266 132.7901392416788 -10.509494630010124 32.75464630671331 -131.87610492460277 -295.8224690298033
2096 62570.61377477646 5.25795568815051e7 -0.3062992454873452 -0.9479214468288735 -13.039130524000669 -0.21502140709884543 127.35914269941418 -11.29453456662435 30.034436348504755 -132.8542892206193 -300.5955356304395
2097 62598.5776488781 5.260601762183619e7 -0.3063014662179562 -0.9479213088917682 -13.039128738693762 -0.2150207795593957 127.35914203583759 -11.077516848987273 30.484395813002607 -132.70824214468848 -300.5916341207328
2098 62626.585820674896 5.2579560495294966e7 -0.3063404946461219 -0.9479319204729331 -13.039120974006366 -0.21501871176310772 127.3591493382829 -11.294427511830065 30.034436348504755 -132.854237525654 -300.5955356304395
2099 62655.078842163086 5.25795568815051e7 -0.30630160957951347 -0.9479231484505171 -13.039128230038287 -0.2150204455953144 127.35914359941411 -11.29453456662435 30.034436348504755 -132.8542892206193 -300.5955356304395
2100 62683.92657542229 5.850463498952662e7 -15.938175507979903 -68.8070099162821 74.7776070718981 51.073534571662265 135.45138741145763 -0.6432485623768684 60.75144686365661 -117.5098396702466 -220.19175566813692
2101 62712.681294202805 5.332888532210293e7 -16.412483500862745 -29.7377253737259 3.221033713633801 35.14423423206354 183.39040042266907 -18.521782985017808 54.71603103087739 -138.36731500042106 -301.0197999563227
2102 62742.189104795456 5.529781201925634e7 -12.397188498996456 -22.560384956430397 27.25971947002833 41.85779965360521 193.88694013380274 4.105061967313361 90.35433882010534 -121.27597575955002 -301.0610356516865
2103 62771.58375501633 5.523282750828415e7 -12.426055382727 -22.61198375280763 25.771780353738876 41.700749396035874 193.62648608030125 3.2397002706022704 88.71387232048176 -121.94723187980111 -300.66881504256065
2104 62799.74058866501 5.257955820717845e7 -0.30629914940886493 -0.9479304375670505 -13.03912758644109 -0.21501987751069862 127.3591435793531 -11.294560120079268 30.034436348504755 -132.85427022335983 -300.59553563043954
2105 62829.50602865219 5.943540627899946e7 -56.66284942468221 -141.6023987763031 111.48185581378073 121.86301784429082 198.76001572648212 -27.764404227082423 95.26630880835592 -137.52343177887343 -215.66046360705298
2106 62859.38928771019 5.943327022483335e7 -56.662909761187606 -141.60241486382773 111.48187101792058 121.86302221716181 198.7600253059583 -27.76528804297203 95.26508087218144 -137.52698870426514 -215.70210441230216
2107 62887.82421207428 5.257955705719781e7 -0.30632224740588043 -0.9479312991203352 -13.039124606887896 -0.2150195571003195 127.35914674496142 -11.294441523242256 30.034436348504755 -132.85424385086066 -300.5955356304395
2108 62915.84164738655 5.25796614980104e7 -0.3063190677672374 -0.947925338402003 -13.039126363110483 -0.21502030145985884 127.35914615661491 -11.293698407354839 30.035724293620092 -132.8537785045226 -300.5959995472086
2109 62944.983934402466 5.2374931039616324e7 -20.344651205693243 -36.766480497652665 -7.713337613315311 1.0249548306634892 129.20551793726338 -31.465398974930565 38.371781227688416 -148.0957394669548 -300.6816663528992
2110 62972.778304338455 5.257989622360108e7 -0.30630243363452436 -0.947922213871017 -13.039129940436126 -0.21502129469415365 127.35914275990481 -11.293947610187558 30.03596264424641 -132.8535686939806 -300.59404914067534
2111 63000.73298358917 5.257955776028503e7 -0.30630244870718926 -0.9479230930470699 -13.039128339563895 -0.21502054271570614 127.35914297922663 -11.294510628306853 30.034436348504755 -132.85428708164306 -300.5955356304395
2112 63029.43071961403 5.257957529918352e7 -0.306295091418022 -0.9479192676728561 -13.039131635459178 -0.2150217708833395 127.35914198704387 -11.29456462893404 30.034436348504755 -132.85428242841004 -300.59528760320245
2113 63057.605199337006 5.257955608704769e7 -0.30629891915188523 -0.9479211605655555 -13.039130513757272 -0.21502139947185128 127.35914257409613 -11.294555546526055 30.034436348504755 -132.85430897301507 -300.5955356304395
2114 63085.793498039246 5.25795766900245e7 -0.30629775843272 -0.9479206213443696 -13.039130872075276 -0.21502152001878017 127.35914238314803 -11.294531738850765 30.034436348504755 -132.85426692541665 -300.59528760320245
2115 63116.034891843796 5.6489987746985696e7 -33.08356719308979 -59.537232961902454 58.638191626848766 111.40731278975603 255.3492019573138 -2.660971095305115 117.0623673651437 -125.93010085782231 -295.822342069923
2116 63146.10904121399 5.6489987746985696e7 -33.08356719309957 -59.53723296190993 58.63819162685195 111.40731278975697 255.34920195731527 -2.660971095305115 117.0623673651437 -125.93010085782237 -295.822342069923
2117 63173.95040130615 5.257956092837436e7 -0.3063179821871813 -0.9479305895190286 -13.039125658334555 -0.21501985488754372 127.35914599954198 -11.29431746902867 30.034436348504755 -132.85418508744567 -300.5955356304395
2118 63202.14054226875 5.257965958022722e7 -0.30629451461096124 -0.9479159354000544 -13.039132959076248 -0.21502238143197872 127.35914209864136 -11.29381396773897 30.035724293620092 -132.8538354229288 -300.5959995472086
2119 63232.610944747925 5.5134106785920165e7 -32.43553214076822 -58.37894028510631 32.58550816371029 43.097774442752325 195.733313993119 -15.98855388184461 98.83942192594384 -136.34975232578188 -300.7244130316169
2120 63261.71301841736 5.2374932443586774e7 -20.34465296080781 -36.766481401219714 -7.713336852398008 1.0249551221228614 129.2055183331858 -31.46533854720758 38.371781227688416 -148.09571080399962 -300.6816663528992
2121 63289.61096286774 5.257991583954396e7 -0.3062951529675395 -0.9479187968187128 -13.039132017212822 -0.21502197128738487 127.35914165314212 -11.293899536951983 30.03596264424641 -132.85350608708404 -300.59380111343825
2122 63317.54737472534 5.258332323239735e7 -0.30629188011084096 -0.9479158701805064 -13.039132856793948 -0.21502229789876992 127.35914117220366 -11.243751238435948 30.14127424529545 -132.8284482768704 -300.6229864740692
2123 63345.72417593002 5.257957609364094e7 -0.30629440322760715 -0.9479194411446192 -13.039131448648199 -0.21502164291362647 127.35914222754592 -11.29454364903222 30.034436348504755 -132.8542626760144 -300.59528760320245
2124 63373.77309679985 5.257957711439991e7 -0.3062939574710306 -0.947918483138162 -13.039133022842456 -0.21502235599254504 127.35914199876221 -11.294524542411864 30.034436348504755 -132.85425367463807 -300.5952876032024
2125 63402.18057894707 5.2579500226093106e7 -0.3062747234687677 -0.9479142969084595 -13.039136177643698 -0.21502302026708264 127.35913872664602 -11.294914116643554 30.034112332448103 -132.85485014760388 -300.59834194600353
2126 63430.09955573082 5.257931080897999e7 -0.30621361939331493 -0.9478993845573003 -13.039149804217637 -0.21502676842474955 127.35912894543839 -11.296059247119445 30.031989951475452 -132.8560331231091 -300.60134916374454
2127 63458.35930562019 5.2579365038540296e7 -0.3060303051169626 -0.9478546469802733 -13.039190684123412 -0.2150380129536984 127.35909960167433 -11.296106080013601 30.032883397808405 -132.85539359119457 -300.59912270240704
2128 63487.82495093346 5.5616212013655566e7 -17.00612793365273 -30.798985697777525 40.890058022966926 75.89099706725135 199.0574720664323 3.8005143908204673 90.94801184697883 -121.14646658645023 -296.12279998713507
2129 63519.28193569183 6.423347043059295e7 -44.72889274565021 -120.27054955532616 169.00566145038505 169.2523766565136 273.6775140682496 29.547498312541848 181.27230141759696 -94.37695920511948 -216.19816944554776
2130 63547.266797065735 5.257931737759547e7 -0.3062529502377238 -0.9479039764754891 -13.039144786840083 -0.2150260663880914 127.35913605719588 -11.295072331804022 30.033831178625633 -132.85549570886104 -300.6026727606907
2131 63574.93680357933 5.257929101762105e7 -0.30621228133039224 -0.9479004890580036 -13.039149079061609 -0.2150263308275413 127.35912942250557 -11.296081312950491 30.031989951475452 -132.8560631767421 -300.6015971909816
2132 63602.75655865669 5.2579395955906175e7 -0.30619876909677757 -0.947888379461916 -13.039156300681228 -0.21502922093471 127.35912668447364 -11.295323962658188 30.03327789659079 -132.85561325648308 -300.6020611077506
2133 63630.81338977814 5.257923473530406e7 -0.30624778749229264 -0.9479077838591321 -13.039142763009608 -0.21502488845416678 127.35913528106471 -11.295833543695153 30.032543233510182 -132.85593608798246 -300.6019608166846
2134 63659.64698386192 5.237493391232496e7 -20.344566402922936 -36.76645961941615 -7.713356625868663 1.0249495829722406 129.20550433535132 -31.465157862099886 38.371781227688416 -148.09567352822575 -300.68166635289913
2135 63688.59612584114 5.2579290320912845e7 -0.30620719290893916 -0.9478976372518471 -13.03915144714911 -0.21502726705215025 127.35912780720223 -11.296112293597957 30.031989951475452 -132.85609049788678 -300.60159719098164
2136 63716.73437190056 5.260210462420677e7 -0.3061879134355472 -0.9478923953303076 -13.03915637594497 -0.2150287629353187 127.35912439249259 -11.12936381315916 30.377434687972595 -132.735376507031 -300.57065947612375
2137 63745.03983879089 5.8504658710269056e7 -15.938070761955522 -68.80698389803848 74.7775664571193 51.07352587639063 135.45137098460614 -0.6436237404449798 60.75181262935712 -117.50981605880253 -220.1916831116867
2138 63773.177527189255 5.2579453176527254e7 -0.30619738876239566 -0.9478884829361451 -13.039158153616398 -0.2150299255269914 127.3591274543932 -11.29572219887956 30.033591090299524 -132.85561803297549 -300.60071414401773
2139 63802.167843818665 5.237493356759357e7 -20.344563153161737 -36.76645894191353 -7.713357375794395 1.0249493777828604 129.20550385563007 -31.465159172773554 38.371781227688416 -148.09567415854622 -300.6816663528992
2140 63830.269097566605 5.257962487311242e7 -0.306205211463098 -0.9478955819375452 -13.039153040345433 -0.2150279734066487 127.35912671764996 -11.295591910639985 30.033516247217108 -132.85544154197783 -300.6001107012175
2141 63858.37815761566 5.2579290320912845e7 -0.3062075935827906 -0.9478984455093125 -13.039151036492463 -0.21502706233282254 127.35912823195585 -11.296112293597957 30.031989951475452 -132.85609049788678 -300.6015971909816
2142 63886.56765270233 5.2579393967268005e7 -0.30620386384509857 -0.9478900068721909 -13.039154911073894 -0.2150287882215025 127.35912750343411 -11.295390157612132 30.03327789659079 -132.85564490394438 -300.6020611077506
2143 63915.00451231003 5.257937239131657e7 -0.3061249098014116 -0.9478765967721898 -13.039170397344542 -0.21503260815211434 127.35911447979313 -11.295861071476509 30.032883397808405 -132.8552845266134 -300.59912270240704
2144 63943.15024471283 5.2579290320912845e7 -0.3062092679269881 -0.9478993599484191 -13.039149449480185 -0.21502641413303536 127.3591282209021 -11.296112293597957 30.031989951475452 -132.85609049788684 -300.6015971909816
2145 63971.2042286396 5.2602045598943375e7 -0.30620212719313855 -0.947892860965025 -13.039155561464433 -0.21502903092630277 127.3591252197201 -11.1289021099671 30.377121494263974 -132.7353410312304 -300.5720064398567
2146 63999.62214970589 5.8504660873433985e7 -15.938082606341908 -68.80698630059099 74.77758430954802 51.073528096839496 135.45137258194876 -0.6433668080821917 60.75181262935712 -117.50969617222398 -220.1916831116867
2147 64028.14248418808 5.887986457563126e7 -20.518240827798248 -76.99401988003235 89.8958803624086 85.26378250001342 140.88237273308567 0.02383105605935043 63.18038176561822 -116.64509411702079 -216.1490680819404
2148 64059.29670906067 5.77752666156025e7 -15.356538739134546 -27.850364888877525 52.715067816795894 77.50519489463677 259.1969485643255 18.43571325873654 146.34503735282112 -110.34718831863961 -299.6673380653443
2149 64087.1452088356 5.260582051576232e7 -0.3062044977753686 -0.947894913852191 -13.039152314494757 -0.21502761234827972 127.35912713548977 -11.078723704765082 30.482273432030297 -132.70949175077936 -300.5946413384738
2150 64115.69895148277 5.332817001239328e7 -16.412391210919157 -29.73770152876198 3.221012300614973 35.14422817704673 183.39038545140494 -18.523746155728873 54.70960278849941 -138.3692462434094 -301.02560542034587
2151 64145.47299838066 5.5233199999536045e7 -12.4259633412289 -22.61196188117937 25.77175912289075 41.70074344834089 193.62647233550865 3.2394370191336748 88.71408616923145 -121.94705774195262 -300.66303535352847
2152 64174.87425661087 5.5184476583220616e7 -3.2369132932988904 -6.186344358647701 13.904188206280736 35.589433985149995 192.92962512762094 4.3468482658320795 88.70203520256007 -120.92955395142775 -299.4298817730895
2153 64204.2524163723 5.5184476583220616e7 -3.2369133422248524 -6.186344436820607 13.904188242737455 35.58943400078397 192.92962513237168 4.3468482658320795 88.70203520256007 -120.92955395142775 -299.4298817730895
2154 64232.08236336708 5.257938343269991e7 -0.3061558285004473 -0.9478860083145859 -13.039164654721603 -0.215031144714672 127.35912034101766 -11.295839576950186 30.033483807105313 -132.85546042325552 -300.6000472974699
2155 64261.00802779198 5.8504660873433985e7 -15.938085192632176 -68.80698767162178 74.77758484230296 51.073528394236874 135.4513733425368 -0.6433668080822486 60.75181262935712 -117.50969617222398 -220.1916831116867
2156 64289.18081188202 5.301405893746136e7 -4.88636969166523 -9.134927773541161 2.079145257727639 33.97522653269242 132.790126792014 -10.486964448234346 32.79475070471415 -131.87054867836406 -295.6896961088547
2157 64317.08359694481 5.2579290320912845e7 -0.3062077896451072 -0.9478980492577245 -13.039150825818972 -0.2150270071689988 127.35912783627184 -11.296112293598071 30.031989951475452 -132.85609049788678 -300.6015971909816
2158 64345.19769191742 5.25792915150936e7 -0.3062050366469471 -0.9478972019101022 -13.03915189906673 -0.21502738371148666 127.35912746746682 -11.296067078545661 30.031989951475452 -132.85607860282124 -300.6015971909816
2159 64373.45949649811 5.257930964179387e7 -0.3062180741705802 -0.9478998341021025 -13.039149166624838 -0.21502667835500233 127.35912952162803 -11.29611109762078 30.031989951475452 -132.85605764951305 -300.60134916374454
2160 64401.45575094223 5.257930964179387e7 -0.3062205081720677 -0.947902014514157 -13.039148301295263 -0.2150263220468105 127.35913009618258 -11.29611109762078 30.031989951475452 -132.85605764951305 -300.60134916374454
2161 64429.66542458534 5.257934794125726e7 -0.30620165174467573 -0.9478970630534036 -13.03915266487401 -0.21502758508923137 127.3591268326593 -11.296486294668739 30.032303145184073 -132.85610313170918 -300.6002502272487
2162 64457.76367998123 5.2579288833994724e7 -0.30621426485571135 -0.9479026368105083 -13.039148548598419 -0.21502620010814155 127.35912877178718 -11.296091788334024 30.031989951475452 -132.85608021773788 -300.60159719098164
2163 64486.48460292816 5.3328167943619266e7 -16.412380333323284 -29.737699379165267 3.2210103455209165 35.144227705868175 183.39038396943263 -18.52385622908946 54.70960278849941 -138.36928183063924 -301.02560542034587
2164 64514.71862196922 5.25793089098356e7 -0.30621647947114994 -0.9479004008548202 -13.039148860104817 -0.21502643945022726 127.35912968686387 -11.296181395566009 30.031989951475452 -132.85609244866197 -300.60134916374454
2165 64544.07504034042 5.523320726849524e7 -12.42595869872875 -22.61195989268013 25.771757791960084 41.70074295382739 193.6264711204699 3.2396591014232285 88.71408616923145 -121.94695178623306 -300.66303535352847
2166 64574.13141155243 5.529854474020742e7 -12.39713809857502 -22.560373446476078 27.25970806816825 41.85779651187701 193.8869324251779 4.105955356469565 90.35624140986295 -121.27389189836794 -301.0509875038397
2167 64603.148038864136 5.237506233894447e7 -20.344561492440683 -36.766453207990196 -7.713360379296574 1.0249479968583302 129.2055033628158 -31.46525074963131 38.37205179474154 -148.0954965117591 -300.67947493673876
2168 64633.57133769989 6.202615521000825e7 -44.135215334872484 -119.20926945473335 131.3366072490783 128.50560819486833 258.01043917773393 7.306504277831948 145.2440052755553 -111.48543496703485 -219.6117673513687
2169 64665.26138138771 6.446958952921073e7 -47.094744186044366 -124.49930760261284 156.79203445016668 164.15302231641624 323.3204785579523 21.67063719334942 201.2944715784049 -100.61503067927373 -219.01225868234656
2170 64693.34772443771 5.2602104760813534e7 -0.30618929923605975 -0.9478969218374473 -13.039155439032108 -0.21502828333520085 127.35912522517242 -11.129301896886545 30.377434687972595 -132.73534832397644 -300.5706594761238
2171 64721.71158123016 5.301405713095137e7 -4.886365294577317 -9.13492751779087 2.0791445281648038 33.97522638697893 132.79012601842967 -10.487086704178694 32.79475070471415 -131.87060599863224 -295.6896961088547
2172 64749.811024188995 5.25792905569444e7 -0.3062095013373636 -0.9478993498657431 -13.039150197074022 -0.21502676228338657 127.35912854313892 -11.296066933498253 30.031989951475452 -132.85606947817234 -300.60159719098164
2173 64777.94388437271 5.2579290320912845e7 -0.3062072409094654 -0.9478981309612751 -13.03915135482977 -0.2150272027393214 127.35912793131531 -11.296112293598071 30.031989951475452 -132.85609049788678 -300.60159719098164
2174 64805.9343047142 5.257928976248699e7 -0.30620814832692034 -0.9478981164520981 -13.039151164882249 -0.21502717432082363 127.35912792109642 -11.296087913399958 30.031989951475452 -132.856089230568 -300.60159719098164
2175 64834.174718141556 5.2579290320912845e7 -0.30620684964214817 -0.947897512281549 -13.039151321870712 -0.21502719763815037 127.35912774596478 -11.296112293597844 30.031989951475452 -132.85609049788678 -300.60159719098164
2176 64862.04200935364 5.257931428453628e7 -0.30620581984189954 -0.9478971373707266 -13.03915094603557 -0.21502698939579545 127.35912756225213 -11.296013557429433 30.031989951475452 -132.85601175579683 -300.60134916374454
2177 64894.965091228485 5.85063783629363e7 -60.66151357982926 -108.83281402770655 87.65657865131035 120.37279940207223 318.03191976782153 -9.352921354755551 180.73791999866864 -131.37783973776948 -300.3021665129278
2178 64927.64337038994 5.85063783629363e7 -60.661515206866284 -108.83281507010935 87.65657906640652 120.3727994999782 318.03191991496533 -9.352921354755551 180.73791999866864 -131.37783973776948 -300.3021665129278
2179 64955.9740421772 5.2579352188129306e7 -0.30618562567397234 -0.9478932328097533 -13.039157862198635 -0.21502926512627596 127.35912479854284 -11.296394214513782 30.032303145184073 -132.8560502735287 -300.60025022724875
2180 64983.89922475815 5.257931428453628e7 -0.3062059048743535 -0.947897089921347 -13.039150827526377 -0.21502693314548083 127.35912776234275 -11.296013557429433 30.031989951475452 -132.85601175579671 -300.60134916374454
2181 65012.82941365242 5.257931428453628e7 -0.3062056402634141 -0.9478974054815579 -13.039151265458294 -0.21502711628536986 127.3591276197107 -11.296013557429433 30.031989951475452 -132.85601175579671 -300.60134916374454
2182 65041.65795588493 5.2579396750363596e7 -0.306204665475331 -0.9478938061568067 -13.039152398793206 -0.21502762965303646 127.35912756223749 -11.295302982756482 30.03327789659079 -132.85559350408744 -300.6020611077506
2183 65069.67489337921 5.257931428453628e7 -0.30620530975720683 -0.9478964574122362 -13.03915129462812 -0.21502713899984371 127.35912746827391 -11.296013557429433 30.031989951475452 -132.85601175579671 -300.60134916374454
2184 65097.66636419296 5.258321637840832e7 -0.3062037795031358 -0.9478944175367348 -13.039152340405764 -0.21502758781210218 127.3591271863395 -11.24408960077659 30.14043980943825 -132.82916932044589 -300.62670563581634
2185 65130.246076107025 6.4983562690511756e7 -60.83518651776754 -149.06036656991938 185.2657901691473 204.61162805092886 329.7087864615708 21.98775779196535 205.20917528505674 -100.0382580474531 -215.84048636279664
2186 65162.09466004372 6.4983562690511756e7 -60.83519984359424 -149.0603885525394 185.26585998103218 204.61163992277335 329.70878827150045 21.98775779196535 205.20917528505674 -100.0382580474531 -215.84048636279664
2187 65190.14567613602 5.257935175528902e7 -0.30618721316557895 -0.9478957614490886 -13.039155531864651 -0.21502825938492265 127.35912485245397 -11.29639858813772 30.032303145184073 -132.85605232079013 -300.6002502272487
2188 65218.22019124031 5.257931428453628e7 -0.30620650939425076 -0.9478971361489217 -13.039150754995013 -0.21502692651971245 127.35912784818312 -11.296013557429546 30.031989951475452 -132.85601175579671 -300.6013491637445
2189 65246.46711230278 5.257931080897999e7 -0.3062136455232576 -0.9478985684763295 -13.039149549622877 -0.21502667371460404 127.35912882198595 -11.29605924711933 30.031989951475452 -132.8560331231091 -300.60134916374454
2190 65274.31047344208 5.2579396750363596e7 -0.30620307099128397 -0.9478925713225728 -13.039153112939651 -0.21502791307764824 127.3591272551205 -11.295302982756482 30.03327789659079 -132.85559350408744 -300.6020611077506
2191 65302.68637442589 5.257937400748815e7 -0.30619308721152905 -0.9478930122513409 -13.039154528294276 -0.21502812915039726 127.35912557606943 -11.296363547919498 30.032303145184073 -132.85600401123884 -300.60000220001166
2192 65330.65951037407 5.2583129534899905e7 -0.3062165227090645 -0.94789836083274 -13.039149157683212 -0.21502664387023174 127.35912918213872 -11.24483446503001 30.1391518643228 -132.8296021000436 -300.6259936918102
2193 65359.54347729683 5.2374934934185065e7 -20.34455740326924 -36.766456584062404 -7.713358122496551 1.024949239623993 129.2055027894064 -31.46501791480995 38.371781227688416 -148.09560903707262 -300.6816663528992
2194 65387.75305080414 5.257931428453628e7 -0.30620544971227304 -0.9478963083031093 -13.039151244387895 -0.21502712376452848 127.35912753058813 -11.296013557429433 30.031989951475452 -132.85601175579683 -300.60134916374454
2195 65415.82918381691 5.257931229589811e7 -0.3062090697459219 -0.9478981756108213 -13.039149890880395 -0.2150266257162201 127.35912846632623 -11.296079752383378 30.031989951475452 -132.856043403258 -300.60134916374454
2196 65444.53164124489 5.8504660873433985e7 -15.938083912625387 -68.80698723876442 74.77758376688956 51.07352845642629 135.45137307706437 -0.6433668080822486 60.75181262935712 -117.50969617222398 -220.1916831116867
2197 65473.57840681076 5.332817033791869e7 -16.41238462771961 -29.737699532953734 3.2210115688141627 35.14422811379899 183.3903844892264 -18.523716281826864 54.70960278849941 -138.36921218052146 -301.02560542034587
2198 65502.80668640137 5.523282953891461e7 -12.425975515382827 -22.611963344358273 25.77176259913363 41.70074445938157 193.62647375968226 3.2394341333532566 88.71387232048176 -121.94737426338827 -300.66881504256065
2199 65532.51387190819 5.5298514908805005e7 -12.397085800700612 -22.560358124100972 27.25969695933515 41.85779329966391 193.88692396420544 4.1057724381605 90.35485533021927 -121.27393290844856 -301.0494647553464
2200 65562.83798623085 6.151189312391924e7 -32.63789127532799 -98.65803599686072 128.7067291233984 127.1795370453427 207.1496953394354 14.23861158301122 121.13517326982708 -105.90332205243374 -215.82445260562469
2201 65592.4997830391 6.151231141026151e7 -32.63810502133845 -98.6580952939655 128.7067792377896 127.17955150007398 207.14973045758646 14.239366693780084 121.13693490663195 -105.90245304796554 -215.81611102084025
2202 65620.4553527832 5.257928720956787e7 -0.306215504510444 -0.9479000335432728 -13.039149446288462 -0.21502668195333285 127.35912914348006 -11.296111354935817 30.031989951475452 -132.8561008087978 -300.6015971909816
2203 65648.57562804222 5.257931428453628e7 -0.30620533468748334 -0.9478966449336381 -13.039151172209245 -0.2150270785199382 127.35912754046808 -11.296013557429433 30.031989951475452 -132.85601175579671 -300.60134916374454
2204 65676.83951807022 5.257931428453628e7 -0.3062052163468252 -0.9478962561524451 -13.039151577297574 -0.21502726407240402 127.3591275018133 -11.296013557429433 30.031989951475452 -132.85601175579683 -300.6013491637445
2205 65705.12265467644 5.257931428453628e7 -0.30620637641487036 -0.9478965662589456 -13.039151060872854 -0.21502707402201793 127.35912769083913 -11.296013557429433 30.031989951475452 -132.85601175579671 -300.6013491637445
2206 65733.37184786797 5.257931428453628e7 -0.3062055500045382 -0.9478968022577536 -13.039151185260799 -0.21502708876471388 127.35912753289983 -11.296013557429433 30.031989951475452 -132.85601175579671 -300.6013491637445
2207 65761.89569687843 5.257937025463059e7 -0.3061971017840506 -0.9478943471772734 -13.039153184690583 -0.21502767142419543 127.3591261446574 -11.29649567373309 30.032303145184073 -132.85606495105623 -300.6000022000116
2208 65790.28007936478 5.2579396750363596e7 -0.30620424643972655 -0.9478944846612691 -13.039152225189412 -0.21502753893095417 127.359127364341 -11.295302982756482 30.03327789659079 -132.85559350408744 -300.6020611077506
2209 65818.98694109917 5.257931349007887e7 -0.3062049810818763 -0.947895964456646 -13.039151670774842 -0.21502730852391494 127.35912722864941 -11.296034537331082 30.031989951475452 -132.85603150819236 -300.60134916374454
2210 65847.29796481133 5.260206943668141e7 -0.30620399505568585 -0.9478944855895799 -13.039152799215167 -0.2150278170959723 127.3591265097748 -11.128876382114072 30.377121494263974 -132.7352967912159 -300.5717584126196
2211 65879.07036066055 6.4985254574015416e7 -60.835034536143496 -149.06035034035244 185.26583806812638 204.61163289315914 329.70876676001564 21.986508604458322 205.21296122390834 -100.03701164584328 -215.81197071347515
2212 65911.25506305695 6.4985254574015416e7 -60.835034598220304 -149.06035044657636 185.26583833481726 204.61163295739397 329.7087668126361 21.986508604458322 205.21296122390834 -100.03701164584328 -215.81197071347515
2213 65939.38741207123 5.257928838041084e7 -0.3062148113471075 -0.947899421676552 -13.039149560678702 -0.2150267166854576 127.3591289694202 -11.296045247584232 30.031989951475452 -132.85606962616316 -300.60159719098164
2214 65967.35917854309 5.257931229589811e7 -0.30620646160631537 -0.9478966144519063 -13.0391511918559 -0.21502713529532969 127.3591277475838 -11.296079752383491 30.031989951475452 -132.856043403258 -300.6013491637445
2215 65995.7206504345 5.257931349007887e7 -0.3062055242978765 -0.9478963775019444 -13.039151501168398 -0.21502724192978917 127.35912737255214 -11.296034537331082 30.031989951475452 -132.85603150819236 -300.60134916374454
2216 66023.77664494514 5.2579395955906175e7 -0.3062040028286077 -0.9478940204575244 -13.03915256023852 -0.21502769302240665 127.3591271270921 -11.295323962658244 30.03327789659079 -132.85561325648308 -300.6020611077506
2217 66052.10054373741 5.30140545171186e7 -4.886361364682276 -9.134924775567901 2.0791440998482713 33.975226196506696 132.7901253327637 -10.487036924989809 32.79475070471415 -131.87058212749434 -295.6896961088547
2218 66080.7901828289 5.3328171109482415e7 -16.41239009127969 -29.737700481029567 3.2210124022782267 35.14422826319638 183.39038531701166 -18.523703484583734 54.70960278849941 -138.36920594364886 -301.02560542034587
2219 66109.25087356567 5.257931428453628e7 -0.3062056317827384 -0.9478970838826042 -13.039150743328435 -0.21502688548793003 127.35912774198773 -11.296013557429546 30.031989951475452 -132.85601175579671 -300.6013491637445
2220 66137.32108283043 5.257931001452257e7 -0.3062131865859996 -0.9478980590532666 -13.039149777533808 -0.2150267748004353 127.35912854389917 -11.296080227021207 30.031989951475452 -132.85605287550476 -300.60134916374454
2221 66165.73083353043 5.2602067833533585e7 -0.30620408368942265 -0.9478957282730658 -13.039151831829571 -0.21502734931807765 127.35912696589106 -11.128910023573155 30.377121494263974 -132.73530414143318 -300.57175841261954
2222 66194.18451547623 5.2602067833533585e7 -0.306203818655181 -0.947895486355443 -13.039152234164483 -0.21502752170061967 127.35912699496915 -11.128910023573155 30.377121494263974 -132.73530414143318 -300.5717584126196
2223 66222.77131485939 5.8504663129984476e7 -15.938080786318618 -68.80698603712301 74.77758280590062 51.07352813207373 135.45137236255783 -0.6433059700010517 60.75181262935712 -117.50966751061583 -220.1916831116867
2224 66252.0674188137 5.523320304386854e7 -12.425960419767744 -22.611959031217893 25.771758320314866 41.70074311656076 193.6264711248221 3.2395180359808933 88.71408616923145 -121.94701889640851 -300.66303535352847
2225 66281.27567315102 5.5298516600629784e7 -12.397093801614862 -22.56035998689292 27.259697552605815 41.8577935013994 193.88692488741827 4.105777308267363 90.35485533021927 -121.27393058007596 -301.0494647553463
2226 66310.16190004349 5.237493413065214e7 -20.344552334900722 -36.766455790974675 -7.713359592325801 1.0249487576536183 129.20550131503845 -31.465110145141466 38.371781227688416 -148.0956517651399 -300.68166635289913
2227 66340.03655457497 6.125958930561263e7 -28.02908298224627 -90.41946821323708 115.07642144692441 93.14634828962062 201.9791857544496 14.872469116651018 121.23044558250297 -105.77341033633468 -220.24447280285392
2228 66370.00965094566 6.125958930561263e7 -28.029082639550996 -90.41946813054213 115.07642185991733 93.14634833515656 201.9791857112558 14.872469116651018 121.23044558250297 -105.77341033633468 -220.24447280285392
2229 66398.57393074036 5.260206784755129e7 -0.30621309035305444 -0.9478986422395073 -13.03914996550354 -0.21502684040270026 127.35912857617352 -11.12887554343257 30.377121494263974 -132.73528826552314 -300.5717584126196
2230 66426.78524279594 5.2579395955906175e7 -0.30620451441572527 -0.9478951918532665 -13.039152043880996 -0.21502746645710147 127.35912718795471 -11.295323962658244 30.03327789659079 -132.85561325648308 -300.6020611077506
2231 66456.02954316139 5.275616730387783e7 -24.92471820612713 -44.95348579200342 7.4049380560410825 35.21520274446668 134.63650133213355 -31.057367736209358 40.33671807270434 -147.2929877261111 -296.19621306771523
2232 66484.19816827774 5.257931349007887e7 -0.3062053820527275 -0.9478961763873643 -13.039151551673925 -0.21502726586554388 127.35912730171017 -11.296034537331082 30.031989951475452 -132.85603150819236 -300.60134916374454
2233 66512.18605279922 5.257931173747224e7 -0.30620913278946915 -0.9478970835530225 -13.039150715174316 -0.2150270377593273 127.35912791726815 -11.296055372185378 30.031989951475452 -132.85604213593933 -300.60134916374454
2234 66540.05563688278 5.257931349007887e7 -0.306205072275052 -0.9478960631051034 -13.039151594222588 -0.2150272744212316 127.35912728061773 -11.296034537331082 30.031989951475452 -132.85603150819236 -300.60134916374454
2235 66567.96511936188 5.257931349007887e7 -0.3062052111919904 -0.9478959964747302 -13.03915161786022 -0.21502729435212586 127.35912725820623 -11.296034537331082 30.031989951475452 -132.85603150819236 -300.60134916374454
2236 66596.31757330894 5.257931349007887e7 -0.30620566442814123 -0.9478961859015662 -13.039151529521064 -0.21502727175909797 127.35912730109436 -11.296034537331082 30.031989951475452 -132.85603150819236 -300.60134916374454
2237 66624.3222796917 5.2602067833533585e7 -0.30620419504849394 -0.9478954085459144 -13.039152154080966 -0.21502750801641923 127.35912691384918 -11.128910023573155 30.377121494263974 -132.73530414143318 -300.5717584126196
2238 66652.75127506256 5.850466312998446e7 -15.938080716372134 -68.8069860608107 74.77758274379218 51.07352812231659 135.4513723784824 -0.6433059700010517 60.75181262935712 -117.50966751061583 -220.1916831116867
2239 66681.21486401558 5.332816924082956e7 -16.412388915482754 -29.737700179859235 3.221012194297103 35.144228208794246 183.39038502479258 -18.523758952972003 54.70960278849941 -138.36925248028194 -301.02560542034587
2240 66710.70352005959 5.221377046709906e7 -11.18424768595714 -20.39239946328416 -21.06889390575354 -5.2434187693334735 128.2481843594441 -31.298622359218655 36.43831141758085 -147.8362892494942 -299.90047796905765
2241 66740.07775950432 5.523320304386854e7 -12.425960235263215 -22.611959031277397 25.77175824848478 41.70074310001294 193.62647112004723 3.2395180359807796 88.71408616923145 -121.94701889640851 -300.66303535352847
2242 66769.37260246277 5.5298516600629784e7 -12.397093389453083 -22.56035990073635 27.25969759515675 41.85779349125926 193.88692489232542 4.105777308267363 90.35485533021927 -121.27393058007607 -301.0494647553464
2243 66797.68961501122 5.257931428453628e7 -0.3062022192146827 -0.9478960362770019 -13.039151763426794 -0.21502723055424156 127.35912689111598 -11.296013557429546 30.031989951475452 -132.85601175579671 -300.60134916374454
2244 66825.80409049988 5.258313548089858e7 -0.3061939336071653 -0.94789625173674 -13.039152041382863 -0.2150269966458893 127.35912587851541 -11.244893793511494 30.1391518643228 -132.8296543073235 -300.6259936918102
2245 66857.03175830841 5.9107424752725355e7 -45.20309067892826 -81.20121122119606 97.44902093220904 153.3230587349303 321.61650496781874 11.618786821052424 175.17463909259527 -115.19855860459211 -295.95721823533034
2246 66888.45437312126 5.866795324278774e7 -40.62309663395397 -73.01424024695811 82.33078430154055 119.13282203707588 316.18553864592144 10.886414169157774 172.5788954056045 -116.18585265838283 -301.07297321464944
2247 66916.33362984657 5.260206784755129e7 -0.3062129643562983 -0.9478981372744011 -13.039149963474557 -0.2150268504570505 127.3591283830931 -11.128875543432514 30.377121494263974 -132.73528826552314 -300.5717584126196
2248 66944.82603383064 5.257931428453628e7 -0.3062025422065062 -0.9478961942664013 -13.03915163838775 -0.2150271838850557 127.35912698156878 -11.296013557429433 30.031989951475452 -132.85601175579671 -300.60134916374454
2249 66972.8555111885 5.257931428453628e7 -0.3062033615515958 -0.9478965126247028 -13.039151490827997 -0.21502714611072804 127.35912709698178 -11.296013557429546 30.031989951475452 -132.85601175579683 -300.60134916374454
2250 67000.88271427155 5.257931428453628e7 -0.3062015820338999 -0.9478958044311527 -13.039152034386824 -0.2150273279815167 127.3591268081411 -11.296013557429433 30.031989951475452 -132.85601175579683 -300.60134916374454
2251 67028.54317474365 5.257937071069994e7 -0.30619967049155505 -0.9478951088936594 -13.039152847266877 -0.21502762026298683 127.35912655921918 -11.296432773552453 30.032303145184073 -132.85603628468476 -300.60000220001166
2252 67056.74531078339 5.850463023765168e7 -15.938214193704876 -68.80703245934248 74.77763769243577 51.073542437820976 135.45139460882234 -0.6433196064192543 60.75144686365661 -117.50987096771092 -220.19175566813692
2253 67084.76331019402 5.260206784755129e7 -0.3062109934466868 -0.9478980954876599 -13.039150304974001 -0.21502692021795156 127.35912810113201 -11.128875543432514 30.377121494263974 -132.73528826552314 -300.5717584126196
2254 67113.616989851 5.237493456333396e7 -20.34455642805744 -36.76645598675325 -7.713358520987377 1.0249490919548947 129.20550259478142 -31.46506449978733 38.371781227688416 -148.09563097235605 -300.6816663528992
2255 67141.62292265892 5.257931428453628e7 -0.3062017084663502 -0.9478958853422483 -13.039151963212767 -0.21502729801046883 127.35912686742938 -11.296013557429546 30.031989951475452 -132.85601175579671 -300.60134916374454
2256 67169.53924202919 5.257931428453628e7 -0.30620194222682073 -0.9478961459334112 -13.039151906698955 -0.2150272743387518 127.35912689781912 -11.296013557429433 30.031989951475452 -132.85601175579671 -300.60134916374454
2257 67197.73756599426 5.257931428453628e7 -0.3062018868203751 -0.9478961251854505 -13.03915196391948 -0.2150273051921232 127.35912681384687 -11.296013557429433 30.031989951475452 -132.85601175579683 -300.60134916374454
2258 67225.82162332535 5.257931428453628e7 -0.3062018158909119 -0.9478956492784025 -13.039152092511003 -0.215027365965895 127.35912685972166 -11.296013557429433 30.031989951475452 -132.85601175579683 -300.6013491637445
2259 67253.87530040741 5.257937400748815e7 -0.30619333771874935 -0.9478936636758526 -13.039153950289595 -0.21502787118079425 127.35912547655468 -11.296363547919611 30.032303145184073 -132.85600401123884 -300.60000220001155
2260 67282.35973572731 5.257931428453628e7 -0.30620111211232626 -0.9478956551972688 -13.039152342947858 -0.21502744900644188 127.35912676124349 -11.296013557429546 30.031989951475452 -132.85601175579671 -300.60134916374454
2261 67310.6701657772 5.257934873571468e7 -0.3061997023473708 -0.9478952074954039 -13.039153268631345 -0.21502781208128852 127.3591266205483 -11.296465314767033 30.032303145184073 -132.85608337931365 -300.60025022724875
2262 67343.19392728806 6.444315993439591e7 -76.2932091119772 -176.69185910491825 175.47327322497628 171.66134467553283 326.1241396947084 1.3543890044022078 211.4762357536033 -115.9524703121985 -219.83103270335562
2263 67373.70662856102 6.182433579296859e7 -44.16397402800656 -119.26084050498916 129.8486465873246 128.34855013385499 257.749966842595 6.125342108668747 142.82470052310032 -112.49581745885087 -221.153543908311
2264 67401.8431251049 5.257928976248699e7 -0.3062085588312051 -0.9478979013917135 -13.039150668986657 -0.21502698134810316 127.35912779875 -11.296087913399958 30.031989951475452 -132.8560892305681 -300.6015971909816
2265 67431.69100284576 5.513391115735733e7 -32.43544294292815 -58.378920229241665 32.585491044916594 43.097769917390124 195.73330016502234 -15.988837941965926 98.83806044093751 -136.3502185731113 -300.7269681604855
2266 67459.67945480347 5.257931428453628e7 -0.3062006907728829 -0.9478952506020013 -13.039152946488201 -0.21502770865104992 127.3591267536685 -11.296013557429433 30.031989951475452 -132.85601175579683 -300.60134916374454
2267 67487.97963571548 5.257931428453628e7 -0.30619942675452805 -0.9478940368162538 -13.039154757109458 -0.21502848758453297 127.35912673094289 -11.296013557429546 30.031989951475452 -132.85601175579671 -300.60134916374454
2268 67516.37289047241 5.257934722480423e7 -0.3061956346983301 -0.9478903954584572 -13.039160188973163 -0.21503082438533738 127.35912666276826 -11.295685457028924 30.033207642897878 -132.8558719065801 -300.60180714802163
2269 67546.23819732666 6.164834015279786e7 -32.60913448450094 -98.60647733631377 130.19471666118017 127.33659997170375 207.41017112845154 15.444899346843044 123.49602867963392 -104.98753139336287 -215.7711840145463
2270 67575.92179203033 6.164834015279786e7 -32.60913134476293 -98.60647556973265 130.19471250542747 127.33659854852331 207.41017090787162 15.444899346843044 123.49602867963392 -104.98753139336287 -215.7711840145463
2271 67604.3725335598 5.257928976248699e7 -0.3062078869986671 -0.9478974317324012 -13.039151308757894 -0.21502724873450063 127.35912773801441 -11.296087913399958 30.031989951475452 -132.8560892305681 -300.6015971909816
2272 67632.82731246948 5.257929230955102e7 -0.3062004987759117 -0.9478960639236993 -13.039153701859405 -0.21502803161932604 127.35912680809824 -11.296046098644126 30.031989951475452 -132.85605885042548 -300.6015971909816
2273 67661.47628927231 5.332816924082956e7 -16.412387762673646 -29.737700791701855 3.2210124554995545 35.14422839341454 183.39038487903312 -18.523758952972003 54.70960278849941 -138.36925248028194 -301.02560542034587
2274 67689.36153507233 5.257931428453628e7 -0.3061995715612795 -0.9478941232751907 -13.039154640569826 -0.21502843998496246 127.35912674239869 -11.296013557429546 30.031989951475452 -132.85601175579671 -300.60134916374454
2275 67717.33435606956 5.257931428453628e7 -0.30619987270557303 -0.947894674368321 -13.03915476818419 -0.2150284858996656 127.35912691596874 -11.296013557429546 30.031989951475452 -132.85601175579683 -300.60134916374454
2276 67745.94593477249 5.257931428453628e7 -0.3062001353797541 -0.9478946665934407 -13.03915417563283 -0.21502823936380366 127.35912701681039 -11.296013557429433 30.031989951475452 -132.85601175579671 -300.6013491637445
2277 67773.8113296032 5.257931428453628e7 -0.3061994490421469 -0.9478942139219217 -13.039155372670074 -0.2150287647307465 127.35912670681813 -11.296013557429546 30.031989951475452 -132.85601175579671 -300.60134916374454
2278 67801.83797764778 5.257934801926164e7 -0.30619951590464467 -0.9478947452389175 -13.039157219352262 -0.21502959616981343 127.35912663444222 -11.295664477127218 30.033207642897878 -132.8558521541844 -300.60180714802163
2279 67833.20072960854 5.866786673266242e7 -40.62300428858816 -73.01421198424303 82.33075279417193 119.1328126791804 316.18552150874837 10.886458007441831 172.57874076197777 -116.18580350842069 -301.073690953977
2280 67864.6999399662 5.866786673266242e7 -40.62300389864106 -73.01421141359934 82.33075240341003 119.13281251174101 316.1855214880742 10.88645800744166 172.57874076197777 -116.18580350842069 -301.073690953977
2281 67893.2887878418 5.26020452117593e7 -0.30620692943084293 -0.9478969440746408 -13.039152523519292 -0.21502776285825576 127.35912768248332 -11.128906816365088 30.377121494263974 -132.73533488205243 -300.57200643985664
2282 67921.62607550621 5.257929230955102e7 -0.3062005253825255 -0.947896166880362 -13.03915445191393 -0.2150283692349575 127.35912681949382 -11.296046098644013 30.031989951475452 -132.85605885042548 -300.6015971909816
2283 67950.06040024757 5.257931428453628e7 -0.30620612745142495 -0.9478984774623438 -13.039149010419209 -0.21502612746681393 127.3591271095363 -11.296013557429433 30.031989951475452 -132.85601175579671 -300.60134916374454
2284 67978.04646372795 5.257931428453628e7 -0.3061996561711311 -0.9478942694561212 -13.039155318248689 -0.21502874708508557 127.3591267516474 -11.296013557429433 30.031989951475452 -132.85601175579683 -300.6013491637445
2285 68008.38743019104 5.350181367990843e7 -41.030898760752024 -73.74328923501099 23.665098118635747 70.57445703350776 190.66775916498025 -38.36668080503932 64.84266628465684 -152.89293280555512 -296.47633707631593
2286 68036.31261706352 5.257931629423927e7 -0.30619668573731573 -0.9478924877340393 -13.039155877894721 -0.21502890120531504 127.35912643331757 -11.29597131286124 30.032074690816444 -132.85597196230123 -300.60134916374454
2287 68064.31836342812 5.257931428453628e7 -0.30619964963664614 -0.9478944144897268 -13.03915521519231 -0.2150286952697087 127.35912681359872 -11.296013557429546 30.031989951475452 -132.85601175579671 -300.6013491637445
2288 68092.81270861626 5.2602067833533585e7 -0.30619905120563473 -0.9478937415356379 -13.039155751499479 -0.21502893208653973 127.35912645831026 -11.128910023573155 30.377121494263974 -132.73530414143318 -300.5717584126196
2289 68121.25172996521 5.257931244309834e7 -0.3062076725612535 -0.9478963044880908 -13.039153503991798 -0.21502824662229614 127.35912799718062 -11.296076324547073 30.031989951475452 -132.85604200791727 -300.6013491637445
2290 68149.87394165993 5.850466312998446e7 -15.938075133085679 -68.8069839645319 74.77757987438383 51.073526723275975 135.45137185124435 -0.6433059700010517 60.75181262935712 -117.50966751061583 -220.1916831116867
2291 68179.43112039566 5.523321046543447e7 -12.425954327758927 -22.611957131722036 25.77175445344499 41.70074160613544 193.62647049145548 3.239722008893466 88.71408616923145 -121.94692194704817 -300.66303535352847
2292 68209.07121133804 5.529851660062977e7 -12.397088128227605 -22.560358040647213 27.25969430342856 41.85779209053304 193.8869244608083 4.105777308267363 90.35485533021927 -121.27393058007596 -301.0494647553464
2293 68237.2231066227 5.257934801926164e7 -0.30619766948869653 -0.9478931127987495 -13.039156843534776 -0.21502937160747138 127.35912646359913 -11.295664477127218 30.033207642897878 -132.8558521541844 -300.60180714802163
2294 68269.13251495361 6.3992707809269376e7 -64.76724231542045 -156.08910184721256 174.33141985213314 170.49234584589692 275.5238891599366 8.891960867497346 188.52705780548933 -109.87914723130734 -216.04933441897833
2295 68301.03797316551 6.3992707809269376e7 -64.76724231539148 -156.08910184719852 174.33141985209517 170.49234584588442 275.5238891599364 8.891960867497403 188.52705780548933 -109.87914723130734 -216.04933441897833
2296 68328.97111678123 5.25792915150936e7 -0.30620346944640175 -0.947896573248098 -13.039151222216603 -0.2150270312765059 127.35912704256826 -11.296067078545661 30.031989951475452 -132.85607860282113 -300.6015971909816
2297 68357.7649166584 5.332816924082955e7 -16.412383569863458 -29.737698586415878 3.221008611531431 35.14422681752134 183.39038447132467 -18.523758952972003 54.70960278849941 -138.36925248028194 -301.02560542034587
2298 68386.23781561852 5.257934801926164e7 -0.3061989667418956 -0.9478934402535275 -13.039156025203617 -0.21502904557743818 127.35912682957128 -11.295664477127332 30.033207642897878 -132.8558521541844 -300.6018071480216
2299 68414.57478451729 5.257931428453628e7 -0.30619948287091603 -0.9478942172113118 -13.039155400003438 -0.21502877831129297 127.35912671687694 -11.296013557429546 30.031989951475452 -132.85601175579671 -300.60134916374454
2300 68443.02910089493 5.850466312998446e7 -15.938075308861652 -68.8069840275242 74.77757992832213 51.073526752479566 135.45137188568685 -0.6433059700010517 60.75181262935712 -117.50966751061583 -220.1916831116867
2301 68471.25937080383 5.257929230955102e7 -0.3061994793403606 -0.947894976214374 -13.039154759279107 -0.21502848115599704 127.35912663729538 -11.296046098644013 30.031989951475452 -132.85605885042548 -300.6015971909816
2302 68499.54116392136 5.257934873571468e7 -0.3061995702349094 -0.947897263091602 -13.039152919106101 -0.2150276304313934 127.35912642872724 -11.296465314766976 30.032303145184073 -132.85608337931365 -300.6002502272487
2303 68528.96298313141 5.869526199169019e7 -40.556603441660684 -112.81258271319358 95.22168273562926 86.50376053398614 142.7287487406272 -20.298735197696942 71.09501596857535 -131.98056162088506 -215.49586340508267
2304 68559.67730307579 6.141748055581015e7 -52.647468477173945 -134.42504137435466 135.52053178887405 128.57658124929236 209.25654258026074 -4.9565869418484 131.2416611073137 -120.40790153220775 -215.6706489362196
2305 68588.12650561333 5.257931349007887e7 -0.30620298966335113 -0.947896161721637 -13.039151902683535 -0.2150273235634188 127.3591270022507 -11.296034537331195 30.031989951475452 -132.85603150819236 -300.60134916374454
2306 68616.62285900116 5.30140545171186e7 -4.886356234074963 -9.134924390362224 2.079140684638894 33.9752251423898 132.7901246419583 -10.487036924989695 32.79475070471415 -131.87058212749434 -295.6896961088547
2307 68645.60723686218 5.332816924082956e7 -16.412384960112924 -29.7377001442975 3.221010041539884 35.14422742712827 183.39038453696853 -18.523758952972003 54.70960278849941 -138.36925248028194 -301.02560542034587
2308 68673.42998099327 5.257929230955102e7 -0.30619829427127954 -0.9478942367015977 -13.039155718020197 -0.21502887182703034 127.35912654108114 -11.296046098644013 30.031989951475452 -132.85605885042548 -300.60159719098164
2309 68701.51952123642 5.257932604427639e7 -0.3061947390641073 -0.947892018163115 -13.039158594243318 -0.2150300438405992 127.35912625243932 -11.295697018341798 30.033207642897878 -132.85589924881316 -300.60205517525867
2310 68732.58392047882 6.209590572137298e7 -68.78255295980958 -163.26645331919275 150.29276189635112 163.77878796136505 265.0273510545154 -13.525921319337272 153.3730107531337 -126.75011415807137 -215.22244030351368
2311 68764.46973538399 6.209590572137298e7 -68.78255297282573 -163.2664533236138 150.2927619699342 163.7787879836479 265.0273510470833 -13.525921319337272 153.3730107531337 -126.75011415807137 -215.22244030351368
2312 68792.93701791763 5.2579395955906175e7 -0.3062017043542582 -0.9478951548458614 -13.039152471417125 -0.21502752625848132 127.3591268588855 -11.295323962658188 30.03327789659079 -132.85561325648308 -300.6020611077506
2313 68821.69537734985 5.827597866588076e7 -35.976431075707815 -104.62554264232023 80.10337016902719 52.31350148692543 137.29774806356565 -20.907709072457635 68.79908977987361 -132.82533736313889 -220.59265238681138
2314 68849.76607728004 5.257936254166046e7 -0.3061807091846518 -0.947883083877878 -13.039171893305728 -0.21503555330386348 127.35912544214905 -11.296189448181451 30.0335208366065 -132.85602973480394 -300.60126624219924
2315 68878.6095764637 5.332816924082956e7 -16.412382508461874 -29.737698584873442 3.2210081950999836 35.14422667228581 183.3903843450629 -18.523758952972003 54.70960278849941 -138.36925248028194 -301.02560542034587
2316 68907.01412034035 5.257929230955102e7 -0.3061983414675957 -0.9478942557585972 -13.039155760117964 -0.2150288928158517 127.35912654972653 -11.296046098644126 30.031989951475452 -132.8560588504256 -300.60159719098164
2317 68935.24633002281 5.257932604427639e7 -0.3061993707327879 -0.9478952106091594 -13.039155565980181 -0.21502881988359945 127.35912679683423 -11.295697018341912 30.033207642897878 -132.85589924881316 -300.60205517525867
2318 68963.40904355049 5.257932805397937e7 -0.3061968243109554 -0.9478929461268226 -13.039156413780674 -0.21502914143346175 127.35912652342448 -11.295654773773549 30.03329238223887 -132.8558594553176 -300.60205517525867
2319 68991.84562969208 5.237493413065214e7 -20.34455330411028 -36.766454890474954 -7.713361047369922 1.0249480661887986 129.20550233684412 -31.465110145141466 38.371781227688416 -148.0956517651399 -300.68166635289913
2320 69019.708101511 5.257979144560197e7 -0.30619570920034533 -0.9478926897799402 -13.039154790809476 -0.21502837280114306 127.35912577558584 -11.295160093600316 30.035117386041065 -132.85489911179303 -300.5992276542536
2321 69048.22801446915 5.260204585854833e7 -0.3061975647470625 -0.947893636769674 -13.039155917534039 -0.2150289452979166 127.35912622562356 -11.128942564787621 30.377121494263974 -132.73535123606194 -300.57200643985664
2322 69077.91447114944 5.5298516600629784e7 -12.397087551667543 -22.56035827055678 27.259693675720385 41.857791835249714 193.8869244066187 4.105777308267363 90.35485533021927 -121.27393058007596 -301.0494647553464
2323 69107.6033270359 5.523320726849524e7 -12.42595417411566 -22.611957497147458 25.771753942567365 41.70074142536839 193.6264705062058 3.2396591014233422 88.71408616923145 -121.946951786233 -300.66303535352847
2324 69135.89628696442 5.2583167647306375e7 -0.3062011382501417 -0.9478960895150479 -13.039155597238185 -0.21502891835878302 127.35912702106462 -11.24445109514744 30.140369555745224 -132.82942797054284 -300.6264516760873
2325 69168.25375986099 6.421594862510829e7 -67.13295979502443 -160.3178258261959 162.1177749369733 165.39298617266468 325.16683065978805 1.208925639461654 208.92937585136974 -115.97234212018077 -219.50851285011765
2326 69201.10616874695 6.421594862510829e7 -67.13296013079301 -160.31782591144736 162.11777496398497 165.39298618450246 325.16683070431725 1.208925639461654 208.92937585136974 -115.97234212018077 -219.50851285011765
2327 69229.11047053337 5.257931349007887e7 -0.30620277241930083 -0.9478955625696637 -13.039152232348485 -0.215027469965122 127.35912699019265 -11.296034537331195 30.031989951475452 -132.85603150819236 -300.60134916374454
2328 69257.37033748627 5.257931428453628e7 -0.3061978436525514 -0.9478935235422385 -13.039156021598956 -0.2150289973151729 127.35912650113812 -11.296013557429546 30.031989951475452 -132.85601175579671 -300.60134916374454
2329 69286.24621653557 5.317391688804865e7 -7.252069281014812 -13.36364027450537 -10.134526835744921 28.875858969473597 182.4330655295647 -18.432366698577823 52.69935393878882 -138.21330335560555 -299.97289096065924
2330 69314.00647687912 5.257929230955102e7 -0.30619915708972556 -0.947894959293965 -13.039155560524442 -0.2150288279958943 127.35912658213445 -11.296046098644126 30.031989951475452 -132.8560588504256 -300.60159719098164
2331 69342.16182112694 5.257929230955102e7 -0.3061982929603069 -0.9478942375438741 -13.039155717406338 -0.21502887146941418 127.35912654088777 -11.296046098644013 30.031989951475452 -132.85605885042548 -300.6015971909816
2332 69370.15754461288 5.257929230955102e7 -0.30619828902699453 -0.9478942400705304 -13.039155715564917 -0.21502887039648044 127.35912654030807 -11.296046098644126 30.031989951475452 -132.8560588504256 -300.6015971909816
2333 69398.15604567528 5.257929230955102e7 -0.30619827722714277 -0.947894247650547 -13.039155710040838 -0.2150288671779066 127.35912653856819 -11.296046098644013 30.031989951475452 -132.85605885042548 -300.6015971909816
2334 69426.56898999214 5.257929230955102e7 -0.3061982418274489 -0.9478942703904583 -13.039155693468516 -0.21502885752195766 127.35912653334911 -11.296046098644013 30.031989951475452 -132.85605885042548 -300.6015971909816
2335 69455.18131780624 5.257929230955102e7 -0.306198135628609 -0.9478943386106575 -13.039155643751563 -0.21502882855385508 127.35912651769196 -11.296046098644126 30.031989951475452 -132.8560588504256 -300.60159719098164
2336 69483.74418497086 5.257934873571468e7 -0.30619781703196125 -0.9478945432707384 -13.039155494600308 -0.21502874164960417 127.35912647071972 -11.296465314766976 30.032303145184073 -132.85608337931353 -300.6002502272487
2337 69516.45747828484 6.481046233761017e7 -80.87343676486341 -184.8789142583573 190.5916101421907 205.8516086292076 331.555148900498 1.8562519781161768 213.54854743079795 -115.18053726587664 -215.54068828623684
2338 69549.27532696724 6.481046233761017e7 -80.87343676364654 -184.87891425753165 190.59161014131587 205.8516086289721 331.55514890025603 1.8562519781161768 213.54854743079795 -115.18053726587664 -215.54068828623684
2339 69577.77575302124 5.257931349007887e7 -0.3062016874534699 -0.9478951918376124 -13.03915318826715 -0.21502786373307003 127.3591268554009 -11.296034537331195 30.031989951475452 -132.85603150819236 -300.60134916374454
2340 69606.23865318298 5.257932604427639e7 -0.3061978680180353 -0.947893571485495 -13.039157079073185 -0.21502947290208851 127.3591266657924 -11.295697018341798 30.033207642897878 -132.85589924881316 -300.60205517525867
2341 69634.62975239754 5.257932604427639e7 -0.3061982775094343 -0.9478945261857454 -13.039156549394555 -0.21502923956164466 127.35912667943022 -11.295697018341798 30.033207642897878 -132.85589924881316 -300.60205517525867
2342 69662.96486616135 5.30140545171186e7 -4.886354297658077 -9.134923478200037 2.0791388786283704 33.97522453325203 132.79012446042296 -10.487036924989866 32.79475070471415 -131.87058212749434 -295.6896961088547
2343 69691.24435639381 5.2579382470440045e7 -0.3061892116811471 -0.9478894879628239 -13.03916246962445 -0.21503158789829513 127.35912574639995 -11.296116234464762 30.0335208366065 -132.85592377770126 -300.6007082115258
2344 69719.18634390831 5.257932604427639e7 -0.3061965334154131 -0.9478923389515543 -13.039157802235088 -0.21502975722155782 127.35912665646356 -11.295697018341912 30.033207642897878 -132.85589924881316 -300.6020551752587
2345 69747.9850730896 5.332817033791869e7 -16.41238221176187 -29.737698188170235 3.2210073105973294 35.14422628035233 183.39038442929285 -18.523716281826864 54.70960278849941 -138.36921218052146 -301.02560542034587
2346 69775.93902778625 5.257932604427639e7 -0.3061989547455255 -0.9478950850355146 -13.039155574546761 -0.21502880474770336 127.3591267619941 -11.295697018341798 30.033207642897878 -132.85589924881316 -300.60205517525867
2347 69804.41757416725 5.257929230955102e7 -0.30619833446324307 -0.9478945490346593 -13.03915546647282 -0.2150287500156054 127.35912662103759 -11.296046098644013 30.031989951475452 -132.85605885042548 -300.6015971909816
2348 69832.39188432693 5.257934827964533e7 -0.3061992336077104 -0.9478967780586549 -13.039151495144068 -0.21502697056119757 127.35912633380245 -11.29652821494767 30.032303145184073 -132.8561120456851 -300.6002502272487
2349 69862.23934864998 5.523321046543447e7 -12.425953786447955 -22.611957626215215 25.771754633733956 41.70074173523916 193.62647041517667 3.239722008893466 88.71408616923145 -121.94692194704817 -300.66303535352847
2350 69890.57731628418 5.850466251889445e7 -15.938074202968767 -68.80698451492071 74.77758212045813 51.073527396150794 135.45137157100376 -0.6434278876668031 60.75181262935712 -117.50972358567583 -220.1916831116867
2351 69919.95341849327 5.5298516600629784e7 -12.39708718998235 -22.56035869740507 27.259694915063122 41.857792428526565 193.8869242198999 4.105777308267363 90.35485533021927 -121.27393058007596 -301.0494647553464
2352 69948.95158982277 5.2374934934185065e7 -20.344553881973304 -36.766455217000725 -7.7133617481569985 1.0249477255343464 129.20550246752504 -31.465017914809835 38.371781227688416 -148.09560903707262 -300.6816663528992
2353 69978.57402205467 5.350181344457117e7 -41.03088100308128 -73.74328489961198 23.665088122041702 70.57445392730489 190.66775714062783 -38.36674094223224 64.84266628465684 -152.89296260619744 -296.47633707631593
2354 70008.55708384514 5.350181344457117e7 -41.03088100466651 -73.74328490073691 23.66508812398613 70.57445392798638 190.6677571408305 -38.36674094223224 64.84266628465684 -152.89296260619744 -296.47633707631593
2355 70036.73014307022 5.257931428453628e7 -0.3061994939696753 -0.9478944044008104 -13.039154080093297 -0.21502817942011632 127.35912660632475 -11.296013557429546 30.031989951475452 -132.85601175579683 -300.60134916374454
2356 70064.91973924637 5.30140545171186e7 -4.8863524953420985 -9.134922757681366 2.0791379997145896 33.975224256670586 132.79012426037445 -10.487036924989809 32.79475070471415 -131.87058212749434 -295.6896961088547
2357 70093.81003570557 5.237493493418506e7 -20.34455394392755 -36.76645528183668 -7.713361637246962 1.0249477738641986 129.20550246345564 -31.46501791480995 38.371781227688416 -148.09560903707262 -300.6816663528992
2358 70121.97389626503 5.257929230955102e7 -0.3061976030251543 -0.9478938437117472 -13.03915600014517 -0.21502897281280298 127.35912645898108 -11.296046098644126 30.031989951475452 -132.85605885042548 -300.6015971909816
2359 70150.02690172195 5.25794044454253e7 -0.3061960052150532 -0.9478923590153494 -13.039157069326336 -0.21502940558991668 127.35912628284837 -11.296083693250296 30.0335208366065 -132.85587668307244 -300.60046018428875
2360 70180.6577937603 5.560580176004828e7 -39.410181178169154 -70.84626974291076 34.00218080939822 72.03160811478072 250.54678461318375 -24.51623446376192 118.7808803238994 -142.74845409190146 -299.69879932711535
2361 70211.57969427109 5.560580176004827e7 -39.41018103258625 -70.8462697776079 34.002180844421694 72.03160813328594 250.5467845875768 -24.51623446376186 118.7808803238994 -142.74845409190146 -299.69879932711524
2362 70239.60137701035 5.257931428453628e7 -0.30620173215036317 -0.9478950063435239 -13.039153452110952 -0.21502798313279925 127.35912699757897 -11.296013557429546 30.031989951475452 -132.85601175579671 -300.6013491637445
2363 70267.79483032227 5.257934873571468e7 -0.3062006860281663 -0.9478958609302763 -13.039152895935366 -0.21502767981874626 127.35912661414974 -11.296465314766976 30.032303145184073 -132.85608337931353 -300.6002502272487
2364 70295.60124349594 5.257931428453628e7 -0.3061974330755497 -0.9478931783232376 -13.039156241121702 -0.21502908251154906 127.3591264548995 -11.296013557429546 30.031989951475452 -132.85601175579671 -300.60134916374454
2365 70325.72493553162 5.5064328086155124e7 -3.2656392534443732 -6.237897667696378 12.41621832647597 35.432373428205 192.66915162337642 3.222891081398359 86.48722704838417 -121.8331394620119 -299.55508395943616
2366 70354.44421648979 5.2374934563333966e7 -20.344552648848953 -36.76645438221436 -7.713362469164444 1.0249474419764368 129.2055023134723 -31.46506449978733 38.371781227688416 -148.09563097235605 -300.68166635289913
2367 70382.61675548553 5.2579382470440045e7 -0.3061982931952194 -0.9478944217669252 -13.039156002791167 -0.2150289963075238 127.35912648026316 -11.296116234464876 30.0335208366065 -132.85592377770126 -300.6007082115258
2368 70410.87813210487 5.258313391258101e7 -0.30619719286858427 -0.9478934560535404 -13.039156173190612 -0.2150290454028294 127.35912636492282 -11.24480017544954 30.1391518643228 -132.82958757215516 -300.6259936918102
2369 70439.3384141922 5.257934827964533e7 -0.30619367628726124 -0.9478929267116767 -13.039156784689482 -0.21502917243451236 127.35912581106363 -11.29652821494767 30.032303145184073 -132.856112045685 -300.60025022724875
2370 70467.89245009422 5.2579382470440045e7 -0.30619750594168593 -0.9478938379037034 -13.039156044877195 -0.21502898682463467 127.35912648903616 -11.296116234464762 30.0335208366065 -132.85592377770126 -300.6007082115258
2371 70496.03324890137 5.30140545171186e7 -4.886355233421099 -9.134923734184078 2.079139653468367 33.97522478449713 132.7901245849247 -10.487036924989809 32.79475070471415 -131.87058212749434 -295.6896961088547
2372 70524.97819542885 5.332816924082955e7 -16.412381979989945 -29.737698250742568 3.2210079713376487 35.14422658683243 183.3903842925789 -18.523758952972003 54.70960278849941 -138.36925248028194 -301.02560542034587
2373 70553.35599803925 5.30140545171186e7 -4.886351451120362 -9.134921829710613 2.0791366162739635 33.97522374862389 132.7901241080313 -10.487036924989866 32.79475070471415 -131.87058212749434 -295.6896961088547
2374 70583.63946676254 5.5298516600629784e7 -12.397086851161657 -22.560357913231694 27.25969400193076 41.857791997101614 193.88692430889645 4.105777308267363 90.35485533021927 -121.2739305800759 -301.0494647553464
2375 70611.83425307274 5.850466275449805e7 -15.938072669855067 -68.80698308378267 74.77757914727101 51.07352635977172 135.45137155769214 -0.6433591382061081 60.75181262935712 -117.50969140455646 -220.1916831116867
2376 70644.27329230309 6.498416517787369e7 -60.83506936413553 -149.0603468260394 185.26579917450545 204.6116261680138 329.7087719772417 21.986700239410766 205.2096280561277 -100.03849647260648 -215.82974067901654
2377 70676.23707222939 6.498416517787369e7 -60.83506936340482 -149.0603468254796 185.26579917264618 204.61162616753734 329.70877197649844 21.986700239410766 205.2096280561277 -100.03849647260648 -215.82974067901654
2378 70704.61882519722 5.257929230955102e7 -0.3061981516793608 -0.9478938863171402 -13.039155667016416 -0.2150288479929543 127.35912649568354 -11.296046098644013 30.031989951475452 -132.85605885042548 -300.6015971909816
2379 70733.08545732498 5.257929230955102e7 -0.3061976313878709 -0.9478938623468034 -13.039155962325928 -0.21502895680256984 127.35912645856128 -11.296046098644013 30.031989951475452 -132.85605885042548 -300.6015971909816
2380 70761.39416742325 5.257934873571468e7 -0.3061977164761629 -0.9478939182517472 -13.039155848867964 -0.21502890877161462 127.35912645730211 -11.296465314766976 30.032303145184073 -132.85608337931353 -300.6002502272487
2381 70792.3983066082 5.577370685933272e7 -48.570501857119154 -87.22031983881242 47.35770731171076 78.29997118714721 251.50410573015324 -24.56127465971082 120.88559151849097 -142.88853928718686 -300.66890329431743
2382 70823.51761770248 5.6115096812823325e7 -53.15066122248022 -95.40735546768722 62.4760026748839 112.49022552882359 256.93510395882225 -24.181819013595884 122.68752180930744 -142.18953018798112 -296.5990570014468
2383 70851.74351167679 5.257931428453628e7 -0.30619802876944036 -0.9478937741714182 -13.039155697227251 -0.21502885767442592 127.35912647615234 -11.296013557429433 30.031989951475452 -132.85601175579671 -300.6013491637445
2384 70879.84345269203 5.257931428453628e7 -0.30619795275996964 -0.9478939814737313 -13.039155934085969 -0.21502895662131039 127.3591264695765 -11.296013557429433 30.031989951475452 -132.85601175579671 -300.60134916374454
2385 70908.10077619553 5.257931428453628e7 -0.30619757459284713 -0.9478937586742662 -13.039155980538489 -0.21502896407018568 127.35912645282758 -11.296013557429546 30.031989951475452 -132.85601175579671 -300.60134916374454
2386 70936.47746515274 5.257934873571468e7 -0.3061975517973963 -0.9478938403464188 -13.039155800075328 -0.21502888152680555 127.35912644238161 -11.296465314767033 30.032303145184073 -132.85608337931365 -300.6002502272487
2387 70965.12045383453 5.850466275449806e7 -15.938073577335444 -68.80698358276449 74.77757945571906 51.073526493847595 135.4513716672961 -0.6433591382061081 60.75181262935712 -117.50969140455646 -220.1916831116867
2388 70993.68187212944 5.30140545171186e7 -4.886353745256727 -9.134922913907582 2.0791385248147876 33.975224396444005 132.79012439564164 -10.487036924989695 32.79475070471415 -131.87058212749434 -295.6896961088547
2389 71021.76862335205 5.257932604427639e7 -0.3061959331989961 -0.947892756818459 -13.03915756867653 -0.21502962257183356 127.35912635541432 -11.295697018341798 30.033207642897878 -132.85589924881316 -300.60205517525867
2390 71050.39274597168 5.257931428453628e7 -0.3061977792821935 -0.9478939921281029 -13.039155904218312 -0.21502893175194515 127.35912649952665 -11.296013557429433 30.031989951475452 -132.85601175579671 -300.60134916374454
2391 71080.51450800896 5.257929230955102e7 -0.3061977095571713 -0.9478940559011564 -13.039155967616622 -0.21502896110010283 127.3591264385712 -11.296046098644013 30.031989951475452 -132.85605885042548 -300.60159719098164
2392 71108.94331717491 5.257932604427639e7 -0.30619794406459633 -0.9478946365643717 -13.039155983488442 -0.21502897399300025 127.35912637860109 -11.295697018341798 30.033207642897878 -132.85589924881316 -300.6020551752587
2393 71137.94673347473 5.301405373545586e7 -4.886341547102997 -9.13491823383999 2.0791295831503334 33.97522150882078 132.79012336592817 -10.486998436143892 32.79483544405525 -131.87054588854448 -295.6896961088547
2394 71167.06484937668 5.301405373545586e7 -4.88634175744269 -9.134918280664738 2.079129626272561 33.97522151944976 132.79012339457284 -10.486998436143892 32.79483544405525 -131.87054588854448 -295.6896961088547
2395 71195.35988855362 5.257931428453628e7 -0.30619783913017784 -0.9478936495606565 -13.03915577578234 -0.21502888673562381 127.3591264371341 -11.296013557429433 30.031989951475452 -132.85601175579671 -300.60134916374454
2396 71223.74759840965 5.257937071069994e7 -0.30619771035314614 -0.9478931927731429 -13.039155809762327 -0.21502890220592974 127.35912639052995 -11.296432773552453 30.032303145184073 -132.85603628468488 -300.60000220001166
2397 71252.00715565681 5.2579382470440045e7 -0.30619568877587255 -0.9478930091587756 -13.039157425234563 -0.21502954616588 127.35912618988245 -11.296116234464876 30.0335208366065 -132.85592377770126 -300.60070821152584
2398 71280.13766717911 5.257931428453628e7 -0.3061978428143384 -0.9478936554504402 -13.03915577034563 -0.21502888436459955 127.35912643678891 -11.296013557429433 30.031989951475452 -132.85601175579671 -300.60134916374454
2399 71308.13268089294 5.257931428453628e7 -0.3061978538663013 -0.9478936731196317 -13.039155754035534 -0.2150288772518678 127.35912643575138 -11.296013557429546 30.031989951475452 -132.85601175579671 -300.60134916374454
2400 71336.37842321396 5.257931428453628e7 -0.30619788702239603 -0.9478937261272913 -13.039155705105244 -0.21502885591334575 127.3591264326392 -11.296013557429546 30.031989951475452 -132.85601175579671 -300.60134916374454
2401 71364.84691476822 5.257931428453628e7 -0.30619798649019714 -0.9478938851502869 -13.039155558314505 -0.215028791897808 127.35912642330398 -11.296013557429546 30.031989951475452 -132.85601175579671 -300.60134916374454
2402 71393.40054416656 5.257937071069994e7 -0.3061982848942115 -0.9478943622191185 -13.039155117941917 -0.21502859985109524 127.35912639529667 -11.296432773552567 30.032303145184073 -132.85603628468476 -300.60000220001166
2403 71426.03784132004 6.444306562398116e7 -76.29325090822769 -176.69187153836168 175.47329278843753 171.66134804409216 326.1241464957888 1.3543506465888413 211.47600518887896 -115.95280007983229 -219.83234005603913
2404 71458.54061579704 6.44430643084821e7 -76.29325098317695 -176.69187161252356 175.47329317695534 171.6613481098376 326.1241466450332 1.3542907275882499 211.47600518887896 -115.95282889567943 -219.83234005603913
2405 71486.66203165054 5.257931349007887e7 -0.3061978455451815 -0.9478935328503857 -13.039155668518347 -0.2150288412370287 127.35912640738961 -11.296034537331082 30.031989951475452 -132.85603150819247 -300.60134916374454
2406 71515.02217459679 5.257931349007887e7 -0.30619742270987516 -0.9478924759506571 -13.039155999129996 -0.21502898925476188 127.35912635964884 -11.296034537331195 30.031989951475452 -132.85603150819236 -300.60134916374454
2407 71542.69042444229 5.26021502993609e7 -0.3061961542038709 -0.947889305251465 -13.039156990965004 -0.2150294333080751 127.35912621642441 -11.128199448900205 30.37840943937931 -132.73488588972378 -300.5724703566257
2408 71572.38123893738 6.1511877587840796e7 -32.63796447388793 -98.65806643625699 128.70676484272968 127.17954616625494 207.14971067989163 14.238438396902893 121.13517326982708 -105.90343717085875 -215.82445260562469
2409 71602.09062123299 6.1511877587840796e7 -32.63796446027881 -98.65806642932364 128.70676483029044 127.17954616189829 207.14971067765876 14.238438396902893 121.13517326982708 -105.90343717085875 -215.82445260562474
2410 71630.33229660988 5.2579369916242525e7 -0.3061978249473647 -0.9478935846378871 -13.039155136567658 -0.2150286046194907 127.35912623357139 -11.29645375345416 30.032303145184073 -132.85605603708052 -300.60000220001166
2411 71658.32531142235 5.2579395955906175e7 -0.3061955615290195 -0.9478885590921236 -13.039157697950394 -0.21502972540623944 127.35912620822657 -11.295323962658188 30.03327789659079 -132.85561325648308 -300.6020611077506
2412 71687.42424535751 5.869517806510774e7 -40.556585129154996 -112.81257287177846 95.22166878233871 86.50375670421802 142.72874535035297 -20.29845600784381 71.09477986333275 -131.98046396237044 -215.4971886052137
2413 71715.53099036217 5.257931349007887e7 -0.30619731452057763 -0.9478919478597527 -13.03915644150036 -0.21502919625545758 127.35912627405102 -11.296034537331082 30.031989951475452 -132.85603150819247 -300.60134916374454
2414 71744.16533017159 5.2583555103552386e7 -0.3061969899527206 -0.9478903635874207 -13.039157768611396 -0.21502981725728887 127.35912601725845 -11.243464595316652 30.14196610517979 -132.8284217328919 -300.6252191460522
2415 71776.44483304024 6.399271441904446e7 -64.76723148601958 -156.08910244712976 174.33143917456448 170.49235050872426 275.52388764805534 8.892035853969503 188.52705780548933 -109.87908658524555 -216.04933441897833
2416 71808.50852894783 6.399271118171609e7 -64.76723130309229 -156.08910135689854 174.33143590873635 170.492349334116 275.52388800221746 8.891984418862137 188.52705780548933 -109.87913812078244 -216.04933441897833
2417 71836.41483545303 5.260220672552457e7 -0.30619728658037815 -0.9478925865332801 -13.039155093667553 -0.21502856478782917 127.35912614456069 -11.128618665023168 30.378722633088046 -132.73491041861195 -300.5711233928928
2418 71864.65513944626 5.2579395955906175e7 -0.3061940857279808 -0.9478845022550777 -13.039159795711733 -0.21503066486513944 127.35912605446583 -11.295323962658188 30.03327789659079 -132.85561325648308 -300.6020611077506
2419 71893.49436831474 5.317391625677873e7 -7.252068417312483 -13.363637826475234 -10.134528910739775 28.875858001909094 182.43306500183232 -18.432426639974096 52.699358629911444 -138.2133309743287 -299.97289096065924
2420 71922.23771309853 5.2374934934185065e7 -20.344553163270334 -36.76645297765016 -7.713362416192091 1.0249474190658532 129.20550222644897 -31.46501791480995 38.371781227688416 -148.09560903707256 -300.6816663528992
2421 71950.5796918869 5.25831387267247e7 -0.3061876677902333 -0.9478846315712381 -13.039158189413762 -0.2150296695537861 127.35912567795842 -11.244698980684461 30.139236603663903 -132.82949224881327 -300.6259936918102
2422 71978.47396016121 5.257937321303073e7 -0.30618908376178666 -0.9478898634108663 -13.039158193450326 -0.2150296633280675 127.35912497762689 -11.29638452782126 30.032303145184073 -132.85602376363448 -300.6000022000116
2423 72006.17527723312 5.257931349007887e7 -0.3061975184922865 -0.9478920323235958 -13.039156128705798 -0.21502905888883106 127.35912637287673 -11.296034537331082 30.031989951475452 -132.85603150819236 -300.60134916374454
2424 72034.24222326279 5.257965221522293e7 -0.30619703223643313 -0.9478915167692481 -13.039156495141007 -0.2150292210777991 127.35912610773244 -11.295409531871144 30.033516247217108 -132.85528392063839 -300.59986267398034
2425 72062.5656735897 5.258313340338606e7 -0.30619572567391273 -0.9478901406199158 -13.039156698788545 -0.2150293004718975 127.35912594752318 -11.244846042987717 30.1391518643228 -132.82960953921315 -300.6259936918102
2426 72090.63914608955 5.850466312998446e7 -15.938073133213983 -68.80698224035781 74.77757706978551 51.07352606460799 135.45137134700312 -0.6433059700010517 60.75181262935712 -117.50966751061594 -220.1916831116867
2427 72119.80183696747 5.523320726849524e7 -12.425953113184029 -22.611955217153287 25.771753579229923 41.70074131405737 193.62647024189232 3.2396591014232285 88.71408616923145 -121.94695178623306 -300.66303535352847
2428 72149.16509509087 5.5298516600629784e7 -12.397086342380053 -22.560355951610784 27.259693227218264 41.85779171762128 193.88692407965655 4.105777308267193 90.35485533021927 -121.27393058007596 -301.0494647553464
2429 72179.07507872581 6.1109829081874095e7 -18.868658989602245 -74.04538749457468 101.72089453721708 86.87798077145489 201.0218533204784 15.035726309595475 119.37069063880904 -105.62238661095239 -219.03771658662697
2430 72209.17977714539 6.110986535058203e7 -18.8686605482497 -74.04539052790248 101.72090662512426 86.87798275976182 201.0218534372334 15.035805344609116 119.37069063880904 -105.62227222909269 -219.03711418636686
2431 72237.20403647423 5.257934794125726e7 -0.3061983236553445 -0.9478948309597586 -13.039154775824095 -0.2150284415286734 127.35912635138891 -11.296486294668739 30.032303145184073 -132.85610313170918 -300.60025022724875
2432 72265.49524259567 5.850466312998446e7 -15.938073395055728 -68.80698252989926 74.77757770630059 51.07352624948027 135.45137141533553 -0.6433059700010517 60.75181262935712 -117.50966751061583 -220.1916831116867
2433 72293.33636116982 5.25792915150936e7 -0.3061989362661244 -0.9478954831721866 -13.039154722930355 -0.21502844402375842 127.35912645025044 -11.296067078545775 30.031989951475452 -132.85607860282113 -300.6015971909816
2434 72321.47086954117 5.2579395955906175e7 -0.306197931668585 -0.9478921383814498 -13.039155844095283 -0.21502894996402233 127.35912634213555 -11.295323962658244 30.03327789659079 -132.85561325648308 -300.6020611077506
2435 72349.30990028381 5.258321637840832e7 -0.30619626410350165 -0.9478905304383023 -13.039156895896681 -0.21502939161838697 127.35912609451707 -11.24408960077659 30.14043980943825 -132.82916932044589 -300.62670563581634
2436 72377.21591377258 5.257939796560917e7 -0.3061965124940116 -0.9478889237281853 -13.039157088364597 -0.21502948097140973 127.35912660678488 -11.295281718089882 30.033362635931894 -132.85557346298765 -300.6020611077506
2437 72405.36788010597 5.257945192600049e7 -0.30619248146520306 -0.9478901114824794 -13.039157652557826 -0.2150295592573741 127.35912559089553 -11.29580607896196 30.033591090299524 -132.85566645174265 -300.60071414401773
2438 72433.32009410858 5.30140545171186e7 -4.886353362475603 -9.134920706907447 2.0791381238087254 33.97522414598218 132.79012425591412 -10.487036924989695 32.79475070471415 -131.87058212749434 -295.6896961088547
2439 72462.65668296814 5.332816924082956e7 -16.412381737564772 -29.737696818064972 3.221007471232312 35.14422635654816 183.39038402754994 -18.523758952972003 54.70960278849941 -138.36925248028194 -301.02560542034587
2440 72490.43557882309 5.257973468105024e7 -0.3061970510454195 -0.947891501356529 -13.039156652790247 -0.2150292895833985 127.35912619306175 -11.294698957198193 30.034804192332444 -132.85486566892905 -300.60057461798647
2441 72519.47009325027 5.2374934563333966e7 -20.344553327162867 -36.76645400623066 -7.7133621444376885 1.0249475286761225 129.2055020822174 -31.46506449978733 38.371781227688416 -148.09563097235605 -300.6816663528992
2442 72547.40327501297 5.2602067833533585e7 -0.3061968279319558 -0.9478914459831165 -13.039156844236409 -0.21502937146745182 127.35912600767229 -11.128910023573155 30.377121494263974 -132.73530414143318 -300.5717584126196
2443 72576.9912469387 5.523320726849524e7 -12.425952942709518 -22.611955104233246 25.77175329900369 41.700741197917026 193.62647016569417 3.2396591014232285 88.71408616923145 -121.946951786233 -300.66303535352847
2444 72605.81751465797 5.221369382737092e7 -11.18424178170223 -20.39239839792556 -21.0688963418333 -5.2434198598403725 128.248183320047 -31.298634210857358 36.43847878658778 -147.83646746822137 -299.9013886426324
2445 72637.4369776249 6.498427619511395e7 -60.83504841066476 -149.0603400123481 185.26579729138103 204.61162662737547 329.7087670955242 21.986827011559853 205.20852599265618 -100.03828088673856 -215.82727191570615
2446 72669.26003313065 6.498427619511395e7 -60.8350484935826 -149.06034016898818 185.26579778304 204.6116267063267 329.70876708345077 21.986827011559967 205.20852599265618 -100.03828088673856 -215.82727191570615
2447 72697.48114037514 5.257934873571468e7 -0.30619773322539956 -0.9478946878875663 -13.03915570392818 -0.21502883995225375 127.35912629274547 -11.296465314767033 30.032303145184073 -132.85608337931353 -300.60025022724875
2448 72725.71704554558 5.850466312998446e7 -15.938073290524361 -68.80698226353543 74.77757755390545 51.07352623477887 135.45137145906887 -0.6433059700010517 60.75181262935712 -117.50966751061583 -220.1916831116867
2449 72753.7182033062 5.25792915150936e7 -0.3061981900415205 -0.9478938955343432 -13.039155609827858 -0.2150288349384084 127.35912632166978 -11.296067078545661 30.031989951475452 -132.85607860282113 -300.6015971909816
2450 72781.62715125084 5.258321838811131e7 -0.3061947370888234 -0.947889916043958 -13.039157049741995 -0.21502939056263415 127.35912608257787 -11.244047356208398 30.14052454877924 -132.82912952695034 -300.62670563581634
2451 72809.77229857445 5.2579369916242525e7 -0.3061951282290707 -0.9478913851432766 -13.039156887796167 -0.21502931131389857 127.3591259382393 -11.29645375345416 30.032303145184073 -132.8560560370804 -300.6000022000116
2452 72838.05550050735 5.257931349007887e7 -0.30619727111444206 -0.9478919314899841 -13.03915638365536 -0.21502916726753085 127.35912628839223 -11.296034537331082 30.031989951475452 -132.85603150819236 -300.60134916374454
2453 72866.55552768707 5.257931349007887e7 -0.30619691403338223 -0.94789170378347 -13.039156721624146 -0.21502930725014835 127.3591262672334 -11.296034537331195 30.031989951475452 -132.85603150819247 -300.60134916374454
2454 72894.79180216789 5.257934722480423e7 -0.30619571257138034 -0.9478909715542603 -13.03915756199563 -0.2150296402342633 127.35912624678122 -11.295685457028924 30.033207642897878 -132.8558719065801 -300.60180714802163
2455 72924.98122286797 6.0825227771358505e7 -38.906996982235576 -109.86394328788114 107.04667440700905 88.11795343803165 202.868225993504 -5.614316842477308 126.67587668348062 -121.18872599781088 -219.58279704156405
2456 72955.55234646797 6.0825227771358505e7 -38.90699725724278 -109.86394320195684 107.04667437572587 88.11795340713417 202.86822614210305 -5.614316842477308 126.67587668348062 -121.18872599781088 -219.58279704156405
2457 72983.90210556984 5.257934794125726e7 -0.3061981377294174 -0.9478942888221669 -13.039155004381186 -0.21502854797890336 127.35912628556002 -11.296486294668796 30.032303145184073 -132.85610313170918 -300.6002502272487
2458 73012.40008068085 5.2579395955906175e7 -0.30619686726282325 -0.9478903455462921 -13.039157450304756 -0.21502965088943427 127.35912623526714 -11.295323962658244 30.03327789659079 -132.85561325648308 -300.6020611077506
2459 73040.51684308052 5.257931349007887e7 -0.30619689796889205 -0.9478915959456575 -13.03915620328457 -0.21502907436089913 127.35912628469106 -11.296034537331082 30.031989951475452 -132.85603150819236 -300.60134916374454
2460 73068.30464816093 5.257931349007887e7 -0.3061973312833288 -0.947892026654392 -13.039156633124819 -0.21502928100461816 127.35912628172791 -11.296034537331195 30.031989951475452 -132.85603150819236 -300.60134916374454
2461 73096.40597701073 5.257931349007887e7 -0.3061971834946249 -0.9478919364985092 -13.039156606962806 -0.21502926185002025 127.35912632613999 -11.296034537331195 30.031989951475452 -132.85603150819236 -300.60134916374454
2462 73124.7330069542 5.2579395955906175e7 -0.30619677294086145 -0.9478918335606004 -13.039156587661324 -0.2150292194392307 127.35912647031581 -11.295323962658188 30.03327789659079 -132.85561325648308 -300.6020611077506
2463 73152.82152080536 5.2579369916242525e7 -0.3061955150911082 -0.9478917573894989 -13.039157057885618 -0.21502939945531807 127.35912594021516 -11.296453753454216 30.032303145184073 -132.8560560370804 -300.60000220001166
2464 73180.80530452728 5.30140545171186e7 -4.886353227001614 -9.13492095429419 2.079137861051258 33.97522406730383 132.79012421590616 -10.487036924989809 32.79475070471415 -131.87058212749434 -295.6896961088547
2465 73209.92499542236 5.850466312998446e7 -15.938072823383258 -68.8069819527194 74.77757720788344 51.0735260938024 135.45137143697156 -0.6433059700010517 60.75181262935712 -117.50966751061583 -220.1916831116867
2466 73239.64143037796 5.332816924082956e7 -16.412383547582472 -29.73769786836562 3.2210076923600823 35.14422637351777 183.39038417365038 -18.523758952972003 54.70960278849941 -138.36925248028194 -301.02560542034587
2467 73269.04743337631 5.523320726849524e7 -12.425952140802213 -22.61195459459612 25.771752936849282 41.7007410652199 193.62647013724825 3.2396591014233422 88.71408616923145 -121.94695178623306 -300.66303535352847
2468 73298.52546477318 5.5298516600629784e7 -12.397087315740826 -22.56035685764253 27.2596928622866 41.85779160299866 193.8869240300138 4.105777308267363 90.35485533021927 -121.27393058007596 -301.0494647553463
2469 73327.40448951721 5.22136948552509e7 -11.184238379200622 -20.392392967313448 -21.068898570657815 -5.2434207905915 128.24818344235257 -31.2984790255731 36.43847878658778 -147.83639462293723 -299.90138864263247
2470 73358.60021781921 6.166216779686347e7 -64.20236262128176 -155.07940811810604 135.1744416205515 129.58852764130853 259.59634907058995 -14.168517949272427 150.94993966465074 -127.72205653475726 -220.24728458127908
2471 73388.60667610168 5.900175789578198e7 -52.08260768633521 -133.4153452041957 96.36353231697116 87.67275735307854 193.32900523042733 -28.418900563537704 92.88909197530006 -138.53208504767076 -221.04322656424233
2472 73416.7255821228 5.258313391258101e7 -0.3061963271526835 -0.9478927328274471 -13.03915612558437 -0.2150290015644174 127.35912618368035 -11.24480017544954 30.1391518643228 -132.82958757215516 -300.6259936918102
2473 73445.31694793701 5.2579395955906175e7 -0.3061965147282315 -0.947890914295697 -13.03915708800102 -0.21502946586041105 127.35912623106222 -11.295323962658244 30.03327789659079 -132.85561325648308 -300.6020611077506
2474 73473.45648956299 5.257931349007887e7 -0.30619692247288555 -0.9478916120128424 -13.03915681192774 -0.21502935154180136 127.35912619409729 -11.296034537331195 30.031989951475452 -132.85603150819236 -300.60134916374454
2475 73501.6928896904 5.2602067833533585e7 -0.30619694779163353 -0.9478913367009403 -13.039157082838756 -0.21502948441705882 127.35912597468518 -11.128910023573155 30.377121494263974 -132.73530414143318 -300.5717584126196
2476 73530.3798315525 5.237493552117377e7 -20.344560043563526 -36.76645764929057 -7.713359655868544 1.0249484390333805 129.205503030598 -31.46502922687 38.371781227688416 -148.0956134799386 -300.68166635289913
2477 73560.19418334961 5.827597866588076e7 -35.976435054103135 -104.6255472152028 80.10337788317645 52.31350418755953 137.2977480776098 -20.907709072457635 68.79908977987361 -132.82533736313889 -220.59265238681138
2478 73588.20138502121 5.258313391258101e7 -0.3061962501931781 -0.947892599914061 -13.039156250630157 -0.21502905730088173 127.35912615821108 -11.24480017544954 30.1391518643228 -132.82958757215516 -300.6259936918102
2479 73616.34917879105 5.257934722480423e7 -0.3061966670690808 -0.9478912862314042 -13.03915711641374 -0.2150294820183234 127.35912620811607 -11.295685457028924 30.033207642897878 -132.8558719065801 -300.60180714802163
2480 73645.89648723602 5.237493493418506e7 -20.34455284779091 -36.76645259244374 -7.713362834802112 1.024947240713189 129.20550215606613 -31.46501791480995 38.371781227688416 -148.09560903707256 -300.68166635289913
2481 73674.13348078728 5.260215402923242e7 -0.3061938707817333 -0.9478901706281349 -13.039157315263687 -0.21502946664696765 127.35912587888681 -11.129255239356382 30.377434687972595 -132.73522157479397 -300.56984742261824
2482 73702.87667822838 5.257931349007887e7 -0.3061976920294036 -0.9478921509242744 -13.039156287153517 -0.21502914086752867 127.35912636259224 -11.296034537331195 30.031989951475452 -132.85603150819236 -300.60134916374454
2483 73731.1674220562 5.257939796560917e7 -0.3061974587585077 -0.9478909455754208 -13.039156680301076 -0.21502932340017367 127.35912640882711 -11.295281718089996 30.033362635931894 -132.85557346298754 -300.6020611077506
2484 73759.75211167336 5.257931349007887e7 -0.3061970338708484 -0.9478916943016218 -13.039156730480173 -0.21502931630433864 127.35912625246871 -11.296034537331082 30.031989951475452 -132.85603150819247 -300.6013491637445
2485 73788.42410469055 5.258313391258101e7 -0.3061960081430293 -0.9478907860720298 -13.03915715463198 -0.21502949538738392 127.3591259581132 -11.24480017544954 30.1391518643228 -132.82958757215516 -300.6259936918102
2486 73817.13012051582 5.2602067833533585e7 -0.3061964931565697 -0.9478910344779834 -13.03915720304861 -0.21502952502757466 127.3591259483203 -11.128910023573155 30.377121494263974 -132.73530414143318 -300.5717584126196
2487 73845.93905949593 5.850466312998446e7 -15.938073195140756 -68.80698170953029 74.77757700929372 51.073526054943954 135.45137146299388 -0.6433059700010517 60.75181262935712 -117.50966751061583 -220.1916831116867
2488 73875.06034064293 5.332816924082956e7 -16.41238124753584 -29.737695927333625 3.2210070649412472 35.14422617300967 183.3903840262224 -18.523758952972003 54.70960278849941 -138.36925248028194 -301.02560542034587
2489 73905.2401008606 5.523321046543447e7 -12.425952423394715 -22.611954999630985 25.771752905929162 41.700741040426166 193.62647002295967 3.239722008893466 88.71408616923145 -121.94692194704811 -300.66303535352847
2490 73934.6890938282 5.529851338956266e7 -12.397085389822866 -22.560356372449267 27.259692239198124 41.85779142966804 193.88692367380824 4.105709810659448 90.35485533021927 -121.27399416140406 -301.0494647553463
2491 73963.74233388901 5.30140545171186e7 -4.886356518244597 -9.134923199811658 2.0791388256414294 33.9752244095325 132.79012482241174 -10.487036924989809 32.79475070471415 -131.87058212749434 -295.6896961088547
2492 73995.39477801323 5.539266582593558e7 -37.04447005434504 -66.61754536678033 46.21584203029086 77.13097100794701 200.90384469040742 -16.59394303701316 98.78268119314134 -136.52352541042796 -296.2487632814398
2493 74026.83876609802 5.539266582593558e7 -37.044470062902406 -66.61754538228608 46.21584203707553 77.13097101122187 200.9038446929568 -16.59394303701316 98.78268119314134 -136.52352541042796 -296.2487632814398
2494 74055.36142110825 5.258313391258101e7 -0.30619817477250777 -0.9478930866006108 -13.039155746570373 -0.2150289039406914 127.35912648406274 -11.24480017544954 30.1391518643228 -132.82958757215516 -300.6259936918102
2495 74084.78143835068 5.332816924082955e7 -16.41238153020559 -29.737696120268247 3.221007159123225 35.14422620380802 183.39038404331325 -18.523758952972003 54.70960278849941 -138.36925248028194 -301.02560542034587
2496 74113.09770488739 5.257931349007887e7 -0.3061970917428063 -0.9478918001902095 -13.039156658290082 -0.21502928390123088 127.35912629850321 -11.296034537331195 30.031989951475452 -132.85603150819236 -300.60134916374454
2497 74141.79147028923 5.257931349007887e7 -0.3061965853264361 -0.9478914737967417 -13.03915690853266 -0.2150293827399139 127.35912615873134 -11.296034537331082 30.031989951475452 -132.85603150819236 -300.60134916374454
2498 74170.20194196701 5.257931349007887e7 -0.30619557388708074 -0.9478910591485761 -13.039157198347262 -0.2150294763339815 127.35912605263316 -11.296034537331082 30.031989951475452 -132.85603150819236 -300.60134916374454
2499 74198.29336380959 5.260588490284345e7 -0.3061925395690004 -0.9478898152038582 -13.039158067791185 -0.21502975711598538 127.3591257343411 -11.07829101244613 30.48349112345238 -132.7092203879348 -300.5945352964825
2500 74229.07630586624 5.501766032286544e7 -32.46431764503575 -58.43052175728973 31.097550137185898 42.94071855024234 195.47284873403515 -17.15369286777667 96.49214365468868 -137.2790363032239 -300.5031668563921
2501 74259.51553153992 5.501766032286544e7 -32.464317717190596 -58.430521789729525 31.09755015221691 42.940718554320455 195.47284874255894 -17.153692867776726 96.49214365468868 -137.2790363032239 -300.5031668563921
2502 74287.80826210976 5.257931349007887e7 -0.30619825721069915 -0.9478927228909217 -13.03915514360451 -0.21502863734318112 127.35912648136775 -11.296034537331082 30.031989951475452 -132.85603150819236 -300.60134916374454
2503 74316.00989675522 5.2579315499781854e7 -0.3061921996885957 -0.9478882166646425 -13.039157742513318 -0.21502961506378426 127.3591259009885 -11.295992292762833 30.032074690816444 -132.85599171469693 -300.60134916374454
2504 74344.40337657928 5.257931349007887e7 -0.3061965480544764 -0.9478914726833167 -13.039156536870372 -0.21502921571429567 127.35912613307141 -11.296034537331082 30.031989951475452 -132.85603150819247 -300.6013491637445
2505 74373.94619560242 5.332816924082955e7 -16.412380575418915 -29.737695522170537 3.2210066301019893 35.144226013893416 183.39038393219658 -18.523758952972003 54.70960278849941 -138.36925248028194 -301.02560542034587
2506 74402.68986344337 5.258313391258101e7 -0.30619232295670074 -0.9478898111215903 -13.039157793019506 -0.21502964147346404 127.35912545759983 -11.24480017544954 30.1391518643228 -132.82958757215516 -300.6259936918102
2507 74432.06180715561 5.257931349007887e7 -0.30619583355143476 -0.9478912525085139 -13.039157035056313 -0.21502940839634732 127.3591261684154 -11.296034537331082 30.031989951475452 -132.85603150819236 -300.60134916374454
2508 74461.7856502533 5.257931349007887e7 -0.3061999076272883 -0.9478926748618726 -13.039155907598648 -0.2150290493074607 127.35912679564252 -11.296034537331082 30.031989951475452 -132.85603150819236 -300.6013491637445
2509 74490.91552305222 5.2579369916242525e7 -0.30619514247834445 -0.9478910916680334 -13.039157215412082 -0.21502946334821615 127.35912599456475 -11.29645375345416 30.032303145184073 -132.8560560370804 -300.6000022000116
2510 74520.52530169487 5.2579369916242525e7 -0.3061951731975441 -0.9478913220939811 -13.03915705273765 -0.2150293827740768 127.35912608506858 -11.296453753454216 30.032303145184073 -132.8560560370804 -300.60000220001166
2511 74549.70328426361 5.301405451711862e7 -4.886351350770873 -9.134920240192564 2.079137278390668 33.97522389417425 132.79012394203048 -10.487036924989695 32.79475070471415 -131.87058212749434 -295.6896961088547
2512 74578.81716394424 5.850466312998446e7 -15.938072016804327 -68.8069813551593 74.77757676814879 51.07352591802467 135.45137128396328 -0.6433059700010517 60.75181262935712 -117.50966751061583 -220.1916831116867
2513 74608.35542583466 5.2374934934185065e7 -20.344552206796823 -36.766452080465996 -7.713363209928524 1.024947088105435 129.2055020886991 -31.465017914809835 38.371781227688416 -148.09560903707262 -300.68166635289913
2514 74637.86335134506 5.523321046543447e7 -12.425950364377947 -22.61195430386877 25.77175259479413 41.70074095719738 193.62646984048718 3.239722008893466 88.71408616923145 -121.94692194704817 -300.66303535352847
2515 74667.6888153553 5.529851338956266e7 -12.3970837420597 -22.560355199250523 27.25969199350228 41.85779136273578 193.8869236437838 4.105709810659448 90.35485533021927 -121.27399416140406 -301.0494647553464
2516 74699.70923280716 6.399271099408169e7 -64.767232764894 -156.08909833175164 174.33143476117908 170.4923496182725 275.5238884945523 8.891968294667436 188.52705780548933 -109.87911805901285 -216.04933441897833
2517 74732.62110090256 6.399271099408169e7 -64.76723272737185 -156.08909833807846 174.3314348343836 170.49234963347158 275.5238885298662 8.891968294667379 188.52705780548933 -109.87911805901285 -216.04933441897833
2518 74761.0689766407 5.258313391258101e7 -0.30619885119599033 -0.9478934700324029 -13.039155963072588 -0.21502902929007917 127.35912641000914 -11.24480017544954 30.1391518643228 -132.82958757215522 -300.6259936918102
2519 74790.48063755035 5.2579395955906175e7 -0.3061954159910343 -0.9478906872759199 -13.039157365213953 -0.21502954960149623 127.35912604088999 -11.295323962658188 30.03327789659079 -132.85561325648308 -300.6020611077506
2520 74820.0433318615 5.30140545171186e7 -4.886351778596708 -9.134920215890244 2.0791373114065053 33.975223887799615 132.7901239909812 -10.487036924989695 32.79475070471415 -131.87058212749434 -295.6896961088547
2521 74849.03652024269 5.257931349007887e7 -0.3061957958716768 -0.9478913626125731 -13.039156814711454 -0.21502930430838774 127.35912612180358 -11.296034537331082 30.031989951475452 -132.85603150819236 -300.60134916374454
2522 74878.67359805107 5.332816798547571e7 -16.412379608638034 -29.73769540836866 3.2210065580653833 35.14422601053896 183.39038388723833 -18.523768126431378 54.70960278849941 -138.36926112559962 -301.02560542034587
2523 74907.64885997772 5.260209760306877e7 -0.30619614630472825 -0.9478915078475092 -13.039156970143694 -0.2150293858339296 127.35912613986594 -11.128836023233362 30.377121494263974 -132.73519704590586 -300.57119438635107
2524 74936.35451292992 5.257931349007887e7 -0.30619761910442733 -0.9478915845927807 -13.039156734687772 -0.2150293464135018 127.35912639236898 -11.296034537331195 30.031989951475452 -132.85603150819236 -300.6013491637445
2525 74964.7210278511 5.257931349007887e7 -0.3061954586836215 -0.947890956549184 -13.039157284306583 -0.21502951345870258 127.35912600153974 -11.296034537331082 30.031989951475452 -132.85603150819236 -300.60134916374454
2526 74993.83764958382 5.257965221522293e7 -0.3061951130730485 -0.9478906487509393 -13.039157542183993 -0.2150296248331358 127.35912584825829 -11.295409531871258 30.033516247217108 -132.85528392063839 -300.59986267398034
2527 75027.51363635063 5.850572122632027e7 -60.66139062736671 -108.83278507531529 87.65655740955258 120.37279282601084 318.03190253435815 -9.34817530953211 180.7479045660707 -131.37409895993 -300.3134077589673
2528 75061.54155087471 6.481041256595609e7 -80.87343080994552 -184.87891226910656 190.591599914285 205.85160564705131 331.5551470479536 1.8558522417471863 213.54724173852537 -115.18101359451663 -215.54035193902382
2529 75091.13952803612 5.258313391258101e7 -0.3061983936575565 -0.9478932650351366 -13.03915610705618 -0.2150290776380217 127.35912634570988 -11.24480017544954 30.1391518643228 -132.82958757215516 -300.6259936918102
2530 75120.74842047691 5.369812676560445e7 -20.992535471532864 -37.92472422588872 18.339300613626456 69.33447919558354 188.82138158655806 -18.12770695280244 56.72940167702404 -137.70223111871354 -296.65534384640546
2531 75149.30985021591 5.257965221522293e7 -0.30619543299718543 -0.9478908792981491 -13.039157311050232 -0.21502952859104596 127.35912594001505 -11.295409531871258 30.033516247217108 -132.8552839206385 -300.59986267398034
2532 75178.76525878906 5.257931349007887e7 -0.3061973988186253 -0.947892443423977 -13.03915694052536 -0.21502942156585902 127.35912612423256 -11.296034537331195 30.031989951475452 -132.85603150819247 -300.60134916374454
2533 75208.37529945374 5.2374934934185065e7 -20.344551436034646 -36.76645216937295 -7.713363264380938 1.0249471029714954 129.20550195788113 -31.46501791480995 38.371781227688416 -148.09560903707262 -300.6816663528992
2534 75237.80238628387 5.850466275449806e7 -15.938071236276826 -68.80698110220686 74.77757649157829 51.07352581859068 135.45137110251412 -0.6433591382061081 60.75181262935712 -117.50969140455646 -220.1916831116867
2535 75268.39170527458 5.529851338956266e7 -12.397084492381357 -22.560355063596226 27.25969197575285 41.85779131429288 193.88692371724414 4.1057098106592775 90.35485533021927 -121.27399416140406 -301.0494647553464
2536 75297.49196505547 5.257931349007887e7 -0.3061975043174954 -0.9478914354916563 -13.039156858800787 -0.21502940263385995 127.35912632007393 -11.296034537331082 30.031989951475452 -132.85603150819247 -300.60134916374454
2537 75326.22931933403 5.257931349007887e7 -0.3061954666177584 -0.947890987794179 -13.039157272387776 -0.21502950728991266 127.35912602837881 -11.296034537331195 30.031989951475452 -132.85603150819247 -300.6013491637445
2538 75354.79278945923 5.257931349007887e7 -0.30619570534911134 -0.9478910997280963 -13.039157030023105 -0.21502940861131492 127.3591259899641 -11.296034537331082 30.031989951475452 -132.85603150819236 -300.6013491637445
2539 75383.59988188744 5.260212425969724e7 -0.30619644534573 -0.947891529264913 -13.039156267173205 -0.21502909406873982 127.35912595523948 -11.129329239696176 30.377434687972595 -132.73532867032122 -300.57041144888666
2540 75412.92065644264 5.869526097390063e7 -40.55658960598298 -112.81257222859622 95.22166223663044 86.50375534341592 142.72874629366976 -20.298792045103653 71.09501596857535 -131.98058858557266 -215.49586340508267
2541 75442.29288721085 5.869526097390063e7 -40.556589605737145 -112.8125722285225 95.22166223663457 86.50375534340456 142.72874629362013 -20.298792045103653 71.09501596857535 -131.98058858557266 -215.49586340508267
2542 75470.52799677849 5.258313391258101e7 -0.306198532639705 -0.9478927980776142 -13.039155887903455 -0.2150289889015511 127.35912640329607 -11.244800175449598 30.1391518643228 -132.82958757215522 -300.6259936918102
2543 75500.81632423401 5.529851338956266e7 -12.397086465333235 -22.56035615368934 27.259692826800737 41.857791657833275 193.88692383552504 4.105709810659448 90.35485533021927 -121.27399416140406 -301.0494647553464
2544 75529.14386796951 5.257931349007887e7 -0.30619593000633216 -0.9478914541501933 -13.039156715902244 -0.21502926539413636 127.35912606152269 -11.296034537331082 30.031989951475452 -132.85603150819247 -300.60134916374454
2545 75557.63400053978 5.257931349007887e7 -0.3061956379958275 -0.947891079140808 -13.039156967657142 -0.21502937847596115 127.35912597902528 -11.296034537331195 30.031989951475452 -132.85603150819247 -300.60134916374454
2546 75586.74877786636 5.257931349007887e7 -0.3061954359357202 -0.947891017378911 -13.03915678055914 -0.21502928806998511 127.35912594620628 -11.296034537331082 30.031989951475452 -132.85603150819236 -300.60134916374454
2547 75615.2778468132 5.258347464742806e7 -0.3061948297554977 -0.9478908320931287 -13.039156219265145 -0.21502901685227016 127.35912584775126 -11.244132925421297 30.14076289940556 -132.8288001911057 -300.62450720204606
2548 75645.37018442154 5.8695182837163195e7 -40.556583123563385 -112.81257048387714 95.22166190182702 86.50375551098776 142.7287440408361 -20.29833060231556 71.09477986333275 -131.98037423107934 -215.4971886052137
2549 75675.05479359627 5.869518283716321e7 -40.55658323554532 -112.81257060292153 95.22166216480889 86.50375556959142 142.72874406281906 -20.29833060231556 71.09477986333275 -131.9803742310794 -215.4971886052137
2550 75703.73428821564 5.260220672552455e7 -0.30619789986840473 -0.9478928140228193 -13.039155072977792 -0.2150285808909871 127.35912624095224 -11.128618665023225 30.378722633088046 -132.73491041861183 -300.5711233928928
2551 75732.80588054657 5.258321637840832e7 -0.3061944698510999 -0.9478890735923953 -13.039157713229478 -0.21502969252355797 127.35912586511981 -11.24408960077659 30.14043980943825 -132.82916932044589 -300.62670563581634
2552 75760.76193094254 5.257934722480423e7 -0.3061934190604454 -0.9478894411852004 -13.039159548492584 -0.2150304620739547 127.35912604138007 -11.29568545702898 30.033207642897878 -132.8558719065801 -300.60180714802163
2553 75788.99534463882 5.257970864138659e7 -0.3061949029273663 -0.9478912500660899 -13.039157266478497 -0.21502946653997412 127.35912595135395 -11.295828747994165 30.03382944092573 -132.85530844952643 -300.5985157102475
2554 75817.11404037476 5.257965221522293e7 -0.3061972296426987 -0.9478915996331709 -13.039155908476687 -0.21502897012294397 127.35912598632285 -11.295409531871144 30.033516247217108 -132.85528392063839 -300.5998626739803
2555 75845.47960615158 5.257931349007887e7 -0.3061990506612311 -0.9478937815387782 -13.039156226163897 -0.21502915723681326 127.35912613766602 -11.296034537331195 30.031989951475452 -132.85603150819236 -300.60134916374454
2556 75874.84430861473 5.332816798547571e7 -16.41237967761116 -29.73769545778467 3.22100698749059 35.144226205677825 183.390383728038 -18.523768126431378 54.70960278849941 -138.36926112559962 -301.02560542034587
2557 75904.29680299759 5.2374934563333966e7 -20.344551160892284 -36.766452123572684 -7.713362956365536 1.0249472512778937 129.20550183804684 -31.46506449978733 38.371781227688416 -148.09563097235605 -300.68166635289913
2558 75932.22397828102 5.258347263772508e7 -0.30619447242857945 -0.947890636771251 -13.039157273847195 -0.2150294747708017 127.35912587606728 -11.244175169989546 30.14067816006434 -132.8288399846012 -300.62450720204606
2559 75961.05391931534 5.850466312998446e7 -15.93807232119351 -68.80698167522748 74.77757801705488 51.073526345643074 135.45137126675678 -0.6433059700011086 60.75181262935712 -117.50966751061583 -220.1916831116867
2560 75990.65179419518 5.523321046543447e7 -12.425950610253391 -22.611954025079434 25.771752572816034 41.7007409862742 193.62646972979226 3.239722008893466 88.71408616923145 -121.94692194704817 -300.66303535352847
2561 76020.40551042557 5.529851660062977e7 -12.397085165894005 -22.560355455149967 27.259692915725495 41.857791698418026 193.88692377596192 4.105777308267193 90.35485533021927 -121.27393058007596 -301.0494647553463
2562 76048.93190526962 5.301405451711862e7 -4.886354465560203 -9.134921474811328 2.0791399516780658 33.97522480235948 132.79012437007347 -10.487036924989695 32.79475070471415 -131.87058212749434 -295.6896961088547
2563 76081.09575748444 6.351185692834193e7 -51.02676681519284 -131.52801761225484 145.85759759794166 130.03372761545688 269.1355710498401 8.76661172018396 184.92951986004948 -110.26541923142173 -218.88857241630535
2564 76113.78873109818 6.351185692834193e7 -51.02676754437131 -131.52801928451032 145.8576023328221 130.0337282935797 269.1355703926177 8.76661172018396 184.92951986004948 -110.26541923142173 -218.8885724163054
2565 76141.96940636635 5.258313391258101e7 -0.30619794187531824 -0.9478924980173069 -13.039155850671989 -0.21502895209815165 127.35912631946636 -11.24480017544954 30.1391518643228 -132.82958757215516 -300.6259936918102
2566 76170.51358890533 5.2579395955906175e7 -0.30619570699191456 -0.9478906711620851 -13.0391569176778 -0.21502936430219677 127.35912599307548 -11.295323962658188 30.03327789659079 -132.85561325648308 -300.6020611077506
2567 76199.03127002716 5.258313391258101e7 -0.30619690923320775 -0.947891925952586 -13.039155247634739 -0.21502864890928208 127.35912602294341 -11.244800175449598 30.1391518643228 -132.82958757215516 -300.6259936918102
2568 76227.2684431076 5.2579315499781854e7 -0.30619527692498494 -0.9478909849786668 -13.039156842212456 -0.21502930301200252 127.35912597970844 -11.295992292762833 30.032074690816444 -132.85599171469693 -300.60134916374454
2569 76256.78044652939 5.2374934563333966e7 -20.34455082809603 -36.766451842192524 -7.713363069837108 1.0249472128747357 129.20550180207093 -31.46506449978733 38.371781227688416 -148.09563097235605 -300.68166635289913
2570 76284.94819235802 5.258347263772508e7 -0.306196760043683 -0.9478920198746144 -13.039156794631637 -0.2150293404250334 127.35912595923601 -11.244175169989546 30.14067816006434 -132.8288399846012 -300.62450720204606
2571 76313.56796383858 5.301405373545586e7 -4.886351045950558 -9.134919700134475 2.0791376626785336 33.97522401167757 132.7901238315903 -10.486998436143836 32.79483544405525 -131.87054588854448 -295.6896961088547
2572 76342.56326675415 5.332816798547571e7 -16.41237958278901 -29.73769536206354 3.221006965403163 35.14422619867976 183.39038372065903 -18.523768126431378 54.70960278849941 -138.36926112559962 -301.02560542034587
2573 76370.68782639503 5.257931349007887e7 -0.3061956165756605 -0.9478911580885052 -13.039156711256304 -0.21502926231180197 127.3591259667218 -11.296034537331082 30.031989951475452 -132.85603150819236 -300.60134916374454
2574 76399.06434702873 5.2602067833533585e7 -0.30619587584935104 -0.9478913341977515 -13.039156659132942 -0.21502924853048455 127.35912594953491 -11.128910023573042 30.377121494263974 -132.73530414143318 -300.5717584126196
2575 76428.0340063572 5.257965221522293e7 -0.3061957303891951 -0.9478911954130691 -13.039156755822908 -0.21502929082879518 127.35912588903112 -11.295409531871258 30.033516247217108 -132.85528392063839 -300.5998626739804
2576 76456.67373275757 5.850466275449805e7 -15.938071961658277 -68.80698160042867 74.77757784247896 51.07352623193468 135.45137118797143 -0.6433591382061081 60.75181262935712 -117.50969140455646 -220.1916831116867
2577 76486.5587155819 5.529851660062977e7 -12.397083094685382 -22.56035407174152 27.259692512124957 41.85779158474638 193.88692364584693 4.105777308267363 90.35485533021927 -121.27393058007596 -301.0494647553464
2578 76516.26997351646 5.523321046543447e7 -12.425951003372035 -22.611954189964337 25.7717528484387 41.70074108715784 193.62646980363962 3.239722008893466 88.71408616923145 -121.94692194704817 -300.66303535352847
2579 76545.42207717896 5.2756637336215764e7 -24.924705522979668 -44.953479945349784 7.4049269118537 35.21519881773331 134.63649935392246 -31.055985262465583 40.339554859069835 -147.29122038131987 -296.19350937301795
2580 76574.94952845573 5.275663380926781e7 -24.92471168043177 -44.95348552203707 7.404929956986884 35.21520000312499 134.6365002269052 -31.056111191813557 40.339554859069835 -147.29128014159738 -296.19350937301795
2581 76603.80543780327 5.258313391258101e7 -0.3061977255329289 -0.9478920382749285 -13.03915618700325 -0.21502910555756216 127.3591262122996 -11.244800175449598 30.1391518643228 -132.82958757215516 -300.6259936918102
2582 76632.70029616356 5.257931349007887e7 -0.3061955622315331 -0.9478911226833766 -13.039156728581005 -0.21502926871603734 127.35912595416846 -11.296034537331082 30.031989951475452 -132.85603150819247 -300.60134916374454
2583 76661.35050344467 5.257931349007887e7 -0.3061948608443714 -0.9478906732047161 -13.039157391989562 -0.21502954355722181 127.3591259118457 -11.296034537331195 30.031989951475452 -132.85603150819236 -300.60134916374454
2584 76689.8672554493 5.257934722480423e7 -0.30619313557020433 -0.9478896406821624 -13.039159226280823 -0.2150303100189177 127.35912580876197 -11.295685457028924 30.033207642897878 -132.8558719065801 -300.6018071480216
2585 76719.48403429985 5.296832060353951e7 -27.290437715212374 -49.1822087707043 -4.808727658661638 30.115837581266447 184.27944271919242 -38.8034012728462 60.61870581216044 -153.524142351975 -299.76195837278283
2586 76749.45492362976 5.296832298877982e7 -27.290418578185655 -49.18219708907396 -4.808737333816879 30.115833334673823 184.27944090598734 -38.80334404303022 60.61870581216044 -153.52412047668452 -299.76195837278283
2587 76778.14662027359 5.258347263772508e7 -0.306197559254187 -0.9478919279046742 -13.039156218745006 -0.21502911641080402 127.35912617412343 -11.24417516998966 30.14067816006434 -132.8288399846012 -300.62450720204606
2588 76806.58557772636 5.258350637245043e7 -0.30619487056505434 -0.9478906460457823 -13.03915759227916 -0.2150296376981231 127.35912584629186 -11.243826089687445 30.14189585148688 -132.8286803829888 -300.62496518632315
2589 76835.19941449165 5.2579315499781854e7 -0.3061945871781546 -0.9478901848671217 -13.03915751275833 -0.21502959231783336 127.35912589863894 -11.295992292762833 30.032074690816444 -132.85599171469693 -300.60134916374454
2590 76863.77380609512 5.257934722480423e7 -0.3061931355841985 -0.9478895688106501 -13.039158984552387 -0.2150302018219037 127.35912580944017 -11.295685457028924 30.033207642897878 -132.8558719065801 -300.60180714802163
2591 76894.26710748672 5.2374934563333966e7 -20.344550838854463 -36.76645188303592 -7.713363520267386 1.0249470047792357 129.20550183910555 -31.46506449978733 38.371781227688416 -148.09563097235605 -300.6816663528992
2592 76922.56758213043 5.258313391258101e7 -0.3061949563612565 -0.9478907580344185 -13.039157385602174 -0.21502954294354026 127.35912593973327 -11.244800175449598 30.1391518643228 -132.82958757215516 -300.6259936918102
2593 76951.64913606644 5.257934722480423e7 -0.3061951621108072 -0.9478909524207495 -13.039157394428074 -0.21502955007665037 127.35912596234313 -11.29568545702898 30.033207642897878 -132.8558719065801 -300.60180714802163
2594 76980.14929318428 5.2583167647306375e7 -0.30619538057555573 -0.9478908409848756 -13.039157345232546 -0.215029542467704 127.3591259845682 -11.24445109514744 30.140369555745224 -132.82942797054284 -300.6264516760873
2595 77009.72163653374 5.850466275449805e7 -15.93807078543675 -68.80698080206969 74.77757701805085 51.07352591353116 135.45137108987376 -0.6433591382061081 60.75181262935712 -117.50969140455646 -220.1916831116867
2596 77039.27674102783 5.529851660062977e7 -12.397083819553792 -22.560354715557033 27.259691893053876 41.857791285746515 193.88692362156647 4.105777308267193 90.35485533021927 -121.27393058007596 -301.0494647553464
2597 77068.8361029625 5.523321046543447e7 -12.425950513155815 -22.611953913098212 25.771752278502852 41.700740848996716 193.62646977933613 3.239722008893466 88.71408616923145 -121.94692194704817 -300.66303535352847
2598 77099.0075070858 5.350181396614591e7 -41.030891001366555 -73.74328536678082 23.66509515956747 70.57445604021211 190.6677575673806 -38.36667701265105 64.84266628465684 -152.89293198879636 -296.47633707631593
2599 77127.40948796272 5.257937192594551e7 -0.3061941718201133 -0.9478903988225182 -13.039157223407877 -0.21502943938257602 127.3591258737598 -11.296411508885853 30.032387884525065 -132.85601624358497 -300.6000022000116
2600 77158.6763112545 6.226755264398131e7 -48.744165538172595 -127.4478773434697 144.96695086302248 162.53880712756524 263.18097081144373 6.746385745811267 145.1975619078446 -111.58350147758142 -215.63458181906168
2601 77190.00801324844 6.226755264398131e7 -48.744165663397396 -127.44787741381917 144.96695102851504 162.53880718430855 263.18097082023 6.746385745811267 145.1975619078446 -111.58350147758142 -215.63458181906168
2602 77218.89469695091 5.258347263772508e7 -0.306195888870608 -0.9478907377891046 -13.039156933913091 -0.21502938621196677 127.35912597051276 -11.244175169989546 30.14067816006434 -132.8288399846012 -300.62450720204606
2603 77249.54365038872 5.513391084092349e7 -32.43543958046335 -58.37891590638538 32.58548568660853 43.09776780975385 195.73329952560414 -15.9888693784564 98.83806044093751 -136.3502353461086 -300.7269681604855
2604 77278.19166398048 5.257931349007887e7 -0.30619523035151275 -0.9478909501936315 -13.039157331141816 -0.21502952834597977 127.35912593175827 -11.296034537331082 30.031989951475452 -132.85603150819236 -300.60134916374454
2605 77307.33675789833 5.257931349007887e7 -0.30619489568090685 -0.9478906946268122 -13.039157365084371 -0.2150295322632445 127.35912592433431 -11.296034537331195 30.031989951475452 -132.85603150819236 -300.60134916374454
2606 77336.19862771034 5.2583167647306375e7 -0.3061948089436086 -0.947890668201989 -13.039157428403726 -0.21502955800612256 127.35912590598105 -11.24445109514744 30.140369555745224 -132.82942797054284 -300.6264516760873
2607 77365.8175766468 5.332816798547571e7 -16.412379243259732 -29.7376951539718 3.221006470874059 35.14422598681615 183.39038371524853 -18.523768126431378 54.70960278849941 -138.36926112559962 -301.02560542034587
2608 77394.58765673637 5.257934722480423e7 -0.3061948793515583 -0.9478907684646991 -13.039157411308757 -0.21502955005630042 127.35912592780821 -11.295685457028924 30.033207642897878 -132.8558719065801 -300.60180714802163
2609 77423.00284767151 5.257965221522293e7 -0.3061948064643829 -0.9478906228580817 -13.039157434961865 -0.2150295623811047 127.35912588480136 -11.295409531871258 30.033516247217108 -132.85528392063839 -300.5998626739804
2610 77451.26732134819 5.2583167647306375e7 -0.3061950317568254 -0.9478907245103736 -13.039157375378245 -0.2150295427719442 127.35912594184957 -11.244451095147326 30.140369555745224 -132.82942797054284 -300.6264516760873
2611 77479.67181181908 5.301405451711862e7 -4.886350987338819 -9.134919832239081 2.0791370344457647 33.975223798224704 132.79012384783877 -10.487036924989866 32.79475070471415 -131.87058212749434 -295.6896961088547
2612 77507.9964838028 5.257934722480423e7 -0.3061941957184189 -0.9478902212829547 -13.039158038258755 -0.21502981207304117 127.35912587438823 -11.29568545702898 30.033207642897878 -132.8558719065801 -300.60180714802163
2613 77537.32902312279 5.2374934934185065e7 -20.34455112836551 -36.76645221705213 -7.7133631590829665 1.0249471633983376 129.20550186882693 -31.465017914809835 38.371781227688416 -148.09560903707256 -300.6816663528992
2614 77566.63909173012 5.850466275449806e7 -15.93807089338275 -68.80698087272549 74.77757694070758 51.0735259034559 135.45137109507493 -0.6433591382061081 60.75181262935712 -117.50969140455646 -220.1916831116867
2615 77596.2345404625 5.523321046543447e7 -12.425950505743472 -22.611953918459424 25.771752260026453 41.700740840157025 193.62646977786585 3.239722008893466 88.71408616923145 -121.94692194704817 -300.66303535352847
2616 77629.27107787132 6.4215944079911806e7 -67.13294122475754 -160.3178121217611 162.11775284716973 165.39297997142074 325.1668276816822 1.2090275487809663 208.92937585136974 -115.97228581753143 -219.5087293025386
2617 77661.92665982246 6.421595550435836e7 -67.13295646300006 -160.31782427290307 162.117766357749 165.39298388286105 325.16682863685816 1.2090559473743383 208.92937585136974 -115.97224471822909 -219.50851285011765
2618 77689.83228182793 5.258347263772508e7 -0.30619490522749615 -0.9478907315022562 -13.03915704577441 -0.21502939176828306 127.3591258554147 -11.24417516998966 30.14067816006434 -132.8288399846012 -300.62450720204606
2619 77718.3780362606 5.257934722480423e7 -0.3061945301715312 -0.9478904653284452 -13.03915770860111 -0.21502967479625568 127.35912589176526 -11.295685457028924 30.033207642897878 -132.8558719065801 -300.60180714802163
2620 77746.31865406036 5.258313391258101e7 -0.3061948014956286 -0.9478905966399056 -13.039157429304986 -0.21502955904642818 127.35912590992872 -11.244800175449598 30.1391518643228 -132.82958757215516 -300.6259936918102
2621 77774.9080927372 5.257931349007887e7 -0.3061948911546182 -0.9478907095044056 -13.039157370855364 -0.21502953461236984 127.35912591823642 -11.296034537331195 30.031989951475452 -132.85603150819236 -300.60134916374454
2622 77803.18733596802 5.257931349007887e7 -0.3061949583776169 -0.9478907111944919 -13.03915736450243 -0.21502953475443576 127.35912592598858 -11.296034537331082 30.031989951475452 -132.85603150819236 -300.60134916374454
2623 77832.15601634979 5.257931349007887e7 -0.30619503399088543 -0.9478908000214039 -13.03915737112871 -0.21502953997443797 127.35912592114192 -11.296034537331082 30.031989951475452 -132.85603150819236 -300.60134916374454
2624 77861.01459169388 5.258313391258101e7 -0.30619480549319533 -0.9478906079895033 -13.03915743074878 -0.21502956014622043 127.3591258983179 -11.244800175449598 30.1391518643228 -132.82958757215516 -300.6259936918102
2625 77889.92233490944 5.257931349007887e7 -0.3061948720085965 -0.9478906388333579 -13.039157404909204 -0.21502955006619118 127.35912591039606 -11.296034537331195 30.031989951475452 -132.85603150819236 -300.60134916374454
2626 77918.36081719398 5.257965221522293e7 -0.30619490550164485 -0.947890535719222 -13.039157443667953 -0.21502956959318453 127.35912590604636 -11.295409531871258 30.033516247217108 -132.85528392063839 -300.5998626739804
2627 77948.15159487724 6.164833777142049e7 -32.60911977925778 -98.60647774993716 130.19472596197005 127.33660151728189 207.4101669613223 15.444831885766916 123.49602867963392 -104.98756211751413 -215.7711840145463
2628 77978.38345003128 6.164833777142049e7 -32.609120048532894 -98.60647795990522 130.19472645562982 127.33660164013395 207.4101671514893 15.444831885766916 123.49602867963392 -104.98756211751413 -215.7711840145463
2629 78007.08278393745 5.258347263772508e7 -0.3061952309159466 -0.947890351468665 -13.039157387195118 -0.2150295701752185 127.35912589505702 -11.24417516998966 30.14067816006434 -132.8288399846012 -300.62450720204606
2630 78035.46179032326 5.3014052135757685e7 -4.886350817038405 -9.134919765677012 2.079137084843964 33.97522382191181 132.79012382850357 -10.487040680712198 32.79475070471415 -131.87058566143946 -295.6896961088547
2631 78064.20993804932 5.850466275449805e7 -15.93807098761705 -68.80698095637328 74.77757693900486 51.07352589918585 135.45137110020846 -0.6433591382061081 60.75181262935712 -117.50969140455646 -220.1916831116867
2632 78092.68569135666 5.257934722480423e7 -0.3061945515708615 -0.9478904381438928 -13.0391577187535 -0.21502968040729797 127.35912589151329 -11.29568545702898 30.033207642897878 -132.8558719065801 -300.60180714802163
2633 78122.19987511635 5.332816798547571e7 -16.412379086217342 -29.737695012964785 3.221006382234279 35.144225951010085 183.3903836980424 -18.523768126431378 54.70960278849941 -138.36926112559962 -301.02560542034587
2634 78150.39818668365 5.257931349007887e7 -0.3061947048864866 -0.9478904924507372 -13.039157432187046 -0.21502955589069472 127.35912592346253 -11.296034537331195 30.031989951475452 -132.85603150819236 -300.60134916374454
2635 78178.89481019974 5.257931349007887e7 -0.3061947146389947 -0.9478904947073366 -13.039157458119433 -0.21502956933480277 127.35912589592814 -11.296034537331082 30.031989951475452 -132.85603150819236 -300.60134916374454
2636 78207.36084914207 5.257965422492591e7 -0.30619424253005434 -0.9478900623293098 -13.039157617750078 -0.21502962714035334 127.3591258525237 -11.295367287302952 30.0336009865581 -132.85524412714295 -300.5998626739804
2637 78239.3968629837 5.7775075847015396e7 -15.356530313261484 -27.850362936918597 52.71506667826675 77.50519383426703 259.196949198672 18.435557828045262 146.34508965802513 -110.34783661055525 -299.6702595624402
2638 78270.5065202713 5.7775075847015396e7 -15.356530316541871 -27.850362940071086 52.715066679278806 77.50519383473052 259.1969491993993 18.435557828045262 146.34508965802513 -110.34783661055525 -299.6702595624402
2639 78299.36142349243 5.258350637245043e7 -0.30619523791859393 -0.9478903270487011 -13.039157582253601 -0.2150296602059285 127.35912586809302 -11.243826089687445 30.14189585148688 -132.82868038298886 -300.62496518632315
2640 78327.74080276489 5.2579395955906175e7 -0.30619443650385847 -0.947890053957507 -13.03915767328828 -0.21502965938887542 127.3591258830719 -11.295323962658244 30.03327789659079 -132.85561325648308 -300.6020611077506
2641 78356.22365498543 5.30140545171186e7 -4.886350984133436 -9.13491966132467 2.079137057774119 33.975223795245455 132.7901238379529 -10.487036924989695 32.79475070471415 -131.87058212749434 -295.6896961088547
2642 78384.55228376389 5.2583167647306375e7 -0.3061944230674776 -0.9478902691107356 -13.039157793705854 -0.21502971162867368 127.35912587339206 -11.244451095147326 30.140369555745224 -132.82942797054284 -300.6264516760873
2643 78413.73540711403 5.275616678780312e7 -24.92470620904593 -44.953480716749304 7.404930687064571 35.21520030111839 134.63649970637607 -31.057319606867622 40.33671807270434 -147.29296595764805 -296.19621306771523
2644 78442.59075069427 5.2374934563333966e7 -20.344550741992936 -36.76645169622509 -7.713363491483356 1.024947021248778 129.205501819709 -31.46506449978733 38.371781227688416 -148.09563097235605 -300.6816663528992
2645 78470.95398163795 5.257931349007887e7 -0.3061948038705964 -0.947890593112235 -13.039157381994357 -0.21502953528776914 127.35912594877703 -11.296034537331082 30.031989951475452 -132.85603150819247 -300.6013491637445
2646 78499.49863529205 5.257931349007887e7 -0.30619474695629734 -0.9478905165012845 -13.03915743897953 -0.21502956157860353 127.3591259066334 -11.296034537331195 30.031989951475452 -132.85603150819236 -300.60134916374454
2647 78528.47120261192 5.258313391258101e7 -0.30619485180831063 -0.9478905151976615 -13.03915742574479 -0.21502956133382156 127.3591258957827 -11.244800175449598 30.1391518643228 -132.82958757215516 -300.6259936918102
2648 78556.49035429955 5.2579315499781854e7 -0.3061938156629438 -0.9478897686793823 -13.039157588857847 -0.21502959956936252 127.35912584558363 -11.295992292762833 30.032074690816444 -132.85599171469693 -300.60134916374454
2649 78585.0912964344 5.850466275449805e7 -15.938070757836428 -68.8069807519097 74.77757670695243 51.07352585574054 135.4513710715478 -0.6433591382061081 60.75181262935712 -117.50969140455646 -220.1916831116867
2650 78614.21367883682 5.332816798547571e7 -16.412379020016466 -29.737694960498064 3.221006362667019 35.1442259440616 183.39038369356595 -18.523768126431378 54.70960278849941 -138.36926112559962 -301.02560542034587
2651 78643.87294125557 5.529851660062977e7 -12.397083607819074 -22.56035454414056 27.259691781652045 41.85779124373465 193.88692360549877 4.105777308267363 90.35485533021927 -121.27393058007596 -301.0494647553464
2652 78673.30654811859 5.523321046543447e7 -12.42595024481049 -22.611953729588905 25.77175215312414 41.700740808774796 193.62646975993317 3.239722008893466 88.71408616923145 -121.94692194704817 -300.66303535352847
2653 78704.34368467331 5.8295897187589854e7 -29.09699798842522 -52.411448874652706 81.18889919541192 117.96381624235856 265.5852654728075 18.82039526564472 150.525655999558 -109.86817576499931 -296.69103704209067
2654 78735.7962744236 5.8295897187589854e7 -29.096997991461215 -52.41144887902131 81.1888991957052 117.96381624259334 265.58526547322975 18.82039526564472 150.525655999558 -109.86817576499936 -296.69103704209067
2655 78763.91736197472 5.258347464742806e7 -0.3061941549995808 -0.9478902362555033 -13.03915752114446 -0.21502958055643262 127.35912580184213 -11.244132925421297 30.14076289940556 -132.8288001911057 -300.62450720204606
2656 78794.63490629196 5.513391084092349e7 -32.435439582484875 -58.37891571234631 32.585485672482974 43.09776780272426 195.73329952615657 -15.9888693784564 98.83806044093751 -136.3502353461086 -300.7269681604855
2657 78823.33447408676 5.237493456333396e7 -20.344550606456824 -36.76645162600259 -7.7133635472068605 1.024947003463808 129.2055018158998 -31.46506449978733 38.371781227688416 -148.09563097235605 -300.6816663528992
2658 78852.23636388779 5.257931349007887e7 -0.3061947271976493 -0.9478905119799741 -13.03915744814222 -0.21502956499259085 127.359125901457 -11.296034537331195 30.031989951475452 -132.85603150819236 -300.60134916374454
2659 78881.04210162163 5.257931349007887e7 -0.30619507355966746 -0.9478907434652593 -13.039157411510033 -0.21502956047729072 127.35912591458752 -11.296034537331195 30.031989951475452 -132.85603150819247 -300.6013491637445
2660 78909.37465953827 5.257931349007887e7 -0.30619484529135477 -0.9478906059584 -13.039157412964137 -0.21502955310145921 127.35912591374881 -11.296034537331195 30.031989951475452 -132.85603150819236 -300.60134916374454
2661 78937.75917744637 5.257931349007887e7 -0.3061947913064138 -0.9478906282529334 -13.039157418259677 -0.21502955209989238 127.35912590847764 -11.296034537331082 30.031989951475452 -132.85603150819236 -300.60134916374454
2662 78965.9105565548 5.257934722480423e7 -0.30619452390903845 -0.9478903418994724 -13.039157635476762 -0.21502964308483286 127.35912588438816 -11.29568545702898 30.033207642897878 -132.8558719065801 -300.60180714802163
2663 78995.08201098442 5.257931349007887e7 -0.30619470624921874 -0.9478904730392328 -13.039157463832204 -0.2150295718250277 127.35912589540209 -11.296034537331082 30.031989951475452 -132.85603150819236 -300.60134916374454
2664 79023.9585776329 5.257931349007887e7 -0.3061946810799263 -0.9478904080349508 -13.039157480970843 -0.2150295792956598 127.35912589382531 -11.296034537331082 30.031989951475452 -132.85603150819236 -300.60134916374454
2665 79053.07094621658 5.257965221522293e7 -0.3061946055719318 -0.9478902130221609 -13.039157532386405 -0.2150296017077693 127.35912588909412 -11.295409531871258 30.033516247217108 -132.85528392063839 -300.59986267398034
2666 79085.95072889328 6.4984170473409764e7 -60.83505888134049 -149.0603426909845 185.26579184537704 204.61162588709058 329.70876863209884 21.98671825151962 205.2096280561277 -100.03848565782772 -215.82974067901654
2667 79118.03844237328 6.4984170473409764e7 -60.83505896270822 -149.06034272376036 185.2657919004359 204.61162589651929 329.70876863652967 21.98671825151962 205.2096280561277 -100.03848565782772 -215.82974067901654
2668 79147.07570767403 5.258347263772508e7 -0.3061948109541035 -0.9478899984961204 -13.039157585345485 -0.2150296457604952 127.35912586088497 -11.24417516998966 30.14067816006434 -132.8288399846012 -300.62450720204606
2669 79175.61119389534 5.257931349007887e7 -0.30619503889072064 -0.9478911725965 -13.039157130932267 -0.21502942718491624 127.3591259180962 -11.296034537331082 30.031989951475452 -132.85603150819236 -300.60134916374454
2670 79204.57786345482 5.257931349007887e7 -0.30619472314900875 -0.947890410564125 -13.039157473692534 -0.2150295779885738 127.35912589565554 -11.296034537331195 30.031989951475452 -132.85603150819236 -300.60134916374454
2671 79233.23320770264 5.30140545171186e7 -4.886350844062584 -9.134919562979636 2.079136999886259 33.9752237781277 132.79012383542417 -10.487036924989809 32.79475070471415 -131.87058212749434 -295.6896961088547
2672 79261.6027584076 5.257965221522293e7 -0.3061948037127067 -0.9478905279630654 -13.039157308006587 -0.2150295046725148 127.35912590243034 -11.295409531871144 30.033516247217108 -132.85528392063839 -300.59986267398034
2673 79291.8412604332 5.332816798547571e7 -16.412378958405817 -29.737694867510676 3.2210063390918506 35.14422593419465 183.39038369072833 -18.523768126431378 54.70960278849941 -138.36926112559962 -301.02560542034587
2674 79320.15059161186 5.2579369916242525e7 -0.30619450078382826 -0.9478903554224525 -13.039157524388763 -0.2150295921190093 127.35912586067235 -11.29645375345416 30.032303145184073 -132.8560560370804 -300.6000022000116
2675 79348.93738126755 5.258347263772508e7 -0.3061944092154185 -0.9478902673521574 -13.039157555028432 -0.21502960481895173 127.35912585525531 -11.244175169989546 30.14067816006434 -132.8288399846012 -300.62450720204606
2676 79377.29673361778 5.257931549978184e7 -0.3061943280263826 -0.9478900785390438 -13.039157532505918 -0.21502959206431171 127.35912587458199 -11.295992292762833 30.032074690816444 -132.85599171469693 -300.60134916374454
2677 79405.38215279579 5.257965221522293e7 -0.30619464930526874 -0.9478904160237311 -13.039157479725134 -0.2150295768945938 127.35912589766923 -11.295409531871258 30.033516247217108 -132.85528392063839 -300.5998626739804
2678 79434.0343439579 5.2374934563333966e7 -20.344550667601958 -36.76645161332147 -7.713363533965683 1.0249470056673573 129.20550181963648 -31.46506449978733 38.371781227688416 -148.09563097235605 -300.68166635289913
2679 79462.78029203415 5.850466275449806e7 -15.938070634363758 -68.80698066390417 74.77757664269829 51.07352583993976 135.45137106740356 -0.6433591382061081 60.75181262935712 -117.50969140455646 -220.1916831116867
2680 79493.22187304497 5.523321046543447e7 -12.425950216333884 -22.611953659368368 25.77175212938502 41.700740801418064 193.6264697498393 3.239722008893466 88.71408616923145 -121.94692194704817 -300.66303535352847
2681 79523.562926054 5.529851660062977e7 -12.39708380151935 -22.560354478753126 27.2596918059661 41.85779124361147 193.88692360950273 4.105777308267363 90.35485533021927 -121.27393058007596 -301.0494647553464
2682 79554.42255926132 5.539267501885073e7 -37.04446341578306 -66.61754261377399 46.21584042818201 77.13097054684954 200.90384357746407 -16.59394080354042 98.78268119314134 -136.52354221183725 -296.2487632814398
2683 79585.49967193604 5.539267501885073e7 -37.044463536917995 -66.61754268944354 46.21584040094408 77.13097055725859 200.90384360587024 -16.59394080354042 98.78268119314134 -136.52354221183725 -296.2487632814398
2684 79613.59798169136 5.258347464742806e7 -0.3061939086575016 -0.9478899529176559 -13.039157674118059 -0.21502964264470847 127.3591257810028 -11.244132925421354 30.14076289940556 -132.8288001911057 -300.62450720204606
2685 79642.3748497963 5.2374934563333966e7 -20.34455059002609 -36.76645161541117 -7.713363548394149 1.0249470038018558 129.20550181485916 -31.46506449978733 38.371781227688416 -148.09563097235605 -300.68166635289913
2686 79670.09353733063 5.2579395955906175e7 -0.30619451761264926 -0.9478900346433612 -13.03915764963147 -0.2150296530895872 127.3591258824729 -11.295323962658188 30.03327789659079 -132.85561325648308 -300.6020611077506
2687 79697.99794697762 5.257965221522293e7 -0.30619489499843056 -0.9478905947478218 -13.039157416905574 -0.21502955653993183 127.35912590751106 -11.295409531871258 30.033516247217108 -132.85528392063839 -300.5998626739803
2688 79726.46848511696 5.257931349007887e7 -0.30619469599674076 -0.947890425107861 -13.039157465122798 -0.21502957210709894 127.35912590422919 -11.296034537331195 30.031989951475452 -132.85603150819236 -300.60134916374454
2689 79754.76001763344 5.257931349007887e7 -0.3061946552735151 -0.9478903940532009 -13.039157475143469 -0.21502957553438762 127.3591258955671 -11.296034537331195 30.031989951475452 -132.85603150819236 -300.6013491637445
2690 79782.81930494308 5.257931349007887e7 -0.306194743010618 -0.9478904148273894 -13.039157459884386 -0.21502957220539543 127.35912590691387 -11.296034537331082 30.031989951475452 -132.85603150819236 -300.6013491637445
2691 79810.86729073524 5.257931349007887e7 -0.3061946916704237 -0.947890414629863 -13.03915748147957 -0.2150295799354467 127.3591258942151 -11.296034537331195 30.031989951475452 -132.85603150819247 -300.60134916374454
2692 79839.26834154129 5.257931349007887e7 -0.3061947917368819 -0.947890478103341 -13.039157412188956 -0.2150295522665573 127.35912589963995 -11.296034537331082 30.031989951475452 -132.85603150819236 -300.60134916374454
2693 79868.13408589363 5.850466275449805e7 -15.938070668990996 -68.80698067350616 74.77757661511058 51.07352583931433 135.45137106842444 -0.6433591382061081 60.75181262935712 -117.50969140455646 -220.1916831116867
2694 79896.63307213783 5.301405451711862e7 -4.8863508766439026 -9.134919578969082 2.0791369995383775 33.97522377683195 132.79012383666353 -10.487036924989809 32.79475070471415 -131.87058212749434 -295.6896961088547
2695 79926.09332942963 5.332816798547571e7 -16.412378867213317 -29.737694785416174 3.221006354737746 35.144225943470914 183.3903836887995 -18.523768126431378 54.70960278849941 -138.36926112559962 -301.02560542034587
2696 79956.23205208778 5.523321046543447e7 -12.425950284679462 -22.611953624963718 25.77175216101225 41.70074081015075 193.62646975434814 3.239722008893466 88.71408616923145 -121.94692194704811 -300.66303535352847
2697 79985.92955636978 5.529851660062977e7 -12.397083640224086 -22.56035445455361 27.25969178142973 41.85779124079582 193.88692360214657 4.105777308267193 90.35485533021927 -121.27393058007596 -301.0494647553463
2698 80018.46772789955 6.444314891083322e7 -76.29325732066324 -176.6918733147068 175.47328849242632 171.66134840401787 326.1241466408204 1.3545263714227076 211.47600518887896 -115.95254993722199 -219.83103270335562
2699 80051.22726202011 6.444314891083322e7 -76.29325712592477 -176.69187316918595 175.47328757272328 171.66134806374606 326.12414647890586 1.3545263714227076 211.47600518887896 -115.95254993722199 -219.83103270335562
2700 80079.31335425377 5.257931349007887e7 -0.30619471403087317 -0.9478904701987592 -13.039157463132874 -0.21502957183318472 127.35912589672637 -11.296034537331195 30.031989951475452 -132.85603150819247 -300.60134916374454
2701 80108.53362345695 5.237506298995348e7 -20.344550571634386 -36.766451458700814 -7.713363641847074 1.0249469593577345 129.2055018135184 -31.46515738731881 38.37205179474154 -148.09545395588947 -300.67947493673876
2702 80136.58158183098 5.257931349007887e7 -0.30619466556498764 -0.9478903827223313 -13.039157489202509 -0.21502958265392635 127.35912589289883 -11.296034537331082 30.031989951475452 -132.85603150819236 -300.6013491637445
2703 80164.71517276764 5.257931349007887e7 -0.3061946190203777 -0.9478903067842399 -13.039157513897507 -0.2150295927289676 127.35912589012038 -11.296034537331195 30.031989951475452 -132.85603150819247 -300.60134916374454
2704 80192.61686182022 5.2579395955906175e7 -0.30619447938613575 -0.9478900789701985 -13.039157587982594 -0.2150296229537787 127.35912588178516 -11.295323962658188 30.03327789659079 -132.85561325648308 -300.6020611077506
2705 80222.65391993523 5.94354955986837e7 -56.662766053883274 -141.60237463648463 111.48182814388494 121.86301137664472 198.76000264763354 -27.78052429350072 95.24560321152694 -137.5289118769283 -215.61898400754444
2706 80253.25138616562 5.94354955986837e7 -56.66276600249719 -141.6023746157241 111.48182805766561 121.86301134205883 198.76000264536742 -27.78052429350072 95.24560321152694 -137.5289118769283 -215.61898400754444
2707 80281.72559285164 5.257931349007887e7 -0.3061946779786666 -0.9478904239574382 -13.039157485096972 -0.21502958077526557 127.35912589394555 -11.296034537331082 30.031989951475452 -132.85603150819236 -300.60134916374454
2708 80309.75456237793 5.257931349007887e7 -0.30619460693660017 -0.9478902380664582 -13.039157543362116 -0.2150296063954329 127.35912588909409 -11.296034537331195 30.031989951475452 -132.85603150819236 -300.60134916374454
2709 80338.21452975273 5.2579395955906175e7 -0.3061945706854523 -0.9478900319132526 -13.03915763175607 -0.21502964739480035 127.35912588601249 -11.295323962658188 30.03327789659079 -132.85561325648308 -300.6020611077506
2710 80369.02944302559 6.202629211855183e7 -44.13514679221788 -119.2092496516826 131.33658522694805 128.50560160382375 258.01042655417814 7.307089712152617 145.24486495827944 -111.48466436804074 -219.60952974450532
2711 80399.8824775219 6.202629211855183e7 -44.13514690842564 -119.20924975144743 131.33658532470454 128.50560162713754 258.01042656767726 7.307089712152617 145.24486495827944 -111.48466436804074 -219.60952974450538
2712 80428.0753440857 5.258347464742806e7 -0.306193809221881 -0.9478897898610752 -13.039157726214093 -0.21502966410281488 127.35912577146235 -11.244132925421354 30.14076289940556 -132.8288001911057 -300.62450720204606
2713 80456.413687706 5.257965221522293e7 -0.3061946472432773 -0.9478903353103911 -13.039157508412835 -0.21502959153923484 127.35912588361906 -11.295409531871144 30.033516247217108 -132.85528392063839 -300.5998626739804
2714 80484.31673121452 5.2579395955906175e7 -0.30619436977172043 -0.9478897747235981 -13.039157743790227 -0.21502969266627758 127.35912586830338 -11.295323962658188 30.03327789659079 -132.85561325648308 -300.6020611077506
2715 80512.46801543236 5.2579395955906175e7 -0.30619432552854775 -0.9478897918946334 -13.039157789650346 -0.2150297112115993 127.35912586657999 -11.295323962658188 30.03327789659079 -132.85561325648308 -300.6020611077506
2716 80540.72017431259 5.2579395955906175e7 -0.3061942352858935 -0.9478894873954333 -13.039157869659569 -0.21502974687898302 127.35912586080288 -11.295323962658244 30.03327789659079 -132.85561325648308 -300.6020611077506
2717 80568.82261228561 5.2579395955906175e7 -0.3061938419353538 -0.9478883967308223 -13.03915838691374 -0.21502997725667683 127.3591258400861 -11.295323962658188 30.03327789659079 -132.85561325648308 -300.6020611077506
2718 80598.78984117508 5.523321046543447e7 -12.425950275282734 -22.611953495319145 25.771752098477542 41.700740779630095 193.6264697525579 3.239722008893466 88.71408616923145 -121.94692194704817 -300.66303535352847
2719 80627.11983156204 5.850466275449806e7 -15.938070812847034 -68.80698084430267 74.77757708696438 51.073525922154886 135.4513710888288 -0.6433591382061081 60.75181262935712 -117.50969140455646 -220.1916831116867
2720 80656.20463323593 5.332816798547571e7 -16.412378732560637 -29.737694330604537 3.221006116860046 35.14422583751163 183.3903836696333 -18.523768126431378 54.70960278849941 -138.36926112559962 -301.02560542034587
2721 80685.44302916527 5.529851660062977e7 -12.397083965473495 -22.56035505279668 27.259692042962335 41.85779135239562 193.8869236265196 4.105777308267363 90.35485533021927 -121.27393058007596 -301.0494647553464
2722 80713.42600917816 5.2579315499781854e7 -0.30619451060138303 -0.9478902720648703 -13.0391574949331 -0.21502957996159466 127.35912588724612 -11.295992292762833 30.032074690816444 -132.85599171469693 -300.60134916374454
2723 80741.47071480751 5.257931349007887e7 -0.30619469852058856 -0.9478904123041589 -13.039157466051414 -0.2150295730992724 127.35912589945131 -11.296034537331195 30.031989951475452 -132.85603150819247 -300.6013491637445
2724 80769.46305418015 5.30140545171186e7 -4.886350786437323 -9.134919410559473 2.0791369527203827 33.975223755433404 132.79012383200413 -10.487036924989695 32.79475070471415 -131.87058212749434 -295.6896961088547
2725 80798.2795176506 5.2374934563333966e7 -20.344550241707914 -36.766450742764434 -7.713363906728702 1.0249468458866318 129.20550179178707 -31.46506449978733 38.371781227688416 -148.09563097235605 -300.68166635289913
2726 80827.46505689621 5.928181326330372e7 -32.04425576929778 -97.5967859936949 91.03774201214478 86.43278169976898 191.4826288353599 -7.874154093783602 85.38447816511166 -123.01901891579507 -220.24086190088337
2727 80856.59520721436 5.928181326330375e7 -32.044255769339436 -97.59678599373336 91.03774201228103 86.43278169978832 191.4826288353608 -7.874154093783602 85.38447816511166 -123.01901891579507 -220.24086190088337
2728 80884.82953691483 5.2579395955906175e7 -0.3061945669662478 -0.9478901221293583 -13.039157603091432 -0.21502963311601775 127.35912588554574 -11.295323962658244 30.03327789659079 -132.85561325648308 -300.6020611077506
2729 80913.38021874428 5.30140545171186e7 -4.8863505947283095 -9.134918951110091 2.0791367463021615 33.975223664139335 132.79012381742075 -10.487036924989809 32.79475070471415 -131.87058212749434 -295.6896961088547
2730 80942.22806096077 5.275616678780312e7 -24.92470652982115 -44.953480274563034 7.404930716427444 35.21520026690456 134.63649974298548 -31.057319606867622 40.33671807270434 -147.29296595764816 -296.19621306771523
2731 80970.46826148033 5.257931349007887e7 -0.3061946734194372 -0.9478903865005321 -13.0391574766494 -0.21502957708753456 127.35912589569841 -11.296034537331082 30.031989951475452 -132.85603150819236 -300.6013491637445
2732 80998.86639666557 5.2579395955906175e7 -0.30619450644203994 -0.9478900575614055 -13.039157648745359 -0.2150296519067183 127.35912588202413 -11.295323962658188 30.03327789659079 -132.85561325648308 -300.6020611077506
2733 81026.91673254967 5.2579395955906175e7 -0.30619442288830356 -0.9478897923292218 -13.0391577459133 -0.21502969551397655 127.35912587514757 -11.295323962658188 30.03327789659079 -132.85561325648308 -300.6020611077506
2734 81054.80880141258 5.257931349007887e7 -0.306194592766861 -0.9478901899976204 -13.039157561903373 -0.21502961453566627 127.35912589259458 -11.296034537331195 30.031989951475452 -132.85603150819236 -300.6013491637445
2735 81082.92650699615 5.257931349007887e7 -0.3061947434419743 -0.9478905719702251 -13.039157392489727 -0.21502954000493446 127.35912589831379 -11.296034537331195 30.031989951475452 -132.85603150819236 -300.60134916374454
2736 81111.40418100357 5.2579395955906175e7 -0.3061946002399125 -0.9478901298719178 -13.039157587683206 -0.21502962744268928 127.35912589223801 -11.295323962658244 30.03327789659079 -132.85561325648308 -300.6020611077506
2737 81139.34184026718 5.257931349007887e7 -0.30619477682166263 -0.9478904902245366 -13.039157447724477 -0.2150295673287559 127.3591258997182 -11.296034537331082 30.031989951475452 -132.85603150819236 -300.60134916374454
2738 81167.86337590218 5.850466275449806e7 -15.938070584101645 -68.80698052223714 74.77757611877443 51.073525758003115 135.45137105553084 -0.6433591382061081 60.75181262935712 -117.50969140455646 -220.1916831116867
2739 81196.99407958984 5.332816798547571e7 -16.412379108457696 -29.737695151286264 3.2210064829062404 35.14422599684035 183.3903837006826 -18.523768126431378 54.70960278849941 -138.36926112559962 -301.02560542034587
2740 81227.11452960968 5.523321046543447e7 -12.425950398191421 -22.611953793285394 25.771752234416013 41.700740839305936 193.6264697619596 3.239722008893466 88.71408616923145 -121.94692194704817 -300.66303535352847
2741 81256.66546154022 5.529851660062977e7 -12.397083599779286 -22.560354316686347 27.25969172443319 41.857791215012696 193.88692359888245 4.105777308267363 90.35485533021927 -121.27393058007596 -301.0494647553463
2742 81284.6639740467 5.257931349007887e7 -0.306194520616458 -0.9478901365358112 -13.039157547060512 -0.215029605855662 127.35912588250585 -11.296034537331082 30.031989951475452 -132.85603150819236 -300.60134916374454
2743 81312.62673902512 5.257939796560917e7 -0.3061942616559996 -0.9478898319439386 -13.039157558155615 -0.21502960423654827 127.35912586274158 -11.295281718089996 30.033362635931894 -132.85557346298754 -300.6020611077506
2744 81343.63125872612 5.577365694852111e7 -48.570489319180524 -87.22031768903871 47.35770902438528 78.29997253876805 251.50410342269487 -24.561586189320963 120.88557646906929 -142.8888191076163 -300.6695680874499
2745 81375.03908848763 5.577365694852111e7 -48.57048931902475 -87.22031768901546 47.35770902427254 78.29997253873634 251.50410342263805 -24.561586189320963 120.88557646906929 -142.8888191076163 -300.6695680874499
2746 81403.61533308029 5.2579395955906175e7 -0.3061945216406947 -0.947890060809975 -13.039157623245288 -0.2150296409812995 127.35912588280222 -11.295323962658188 30.03327789659079 -132.85561325648308 -300.6020611077506
2747 81431.21999263763 5.2579395955906175e7 -0.30619419136371206 -0.9478893876019665 -13.039157885586121 -0.21502975393973145 127.35912585935176 -11.295323962658244 30.03327789659079 -132.85561325648308 -300.6020611077506
2748 81459.71731877327 5.3014052135757685e7 -4.8863506864804975 -9.134919286835437 2.0791369519907548 33.97522375395259 132.79012382452922 -10.487040680712198 32.79475070471415 -131.87058566143946 -295.6896961088547
2749 81487.68693947792 5.257931349007887e7 -0.30619445378060917 -0.9478900939337329 -13.039157610655522 -0.2150296322136711 127.35912587847059 -11.296034537331195 30.031989951475452 -132.85603150819236 -300.6013491637445
2750 81515.65544700623 5.257934722480423e7 -0.306194253272956 -0.9478899661274953 -13.039157801440865 -0.21502971128741422 127.35912586636594 -11.295685457028924 30.033207642897878 -132.8558719065801 -300.60180714802163
2751 81545.70637917519 5.529851660062977e7 -12.397084752000005 -22.560355210280918 27.25969244814646 41.85779150095442 193.8869236577797 4.105777308267363 90.35485533021927 -121.27393058007596 -301.0494647553464
2752 81575.25375008583 5.529851660062977e7 -12.397084755869756 -22.560355210194917 27.259692443405484 41.85779149868533 193.88692365801512 4.105777308267363 90.35485533021927 -121.27393058007596 -301.0494647553464
2753 81603.2678155899 5.2579395955906175e7 -0.3061944850412921 -0.9478900114714905 -13.03915764311855 -0.21502964902410326 127.35912588037871 -11.295323962658188 30.03327789659079 -132.85561325648308 -300.6020611077506
2754 81631.27525186539 5.2579395955906175e7 -0.3061944169492641 -0.9478898871890769 -13.039157668517682 -0.21502965906005045 127.35912587912058 -11.295323962658188 30.03327789659079 -132.85561325648308 -300.6020611077506
2755 81659.75451350212 5.2579395955906175e7 -0.3061940616722225 -0.9478893023066401 -13.03915800127919 -0.21502980189175958 127.35912584824572 -11.295323962658244 30.03327789659079 -132.85561325648308 -300.6020611077506
2756 81687.72603750229 5.3014052135757685e7 -4.886350623897265 -9.134919242955508 2.079136866850149 33.975223724214715 132.79012382038542 -10.487040680712084 32.79475070471415 -131.87058566143946 -295.6896961088547
2757 81715.43287730217 5.2579429690631546e7 -0.30619421449690876 -0.9478897949990719 -13.039157856775525 -0.21502973651736568 127.35912586633013 -11.294974882355973 30.034495588013215 -132.85545365487081 -300.6025190920277
2758 81744.04768538475 5.332816798547571e7 -16.41237874524645 -29.737694415647873 3.221006172339692 35.14422586299702 183.3903836765874 -18.523768126431378 54.70960278849941 -138.36926112559962 -301.02560542034587
2759 81773.74953079224 6.105431863413855e7 -28.05782608139417 -90.47104345404651 113.58848485015865 92.98929601311713 201.71871489777283 13.423078974268378 118.34989642834319 -106.98039039307008 -221.24123553819453
2760 81801.86134648323 5.257931349007887e7 -0.3061945057456654 -0.947890158084495 -13.039157585962656 -0.21502962253873648 127.35912588517445 -11.296034537331082 30.031989951475452 -132.85603150819236 -300.60134916374454
2761 81830.2800309658 5.257931349007887e7 -0.3061944877498348 -0.9478902325157224 -13.039157566031818 -0.21502961170702406 127.35912588421674 -11.296034537331082 30.031989951475452 -132.85603150819236 -300.60134916374454
2762 81858.12386751175 5.257931349007887e7 -0.3061946348300495 -0.9478902383778669 -13.039157581606737 -0.2150296250196959 127.35912588787482 -11.296034537331195 30.031989951475452 -132.85603150819247 -300.60134916374454
2763 81886.27796292305 5.257931349007887e7 -0.3061944612298326 -0.9478901267405861 -13.03915760041125 -0.21502962750759025 127.35912587945452 -11.296034537331195 30.031989951475452 -132.85603150819236 -300.60134916374454
2764 81914.73933053017 5.2374934563333966e7 -20.34455038638773 -36.76645131083107 -7.7133636873229605 1.0249469466812968 129.20550179908253 -31.46506449978733 38.371781227688416 -148.09563097235605 -300.68166635289913
2765 81944.10018873215 5.5298516600629784e7 -12.39708344417734 -22.560354178406612 27.259691656030043 41.85779118888638 193.88692358770325 4.105777308267363 90.35485533021927 -121.27393058007596 -301.0494647553464
2766 81973.18141555786 5.523321046543447e7 -12.425950141251754 -22.61195345887992 25.771752059223275 41.70074076743515 193.62646974120187 3.239722008893466 88.71408616923145 -121.94692194704817 -300.66303535352847
2767 82001.8771674633 5.2374934934185065e7 -20.344551629079053 -36.76645278085257 -7.713362920744558 1.0249472524623968 129.20550190777166 -31.46501791480995 38.371781227688416 -148.09560903707256 -300.68166635289913
2768 82031.99268388748 6.092056522680456e7 -48.0961820579097 -126.2896051316893 118.9142802374704 94.22927273717293 203.5650908610273 -6.613426828688034 126.8802372388734 -122.02665488010615 -220.1662893677488
2769 82060.04279351234 5.2579395955906175e7 -0.30619453878458813 -0.947890044240391 -13.039157629355614 -0.2150296446807971 127.35912588421915 -11.295323962658244 30.03327789659079 -132.85561325648308 -300.6020611077506
2770 82088.36951375008 5.2374934563333966e7 -20.344550379675994 -36.76645129511765 -7.713363697219663 1.0249469423054762 129.20550179889506 -31.46506449978733 38.371781227688416 -148.09563097235605 -300.68166635289913
2771 82116.66038179398 5.257931349007887e7 -0.30619452260588176 -0.9478901431882587 -13.039157543972628 -0.21502960447280373 127.35912588253731 -11.296034537331195 30.031989951475452 -132.85603150819236 -300.60134916374454
2772 82144.75884246826 5.2579395955906175e7 -0.3061944099961167 -0.9478900213469537 -13.03915764595937 -0.21502964710903427 127.3591258741934 -11.295323962658244 30.03327789659079 -132.85561325648308 -300.6020611077506
2773 82172.51283192635 5.257931349007887e7 -0.30619445666527056 -0.947890103896559 -13.039157606201591 -0.2150296302151702 127.35912587851526 -11.296034537331195 30.031989951475452 -132.85603150819236 -300.6013491637445
2774 82200.55340790749 5.257965221522293e7 -0.30619444869323686 -0.9478900882100172 -13.039157614889383 -0.2150296340881539 127.35912587582887 -11.295409531871144 30.033516247217108 -132.85528392063839 -300.5998626739804
2775 82228.49466609955 5.2579315499781854e7 -0.30619435935466655 -0.9478900115258977 -13.039157630147244 -0.2150296380006722 127.35912587366084 -11.295992292762833 30.032074690816444 -132.85599171469693 -300.60134916374454
2776 82256.9205300808 5.257931349007887e7 -0.3061946302459262 -0.9478904761581868 -13.039157437136168 -0.21502955657648215 127.35912589186759 -11.296034537331082 30.031989951475452 -132.85603150819247 -300.60134916374454
2777 82285.2646818161 5.257931349007887e7 -0.30619444769078186 -0.9478900752970159 -13.039157619353325 -0.21502963610514314 127.35912587784787 -11.296034537331082 30.031989951475452 -132.85603150819247 -300.60134916374454
2778 82313.2694003582 5.2579395955906175e7 -0.30619442942149533 -0.9478900193868203 -13.039157645446352 -0.21502964777947398 127.35912587598136 -11.295323962658188 30.03327789659079 -132.85561325648308 -300.6020611077506
2779 82342.39528131485 5.928181326330375e7 -32.04425487771101 -97.59678526190659 91.03774171576202 86.43278160154665 191.48262886506012 -7.874154093783602 85.38447816511166 -123.01901891579507 -220.24086190088337
2780 82371.39038443565 5.928181326330375e7 -32.044254806010976 -97.59678521631506 91.03774167455384 86.43278158626097 191.4826288407235 -7.874154093783602 85.38447816511166 -123.01901891579507 -220.24086190088337
2781 82399.18966674805 5.2579395955906175e7 -0.3061944720415717 -0.9478899733403656 -13.03915764945748 -0.2150296518575061 127.35912587988267 -11.295323962658188 30.03327789659079 -132.85561325648308 -300.6020611077506
2782 82427.68819284439 5.850466275449806e7 -15.938070511296822 -68.80698051401477 74.77757642092466 51.07352581104173 135.45137105507592 -0.6433591382061081 60.75181262935712 -117.50969140455646 -220.1916831116867
2783 82455.56975769997 5.2579395955906175e7 -0.30619439550930494 -0.9478899647453831 -13.039157709257083 -0.2150296758390482 127.35912587389296 -11.295323962658188 30.03327789659079 -132.85561325648308 -300.6020611077506
2784 82483.7167365551 5.257931349007887e7 -0.30619445113310206 -0.9478900772430325 -13.039157617917674 -0.21502963546952003 127.35912588038016 -11.296034537331195 30.031989951475452 -132.85603150819236 -300.60134916374454
2785 82511.79277873039 5.2579395955906175e7 -0.3061942868734775 -0.9478897010434508 -13.039157769044401 -0.21502970146327982 127.35912586679312 -11.295323962658244 30.03327789659079 -132.85561325648308 -300.6020611077506
2786 82540.23993062973 5.2579395955906175e7 -0.3061944570824835 -0.9478900759993669 -13.039157626632274 -0.21502963942195663 127.35912588161278 -11.295323962658188 30.03327789659079 -132.85561325648308 -300.6020611077506
2787 82569.77369379997 5.5298516600629784e7 -12.397083437654253 -22.560354145853495 27.259691645563606 41.85779118446112 193.88692358715542 4.105777308267363 90.35485533021927 -121.27393058007596 -301.0494647553464
2788 82598.12554979324 5.3014052135757685e7 -4.886350622452433 -9.134919238815247 2.0791368665742027 33.975223723938996 132.79012382000766 -10.487040680712084 32.79475070471415 -131.87058566143946 -295.6896961088547
2789 82627.13673591614 5.332816798547571e7 -16.412378781224856 -29.737694576312016 3.2210062282006007 35.1442258888641 183.3903836761978 -18.523768126431378 54.70960278849941 -138.36926112559962 -301.02560542034587
2790 82655.3186223507 5.257931349007887e7 -0.30619464663213947 -0.947890306488004 -13.039157497725704 -0.2150295867977121 127.35912588963645 -11.296034537331082 30.031989951475452 -132.85603150819236 -300.60134916374454
2791 82683.61292052269 5.257931549978184e7 -0.306194487112446 -0.9478901560959327 -13.039157553652338 -0.21502960708204455 127.35912588201461 -11.295992292762946 30.032074690816444 -132.85599171469693 -300.6013491637445
2792 82712.22362875938 5.257931549978184e7 -0.3061944184748988 -0.9478902091973413 -13.039157567800679 -0.21502960986258302 127.35912587768306 -11.295992292762946 30.032074690816444 -132.85599171469693 -300.60134916374454
2793 82741.37806582451 5.523321046543447e7 -12.4259501479273 -22.611953400182948 25.771752077634176 41.70074077435409 193.62646974368673 3.239722008893466 88.71408616923145 -121.94692194704811 -300.66303535352847
2794 82769.44401192665 5.257965221522293e7 -0.30619457337236256 -0.9478902084799978 -13.039157599700232 -0.21502963151958454 127.3591258777235 -11.295409531871144 30.033516247217108 -132.85528392063839 -300.59986267398034
2795 82800.6720263958 6.20959357063958e7 -68.78252227966075 -163.26643815319355 150.29273663558547 163.77878131538546 265.02734654496 -13.525695954185096 153.37316588693193 -126.74985730456638 -215.22245747679352
2796 82831.92094826698 6.20959357063958e7 -68.78252247413681 -163.26643828001073 150.29273670082847 163.77878133208122 265.02734657036734 -13.525695954185096 153.37316588693193 -126.74985730456643 -215.22245747679352
2797 82860.25845384598 5.2579395955906175e7 -0.3061944893795605 -0.9478900748421708 -13.039157612074916 -0.21502963454632606 127.3591258808287 -11.295323962658244 30.03327789659079 -132.85561325648308 -300.6020611077506
2798 82888.22147250175 5.257931349007887e7 -0.30619453052560175 -0.9478902629493513 -13.03915753570957 -0.21502959955930123 127.35912588350278 -11.296034537331195 30.031989951475452 -132.85603150819236 -300.6013491637445
2799 82916.25198578835 5.257931349007887e7 -0.30619441234020783 -0.9478900569020974 -13.039157648846313 -0.21502964810997582 127.35912587591227 -11.296034537331195 30.031989951475452 -132.85603150819236 -300.60134916374454
2800 82944.40163230896 5.257934722480423e7 -0.3061943062882051 -0.9478900017173988 -13.039157737325446 -0.215029684124886 127.35912587010432 -11.29568545702898 30.033207642897878 -132.8558719065801 -300.60180714802163
2801 82973.37955069542 5.9650316230794504e7 -36.62441068484742 -105.78381416995884 106.1560356465174 120.62303474957768 196.91362678305848 -7.395668634414108 87.4218948927097 -122.19676129279878 -215.82934127904622
2802 83002.76001644135 5.96503162307945e7 -36.62441054802474 -105.78381398715109 106.15603515213772 120.62303466500869 196.91362676825847 -7.395668634414108 87.4218948927097 -122.19676129279878 -215.82934127904622
2803 83031.24929642677 5.2579395955906175e7 -0.306194477779389 -0.9478900478256884 -13.039157624815267 -0.21502964014673864 127.35912587955086 -11.295323962658188 30.03327789659079 -132.85561325648308 -300.6020611077506
2804 83059.19910168648 5.3014052135757685e7 -4.886350585713057 -9.134919216893541 2.0791368203154903 33.975223708084826 132.79012381763508 -10.487040680712084 32.79475070471415 -131.87058566143946 -295.6896961088547
2805 83087.37435674667 5.257931349007887e7 -0.3061944020781091 -0.9478900459284407 -13.039157653766068 -0.2150296502052811 127.35912587372498 -11.296034537331082 30.031989951475452 -132.85603150819236 -300.60134916374454
2806 83115.69328093529 5.258313391258101e7 -0.30619437129208293 -0.9478900130074788 -13.03915766852527 -0.2150296564911116 127.35912586716205 -11.244800175449598 30.1391518643228 -132.82958757215516 -300.6259936918102
2807 83147.90372681618 6.498427149985342e7 -60.83505574802348 -149.06034159912053 185.26579447272218 204.6116260622493 329.70876839691937 21.98660948291331 205.20852599265618 -100.03838308466726 -215.82727191570615
2808 83179.8631207943 6.498427149985342e7 -60.83505574562622 -149.06034159579704 185.2657944621835 204.6116260603445 329.70876839619234 21.98660948291331 205.20852599265618 -100.03838308466726 -215.82727191570615
2809 83207.76171731949 5.2579395955906175e7 -0.30619445923589694 -0.9478900328621984 -13.039157641706716 -0.2150296471825186 127.35912587819493 -11.295323962658244 30.03327789659079 -132.85561325648308 -300.6020611077506
2810 83236.02330255508 5.850466275449806e7 -15.938070427543224 -68.80698042759775 74.77757616560493 51.07352574788938 135.45137104564222 -0.6433591382061081 60.75181262935712 -117.50969140455646 -220.1916831116867
2811 83264.14816093445 5.2579395955906175e7 -0.306194323660538 -0.9478898618035512 -13.03915773783504 -0.21502968709114612 127.35912586831796 -11.295323962658188 30.03327789659079 -132.85561325648308 -300.6020611077506
2812 83292.20972442627 5.257934722480423e7 -0.3061943332830097 -0.9478900011153781 -13.039157718122077 -0.21502967685320584 127.35912586952529 -11.295685457028924 30.033207642897878 -132.8558719065801 -300.60180714802163
2813 83320.0396912098 5.257931349007887e7 -0.30619439976063134 -0.9478900433161037 -13.039157654478451 -0.21502965046407496 127.35912587352082 -11.296034537331195 30.031989951475452 -132.85603150819236 -300.60134916374454
2814 83347.83798623085 5.257931349007887e7 -0.3061943928083437 -0.9478900354793707 -13.039157656615636 -0.21502965124062712 127.35912587291044 -11.296034537331195 30.031989951475452 -132.85603150819236 -300.6013491637445
2815 83375.86856746674 5.257931549978184e7 -0.3061943719514453 -0.9478900119688198 -13.03915766302724 -0.21502965357007042 127.35912587107754 -11.295992292762833 30.032074690816444 -132.85599171469693 -300.60134916374454
2816 83405.30478191376 6.105431863413855e7 -28.05782656066606 -90.47104415593455 113.58848685491863 92.98929636223164 201.718714950355 13.423078974268378 118.34989642834319 -106.98039039307008 -221.24123553819447
2817 83435.43755483627 6.105431863413855e7 -28.05782657047808 -90.47104417257334 113.58848691405257 92.98929637325298 201.71871495218227 13.423078974268378 118.34989642834319 -106.98039039307008 -221.24123553819447
2818 83463.75512242317 5.2579395955906175e7 -0.30619441270219383 -0.9478899311555722 -13.039157697170907 -0.21502967148060748 127.35912587430953 -11.295323962658244 30.03327789659079 -132.85561325648308 -300.6020611077506
2819 83491.91617536545 5.2579395955906175e7 -0.30619430174689555 -0.9478898411532555 -13.039157744736904 -0.21502968957562985 127.35912586641055 -11.295323962658188 30.03327789659079 -132.85561325648308 -300.6020611077506
2820 83519.88602471352 5.257973468105024e7 -0.30619440851197766 -0.9478900349215698 -13.039157658589374 -0.21502965286471465 127.35912587159368 -11.294698957198193 30.034804192332444 -132.8548656689291 -300.60057461798647
2821 83547.84463047981 5.257939796560917e7 -0.30619430344544085 -0.9478899564657981 -13.039157670519046 -0.21502965462050838 127.35912586901539 -11.295281718089882 30.033362635931894 -132.85557346298754 -300.6020611077506
2822 83576.05487394333 5.30140521357577e7 -4.886350578160727 -9.134919198537508 2.0791368155203926 33.975223705493775 132.79012381570794 -10.487040680712084 32.79475070471415 -131.87058566143946 -295.6896961088547
2823 83604.98934102058 5.332816798547571e7 -16.412378720822886 -29.737694510822223 3.2210061652182205 35.14422586250892 183.3903836703056 -18.523768126431378 54.70960278849941 -138.36926112559962 -301.02560542034587
2824 83633.34928798676 5.257931349007887e7 -0.30619438562448664 -0.9478900336210696 -13.03915765756443 -0.2150296514122516 127.3591258722614 -11.296034537331082 30.031989951475452 -132.85603150819236 -300.60134916374454
2825 83661.11785411835 5.2579315499781854e7 -0.30619436407258505 -0.947890028046471 -13.039157660411135 -0.21502965192703982 127.35912587031626 -11.295992292762946 30.032074690816444 -132.85599171469693 -300.6013491637445
2826 83692.89205813408 6.498427149985342e7 -60.835055109945955 -149.06034083896964 185.26579200180112 204.61162556341478 329.70876834317863 21.98660948291331 205.20852599265618 -100.03838308466726 -215.82727191570615
2827 83724.45380568504 6.498427149985342e7 -60.83505511272111 -149.06034084146614 185.26579200082907 204.61162556292606 329.70876834478855 21.98660948291331 205.20852599265618 -100.03838308466726 -215.82727191570615
2828 83752.92050099373 5.2579395955906175e7 -0.30619440107101425 -0.9478899168297943 -13.039157705963724 -0.21502967515822036 127.359125873203 -11.295323962658244 30.03327789659079 -132.85561325648308 -300.6020611077506
2829 83781.61827039719 5.850466275449806e7 -15.93807040064937 -68.80698040286126 74.77757612922355 51.07352573979952 135.45137104310885 -0.6433591382061081 60.75181262935712 -117.50969140455646 -220.1916831116867
2830 83809.53193044662 5.257931349007887e7 -0.30619444901004655 -0.9478900659889575 -13.03915759893377 -0.21502962729029207 127.35912587606114 -11.296034537331082 30.031989951475452 -132.85603150819247 -300.60134916374454
2831 83837.68524193764 5.257931549978184e7 -0.3061942877280188 -0.9478899533579224 -13.039157677844052 -0.2150296574068875 127.35912586707371 -11.295992292762833 30.032074690816444 -132.85599171469693 -300.60134916374454
2832 83866.0973110199 5.257931349007887e7 -0.3061944644282306 -0.9478902191578191 -13.03915757686081 -0.21502961605483506 127.35912587780822 -11.296034537331082 30.031989951475452 -132.85603150819236 -300.60134916374454
2833 83894.22752571106 5.257965422492591e7 -0.30619440103908957 -0.9478900609310408 -13.039157639099876 -0.215029643366762 127.35912587324225 -11.295367287302838 30.0336009865581 -132.85524412714295 -300.59986267398034
2834 83922.58811855316 5.3014052135757685e7 -4.886350562362029 -9.134919199490938 2.079136815406251 33.97522370650144 132.79012381415157 -10.487040680712198 32.79475070471415 -131.87058566143946 -295.6896961088547
2835 83953.59291887283 6.166216546419579e7 -64.20236638715646 -155.07940944138315 135.17444373083282 129.5885282655991 259.59634863509905 -14.16853963284558 150.94993887092141 -127.72210621592586 -220.24728458127908
2836 83981.55927944183 5.257965422492591e7 -0.3061943981945632 -0.9478900743446896 -13.039157630730244 -0.21502963928840302 127.35912587186527 -11.295367287302952 30.0336009865581 -132.85524412714295 -300.5998626739804
2837 84009.65842676163 5.257965422492591e7 -0.3061943807735936 -0.94789004130359 -13.039157645673512 -0.21502964615892495 127.35912586790309 -11.295367287302952 30.0336009865581 -132.85524412714295 -300.59986267398034
2838 84039.20189595222 5.529851660062977e7 -12.39708336894245 -22.560354091359944 27.25969159748785 41.85779116490532 193.88692358105766 4.105777308267193 90.35485533021927 -121.27393058007596 -301.0494647553464
2839 84067.69147872925 5.332816798547571e7 -16.41237869249776 -29.737694482400677 3.221006143626397 35.1442258538862 183.39038366763953 -18.523768126431378 54.70960278849941 -138.36926112559962 -301.02560542034587
2840 84095.71502614021 5.2583250113133684e7 -0.3061942294155173 -0.9478897040250338 -13.03915784120094 -0.2150297320979888 127.3591258584062 -11.243740520474432 30.14165750086056 -132.8290097188335 -300.6271636200935
2841 84127.50984168053 5.910693534156119e7 -45.20318003628983 -81.20125130275238 97.44905986971474 153.32307053079745 321.6165232291866 11.617608677927876 175.1742315829241 -115.20066137467927 -295.96643316673845
2842 84159.16236305237 5.910693534156119e7 -45.203180036285644 -81.20125130276195 97.44905986971588 153.32307053079845 321.61652322918627 11.617608677927876 175.1742315829241 -115.20066137467927 -295.96643316673845
2843 84187.22486400604 5.2579395955906175e7 -0.3061944620884063 -0.9478900519742108 -13.039157628997863 -0.21502964134323577 127.35912587807611 -11.295323962658244 30.03327789659079 -132.85561325648308 -300.6020611077506
2844 84216.17583942413 5.332816798547571e7 -16.412378691289433 -29.737694476884524 3.221006149953851 35.1442258564403 183.39038366808026 -18.523768126431378 54.70960278849941 -138.36926112559962 -301.02560542034587
2845 84244.16798758507 5.257931349007887e7 -0.30619440667582154 -0.9478900661693475 -13.039157643934352 -0.21502964556771076 127.35912587535958 -11.296034537331082 30.031989951475452 -132.85603150819236 -300.6013491637445
2846 84272.17038869858 5.257931349007887e7 -0.3061944087129618 -0.9478900796077516 -13.039157637408849 -0.21502964275630632 127.35912587363785 -11.296034537331195 30.031989951475452 -132.85603150819247 -300.60134916374454
2847 84300.23563838005 5.257931549978184e7 -0.3061944044620546 -0.9478900914429005 -13.039157629996964 -0.21502963899439465 127.35912587405431 -11.295992292762946 30.032074690816444 -132.85599171469693 -300.60134916374454
2848 84328.47047185898 5.3014052135757685e7 -4.8863505592245 -9.134919193895005 2.079136811128933 33.97522370479071 132.79012381393773 -10.487040680712084 32.79475070471415 -131.87058566143946 -295.6896961088547
2849 84356.38046431541 5.257931349007887e7 -0.3061944186984107 -0.9478900542971243 -13.039157626032 -0.21502963834571176 127.35912587425624 -11.296034537331082 30.031989951475452 -132.85603150819247 -300.60134916374454
2850 84384.57443594933 5.257931349007887e7 -0.3061944162803911 -0.9478900482887953 -13.039157658123507 -0.21502965277721842 127.3591258738157 -11.296034537331195 30.031989951475452 -132.85603150819236 -300.60134916374454
2851 84413.1321849823 5.237493456333396e7 -20.344550321947782 -36.76645126942147 -7.713363731404854 1.0249469290238125 129.20550179244535 -31.46506449978733 38.371781227688416 -148.09563097235605 -300.68166635289913
2852 84442.5201022625 5.529851660062977e7 -12.397083394339138 -22.56035414385025 27.25969162074012 41.85779117497468 193.88692358117396 4.105777308267363 90.35485533021927 -121.27393058007596 -301.0494647553464
2853 84470.90865206718 5.257931349007887e7 -0.30619439343073296 -0.9478900419293357 -13.039157653430067 -0.21502964977854333 127.35912587315346 -11.296034537331195 30.031989951475452 -132.85603150819247 -300.60134916374454
2854 84499.19885921478 5.257931349007887e7 -0.3061943947521897 -0.9478900507973558 -13.039157649643606 -0.2150296480058813 127.35912587331414 -11.296034537331082 30.031989951475452 -132.85603150819247 -300.60134916374454
2855 84528.00363564491 5.850466275449805e7 -15.938070435562466 -68.80698045002563 74.77757626700182 51.073525764589704 135.45137104688501 -0.6433591382061081 60.75181262935712 -117.50969140455646 -220.1916831116867
2856 84557.31042051315 5.523321046543447e7 -12.425950053159635 -22.61195328922569 25.771751982225744 41.70074073408114 193.62646973542232 3.239722008893466 88.71408616923145 -121.94692194704817 -300.66303535352847
2857 84585.51462936401 5.2579397965609156e7 -0.3061943273320189 -0.9478899447684341 -13.039157701475418 -0.21502967000417073 127.35912586651641 -11.295281718089996 30.033362635931894 -132.85557346298754 -300.6020611077506
2858 84616.19932246208 6.141749187469859e7 -52.64747161948552 -134.42503509600326 135.52051486351021 128.57657672587817 209.25654263723126 -4.956443998108796 131.2416611073137 -120.40774683941936 -215.67064893621955
2859 84646.80954408646 6.141749187469859e7 -52.647471612874426 -134.4250350930219 135.52051490603054 128.5765767313758 209.25654263450957 -4.956443998108796 131.2416611073137 -120.40774683941936 -215.6706489362196
2860 84674.50694918633 5.257931349007887e7 -0.3061944017055822 -0.9478900493867721 -13.039157652083915 -0.21502964941380753 127.3591258734932 -11.296034537331195 30.031989951475452 -132.85603150819236 -300.60134916374454
2861 84702.42373871803 5.3014052135757685e7 -4.8863505599131045 -9.134919194564157 2.0791368121010123 33.975223705134596 132.7901238139346 -10.487040680712198 32.79475070471415 -131.87058566143946 -295.6896961088547
2862 84732.39563298225 5.257931349007887e7 -0.3061943838199639 -0.9478900323577442 -13.0391576595892 -0.2150296522506352 127.35912587231893 -11.296034537331082 30.031989951475452 -132.85603150819236 -300.6013491637445
2863 84760.16305303574 5.257931349007887e7 -0.3061943803326308 -0.9478900286940366 -13.03915766068696 -0.21502965272398455 127.35912587135647 -11.296034537331195 30.031989951475452 -132.85603150819236 -300.60134916374454
2864 84788.16159629822 5.257931349007887e7 -0.3061943644572196 -0.9478900139127742 -13.039157670054124 -0.21502965665922602 127.35912586864214 -11.296034537331082 30.031989951475452 -132.85603150819247 -300.60134916374454
2865 84816.32339906693 5.2583167647306375e7 -0.30619431683072307 -0.9478899695687746 -13.039157698155712 -0.21502966846503568 127.35912586049763 -11.24445109514744 30.140369555745224 -132.82942797054284 -300.6264516760873
2866 84846.98646783829 6.092056522680456e7 -48.0961820912774 -126.28960489290318 118.9142793814767 94.22927266396476 203.56509083492384 -6.613426828688091 126.8802372388734 -122.02665488010615 -220.16628936774885
2867 84877.76867604256 6.092056522680456e7 -48.09618209062766 -126.28960489205468 118.91427937844564 94.22927266335707 203.5650908348567 -6.613426828688034 126.8802372388734 -122.02665488010615 -220.1662893677488
2868 84905.54773330688 5.257931349007887e7 -0.3061943868566388 -0.9478900351113673 -13.039157658028174 -0.21502965169771926 127.35912587212592 -11.296034537331082 30.031989951475452 -132.85603150819236 -300.6013491637445
2869 84935.12330341339 5.523321046543447e7 -12.425950021093403 -22.61195326183275 25.77175196236559 41.70074072543892 193.6264697313451 3.239722008893466 88.71408616923145 -121.94692194704817 -300.66303535352847
2870 84963.1715605259 5.2579395955906175e7 -0.3061943576663282 -0.9478899829991745 -13.039157679289481 -0.2150296609204645 127.35912586814412 -11.295323962658244 30.03327789659079 -132.85561325648308 -300.6020611077506
2871 84991.17755007744 5.3014052135757685e7 -4.88635055623168 -9.134919187433121 2.079136815875195 33.97522370602664 132.79012381160487 -10.487040680712084 32.79475070471415 -131.87058566143946 -295.6896961088547
2872 85019.83996343613 5.332816798547571e7 -16.412378694851583 -29.73769449849594 3.221006152299445 35.14422585823495 183.39038366475017 -18.523768126431378 54.70960278849941 -138.36926112559962 -301.02560542034587
2873 85048.32606720924 5.2579315499781854e7 -0.3061943826975906 -0.9478900268179693 -13.039157638688152 -0.21502964311223138 127.35912587023235 -11.295992292762833 30.032074690816444 -132.85599171469693 -300.60134916374454
2874 85076.4881067276 5.257931349007887e7 -0.30619438818996514 -0.9478900329823876 -13.039157650688232 -0.21502964856968276 127.35912587274488 -11.296034537331195 30.031989951475452 -132.85603150819247 -300.60134916374454
2875 85104.58144497871 5.257931349007887e7 -0.30619444744746005 -0.947890074536204 -13.039157601986851 -0.2150296287547917 127.35912587270793 -11.296034537331082 30.031989951475452 -132.85603150819247 -300.60134916374454
2876 85133.09732222557 5.257931349007887e7 -0.30619437085747236 -0.9478900166555935 -13.039157667234122 -0.21502965562292786 127.35912586946144 -11.296034537331082 30.031989951475452 -132.85603150819247 -300.60134916374454
2877 85161.81047868729 5.2374934563333966e7 -20.34455029411283 -36.76645124720723 -7.713363749409851 1.0249469215479365 129.20550178834029 -31.46506449978733 38.371781227688416 -148.09563097235605 -300.6816663528992
2878 85190.26086854935 5.850466275449806e7 -15.93807038645443 -68.80698039253802 74.77757614625028 51.07352574065389 135.45137104025443 -0.6433591382061081 60.75181262935712 -117.50969140455646 -220.1916831116867
2879 85219.64521121979 5.529851660062977e7 -12.39708326840346 -22.560354017438495 27.2596915216726 41.85779113371686 193.88692357366781 4.105777308267363 90.35485533021927 -121.27393058007596 -301.0494647553464
2880 85248.98648142815 5.529851660062977e7 -12.397083387175517 -22.56035410450555 27.259691619478808 41.85779117374476 193.8869235802064 4.105777308267363 90.35485533021927 -121.27393058007596 -301.0494647553464
2881 85278.21734404564 5.529851660062977e7 -12.397083390713295 -22.560354096814628 27.2596916326491 41.85779118053166 193.8869235789991 4.105777308267363 90.35485533021927 -121.27393058007596 -301.0494647553464
2882 85306.56804561615 5.257934722480423e7 -0.30619435267135486 -0.9478900332911406 -13.039157683926824 -0.21502966223992814 127.35912586595556 -11.29568545702898 30.033207642897878 -132.8558719065801 -300.60180714802163
2883 85334.82365584373 5.850466275449805e7 -15.938070234842591 -68.80698038669351 74.7775764582863 51.073525760011066 135.45137103688032 -0.6433591382061081 60.75181262935712 -117.50969140455646 -220.1916831116867
2884 85363.04764676094 5.850466275449806e7 -15.938070236640264 -68.80698038807071 74.77757645855799 51.07352576007433 135.45137103697465 -0.6433591382061081 60.75181262935712 -117.50969140455658 -220.1916831116867
2885 85390.61201477051 5.257931349007887e7 -0.3061944793776732 -0.947890099452743 -13.039157580633514 -0.21502961996603176 127.35912587667183 -11.296034537331195 30.031989951475452 -132.85603150819236 -300.60134916374454
2886 85418.99690079689 5.831933893075185e7 -6.777758043545255 -52.43292207367409 61.422041290875185 44.80515804900176 134.49405244985303 -0.37767058715007806 59.07971933685769 -117.29433937895459 -219.94211632772254
2887 85447.43576049805 5.2579395955906175e7 -0.3061943556910265 -0.94788999488153 -13.039157679476745 -0.2150296607734532 127.35912586807378 -11.295323962658188 30.03327789659079 -132.85561325648308 -300.6020611077506
2888 85476.29244351387 5.332816798547571e7 -16.412378689068927 -29.737694494292008 3.2210061474236227 35.14422585623669 183.39038366435514 -18.523768126431378 54.70960278849941 -138.36926112559962 -301.02560542034587
2889 85505.37680411339 5.2374934563333966e7 -20.344550305158233 -36.76645125428952 -7.71336373852921 1.0249469260713795 129.205501788901 -31.46506449978733 38.371781227688416 -148.09563097235605 -300.68166635289913
2890 85533.63531732559 5.257931549978184e7 -0.30619435296898345 -0.9478900058830675 -13.039157674048695 -0.215029658068147 127.3591258681344 -11.295992292762946 30.032074690816444 -132.85599171469693 -300.60134916374454
2891 85561.91325354576 5.257931349007887e7 -0.3061943645470677 -0.9478900139377577 -13.039157669912179 -0.21502965659900042 127.35912586864112 -11.296034537331082 30.031989951475452 -132.85603150819236 -300.60134916374454
2892 85590.22455143929 5.257931349007887e7 -0.3061943648169674 -0.9478900140128408 -13.039157669486393 -0.21502965641811045 127.35912586863901 -11.296034537331082 30.031989951475452 -132.85603150819247 -300.60134916374454
2893 85618.31775689125 5.257931349007887e7 -0.306194365626407 -0.9478900142380997 -13.039157668208702 -0.21502965587569633 127.35912586863313 -11.296034537331082 30.031989951475452 -132.85603150819236 -300.60134916374454
2894 85646.86091995239 5.257931349007887e7 -0.30619436805493194 -0.9478900149139644 -13.039157664376027 -0.21502965424825504 127.3591258686159 -11.296034537331195 30.031989951475452 -132.85603150819247 -300.60134916374454
2895 85675.30117440224 5.257931549978184e7 -0.3061943753404215 -0.9478900169416526 -13.039157652877634 -0.21502964936617275 127.35912586856402 -11.295992292762833 30.032074690816444 -132.85599171469693 -300.60134916374454
2896 85705.60289502144 6.168752329647014e7 -35.00369780727887 -102.88678967173527 116.49311486738844 122.08018393239783 256.7926541037996 6.069663845848879 140.5908843199776 -112.41593160002793 -219.34487926449816
2897 85733.4368185997 5.257931349007887e7 -0.306194455404988 -0.9478900806974817 -13.039157596388996 -0.21502962642897216 127.35912587376357 -11.296034537331082 30.031989951475452 -132.85603150819236 -300.60134916374454
2898 85761.83369445801 5.850466275449805e7 -15.938070390175199 -68.80698039421898 74.77757615012558 51.07352574297778 135.45137104013108 -0.6433591382061081 60.75181262935712 -117.50969140455658 -220.1916831116867
2899 85790.61951112747 5.275616678780312e7 -24.924706442553017 -44.953480388808956 7.404930698036679 35.21520027111188 134.6364997255136 -31.057319606867736 40.33671807270434 -147.29296595764805 -296.19621306771523
2900 85819.6851439476 5.332816798547571e7 -16.41237868654282 -29.73769449086198 3.2210061485042445 35.14422585681692 183.3903836634611 -18.523768126431378 54.70960278849941 -138.36926112559962 -301.02560542034587
2901 85848.24887275696 5.257931349007887e7 -0.30619436937109157 -0.947890015919632 -13.0391576634646 -0.21502965387449535 127.35912586877609 -11.296034537331082 30.031989951475452 -132.85603150819236 -300.6013491637445
2902 85876.27036905289 5.257931349007887e7 -0.30619437455484544 -0.9478900323525856 -13.039157657042132 -0.21502965100589222 127.35912586898455 -11.296034537331195 30.031989951475452 -132.85603150819236 -300.60134916374454
2903 85904.33631682396 5.257931349007887e7 -0.3061944316144185 -0.9478900545700295 -13.039157601922547 -0.2150296283379305 127.35912587199837 -11.296034537331195 30.031989951475452 -132.85603150819236 -300.6013491637445
2904 85932.62270617485 5.2579315499781854e7 -0.3061943570844363 -0.9478900064925675 -13.039157661460571 -0.21502965253229434 127.35912586862854 -11.295992292762833 30.032074690816444 -132.85599171469693 -300.60134916374454
2905 85962.0746178627 5.529851660062977e7 -12.397083350366806 -22.560354075758983 27.259691591026836 41.85779116253531 193.88692357692017 4.105777308267193 90.35485533021927 -121.27393058007596 -301.0494647553463
2906 85989.96693706512 5.257931349007887e7 -0.30619436689290325 -0.9478900118624827 -13.0391576671475 -0.21502965551069053 127.3591258686445 -11.296034537331082 30.031989951475452 -132.85603150819236 -300.6013491637445
2907 86018.11442136765 5.257931349007887e7 -0.30619437464944 -0.9478900196863558 -13.039157659948721 -0.21502965245399253 127.3591258689765 -11.296034537331082 30.031989951475452 -132.85603150819236 -300.60134916374454
2908 86046.88671255112 5.2374934563333966e7 -20.34455032321431 -36.766451267250964 -7.713363724719507 1.0249469317471949 129.20550179100775 -31.46506449978733 38.371781227688416 -148.09563097235605 -300.68166635289913
2909 86076.59779548645 5.523321046543447e7 -12.425950045856705 -22.61195327874129 25.77175198416733 41.70074073445981 193.62646973329632 3.239722008893466 88.71408616923145 -121.94692194704817 -300.66303535352847
2910 86104.70719456673 5.3014052135757685e7 -4.886350495476439 -9.134919137375274 2.0791367253091337 33.97522367359046 132.79012380612951 -10.487040680712084 32.79475070471415 -131.87058566143946 -295.6896961088547
2911 86135.33438658714 5.560578670730541e7 -39.41017777671574 -70.84626063243334 34.00217482471182 72.03160511558164 250.54678484646215 -24.516012376233448 118.7808803238994 -142.74830152730613 -299.69879932711535
2912 86165.84831023216 5.560578670730541e7 -39.41017777592006 -70.84626063179401 34.002174823659495 72.03160511524177 250.54678484613345 -24.516012376233448 118.7808803238994 -142.748301527306 -299.69879932711535
2913 86194.08368325233 5.257931349007887e7 -0.30619444081873937 -0.947890066184681 -13.039157607935145 -0.2150296312965736 127.35912587184332 -11.296034537331082 30.031989951475452 -132.85603150819236 -300.6013491637445
2914 86222.58487796783 5.30140521357577e7 -4.886350545717239 -9.134919177225811 2.079136809112235 33.97522370358267 132.79012381070072 -10.487040680712084 32.79475070471415 -131.87058566143946 -295.6896961088547
2915 86250.37275195122 5.257931349007887e7 -0.3061943688571418 -0.9478900153256138 -13.039157663694134 -0.21502965396797435 127.35912586868899 -11.296034537331082 30.031989951475452 -132.85603150819247 -300.6013491637445
2916 86279.50439405441 5.332816798547571e7 -16.412378686310596 -29.737694492250036 3.221006147447497 35.14422585635995 183.39038366367376 -18.523768126431378 54.70960278849941 -138.36926112559962 -301.02560542034587
2917 86307.53623771667 5.257931349007887e7 -0.3061943640052789 -0.9478900150508345 -13.03915766985719 -0.21502965647529493 127.35912586893996 -11.296034537331082 30.031989951475452 -132.85603150819236 -300.60134916374454
2918 86335.4451546669 5.257931349007887e7 -0.3061943779294154 -0.947890026664556 -13.03915765526844 -0.21502965039987032 127.3591258694359 -11.296034537331082 30.031989951475452 -132.85603150819236 -300.60134916374454
2919 86364.099452734 5.2374934563333966e7 -20.344550314789572 -36.766451259083055 -7.713363729602101 1.0249469297727671 129.20550178964163 -31.46506449978733 38.371781227688416 -148.09563097235605 -300.68166635289913
2920 86392.28635144234 5.257931349007887e7 -0.30619436864878224 -0.947890014717979 -13.039157663823048 -0.21502965404548036 127.35912586822654 -11.296034537331082 30.031989951475452 -132.85603150819247 -300.60134916374454
2921 86420.58901047707 5.257965221522293e7 -0.3061943704309691 -0.9478900141299542 -13.039157662164136 -0.21502965343712788 127.35912586705692 -11.295409531871144 30.033516247217108 -132.8552839206385 -300.5998626739804
2922 86451.44383597374 5.829589538458434e7 -29.09699537572893 -52.41144664538216 81.18889585994 117.96381496030801 265.58526539133663 18.82032792054713 150.525655999558 -109.86820796233837 -296.69103704209067
2923 86479.01055169106 5.257931349007887e7 -0.30619443981728267 -0.9478900653294655 -13.039157608566526 -0.21502963155590749 127.35912587171482 -11.296034537331082 30.031989951475452 -132.85603150819236 -300.60134916374454
2924 86507.89115452766 5.237493456333396e7 -20.34455030699045 -36.76645125413668 -7.7133637362282315 1.024946927014895 129.2055017884977 -31.46506449978733 38.371781227688416 -148.09563097235605 -300.68166635289913
2925 86536.11699962616 5.3014052135757685e7 -4.886350542405527 -9.13491917580176 2.0791368055852857 33.97522370233666 132.79012380991514 -10.487040680712198 32.79475070471415 -131.87058566143946 -295.6896961088547
2926 86564.65932059288 5.257931349007887e7 -0.3061943729553427 -0.9478900220955628 -13.039157659704777 -0.2150296522849402 127.3591258685828 -11.296034537331082 30.031989951475452 -132.85603150819236 -300.60134916374454
2927 86592.88809299469 5.257931349007887e7 -0.30619440207929216 -0.9478900361653979 -13.039157631963107 -0.21502964083705933 127.35912587024093 -11.296034537331082 30.031989951475452 -132.85603150819236 -300.60134916374454
2928 86621.55220413208 5.332816798547571e7 -16.41237869340739 -29.73769449610787 3.221006154093004 35.14422585904123 183.39038366394595 -18.523768126431378 54.70960278849941 -138.36926112559962 -301.02560542034587
2929 86649.50749135017 5.2579315499781854e7 -0.30619435962428554 -0.9478900081694537 -13.039157665105144 -0.21502965432092935 127.35912586774755 -11.295992292762833 30.032074690816444 -132.85599171469693 -300.60134916374454
2930 86677.90037083626 5.257931349007887e7 -0.3061943682944843 -0.947890011461733 -13.039157664545364 -0.21502965440296862 127.35912586825671 -11.296034537331195 30.031989951475452 -132.85603150819236 -300.60134916374454
2931 86705.80701136589 5.257931349007887e7 -0.30619436901294605 -0.9478900134221853 -13.039157663769338 -0.21502965404731356 127.35912586855605 -11.296034537331082 30.031989951475452 -132.85603150819236 -300.6013491637445
2932 86733.77829527855 5.257931349007887e7 -0.30619437208391886 -0.9478900177733722 -13.039157662602761 -0.21502965353209902 127.35912586910437 -11.296034537331082 30.031989951475452 -132.85603150819236 -300.60134916374454
2933 86763.15368747711 5.523321046543447e7 -12.425950037191026 -22.61195327485977 25.771751976765017 41.700740731964586 193.62646973130728 3.239722008893466 88.71408616923145 -121.94692194704811 -300.66303535352847
2934 86791.11315608025 5.257931349007887e7 -0.30619437064231647 -0.9478900170351281 -13.039157662184671 -0.21502965331731616 127.35912586928484 -11.296034537331082 30.031989951475452 -132.85603150819247 -300.60134916374454
2935 86821.0047056675 5.529851660062977e7 -12.397083355703028 -22.56035407827906 27.259691594713196 41.85779116400592 193.88692357712895 4.105777308267363 90.35485533021927 -121.27393058007596 -301.0494647553464
2936 86849.27519321442 5.850466275449806e7 -15.938070392121812 -68.8069803973619 74.77757615712757 51.07352574434262 135.4513710399183 -0.6433591382061081 60.75181262935712 -117.50969140455646 -220.1916831116867
2937 86881.44597363472 6.399271441904446e7 -64.7672270255568 -156.0890980321532 174.33142320017356 170.49234680726573 275.52388646413084 8.892035853969503 188.52705780548933 -109.87908658524549 -216.04933441897833
2938 86913.6027739048 6.399271441904446e7 -64.76722702373114 -156.08909803005474 174.33142319378993 170.49234680597908 275.52388646372367 8.892035853969503 188.52705780548933 -109.87908658524549 -216.04933441897833
2939 86941.38651752472 5.257931349007887e7 -0.30619444136462803 -0.9478900662341667 -13.039157606585412 -0.21502963072464354 127.35912587162538 -11.296034537331082 30.031989951475452 -132.85603150819236 -300.60134916374454
2940 86969.42660570145 5.257931349007887e7 -0.3061943666239628 -0.9478900133169779 -13.039157665378923 -0.21502965467114166 127.35912586830392 -11.296034537331082 30.031989951475452 -132.85603150819236 -300.60134916374454
2941 86997.35027241707 5.257931349007887e7 -0.3061943682640127 -0.9478900117735645 -13.039157664572258 -0.21502965440639343 127.35912586813353 -11.296034537331082 30.031989951475452 -132.85603150819247 -300.60134916374454
2942 87025.70704960823 5.257931349007887e7 -0.30619436710965076 -0.9478900029404027 -13.03915766682006 -0.21502965548907582 127.35912586785273 -11.296034537331082 30.031989951475452 -132.85603150819236 -300.60134916374454
2943 87053.7815682888 5.257973468105024e7 -0.30619436364639085 -0.9478899764407087 -13.039157673563516 -0.21502965873695246 127.35912586701308 -11.294698957198193 30.034804192332444 -132.8548656689291 -300.60057461798647
2944 87083.04133963585 5.5064328086155124e7 -3.265637735456508 -6.237895145266334 12.41621714277715 35.432373038817985 192.66915115755904 3.222891081398359 86.48722704838417 -121.8331394620119 -299.55508395943616
2945 87115.56610774994 6.4215948562884144e7 -67.13294297339662 -160.31781510791038 162.1177578913511 165.392981327933 325.16682774764 1.2088410206204117 208.92937585136974 -115.97238275061079 -219.50851285011765
2946 87143.42682552338 5.257965221522293e7 -0.3061944424425249 -0.9478900640558985 -13.039157604918302 -0.21502963005896447 127.35912587137514 -11.295409531871144 30.033516247217108 -132.85528392063839 -300.5998626739804
2947 87171.38226795197 5.3014052135757685e7 -4.886350543816896 -9.134919165064455 2.0791368087173865 33.975223702740195 132.79012380998782 -10.487040680712198 32.79475070471415 -131.87058566143946 -295.6896961088547
2948 87199.33791208267 5.257931349007887e7 -0.3061943645004348 -0.9478900027341224 -13.03915767157335 -0.2150296574165651 127.35912587001208 -11.296034537331082 30.031989951475452 -132.85603150819236 -300.6013491637445
2949 87227.51889514923 5.257931349007887e7 -0.30619437845232866 -0.9478900111734658 -13.039157654108394 -0.21502965010559194 127.3591258691261 -11.296034537331195 30.031989951475452 -132.85603150819236 -300.6013491637445
2950 87255.5590903759 5.257931349007887e7 -0.30619436314275816 -0.9478900006158959 -13.039157672652252 -0.21502965795649231 127.3591258676673 -11.296034537331082 30.031989951475452 -132.85603150819236 -300.60134916374454
2951 87283.90244817734 5.257973468105024e7 -0.3061943512418104 -0.9478899936427263 -13.03915769014904 -0.21502966535869916 127.35912586710843 -11.294698957198193 30.034804192332444 -132.85486566892905 -300.60057461798647
2952 87315.43144893646 6.42334769481165e7 -44.72887129095118 -120.27053690007743 169.0056295162591 169.2523703209211 273.67751056333856 29.547618158983028 181.27230141759696 -94.37689077619422 -216.19816944554776
2953 87346.36019158363 6.388951463681294e7 -40.14871507237713 -112.08350771633039 153.88733501159652 135.062116952525 268.2465126177494 29.10501049134018 179.21375494969402 -95.09854833319747 -219.9300859379136
2954 87374.76331424713 5.257965221522293e7 -0.30619444168559085 -0.9478900618553503 -13.039157606191878 -0.21502963062962976 127.35912587122917 -11.295409531871258 30.033516247217108 -132.85528392063839 -300.5998626739803
2955 87403.0255393982 5.257965221522293e7 -0.30619438218571204 -0.9478900257429821 -13.0391576544352 -0.21502965026222398 127.35912586837316 -11.295409531871144 30.033516247217108 -132.85528392063839 -300.5998626739804
2956 87430.842243433 5.25797684157756e7 -0.30619429413385646 -0.9478899518733135 -13.03915774059108 -0.21502968633588182 127.3591258618363 -11.294349876896035 30.03602188375487 -132.85470606731673 -300.60103260226356
2957 87458.88461780548 5.257973669075322e7 -0.306194349251367 -0.9478899888034897 -13.03915767156937 -0.2150296570357142 127.35912586675337 -11.294656712630001 30.034888931673436 -132.85482587543368 -300.60057461798647
2958 87486.69238758087 5.257931349007887e7 -0.3061943616230032 -0.9478900017042102 -13.0391576757645 -0.2150296591965173 127.35912586849584 -11.296034537331082 30.031989951475452 -132.85603150819247 -300.60134916374454
2959 87514.8188033104 5.2579395955906175e7 -0.3061943955747424 -0.9478900230748657 -13.039157644959694 -0.21502964634264288 127.35912587443318 -11.295323962658188 30.03327789659079 -132.85561325648308 -300.6020611077506
2960 87544.04943823814 5.332816798547571e7 -16.412378689236533 -29.737694481036524 3.221006147102692 35.144225855773556 183.39038366353716 -18.523768126431378 54.70960278849941 -138.36926112559962 -301.02560542034587
2961 87572.31808638573 5.257931349007887e7 -0.306194358913217 -0.9478899987772618 -13.03915767642696 -0.21502965948147335 127.35912586789301 -11.296034537331082 30.031989951475452 -132.85603150819236 -300.60134916374454
2962 87600.00310254097 5.257934722480423e7 -0.3061943378704832 -0.9478899880835776 -13.039157695037865 -0.21502966706843551 127.35912586742438 -11.29568545702898 30.033207642897878 -132.8558719065801 -300.60180714802163
2963 87628.2301568985 5.850466275449805e7 -15.938070405529047 -68.80698039776826 74.77757613607739 51.07352574419602 135.4513710392478 -0.6433591382061081 60.75181262935712 -117.50969140455646 -220.1916831116867
2964 87657.67935442924 5.529851660062977e7 -12.397083361384883 -22.560354070627138 27.259691596067313 41.85779116422309 193.88692357669123 4.105777308267363 90.35485533021927 -121.27393058007596 -301.0494647553464
2965 87687.46013998985 5.501765740771884e7 -32.46430592975547 -58.43051447541915 31.097545862366196 42.94071729420993 195.47284565209617 -17.153875227429694 96.49214365468868 -137.27912236830514 -300.5031668563921
2966 87716.731300354 5.237506298995348e7 -20.344550340358037 -36.7664512598093 -7.713363713217696 1.0249469358663248 129.20550178866486 -31.46515738731881 38.37205179474154 -148.09545395588935 -300.67947493673876
2967 87749.39899635315 5.888465229463606e7 -65.24153549213946 -117.0198122008266 102.7748534540357 154.56304699966844 323.46289909472245 -8.83715004687167 182.88549877419098 -130.56319877443633 -296.04789468856825
2968 87780.77442002296 6.215969931745995e7 -68.75365579075412 -163.2148393261878 151.78067753199312 163.9358319817923 265.28780040787217 -12.548383262245238 155.1572212198497 -126.0433156076814 -215.63848367555335
2969 87808.65524077415 5.257965221522293e7 -0.3061944389281841 -0.9478900551765159 -13.039157610929863 -0.21502963270934572 127.35912587109289 -11.295409531871258 30.033516247217108 -132.85528392063839 -300.5998626739803
2970 87836.954921484 5.850466275449806e7 -15.93807040459685 -68.80698040021915 74.77757613694972 51.073525744043664 135.45137104203835 -0.6433591382061081 60.75181262935712 -117.50969140455646 -220.1916831116867
2971 87864.95150232315 5.257965221522293e7 -0.30619434688476943 -0.9478899889628485 -13.039157686614168 -0.21502966379451038 127.35912586473644 -11.29540953187103 30.033516247217108 -132.85528392063839 -300.5998626739804
2972 87893.04319500923 5.257965221522293e7 -0.3061943942194141 -0.9478900198549827 -13.039157642329315 -0.21502964541087977 127.35912586862244 -11.295409531871258 30.033516247217108 -132.85528392063839 -300.59986267398034
2973 87920.99275040627 5.257931349007887e7 -0.3061943681015826 -0.9478900093422933 -13.039157667797951 -0.21502965585949596 127.35912586819894 -11.296034537331082 30.031989951475452 -132.85603150819236 -300.60134916374454
2974 87949.99119520187 5.332816798547571e7 -16.41237868155479 -29.73769447593196 3.2210061404877806 35.14422585302253 183.390383662489 -18.523768126431378 54.70960278849941 -138.36926112559962 -301.02560542034587
2975 87977.87461018562 5.257931349007887e7 -0.3061943683521484 -0.9478900048929022 -13.039157669028732 -0.21502965643523453 127.35912586873089 -11.296034537331082 30.031989951475452 -132.85603150819236 -300.60134916374454
2976 88006.13028645515 5.257965221522293e7 -0.30619436927053556 -0.9478900054647523 -13.039157673942 -0.21502965875512814 127.35912586758799 -11.295409531871144 30.033516247217108 -132.85528392063839 -300.59986267398034
2977 88035.3102273941 5.529851660062977e7 -12.397083351229444 -22.560354065805637 27.259691587025195 41.85779116055656 193.88692357675185 4.105777308267363 90.35485533021927 -121.27393058007596 -301.0494647553463
2978 88063.92506837845 5.237506298995348e7 -20.344550296692592 -36.7664512367858 -7.713363748854306 1.0249469215105904 129.2055017871262 -31.46515738731881 38.37205179474154 -148.09545395588935 -300.67947493673876
2979 88091.92825913429 5.257965221522293e7 -0.3061943563204075 -0.9478899957930711 -13.03915767851776 -0.21502966040588944 127.35912586651872 -11.295409531871258 30.033516247217108 -132.85528392063839 -300.5998626739804
2980 88121.16816020012 5.523321046543447e7 -12.425950041141324 -22.611953264122047 25.771751977672686 41.700740731565304 193.6264697329565 3.239722008893466 88.71408616923145 -121.94692194704811 -300.66303535352847
2981 88151.12809967995 6.105431863413855e7 -28.057826035126993 -90.47104363206022 113.58848574642701 92.98929611637293 201.7187149016159 13.423078974268378 118.34989642834319 -106.98039039307008 -221.24123553819453
2982 88179.28244948387 5.301405373545586e7 -4.886350544281285 -9.13491915949954 2.0791368134134416 33.97522370435702 132.7901238119672 -10.486998436143836 32.79483544405525 -131.87054588854448 -295.6896961088547
2983 88208.12168812752 5.275616678780312e7 -24.924706541232318 -44.953480417904885 7.404930764943501 35.215200292231515 134.6364997413156 -31.057319606867622 40.33671807270434 -147.29296595764805 -296.19621306771523
2984 88237.1725063324 5.275616678780312e7 -24.92470654004149 -44.95348041898866 7.4049307644554645 35.21520029214733 134.63649974114352 -31.057319606867736 40.33671807270434 -147.29296595764805 -296.19621306771523
2985 88265.53416490555 5.257931349007887e7 -0.30619436392005284 -0.947890014512045 -13.039157667313653 -0.21502965542244112 127.3591258681545 -11.296034537331195 30.031989951475452 -132.85603150819236 -300.60134916374454
2986 88293.56015586853 5.257931349007887e7 -0.3061943658370616 -0.9478900027515058 -13.039157672953735 -0.21502965817792585 127.35912586784582 -11.296034537331195 30.031989951475452 -132.85603150819236 -300.6013491637445
2987 88321.6075797081 5.257973468105024e7 -0.3061943642606515 -0.9478899984824638 -13.039157671906608 -0.21502965770213223 127.35912586757858 -11.294698957198193 30.034804192332444 -132.8548656689291 -300.60057461798647
2988 88349.40453839302 5.2579395955906175e7 -0.3061943795733768 -0.94789001085491 -13.039157656737267 -0.21502965134159524 127.35912586888472 -11.295323962658188 30.03327789659079 -132.85561325648308 -300.6020611077506
2989 88377.73356223106 5.257973468105024e7 -0.30619435625745695 -0.9478899950609438 -13.039157678598308 -0.21502966045814276 127.35912586629934 -11.294698957198193 30.034804192332444 -132.85486566892905 -300.60057461798647
2990 88406.16222119331 5.3014052135757685e7 -4.886350533928418 -9.13491915943594 2.079136792239048 33.97522369701413 132.7901238092918 -10.487040680712084 32.79475070471415 -131.87058566143946 -295.6896961088547
2991 88434.23867678642 5.257965221522293e7 -0.3061943668541467 -0.9478900032165907 -13.039157669327544 -0.21502965658987705 127.35912586777577 -11.295409531871258 30.033516247217108 -132.85528392063839 -300.59986267398034
2992 88462.38265943527 5.257965221522293e7 -0.30619436647975107 -0.9478900029205759 -13.039157669656277 -0.21502965672705443 127.35912586771036 -11.295409531871144 30.033516247217108 -132.85528392063839 -300.59986267398034
2993 88490.43780303001 5.257931349007887e7 -0.30619436386746557 -0.947890001401178 -13.039157672445214 -0.21502965786609707 127.35912586788075 -11.296034537331195 30.031989951475452 -132.85603150819236 -300.60134916374454
2994 88519.29972624779 5.332816798547571e7 -16.412378688944596 -29.73769448121324 3.2210061468556646 35.14422585567888 183.39038366353884 -18.523768126431378 54.70960278849941 -138.36926112559962 -301.02560542034587
2995 88548.81894803047 5.529851660062977e7 -12.397083351835398 -22.5603540662023 27.25969158759193 41.85779116078625 193.88692357659878 4.105777308267363 90.35485533021927 -121.27393058007596 -301.0494647553463
2996 88577.58867955208 5.850466275449805e7 -15.93807038498544 -68.80698038618958 74.77757612017774 51.073525736989694 135.45137103906754 -0.6433591382061081 60.75181262935712 -117.50969140455646 -220.1916831116867
2997 88607.25356078148 5.523321046543447e7 -12.425950032575678 -22.611953258683165 25.77175196676925 41.70074072788856 193.6264697305309 3.239722008893466 88.71408616923145 -121.94692194704811 -300.66303535352847
2998 88636.23435950279 5.3014052135757685e7 -4.886350536823322 -9.1349191312855 2.079136778150165 33.97522368976145 132.79012380823286 -10.487040680712198 32.79475070471415 -131.87058566143946 -295.6896961088547
2999 88664.17388558388 5.257931349007887e7 -0.30619436496364827 -0.9478900066060261 -13.039157669559387 -0.2150296565606311 127.35912586805988 -11.296034537331082 30.031989951475452 -132.85603150819236 -300.60134916374454
3000 88692.38785147667 5.257973468105024e7 -0.30619435486588387 -0.9478899943572685 -13.039157679942385 -0.21502966098258014 127.35912586691312 -11.294698957198193 30.034804192332444 -132.8548656689291 -300.60057461798647
3001 88721.08720755577 5.237506298995348e7 -20.34455030247701 -36.76645124037955 -7.713363743490476 1.0249469237458442 129.2055017879133 -31.46515738731881 38.37205179474154 -148.09545395588935 -300.67947493673876
3002 88749.37208628654 5.257931349007887e7 -0.3061943599251258 -0.9478899987242233 -13.03915767429801 -0.21502965857909828 127.3591258676018 -11.296034537331195 30.031989951475452 -132.85603150819236 -300.60134916374454
3003 88777.51181578636 5.2579315499781854e7 -0.3061943502725448 -0.9478899930494675 -13.039157679235707 -0.21502966044727145 127.35912586740545 -11.295992292762833 30.032074690816444 -132.85599171469693 -300.60134916374454
3004 88809.38241314888 6.462594362856197e7 -56.25489947139563 -140.8733122737186 170.14749899157448 170.42137249961723 324.2777704142321 21.54400988470138 203.22553425514013 -100.82582654848278 -219.99346735042212
3005 88840.68337488174 6.3889514636812955e7 -40.14871515326398 -112.08350780209896 153.88733517004766 135.0621169857882 268.24651261707487 29.105010491339954 179.21375494969402 -95.09854833319747 -219.9300859379136
3006 88869.16762423515 5.257931349007887e7 -0.30619436010623957 -0.9478900078792174 -13.039157672579051 -0.21502965770177696 127.35912586800882 -11.296034537331082 30.031989951475452 -132.85603150819236 -300.6013491637445
3007 88897.28994512558 5.3014052135757685e7 -4.886350535643633 -9.134919161944673 2.0791367951484645 33.975223698192224 132.79012380992273 -10.487040680712084 32.79475070471415 -131.87058566143946 -295.6896961088547
3008 88925.38704609871 5.257931349007887e7 -0.3061943766252 -0.9478900093877831 -13.039157658389854 -0.2150296519848638 127.35912586860988 -11.296034537331195 30.031989951475452 -132.85603150819236 -300.60134916374454
3009 88953.26823806763 5.257931349007887e7 -0.30619436105375897 -0.9478899994193464 -13.03915767329017 -0.21502965812869945 127.35912586850968 -11.296034537331082 30.031989951475452 -132.85603150819236 -300.60134916374454
3010 88981.22300505638 5.257931349007887e7 -0.3061943600459891 -0.9478899988807186 -13.039157674208965 -0.21502965854014633 127.35912586764549 -11.296034537331082 30.031989951475452 -132.85603150819236 -300.6013491637445
3011 89009.18577623367 5.2579395955906175e7 -0.30619435882085355 -0.9478899955209332 -13.039157675649008 -0.215029659170483 127.35912586771965 -11.295323962658244 30.03327789659079 -132.85561325648308 -300.6020611077506
3012 89036.97567558289 5.2579315499781854e7 -0.306194356329069 -0.9478899959690725 -13.03915767484203 -0.21502965870580226 127.35912586741324 -11.295992292762946 30.032074690816444 -132.85599171469693 -300.6013491637445
3013 89064.9692029953 5.257931349007887e7 -0.3061943597092345 -0.9478899988757004 -13.039157674247114 -0.21502965854190847 127.35912586760696 -11.296034537331082 30.031989951475452 -132.85603150819236 -300.60134916374454
3014 89093.51385688782 5.850466275449805e7 -15.938070384895774 -68.8069803860616 74.77757612243514 51.07352573762988 135.45137103901277 -0.6433591382061081 60.75181262935712 -117.50969140455646 -220.1916831116867
3015 89122.0715970993 5.332816798547571e7 -16.412378683250388 -29.737694477115326 3.2210061430485624 35.14422585415936 183.39038366311013 -18.523768126431378 54.70960278849941 -138.36926112559962 -301.02560542034587
3016 89151.34523916245 5.523321046543447e7 -12.42595002800681 -22.611953255599424 25.771751964156337 41.70074072681659 193.6264697303526 3.239722008893466 88.71408616923145 -121.94692194704817 -300.66303535352847
3017 89180.69224357605 5.529851660062977e7 -12.397083348532217 -22.560354065133573 27.259691585670055 41.857791160071486 193.8869235770548 4.105777308267193 90.35485533021927 -121.27393058007596 -301.0494647553464
3018 89208.86342000961 5.257965221522293e7 -0.3061943520301327 -0.94788999440095 -13.039157684993015 -0.21502966313131822 127.3591258667879 -11.295409531871144 30.033516247217108 -132.85528392063839 -300.5998626739804
3019 89240.13858437538 5.8667863349813156e7 -40.6230234124661 -73.01422183996438 82.33076509592863 119.1328170816462 316.1855252358873 10.886369792973085 172.57874076197777 -116.18590904593293 -301.073690953977
3020 89271.30365133286 5.8667863349813156e7 -40.62302339796403 -73.0142218344482 82.330765082309 119.13281707605495 316.18552523503786 10.886369792973085 172.57874076197777 -116.18590904593293 -301.073690953977
3021 89299.68801283836 5.257931349007887e7 -0.30619435915506443 -0.947890001047961 -13.039157674506939 -0.21502965861451173 127.35912586764984 -11.296034537331082 30.031989951475452 -132.85603150819236 -300.60134916374454
3022 89327.82712697983 5.257931349007887e7 -0.30619436047433624 -0.947889999223535 -13.039157673390989 -0.2150296581926341 127.3591258676096 -11.296034537331082 30.031989951475452 -132.85603150819236 -300.60134916374454
3023 89355.99486756325 5.257931349007887e7 -0.3061943578053423 -0.947889997049189 -13.039157674858238 -0.21502965876362623 127.35912586747206 -11.296034537331195 30.031989951475452 -132.85603150819236 -300.60134916374454
3024 89383.86889219284 5.257931549978184e7 -0.3061943514462264 -0.9478899920239741 -13.039157676538302 -0.21502965931679796 127.3591258670819 -11.295992292762833 30.032074690816444 -132.85599171469693 -300.60134916374454
3025 89415.97987985611 6.446954605863147e7 -47.094586925652045 -124.49925380308672 156.7919639583541 164.15300474214678 323.3204518088004 21.669899548833087 201.2936688417824 -100.61554100917061 -219.01217228000735
3026 89447.41454911232 6.446954538175814e7 -47.09458693561893 -124.49925380156876 156.7919639078803 164.1530047335851 323.32045180811986 21.669887101505083 201.29364387340377 -100.61555272147774 -219.01217228000735
3027 89475.49978041649 5.257931349007887e7 -0.3061943570557162 -0.9478899987558602 -13.039157676185411 -0.2150296593088683 127.35912586749434 -11.296034537331082 30.031989951475452 -132.85603150819236 -300.60134916374454
3028 89503.48008871078 5.257931349007887e7 -0.3061943649977046 -0.9478900015628158 -13.039157668555461 -0.2150296561748064 127.3591258678404 -11.296034537331195 30.031989951475452 -132.85603150819236 -300.60134916374454
3029 89531.71944355965 5.257931349007887e7 -0.3061943573984749 -0.9478899967648546 -13.039157675421698 -0.21502965900464233 127.35912586742656 -11.296034537331195 30.031989951475452 -132.85603150819236 -300.60134916374454
3030 89559.96707010269 5.257931349007887e7 -0.3061943561776097 -0.9478899959116553 -13.039157677111852 -0.21502965972817378 127.35912586729116 -11.296034537331082 30.031989951475452 -132.85603150819247 -300.60134916374454
3031 89588.28424167633 5.257965221522293e7 -0.30619435251509586 -0.9478899933523222 -13.039157682182442 -0.21502966189875394 127.35912586688349 -11.295409531871144 30.033516247217108 -132.85528392063839 -300.59986267398034
3032 89618.25249361992 5.608786110478229e7 -28.503267666387185 -51.35015852499172 43.519855409521426 77.21704667602795 249.91818137565986 -3.427511323377871 114.44811237029205 -126.87250776046471 -300.32032029214577
3033 89648.53004479408 5.608786110478229e7 -28.503267667752883 -51.35015852583974 43.51985541079126 77.21704667654963 249.91818137572446 -3.427511323377871 114.44811237029205 -126.87250776046466 -300.32032029214577
3034 89676.20975613594 5.257931349007887e7 -0.3061943543624501 -0.9478899967579979 -13.039157677509714 -0.21502965981558475 127.35912586734787 -11.296034537331195 30.031989951475452 -132.85603150819236 -300.60134916374454
3035 89704.23384523392 5.257931349007887e7 -0.30619435641319015 -0.9478899963303205 -13.039157676449904 -0.2150296594238057 127.35912586750835 -11.296034537331082 30.031989951475452 -132.85603150819236 -300.60134916374454
3036 89732.27472114563 5.257965221522293e7 -0.30619435686897845 -0.9478899975991828 -13.039157676725118 -0.21502965957061804 127.35912586717832 -11.295409531871144 30.033516247217108 -132.85528392063839 -300.59986267398034
3037 89760.59397888184 5.257931349007887e7 -0.306194372890797 -0.9478900065423828 -13.039157661253498 -0.21502965315897882 127.35912586826936 -11.296034537331082 30.031989951475452 -132.85603150819236 -300.60134916374454
3038 89789.44326663017 5.332816798547571e7 -16.412378680206896 -29.737694475114843 3.221006140436266 35.14422585308171 183.39038366297459 -18.523768126431378 54.70960278849941 -138.36926112559962 -301.02560542034587
3039 89819.47167444229 5.523321046543447e7 -12.425950024153884 -22.611953252425373 25.77175195789924 41.700740724571375 193.6264697291415 3.239722008893466 88.71408616923145 -121.94692194704817 -300.66303535352847
3040 89847.4638493061 5.257931349007887e7 -0.3061943564635996 -0.9478899963784553 -13.039157676417396 -0.21502965940997854 127.35912586753471 -11.296034537331195 30.031989951475452 -132.85603150819236 -300.60134916374454
3041 89875.5304582119 5.257965221522293e7 -0.30619435549110463 -0.9478899953917743 -13.03915767785562 -0.21502966005152757 127.35912586700684 -11.295409531871144 30.033516247217108 -132.85528392063839 -300.59986267398034
3042 89903.5672121048 5.257973468105024e7 -0.3061943559364053 -0.9478899949951582 -13.039157679355881 -0.2150296607686215 127.35912586663252 -11.294698957198193 30.034804192332444 -132.85486566892905 -300.60057461798647
3043 89931.61321592331 5.257931349007887e7 -0.3061943656024191 -0.9478900032510627 -13.039157675373225 -0.21502965924804585 127.3591258678877 -11.296034537331195 30.031989951475452 -132.85603150819236 -300.60134916374454
3044 89960.76339435577 5.529851660062977e7 -12.397083343187482 -22.56035406019334 27.259691581392218 41.8577911582788 193.88692357608707 4.105777308267363 90.35485533021927 -121.27393058007596 -301.0494647553463
3045 89989.02286863327 5.850466275449805e7 -15.93807038107915 -68.80698038318657 74.7775761185307 51.0735257361776 135.45137103852247 -0.6433591382061081 60.75181262935712 -117.50969140455646 -220.1916831116867
3046 90017.64103579521 5.275616678780312e7 -24.92470646871288 -44.95348039738895 7.404930718531929 35.215200277744756 134.6364997293992 -31.057319606867622 40.33671807270434 -147.29296595764816 -296.19621306771523
3047 90046.63703346252 5.8275980722832315e7 -35.97642638001042 -104.62554165622895 80.10337008644488 52.3135023426008 137.29774696621735 -20.907823982341483 68.79908977987361 -132.82539105545862 -220.59265238681138
3048 90075.81244921684 5.8275980722832315e7 -35.9764263799299 -104.62554165604288 80.10337008583039 52.31350234249656 137.29774696620703 -20.907823982341483 68.79908977987361 -132.82539105545862 -220.59265238681138
3049 90103.8668410778 5.257931349007887e7 -0.30619435822027796 -0.9478899979841522 -13.039157675627969 -0.21502965912350192 127.35912586734867 -11.296034537331195 30.031989951475452 -132.85603150819236 -300.60134916374454
3050 90132.54525375366 5.2374934563333966e7 -20.344550294536194 -36.76645123587249 -7.71336374937642 1.0249469214157756 129.2055017876264 -31.46506449978733 38.371781227688416 -148.09563097235605 -300.68166635289913
3051 90161.3194141388 5.2374934563333966e7 -20.34455029405535 -36.76645123545933 -7.7133637495029035 1.0249469213737825 129.20550178757577 -31.46506449978733 38.371781227688416 -148.09563097235605 -300.68166635289913
3052 90189.38764357567 5.3014052135757685e7 -4.886350530072985 -9.134919156938647 2.079136790301476 33.97522369639694 132.79012380896646 -10.487040680712198 32.79475070471415 -131.87058566143946 -295.6896961088547
3053 90217.24697446823 5.257931349007887e7 -0.3061943573209618 -0.9478899970555164 -13.039157676295886 -0.21502965937226293 127.35912586782945 -11.296034537331195 30.031989951475452 -132.85603150819236 -300.6013491637445
3054 90244.92337036133 5.257931349007887e7 -0.30619435597034794 -0.9478899958576505 -13.039157677159373 -0.21502965974160304 127.35912586725765 -11.296034537331082 30.031989951475452 -132.85603150819236 -300.60134916374454
3055 90273.42925620079 5.257931349007887e7 -0.30619435534825357 -0.9478899956955509 -13.039157677301944 -0.21502965978172028 127.35912586715769 -11.296034537331082 30.031989951475452 -132.85603150819236 -300.60134916374454
3056 90301.9083070755 5.257931349007887e7 -0.30619435348207347 -0.9478899952092439 -13.039157677729591 -0.21502965990183043 127.35912586685923 -11.296034537331082 30.031989951475452 -132.85603150819236 -300.60134916374454
3057 90329.81484723091 5.257931349007887e7 -0.30619434788332 -0.947889993750274 -13.039157679012483 -0.21502966026250192 127.35912586596307 -11.296034537331082 30.031989951475452 -132.85603150819236 -300.60134916374454
3058 90357.79944777489 5.257931349007887e7 -0.30619433108735095 -0.9478899893737207 -13.039157682861315 -0.21502966134427481 127.35912586327332 -11.296034537331082 30.031989951475452 -132.85603150819236 -300.60134916374454
3059 90385.67110443115 5.257931349007887e7 -0.30619428069910626 -0.9478899762436663 -13.039157694407649 -0.21502966458970718 127.35912585520494 -11.296034537331082 30.031989951475452 -132.85603150819236 -300.60134916374454
3060 90413.61262750626 5.257937192594551e7 -0.30619412953478076 -0.9478899368536835 -13.039157729046948 -0.21502967432611797 127.35912583099876 -11.296411508885853 30.032387884525065 -132.85601624358497 -300.60000220001166
3061 90445.62803196907 6.498427149985342e7 -60.83505546960404 -149.06034131127285 185.26579325229937 204.61162578824974 329.7087683463832 21.98660948291331 205.20852599265618 -100.03838308466726 -215.82727191570615
3062 90477.94607686996 6.498427149985342e7 -60.83505546987212 -149.06034131142047 185.26579325256773 204.61162578833915 329.70876834644247 21.98660948291331 205.20852599265618 -100.03838308466726 -215.82727191570615
3063 90505.9347205162 5.257931349007887e7 -0.30619433913871674 -0.947889991913585 -13.039157680816722 -0.21502966073570917 127.3591258644372 -11.296034537331082 30.031989951475452 -132.85603150819236 -300.60134916374454
3064 90534.02038359642 5.257931349007887e7 -0.30619428515630176 -0.9478899792118458 -13.039157692738634 -0.21502966398804801 127.35912585583874 -11.296034537331082 30.031989951475452 -132.85603150819247 -300.60134916374454
3065 90561.77276420593 5.3014052135757685e7 -4.8863504630918655 -9.13491913947982 2.079136774676684 33.975223691964146 132.79012379819778 -10.487040680712084 32.79475070471415 -131.87058566143946 -295.6896961088547
3066 90589.51505327225 5.257931349007887e7 -0.3061942874820893 -0.9478899805334917 -13.03915768802355 -0.21502966194678663 127.35912585562407 -11.296034537331082 30.031989951475452 -132.85603150819236 -300.60134916374454
3067 90617.43399858475 5.257931349007887e7 -0.30619428877778176 -0.9478899829603415 -13.039157693238863 -0.21502966432299786 127.35912585551775 -11.296034537331195 30.031989951475452 -132.85603150819247 -300.60134916374454
3068 90645.37068533897 5.257931349007887e7 -0.30619426045658926 -0.9478899710253383 -13.03915769920026 -0.2150296659628026 127.35912585192543 -11.296034537331195 30.031989951475452 -132.85603150819236 -300.60134916374454
3069 90673.15402936935 5.2579395955906175e7 -0.3061941997289601 -0.947889955370183 -13.039157713577858 -0.2150296700818899 127.35912584208823 -11.295323962658074 30.03327789659079 -132.85561325648308 -300.6020611077506
3070 90702.31723117828 5.221369483210263e7 -11.184238026062125 -20.39239298826156 -21.06889856088324 -5.243420751554012 128.2481832045348 -31.29853244295606 36.43847878658778 -147.83641977536837 -299.9013886426324
3071 90731.28640294075 5.221369483210263e7 -11.18423801539129 -20.392392977449248 -21.068898568018383 -5.243420754690433 128.2481831996965 -31.29853244295606 36.43847878658778 -147.83641977536837 -299.9013886426324
3072 90759.21654343605 5.257965221522293e7 -0.30619430211483234 -0.9478899918899559 -13.039157681984506 -0.2150296597139345 127.35912585698067 -11.295409531871258 30.033516247217108 -132.85528392063839 -300.59986267398034
3073 90787.11764001846 5.2579395955906175e7 -0.30619425967055847 -0.9478899674357555 -13.03915770074709 -0.21502966667321743 127.35912585193304 -11.295323962658188 30.03327789659079 -132.85561325648308 -300.6020611077506
3074 90815.34771704674 5.257931349007887e7 -0.30619425059258987 -0.9478899684973614 -13.039157701098254 -0.2150296664400031 127.35912585039377 -11.296034537331195 30.031989951475452 -132.85603150819247 -300.60134916374454
3075 90843.36373949051 5.2579395955906175e7 -0.30619422100030036 -0.94788996091334 -13.039157706792416 -0.21502966787151934 127.35912584579907 -11.295323962658188 30.03327789659079 -132.85561325648308 -300.6020611077506
3076 90874.18638730049 5.57736577337435e7 -48.570490054806854 -87.22031891329868 47.35770965020461 78.29997280062165 251.50410341396224 -24.56154669161282 120.88557646906929 -142.88878192086622 -300.6695680874499
3077 90905.1617577076 5.57736577337435e7 -48.57049005460207 -87.2203189131672 47.35770965000962 78.29997280054252 251.5041034139457 -24.56154669161282 120.88557646906929 -142.88878192086622 -300.6695680874499
3078 90933.4054017067 5.257965221522293e7 -0.30619428714525654 -0.9478899880034799 -13.039157685382833 -0.2150296606645128 127.3591258545849 -11.295409531871144 30.033516247217108 -132.85528392063839 -300.5998626739803
3079 90962.10183525085 5.850466275449805e7 -15.938070272585673 -68.80698035433433 74.77757609302775 51.07352572900892 135.45137102033797 -0.6433591382061081 60.75181262935712 -117.50969140455658 -220.1916831116867
3080 90991.64734053612 5.523321046543447e7 -12.425949921252087 -22.611953226125717 25.771751943690624 41.700740720327914 193.62646971563075 3.239722008893466 88.71408616923145 -121.94692194704811 -300.66303535352847
3081 91019.69917750359 5.257931349007887e7 -0.30619425153784263 -0.9478899690726807 -13.03915770057889 -0.21502966622861663 127.35912585083639 -11.296034537331082 30.031989951475452 -132.85603150819236 -300.60134916374454
3082 91048.2238521576 5.257931349007887e7 -0.30619425222288044 -0.9478899722282152 -13.039157699405735 -0.21502966569897808 127.35912585051138 -11.296034537331082 30.031989951475452 -132.85603150819236 -300.60134916374454
3083 91076.2162065506 5.257931349007887e7 -0.3061942574807226 -0.9478899728934831 -13.039157694606772 -0.21502966374968935 127.35912585088316 -11.296034537331082 30.031989951475452 -132.85603150819236 -300.60134916374454
3084 91104.18780589104 5.257965221522293e7 -0.30619424366001624 -0.9478899629853368 -13.039157704478583 -0.21502966784262867 127.35912584776628 -11.295409531871258 30.033516247217108 -132.85528392063839 -300.59986267398034
3085 91132.56569290161 5.257931349007887e7 -0.30619425943279666 -0.9478899752956531 -13.039157699841333 -0.21502966616645836 127.35912585077678 -11.296034537331195 30.031989951475452 -132.85603150819236 -300.60134916374454
3086 91160.58818554878 5.257931349007887e7 -0.306194250488673 -0.9478899684317863 -13.039157701156995 -0.21502966646400523 127.35912585034475 -11.296034537331082 30.031989951475452 -132.85603150819236 -300.60134916374454
3087 91188.44413495064 5.257931349007887e7 -0.30619425017718527 -0.9478899682350388 -13.039157701333075 -0.21502966653616795 127.35912585019663 -11.296034537331082 30.031989951475452 -132.85603150819236 -300.6013491637445
3088 91216.65726232529 5.257965221522293e7 -0.30619424924253025 -0.9478899676447048 -13.039157701861377 -0.21502966675227242 127.35912584975405 -11.295409531871144 30.033516247217108 -132.85528392063839 -300.59986267398034
3089 91248.70490646362 5.866786334981315e7 -40.62302310726286 -73.01422174925686 82.33076496874021 119.13281703578258 316.18552519677615 10.886369792973085 172.57874076197777 -116.18590904593293 -301.073690953977
3090 91280.05400633812 5.866786334981315e7 -40.623023107288454 -73.01422174927602 82.33076496871914 119.13281703577724 316.1855251967678 10.886369792973085 172.57874076197777 -116.18590904593293 -301.073690953977
3091 91308.20769667625 5.257931349007887e7 -0.3061942267448359 -0.9478899729170092 -13.039157698425377 -0.21502966418121616 127.35912584520064 -11.296034537331195 30.031989951475452 -132.85603150819236 -300.6013491637445
3092 91336.71463918686 5.2579369916242525e7 -0.3061941620926305 -0.9478899615335958 -13.039157708901897 -0.2150296663248099 127.3591258342137 -11.296453753454216 30.032303145184073 -132.8560560370804 -300.6000022000116
3093 91364.70756936073 5.2579369916242525e7 -0.30619415644777703 -0.9478899869631627 -13.0391576897023 -0.2150296571167587 127.35912583021026 -11.296453753454216 30.032303145184073 -132.8560560370804 -300.6000022000116
3094 91394.19482660294 6.095058685066942e7 -18.897513442512963 -74.09698523378904 100.23295083214283 86.72092840786993 200.76139627987826 13.663240859183247 116.62819457810087 -106.61724598735015 -219.4761141895221
3095 91425.01034069061 6.3704105372791946e7 -30.9884024921014 -95.7094493461118 140.53180011285525 128.793749241096 267.28919398271705 29.100110376286125 177.00190898470998 -94.99479880294786 -219.2787657656071
3096 91453.18633460999 5.257931349007887e7 -0.3061942215586839 -0.9478899732081425 -13.03915769830602 -0.21502966390707456 127.35912584416597 -11.296034537331195 30.031989951475452 -132.85603150819236 -300.60134916374454
3097 91481.1850874424 5.2579369916242525e7 -0.30619415431221597 -0.9478899619695751 -13.039157708723273 -0.215029665913832 127.35912583266207 -11.296453753454216 30.032303145184073 -132.85605603708052 -300.60000220001166
3098 91509.31307005882 5.2579369916242525e7 -0.30619420600065794 -0.9478899740819875 -13.039157697947587 -0.21502966308450766 127.35912584106185 -11.29645375345416 30.032303145184073 -132.85605603708052 -300.60000220001166
3099 91540.60818123817 5.792512700375076e7 -24.51683899266874 -44.224417321612655 66.07060123856454 83.7735615499692 260.1542674385473 18.3664832420975 148.43072045777512 -110.51441299045524 -301.07800850446023
3100 91571.24339771271 5.792512700375076e7 -24.51683901875036 -44.22441734721965 66.07060126985627 83.7735615630757 260.1542674416532 18.3664832420975 148.43072045777512 -110.51441299045524 -301.07800850446023
3101 91599.56525373459 5.257931349007887e7 -0.3061942160309101 -0.9478899732556787 -13.039157698875442 -0.21502966393136091 127.35912584313193 -11.296034537331195 30.031989951475452 -132.85603150819236 -300.6013491637445
3102 91627.78784799576 5.2579369916242525e7 -0.30619414602326245 -0.9478899620427716 -13.039157709576912 -0.2150296659500981 127.35912583111153 -11.296453753454216 30.032303145184073 -132.8560560370804 -300.6000022000116
3103 91655.81767368317 5.2579369916242525e7 -0.30619419944733295 -0.947889973397877 -13.039157700583559 -0.21502966400417733 127.35912584003152 -11.296453753454216 30.032303145184073 -132.8560560370804 -300.60000220001155
3104 91685.9981071949 6.151218055922163e7 -32.63798215199219 -98.65807277866033 128.70678023334906 127.179549472492 207.14971283220746 14.239204043557493 121.13630287887042 -105.90280982666468 -215.81928221123843
3105 91716.17950820923 6.151218055922163e7 -32.637982198078674 -98.6580727946185 128.7067802453896 127.1795494761127 207.14971284015382 14.239204043557493 121.13630287887042 -105.90280982666468 -215.81928221123843
3106 91744.2430934906 5.257931349007887e7 -0.30619421056933405 -0.9478899738998123 -13.039157698613131 -0.21502966357795117 127.35912584194705 -11.296034537331082 30.031989951475452 -132.85603150819236 -300.60134916374454
3107 91772.20911860466 5.2579369916242525e7 -0.30619413782821425 -0.9478899630072739 -13.03915770918401 -0.2150296654200332 127.35912582933405 -11.296453753454216 30.032303145184073 -132.8560560370804 -300.6000022000116
3108 91800.25662589073 5.2579369916242525e7 -0.3061941941845774 -0.9478899758324841 -13.039157697826283 -0.21502966251743771 127.3591258383911 -11.29645375345416 30.032303145184073 -132.8560560370804 -300.60000220001166
3109 91831.69877052307 6.215969931745995e7 -68.7536555744926 -163.21483927771183 151.78067757078927 163.9358320050883 265.28780036883416 -12.548383262245352 155.1572212198497 -126.0433156076814 -215.63848367555335
3110 91864.1589076519 6.4811822287412524e7 -80.8734112405256 -184.8789025307326 190.5915872202711 205.8516023919161 331.55514423387007 1.857613044660468 213.547187346049 -115.17411321316592 -215.5253209068768
3111 91892.30019879341 5.2579369916242525e7 -0.3061942030521472 -0.9478899736855428 -13.039157698424155 -0.21502966317969197 127.35912584058883 -11.296453753454216 30.032303145184073 -132.8560560370804 -300.60000220001155
3112 91920.14929509163 5.2579395955906175e7 -0.30619420353520965 -0.947889955342152 -13.03915770713995 -0.2150296673649592 127.35912584140685 -11.295323962658188 30.03327789659079 -132.85561325648308 -300.6020611077506
3113 91948.39950442314 5.257931349007887e7 -0.3061944162690651 -0.9478900264265189 -13.039157651141103 -0.21502965018079578 127.35912587530734 -11.296034537331082 30.031989951475452 -132.85603150819236 -300.60134916374454
3114 91976.41006755829 5.257931349007887e7 -0.3061942064486871 -0.9478899728441821 -13.039157698661853 -0.21502966341076046 127.35912584183366 -11.296034537331082 30.031989951475452 -132.85603150819236 -300.60134916374454
3115 92005.28030920029 5.2579369916242525e7 -0.30619419408666104 -0.9478899696773428 -13.039157698808573 -0.21502966290971415 127.35912584149563 -11.29645375345416 30.032303145184073 -132.8560560370804 -300.6000022000116
3116 92034.93993330002 5.869517806510774e7 -40.55658232953597 -112.81257077607057 95.22166457707823 86.50375568945238 142.7287448748179 -20.29845600784381 71.09477986333275 -131.98046396237032 -215.4971886052137
3117 92063.98530077934 5.869517806510774e7 -40.556582331477 -112.812570777161 95.22166457964335 86.50375569033191 142.72874487495412 -20.29845600784381 71.09477986333275 -131.98046396237032 -215.4971886052137
3118 92092.20093178749 5.2579369916242525e7 -0.30619419600898823 -0.9478899737795174 -13.039157698309893 -0.21502966282777436 127.35912583925344 -11.29645375345416 30.032303145184073 -132.8560560370804 -300.6000022000116
3119 92121.17769050598 5.332816798547571e7 -16.412378526911752 -29.737694451752297 3.221006117378785 35.14422584898439 183.3903836369664 -18.523768126431378 54.70960278849941 -138.36926112559962 -301.02560542034587
3120 92149.8806989193 5.257931349007887e7 -0.30619421065941665 -0.9478899742907263 -13.039157697059402 -0.21502966284521108 127.3591258424214 -11.296034537331082 30.031989951475452 -132.85603150819236 -300.6013491637445
3121 92178.16647148132 5.2579369916242525e7 -0.306194194484231 -0.9478899686667779 -13.039157703260393 -0.21502966504064602 127.3591258401228 -11.29645375345416 30.032303145184073 -132.8560560370804 -300.60000220001166
3122 92206.01347231865 5.257931349007887e7 -0.3061942396204742 -0.9478900022142271 -13.03915767996424 -0.21502965599893287 127.35912584582165 -11.296034537331082 30.031989951475452 -132.85603150819247 -300.60134916374454
3123 92234.13124680519 5.257931349007887e7 -0.30619420827808597 -0.9478899758071453 -13.039157697961144 -0.21502966306599092 127.35912584247066 -11.296034537331082 30.031989951475452 -132.85603150819236 -300.60134916374454
3124 92262.2250699997 5.2579369916242525e7 -0.30619400517364426 -0.947889922524392 -13.039157743144209 -0.2150296756077381 127.35912580899813 -11.29645375345416 30.032303145184073 -132.8560560370804 -300.60000220001155
3125 92290.30686402321 5.257931549978184e7 -0.3061942150397563 -0.9478899666620872 -13.039157690433761 -0.21502966011445324 127.35912584491768 -11.295992292762833 30.032074690816444 -132.85599171469693 -300.60134916374454
3126 92318.32852959633 5.2579369916242525e7 -0.3061942200323422 -0.9478899908489344 -13.039157685231096 -0.21502965726448053 127.35912585164047 -11.29645375345416 30.032303145184073 -132.8560560370804 -300.6000022000116
3127 92347.08652472496 5.3014052135757685e7 -4.88635038972377 -9.134919135838558 2.07913677689875 33.97522369451772 132.79012378498743 -10.487040680712198 32.79475070471415 -131.87058566143946 -295.6896961088547
3128 92376.52452111244 5.237506298995348e7 -20.34455007413067 -36.76645119879193 -7.713363781005242 1.0249469159905118 129.2055017495676 -31.46515738731881 38.37205179474154 -148.09545395588947 -300.67947493673876
3129 92405.92648053169 5.529851660062977e7 -12.397083192748383 -22.56035403706676 27.25969155988006 41.85779115464872 193.88692355063097 4.105777308267363 90.35485533021927 -121.27393058007596 -301.0494647553464
3130 92435.18287348747 5.82759807228323e7 -35.97642622295912 -104.62554161560736 80.10337005011465 52.313502321585474 137.29774694133496 -20.907823982341483 68.79908977987361 -132.82539105545862 -220.59265238681138
3131 92464.8028113842 5.523321046543447e7 -12.425949891776206 -22.611953234809356 25.771751950416572 41.700740724921474 193.62646970791056 3.239722008893466 88.71408616923145 -121.94692194704817 -300.66303535352847
3132 92495.92830061913 5.8569119647374436e7 -31.46271064110817 -56.64016342442491 68.97523012949114 112.86444934961699 315.228206595332 11.09853001740612 170.78414329771806 -115.86693406891345 -299.1591589327047
3133 92527.4604818821 5.8569119647374436e7 -31.462711057253845 -56.640163530803 68.97523022577477 112.86444937672174 315.22820666284827 11.09853001740612 170.78414329771806 -115.86693406891345 -299.1591589327047
3134 92555.25591015816 5.257931349007887e7 -0.3061943037595398 -0.9478900015949696 -13.039157674753241 -0.21502965639083982 127.35912585652511 -11.296034537331082 30.031989951475452 -132.85603150819236 -300.60134916374454
3135 92583.94996833801 5.850466275449806e7 -15.938070230559187 -68.8069803563993 74.77757610823683 51.07352573356415 135.45137101338977 -0.6433591382061081 60.75181262935712 -117.50969140455646 -220.1916831116867
3136 92612.01422524452 5.257931349007887e7 -0.3061942166940206 -0.9478899706888679 -13.039157698687312 -0.21502966382615796 127.35912584479625 -11.296034537331195 30.031989951475452 -132.85603150819247 -300.60134916374454
3137 92640.20968461037 5.257931349007887e7 -0.30619422513639805 -0.9478899824285776 -13.039157693346823 -0.21502966157601122 127.35912584619517 -11.296034537331195 30.031989951475452 -132.85603150819247 -300.60134916374454
3138 92669.11786198616 5.237493456333396e7 -20.344550139338853 -36.76645120970076 -7.713363772222614 1.024946917270114 129.2055017609681 -31.46506449978733 38.371781227688416 -148.09563097235605 -300.68166635289913
3139 92697.17815876007 5.2579315499781854e7 -0.30619421066094077 -0.9478899715109899 -13.039157696269228 -0.215029662465696 127.35912584464258 -11.295992292762833 30.032074690816444 -132.85599171469693 -300.60134916374454
3140 92725.28386807442 5.257931349007887e7 -0.30619422023181997 -0.9478899790585187 -13.039157694905754 -0.21502966216662855 127.35912584502184 -11.296034537331195 30.031989951475452 -132.85603150819236 -300.6013491637445
3141 92753.29773211479 5.2579369916242525e7 -0.3061941268581059 -0.9478899554496598 -13.039157716344214 -0.21502966818863456 127.35912582999863 -11.29645375345416 30.032303145184073 -132.8560560370804 -300.6000022000116
3142 92781.56338453293 5.2579369916242525e7 -0.30619417570845897 -0.9478899699428354 -13.03915769690073 -0.2150296611214344 127.35912584068257 -11.296453753454216 30.032303145184073 -132.8560560370804 -300.60000220001155
3143 92809.69396686554 5.257931349007887e7 -0.3061942238761617 -0.9478899806684602 -13.039157693944595 -0.2150296618532792 127.35912584584658 -11.296034537331195 30.031989951475452 -132.85603150819236 -300.60134916374454
3144 92838.51762270927 5.332816798547571e7 -16.4123785293599 -29.737694452391324 3.22100611851166 35.14422584939315 183.3903836371507 -18.523768126431378 54.70960278849941 -138.36926112559962 -301.02560542034587
3145 92868.10971355438 5.523321046543447e7 -12.425949861085783 -22.611953223931053 25.77175193641709 41.700740720872076 193.62646970155112 3.239722008893466 88.71408616923145 -121.94692194704817 -300.66303535352847
3146 92897.43975806236 5.529851660062977e7 -12.397083224321122 -22.560354040244388 27.259691558469413 41.857791152475784 193.88692355190486 4.105777308267363 90.35485533021927 -121.27393058007596 -301.0494647553464
3147 92926.0311973095 5.369812858777419e7 -20.992534903106925 -37.92472368399866 18.33930063492022 69.3344792214993 188.8213816217819 -18.127650684645744 56.72940167702404 -137.70220380499813 -296.65534384640546
3148 92954.80018377304 5.369812858777419e7 -20.99253490154364 -37.92472368232987 18.339300634064173 69.33447922119352 188.82138162151378 -18.127650684645687 56.72940167702404 -137.70220380499813 -296.65534384640546
3149 92982.77533721924 5.257931349007887e7 -0.30619423916648003 -0.9478899801785072 -13.03915769262742 -0.21502966197350304 127.35912584723697 -11.296034537331082 30.031989951475452 -132.85603150819247 -300.60134916374454
3150 93010.62741541862 5.257931349007887e7 -0.3061942135025788 -0.9478899784079493 -13.039157694007983 -0.21502966143107471 127.35912584482288 -11.296034537331082 30.031989951475452 -132.85603150819236 -300.60134916374454
3151 93038.43816590309 5.2579369916242525e7 -0.3061941992561579 -0.947889973226526 -13.039157697817167 -0.21502966270998058 127.3591258404119 -11.296453753454216 30.032303145184073 -132.8560560370804 -300.6000022000116
3152 93066.42356348038 5.257931349007887e7 -0.3061942077317923 -0.9478899738217752 -13.039157698196995 -0.21502966322604777 127.35912584210867 -11.296034537331082 30.031989951475452 -132.85603150819236 -300.60134916374454
3153 93094.29115247726 5.2579369916242525e7 -0.3061941920869202 -0.9478899669368408 -13.039157702468827 -0.21502966458271544 127.35912584023532 -11.29645375345416 30.032303145184073 -132.8560560370804 -300.60000220001166
3154 93122.2564842701 5.257931349007887e7 -0.30619420554782195 -0.9478899726356662 -13.03915769895287 -0.21502966350550423 127.35912584170657 -11.296034537331082 30.031989951475452 -132.85603150819247 -300.6013491637445
3155 93150.22183036804 5.2579369916242525e7 -0.30619420284496 -0.9478899720098886 -13.039157699825445 -0.21502966378977817 127.35912584132515 -11.296453753454216 30.032303145184073 -132.85605603708052 -300.60000220001166
3156 93181.08519554138 5.619752563171456e7 -53.12177981591459 -95.35574895170487 63.963943805125695 112.64727661336124 257.1955552515138 -23.158654151842825 124.68225396245384 -141.49929828632207 -296.9587725768239
3157 93212.06048250198 5.619752563171456e7 -53.12177973465967 -95.35574893295222 63.96394378721219 112.64727660847572 257.1955552382791 -23.158654151842825 124.68225396245384 -141.49929828632207 -296.9587725768239
3158 93240.62912917137 5.257931349007887e7 -0.3061942355283307 -0.9478899796720528 -13.039157693174928 -0.21502966208733199 127.35912584631345 -11.296034537331082 30.031989951475452 -132.85603150819236 -300.60134916374454
3159 93268.7605714798 5.257931349007887e7 -0.3061942039278094 -0.9478899689229472 -13.039157700620237 -0.21502966423489056 127.35912584160064 -11.296034537331082 30.031989951475452 -132.85603150819236 -300.6013491637445
3160 93296.45553708076 5.2579395955906175e7 -0.306194199067523 -0.9478899577846178 -13.039157705622642 -0.21502966642300692 127.35912584128172 -11.295323962658244 30.03327789659079 -132.85561325648308 -300.6020611077506
3161 93328.12685441971 5.910693527751543e7 -45.203179143191505 -81.20125084939548 97.4490594390937 153.3230703901943 321.6165231327088 11.617551323642942 175.1742315829241 -115.20068884301412 -295.9664331667384
3162 93359.42578983307 5.910693527751543e7 -45.20317912127065 -81.20125083260253 97.44905938331678 153.32307037589925 321.6165231104093 11.617551323642942 175.1742315829241 -115.20068884301412 -295.9664331667384
3163 93387.69406557083 5.257931349007887e7 -0.3061942328162921 -0.9478899790132473 -13.039157693530761 -0.21502966213766683 127.35912584591823 -11.296034537331195 30.031989951475452 -132.85603150819236 -300.60134916374454
3164 93415.74496483803 5.2579369916242525e7 -0.3061941933314074 -0.9478899668628369 -13.039157702913265 -0.21502966482213992 127.3591258402178 -11.29645375345416 30.032303145184073 -132.8560560370804 -300.60000220001166
3165 93443.79865860939 5.257931349007887e7 -0.3061942091669074 -0.947889968936801 -13.039157702101356 -0.21502966512568378 127.35912584263995 -11.296034537331082 30.031989951475452 -132.85603150819236 -300.60134916374454
3166 93471.8260576725 5.2579369916242525e7 -0.30619417709604946 -0.9478899617608203 -13.039157706816354 -0.21502966597533657 127.35912583781618 -11.29645375345416 30.032303145184073 -132.8560560370804 -300.6000022000116
3167 93500.14808034897 5.257931349007887e7 -0.30619420959977006 -0.9478899770819371 -13.039157696660766 -0.21502966258833567 127.3591258421672 -11.296034537331195 30.031989951475452 -132.85603150819247 -300.60134916374454
3168 93527.99494862556 5.257931349007887e7 -0.30619421350204234 -0.9478899692247325 -13.039157698049245 -0.21502966347991048 127.35912584335055 -11.296034537331195 30.031989951475452 -132.85603150819236 -300.60134916374454
3169 93555.94383382797 5.257931349007887e7 -0.30619421291814675 -0.9478899750904999 -13.03915769570012 -0.21502966220801056 127.35912584486856 -11.296034537331082 30.031989951475452 -132.85603150819236 -300.60134916374454
3170 93583.83317613602 5.2579369916242525e7 -0.3061941955285725 -0.947889966696815 -13.039157702546973 -0.21502966477335406 127.35912584042491 -11.29645375345416 30.032303145184073 -132.8560560370804 -300.60000220001166
3171 93613.1208999157 5.332816798547571e7 -16.41237848900042 -29.73769443929144 3.221006107998349 35.14422584617509 183.39038363052674 -18.523768126431378 54.70960278849941 -138.36926112559962 -301.02560542034587
3172 93641.43027162552 5.850466275449806e7 -15.938070227831258 -68.80698035409068 74.7775761015824 51.073525732370925 135.45137101302356 -0.6433591382061081 60.75181262935712 -117.50969140455646 -220.1916831116867
3173 93670.98831176758 5.523321046543447e7 -12.425949859297216 -22.61195322157938 25.771751938761696 41.70074072090786 193.62646970344977 3.239722008893466 88.71408616923145 -121.94692194704817 -300.66303535352847
3174 93700.61832308769 5.529851660062977e7 -12.397083230599979 -22.560354043298325 27.25969156731857 41.85779115649862 193.88692355732536 4.105777308267363 90.35485533021927 -121.27393058007596 -301.0494647553463
3175 93728.79505300522 5.257965221522293e7 -0.30619422144447483 -0.9478899720716312 -13.03915769977965 -0.21502966467910767 127.35912584157047 -11.295409531871258 30.033516247217108 -132.8552839206385 -300.59986267398034
3176 93760.7676525116 5.85057286840992e7 -60.66137934254313 -108.83278308928215 87.65655900789841 120.37279365738284 318.0319011572275 -9.348109918256398 180.7479045660707 -131.37400299538984 -300.3134077589673
3177 93789.7393116951 5.275616868284549e7 -24.924706122824784 -44.953480350554926 7.404930647831442 35.21520026091591 134.6364996762847 -31.0572565273975 40.33671807270434 -147.29293579968328 -296.19621306771523
3178 93817.82154011726 5.2579369916242525e7 -0.3061942008317473 -0.9478899695564555 -13.039157700807728 -0.21502966419467384 127.3591258406314 -11.29645375345416 30.032303145184073 -132.85605603708052 -300.6000022000116
3179 93846.29203391075 5.257931349007887e7 -0.30619420759804683 -0.9478899734920967 -13.039157698262386 -0.2150296632598696 127.35912584220758 -11.296034537331195 30.031989951475452 -132.85603150819247 -300.6013491637445
3180 93874.29164409637 5.257931349007887e7 -0.30619420274661735 -0.9478899677622703 -13.039157700702226 -0.21502966423292946 127.35912584165952 -11.296034537331195 30.031989951475452 -132.85603150819236 -300.60134916374454
3181 93902.17644715309 5.2579369916242525e7 -0.3061941842266833 -0.947889964397274 -13.039157704771263 -0.21502966530840695 127.3591258388399 -11.296453753454216 30.032303145184073 -132.85605603708052 -300.60000220001155
3182 93930.05382227898 5.257931349007887e7 -0.3061942176092636 -0.9478899718653446 -13.039157697859032 -0.2150296635137039 127.35912584411926 -11.296034537331195 30.031989951475452 -132.85603150819236 -300.60134916374454
3183 93958.07153487206 5.257931349007887e7 -0.3061942057284348 -0.947889969569931 -13.039157700063917 -0.21502966404294455 127.35912584204713 -11.296034537331195 30.031989951475452 -132.85603150819236 -300.60134916374454
3184 93985.93439912796 5.257931349007887e7 -0.30619420737884795 -0.9478899706351767 -13.03915769845392 -0.21502966337449436 127.35912584213162 -11.296034537331195 30.031989951475452 -132.85603150819236 -300.6013491637445
3185 94013.86550569534 5.2579369916242525e7 -0.30619420195559144 -0.9478899684622499 -13.039157701196672 -0.21502966442145066 127.35912584111648 -11.29645375345416 30.032303145184073 -132.8560560370804 -300.6000022000116
3186 94042.63613462448 5.850466275449805e7 -15.938070231297683 -68.80698035535143 74.77757610232842 51.07352573268655 135.45137101379635 -0.6433591382061081 60.75181262935712 -117.50969140455646 -220.1916831116867
3187 94071.32624745369 5.2374934563333966e7 -20.344550143604014 -36.766451208586666 -7.7133637722339685 1.0249469170955052 129.20550176235258 -31.46506449978733 38.371781227688416 -148.09563097235605 -300.6816663528992
3188 94100.24129152298 5.332816798547571e7 -16.412378529523874 -29.737694449602273 3.221006117307624 35.14422584882335 183.39038363754912 -18.523768126431378 54.70960278849941 -138.36926112559962 -301.02560542034587
3189 94129.70455598831 5.523321046543447e7 -12.425949871203485 -22.611953224896663 25.77175194091089 41.70074072158694 193.6264697049516 3.239722008893466 88.71408616923145 -121.94692194704811 -300.66303535352847
3190 94159.62531065941 5.529851660062977e7 -12.397083177384353 -22.5603540304898 27.259691555482988 41.85779115321678 193.8869235479965 4.105777308267363 90.35485533021927 -121.27393058007596 -301.0494647553464
3191 94191.19704771042 5.910693527751542e7 -45.203179117839355 -81.2012508295547 97.44905938169464 153.32307037534315 321.61652310823524 11.617551323642942 175.1742315829241 -115.20068884301418 -295.9664331667384
3192 94223.07981586456 5.910693534156119e7 -45.203179533733206 -81.20125093573986 97.44905947739343 153.3230704022958 321.6165231755143 11.617608677927876 175.1742315829241 -115.20066137467927 -295.9664331667384
3193 94250.97307062149 5.257931349007887e7 -0.306194214105858 -0.9478899742322628 -13.03915769693068 -0.21502966293017778 127.35912584305267 -11.296034537331082 30.031989951475452 -132.85603150819236 -300.6013491637445
3194 94279.41273069382 5.257931349007887e7 -0.3061942030256084 -0.9478899682352653 -13.039157700755219 -0.21502966426601233 127.35912584155332 -11.296034537331082 30.031989951475452 -132.85603150819236 -300.60134916374454
3195 94307.74516534805 5.257931349007887e7 -0.3061942003194673 -0.9478899661724922 -13.0391577011601 -0.21502966435912185 127.35912584141121 -11.296034537331082 30.031989951475452 -132.85603150819236 -300.60134916374454
3196 94335.81617975235 5.257931549978184e7 -0.3061941922007918 -0.9478899599841366 -13.039157702374936 -0.21502966463873463 127.35912584098517 -11.295992292762833 30.032074690816444 -132.85599171469693 -300.60134916374454
3197 94363.92716407776 5.257931349007887e7 -0.30619447814263623 -0.9478900931480849 -13.039157603614733 -0.21502963007682752 127.35912588772311 -11.296034537331195 30.031989951475452 -132.85603150819236 -300.60134916374454
3198 94391.70571660995 5.257931349007887e7 -0.3061942122959387 -0.9478899726866183 -13.039157697740485 -0.2150296632415376 127.3591258428563 -11.296034537331195 30.031989951475452 -132.85603150819236 -300.60134916374454
3199 94420.45404863358 5.850466275449805e7 -15.938070224738443 -68.80698035143216 74.77757610117735 51.07352573227584 135.45137101289305 -0.6433591382061081 60.75181262935712 -117.50969140455646 -220.1916831116867
3200 94448.54877018929 5.257931349007887e7 -0.3061942016269441 -0.9478899683468702 -13.03915770013905 -0.2150296639242555 127.35912584157265 -11.296034537331082 30.031989951475452 -132.85603150819236 -300.60134916374454
3201 94476.55110907555 5.3014052135757685e7 -4.886350374169055 -9.13491912623088 2.07913676995949 33.97522369218599 132.7901237832575 -10.487040680712084 32.79475070471415 -131.87058566143946 -295.6896961088547
3202 94505.21806049347 5.2374934563333966e7 -20.34455013953802 -36.766451206294526 -7.7133637731568 1.0249469168535654 129.20550176190113 -31.46506449978733 38.371781227688416 -148.09563097235605 -300.68166635289913
3203 94533.46875572205 5.2579315499781854e7 -0.30619419698172834 -0.9478899634867766 -13.039157701603543 -0.21502966444815286 127.35912584131123 -11.295992292762833 30.032074690816444 -132.85599171469693 -300.60134916374454
3204 94561.27177453041 5.257931349007887e7 -0.3061942010190002 -0.9478899666017764 -13.039157700939526 -0.21502966427725312 127.35912584157344 -11.296034537331082 30.031989951475452 -132.85603150819236 -300.60134916374454
3205 94589.24104118347 5.257931349007887e7 -0.3061941997949411 -0.9478899658125366 -13.039157701757105 -0.21502966460954553 127.3591258414041 -11.296034537331195 30.031989951475452 -132.85603150819247 -300.60134916374454
3206 94617.2121822834 5.257931349007887e7 -0.30619419822141225 -0.9478899647327994 -13.039157703547723 -0.21502966536073131 127.35912584138165 -11.296034537331082 30.031989951475452 -132.85603150819247 -300.60134916374454
3207 94645.08132863045 5.257931349007887e7 -0.3061941935011774 -0.94788996149342 -13.039157708919937 -0.21502966761424602 127.35912584131631 -11.296034537331082 30.031989951475452 -132.85603150819236 -300.60134916374454
3208 94672.9642355442 5.257931349007887e7 -0.3061941793399896 -0.9478899517750223 -13.03915772503612 -0.21502967437480436 127.35912584112003 -11.296034537331195 30.031989951475452 -132.85603150819236 -300.6013491637445
3209 94701.13172411919 5.257934722480423e7 -0.3061941368569734 -0.9478899226204431 -13.03915777338468 -0.21502969465645094 127.35912584053085 -11.295685457028924 30.033207642897878 -132.8558719065801 -300.60180714802163
3210 94731.05060839653 6.182434028574491e7 -44.16401024481836 -119.2608480873333 129.84864957800428 128.34855162079114 257.74997269649157 6.125133458691266 142.82470052310032 -112.4959126647999 -221.153543908311
3211 94761.30714035034 6.182434028574491e7 -44.16401024796256 -119.2608480883339 129.8486495790785 128.34855162105174 257.7499726969821 6.125133458691266 142.82470052310032 -112.4959126647999 -221.153543908311
3212 94789.46775174141 5.257931349007887e7 -0.30619419994651054 -0.947889963545423 -13.03915770533299 -0.2150296662426996 127.35912584219905 -11.296034537331195 30.031989951475452 -132.85603150819236 -300.60134916374454
3213 94817.26270079613 5.257931349007887e7 -0.3061941950161611 -0.9478899626940471 -13.039157708232864 -0.21502966729509865 127.35912584274934 -11.296034537331082 30.031989951475452 -132.85603150819236 -300.60134916374454
3214 94845.23192119598 5.257931349007887e7 -0.306194175669642 -0.9478899509868723 -13.03915772534161 -0.21502967430605224 127.35912584206531 -11.296034537331195 30.031989951475452 -132.85603150819236 -300.60134916374454
3215 94874.0582075119 5.332816798547571e7 -16.412378506516628 -29.73769443268798 3.2210060928035915 35.144225838537295 183.39038363619645 -18.523768126431378 54.70960278849941 -138.36926112559962 -301.02560542034587
3216 94902.1950700283 5.257931349007887e7 -0.3061941809163109 -0.9478899513567045 -13.039157725185056 -0.21502967457485056 127.35912584023838 -11.296034537331195 30.031989951475452 -132.85603150819236 -300.60134916374454
3217 94930.14448022842 5.257965221522293e7 -0.3061941856451291 -0.9478899501012776 -13.039157725631789 -0.21502967517513127 127.35912583759104 -11.295409531871144 30.033516247217108 -132.85528392063839 -300.59986267398034
3218 94961.00865602493 5.611510298916051e7 -53.150646407230774 -95.40734815376372 62.47600419226176 112.49022618423652 256.93510137586367 -24.181566373201065 122.68752180930744 -142.18941004345788 -296.5990570014468
3219 94992.02298760414 5.611510298916051e7 -53.1506464134008 -95.4073481572202 62.47600420033404 112.4902261870174 256.93510137624537 -24.181566373201065 122.68752180930744 -142.18941004345788 -296.5990570014468
3220 95020.38530993462 5.257931349007887e7 -0.3061941968529318 -0.9478899611992428 -13.039157709063268 -0.21502966782703936 127.35912584199306 -11.296034537331195 30.031989951475452 -132.85603150819236 -300.60134916374454
3221 95048.3404302597 5.257931349007887e7 -0.3061942137353988 -0.9478899773464606 -13.039157721159448 -0.21502967384114413 127.3591258415359 -11.296034537331082 30.031989951475452 -132.85603150819236 -300.60134916374454
3222 95077.64543294907 5.523321046543447e7 -12.425949841653264 -22.61195320376803 25.77175191292895 41.700740710217445 193.62646970243654 3.239722008893466 88.71408616923145 -121.94692194704811 -300.66303535352847
3223 95105.35406160355 5.257965221522293e7 -0.3061941637305381 -0.9478899326569721 -13.039157740017629 -0.21502968120906019 127.35912582995061 -11.295409531871144 30.033516247217108 -132.85528392063839 -300.59986267398034
3224 95132.99009156227 5.257931349007887e7 -0.3061941912106292 -0.9478899477231959 -13.039157725682095 -0.21502967531876038 127.35912584209908 -11.296034537331082 30.031989951475452 -132.85603150819247 -300.60134916374454
3225 95160.71203398705 5.257931349007887e7 -0.3061941793701948 -0.9478899563275549 -13.039157723504417 -0.2150296737002293 127.3591258397253 -11.296034537331082 30.031989951475452 -132.85603150819247 -300.60134916374454
3226 95188.54867506027 5.2579369916242525e7 -0.30619417473207733 -0.9478899712400475 -13.039157718462349 -0.21502967107628024 127.35912583818632 -11.29645375345416 30.032303145184073 -132.8560560370804 -300.60000220001166
3227 95219.95588541031 6.215969931745993e7 -68.75365553828377 -163.21483925350208 151.7806774995292 163.93583198011228 265.2878003650183 -12.548383262245352 155.1572212198497 -126.0433156076814 -215.63848367555335
3228 95251.36734771729 6.215969931745993e7 -68.75365553600369 -163.2148392526316 151.78067750025866 163.93583198020912 265.28780036482476 -12.548383262245238 155.1572212198497 -126.0433156076814 -215.63848367555335
3229 95279.49842333794 5.257931349007887e7 -0.3061942518574696 -0.9478899785929222 -13.03915770276651 -0.21502966711169336 127.35912585036772 -11.296034537331082 30.031989951475452 -132.85603150819236 -300.60134916374454
3230 95307.76078748703 5.257931349007887e7 -0.3061941940282118 -0.9478899686005722 -13.03915771574885 -0.21502967055431554 127.35912584276889 -11.296034537331082 30.031989951475452 -132.85603150819236 -300.60134916374454
3231 95335.89566159248 5.257931349007887e7 -0.3061941928113612 -0.9478899672005792 -13.03915771608807 -0.215029670708887 127.35912584242757 -11.296034537331195 30.031989951475452 -132.85603150819236 -300.60134916374454
3232 95364.76555252075 5.257965221522293e7 -0.30619416945646805 -0.9478899482963259 -13.03915772898928 -0.2150296759139394 127.35912583771234 -11.295409531871144 30.033516247217108 -132.85528392063839 -300.5998626739804
3233 95392.77340841293 5.257931349007887e7 -0.3061941835301063 -0.947889971951617 -13.039157717182817 -0.21502967085477565 127.35912583947993 -11.296034537331082 30.031989951475452 -132.85603150819236 -300.6013491637445
3234 95421.20784235 5.257971065108957e7 -0.30619419600954245 -0.9478900188240553 -13.039157698217679 -0.2150296623184289 127.35912583874514 -11.295786503425916 30.03391418026672 -132.855268656031 -300.5985157102475
3235 95451.45994710922 5.649011232025609e7 -33.08342373840386 -59.53718772875365 58.638149877753094 111.40730003508337 255.34917928631242 -2.6606771209532667 117.06211988149539 -125.92957805681169 -295.82075880960707
3236 95482.04108691216 5.649011232025609e7 -33.08342373027311 -59.537187734444416 58.638149879000714 111.40730003601563 255.34917928400986 -2.6606771209532667 117.06211988149539 -125.92957805681169 -295.82075880960707
3237 95510.40244626999 5.257931349007887e7 -0.3061942472120691 -0.9478899777642011 -13.039157702154235 -0.21502966665218537 127.35912585005154 -11.296034537331195 30.031989951475452 -132.85603150819236 -300.6013491637445
3238 95538.82927107811 5.257971065108957e7 -0.3061941184939059 -0.9478899272499266 -13.039157737548798 -0.21502967800762463 127.35912583041296 -11.295786503425916 30.03391418026672 -132.855268656031 -300.5985157102474
3239 95566.93286013603 5.257937192594551e7 -0.3061941891547768 -0.9478899829743126 -13.039157704982799 -0.21502966500953846 127.35912584887994 -11.296411508885967 30.032387884525065 -132.85601624358497 -300.60000220001166
3240 95595.01075935364 5.257931349007887e7 -0.3061941970585913 -0.947890007443112 -13.03915770111341 -0.2150296637447724 127.35912584023266 -11.296034537331195 30.031989951475452 -132.85603150819236 -300.60134916374454
3241 95623.01760363579 5.25793719259455e7 -0.3061941924571272 -0.9478899772465637 -13.03915770340054 -0.21502966497827458 127.35912583936529 -11.296411508885853 30.032387884525065 -132.85601624358497 -300.60000220001155
3242 95650.92128252983 5.257931349007887e7 -0.30619419651975477 -0.9478899814847592 -13.039157712990466 -0.21502966932997936 127.35912584149179 -11.296034537331195 30.031989951475452 -132.85603150819247 -300.60134916374454
3243 95679.14652180672 5.257965422492591e7 -0.3061942130977897 -0.9478899728042318 -13.0391577116648 -0.21502966963836911 127.35912584461117 -11.295367287302952 30.0336009865581 -132.85524412714295 -300.59986267398034
3244 95707.48248529434 5.3014052135757685e7 -4.886350356940834 -9.134919133683601 2.0791367455372907 33.97522368465157 132.79012378083618 -10.487040680712084 32.79475070471415 -131.87058566143946 -295.6896961088547
3245 95737.97133398056 6.202629646177868e7 -44.13514358237448 -119.20924893461682 131.3365892151827 128.50560206645386 258.01042652499706 7.307226725908265 145.24486495827944 -111.48459907497971 -219.60952974450532
3246 95766.94500780106 5.332816798547571e7 -16.412378509780837 -29.737694458457646 3.2210060906621933 35.14422583755986 183.3903836299187 -18.523768126431378 54.70960278849941 -138.36926112559962 -301.02560542034587
3247 95796.32612085342 5.523321046543447e7 -12.425949853163424 -22.61195322981567 25.771751923201606 41.70074071496599 193.6264697028069 3.239722008893466 88.71408616923145 -121.94692194704811 -300.66303535352847
3248 95824.6158003807 5.257931349007887e7 -0.3061941799475747 -0.9478899694729144 -13.039157718329456 -0.21502967126085082 127.35912583896068 -11.296034537331082 30.031989951475452 -132.85603150819236 -300.60134916374454
3249 95852.5435256958 5.257971065108957e7 -0.30619416919956066 -0.9478899620363741 -13.039157721769591 -0.2150296724791616 127.35912583740239 -11.295786503425916 30.03391418026672 -132.855268656031 -300.59851571024745
3250 95883.05237150192 5.943514709253423e7 -56.6627665572187 -141.60237518640878 111.4818282226778 121.86301115306689 198.7600026458336 -27.76570026938765 95.26252435813103 -137.5250365589228 -215.6657116847179
3251 95913.09484314919 5.943514709253423e7 -56.66276655714727 -141.60237518639454 111.48182822268782 121.86301115306159 198.7600026458243 -27.76570026938765 95.26252435813103 -137.5250365589228 -215.6657116847179
3252 95941.3902964592 5.257968594994829e7 -0.30619424682336316 -0.9478899875718678 -13.039157707339477 -0.21502966890177788 127.35912584940799 -11.295060451569043 30.034733938639533 -132.855124319026 -300.60032065825743
3253 95969.2348895073 5.257931349007887e7 -0.30619418513079566 -0.9478899705178598 -13.039157716609502 -0.2150296706503383 127.35912584068632 -11.296034537331082 30.031989951475452 -132.85603150819236 -300.60134916374454
3254 95998.17103099823 5.2374934563333966e7 -20.3445501281956 -36.766451211832184 -7.713363787572398 1.0249469109487421 129.20550176236796 -31.46506449978733 38.371781227688416 -148.09563097235605 -300.68166635289913
3255 96025.96191477776 5.257931349007887e7 -0.3061942017661323 -0.9478900085204502 -13.039157699371401 -0.21502966310571026 127.35912584187417 -11.296034537331082 30.031989951475452 -132.85603150819236 -300.60134916374454
3256 96054.08289575577 5.3014052135757685e7 -4.886350350622038 -9.13491913140735 2.079136743526533 33.97522368391961 132.79012377910192 -10.487040680712198 32.79475070471415 -131.87058566143946 -295.6896961088547
3257 96082.000477314 5.2579315499781854e7 -0.30619420430685196 -0.9478899819297064 -13.039157699520587 -0.21502966360441178 127.3591258423606 -11.295992292762833 30.032074690816444 -132.85599171469693 -300.60134916374454
3258 96110.31938314438 5.257970864138659e7 -0.30619415693339747 -0.9478899667278817 -13.039157725851375 -0.21502967386697946 127.35912583110809 -11.295828747994278 30.03382944092573 -132.85530844952643 -300.59851571024745
3259 96138.32001781464 5.257931349007887e7 -0.30619423388836964 -0.9478900030715955 -13.039157707704057 -0.21502966823271663 127.35912584562524 -11.296034537331082 30.031989951475452 -132.85603150819236 -300.60134916374454
3260 96166.62403798103 5.850466275449805e7 -15.938070196638122 -68.80698034195537 74.77757611292012 51.073525727005006 135.4513710091187 -0.6433591382061081 60.75181262935712 -117.50969140455646 -220.1916831116867
3261 96194.68586611748 5.2579369916242525e7 -0.30619417481538846 -0.9478899937894463 -13.03915770554454 -0.21502966456266392 127.35912584370571 -11.29645375345416 30.032303145184073 -132.8560560370804 -300.60000220001166
3262 96222.81093120575 5.257970864138659e7 -0.3061941678333113 -0.9478899671191332 -13.039157722296949 -0.21502967266201267 127.35912583495121 -11.295828747994165 30.03382944092573 -132.85530844952655 -300.59851571024745
3263 96251.44967627525 5.332816798547571e7 -16.41237850829028 -29.737694450911142 3.2210061002765684 35.14422584207172 183.39038363577203 -18.523768126431378 54.70960278849941 -138.36926112559962 -301.02560542034587
3264 96280.70333623886 5.523321046543447e7 -12.425949848534767 -22.611953226624266 25.77175192111273 41.70074071436197 193.62646970206248 3.239722008893466 88.71408616923145 -121.94692194704817 -300.66303535352847
3265 96310.22201037407 5.529851660062977e7 -12.39708316577251 -22.560354033737372 27.259691540037622 41.85779114674918 193.88692354742284 4.105777308267363 90.35485533021927 -121.27393058007596 -301.0494647553463
3266 96340.07293653488 6.1648337571047924e7 -32.60911521501275 -98.6064734881611 130.19471972591202 127.33659987528658 207.41016663581283 15.444767708881272 123.49602867963392 -104.98762272786581 -215.7711840145463
3267 96371.32019114494 6.498427112623204e7 -60.83505523305996 -149.06034124833312 185.265793236228 204.6116257893759 329.70876831801996 21.986607174378264 205.20852599265618 -100.03838413627199 -215.82727191570615
3268 96399.21920704842 5.257931349007887e7 -0.3061941928513576 -0.9478899647516785 -13.039157713794367 -0.2150296697713543 127.35912584066116 -11.296034537331195 30.031989951475452 -132.85603150819236 -300.60134916374454
3269 96427.74207544327 5.301405373545586e7 -4.886350355028508 -9.134919132139899 2.079136744006341 33.97522368410715 132.79012378007866 -10.486998436143892 32.79483544405525 -131.87054588854448 -295.6896961088547
3270 96456.2069773674 5.257931349007887e7 -0.3061941869728635 -0.9478899738706232 -13.039157711775779 -0.2150296685632611 127.35912583925546 -11.296034537331082 30.031989951475452 -132.85603150819236 -300.60134916374454
3271 96484.23087763786 5.257931349007887e7 -0.30619420216829596 -0.9478899752584891 -13.039157713037874 -0.21502966972299475 127.35912584271726 -11.296034537331195 30.031989951475452 -132.85603150819236 -300.60134916374454
3272 96512.18652033806 5.2579369916242525e7 -0.3061941885399513 -0.9478899893077033 -13.039157709236676 -0.21502966726292527 127.35912583969835 -11.29645375345416 30.032303145184073 -132.85605603708052 -300.60000220001166
3273 96540.04790496826 5.257931349007887e7 -0.3061941808425992 -0.9478899703080321 -13.039157718118012 -0.21502967118654226 127.35912583906627 -11.296034537331195 30.031989951475452 -132.85603150819236 -300.60134916374454
3274 96568.02062630653 5.257931349007887e7 -0.3061941986443415 -0.9478899837204633 -13.039157715626914 -0.2150296706706598 127.35912583982777 -11.296034537331195 30.031989951475452 -132.85603150819247 -300.60134916374454
3275 96595.69634056091 5.257931349007887e7 -0.30619419028650796 -0.9478899799401264 -13.039157710205544 -0.21502966768467502 127.3591258444226 -11.296034537331195 30.031989951475452 -132.85603150819236 -300.6013491637445
3276 96624.63619446754 5.2374934563333966e7 -20.344550118222973 -36.766451209230155 -7.713363790437647 1.0249469099442763 129.2055017593834 -31.46506449978733 38.371781227688416 -148.09563097235605 -300.68166635289913
3277 96654.3391714096 5.529851660062977e7 -12.397083167084777 -22.560354033686398 27.259691539972124 41.85779114662823 193.88692354740533 4.105777308267363 90.35485533021927 -121.27393058007596 -301.0494647553464
3278 96683.0511727333 5.257931349007887e7 -0.30619417999519527 -0.9478899695171803 -13.039157718297034 -0.21502967124756367 127.35912583898089 -11.296034537331082 30.031989951475452 -132.85603150819236 -300.6013491637445
3279 96712.01351714134 5.332816798547571e7 -16.41237850483412 -29.73769445050206 3.221006099651518 35.144225841944916 183.3903836350865 -18.523768126431378 54.70960278849941 -138.36926112559962 -301.02560542034587
3280 96740.41384983063 5.850466275449805e7 -15.93807020155969 -68.80698034165688 74.77757611703065 51.073525727593335 135.45137101050264 -0.6433591382061081 60.75181262935712 -117.50969140455646 -220.1916831116867
3281 96770.3672568798 5.581814625179124e7 -19.371821823905737 -35.027699382427016 28.676380878096367 70.79162853334225 248.7004089054733 -4.39163847179924 110.39823512384294 -127.52591777620881 -299.34564926939913
3282 96798.62117218971 5.257968795965128e7 -0.3061941642859196 -0.9478899446691811 -13.03915773351865 -0.2150296778086016 127.35912583735906 -11.29501820700068 30.034818677980525 -132.85508452553057 -300.60032065825743
3283 96830.11732411385 6.1589779199523084e7 -55.01318732210696 -138.65375193108633 123.30684839273582 123.47721098719455 258.8994838802494 -12.8755214119264 151.22152823621536 -126.7339150910193 -219.8340914746289
3284 96858.27129101753 5.2579369916242525e7 -0.3061941855075645 -0.9478899745935561 -13.039157717578313 -0.21502967107370807 127.3591258388458 -11.296453753454216 30.032303145184073 -132.8560560370804 -300.6000022000116
3285 96886.26151323318 5.257931349007887e7 -0.3061941843196969 -0.947889972036724 -13.039157714958236 -0.21502966989078232 127.35912583935477 -11.296034537331082 30.031989951475452 -132.85603150819236 -300.60134916374454
3286 96914.40336489677 5.257931349007887e7 -0.3061941805038728 -0.947889969680122 -13.039157718286404 -0.2150296712601829 127.3591258390648 -11.296034537331195 30.031989951475452 -132.85603150819236 -300.60134916374454
3287 96942.18122720718 5.2579369916242525e7 -0.3061941779871553 -0.9478899686983322 -13.039157718530866 -0.21502967128704142 127.35912583856906 -11.29645375345416 30.032303145184073 -132.8560560370804 -300.60000220001155
3288 96970.36800718307 5.257931349007887e7 -0.30619418494140405 -0.9478899780725447 -13.039157714549802 -0.2150296696538163 127.35912583950568 -11.296034537331195 30.031989951475452 -132.85603150819236 -300.60134916374454
3289 96998.4454703331 5.2579369916242525e7 -0.3061941881275594 -0.9478899767473621 -13.039157716961476 -0.21502967091359437 127.35912583898894 -11.296453753454216 30.032303145184073 -132.8560560370804 -300.6000022000116
3290 97026.3368177414 5.2579369916242525e7 -0.3061941836291524 -0.9478899742255482 -13.039157714277152 -0.2150296694181435 127.35912584149641 -11.296453753454216 30.032303145184073 -132.8560560370804 -300.60000220001166
3291 97054.09414315224 5.257931349007887e7 -0.3061941873079199 -0.947889971160186 -13.039157716460316 -0.21502967071300816 127.35912584009895 -11.296034537331195 30.031989951475452 -132.85603150819236 -300.60134916374454
3292 97082.84459209442 5.237506298995348e7 -20.34455011509649 -36.76645120841889 -7.713363791077903 1.024946909783111 129.20550175849925 -31.46515738731881 38.37205179474154 -148.09545395588935 -300.67947493673876
3293 97112.55333662033 5.523321046543447e7 -12.425949848655826 -22.61195322672296 25.7717519210738 41.700740714335836 193.62646970205233 3.239722008893466 88.71408616923145 -121.94692194704817 -300.66303535352847
3294 97141.85534787178 5.529851660062977e7 -12.397083167417279 -22.560354034130405 27.259691540511774 41.85779114690966 193.886923547928 4.105777308267363 90.35485533021927 -121.27393058007596 -301.0494647553464
3295 97170.55751681328 5.2374934563333966e7 -20.344550126650134 -36.76645121163036 -7.713363789555821 1.0249469099887705 129.20550176111294 -31.46506449978733 38.371781227688416 -148.09563097235605 -300.68166635289913
3296 97203.13572072983 5.85057286840992e7 -60.661379101888635 -108.83278307477826 87.65655894253459 120.37279363411672 318.0319011240543 -9.34810991825617 180.7479045660707 -131.37400299538984 -300.3134077589673
3297 97235.44193792343 5.85057286840992e7 -60.66137910152143 -108.83278307389232 87.65655894290904 120.37279363416138 318.03190112435925 -9.348109918256284 180.7479045660707 -131.37400299538984 -300.3134077589673
3298 97263.64431095123 5.2579369916242525e7 -0.30619418083975347 -0.9478899690855007 -13.03915771734681 -0.21502967081102042 127.35912583935732 -11.296453753454216 30.032303145184073 -132.8560560370804 -300.60000220001166
3299 97292.12724232674 5.850466275449805e7 -15.938070202100278 -68.80698034351889 74.77757611399814 51.07352572764803 135.45137101084663 -0.6433591382061081 60.75181262935712 -117.50969140455646 -220.1916831116867
3300 97320.54605102539 5.221369430957239e7 -11.184237768629433 -20.392392883171578 -21.068898645933416 -5.24342078314001 128.24818316897728 -31.298574353444394 36.43847878658778 -147.83643880107866 -299.9013886426324
3301 97348.71726608276 5.257931349007887e7 -0.30619417999175624 -0.9478899695119614 -13.039157718277309 -0.21502967123888084 127.35912583895907 -11.296034537331082 30.031989951475452 -132.85603150819236 -300.60134916374454
3302 97377.20730113983 5.2579369916242525e7 -0.30619418012472366 -0.9478899696296788 -13.039157718121203 -0.21502967117254457 127.35912583895335 -11.296453753454216 30.032303145184073 -132.85605603708052 -300.6000022000116
3303 97408.24372410774 6.175565034659934e7 -64.17349942946976 -155.02781011532977 136.66238306012903 129.74557863136107 259.8568024207463 -13.131483520041684 152.92397163450528 -126.97920351525306 -220.4261676985256
3304 97439.79287481308 6.175565034659934e7 -64.17349941625443 -155.0278101069129 136.6623830445775 129.7455786247475 259.85680242006504 -13.131483520041684 152.92397163450528 -126.97920351525306 -220.4261676985256
3305 97468.02029538155 5.2579369916242525e7 -0.3061941807917492 -0.9478899678240902 -13.039157717717273 -0.21502967098867032 127.35912583949468 -11.29645375345416 30.032303145184073 -132.8560560370804 -300.60000220001166
3306 97496.05409836769 5.257931349007887e7 -0.30619418410555355 -0.9478899733784933 -13.039157717234588 -0.21502967089152492 127.35912583924845 -11.296034537331082 30.031989951475452 -132.85603150819236 -300.60134916374454
3307 97524.40125012398 5.257931349007887e7 -0.3061941798854271 -0.9478899701194887 -13.039157717887818 -0.21502967104748905 127.35912583902441 -11.296034537331082 30.031989951475452 -132.85603150819236 -300.6013491637445
3308 97553.0965116024 5.257931349007887e7 -0.30619417833154117 -0.9478899683227757 -13.039157719953685 -0.21502967193940492 127.35912583884483 -11.296034537331082 30.031989951475452 -132.85603150819236 -300.60134916374454
3309 97581.10919976234 5.257934722480423e7 -0.3061941733506366 -0.9478899647546548 -13.039157724982537 -0.21502967404119033 127.35912583850272 -11.295685457028924 30.033207642897878 -132.8558719065801 -300.60180714802163
3310 97611.67961144447 5.513391084092349e7 -32.435439171175894 -58.378915279883415 32.585485504451185 43.09776774177935 195.73329947428124 -15.9888693784564 98.83806044093751 -136.3502353461086 -300.72696816048557
3311 97639.44339847565 5.2579369916242525e7 -0.30619417886774514 -0.9478899668941123 -13.03915771943462 -0.2150296716919513 127.35912583934555 -11.29645375345416 30.032303145184073 -132.85605603708052 -300.6000022000116
3312 97667.72108340263 5.2579369916242525e7 -0.30619417828437534 -0.9478899683168525 -13.039157719979627 -0.21502967194942357 127.35912583882889 -11.29645375345416 30.032303145184073 -132.8560560370804 -300.60000220001155
3313 97695.50849580765 5.257931349007887e7 -0.30619417681621997 -0.9478899645786978 -13.039157721589454 -0.21502967265895734 127.35912583877307 -11.296034537331195 30.031989951475452 -132.85603150819236 -300.6013491637445
3314 97723.83840107918 5.257931349007887e7 -0.306194172270164 -0.9478899533466381 -13.03915772649696 -0.2150296748177425 127.35912583855543 -11.296034537331195 30.031989951475452 -132.85603150819247 -300.6013491637445
3315 97751.80363750458 5.2579395955906175e7 -0.30619415863176513 -0.947889919650537 -13.039157741219185 -0.21502968129398425 127.35912583790389 -11.295323962658188 30.03327789659079 -132.85561325648308 -300.6020611077506
3316 97782.75600790977 6.1286798106352076e7 -52.67633815540209 -134.4766340833642 134.03257436067213 128.41952610360303 208.996088775636 -6.109998148872592 128.9769842922359 -121.25675235683332 -216.12308567014344
3317 97813.46270990372 6.1286798106352076e7 -52.67633783464754 -134.4766339301283 134.03257401436184 128.41952601723386 208.99608873117813 -6.109998148872705 128.9769842922359 -121.25675235683332 -216.12308567014344
3318 97841.80829405785 5.2579369916242525e7 -0.3061941772015153 -0.9478899641772331 -13.039157722786328 -0.21502967319891297 127.3591258383955 -11.29645375345416 30.032303145184073 -132.85605603708052 -300.60000220001166
3319 97869.93712687492 5.257931349007887e7 -0.306194180089264 -0.9478899718594063 -13.039157718542533 -0.21502967133251616 127.35912583904067 -11.296034537331082 30.031989951475452 -132.85603150819247 -300.6013491637445
3320 97897.7895860672 5.257931349007887e7 -0.30619417287565653 -0.9478899539699972 -13.039157725795569 -0.21502967451365862 127.35912583868935 -11.296034537331195 30.031989951475452 -132.85603150819236 -300.60134916374454
3321 97925.9335641861 5.257931349007887e7 -0.30619418359319184 -0.9478899623402679 -13.039157723200134 -0.2150296736943602 127.35912583933748 -11.296034537331195 30.031989951475452 -132.85603150819236 -300.60134916374454
3322 97953.73072886467 5.257931349007887e7 -0.30619417139843463 -0.9478899524475928 -13.03915772777831 -0.21502967537396955 127.35912583837293 -11.296034537331082 30.031989951475452 -132.85603150819247 -300.60134916374454
3323 97981.67350792885 5.257940365096789e7 -0.306194168783815 -0.947889949750345 -13.039157731622531 -0.21502967704303444 127.35912583782488 -11.296104673151945 30.0335208366065 -132.85589643546814 -300.6004601842887
3324 98010.43542599678 5.369812676560445e7 -20.9925347366845 -37.92472368363913 18.339300638962264 69.33447922671108 188.82138158855986 -18.12770695280244 56.72940167702404 -137.70223111871354 -296.65534384640546
3325 98040.77490568161 5.649011232025609e7 -33.08342372355128 -59.53718774730138 58.63814989712445 111.40730004464275 255.3491792973887 -2.6606771209532667 117.06211988149539 -125.92957805681169 -295.82075880960707
3326 98068.51871442795 5.2579369916242525e7 -0.30619417862668996 -0.9478899586816976 -13.039157722565385 -0.21502967321208644 127.35912583887385 -11.296453753454216 30.032303145184073 -132.8560560370804 -300.60000220001155
3327 98096.40385103226 5.3014052135757685e7 -4.886350344255476 -9.13491911296827 2.0791367326233114 33.97522367939986 132.79012377948249 -10.487040680712084 32.79475070471415 -131.87058566143946 -295.6896961088547
3328 98124.49319052696 5.257931349007887e7 -0.3061941731822877 -0.9478899544654809 -13.039157726300942 -0.21502967475302626 127.35912583871686 -11.296034537331195 30.031989951475452 -132.85603150819236 -300.60134916374454
3329 98152.4256799221 5.257970864138659e7 -0.3061941765761418 -0.9478899705456199 -13.039157721259613 -0.2150296724428955 127.3591258380785 -11.295828747994165 30.03382944092573 -132.85530844952643 -300.59851571024745
3330 98180.21977639198 5.257931349007887e7 -0.30619418580105773 -0.9478899648928021 -13.039157722983646 -0.2150296736572841 127.3591258396711 -11.296034537331195 30.031989951475452 -132.85603150819236 -300.60134916374454
3331 98208.29500222206 5.257934722480423e7 -0.30619416646348796 -0.9478899503476246 -13.039157732744243 -0.21502967742219425 127.35912583835871 -11.29568545702898 30.033207642897878 -132.8558719065801 -300.60180714802163
3332 98236.11212611198 5.2579369916242525e7 -0.3061941695691637 -0.9478899503977898 -13.039157729214203 -0.21502967597815825 127.35912583800972 -11.296453753454216 30.032303145184073 -132.8560560370804 -300.6000022000116
3333 98264.43049645424 5.257965221522293e7 -0.30619416823186896 -0.9478899494264672 -13.03915773025858 -0.21502967650604887 127.35912583598142 -11.295409531871144 30.033516247217108 -132.85528392063839 -300.59986267398034
3334 98293.13979268074 5.332816798547571e7 -16.412378495322407 -29.73769443210518 3.2210060888592196 35.14422583720864 183.39038363384233 -18.523768126431378 54.70960278849941 -138.36926112559962 -301.02560542034587
3335 98322.50122690201 5.529851660062977e7 -12.397083169190338 -22.56035402901208 27.25969153988381 41.8577911465038 193.8869235493395 4.105777308267193 90.35485533021927 -121.27393058007596 -301.0494647553463
3336 98351.26853394508 5.850466275449806e7 -15.938070193480343 -68.80698033260389 74.7775760813341 51.07352572125404 135.45137100964624 -0.6433591382061081 60.75181262935712 -117.50969140455646 -220.1916831116867
3337 98381.07117509842 5.529851660062977e7 -12.39708314986077 -22.56035400713576 27.25969152388914 41.85779113977745 193.88692354563807 4.105777308267363 90.35485533021927 -121.27393058007596 -301.0494647553464
3338 98410.34191846848 5.523321046543447e7 -12.425949838660788 -22.611953208420328 25.771751910249662 41.70074070977567 193.6264697010858 3.239722008893466 88.71408616923145 -121.94692194704817 -300.66303535352847
3339 98442.2447040081 6.446954605863147e7 -47.094586719489286 -124.49925378253404 156.79196403567016 164.15300475080016 323.3204517857432 21.669899548833087 201.2936688417824 -100.61554100917056 -219.01217228000735
3340 98473.87004303932 6.446954605863147e7 -47.094586725231565 -124.49925378695686 156.79196404041096 164.1530047519822 323.3204517875639 21.669899548833087 201.2936688417824 -100.61554100917067 -219.01217228000735
3341 98501.71337938309 5.2579315499781854e7 -0.3061941873302665 -0.94788997700633 -13.039157712372663 -0.21502966876728635 127.35912584055171 -11.295992292762946 30.032074690816444 -132.85599171469693 -300.60134916374454
3342 98530.42318034172 5.2374934563333966e7 -20.344550110580602 -36.76645119187649 -7.7133638001685725 1.0249469056569325 129.205501758977 -31.46506449978733 38.371781227688416 -148.09563097235605 -300.6816663528992
3343 98558.46093010902 5.3014052135757685e7 -4.886350346244338 -9.134919115645562 2.0791367347558847 33.97522368026327 132.7901237798223 -10.487040680712084 32.79475070471415 -131.87058566143946 -295.6896961088547
3344 98586.4200193882 5.257931349007887e7 -0.30619417505218394 -0.9478899545557091 -13.039157724573926 -0.21502967405584172 127.35912583866732 -11.296034537331082 30.031989951475452 -132.85603150819236 -300.6013491637445
3345 98614.39201927185 5.257931349007887e7 -0.30619417181524966 -0.9478899523710238 -13.039157727815962 -0.2150296754050629 127.35912583852361 -11.296034537331082 30.031989951475452 -132.85603150819247 -300.60134916374454
3346 98642.49139642715 5.257931349007887e7 -0.3061941747367847 -0.9478899556188374 -13.039157727098406 -0.21502967517655236 127.35912583836533 -11.296034537331082 30.031989951475452 -132.85603150819236 -300.60134916374454
3347 98670.31927323341 5.257970864138659e7 -0.30619418475196625 -0.9478899651328989 -13.039157725058885 -0.21502967458388866 127.359125838342 -11.295828747994165 30.03382944092573 -132.85530844952643 -300.5985157102475
3348 98699.34993124008 5.909212149139343e7 -22.8839422394839 -81.22272649644839 77.68220500120799 80.16441353130882 190.52531021649835 -7.933416625810253 83.04742671162705 -122.92413506559683 -219.41748052565822
3349 98728.64633178711 5.909212149139343e7 -22.88394229506943 -81.22272654412191 77.68220504088653 80.16441354867541 190.5253102281413 -7.933416625810253 83.04742671162705 -122.92413506559677 -219.41748052565833
3350 98756.5753877163 5.257931349007887e7 -0.306194185831 -0.9478899715342806 -13.039157717134266 -0.21502967094454561 127.35912583969512 -11.296034537331082 30.031989951475452 -132.85603150819236 -300.60134916374454
3351 98785.52227902412 5.2374934563333966e7 -20.34455011249145 -36.76645119453203 -7.713363799438049 1.0249469058874183 129.20550175869764 -31.46506449978733 38.371781227688416 -148.09563097235605 -300.6816663528992
3352 98813.71931958199 5.257931349007887e7 -0.3061941806727333 -0.9478899613006035 -13.039157721843992 -0.21502967287683816 127.35912584130877 -11.296034537331082 30.031989951475452 -132.85603150819236 -300.60134916374454
3353 98841.85872220993 5.2579369916242525e7 -0.3061941785127189 -0.9478899665662448 -13.039157724078407 -0.21502967380729388 127.35912583874865 -11.29645375345416 30.032303145184073 -132.85605603708052 -300.60000220001166
3354 98869.64404296875 5.257931349007887e7 -0.3061941747796162 -0.9478899556271037 -13.039157727016608 -0.21502967514250315 127.35912583836334 -11.296034537331195 30.031989951475452 -132.85603150819236 -300.60134916374454
3355 98897.68860220909 5.257931349007887e7 -0.30619417490779455 -0.9478899556517639 -13.039157726771137 -0.21502967504063975 127.35912583835757 -11.296034537331082 30.031989951475452 -132.85603150819236 -300.60134916374454
3356 98925.38113498688 5.257965221522293e7 -0.3061941752927737 -0.9478899557253921 -13.039157726034482 -0.21502967473496426 127.35912583834076 -11.295409531871144 30.033516247217108 -132.85528392063839 -300.5998626739804
3357 98957.79397058487 6.462594362856197e7 -56.25489922439694 -140.87331217542783 170.1474989086528 170.42137245802527 324.27777039143564 21.54400988470138 203.22553425514013 -100.82582654848284 -219.99346735042212
3358 98989.52400398254 6.462594362856197e7 -56.2548992258476 -140.8733121740189 170.14749890436536 170.42137245696034 324.27777039007765 21.54400988470138 203.22553425514013 -100.82582654848284 -219.99346735042212
3359 99017.32113194466 5.257931349007887e7 -0.3061941861401607 -0.9478899708597712 -13.039157717949443 -0.2150296713401616 127.35912583952691 -11.296034537331082 30.031989951475452 -132.85603150819236 -300.60134916374454
3360 99045.47725915909 5.257965221522293e7 -0.30619417095432055 -0.947889947743815 -13.039157730383018 -0.21502967660578065 127.35912583795293 -11.295409531871144 30.033516247217108 -132.85528392063839 -300.5998626739804
3361 99073.96682143211 5.257931349007887e7 -0.306194178781805 -0.9478899580510083 -13.039157723421013 -0.2150296736613342 127.35912583869478 -11.296034537331082 30.031989951475452 -132.85603150819236 -300.60134916374454
3362 99102.06235837936 5.257965221522293e7 -0.30619417121083714 -0.9478899509227929 -13.039157730684536 -0.21502967681827556 127.35912583586286 -11.295409531871144 30.033516247217108 -132.85528392063839 -300.5998626739803
3363 99130.28732895851 5.257965221522293e7 -0.3061941824101595 -0.9478899572596626 -13.039157725094995 -0.21502967459069566 127.35912583943347 -11.295409531871258 30.033516247217108 -132.8552839206385 -300.5998626739804
3364 99158.23577809334 5.257965221522293e7 -0.306194173051221 -0.9478899547407664 -13.0391577272703 -0.21502967521264793 127.35912583786083 -11.295409531871144 30.033516247217108 -132.85528392063839 -300.59986267398034
3365 99186.32065606117 5.257931549978184e7 -0.3061941665340626 -0.9478899489622084 -13.039157727919367 -0.21502967527800365 127.3591258381326 -11.295992292762833 30.032074690816444 -132.85599171469693 -300.6013491637445
3366 99214.55964803696 5.257970864138659e7 -0.30619417248038516 -0.9478899543529407 -13.039157727446877 -0.21502967527987948 127.35912583771204 -11.295828747994165 30.03382944092573 -132.85530844952655 -300.5985157102475
3367 99243.23996758461 5.332816798547571e7 -16.41237850167498 -29.737694437340032 3.2210060911718017 35.14422583805418 183.3903836345112 -18.52376812643149 54.70960278849941 -138.36926112559962 -301.02560542034587
3368 99272.22978591919 5.850466275449805e7 -15.938070196352331 -68.80698033513148 74.77757608766856 51.07352572233992 135.45137100948494 -0.6433591382061081 60.75181262935712 -117.50969140455646 -220.1916831116867
3369 99301.46647548676 5.529851660062977e7 -12.397083162514058 -22.56035402040886 27.25969153215121 41.85779114316669 193.8869235473809 4.105777308267363 90.35485533021927 -121.27393058007596 -301.0494647553464
3370 99331.27819013596 5.523321046543447e7 -12.425949840592398 -22.61195321204129 25.771751909768447 41.700740710022785 193.62646970014922 3.239722008893466 88.71408616923145 -121.94692194704811 -300.66303535352847
3371 99359.42747879028 5.3014052135757685e7 -4.8863503551119685 -9.134919131776162 2.0791367355696835 33.975223680824556 132.79012378016546 -10.487040680712084 32.79475070471415 -131.87058566143946 -295.6896961088547
3372 99392.20989990234 6.44431479305545e7 -76.29325512008432 -176.6918733807533 175.4732927431541 171.6613490212404 326.1241462998409 1.3545221714771287 211.47600518887896 -115.95255184383183 -219.83103270335562
3373 99424.15192937851 6.399271441904446e7 -64.76722687730168 -156.08909801480456 174.33142332873678 170.49234685482836 275.52388644589905 8.892035853969503 188.52705780548933 -109.87908658524549 -216.04933441897833
3374 99452.31990408897 5.257931349007887e7 -0.3061941863806652 -0.947889971316668 -13.03915771777779 -0.2150296712722337 127.35912583943224 -11.296034537331195 30.031989951475452 -132.85603150819236 -300.60134916374454
3375 99480.45301008224 5.257931349007887e7 -0.306194171625247 -0.9478899509490288 -13.03915772895796 -0.2150296759457433 127.3591258381196 -11.296034537331082 30.031989951475452 -132.85603150819236 -300.60134916374454
3376 99508.50110602379 5.2579369916242525e7 -0.3061941617775723 -0.9478899368412232 -13.039157735518792 -0.21502967866111078 127.35912583740372 -11.29645375345416 30.032303145184073 -132.8560560370804 -300.60000220001166
3377 99538.44300031662 5.632993830224051e7 -33.11229046463819 -59.58878694611473 57.1502102818702 111.25024960943607 255.08872545994524 -3.940217001293206 114.59102668044613 -126.88619316698265 -296.4863816481138
3378 99568.77378177643 5.632993830224051e7 -33.112290464037855 -59.58878694544025 57.15021028144579 111.25024960928644 255.08872545987072 -3.9402170012931492 114.59102668044613 -126.88619316698265 -296.4863816481139
3379 99596.85723018646 5.257931349007887e7 -0.3061941861888329 -0.9478899708523549 -13.039157718264377 -0.21502967149250196 127.35912583934439 -11.296034537331082 30.031989951475452 -132.85603150819247 -300.60134916374454
3380 99626.36434054375 5.523321046543447e7 -12.425949838250073 -22.611953206290313 25.77175190883483 41.70074070916799 193.62646970109643 3.239722008893466 88.71408616923145 -121.94692194704811 -300.66303535352847
3381 99654.78460359573 5.850466275449805e7 -15.93807019846156 -68.80698033619346 74.77757608398333 51.073525722042945 135.451371009623 -0.6433591382061081 60.75181262935712 -117.50969140455646 -220.1916831116867
3382 99682.46146273613 5.2579369916242525e7 -0.30619417513270974 -0.947889954628848 -13.039157726454405 -0.21502967487555225 127.35912583921288 -11.29645375345416 30.032303145184073 -132.8560560370804 -300.6000022000116
3383 99710.55432796478 5.257931349007887e7 -0.30619416860194804 -0.9478899476492071 -13.03915773071516 -0.21502967664214623 127.35912583824019 -11.296034537331195 30.031989951475452 -132.85603150819247 -300.60134916374454
3384 99739.10168218613 5.257931349007887e7 -0.3061941740463361 -0.9478899576787239 -13.039157725993796 -0.2150296746246454 127.35912583839408 -11.296034537331195 30.031989951475452 -132.85603150819236 -300.60134916374454
3385 99767.35381317139 5.257931349007887e7 -0.30619418112155117 -0.9478899541507699 -13.039157726446561 -0.21502967517653815 127.35912583946822 -11.296034537331082 30.031989951475452 -132.85603150819236 -300.60134916374454
3386 99795.53814601898 5.257931349007887e7 -0.30619417080286127 -0.9478899500387161 -13.039157729472059 -0.2150296761473669 127.3591258382041 -11.296034537331195 30.031989951475452 -132.85603150819236 -300.60134916374454
3387 99823.93793344498 5.257931349007887e7 -0.30619418023833234 -0.947889956827753 -13.039157728607051 -0.21502967607409573 127.35912583877538 -11.296034537331195 30.031989951475452 -132.85603150819247 -300.60134916374454
3388 99851.93261504173 5.257934722480423e7 -0.30619416745200567 -0.947889946392654 -13.0391577313802 -0.21502967690528862 127.35912583829506 -11.29568545702898 30.033207642897878 -132.8558719065801 -300.60180714802163
3389 99880.90329957008 5.332816798547571e7 -16.41237849805882 -29.737694433384892 3.221006089378889 35.14422583733007 183.39038363371606 -18.52376812643149 54.70960278849941 -138.36926112559962 -301.02560542034587
3390 99910.2012398243 5.529851660062977e7 -12.397083158498699 -22.5603540151795 27.259691529677085 41.85779114215498 193.88692354703215 4.105777308267363 90.35485533021927 -121.27393058007596 -301.0494647553464
3391 99938.71070098877 5.237506298995348e7 -20.344550111244583 -36.7664511918713 -7.71336380016583 1.0249469055763711 129.20550175836817 -31.46515738731881 38.37205179474154 -148.09545395588935 -300.67947493673876
3392 99966.50525164604 5.257971065108957e7 -0.3061941533935659 -0.9478899418521349 -13.039157732353637 -0.21502967687909802 127.35912583484067 -11.295786503425916 30.03391418026672 -132.855268656031 -300.59851571024745
3393 99997.80700182915 6.42334769481165e7 -44.72887104311639 -120.27053679045773 169.0056293829739 169.25237027016323 273.67751052567934 29.547618158983028 181.27230141759696 -94.37689077619422 -216.19816944554776
3394 100029.5662829876 6.399271441904446e7 -64.76722697885864 -156.08909803238214 174.3314233062974 170.49234685005774 275.5238864448607 8.892035853969503 188.52705780548933 -109.87908658524549 -216.04933441897833
3395 100057.38088726997 5.257931349007887e7 -0.30619417486875733 -0.9478899581887843 -13.039157725414775 -0.21502967439168685 127.35912583838808 -11.296034537331082 30.031989951475452 -132.85603150819247 -300.60134916374454
3396 100087.1040802002 6.095058685066942e7 -18.897513515084757 -74.09698526431379 100.2329508595243 86.7209284130838 200.7613962821435 13.663240859183247 116.62819457810087 -106.6172459873502 -219.47611418952215
3397 100115.27312517166 5.30140521357577e7 -4.88635034587891 -9.13491911602861 2.0791367345726997 33.97522368022372 132.79012377975502 -10.487040680712198 32.79475070471415 -131.87058566143946 -295.6896961088547
3398 100143.86579751968 5.3014052135757685e7 -4.886350347144614 -9.134919113334242 2.0791367331267594 33.97522367944674 132.79012377965753 -10.487040680712198 32.79475070471415 -131.87058566143946 -295.6896961088547
3399 100171.7138876915 5.257965221522293e7 -0.30619417441521435 -0.9478899552719602 -13.039157727116688 -0.21502967518385674 127.35912583824347 -11.295409531871144 30.033516247217108 -132.85528392063839 -300.5998626739804
3400 100199.7305355072 5.257931349007887e7 -0.30619416790880294 -0.9478899475719729 -13.039157729768846 -0.21502967619721858 127.35912583790008 -11.296034537331195 30.031989951475452 -132.85603150819247 -300.60134916374454
3401 100227.81351566315 5.257965422492591e7 -0.30619415675915107 -0.9478899374404488 -13.039157732201268 -0.21502967695130337 127.35912583724291 -11.295367287302838 30.0336009865581 -132.85524412714295 -300.59986267398034
3402 100260.55988740921 6.421594856288413e7 -67.1329427776582 -160.31781504824764 162.11775781405268 165.39298131615814 325.16682770423864 1.2088410206204117 208.92937585136974 -115.97238275061079 -219.50851285011765
3403 100293.22486042976 6.421594856288413e7 -67.13294277766516 -160.3178150482534 162.117757814066 165.39298131616056 325.16682770423876 1.2088410206204117 208.92937585136974 -115.97238275061079 -219.50851285011765
3404 100321.0032479763 5.257931349007887e7 -0.3061941739249754 -0.9478899566342553 -13.039157725995338 -0.21502967463351297 127.35912583831194 -11.296034537331195 30.031989951475452 -132.85603150819236 -300.60134916374454
3405 100348.95281076431 5.2579315499781854e7 -0.3061941690196974 -0.9478899479484788 -13.039157729314162 -0.21502967603325374 127.35912583814985 -11.295992292762833 30.032074690816444 -132.85599171469693 -300.60134916374454
3406 100377.19051504135 5.257931349007887e7 -0.30619417759851686 -0.9478899548060351 -13.039157728189913 -0.2150296758063064 127.35912583848446 -11.296034537331082 30.031989951475452 -132.85603150819236 -300.60134916374454
3407 100405.2051525116 5.3014052135757685e7 -4.886350340165105 -9.13491910968846 2.079136731571346 33.97522367898431 132.79012377881304 -10.487040680712084 32.79475070471415 -131.87058566143946 -295.6896961088547
3408 100433.02406597137 5.257931349007887e7 -0.30619416775409647 -0.9478899474018272 -13.039157729827167 -0.21502967622248548 127.35912583786065 -11.296034537331082 30.031989951475452 -132.85603150819247 -300.60134916374454
3409 100461.15958809853 5.257931349007887e7 -0.30619416729022575 -0.9478899468919995 -13.039157730002366 -0.2150296762987267 127.35912583774405 -11.296034537331082 30.031989951475452 -132.85603150819236 -300.60134916374454
3410 100489.26465940475 5.257931349007887e7 -0.30619416589838266 -0.9478899453619407 -13.039157730527826 -0.2150296765272941 127.35912583739224 -11.296034537331195 30.031989951475452 -132.85603150819247 -300.60134916374454
3411 100517.01159453392 5.258313391258101e7 -0.3061941617231163 -0.9478899407723329 -13.039157732103874 -0.21502967721298205 127.35912583633697 -11.24480017544954 30.1391518643228 -132.82958757215516 -300.6259936918102
3412 100545.37596821785 5.257940365096789e7 -0.30619419320544594 -0.9478900196942162 -13.039157711715738 -0.215029668251006 127.35912583657588 -11.296104673152058 30.0335208366065 -132.85589643546814 -300.60046018428875
3413 100573.2668132782 5.257934722480423e7 -0.30619423351089026 -0.9478900198012488 -13.039157706274189 -0.2150296675344947 127.35912584315813 -11.295685457028924 30.033207642897878 -132.8558719065801 -300.6018071480216
3414 100601.73586058617 5.257931349007887e7 -0.3061941707003726 -0.9478899530867162 -13.03915772717837 -0.2150296750871945 127.35912583798165 -11.296034537331082 30.031989951475452 -132.85603150819236 -300.6013491637445
3415 100630.26555609703 5.850466275449805e7 -15.938070189279081 -68.8069803271811 74.7775760770746 51.07352572039598 135.45137100913848 -0.6433591382061081 60.75181262935712 -117.50969140455646 -220.1916831116867
3416 100658.4709944725 5.2579315499781854e7 -0.3061941622219244 -0.9478899403749779 -13.03915773207757 -0.21502967715879606 127.35912583712643 -11.295992292762833 30.032074690816444 -132.85599171469693 -300.60134916374454
3417 100686.46756482124 5.257965422492591e7 -0.30619415638321357 -0.9478899390993778 -13.039157731664275 -0.2150296767264308 127.3591258366478 -11.295367287302838 30.0336009865581 -132.85524412714295 -300.59986267398034
3418 100715.56597495079 5.332816798547571e7 -16.412378489908118 -29.73769442437068 3.221006085921985 35.14422583608315 183.39038363322936 -18.523768126431378 54.70960278849941 -138.36926112559962 -301.02560542034587
3419 100743.48328518867 5.2579369916242525e7 -0.30619416925051723 -0.9478899504434191 -13.039157728430943 -0.21502967565461972 127.35912583778266 -11.29645375345416 30.032303145184073 -132.85605603708052 -300.60000220001166
3420 100772.05729675293 5.257965221522293e7 -0.3061941666181447 -0.9478899467357076 -13.039157730177202 -0.21502967639328574 127.35912583723331 -11.295409531871144 30.033516247217108 -132.85528392063839 -300.5998626739803
3421 100799.89698433876 5.257931549978184e7 -0.30619416876502825 -0.9478899523660758 -13.039157726952482 -0.2150296749329499 127.35912583790206 -11.295992292762946 30.032074690816444 -132.85599171469693 -300.60134916374454
3422 100827.99027657509 5.2579315499781854e7 -0.30619416732490023 -0.9478899459305934 -13.039157729042572 -0.21502967590731714 127.35912583755353 -11.295992292762946 30.032074690816444 -132.85599171469693 -300.60134916374454
3423 100856.3117158413 5.25793719259455e7 -0.30619416048000403 -0.9478899426743892 -13.03915773197729 -0.21502967697416864 127.3591258368171 -11.296411508885853 30.032387884525065 -132.85601624358497 -300.6000022000116
3424 100885.87877559662 5.523321046543447e7 -12.425949833653625 -22.611953201390904 25.771751907842763 41.700740708855236 193.62646970042556 3.239722008893466 88.71408616923145 -121.94692194704817 -300.66303535352847
3425 100915.52117967606 5.529851660062977e7 -12.39708315246726 -22.560354008783612 27.259691527985204 41.85779114152906 193.88692354642282 4.105777308267363 90.35485533021927 -121.27393058007596 -301.0494647553463
3426 100943.60943412781 5.257965221522293e7 -0.30619416627364515 -0.9478899398922431 -13.039157735808608 -0.2150296790169932 127.35912583680506 -11.295409531871258 30.033516247217108 -132.85528392063839 -300.59986267398034
3427 100972.68242955208 5.96503162307945e7 -36.62441072298996 -105.78381400286835 106.15603440993543 120.62303459861161 196.9136267480927 -7.395668634414108 87.4218948927097 -122.19676129279878 -215.82934127904622
3428 101002.35201025009 5.96503162307945e7 -36.624410718261785 -105.78381400134647 106.15603440896186 120.62303459834767 196.91362674743388 -7.395668634413994 87.4218948927097 -122.19676129279878 -215.82934127904622
3429 101030.41509413719 5.257931349007887e7 -0.3061941732132638 -0.9478899548873443 -13.039157726898303 -0.21502967501979242 127.35912583841 -11.296034537331082 30.031989951475452 -132.85603150819236 -300.60134916374454
3430 101058.71864509583 5.301405373545586e7 -4.88635034042013 -9.134919108031305 2.079136731734259 33.975223679013084 132.79012377895182 -10.486998436143836 32.79483544405525 -131.87054588854448 -295.6896961088547
3431 101087.52061676979 5.332816798547571e7 -16.41237849089488 -29.737694426809504 3.22100608630452 35.1442258362606 183.3903836328956 -18.523768126431378 54.70960278849941 -138.36926112559962 -301.02560542034587
3432 101115.51750969887 5.257931349007887e7 -0.30619416772573516 -0.9478899456973728 -13.039157730123854 -0.2150296764171884 127.35912583773359 -11.296034537331082 30.031989951475452 -132.85603150819236 -300.60134916374454
3433 101143.98941040039 5.257931349007887e7 -0.30619416437894387 -0.9478899416974107 -13.039157732190915 -0.2150296772589826 127.3591258372793 -11.296034537331082 30.031989951475452 -132.85603150819236 -300.60134916374454
3434 101172.02454972267 5.257973468105024e7 -0.30619415982080866 -0.9478899307037034 -13.039157737180211 -0.215029679453977 127.35912583694127 -11.294698957198193 30.034804192332444 -132.8548656689291 -300.60057461798647
3435 101202.21738624573 5.486182915845095e7 -23.30399339812017 -42.05645608156691 17.742010964046095 36.67234959104776 194.5155270268452 -17.077872711305986 94.413303952467 -137.0808852375652 -299.40981826251414
3436 101229.95372533798 5.257931349007887e7 -0.306194172220394 -0.9478899536396854 -13.039157727147682 -0.21502967512525117 127.3591258381448 -11.296034537331082 30.031989951475452 -132.85603150819236 -300.60134916374454
3437 101258.10185647011 5.257931549978184e7 -0.3061941624170288 -0.9478899390209099 -13.03915773304832 -0.21502967759332137 127.35912583720167 -11.295992292762833 30.032074690816444 -132.85599171469693 -300.6013491637445
3438 101286.40865135193 5.2579315499781854e7 -0.3061941669111725 -0.9478899486613983 -13.03915772881534 -0.21502967575541732 127.35912583749285 -11.295992292762946 30.032074690816444 -132.85599171469693 -300.60134916374454
3439 101314.83616352081 5.30140521357577e7 -4.886350339501924 -9.134919104749159 2.0791367302840484 33.9752236783395 132.7901237788424 -10.487040680712084 32.79475070471415 -131.87058566143946 -295.6896961088547
3440 101343.00845074654 5.257931349007887e7 -0.30619416611459016 -0.9478899438736947 -13.039157731228897 -0.21502967686045338 127.35912583762857 -11.296034537331082 30.031989951475452 -132.85603150819236 -300.60134916374454
3441 101370.77477478981 5.257965221522293e7 -0.306194166071478 -0.9478899434723047 -13.039157731071604 -0.21502967680525842 127.35912583736152 -11.295409531871144 30.033516247217108 -132.85528392063839 -300.5998626739804
3442 101398.86710357666 5.257931349007887e7 -0.3061941651794058 -0.9478899424947009 -13.039157731888153 -0.21502967712879695 127.35912583749219 -11.296034537331082 30.031989951475452 -132.85603150819236 -300.60134916374454
3443 101427.36731767654 5.257931349007887e7 -0.3061941672709807 -0.9478899427995691 -13.039157732285943 -0.21502967740899237 127.35912583745525 -11.296034537331082 30.031989951475452 -132.85603150819236 -300.60134916374454
3444 101455.98258185387 5.850466275449805e7 -15.93807018899037 -68.80698032636793 74.777576072925 51.07352571962659 135.45137100884176 -0.6433591382061081 60.75181262935712 -117.50969140455646 -220.1916831116867
3445 101484.63797998428 5.332816798547571e7 -16.41237849179996 -29.737694426130357 3.2210060856493214 35.144225835910404 183.39038363286804 -18.523768126431378 54.70960278849941 -138.36926112559962 -301.02560542034587
3446 101512.77038526535 5.257965221522293e7 -0.30619416569104985 -0.9478899434879651 -13.039157731618538 -0.21502967703580111 127.35912583732971 -11.295409531871258 30.033516247217108 -132.85528392063839 -300.5998626739804
3447 101543.33259630203 5.577365694852111e7 -48.57049009326137 -87.22031891619278 47.35770964941102 78.299972801517 251.50410341574323 -24.561586189320963 120.88557646906929 -142.8888191076163 -300.6695680874499
3448 101573.5933368206 5.632993830224051e7 -33.112290295809096 -59.58878680161126 57.15021015732282 111.2502495665412 255.08872543085246 -3.940217001293206 114.59102668044613 -126.88619316698265 -296.4863816481138
3449 101603.82079100609 5.632993830224051e7 -33.112290297401216 -59.58878680443211 57.150210158892015 111.25024956717013 255.08872543106824 -3.940217001293206 114.59102668044613 -126.88619316698265 -296.4863816481139
3450 101631.75042915344 5.257931349007887e7 -0.3061941704817208 -0.9478899497869122 -13.039157728897308 -0.21502967590642186 127.35912583788063 -11.296034537331195 30.031989951475452 -132.85603150819236 -300.6013491637445
3451 101660.10555887222 5.850466275449805e7 -15.93807018833565 -68.80698032576403 74.77757607205717 51.07352571947149 135.45137100878304 -0.6433591382061081 60.75181262935712 -117.50969140455646 -220.1916831116867
3452 101687.87037467957 5.3014052135757685e7 -4.886350340004672 -9.13491910529756 2.0791367304923085 33.975223678418644 132.7901237788863 -10.487040680712084 32.79475070471415 -131.87058566143946 -295.6896961088547
3453 101717.41067767143 5.529851660062977e7 -12.397083151448115 -22.560354006143644 27.259691526572844 41.85779114089293 193.8869235461739 4.105777308267363 90.35485533021927 -121.27393058007596 -301.0494647553463
3454 101745.5450015068 5.257931349007887e7 -0.3061941645495594 -0.9478899420271301 -13.039157732312141 -0.215029677315826 127.35912583730571 -11.296034537331195 30.031989951475452 -132.85603150819247 -300.60134916374454
3455 101773.62625145912 5.2579315499781854e7 -0.3061941640800043 -0.9478899413633499 -13.039157732321279 -0.2150296773027378 127.35912583731017 -11.295992292762946 30.032074690816444 -132.85599171469693 -300.60134916374454
3456 101801.6216173172 5.2579315499781854e7 -0.306194165295981 -0.947889944914972 -13.039157730665252 -0.21502967657080774 127.35912583732362 -11.295992292762833 30.032074690816444 -132.85599171469693 -300.60134916374454
3457 101830.21261668205 5.332816798547571e7 -16.412378490085977 -29.73769442371853 3.221006084891819 35.14422583561448 183.39038363281256 -18.523768126431378 54.70960278849941 -138.36926112559962 -301.02560542034587
3458 101859.61844158173 5.523321046543447e7 -12.425949832155244 -22.611953198376295 25.77175190596045 41.70074070810722 193.62646970004045 3.239722008893466 88.71408616923145 -121.94692194704811 -300.66303535352847
3459 101887.60791420937 5.2579315499781854e7 -0.30619416449839676 -0.9478899410976949 -13.039157732300268 -0.21502967732173772 127.35912583735328 -11.295992292762946 30.032074690816444 -132.85599171469693 -300.60134916374454
3460 101915.67805337906 5.257931549978184e7 -0.3061941632784304 -0.9478899405156174 -13.039157732542414 -0.21502967738210543 127.35912583728823 -11.295992292762833 30.032074690816444 -132.85599171469693 -300.60134916374454
3461 101945.29966187477 5.2374934563333966e7 -20.34455010521381 -36.766451182819424 -7.71336380410888 1.0249469039210055 129.20550175771115 -31.46506449978733 38.371781227688416 -148.0956309723561 -300.6816663528992
3462 101976.68422055244 5.7698356890161365e7 -44.555194722774495 -80.04297846773075 71.39639507842679 85.01353810108537 262.0006433270938 -2.255965134064411 155.83143175766486 -125.9996211391163 -300.8387874196245
3463 102008.164768219 5.7698356890161365e7 -44.555194723372544 -80.04297846596208 71.39639507745922 85.01353810058328 262.00064332713436 -2.255965134064411 155.83143175766486 -125.9996211391163 -300.8387874196245
3464 102036.27029037476 5.257931349007887e7 -0.3061941672584396 -0.9478899449565414 -13.039157730924458 -0.21502967676082108 127.35912583759368 -11.296034537331082 30.031989951475452 -132.85603150819236 -300.60134916374454
3465 102064.6512131691 5.2579315499781854e7 -0.3061941635495664 -0.9478899411482411 -13.039157732264421 -0.215029677263729 127.35912583724071 -11.295992292762833 30.032074690816444 -132.85599171469693 -300.60134916374454
3466 102092.92590379715 5.257931349007887e7 -0.30619416366899443 -0.9478899398883138 -13.039157733028638 -0.21502967762943115 127.3591258372391 -11.296034537331082 30.031989951475452 -132.85603150819236 -300.60134916374454
3467 102120.83677792549 5.2579395955906175e7 -0.3061941615390502 -0.9478899344611929 -13.039157735542318 -0.21502967874054946 127.35912583711732 -11.295323962658188 30.03327789659079 -132.85561325648308 -300.6020611077506
3468 102150.75191760063 5.486182915845095e7 -23.303993457688197 -42.056456153485435 17.74201099624875 36.67234960376673 194.51552703283951 -17.077872711305986 94.413303952467 -137.0808852375652 -299.40981826251414
3469 102180.77504038811 5.486182915845095e7 -23.303993457591282 -42.05645615343987 17.742010996225872 36.67234960376065 194.51552703282692 -17.077872711305986 94.413303952467 -137.08088523756527 -299.40981826251414
3470 102208.75821638107 5.257931349007887e7 -0.30619416613763306 -0.9478899433190744 -13.039157731683488 -0.21502967707894527 127.35912583747341 -11.296034537331082 30.031989951475452 -132.85603150819236 -300.60134916374454
3471 102236.73488974571 5.257931349007887e7 -0.3061941637754373 -0.9478899402752905 -13.039157732891809 -0.21502967756686076 127.35912583723143 -11.296034537331195 30.031989951475452 -132.85603150819236 -300.60134916374454
3472 102265.14663028717 5.257965221522293e7 -0.30619416409457045 -0.947889941436034 -13.039157732481087 -0.21502967737920642 127.35912583720973 -11.295409531871144 30.033516247217108 -132.85528392063839 -300.5998626739804
3473 102294.17296433449 5.2968318288007766e7 -27.290422083359402 -49.1821973639313 -4.808734830320127 30.115834729769432 184.27944096241814 -38.80346780200966 60.618705018431115 -153.52420486460403 -299.76195837278283
3474 102323.31242346764 5.2968318288007766e7 -27.290422083354905 -49.18219736392078 -4.808734830324902 30.11583472976737 184.27944096241782 -38.80346780200966 60.618705018431115 -153.52420486460403 -299.76195837278283
3475 102351.05901432037 5.257931349007887e7 -0.3061941680548834 -0.9478899467165922 -13.039157729938367 -0.21502967632480363 127.35912583765291 -11.296034537331195 30.031989951475452 -132.85603150819236 -300.60134916374454
3476 102379.0146920681 5.257931349007887e7 -0.30619416321149373 -0.9478899399108238 -13.03915773325707 -0.21502967770580028 127.35912583726093 -11.296034537331082 30.031989951475452 -132.85603150819236 -300.60134916374454
3477 102407.1803984642 5.257931349007887e7 -0.30619416700780633 -0.9478899477580391 -13.039157729491421 -0.21502967607564472 127.35912583746973 -11.296034537331082 30.031989951475452 -132.85603150819247 -300.60134916374454
3478 102435.49170136452 5.257965422492591e7 -0.30619416291140666 -0.947889939598114 -13.039157733049855 -0.21502967761504976 127.35912583713365 -11.295367287302952 30.0336009865581 -132.85524412714295 -300.5998626739804
3479 102463.34136772156 5.257965221522293e7 -0.3061941651008482 -0.9478899415466024 -13.03915773248189 -0.2150296774081255 127.35912583743499 -11.295409531871144 30.033516247217108 -132.85528392063839 -300.5998626739804
3480 102491.4716489315 5.257931349007887e7 -0.3061941647939861 -0.9478899412032122 -13.039157732339667 -0.21502967734490142 127.35912583751674 -11.296034537331195 30.031989951475452 -132.85603150819236 -300.60134916374454
3481 102519.73665165901 5.257970864138659e7 -0.30619416164829616 -0.9478899397837699 -13.039157733415337 -0.2150296777241465 127.35912583682857 -11.295828747994165 30.03382944092573 -132.85530844952643 -300.5985157102475
3482 102548.79683852196 5.529851660062977e7 -12.397083151160498 -22.560354004964744 27.259691525898383 41.8577911405783 193.88692354606295 4.105777308267363 90.35485533021927 -121.27393058007607 -301.0494647553464
3483 102577.21430039406 5.3014052135757685e7 -4.886350339292555 -9.134919103631805 2.0791367295479546 33.97522367800585 132.79012377869293 -10.487040680712084 32.79475070471415 -131.87058566143946 -295.6896961088547
3484 102605.48369717598 5.850466275449806e7 -15.938070188319415 -68.80698032541964 74.77757606999793 51.07352571912287 135.4513710087613 -0.6433591382061081 60.75181262935712 -117.50969140455646 -220.1916831116867
3485 102634.3488972187 5.317391688804865e7 -7.252066138469928 -13.36363609542224 -10.134528770425227 28.875858142555842 182.43306504264484 -18.432366698577823 52.69935393878882 -138.21330335560555 -299.97289096065924
3486 102663.92106032372 5.523321046543447e7 -12.425949832204605 -22.611953197666416 25.771751905614508 41.70074070792559 193.62646970009098 3.239722008893466 88.71408616923145 -121.94692194704817 -300.66303535352847
3487 102695.24410223961 5.755576759673547e7 -35.39488239764877 -63.66892014939297 58.04086022691311 78.74517040915251 261.0433247384668 -1.9517790486426065 154.21337024169702 -125.7209538617729 -299.73080705526803
3488 102727.10971522331 5.755576759673547e7 -35.39488239765228 -63.66892014939646 58.0408602269149 78.74517040915323 261.0433247384678 -1.9517790486426065 154.21337024169702 -125.7209538617729 -299.73080705526803
3489 102755.02287054062 5.257931349007887e7 -0.30619416531861887 -0.9478899433383488 -13.039157731530672 -0.21502967697011854 127.35912583745873 -11.296034537331195 30.031989951475452 -132.85603150819236 -300.60134916374454
3490 102784.1886703968 5.2374934563333966e7 -20.344550101936676 -36.766451180105705 -7.713363805407816 1.0249469034674377 129.20550175743588 -31.46506449978733 38.371781227688416 -148.09563097235605 -300.68166635289913
3491 102812.06404423714 5.257931349007887e7 -0.306194163656496 -0.9478899401824172 -13.039157732945746 -0.21502967758806335 127.35912583721635 -11.296034537331082 30.031989951475452 -132.85603150819236 -300.60134916374454
3492 102840.6927690506 5.257931349007887e7 -0.30619416329976445 -0.9478899399038552 -13.039157733107402 -0.21502967765171377 127.3591258371704 -11.296034537331195 30.031989951475452 -132.85603150819236 -300.60134916374454
3493 102869.09812021255 5.257931349007887e7 -0.30619416222957696 -0.9478899390681628 -13.039157733592567 -0.21502967784286398 127.35912583703113 -11.296034537331082 30.031989951475452 -132.85603150819236 -300.60134916374454
3494 102897.15623235703 5.257937192594551e7 -0.30619415901939107 -0.9478899365610793 -13.039157735047858 -0.21502967841614407 127.35912583661471 -11.296411508885853 30.032387884525065 -132.85601624358497 -300.6000022000116
3495 102927.95726203918 6.3704105372791946e7 -30.988402515486722 -95.70944934086556 140.53180015754492 128.79374923722594 267.28919399110725 29.100110376286125 177.00190898470998 -94.99479880294786 -219.27876576560715
3496 102959.48497796059 6.3704105372791946e7 -30.98840251612969 -95.70944934104617 140.53180015753912 128.7937492372078 267.2891939911737 29.100110376286125 177.00190898470998 -94.99479880294786 -219.27876576560715
3497 102987.486276865 5.257931349007887e7 -0.3061941632553804 -0.9478899401851626 -13.03915773293798 -0.21502967755962743 127.35912583728097 -11.296034537331082 30.031989951475452 -132.85603150819236 -300.60134916374454
3498 103015.56973052025 5.257965221522293e7 -0.3061941619156272 -0.9478899385236401 -13.039157734155594 -0.2150296780996115 127.35912583667182 -11.295409531871144 30.033516247217108 -132.85528392063839 -300.59986267398034
3499 103043.41475844383 5.257931349007887e7 -0.3061941635391108 -0.9478899398746359 -13.039157732115612 -0.21502967723041877 127.35912583702381 -11.296034537331195 30.031989951475452 -132.85603150819236 -300.60134916374454
3500 103071.61056137085 5.257965221522293e7 -0.3061941674672859 -0.9478899422942595 -13.039157727684987 -0.21502967539323947 127.35912583700035 -11.295409531871144 30.033516247217108 -132.8552839206385 -300.5998626739804
3501 103103.55157518387 6.1589779199523084e7 -55.013187101453255 -138.65375179448824 123.30684820981043 123.47721093891732 258.8994838444982 -12.8755214119264 151.22152823621536 -126.7339150910193 -219.8340914746289
3502 103134.49239969254 6.1589779199523084e7 -55.01318710145064 -138.65375179448586 123.3068482098067 123.47721093891636 258.89948384449724 -12.8755214119264 151.22152823621536 -126.7339150910193 -219.8340914746289
3503 103162.60760521889 5.257931349007887e7 -0.3061941630995051 -0.9478899398537131 -13.039157732907874 -0.2150296775464966 127.35912583723747 -11.296034537331082 30.031989951475452 -132.85603150819236 -300.60134916374454
3504 103190.61068177223 5.258313391258101e7 -0.3061941608158989 -0.9478899365961135 -13.039157733121655 -0.21502967768184078 127.35912583623123 -11.24480017544954 30.1391518643228 -132.82958757215516 -300.6259936918102
3505 103218.81275606155 5.257970864138659e7 -0.30619415992560306 -0.9478899376255532 -13.039157734097188 -0.21502967802807404 127.35912583609137 -11.295828747994165 30.03382944092573 -132.85530844952643 -300.5985157102474
3506 103246.84912228584 5.257931349007887e7 -0.30619416439525793 -0.9478899390131383 -13.039157733154354 -0.21502967774918602 127.35912583745178 -11.296034537331082 30.031989951475452 -132.85603150819236 -300.60134916374454
3507 103275.14896011353 5.257965221522293e7 -0.30619416690029766 -0.9478899412993638 -13.039157730694747 -0.215029676711751 127.35912583741606 -11.295409531871144 30.033516247217108 -132.85528392063839 -300.5998626739804
3508 103303.45007443428 5.257968594994829e7 -0.30619416154618406 -0.9478899382107864 -13.039157734981835 -0.21502967845671606 127.35912583700637 -11.29506045156893 30.034733938639533 -132.855124319026 -300.60032065825743
3509 103331.2750673294 5.257931349007887e7 -0.30619416236305597 -0.9478899363066056 -13.039157733625103 -0.21502967790557648 127.35912583696299 -11.296034537331195 30.031989951475452 -132.85603150819236 -300.6013491637445
3510 103359.17132210732 5.257973468105024e7 -0.30619415883471746 -0.9478899256023254 -13.03915773815337 -0.21502967993086486 127.35912583678248 -11.294698957198307 30.034804192332444 -132.85486566892905 -300.60057461798647
3511 103390.74473929405 5.8569119647374436e7 -31.46271078559006 -56.64016340046812 68.97523012078761 112.86444934334925 315.22820661368615 11.09853001740612 170.78414329771806 -115.86693406891345 -299.15915893270466
3512 103421.8073246479 5.8569119647374436e7 -31.46271078593146 -56.64016340034074 68.97523012059611 112.86444934328996 315.2282066135478 11.09853001740612 170.78414329771806 -115.86693406891345 -299.1591589327047
3513 103449.67210674286 5.257931349007887e7 -0.3061941627711917 -0.9478899390151856 -13.039157733074866 -0.21502967762147307 127.35912583718427 -11.296034537331082 30.031989951475452 -132.85603150819236 -300.60134916374454
3514 103477.72456169128 5.258313391258101e7 -0.3061941618053403 -0.9478899351385861 -13.039157733058438 -0.21502967765053427 127.35912583698398 -11.24480017544954 30.1391518643228 -132.82958757215516 -300.6259936918102
3515 103505.99654841423 5.2579369916242525e7 -0.3061941585769077 -0.9478899361222046 -13.039157734434866 -0.21502967809790619 127.3591258365174 -11.296453753454216 30.032303145184073 -132.8560560370804 -300.60000220001166
3516 103533.96383142471 5.257970864138659e7 -0.306194160758924 -0.9478899342062732 -13.039157734126938 -0.21502967812415363 127.35912583634335 -11.295828747994278 30.03382944092573 -132.85530844952643 -300.59851571024745
3517 103561.37908363342 5.257968594994829e7 -0.3061941571546072 -0.9478899322144381 -13.039157737855234 -0.21502967966651454 127.3591258362762 -11.29506045156893 30.034733938639533 -132.85512431902612 -300.60032065825743
3518 103588.83661341667 5.2579395955906175e7 -0.30619415947225903 -0.9478899291498726 -13.039157737011848 -0.21502967938897655 127.35912583692586 -11.295323962658244 30.03327789659079 -132.85561325648308 -300.6020611077506
3519 103616.03803896904 5.257931349007887e7 -0.30619416504452346 -0.9478899387487925 -13.039157733104325 -0.21502967773912474 127.35912583734256 -11.296034537331082 30.031989951475452 -132.85603150819236 -300.60134916374454
3520 103643.75124931335 5.850466275449805e7 -15.93807018712852 -68.8069803230428 74.77757606435739 51.073525718402394 135.45137100834998 -0.6433591382061081 60.75181262935712 -117.50969140455646 -220.1916831116867
3521 103672.21995639801 5.332816798547571e7 -16.412378487681433 -29.7376944180214 3.2210060829702343 35.14422583482224 183.39038363222653 -18.523768126431378 54.70960278849941 -138.36926112559962 -301.02560542034587
3522 103700.83724498749 5.523321046543447e7 -12.425949829803816 -22.611953192397976 25.771751904178636 41.70074070738468 193.62646969929563 3.239722008893466 88.71408616923145 -121.94692194704817 -300.66303535352847
3523 103729.9111328125 5.529851660062977e7 -12.39708315111966 -22.560354002941878 27.259691525675045 41.857791140478014 193.88692354648543 4.105777308267193 90.35485533021927 -121.27393058007607 -301.0494647553463
3524 103757.76858639717 5.850466275449805e7 -15.938070194238104 -68.80698032780599 74.7775760518214 51.07352571765682 135.45137100871523 -0.6433591382061081 60.75181262935712 -117.50969140455658 -220.1916831116867
3525 103785.30342817307 5.850466275449805e7 -15.938070194241153 -68.80698032780785 74.7775760518227 51.073525717657304 135.4513710087159 -0.6433591382061081 60.75181262935712 -117.50969140455658 -220.1916831116867
3526 103812.87073302269 5.2579369916242525e7 -0.30619416291354895 -0.9478899373293839 -13.039157733230326 -0.2150296777178511 127.35912583709083 -11.29645375345416 30.032303145184073 -132.8560560370804 -300.60000220001166
3527 103840.07721734047 5.2579397965609156e7 -0.30619415810541994 -0.9478899308872313 -13.039157736229747 -0.21502967898040026 127.35912583653743 -11.295281718089882 30.033362635931894 -132.85557346298754 -300.6020611077506
3528 103867.57566046715 5.257931349007887e7 -0.3061941623335507 -0.9478899363547297 -13.03915773360756 -0.2150296778961689 127.35912583695784 -11.296034537331082 30.031989951475452 -132.85603150819236 -300.60134916374454
3529 103894.80613017082 5.257931349007887e7 -0.3061941622451272 -0.9478899364990623 -13.03915773355483 -0.21502967786794613 127.359125836941 -11.296034537331082 30.031989951475452 -132.85603150819247 -300.60134916374454
3530 103922.24665689468 5.2579315499781854e7 -0.3061941619798709 -0.9478899369317357 -13.03915773339677 -0.21502967778310733 127.35912583689041 -11.295992292762946 30.032074690816444 -132.85599171469693 -300.60134916374454
3531 103949.64479541779 5.831933893075185e7 -6.777757842073083 -52.43292200535276 61.422041234732134 44.80515803028639 134.4940524189785 -0.37767058715007806 59.07971933685769 -117.29433937895459 -219.9421163277226
3532 103977.46272993088 5.831933893075185e7 -6.7777578423550935 -52.43292200601327 61.422041235710815 44.80515803058597 134.4940524189281 -0.37767058715007806 59.07971933685769 -117.29433937895459 -219.94211632772254
3533 104004.41856002808 5.2579369916242525e7 -0.30619416513086506 -0.9478899429140322 -13.039157730113509 -0.2150296763455799 127.35912583730871 -11.29645375345416 30.032303145184073 -132.85605603708052 -300.60000220001166
3534 104031.52604460716 5.257965221522293e7 -0.306194161345541 -0.9478899357412427 -13.039157734104897 -0.21502967810157259 127.35912583659675 -11.295409531871144 30.033516247217108 -132.85528392063839 -300.5998626739804
3535 104058.67001199722 5.258313391258101e7 -0.3061941612565633 -0.9478899349927774 -13.039157733946823 -0.21502967805786 127.35912583660752 -11.24480017544954 30.1391518643228 -132.82958757215516 -300.6259936918102
3536 104086.01254796982 5.257931549978184e7 -0.30619416075956707 -0.9478899354420287 -13.039157733894946 -0.21502967797519545 127.35912583679608 -11.295992292762833 30.032074690816444 -132.85599171469693 -300.60134916374454
3537 104112.89060330391 5.257931349007887e7 -0.30619416073661654 -0.9478899355317925 -13.039157735092871 -0.2150296785078467 127.3591258368702 -11.296034537331082 30.031989951475452 -132.85603150819236 -300.6013491637445
3538 104139.43649864197 5.257934722480423e7 -0.30619415621092827 -0.9478899326302272 -13.039157739707079 -0.2150296804277616 127.35912583665916 -11.295685457028924 30.033207642897878 -132.8558719065801 -300.60180714802163
3539 104168.00058531761 5.561621766252955e7 -17.00610601511793 -30.798982369875468 40.89004637780805 75.89099406681098 199.0574676431836 3.8009562771678134 90.94801184697883 -121.14622850847604 -296.12279998713507
3540 104197.64470624924 5.792512700375076e7 -24.516838820949797 -44.2244172548567 66.07060116421765 83.77356152552656 260.1542674100535 18.3664832420975 148.43072045777512 -110.51441299045524 -301.07800850446023
3541 104224.50793504715 5.2579369916242525e7 -0.3061941621976807 -0.9478899378199257 -13.039157732668237 -0.21502967744928014 127.35912583697291 -11.29645375345416 30.032303145184073 -132.8560560370804 -300.60000220001166
3542 104251.51568484306 5.257931349007887e7 -0.30619416031483127 -0.9478899351964056 -13.039157735380222 -0.21502967862726052 127.35912583680133 -11.296034537331195 30.031989951475452 -132.85603150819247 -300.60134916374454
3543 104278.3655834198 5.257965221522293e7 -0.3061941590499444 -0.9478899341902096 -13.039157736242437 -0.21502967898575776 127.35912583659419 -11.295409531871258 30.033516247217108 -132.85528392063839 -300.5998626739804
3544 104307.35815930367 5.486182915845095e7 -23.303993415512036 -42.05645610033377 17.742010973686014 36.672349594762395 194.51552702876995 -17.077872711305872 94.413303952467 -137.08088523756527 -299.40981826251414
3545 104335.9014852047 6.095058685066942e7 -18.89751350796814 -74.09698526019744 100.23295086517157 86.72092841406837 200.76139628055597 13.663240859183247 116.62819457810087 -106.61724598735009 -219.47611418952215
3546 104362.75386810303 5.257931349007887e7 -0.3061941643038715 -0.9478899416111437 -13.039157730798657 -0.21502967664190464 127.35912583719589 -11.296034537331082 30.031989951475452 -132.85603150819236 -300.60134916374454
3547 104390.49749588966 5.2374934563333966e7 -20.344550098678084 -36.76645117526405 -7.713363807683592 1.0249469024948183 129.20550175696133 -31.46506449978733 38.371781227688416 -148.09563097235605 -300.6816663528992
3548 104417.33610415459 5.257931349007887e7 -0.30619416011281686 -0.9478899351240608 -13.039157735325183 -0.21502967860126887 127.3591258366936 -11.296034537331082 30.031989951475452 -132.85603150819236 -300.60134916374454
3549 104444.57963204384 5.258313391258101e7 -0.30619415950605244 -0.9478899349074172 -13.039157735159677 -0.21502967852332233 127.35912583637068 -11.24480017544954 30.1391518643228 -132.82958757215516 -300.6259936918102
3550 104473.73866963387 6.110986441473536e7 -18.868646824599242 -74.04538606585447 101.72089047148668 86.87797884334576 201.0218501268703 15.035786541402217 119.37068948382205 -105.62228454350532 -219.03711418636686
3551 104502.43245196342 6.1648337571047924e7 -32.609115327196726 -98.606473533649 130.1947197554715 127.33659988500868 207.41016665673533 15.444767708881272 123.49602867963392 -104.98762272786581 -215.7711840145463
3552 104529.92802357674 5.2579369916242525e7 -0.30619416331181526 -0.9478899401295724 -13.039157731489325 -0.21502967693740516 127.35912583704982 -11.29645375345416 30.032303145184073 -132.8560560370804 -300.60000220001155
3553 104557.88118052483 5.2374934563333966e7 -20.34455009900212 -36.76645117573898 -7.713363807738652 1.0249469024749516 129.2055017571017 -31.46506449978733 38.371781227688416 -148.09563097235605 -300.6816663528992
3554 104584.7214627266 5.257940365096789e7 -0.306194155646871 -0.9478899319558298 -13.039157739067328 -0.21502968015317947 127.35912583622441 -11.296104673152058 30.0335208366065 -132.85589643546814 -300.6004601842887
3555 104611.81325125694 5.257931349007887e7 -0.30619416436031344 -0.9478899358443735 -13.039157734216538 -0.21502967828260466 127.35912583726785 -11.296034537331195 30.031989951475452 -132.85603150819247 -300.60134916374454
3556 104638.72154283524 5.257931349007887e7 -0.306194159798185 -0.9478899347077663 -13.03915773527639 -0.21502967858155841 127.35912583653904 -11.296034537331195 30.031989951475452 -132.85603150819236 -300.60134916374454
3557 104665.61399078369 5.258313391258101e7 -0.3061941588548649 -0.9478899334587938 -13.039157735130104 -0.215029678522356 127.35912583607339 -11.24480017544954 30.1391518643228 -132.82958757215516 -300.6259936918102
3558 104692.81561660767 5.257931349007887e7 -0.30619416761820517 -0.947889937268557 -13.039157733131525 -0.21502967787883165 127.35912583795289 -11.296034537331082 30.031989951475452 -132.85603150819247 -300.60134916374454
3559 104719.92271447182 5.2579369916242525e7 -0.3061941629375369 -0.9478899394585634 -13.039157731748482 -0.21502967705107778 127.35912583697439 -11.296453753454216 30.032303145184073 -132.85605603708052 -300.60000220001166
3560 104747.60974693298 5.332816798547571e7 -16.412378483775928 -29.737694419302986 3.2210060806755507 35.144225834044406 183.3903836311735 -18.523768126431378 54.70960278849941 -138.36926112559962 -301.02560542034587
3561 104774.71078062057 5.258347263772508e7 -0.30619416558661783 -0.9478899381378341 -13.039157729364334 -0.21502967612801172 127.35912583674923 -11.24417516998966 30.14067816006434 -132.8288399846012 -300.62450720204606
3562 104801.64009594917 5.2579369916242525e7 -0.3061941525674605 -0.947889933862851 -13.039157736316497 -0.21502967874548062 127.35912583539665 -11.296453753454216 30.032303145184073 -132.8560560370804 -300.60000220001166
3563 104828.43564009666 5.2579395955906175e7 -0.3061941620666637 -0.9478899332772048 -13.039157734911093 -0.21502967849923493 127.35912583720399 -11.295323962658188 30.03327789659079 -132.85561325648308 -300.6020611077506
3564 104855.61864066124 5.2583135922284e7 -0.30619415500842706 -0.9478899309313764 -13.039157736491752 -0.21502967898054237 127.35912583615232 -11.244757930881349 30.139236603663903 -132.82954777865967 -300.6259936918102
3565 104882.59407043457 5.257931349007887e7 -0.3061941601410254 -0.9478899350048131 -13.039157735067285 -0.21502967849558274 127.35912583660031 -11.296034537331195 30.031989951475452 -132.85603150819247 -300.60134916374454
3566 104909.5428469181 5.3014052135757685e7 -4.8863503336986795 -9.134919096732663 2.079136726393685 33.9752236766998 132.79012377787382 -10.487040680712084 32.79475070471415 -131.87058566143946 -295.6896961088547
3567 104935.95456314087 5.2579369916242525e7 -0.3061941676365123 -0.9478899428781089 -13.039157732524785 -0.21502967739584733 127.35912583857498 -11.29645375345416 30.032303145184073 -132.8560560370804 -300.60000220001155
3568 104962.78278779984 5.2374934563333966e7 -20.344550097937272 -36.766451174454296 -7.7133638078283155 1.0249469024331006 129.2055017567316 -31.46506449978733 38.371781227688416 -148.09563097235605 -300.6816663528992
3569 104989.53950166702 5.850466275449805e7 -15.938070175212463 -68.80698031474829 74.77757605246717 51.07352571495511 135.45137100617708 -0.6433591382061081 60.75181262935712 -117.50969140455646 -220.1916831116867
3570 105017.57454609871 5.523321046543447e7 -12.425949827955101 -22.61195319185429 25.77175190299662 41.70074070681659 193.6264696993124 3.239722008893466 88.71408616923145 -121.94692194704817 -300.66303535352847
3571 105045.19754433632 5.529851660062977e7 -12.397083147307892 -22.560353999552895 27.25969152373559 41.85779113967229 193.8869235455041 4.105777308267363 90.35485533021927 -121.27393058007607 -301.0494647553463
