1 30.46233367919922 6.414878219281227e7 -113.02564102564112 -185.0700000000001 171.42308471367392 219.48560169443647 459.6475087866286 4.88735751055367 295.0052733710668 -117.9564318058566 -270.14878216603836
2 68.15737557411194 88812899.83335817 -223.07334184183097 -292.7123674120852 896.1444650432627 374.1308244062827 476.0387376568269 47.187526186119385 386.65608755789833 -49.06857938307496 135.89871946944322
3 108.83352017402649 96702864.26666237 -229.835098687992 -341.6299581316697 5089.051071195202 483.63169169544983 514.5022627039191 84.20747473539541 490.9906884599402 -16.658375240609246 185.19177198337115
4 141.9140625 98209641.23821378 -84.89263485364825 -238.26247705472574 628.428660965076 288.1561984711189 533.7475738926227 107.06090251638204 518.5205888241619 -3.392453426027771 128.7328610762969
5 188.2641785144806 95004538.75432786 -243.04471233507266 -308.31028452792197 790.622398890047 389.9097214475661 495.7223155725268 84.68264844986277 475.38864419474567 -17.169904872664347 177.14536351303184
6 225.3032100200653 112050347.12021948 -103.8477952867203 -314.53952744936305 1298.6237338320905 377.7288738139767 463.9787414326187 233.29579186466833 764.0647054721301 91.17117667971229 127.4355209694628
7 261.05708289146423 108661084.29955767 -282.375076830116 -362.90777019506976 2615.6718794048616 499.6176094012623 627.3582460150341 223.55205022758616 825.5379161136395 82.13849360569054 116.29209699549335
8 303.81396746635437 77276374.90615991 -167.47153410482957 -249.2753754160244 390.64947163359653 337.8189593727725 463.8608825723653 30.66879049774593 322.2637403531228 -78.02042877705793 -44.88299061551851
9 343.24906611442566 100709511.25776201 -30.058322271378458 -230.46993770916205 2879.7384536510317 345.99254161132546 536.2174454097508 125.94949385078394 540.7359947549685 11.022328186119069 125.63927826905615
10 376.2936863899231 102730561.01201299 -236.29773244821533 -285.8822348396381 712.764582227139 371.1459972007233 596.9184479233221 210.03862153974637 777.6300434562418 65.62530115784364 48.83034654362848
11 409.85175824165344 89382602.80808562 -215.6078153811363 -300.32508106770575 3301.261026408428 396.6024088190487 440.1450937973815 59.98848485402732 409.664990252802 -40.97383386077388 119.15123551798797
12 447.68647861480713 72792342.04141386 -227.79245848363288 -259.4986217107882 348.06892678498434 342.5938359382163 560.5608831720331 68.99706103556309 478.5424774844645 -65.72195632180086 -227.60853148302914
13 491.5823874473572 111927118.4072222 -280.35094669846563 -347.2990082837914 894.0682657554398 449.213673066134 616.4176300883446 244.4637015185665 864.0397161322462 99.93687084361375 140.00356506854416
14 535.4510526657104 93984488.08351107 -138.7401735645003 -299.00750070671256 1324.7238971976385 392.4611105151815 489.5596496442739 76.7717525985779 448.43588896458414 -27.532416024998383 124.30691917885463
15 573.1386959552765 103838241.03881603 -246.69158585646912 -329.03550476138435 793.8249294746892 443.8564967952371 622.9979176728436 272.5767187671295 909.9103410912742 101.84610419351202 -71.66809103220925
16 614.0298480987549 84478794.5043837 -52.81519867398274 -212.81791827814746 1590.2977793941786 251.9609067694228 248.4551144242583 18.730204540176032 210.1089496224496 -71.29103398390794 127.77905090422507
17 661.0543177127838 99139029.50755636 -221.1777281596931 -346.2502429443305 2325.239931136939 480.5131225247909 575.4941842064087 111.3071221148648 559.7132373269656 1.612655709563569 156.58955165193674
18 692.579594373703 100445224.36933452 -33.229887971422215 -199.30274969441385 691.903295359002 292.4962494687624 351.7879204058828 175.11331196386743 516.9842315149317 45.744596457420016 119.2923184534892
19 725.9417300224304 95667224.25871472 -261.68136419719207 -329.10377384809135 2317.3891591518227 442.811648654541 502.09739402801546 78.7528153096448 470.348802770366 -18.871110190303 205.9368008380094
20 767.5759770870209 78939190.97184797 -216.3605446878733 -251.11957252465388 428.32573176251435 319.3019586518004 527.9051561197718 148.23909677063523 632.265975862023 -10.04146834779226 -272.777503847596
21 810.3999152183533 106685364.81233628 -295.5819287221179 -339.22156759289265 1142.9619547226764 479.16645170643335 640.2191652602224 288.8643587549906 960.513357157 118.38293180848336 -26.184373535134284
22 845.1430463790894 108073028.54152156 -213.91218382787383 -320.029117065287 1138.4640461143017 392.52352395054726 443.8457450530091 193.05879537047804 687.3050972125529 69.75855995014172 194.99847326936106
23 886.8281013965607 87852409.92276111 -20.715936176428297 -64.45295639901974 413.4656370053725 203.03782868931697 378.974169990851 62.20258342953355 282.4023381286788 -35.26727219308839 163.75230007580672
24 919.3210175037384 111842017.66842012 -237.94631243620066 -311.01872785012034 1077.338631047186 425.1481987978955 526.7010283774871 210.80027380459762 719.2870508505066 85.87172953403558 256.21236763355546
25 956.8513312339783 73195037.42772117 -239.1259609530158 -259.40042444912956 410.94538994672695 356.0020100853883 514.8105813058526 87.72616989317328 492.49197239065415 -52.49278870022482 -238.21211459161117
26 990.4965562820435 93172924.94630094 -249.44479550228425 -307.0207842099201 618.647176068833 384.6916410521116 600.2057911712127 198.68962102891987 759.3801360616878 42.132817290758226 -116.66075690167901
27 1027.7455163002014 70584148.41583484 -216.04042261664983 -198.16933205303806 366.0846570715906 313.6789099293392 506.9650582239706 70.65816347160512 455.15871015159837 -66.96949298664697 -254.941692910247
28 1060.7355887889862 100192840.72320285 -257.56685866357475 -344.467927796601 1018.5012078297324 447.590392920022 579.5395736962658 121.33544287562313 596.7973144525756 9.425842430697685 164.95957209695598
29 1094.4476153850555 85503672.66478536 -221.6724360617448 -281.3974209188456 601.8545377419783 374.06457469274324 480.1974963660005 59.2290598098549 394.49414613860245 -45.860214331065606 68.81249555641568
30 1133.651291847229 68646934.55033329 -179.10479422780108 -164.42961369879683 291.99128429110453 323.8155136263033 492.9956012822442 98.7323513909812 425.73435350718626 -48.832050780649865 -288.6685134691519
31 1177.4911060333252 81683384.65923102 -217.67470075252422 -288.8936115346364 461.00921021363575 364.62509604597284 573.1006513810038 110.66302854360356 562.3991753856876 -28.02865182055234 -159.31414182353814
32 1222.839970588684 111017314.48232068 -229.46754069684445 -319.67220481498475 1193.843666712455 444.84407012449236 598.0496067704191 249.78972976746866 837.4647563202964 102.26095517026556 121.27524775677978
33 1257.4293134212494 98467480.32556736 -53.93759790353612 -166.61977524942643 609.6944622297851 305.64906653434025 415.56169125491175 255.20481246725444 654.1851664506289 91.88105455263633 -37.14758227508355
34 1292.0430562496185 70933751.62178601 -159.13315478833772 -190.8935422485033 336.3600128595204 303.50385267394216 421.20076727364847 75.84671886527667 347.2739321072945 -57.23401935120768 -190.74848382499027
35 1324.0005033016205 63620652.23402204 -153.2051240344031 -190.9377932295678 245.42913085952912 259.5514028627658 363.4393043128501 21.913095193819686 262.77738512467226 -102.74016282176194 -245.37995315111115
36 1358.3857662677765 71552132.91591565 -225.95337513388836 -251.72056462805173 355.88509650067476 344.43010303646804 495.33383743714535 64.87634741422175 414.9806687069822 -66.80229084764301 -204.5152009861788
37 1394.761485338211 90782645.89232959 -21.85308584550679 -173.25252547370064 1210.1076037518696 304.87080747115937 345.2573174026595 91.58357884660506 299.8650775041457 -15.575499410645307 136.1116416530789
38 1426.9569170475006 81310357.55173853 -206.82730402643554 -282.5680160514236 455.57208392199436 386.20301932848156 557.3463553818166 98.39979601771324 517.4385745865561 -34.93117499693085 -132.16231890970772
39 1467.5287959575653 63026683.2307718 -118.27544277318424 -99.7857005865017 201.74247391478713 198.84566369705107 333.0831807567693 66.82201856838435 276.6005945099631 -72.53582851746671 -284.28287830539335
40 1509.1602201461792 86289673.41865286 -49.3893298402638 -78.40727142593362 516.817577167668 237.57668450990198 323.1207672928069 276.49061322516127 626.3626200768397 90.62893288337 -230.05743881169877
41 1548.4069457054138 92664258.91414532 -80.26683346566374 -152.16151453580838 531.6824182387073 240.67762363707442 412.25546049345013 240.67447676865584 675.8775009787767 72.91887992353338 -127.3297694271439
42 1581.4459648132324 68040877.53026131 -141.6579760027252 -226.69369088028134 286.3716958697002 300.7552534874222 404.70802959634017 43.86600749415254 356.36455152630435 -84.21919071260118 -264.179162279471
43 1613.3332273960114 93885827.05769628 -268.42556916728387 -321.8295542232446 752.2619617635131 386.61475919941046 509.18177123035895 88.5536557666046 510.2448778372768 -17.756342359331086 137.07003740965536
44 1644.6227877140045 72980610.01911356 -225.5385354557199 -241.41311178212692 356.1078508965508 279.52021890501965 446.10294886573064 81.4632426359218 447.927310062126 -54.33550227203341 -205.18358512895634
45 1677.4611222743988 69173604.45766763 -213.284880299255 -235.21996504090964 369.17272540709115 315.2709903420512 434.6964996116349 42.18461354343083 351.7085753122918 -82.74172297164188 -192.8583747716624
46 1720.7880146503448 59880650.265118055 -190.12988477904182 -175.22890377162406 171.59529826904517 213.5189298008831 413.13924804581694 4.673661789165465 278.75693403136245 -120.72612323380491 -299.0952438305898
47 1754.8027629852295 105105491.36743471 -64.16959615918518 -185.8428841505381 1168.3333367908529 257.6660552785094 397.3372462054549 223.47403324787706 639.8334332836037 82.34358995217156 119.67452902969592
48 1795.9961171150208 70749170.97766863 -217.70205219420413 -248.60926720948436 397.31738901312747 346.8910535851643 478.9283921945621 49.030471307783955 371.21682054335736 -76.55555655415765 -181.63788504890346
49 1834.4272871017456 96420342.44545823 -241.5275804809369 -310.57916657348403 665.6353994842988 395.1438457205446 616.6286352125786 242.97852143115517 853.324253510013 72.20293763793745 -153.0476042834821
50 1862.3999347686768 89342520.27998412 -221.41223518147245 -301.4929198333242 692.6735463981443 362.77831850447046 457.42724198551434 84.99875478075205 478.7676793155882 -27.05443782909282 65.29926999732754
51 1895.9991896152496 53054947.1144895 -25.996227671566384 -3.4318300988867536 19.222002063576795 115.76650026650681 208.3865508975908 12.859183635931231 28.374541873062412 -113.08706189784311 -283.66473410095443
52 1927.153889656067 72128136.9663684 -226.86851906180644 -209.16508160417862 355.5737497685818 309.1336767754302 514.3927746104808 112.12066678520353 527.8317717822958 -39.05851871173911 -292.97384190701797
53 1966.7006795406342 70572105.46173468 -118.80818182650904 -173.07571674626092 291.2331076869698 217.91554858037318 269.0782475768469 6.053652095651898 161.55852741352112 -96.41022126892324 -43.39510015431949
54 1998.8799421787262 65549610.58721997 -107.16715870823418 -168.04382010669525 257.0457486006624 254.1700577482926 355.93875909815506 39.08085865646228 276.63195035856415 -89.97205332019979 -246.50902532260199
55 2035.06968998909 97624966.03824508 -256.5222280120994 -310.4717606509392 1311.947598716155 407.3427475484543 512.7982002148569 137.14024808001523 581.5335019788936 18.100354366721945 130.05019488657285
56 2065.532746076584 84212710.70286584 -225.1171231463154 -284.21055410696584 482.610470367488 355.37375725471713 542.5172923945182 68.51636755888148 454.6397446946489 -46.03077865500694 -5.487092589490771
57 2107.8363411426544 69556461.98634933 -232.1720176045584 -270.53097435051734 350.30660534205214 346.5242478072713 485.7215090502928 24.529575164815355 349.7977090286654 -94.52853609249189 -176.66922732150533
58 2139.091053247452 100250132.35751356 -161.3346203278603 -262.016984172888 1083.03932337846 350.5902811969354 438.95617343779804 166.01508287251409 582.0014881634111 39.664629258492255 126.52329325898836
59 2176.7392585277557 71493783.80852436 -201.22078140579515 -217.82113074962027 363.19986088077343 292.1049391909864 402.86991226726514 74.69274509976344 380.9708709143134 -57.873675874586695 -188.47983213139514
60 2208.1244468688965 79434632.66824523 -23.837197838048468 -102.00317941803257 393.24218326012965 156.41497542973536 165.6088140349422 124.56063370695949 302.5377381165474 -9.157391216925703 -66.3471823796923
61 2240.8694932460785 57655692.029653236 -163.22835044158015 -156.64360123576313 165.5725217861726 210.05820930576303 344.0431633628568 -21.4475542914289 185.46624706025852 -137.7931014603256 -270.41180037638674
62 2277.776661634445 91491443.09744062 -213.10312061944194 -292.35841887444576 857.732877728397 381.96312853963667 473.893648524231 53.45471540115636 388.4330551711114 -40.53849783668909 178.55889325045905
63 2307.2866349220276 62881286.65341701 -123.82899361191727 -200.3352992741392 198.55411712468043 253.28793726767594 416.4050078779541 -1.1178315185823635 269.0305573483288 -123.1218428644541 -276.3716581681227
64 2341.9040157794952 62307876.86028934 -147.92861167420568 -159.44999246600992 321.5442931156987 222.371633747381 270.7537746376524 -15.342844484570605 128.49909808238385 -121.2354424990088 -138.63931597906014
65 2371.618660211563 86116731.95728566 -100.72139743121687 -192.2428738536958 527.379708665941 301.1005655351386 371.30937211797374 79.60571433974201 317.79106404083825 -29.236251384045545 85.00370558294128
66 2403.69736123085 72260622.11515427 -214.53737916919295 -240.8239881420658 616.0736762184616 325.92083363150255 408.14667335377544 5.830175683347022 268.2860884217963 -96.83060467088285 -45.89389195687295
67 2441.9846551418304 61521387.71663448 -203.3495488501538 -218.71964067527173 251.91103385265976 321.9056077164595 462.99919424427287 -8.125395865669077 255.04184302474448 -125.50075348970131 -246.61377556045932
68 2473.01154255867 80432499.79943465 -129.8685643839584 -159.3145488328824 472.3971821530202 273.1203635940998 352.367801119058 150.55884457565162 435.38469123086986 5.90714270367846 -116.48323878201876
69 2516.507259130478 62781998.77201023 -36.846708618280516 -17.72499398804176 227.77876503751693 157.57886104472664 294.1996399248839 44.947612869406726 156.50885727830973 -82.24436123942968 -211.0208200323243
70 2554.4553701877594 82382516.26205443 -75.33232752187932 -196.99444694634076 453.8187871812 293.0709399218444 391.59515137972437 133.86567405393873 456.29311483776974 -8.09871355357393 -131.7079896931142
71 2595.283854484558 73963013.70122753 -218.3290891277183 -232.44323012948493 397.18892243061686 355.70150985802235 577.5716249977952 95.06534648074592 536.0597124867411 -50.00380498975545 -270.5094071292957
72 2631.045422077179 91645342.4666855 -76.8461716186 -195.364814748213 677.3818684115779 313.573590477026 366.22709550621846 79.44111938513493 311.71253967652615 -20.37321715496529 185.63467354875695
73 2663.6473772525787 78060336.69702472 -231.7631788704134 -239.14176796747947 540.5564589589346 395.48840383646154 564.9894217240807 113.4171107632418 541.8804225764156 -28.902142555365458 -191.87539774400426
74 2695.515920639038 63041733.698420875 -122.12832589282252 -149.63185650889776 263.676357170701 283.30932101867916 393.977977070402 16.5306129238287 212.56571440779146 -104.72544283151467 -221.01573865804278
75 2728.4628853797913 71200597.67366004 -90.7313054251794 -108.25080119564069 330.27640005540906 282.9296699090968 381.8864919679964 108.15512657813929 297.617827592959 -31.57161106751215 -175.4199501509931
76 2760.35547208786 77813453.65573837 -137.08894660880577 -172.4061683145845 473.75126886727253 298.5652666696609 371.19779924717193 64.95968141758578 269.97997001583497 -48.00173044790188 -0.12969834077682663
77 2789.1728155612946 69595083.95174971 -188.62659712389106 -211.2731498647866 364.6828218588958 280.2000888053017 382.2550310165587 60.4832000676231 360.307518406276 -70.29205245705049 -206.55941033021958
78 2823.6874837875366 77061720.81704454 -170.93204409975638 -203.365613578646 488.6104284935134 217.05709172116195 229.69034784901461 10.548515170939993 195.85450704609298 -82.02144912658724 77.81949362654359
79 2857.3686950206757 65783999.67636252 -96.08810434079197 -134.02891334070566 224.6865557282646 233.55864374083893 323.8952951214237 52.37620039471051 235.45552801808628 -76.86969807984514 -212.18445543069805
80 2895.4142591953278 84664403.84373957 -19.956684236830075 -73.36212320409417 459.9571464336619 219.8585089832398 243.07785918972007 109.29589257748057 212.2954328197842 -4.488984115595997 112.19550358756271
81 2930.1272246837616 75269847.6849807 -206.69827703541904 -289.0874403074305 406.7889254697229 390.0334790834002 556.5746801724474 56.64367891720167 441.1694561232623 -70.1403865944688 -172.57775848239504
82 2961.4106957912445 66520623.6134438 -129.2708729223719 -189.1136026581672 347.6282143815352 261.67152251922823 343.4101186168577 13.082492616224613 238.97963412041258 -103.24940437922919 -177.37366936091968
83 2993.7871232032776 61324483.353511386 -76.27332716068148 -12.55864576613104 196.53597979333804 169.11696052673642 303.59954839822416 47.370348634896004 177.55387078134265 -82.87559669322542 -236.3775892223784
84 3024.954169511795 76362716.9553274 -198.97275519327806 -248.84983495492799 377.4379407466847 279.54486973387304 430.11413896030865 49.57726084763374 376.6042946346181 -67.89782291893277 -90.64049101970198
85 3060.2054603099823 61146078.12576221 -173.67340336436845 -156.72325191861367 205.22789832494962 249.57857718855362 414.0387372638413 9.733031129700123 268.7397688452203 -114.823533459033 -276.6646201661084
86 3100.4932918548584 76665068.49569173 -225.23681377486528 -275.70595471686875 468.3133638056948 363.7163375090128 501.81369655578754 78.53546604302585 461.61427801051786 -51.87930938477598 -155.13294612456906
87 3132.919600725174 99632583.3757217 -244.11710136612393 -298.51461375276216 737.4087387412656 400.5259329059336 559.6379717389208 267.942803035236 862.93465797813 95.41278726313249 -105.28161523737793
88 3162.728465795517 70916847.08762126 -183.6279989725694 -198.55180784465261 396.06354420954784 276.26755747263246 374.2225875811666 73.98300985536707 376.5994215762154 -59.36285808099649 -198.91462856655988
89 3192.926718711853 73654717.64695251 -189.7932102649337 -209.2317385801122 420.21503862416995 310.9674699990012 398.2617286867685 34.59143149868919 260.1856599519574 -74.57084911078402 -39.970608952565954
90 3230.6609494686127 62358803.41315988 -201.73840658207104 -219.66679962327422 243.523027479207 292.04639576523863 419.833727702256 3.0828338760495058 273.61717177170044 -117.56276737674682 -250.1381902490614
91 3266.6709337234497 101333958.00862654 -192.46259641816908 -284.73475607694877 885.6835010650229 366.39266623428716 455.91995713528996 149.0010787000175 570.696209750658 31.207696364564526 174.93611102029934
92 3299.2138571739197 71061417.0518267 -221.9471129856412 -223.39103420227175 361.0061137402466 340.5270542490025 551.0250906682857 83.15408332431014 482.1448422036482 -59.268098016127965 -272.76154962997373
93 3337.026780128479 64226706.27650025 -190.97245458166313 -228.9792919124544 301.3971771912987 301.6178473831827 420.6991046420918 -3.3959044140817696 271.0387508705047 -119.41789825227147 -216.99619493572533
94 3375.096312522888 69869166.65774219 -173.67807980259482 -233.6092473669595 368.8710783027592 316.8144768723224 435.1490466341989 39.979464945104155 342.9274284828143 -84.53738027670454 -194.0836457017304
95 3402.9512560367584 70959046.44928989 -16.379290103048056 -120.96579286991462 312.6794958417479 228.79132339044511 300.66465268176074 79.79858207780183 273.7430084314525 -55.152662127365716 -199.26381992927116
96 3441.294153213501 58334650.44784447 -179.02984820820708 -137.04006988162138 240.26857200223102 211.8005748214096 328.6834682814072 -29.058940171531106 151.6707471958897 -138.3421327667441 -210.45478960371702
97 3471.7015175819397 85115255.96877804 -241.94429382165995 -226.531247504851 536.7579207475206 337.98317951275953 555.2353880125197 226.14286673886534 781.3793453104993 47.251443365261935 -286.6478724121197
98 3505.6123349666595 69797147.71383342 -191.50942911204805 -159.96649540098628 561.6770937492298 280.19012086168846 407.7440984459634 25.809977549883683 284.9992805389966 -87.7411406518678 -111.15224254105419
99 3540.5634427070618 65906408.77551897 -129.59300312503748 -107.22499890331808 236.31991348468048 197.61923585679807 340.8177208119698 69.65331020589144 343.2228763739357 -70.3036668499293 -282.1040088970688
100 3570.6095056533813 75926664.07948516 -92.08874149624744 -22.671870180558344 358.6840430751388 215.59176908198992 426.7397350188725 136.33880896526477 464.41204308938086 -14.392157221774482 -221.71572547576034
101 3600.7074065208435 70678551.14663596 -83.65212667833786 -71.15386809373511 421.9114425076699 199.2889876427182 225.11718310456766 86.70686641176246 201.62239857772295 -39.898033602253975 -89.37815913217918
102 3633.1911799907684 60022488.45892743 -125.1830898270459 -58.96615143103589 193.08339470864394 200.79118108542576 356.13527778725796 -0.4717817366922077 176.7389355226153 -118.29571279574964 -228.61587119718496
103 3660.631110191345 67087636.48020631 -218.31224684942046 -206.7651389261553 422.21329678374116 339.42428342695894 516.4596403391777 -0.6533696023634548 293.95334007981387 -112.21156690296641 -159.17896109612366
104 3698.111598968506 54288898.387672454 -103.52872738217376 -16.487671606089968 73.91444668030572 71.17761272768254 205.51537772854505 -26.523093615098844 84.59552609486138 -140.77778225875005 -258.0080540944091
105 3735.430773496628 70666657.22703631 -121.05874806368132 -188.46279448361935 326.42562163405086 256.6804877385392 408.23689881337964 73.91553122006974 392.71666154971183 -64.20988037900486 -253.20579953133264
106 3777.169506549835 80532659.90548319 -82.30972863736241 -105.82535603526226 457.07232231126505 271.67958167509244 413.7387253367741 202.6239765980564 506.2158760638358 37.110410643107116 -203.34662725337614
107 3809.113639354706 79316871.26901491 -132.1176485790058 -151.5501717342482 455.18186881448554 246.12395363726182 389.444154642322 177.2946635184802 564.7564982733329 13.941992232397297 -249.06994684098512
108 3839.991227865219 70216374.98186503 -125.51555116475026 -165.6630243472732 409.25818304883785 203.73418275340543 228.8703364076024 26.591206236100675 198.540291440504 -83.87793451059133 -73.51195969485764
109 3877.260728597641 58684999.527048655 -121.75601585803655 -47.92156396709836 124.0117594743318 186.37927284894357 360.36617072968176 28.78408399016746 208.9893535598527 -101.69717786375884 -289.059398471285
110 3908.209365129471 75340355.42725828 -145.71521994621853 -207.0304577644512 374.45816867348276 279.6232956955116 387.6377243696172 104.51892631608598 428.4495130564362 -35.80727964000209 -193.146887574549
111 3943.8487615585327 65514653.01376951 -206.93095391239078 -248.50992022032426 308.44527185408697 299.9071063539822 400.5787500659903 -18.943945951607077 224.6663140627178 -124.60826197701732 -145.6315926827001
112 3978.962742328644 95715894.19253805 -30.69127250200284 -57.20722709403585 628.1090007923947 310.3503210691268 387.16122482453636 248.67222351404303 475.0207990065919 96.75390482888452 71.44139013044014
113 4010.3831264972687 63812275.76611023 -192.2174260422927 -240.62081553755885 248.31304266212328 324.78992647119895 473.108936937172 1.4731430229218745 293.0363313876867 -118.58793207551167 -248.02422099863574
114 4041.240910053253 81746033.22979286 -252.42301210546452 -293.7881751797869 497.47922295302874 362.8900708214676 492.07691565955065 60.24406079426524 429.8819927953392 -53.36779372245252 -18.3401054029178
115 4067.6994829177856 71155529.22717819 -159.47429411429283 -143.6920961019674 353.1242310410555 258.5338852003295 410.71974068173125 118.18177570246405 422.82682430451234 -30.93204110050584 -250.20755556699854
116 4095.2605781555176 55974529.97863618 -91.54622878381699 -52.14247445730116 116.44495262100637 111.68729577271587 230.64864547055464 10.25974771877452 104.41511741085856 -113.5114480863217 -263.44025522615476
117 4122.988410949707 67390837.36485389 -252.47452389820776 -259.44194408566165 416.49808406292686 318.34780291423937 421.6147326172845 -1.9411585330070693 286.14096309496745 -111.11298036859648 -137.59339336866884
118 4159.625319480896 55149546.84756959 -164.11315813269707 -102.83839392903144 84.36433241858558 184.6479135533662 384.60006382237265 -23.795186435115227 181.07478595163366 -142.05636679054686 -297.97157046346274
119 4193.093440771103 69638751.30065343 -83.71010498730662 -80.19790289348865 331.35341891984064 188.43385292179744 325.86569374667425 62.65310426662211 313.7648290446416 -68.61468270933489 -204.42117163543247
120 4227.185234069824 74541861.07915886 -246.84012439853157 -275.07608096837555 465.0066603657029 361.52479958374965 497.3646677234839 66.42304710744645 440.1682278234657 -61.6791102889307 -159.76766780123802
121 4263.711231231689 67139891.79669113 -149.99899215438398 -204.83728266238012 295.7054053703884 269.68400734504377 423.6281190652457 35.01036396218615 323.590076341467 -92.30708867595757 -236.23733264136808
122 4295.271424293518 70234657.9633645 -157.66652752380404 -103.71557647815567 295.8767622198895 217.60264178394317 438.73365853690905 73.427056942293 423.87519503215253 -64.98181874328918 -254.74269596457864
123 4330.3607568740845 66673606.242332816 -149.30972952111202 -162.16998664292944 294.0410560929691 274.29941230299903 376.7273814396963 56.03841504689683 278.9320578418841 -73.728502827012 -207.34586042806217
124 4360.033301353455 75350103.24406439 -34.99398977593639 -3.39746797881543 342.8412325518431 197.31846110759884 401.7622680016199 173.07231810331734 434.97859944678487 10.983828436287297 -243.9131416393049
125 4390.286636352539 56986031.94363202 -143.61368963487996 -103.64461665786784 148.8764889696698 210.13383658804298 350.3635807606298 -23.935691162544856 154.70227407642142 -138.77102462384045 -257.4322325773547
126 4418.392800331116 62680462.233045705 -66.45495373596219 -32.02320717043008 296.1486770981326 157.78274552973394 278.91891355293967 22.889492918540782 119.00591032437035 -94.14852598146086 -157.12463273389164
127 4450.359583377838 56936578.052357145 -82.66234326255488 -4.509346083237831 178.09946283445544 124.18960556254058 193.89353769911358 16.497910172360776 69.10415256885494 -103.92396382884198 -212.60733924738315
128 4479.535716295242 64503351.12822863 -121.00731753443966 -150.0663523085678 302.7765588079218 193.7039565387575 348.2176355218497 -12.941867467042869 219.6187808005833 -124.338035877082 -189.23835900371807
129 4510.411638975143 61772039.3389683 -196.17209611333658 -160.9789431781443 230.4031641848971 267.691319511012 436.1497481428914 31.879277066541704 287.8977306344566 -98.02856613347342 -274.42147480517934
130 4541.278240680695 59480341.821548045 -66.36825359540262 -12.600193452277809 202.67779603363314 102.25745922115652 160.56299467024158 22.404004186901602 106.88754835933196 -99.31165995020365 -207.66435044927442
131 4570.640604972839 58917792.13702894 -91.16754903882956 -75.70240475894558 100.55223840176606 77.64743733495723 257.12664515202255 17.86327901702043 211.55283325219648 -110.94115084674348 -301.8216196152774
132 4604.087788820267 64959015.371260755 -155.37747956678677 -167.1732504840072 305.2385523210376 291.52975155667457 386.7799094211119 19.19783414443168 199.00513597753059 -97.04576374179442 -157.8287572197949
133 4640.487721681595 66946537.283283435 -110.96057135589882 -146.21634231898025 369.21025050079004 199.69726044031353 291.0501010632865 19.42933705740552 225.0165330812099 -97.08091702547699 -158.72098228913785
134 4672.617317914963 73092423.60436298 -179.8012635979704 -229.25126645855593 482.56790053 320.9730149924767 417.8387190101056 37.61610029685369 318.67937007499256 -77.97169118582133 -102.78150713137029
135 4705.818363666534 71508626.79956594 -214.72780438494112 -267.8493596340305 345.72894511424215 364.97337681216356 507.6577069730406 0.3831950909229249 282.50393289335534 -104.80562504035026 -87.39873248677941
136 4741.859348297119 71124905.53931718 -128.13685757355879 -143.19951708855416 647.8706171729391 229.6011832163363 272.5765550887138 44.59423605833581 267.55519238676527 -73.54254695018886 -108.50356853757091
137 4772.161698579788 65908032.493222 -133.18153736019337 -125.777116125833 309.3818195415192 227.0887561367894 356.33231995361126 34.773893029956184 277.084555900145 -90.61243306711458 -215.14654844214783
138 4801.163176774979 60686068.64706736 -107.2505010899476 -89.13963145240118 226.4670324901943 191.81175209574786 344.2791448686037 12.658608901666526 164.07317525220753 -107.65419514549075 -221.45744695671306
139 4833.307369470596 68505117.89887412 -74.00669725412803 -19.300548390753473 410.85604768024285 181.73075372613633 344.5317063409944 42.453651998152736 193.93558858454753 -74.91635607176238 -106.2189283047424
140 4868.075447559357 64452443.888209864 -99.23947350001983 -57.68130525479598 264.78116488876753 162.92117732767616 286.6210315120505 40.29012864036838 231.5279799648937 -86.2821761314803 -214.20730245190845
141 4900.112882375717 67184422.72691727 -89.44610689588481 -64.80073991946625 310.91264797585137 184.34333543412288 358.43699760421237 21.29613552141268 246.67441284551728 -96.95910966955398 -176.33406133066654
142 4931.017213582993 60088549.92068778 -65.06710065578734 -70.0840794607151 178.68424639692552 188.97089456527263 249.41252929260557 34.75972162824678 132.25716949720322 -92.2538048834761 -233.60719780846154
143 4961.654412269592 61188599.613892764 -132.99569231597468 -172.54065556644068 212.69135918828 246.99743776239035 334.2878722284439 -5.20675149511294 171.63481732959292 -120.6178497905048 -214.3550217597538
144 4992.375776529312 63810334.79799801 -111.08594219410617 -10.138730160827336 244.40020065538872 194.4373458107484 382.02802751599813 -7.504497580215627 191.44776689922446 -117.94145352841377 -167.1508109196592
145 5027.267717838287 57946709.717592895 -120.03247849059476 -139.02245266027683 167.981265830822 156.9795078375166 192.64497238645401 -17.04375242578135 103.9672386903651 -129.65731197778422 -217.29174176660632
146 5061.2868638038635 82056821.64540546 -90.26875925794832 -161.33049824327128 494.0337514469578 247.49091818432055 290.0338660465869 86.50400527375382 295.45861893001165 -29.579691816911748 27.178104649735246
147 5096.865862131119 64862737.59455789 -101.9357195346533 -157.49342392883068 258.84183624271975 191.5493313218673 296.02124949994095 29.539120569943975 252.5231073818976 -96.59913898934161 -236.78530129785167
148 5128.796040296555 66339293.47540218 -146.73682880953314 -208.77099016823328 282.89116565559823 266.1604549953127 364.2784600699533 24.4518278459733 279.82085050511864 -98.19302295655797 -214.83139304065116
149 5164.2210688591 58823787.44876278 -137.26827383017854 -147.15466819964809 140.94624120890592 172.67798120266517 343.1788470975696 -5.106561580035816 216.94969300828006 -127.47189448151818 -291.09149844798316
150 5195.601170301437 69976188.91141614 -37.21557759687117 -7.6837353700699405 275.67321179816287 171.5912373472401 354.15622877240696 93.56544346509736 316.72149018232324 -47.27138645602065 -226.56431802744385
151 5227.696846246719 60203357.75907578 -98.25553376836505 -123.9734841851253 245.0652246366917 149.07159447137622 262.3998530116017 -22.660784614797763 121.19962278974128 -131.7695462946454 -193.32940138245687
152 5260.223695755005 63066458.226007506 -90.06559245779937 -103.36305629729975 159.13551734936843 153.149664813043 355.93360833718975 24.798022672346065 278.1136796464791 -104.68711451314056 -290.1198441201649
153 5290.2585434913635 64266495.93337167 -78.47331009430009 -162.37146247211274 188.37930142522856 160.04619497260506 248.91188552247576 3.4017804712057114 173.2924784728549 -111.88860180496187 -190.1128748890829
154 5324.222100496292 69711086.77479734 -216.16707256104306 -249.61899864928526 315.3193382814534 299.61258690829635 418.4711817626414 17.15946084865891 306.4300952957294 -96.88167718092183 -140.71013424053632
155 5356.254160165787 62133517.51719773 -156.29864231560975 -138.6435887698427 190.57953234837788 244.21849506206627 418.3871715016139 24.25810751593349 294.3817331026812 -105.36627717078159 -289.8565005300652
156 5384.513620376587 63439268.8716298 -148.02380809138708 -193.39087841662507 209.5271723993639 218.6068443629992 353.9137731162283 16.465198096907898 262.8157225427201 -107.44209368954921 -249.15897034137825
157 5417.913388252258 56836112.08594474 -112.68612295895687 -102.47125112191833 152.35422292181767 193.73548685992324 258.27010814736684 -2.499163292081562 96.53164049782617 -120.23501219400669 -234.3100403478411
158 5450.13408946991 69829321.1658163 -14.092241115988298 -105.69427723975203 414.5790173484649 155.64506140497875 192.02253521426007 15.956323127859719 109.54159478614099 -89.57368656240646 -50.88417559152555
159 5479.965668678284 72402614.64561048 -80.22583822537179 -80.00335164931313 412.7198341744502 168.7966056033132 242.92100655266765 117.28204385429774 312.4844659034096 -23.462267953595358 -163.57834490328975
160 5508.984258651733 55649801.65600624 -86.0287176823324 -36.18670538555186 134.19689112055522 140.6151455118959 225.546795558616 4.113355608864424 76.1091463259836 -116.19107014857661 -245.02908190151038
161 5543.6103620529175 57077434.51442765 -64.86086573555114 -63.16707422752255 114.0988804236784 154.5131733787436 258.64922787626176 12.529310909418427 108.3433396025082 -111.61227151208436 -263.47803082411644
162 5575.549754142761 91311873.6913119 -80.15297984789842 -134.09666146098775 667.8749930645303 276.9877967936205 319.54145746492566 120.42102382933354 310.68122370858 9.597651075864974 174.1926038947595
163 5607.275386333466 64952897.1825365 -105.52800284727712 -166.8673938189728 313.2657351488525 175.22835091607004 234.37099303193716 -15.305800169387851 127.36055729705186 -118.99125877307432 -114.06926501923755
164 5636.538347244263 60762598.21827895 -125.2415062045334 -164.81591135602773 161.48688673569217 176.39027561778465 302.6717798848097 5.60588635955844 236.3688252393747 -118.67998560750442 -283.1124779858025
165 5666.480411529541 60437080.19336655 -88.45560010573831 -75.28744085893746 186.50952305821525 122.53076204630386 245.69998830185625 21.114234803756517 175.45817275060097 -103.63008301665599 -247.56512464904054
166 5699.7029395103455 66080231.432811975 -117.59123954280528 -117.85066879724019 316.4924459741703 243.78985202209319 309.47237477663907 49.71905011708054 193.61054394141775 -73.42790376426939 -152.81015821006054
167 5730.983030319214 59224831.84549566 -94.93746422936884 -119.56583861849077 145.72896776786277 168.56519711801246 333.2706608397091 -25.362415537943775 177.2495349722111 -140.16480900011675 -264.8261817623476
168 5764.624706745148 68259157.65142867 -223.6231285434938 -254.48198962132568 391.960135616936 347.07673756858634 474.3489539789935 12.40639045241221 310.9990421436379 -102.54251883359177 -163.7979310170959
169 5793.6085729599 78024672.00791177 -87.62998475551618 -159.69369759674643 370.73786994419265 195.27271442851026 248.2215412266234 109.77911023019794 362.239691436141 -24.636481889540335 -114.79071489674857
170 5825.834603071213 56974915.04038175 -167.74097964231453 -117.5511814619379 158.4015959402243 243.86517383546988 428.8546229485074 -28.595285763956326 168.21213031290392 -142.01008195544483 -258.15524291672455
171 5857.685448646545 59538246.39239944 -129.462070719766 -98.36602389484622 141.98118015689366 213.36479823944234 373.84860882739196 31.06484762040725 235.65456035652812 -100.78888012762314 -298.55114360042404
172 5886.619222402573 59485793.39001925 -98.33211952945717 -23.628363383906034 111.40647490490447 156.12431651493296 357.839188644858 21.12067507615916 205.82470612225836 -106.54008018889141 -278.9311269136227
173 5916.33313536644 62307440.848384134 -128.88235294154734 -146.08749667973748 230.68134365077543 227.15070608560572 292.09706530683616 2.6262536968173436 135.3565698898982 -109.86341011813653 -163.9540669551982
174 5943.838174104691 57217567.569919616 -138.58205788307546 -150.50113414760798 173.6176960974871 217.53480373444597 297.3495039789207 -26.373517998492616 126.53708342285177 -138.67255141119722 -238.97402558062873
175 5975.874902486801 59623406.29364 -118.46636838952415 -24.254416533252503 236.98982473051015 122.9208868112021 257.22119633212844 -14.312950354092266 109.94458930834355 -123.30167615170205 -170.92040586247998
176 6005.939085006714 63697951.98391207 -61.520163826148895 -92.03040518561967 285.75179133802567 144.1495297237301 258.1530339542009 10.007802407429438 157.49775747903504 -106.11736398810604 -181.54261469328623
177 6037.465315103531 62205375.78072107 -168.995420860432 -183.05595145193274 206.40838093387293 231.12785949021236 329.39221487695374 18.32858072153158 244.32758791081233 -105.50525592122688 -244.27888688346968
178 6070.879374265671 64630340.42001624 -131.22994987728885 -139.80750703184654 329.1256036213533 244.33149094794 318.01369799475873 22.81084613954465 199.69237886825908 -95.47885611969036 -171.90664287309784
179 6098.245153665543 64452109.5928089 -96.20758975847323 -127.1538479909971 308.34144193790536 193.22235420625526 331.6834949148058 8.479634692822117 193.92282039679594 -107.42045034692757 -184.17979540464285
180 6127.54470205307 59221913.07657314 -142.21311134802002 -112.23977494016805 248.8107082523168 130.32044151787153 240.3773152493852 -21.0199487796217 131.4484649755584 -130.62919243012527 -194.71105629713043
181 6154.696688890457 68426773.24540137 -135.20426926478405 -139.7975292738467 315.06223054767884 223.51488124041262 274.2097922010146 39.91231661354618 187.23625579647467 -75.88598633418371 -97.9933818926936
182 6185.1747279167175 60546196.78638525 -85.60930584225419 -55.09921692000567 264.0732340891497 132.23259061898835 183.85281196574618 23.334160307362254 95.30873152648883 -95.00440298430135 -171.90216996884533
183 6217.577338695526 61432047.11295259 -98.30290361462906 -133.6982284460043 266.4292295804733 224.02163536149826 284.88287579513303 -10.482804963944943 116.43918525550919 -120.47168659144899 -171.0841219278537
184 6248.956152439117 65247209.82696581 -108.33253303077336 -18.436110698181544 281.9595279522307 198.1112692977884 382.4293518136386 -4.515953047830692 201.24222468423568 -114.11388297815665 -150.63385314589277
185 6284.046719074249 68360202.26016597 -80.60953690245725 -79.60188162975852 427.55260592266296 224.31187064773633 272.79910265086886 50.55514525607862 171.3699040063052 -67.86010128281612 -97.78251753479452
186 6312.906967878342 65453110.21909524 -51.00546628539667 -141.2048340887141 241.82857970871376 106.15902991296704 139.85638633357212 7.093334761887775 140.39681543399786 -105.5166820409118 -151.14705207803019
187 6341.421798467636 65455784.44384026 -167.2280084395917 -190.8703210024965 357.19180506939904 232.1529401776562 275.7276501985567 -14.498963028028243 152.41741373189814 -116.71185689631102 -95.4910633221424
188 6370.303252220154 66923140.299446754 -109.06467593936146 -135.6325987756654 416.4010446053711 204.49310174774683 288.76825495820566 0.4191859868458323 154.57973195681404 -104.95225920299862 -90.36658246224204
189 6400.675980091095 61878709.39083526 -96.73599525576287 -17.93842742777321 276.04596220317876 188.6887845435244 290.013338977227 34.73367834442524 142.1138347879363 -87.0539728820712 -178.27744738921916
190 6429.425683259964 64885067.91151604 -89.7407679219827 -106.79963201245445 298.77420434134814 185.048989395563 205.96143631426173 15.83303313097963 101.98032880463677 -94.47864300658853 -102.64665952048585
191 6462.279621839523 61704793.44961519 -112.78639329011065 -115.36655745807718 226.5792666706456 198.0938016310477 289.89997109767785 18.165123876005282 134.4099752442704 -99.84421728960683 -181.00213618706732
192 6495.740931034088 61365352.28462062 -20.296786294968676 -60.20387226337894 247.24472865510123 92.35132554981496 70.83876996615383 8.106714540499354 51.05776997082023 -104.74572460437116 -152.06726906694888
193 6526.046234130859 63666980.232438415 -131.036290858605 -193.5524181406101 243.9688320587128 224.32524813021064 333.8096660074446 -6.630378149974433 189.66520909919575 -119.10535859035349 -188.00463373292104
194 6556.173114776611 63306898.85145093 -30.816292288981288 -28.11485236125951 261.8825140369202 176.24292683810376 211.31868171448428 59.30261119533009 115.39133453987972 -68.18730165450125 -174.05969009040734
195 6588.872314929962 57351496.99910694 -33.96477824490044 -61.65480499349635 121.49229638117924 92.29848026219366 146.2546993908182 3.0710215599133903 68.58367267005724 -116.56773269314903 -238.83393067471587
196 6620.594993829727 63406898.08157278 -154.1703364305239 -171.2814730333977 253.1422901344871 226.13438591800215 408.7171480494574 2.8283384493917083 272.18190278212023 -117.4326984197723 -247.74014655597705
197 6652.252763748169 61246191.045437485 -117.33080252677281 -119.74063516500946 171.93171473071862 250.69227210949208 361.2780579966596 36.28395684028328 194.07021956033657 -91.80254103615255 -243.90438513472492
198 6686.453914880753 69969307.84747724 -131.2439312777281 -182.46761331196907 323.32336757550013 231.08808053222356 323.2658591226311 8.335646598347068 180.48439251724858 -96.83132217958524 -64.2130557817215
199 6720.453336954117 61414581.160927415 -63.255272930118046 -103.15559193464395 228.91867899107098 116.47541926391828 215.68479612679857 0.19897935133923284 141.1021154999255 -116.23535488196103 -210.0260606167795
200 6753.184422492981 64609749.80831266 -91.26591643023434 -51.604499360408724 303.5670237708132 214.23983547468737 357.56914965922385 31.31536073769155 193.73292687626088 -89.62511941351062 -178.2569921942512
201 6786.040996551514 57138953.2824905 -39.797540205210396 -101.81529609882075 123.42313711921997 80.75677405051766 119.23855541182722 -24.549490083753426 51.43345640281541 -135.9582471434838 -224.79476530440274
202 6817.674516201019 63039029.77081096 -106.62125283511655 -185.54828831913213 230.26844852567731 213.6630653176708 269.7390553272486 -22.91073829540369 138.91950837645322 -129.31202040673912 -164.709943406871
203 6853.442027807236 65677079.53284219 -169.5017927615692 -208.89888320021672 361.2907079181181 268.61019602718716 340.90254287524084 -12.873738869899114 192.86011194453454 -118.49446893587049 -126.92923778957987
204 6884.573265552521 72069002.94480118 -158.2050897649868 -238.16666793221114 425.3432644368682 285.9870382847793 413.56309840308825 27.93762160218853 318.406193934321 -88.25143109978222 -135.0660312256058
205 6917.3906371593475 58474773.192218326 -55.73481239393513 -91.4324832118503 152.9525982656153 100.26100859219942 142.52560717739908 -6.076546450120702 61.008639143832966 -119.98232035222105 -201.72779309047138
206 6948.598932504654 67326860.94766103 -67.42350768103589 -124.71684289825625 295.10631975196804 186.09361899236075 212.5801210025537 23.03428860163524 137.8535845290529 -89.30070834266058 -105.64440759420239
207 6980.554728746414 55503500.063100256 -82.19539761297375 -111.36851937742642 112.50460824182676 84.24178334722919 137.6086987695915 -31.616194505890746 81.98784372203113 -144.35165146794247 -257.74177668689526
208 7011.242885828018 60858046.70251106 -92.58100137725839 -141.65949517384158 148.54652215986695 182.42578008575992 290.8870800991681 -4.88275427584108 135.82405541877938 -119.73603759253683 -209.0071366383247
209 7043.147042274475 58115301.43794442 -43.941690691379485 -55.53154577592141 99.17165655654443 152.193179367685 254.48361272032147 30.332777563080867 109.79366489499569 -97.89627828084531 -260.53575367120925
210 7072.069051027298 66461865.8788986 -160.37606929141256 -217.73122778014178 336.63002704046517 241.96378728045968 347.5277766134242 -4.96873388730728 223.35716120631218 -114.31759181735288 -149.1693393030091
211 7103.065590143204 56920540.17795222 -73.90081932531318 -58.878695777616166 146.4218305480544 147.46796189851005 184.67013154766929 11.454546036838849 77.17423259572467 -109.67124159031505 -233.95195446173193
212 7135.1917543411255 61401712.290255 -21.833041052321317 -39.09803448963767 180.4349352408754 138.17962212836972 199.04962739165205 43.931980910543416 85.40260932048238 -81.30831796749197 -190.9937149279682
213 7166.384907245636 63263322.232646644 -81.81999033374045 -115.00731680975112 224.858887734227 168.067855469714 257.743399726281 36.20866083396754 195.1959913701105 -90.34785514499015 -224.78892932691735
214 7195.373503923416 55992068.12618784 -85.01587821620961 -118.16812641499607 133.89330819170007 132.9929221169279 206.62510618921567 -34.582984086967144 76.87149161289506 -145.15199620605705 -242.06937521940176
215 7227.196146249771 58347252.69443087 -60.701526348985524 -75.91491371346628 103.92459106881874 118.14396527888752 147.17704657703297 6.576446883567769 66.3579553936031 -110.97541223058442 -207.00996532819164
216 7259.850209712982 55820052.11529507 -51.11019894988905 -104.0750198260493 110.54619620801932 119.7297896719686 144.95696618225463 -31.438642369531863 51.811086164760695 -142.82729551764203 -241.62971760932055
217 7289.5289850234985 63441217.20478909 -79.93373767069303 -140.7194802774575 219.59940670621924 167.58401479995229 244.7179281181884 11.675259384529284 154.5450020969322 -105.26985719804117 -186.69108278476142
218 7318.332283735275 56176918.44976709 -104.85431942909719 -121.27907333770737 104.0139023467535 143.34691962850215 190.10785984188607 -15.386940228144624 93.76263512311425 -131.2510028780918 -248.21756233304026
219 7350.994471788406 56845100.54256799 -108.30225633447017 -104.02804410743191 138.70822867985572 192.4857597807091 260.57168679595713 -1.2574783905323557 101.71425543091698 -120.08944449940986 -241.6701039314524
220 7382.103365182877 60738503.25319553 -39.43263658733321 -79.16143876818474 129.46936012113989 116.95678171755561 187.05418169265874 29.186645905159367 120.76447942869959 -95.60552756209393 -225.90771696047585
221 7412.500322818756 63594736.52874708 -72.23352008345043 -112.28870567763738 176.52844259070494 163.16472719791025 198.60407609644747 2.030761384551397 84.46265977633311 -106.72466648841271 -123.10818520373317
222 7444.537931442261 60077053.36977243 -30.39310779751043 -68.9066935257961 216.69100854150332 100.88802715809805 141.06004413822185 -3.152985385357283 60.77619577158532 -115.69882968174403 -178.54795472681087
223 7476.523295402527 60487346.4072793 -112.80514507810041 -177.60645147682715 192.621932987453 208.34523083877684 308.76621700755385 -32.72689218929361 114.63806095095231 -138.566074133644 -185.3081350318256
224 7507.089418411255 53837229.46426613 -26.25698640107609 -79.81170426510728 19.87758662618628 116.42024051798715 221.71950238991167 -37.23260771354671 60.25109310946618 -152.02030072690798 -294.6407409273113
225 7539.542589187622 71209198.9045631 -103.61371491013549 -135.07208398362062 371.9141485883716 197.40204892320972 259.31760461055603 29.991888686416246 156.58792759772598 -77.2594936649258 -32.02776642735347
226 7572.897927761078 61260403.97641756 -2.866200110858321 -81.98803276794496 163.37600202323694 97.13058142430722 88.17177963272826 1.004278780129198 47.70974414336888 -111.69027726820781 -168.77495790012273
227 7604.604145765305 61176478.0915333 -75.07439453890294 -127.08753371774468 181.86993207875798 133.0930436146312 202.6545842138601 9.842151335315407 150.85385677816146 -110.28731093236445 -226.2787521061735
228 7634.8908598423 57715388.500284694 -112.70038585110505 -169.20672876078598 123.12876598779694 137.35948357741574 217.46412163891353 -38.62071600642696 107.6471738676014 -147.02873404979124 -228.43331596297486
229 7663.904683828354 56879084.05405442 -43.29381405125044 -14.559320768658889 91.45630877461561 85.75283793965971 231.56854824120205 -8.002213316900395 96.17158537191983 -126.50849440429488 -256.9095185683666
230 7693.5273513793945 55558581.07021921 -89.52078735664125 -113.41393526153836 80.41490625610699 134.19943543524613 223.93912822853292 -22.793416738215 76.65272154132992 -137.05071609558507 -250.34691018719664
231 7723.350041389465 61463611.390383 -117.7408730027492 -151.66449035374617 206.94331848834406 192.32068043027496 239.08384948526566 -12.174521529386197 114.81731992540335 -121.35273114168018 -165.495399554087
232 7754.950387716293 55023297.035322875 -3.84099683118092 -11.11028051901922 37.41977063858736 104.55863212270307 183.65463508722536 19.778490272020576 33.813476015626634 -106.5099396722535 -266.2908858925708
233 7785.0292065143585 60295546.31356576 -108.8214246347937 -177.530164034577 178.1065928563203 148.52233125557856 217.21206486910344 -33.349517117336404 114.4913677896069 -139.6265168240754 -190.6379600325161
234 7815.8332595825195 61655908.56661697 -59.90140352380406 -84.19900498969226 195.8634590130693 139.20712361751595 152.67294258078644 16.605178519468268 80.48521621842156 -99.25876879001396 -160.9454930441725
235 7847.21574139595 57624574.761321664 -46.3583451920727 -91.58369426014903 124.16197757155852 125.42699469744062 192.28520911041898 -8.880700115524974 65.29969439910963 -124.42786683187848 -226.06281767473962
236 7877.18229842186 57324685.137107275 -68.14943958230057 -113.37569068439825 90.22719207065909 166.4758782287045 275.6199923712347 -16.76002989546714 87.57562762974715 -131.64387004305377 -239.94205497629423
237 7907.252676486969 60871949.53989426 -107.02854881539429 -145.15856549136834 201.94550739705102 161.90983577354615 233.5328346271953 -11.407313970602956 112.46326287999364 -122.0881294778269 -179.14057151535644
238 7940.933336257935 59316485.36177535 -87.37563637368696 -114.70052870020444 130.51544448414 146.73089995861883 187.58204998319567 -4.282927466883677 93.25740168649088 -118.50231913522242 -200.6805281533397
239 7971.789501428604 59640982.4179678 -72.55625947724627 -133.9745190117139 159.86289932222203 151.71260885090942 249.17689476740352 -13.996869205973042 154.20984797462506 -130.8654576283448 -253.3466398730313
240 8003.9850199222565 55493773.64051238 -28.245982725694144 -29.493524537703685 88.60967079046019 87.88963638767842 97.15773346301947 13.249262681042524 36.98556458207133 -109.65645273145401 -248.816757652802
241 8038.075780630112 64819215.32639898 -34.91030349704623 -79.66223278994508 174.6533967740581 126.94004286878302 195.6130341797235 47.03392871746178 146.64824470750648 -77.91568668029828 -178.86998404338675
242 8068.69193983078 65298804.93869518 -111.96914834899339 -188.97121677833698 301.0986583610068 228.11061010956934 332.95776324903613 -4.5694455014827895 197.27870074656278 -116.03259352514777 -170.48434436456773
243 8098.598641633987 57815058.054858945 -97.90824684260915 -150.638425031923 152.3509811517057 140.083755533483 210.50248925383642 -34.14497219034422 92.63774683349652 -142.83953617886067 -219.80414449087044
244 8130.3996322155 59322486.16931309 -80.05150589084653 -101.37638765805987 160.84981279405736 107.51036496196942 155.66342917119968 3.398505574528599 89.7531103483966 -112.82016198817007 -201.55654167276657
245 8161.926241636276 65225209.35747755 -70.67224772086226 -143.43468160741125 247.86581314675993 85.86423705719656 54.47863263630936 -11.097579307260446 89.75664387425684 -114.28306635283923 -98.20362442131471
246 8192.15116405487 62196763.821541004 -70.05899127916206 -124.74641791206625 151.28977471931796 141.5999889463111 173.45455344553795 -12.469799619246999 81.30812857222963 -119.70247716257131 -145.4747812573118
247 8224.242635965347 61920811.62224214 -131.70419717713153 -184.0764894638493 218.52986320521444 214.88247927229577 273.65765768449944 -25.122284420908443 132.6129839200653 -131.20358992075467 -165.86424910617626
248 8255.271132230759 57097345.207250185 -88.7430750308203 -109.62780355672545 126.6885584936145 117.97753380406235 240.97956313978406 -16.906862340848818 128.2625722748985 -134.1134248885282 -267.0445803033673
249 8283.751681566238 59800184.39898993 -78.6472849096578 -116.49035850366917 170.49329935612946 186.2573195625721 289.3757145080861 4.057294901792886 131.84902593332743 -115.03941501681282 -230.770820395778
250 8314.304481267929 55348881.75895498 -75.71137705184363 -61.318197139802905 98.35494380680494 151.83041730341705 249.27048850511446 3.855990543518601 79.795125825063 -118.20983274553674 -263.86929962436795
251 8343.872397184372 67234930.95626009 -15.516980858831136 -53.92505368497028 222.13471199364966 132.70522575791102 135.3073462806269 41.83675800904655 72.76221429858083 -72.69886029993967 -79.38160600605437
252 8374.494547843933 58621377.18710964 -47.4414626486767 -64.33150881199718 136.65498042236317 129.3771432793526 194.89776708807662 16.134717132534092 70.72944828079324 -104.4212743380968 -214.10616451328656
253 8404.99467086792 55958293.8050724 -80.77375933301913 -102.47644300532392 120.42007276904428 201.992009449423 276.6366842777625 -18.50381780908674 75.3946921208701 -133.39569684116913 -246.16141144611336
254 8436.85380768776 62890150.01373279 -60.568722437287974 -94.58424210690683 203.1986974165087 138.43984496055793 148.83207392002967 12.980442120925545 80.38006889486849 -99.94315171404628 -139.14034982179692
255 8470.127210378647 57780887.61391488 -75.91296784806468 -107.47900528272929 145.67703586949324 150.76321971302494 236.9792873967946 -7.934250663677403 110.31316721283599 -125.61392174997144 -247.52468338409392
256 8500.722965240479 60817360.23439894 -116.76764802416373 -180.3190944912685 198.6032250351778 184.91784729669538 236.70962003204028 -17.235542615586724 159.16072042973167 -129.95714795667595 -218.4977799348539
257 8530.945548534393 56646343.696818985 -38.759370570224334 -72.5352696119926 104.13010142981994 99.71538166191172 111.47931306547429 -3.814641390767349 45.317171473073245 -121.04332241062815 -231.8756338768299
258 8563.056044340134 62107561.97800757 -100.8739551018648 -149.51880904808678 258.8982113132446 108.87612840018161 139.78749268907308 -16.805597415178 112.2619858415045 -123.92400621507704 -155.46112256289433
259 8593.81913280487 59481735.738454856 -76.80662719496111 -101.4957132503508 165.2889642675015 197.0829092901625 263.3201850115269 13.94122474733922 123.9709654210892 -107.64636591104033 -231.7907283562813
260 8626.255894422531 61061856.65048321 -49.3011025156347 -61.98078814524422 174.940607916142 165.40604140788685 212.40579458378065 47.06828815598044 135.89368045658534 -82.50194282641417 -229.6649235357924
261 8655.34065246582 68575702.74169685 -29.77320427243393 -80.82461637124828 248.5727848350332 119.42646313746191 158.74252182884317 51.57007223097537 135.92496768885985 -67.70322104220173 -104.46222229075516
262 8686.962484121323 55516737.26892931 -69.54009804822843 -78.27685518065536 100.42155267703299 121.7517962295498 150.97836836182213 -5.979707086028725 59.293035183522875 -124.08265139241894 -247.1887926977969
263 8717.992756843567 66122013.382355615 -38.777235147681495 -87.50593190687695 283.42797562692726 122.39271439256324 156.79675017885862 37.71272873018984 127.65832756027203 -80.6723409467113 -132.12748511243768
264 8748.09723687172 61637528.21282907 -88.68071803452918 -114.60235670551833 192.19013758849212 204.63086644736813 311.71242201744207 20.565745546138373 143.0988296114557 -100.29686620109857 -204.76381198047602
265 8779.689429044724 57002194.8708994 -46.01149007731975 -90.6945295272791 108.95200132538781 61.783411382482484 91.83395357696185 -14.209873479102953 50.582488915706335 -128.22724682811827 -224.5398823520406
266 8810.569624900818 63876516.252958044 -83.61126889556539 -108.6831084712747 215.01985118392594 209.4544173049698 316.7509658058232 40.41891974515272 168.97077183294198 -84.06853699354303 -191.65167713076346
267 8840.240099191666 66086561.074983865 -109.27957060376713 -171.45080593637437 248.55862715277667 184.17959888852397 216.13781340111925 -12.866038160371431 125.78646015080858 -115.76191726309236 -96.55814616967149
268 8871.159078598022 54460721.891647324 -39.465743256977426 -36.670877080764974 47.73386337086187 80.49075039914564 101.53265781235598 9.610625424583361 44.85481477851965 -114.20805553068885 -267.5163424673013
269 8901.203652381897 59247132.69357508 -11.874694800148571 -65.95842788567734 129.5287684222384 62.635800756045256 81.97571411072062 2.770999792481689 34.85627842606391 -112.17555498606407 -189.0383868046066
270 8932.197163105011 57216437.492808275 -38.58332880734717 -84.49005473774956 110.88573789520385 90.13766647788715 137.52369105649376 -9.639692667354836 53.39951036396883 -125.1101511951606 -227.00161529604355
271 8962.50474023819 66421883.37188872 -39.50435082994453 -79.34141244747182 275.5130876751383 168.2277518835356 182.91993051258882 36.92632145574885 104.40409608079983 -78.93180859800839 -105.96618100007561
272 8992.465457439423 64185708.821606666 -3.300313273900006 -36.56732800207343 181.48681190391503 126.60920803393742 131.4850771127987 39.53531201382248 51.31500310546153 -78.30660898897463 -121.076479371522
273 9023.471145868301 56212309.907848544 -44.064407817759644 -72.45223448096925 97.30017902334947 80.27232771249537 130.8882588245088 -6.180028004765859 64.1508202979852 -124.52493069864244 -251.03019696597988
274 9052.55829834938 54923501.84772377 -57.35502434137821 -83.04208812094872 82.5622628280218 135.18633166619858 179.15339923338735 -17.94815142980741 59.09035831139806 -134.4646168683053 -262.24992914429055
275 9082.923825263977 53149163.36374174 -53.348495692153435 -57.03527459680419 28.942374098364375 90.00626323456272 167.24079343430105 -13.082611868589652 44.007043614371355 -132.40925674507974 -279.8065704640294
276 9114.147601366043 57997678.645371415 -65.00850405726348 -103.47416944164974 126.44985507310696 115.58421001180595 174.3631424697197 -9.913826493791305 71.20932070101571 -124.25733364435348 -216.24945805203396
277 9144.275425434113 58719886.03215969 -62.139581559212985 -84.17207353514539 140.9649865940733 147.07218133896305 238.5402481710088 14.785681801134047 133.78104524318803 -109.59300773466839 -259.76968190341324
278 9173.5606508255 55871410.49418007 -2.5479600381757557 -17.349366768899273 45.045114167089004 48.24733026576719 90.70109694015221 19.973975712250194 34.54558765247782 -104.98812378325385 -252.24348522489458
279 9202.382869958878 61898758.77495874 -96.88237387341701 -117.71293031356252 194.6799631446301 200.62591644799812 255.87818158139672 8.738725176679736 109.75235217010686 -105.59441270917745 -165.27084030036474
280 9232.591720581055 53825609.673003115 -80.1378856071935 -74.30798064874052 54.770627825634065 140.62164984807913 201.44436938335267 -9.79009022335282 65.64716048756429 -129.5586854759797 -275.47906453301584
281 9262.468876123428 55473504.85791291 -88.2852169335714 -110.55864428519558 113.12015451617737 113.51862880166681 136.71121140531733 -25.03329478206888 71.92691628926048 -138.5539313550322 -248.14009135627998
282 9293.198939085007 54230609.96434739 -64.95674429677985 -69.41843095672347 77.15051475306144 103.6720994170821 175.70888417247582 -18.287508695524252 58.3980707750751 -135.27649473301364 -268.58530572734105
283 9324.727657794952 56478377.34784911 -65.62409265946239 -73.74915562224427 84.3641068238404 168.06657831032268 236.80224839270167 9.547660364415492 88.66085239369102 -113.37081398830952 -258.129016064982
284 9353.276692152023 63147109.2197958 -89.88253976006038 -136.70527840506165 206.38488481694392 161.43188947348244 188.2858167571283 -2.7362810911772044 107.76171416124316 -112.35911634227818 -144.01960226057474
285 9382.383165121078 54054287.01711299 -54.959327252693235 -43.40061260993547 45.690237130622585 136.29506089243617 192.7345664386218 4.535345768095567 45.46569281620657 -117.91309773619605 -266.5811846642323
286 9411.548405647278 56080033.31529634 -64.75522814460004 -54.455567211682116 114.1683344819312 154.15342706402953 203.8314713215532 10.980864932534587 72.80045020247405 -111.65102349578041 -250.84675871517896
287 9441.124586343765 53028665.64104432 -40.44852013298933 -23.366105089745584 21.44564077641533 101.58983165695409 191.79042926478706 2.736726565388892 46.54363644876753 -121.4883910992516 -291.1551618792895
288 9472.278338432312 58362935.95866487 -60.81808963834548 -81.24268743706799 102.02927835387447 118.52506841647389 149.56368840353474 2.729313242504304 68.24104036868107 -113.96407344154761 -207.59200591933143
289 9504.142485380173 54456220.29553687 -16.02273399529004 -46.03164312272178 69.92358945762251 48.68575481584493 84.59081851135403 -19.615957625745978 23.31653064020952 -135.27304631009622 -257.0538458178147
290 9533.911250591278 57264487.49177117 -39.25571905416001 -83.54015496470461 76.95489026913907 73.06085198069492 121.70479788081371 -9.192356691165344 54.0054140267315 -124.51206294493852 -225.2111995127512
291 9563.916360855103 55194498.67894905 -90.0957331462502 -107.18229087594045 111.04077231440621 111.78141617180191 132.82096536227178 -24.353969043357324 65.27649858993004 -137.85151914339855 -246.57685105854586
292 9593.64066529274 54668616.35220862 -39.78964337836309 -45.44897403954941 66.39372326096984 78.34888794498792 187.7009654405595 -19.69645332638919 58.16966506335302 -136.5207516898978 -270.20004624066337
293 9625.283998727798 58198073.00144442 -76.60515296422376 -98.52570370292985 136.3353043000169 130.3037389213647 197.84593755561224 -1.8275058598897544 79.58382732031623 -117.94049699341093 -214.55562700594146
294 9653.065388917923 57681588.89568881 -29.95582354539965 -84.66755363844246 111.63617750295293 62.1270983873269 89.45202722542288 -10.454364815561405 45.37592587982067 -124.69093555379857 -216.164241199811
295 9685.900153875351 52287564.23012102 -47.3106821381872 -12.364604546037693 9.970944906696282 67.52402206182 187.94508614138965 -4.80149347952397 46.41339740261992 -127.81948317335082 -298.0156653972406
296 9716.466210603714 57871601.1741747 -27.697931991258166 -51.258239820112436 109.42975676350608 63.50455598614024 155.975366018443 12.099310492384575 107.72510906752734 -112.15133974555937 -266.9747570005384
297 9747.235906362534 54831628.8870705 -40.09823481023563 -55.768129374317176 78.81368241688506 72.0292792216253 168.81813034377282 -19.20385759491205 54.689790888217885 -135.7828951311808 -265.22190090332015
298 9778.792130708694 53163541.58460831 -72.84467449385046 -100.12823894343951 39.74528804777629 122.69614064573155 175.97014540071083 -35.72853190327993 57.05097363374216 -149.67135831341352 -281.6355973448014
299 9808.261640548706 55670496.57401547 -15.107901893326096 -76.87441335857172 46.53886386601573 75.44854106440663 137.71100706870547 -16.43539261411604 48.81114783903479 -133.42569140501058 -262.43168610072615
300 9838.991641759872 55551014.07294619 -77.59062173262721 -74.5024861622145 110.26800987420509 182.24969602966468 248.22298429954458 -2.9332228772373696 68.68951921143992 -122.08406770629296 -250.10345842740597
301 9870.846185684204 53830090.210770324 -3.632763440579563 -26.230083512323503 22.185116130586586 115.2021951371633 160.09071575744412 0.655744291500298 20.519259722786728 -121.68433213300563 -275.10437522914515
302 9901.347242355347 58030057.283695474 -23.476033929989605 -63.24463508398732 115.67722021836637 84.09778501243568 126.13886574967782 8.242337565457262 60.11826498337314 -111.58159641669414 -226.8841268001621
303 9932.57942199707 58153037.134198144 -27.89164737453156 -43.68940883085461 83.89816248722907 114.85009915877616 146.62702888419298 19.518307364889097 54.808781070138025 -102.08951411822255 -216.4465748561492
304 9963.887857437134 57455962.40884204 -46.87988274886699 -89.72710940491773 120.3139747843263 85.21323405190492 128.2082579762469 -8.83966187597315 64.39237137539465 -124.52763421083694 -227.97051083086865
305 9993.493730306625 59507121.33914082 -50.49952909073704 -104.06741742623154 146.1063707073224 144.97218611343322 170.51710283699808 -10.229804726347709 59.468576024891945 -121.78037975731257 -185.7793203830471
306 10021.804608345032 53856883.12829161 -41.04461748265397 -63.60126833138267 30.002179908083306 91.8981823125713 174.4324010930344 -16.037016936730424 56.040403751659255 -135.10097003217987 -285.1045053099938
307 10052.303506851196 52327614.67835061 -36.48844170013672 -19.014978493753087 13.194942354069525 67.15367552468838 137.22698742330334 -4.2551009162995115 32.63830548935391 -127.0224574719806 -292.78976648259015
308 10084.924046278 56892132.718861364 -26.435570125505592 -66.96273064822142 73.46558027280926 101.7866887310898 171.2951087260927 3.451100441468043 66.15899348733387 -117.50238260935146 -251.89937595825918
309 10117.411615133286 54883449.62843584 -16.28953100780118 -67.49578085113228 35.038746521813025 63.527705450552155 120.2531379838168 -15.94700343376985 41.935846407354916 -133.46993738518222 -267.821748621971
310 10148.163774728775 60216971.15028463 -50.13550709170688 -138.94114095696088 118.15538523506648 126.19871522945036 197.93487798233966 -29.28843388447359 78.82379123953706 -136.52161919252853 -189.0792548284395
311 10181.009423971176 55869938.28223555 -92.73285395890309 -126.44476617121593 83.63750730356878 109.30213255737281 187.07476229870875 -26.461094713128375 91.92052476480023 -140.390234817735 -256.23909004279824
312 10211.201672315598 58338263.156575486 -10.223257295182947 -42.90121583695989 110.60886752564353 138.13561687838393 224.6958603850108 26.091490229362762 96.10665659057986 -101.25139553506284 -260.81065557540586
313 10241.82267332077 54861152.11480067 -18.7642575934904 -44.3589643282012 38.38124285146105 45.54751208195792 90.16405674954193 -0.7111312677621981 36.780220859429846 -121.60495733784961 -263.5194336430466
314 10272.7670378685 52964384.413081296 -30.980150442496544 -40.93136950322354 13.271796939156623 85.86212089220652 213.61001684151879 -22.05916037008592 48.10582324818881 -140.67578642554298 -296.1840025249837
315 10302.515946865082 52289530.759392455 -12.817474323975077 -9.302880269844731 -10.312093963787618 48.14939343868844 161.35663614733744 -22.100893999443656 28.99560239402831 -140.77554040970574 -297.63103751837093
316 10330.706572294235 55651556.9930013 -28.086154004292382 -40.572814121114305 54.14719930197679 53.16840152927332 99.59179900966402 11.461079717418443 52.52146603524909 -111.99083352767548 -259.18485094750656
317 10361.646394252777 51985135.160724685 -42.63046144250677 -20.5212131972437 7.810686079425217 35.43431031562713 132.97997434591548 -12.288440430195749 34.3542285793377 -133.3325017523204 -295.7429167967281
318 10393.490738153458 54191768.92283003 -27.437921349590273 -70.2459787531335 30.522161360906217 120.08129475837767 215.69561042682392 -20.43063441478762 48.910272207983894 -138.0253312758428 -280.1625758890354
319 10424.697486162186 53208842.422983944 -63.20624931109407 -108.83055154527923 33.53018825059845 110.91581576069218 200.15370786679648 -44.63849402267971 57.303053750504205 -156.70463332091992 -285.2724386375601
320 10455.235387086868 52600136.21498547 -24.048094581533526 -46.39067482329096 7.179000585240658 54.15908010985155 160.03793707807716 -25.7120042737277 34.842900844464566 -143.3773229199636 -295.44305115525333
321 10486.177587747574 53118373.296184756 -11.913349834669585 -12.179309925881647 2.962473427902161 24.330806857529467 120.30354851131895 -14.383921808665832 42.03776455994978 -134.96157134234693 -296.26895595627445
322 10517.89163184166 55240240.98956362 -20.558843176970566 -51.36593964404228 44.14369625644605 68.143249202635 127.7784352559478 -0.05850829266449864 55.16473227868448 -121.9304412392919 -272.1446966232309
323 10547.78381896019 54553101.15416726 -7.253188610542882 -34.59214311670139 59.95216535087668 67.03868544627107 114.50634862408357 -8.510851293968301 25.376606669063904 -127.41286789730293 -263.3331870087467
324 10578.501573324203 54613786.23227662 -18.262786730328045 -20.02005280697201 70.13547746144641 50.86865283030356 89.47157762191968 2.5598230287949377 31.504390189647552 -118.99617616500359 -261.7144409193787
325 10609.32954454422 53090340.161901124 -26.333017749108812 -36.3354710652299 11.600680170278451 56.96111775593032 167.75347333128744 -16.493265215901488 48.5157795031804 -136.58287088019102 -297.08539847573763
326 10639.78864622116 54920972.14489052 -22.451418075661255 -59.65322798169476 38.44697053389726 66.11239951021298 127.18912677084862 -7.660876767525906 54.12701783261252 -127.86414459175023 -275.3318001837871
327 10669.753604650497 55314105.181967564 -52.10413802557557 -47.94214704057931 54.78415898723272 81.4605911642054 203.7132173610308 7.727480934082507 102.82826780477569 -118.10599615832871 -294.79267172732375
328 10700.672709941864 52768514.50872592 -3.04223563445119 -14.976440585314716 3.299145335873625 79.74062103307261 156.725031456032 -6.724063630342016 21.000386444093806 -128.83610412755706 -292.8517625757082
329 10731.161196231842 54907453.75719662 -28.91423486030761 -34.75332009245469 73.05972483892576 42.19430361750814 123.15199612190632 -9.457758990140633 51.27728306228789 -128.44328518762597 -266.3302726591991
330 10760.374850034714 55354082.037713535 -6.844840193497394 -10.962108604529075 67.72851156054998 67.01674344490783 164.0465483077684 2.9625661921461983 46.68608266933336 -119.09299846580109 -266.29454916794487
331 10791.6607670784 56265481.02337361 -43.49216589058358 -58.45774903494962 101.13550519659927 108.16561728260677 174.32634387209714 1.9099388126869599 61.436323549674285 -118.1554627497884 -247.7870717551094
332 10821.973153114319 54667213.36309094 -39.2980690188729 -63.67200372308415 73.37638638936207 70.95902794997966 166.42587215593872 -22.963759140113098 51.261811533892455 -138.62331113680762 -266.53136425370315
333 10853.06556892395 54436393.374079764 -50.816259544713546 -70.10460190195681 79.26517560212827 24.908379051346117 92.97031526717751 -27.668120488280067 51.90170077133655 -141.9595311694863 -264.35470857369063
334 10883.455564975739 54658564.505818754 -32.176842808331145 -33.447876988870505 60.170353497038896 66.8538741867274 171.71441930564407 -19.79019732240681 55.84897544857063 -136.56457198860755 -270.6374005415099
335 10914.099593162537 55005191.45818407 -41.11684674352881 -44.75717860625678 73.63163749155339 45.25456887434904 130.00281686718162 -9.123733392559075 65.09763495734012 -128.607917652514 -271.3395522480384
336 10943.73068189621 54516559.921342246 -52.37605668048817 -71.71803931662123 82.004753573941 41.55926477382978 119.77373319340425 -31.66668509887336 53.58132960287196 -144.80500204539152 -262.7799900485387
337 10975.403259038925 54742621.01629509 -18.414207616988616 -15.541388000732237 68.64692948417641 51.832686529149015 93.41453381360823 5.751689231936439 37.172948016330906 -116.79835307611984 -264.18880889393176
338 11006.911775112152 60038900.40165204 -28.47834515822398 -55.06666773223727 142.69088388529923 102.19240461803071 165.6198154089287 37.071608703206834 126.87317422013189 -91.75618839147592 -248.87095203131315
339 11037.337953567505 57293273.585038476 -57.3758170465167 -99.04491879861607 114.94431130668798 86.7702852776263 134.88565120951165 -10.309187977378372 76.82230411432568 -126.39773207621334 -237.48871467109984
340 11069.01509642601 52700403.38269353 -74.69672705061046 -77.79307845440431 28.857346901952404 120.91525608150621 267.2042353192144 -31.87567249560908 67.42401286520067 -148.04995888891216 -295.9623008099805
341 11099.479390859604 54555488.03216594 -79.52785963450674 -116.27325913648376 84.25998875543883 66.83220221024091 159.27265221612632 -43.90863811323271 77.36745805263217 -154.833992662093 -271.0571283561645
342 11129.63354086876 55167612.94194795 -98.68955785697176 -118.12185894762789 107.92425520403239 113.89310688319455 184.58865226301378 -29.330929230476897 85.51033439799664 -142.7939269135955 -259.73658463913523
343 11160.664929628372 54552219.052307114 -87.7564410825288 -108.38049626070934 97.24085503986959 125.08020900410337 205.73848917861818 -37.06540634543933 73.09794740211305 -148.93588658797836 -263.18909291135384
344 11192.22585773468 52526975.51136648 -49.18737029091757 -72.20734575597292 18.62081348073621 40.75719541869721 93.74487804397165 -31.790386157996693 41.91211909232641 -147.4951421301592 -290.5141614477031
345 11223.571714878082 56444922.61214529 -69.8655629535833 -115.56261034500503 120.0519290782866 142.67739675418676 178.5174863302313 -25.148980714558434 68.4700165150158 -137.7381077888919 -237.941525985203
346 11253.914043426514 54630072.55552963 -59.24214033977459 -91.13106287126328 78.52392466851288 103.21318733150562 175.6994925322238 -30.89055534801622 64.5183052701293 -144.89387261551093 -269.47862768950483
347 11285.206972360611 54521893.81578061 -51.18005283580312 -69.46827065383692 81.78918008164885 25.399159743089 93.09029751981784 -27.00682099692699 52.13332739940904 -141.36105525221905 -262.58855010753706
348 11315.172783613205 53563364.86774126 -80.78851903905122 -115.09773004070206 45.70498288237695 87.34236106286971 166.04103838468154 -42.989656594510734 82.88853169053209 -156.08643235035447 -292.2003563051445
349 11345.855503559113 52903668.2534941 -75.90038731786115 -85.15453717686744 35.900831966343 94.94655664115686 179.63701511087635 -30.339423598537223 67.07319647820293 -146.56518126159546 -292.6542945487181
350 11375.577619075775 52451466.66759808 -2.7972495128213026 -3.211393190849584 -7.948820722407241 31.221689179486447 130.0132274013177 -9.001847599973928 23.441229179110564 -130.94990013266136 -297.7352707316901
351 11405.774302959442 55300571.18412069 -97.44121208064583 -103.21203036568 112.74589394816954 141.7336539233592 276.4037944451649 -29.15379848856685 92.96533773611975 -142.88509138328368 -261.94155961473194
352 11437.04954624176 54226899.2123787 -63.81315759612552 -86.98282960875953 77.15869602634511 55.638482759151515 99.02351939684686 -29.847491250629048 56.39284535195179 -143.8991629955416 -267.02357971371055
353 11466.536558151245 52360209.118134 -19.38018295290719 -49.85564195291191 0.005172819462444522 62.63824190399572 133.94276971731375 -29.457913936690147 27.63538855473348 -146.14740321189578 -295.0235142337854
354 11496.572279930115 54488871.11512312 -13.321702632433189 -7.84404958841006 59.43438976991401 20.21020371747123 87.49522829898869 6.2772120322734395 34.306186021390886 -116.79896859577536 -268.3239730885075
355 11526.446419477463 54271657.723265715 -28.637995835870843 -23.883831770870373 61.57716898374414 51.01823660582792 136.9199120010019 -0.9231047901772627 40.383814089556495 -122.3264282303935 -269.930966216218
356 11556.43579673767 52406032.285131484 -64.73137593602658 -75.84619969982812 21.284568752901848 60.004551309187775 128.50118090926878 -34.36028668527456 56.23807341253291 -149.8711309703611 -296.20403858352415
357 11586.289186239243 52170279.88025919 -29.459001773296002 -57.0019113727909 3.4038329239733045 33.90033018998513 87.08211487506324 -32.713855651691006 29.52549536405536 -148.60190904513274 -294.9875695575375
358 11616.371115207672 52412995.145503104 -33.48226958238526 -33.02642270285322 5.442676255217343 36.259382496330275 136.0955147424007 -17.024064521400362 39.8389977902832 -137.03525672742336 -297.35829890205525
359 11646.282702445984 52453807.62895788 -50.801966189488525 -75.74732953878093 19.225619830476326 40.441507418273076 92.49778855594437 -34.086339793994625 40.76112031842922 -149.13548553362853 -290.0501702580249
360 11675.8113052845 54933981.019183256 -3.927075443162561 -7.064650974502619 66.86850520004062 49.86634986912773 86.74967607641743 12.292050180567458 27.851539143000196 -111.62237734346519 -260.8005925191036
361 11704.881781101227 52880933.651089236 -31.96410758021999 -27.28314431216519 18.321258749783432 41.538587760062185 93.2630305698281 -3.0184676028271156 35.90572408606681 -125.61206314025026 -288.9942174503483
362 11735.42007112503 54236752.7483015 -48.00273619235222 -41.33101535610454 69.03580311251869 24.915287545972816 94.79554659484484 -6.194254007453026 51.273946318574076 -126.35606671718762 -270.3038820892511
363 11765.205637931824 54124652.9000401 -23.94493519587592 -38.35097510824648 51.278550185282 14.410394230646006 87.83580933391448 -27.896558869099692 40.09417066922481 -142.7215010870898 -270.44567614515586
364 11794.94189786911 54398924.54983043 -25.343978040825206 -39.45625592440947 68.04912953344441 20.27634091831021 83.93163494045015 -12.429933165241948 33.790858173410925 -130.42749611710093 -262.82314762006155
365 11825.146791934967 52245801.3956779 -18.19956686942058 -12.838466541255446 -2.5394334983369475 33.0754719860268 131.78359576617797 -10.182190180709767 28.5669278399846 -131.90937975143964 -298.12124312706476
366 11856.0225918293 52419920.832756706 -59.20774069157362 -83.21848134410453 22.346494459496675 59.02496433060716 121.06802066254212 -37.39914072233762 45.26071797237205 -151.6677753303868 -290.2582561686096
367 11886.930258274078 52642878.97756459 -37.95098837793766 -72.20035662254688 19.650878988891975 57.08870777713972 113.86296234849873 -32.61741004419821 30.676456423313766 -147.59848603682366 -285.5336931971563
368 11917.441615343094 52766381.64679199 -84.30943923791294 -101.47396164280056 37.808888977837064 94.3287955288265 176.7232076107461 -38.12581278910034 65.93423451391686 -152.1548510352829 -289.6383026258784
369 11948.346437454224 54258345.56341507 -36.014069543428064 -74.9392429092993 64.3923704098415 51.02549219412792 88.86144371424007 -25.233093642005713 36.43506463385256 -140.1479449898285 -264.4825000664618
370 11978.003922700882 52504882.58414957 -12.686672794078362 -47.288163888919335 -0.0919514843011342 50.49700544325921 113.07040140353824 -29.09924835303684 26.295305200231724 -145.83753366901186 -294.9044264704745
371 12009.129790067673 51891850.62946122 -33.761519839386004 -39.0006118797415 -0.09363922272889624 3.6810098629867696 83.56041775579482 -26.034730350430664 30.020247495425224 -143.77478707908853 -297.34715018018403
372 12039.649749279022 52386877.01700509 -35.154757194542654 -53.48092751999378 10.473077673693503 9.086940232828908 87.74895453837371 -28.737587606463762 36.10030108732735 -145.5483755316402 -294.4140192493014
373 12069.317059516907 54119708.29067513 -59.24772460884234 -83.99601474847323 74.149101060698 53.95660619526301 96.4532320454497 -30.579215626296218 51.72516660977578 -144.38472623627263 -267.01532982838455
374 12099.173158407211 53097177.57678711 -21.44171962298924 -26.080494035048783 17.970044307801764 40.62676522533211 88.96059918247863 -1.894032119675046 28.707387529630637 -124.46309585636976 -284.94862416078786
375 12129.77428817749 56069604.9502745 -60.37046603261316 -100.09317397251196 76.74970325352677 55.29116349318252 94.82493056414408 -19.428518278244894 58.571261325931914 -133.53644174584656 -240.4983391097893
376 12160.944571733475 52040960.94476581 -28.617108710769585 -40.380025012214205 -4.095957088161285 2.2360963515498327 86.04764337622672 -34.15228137277717 33.136207261250206 -150.03455867200938 -298.4573367201466
377 12193.066908597946 53681154.598042786 -79.1267511037862 -105.88568450126355 50.97023368831576 117.44929671081019 208.380961296029 -34.19190980678138 75.32667506408973 -148.89484902817776 -285.89308317155144
378 12224.063624382019 56222415.20963064 -38.6367029766602 -55.712963836876625 60.72180609322316 125.72093197244304 231.39081799111847 8.985497302648241 111.98332634570045 -117.07718166481413 -294.33902167806855
379 12256.181851148605 52426978.80176996 -46.810407453263814 -66.03356860053951 15.026073392999628 39.815003424474455 94.11046425321851 -29.95709719431875 41.36786034871102 -146.32694358648678 -292.54454909968035
380 12286.55076122284 53649701.49959595 -79.51509525626197 -109.8724111326379 44.54727471668893 115.56284897161323 256.11987578109307 -42.565117656634754 88.64497111382548 -156.1917539818445 -295.6591731965939
381 12318.470890045166 52313737.10505645 -6.683348216733906 -25.802231544971864 -2.5092757218752197 30.55311376935201 79.7314478601577 -16.700015121946876 15.366271965492842 -136.31395443566748 -292.8018211099168
382 12348.780185222626 54281057.53588818 -45.2364629576833 -97.97122613451145 38.4372037062237 82.23961600439966 153.30429639474806 -33.12750256092994 58.138557246212144 -147.2369387275504 -277.7367401017591
383 12378.347209692001 52763908.91675707 -69.03138712605283 -88.17943063029236 33.2913276014772 46.301379898306564 98.98744669388566 -33.30140427694033 53.95412223228436 -148.34918147460002 -287.72835185179304
384 12410.189270496368 52350175.92580735 -26.97190620083842 -41.09962096517805 8.546496495206767 36.830154059571214 87.13104653951373 -19.424453781205216 25.326592024332058 -138.21676308802984 -290.9367762386056
385 12441.14041018486 53212562.4499761 -57.56036339303174 -98.22241065295084 32.661253249744895 64.48114194193015 129.8720926975784 -41.477003831614184 61.58602375042369 -154.86501015950125 -291.6500330192256
386 12471.108798265457 52123193.14147019 -27.471171861999615 -46.19213398672395 0.6961333178872948 4.187737060318597 84.15958085304943 -32.332097426332325 30.142523573524727 -148.43551857692432 -296.7468048660023
387 12500.531014204025 52516961.529788055 -75.39026558041166 -90.30296779084334 30.283830505926744 62.74845986490983 128.3357410916758 -37.59793426443133 59.02250239408431 -152.00724477750157 -292.1065136592281
388 12531.158894062042 52404754.36322083 -43.027442602952476 -40.39348995012697 8.722029317196373 53.23874143163587 164.54874468659668 -25.899667178847892 46.67699254317904 -143.73754625627214 -297.5333407248253
389 12562.051261901855 52352510.02931102 -62.31594296204058 -75.03860165481112 19.70521177365302 12.36158058067781 94.55491524694615 -36.031889664038715 53.31715548413149 -151.1820686483606 -295.762490853233
390 12592.099095344543 52150487.90670641 -33.53978410448483 -59.38463086262863 5.190702712461437 35.07973800244987 87.4908173321881 -32.28795721048948 29.013041765689536 -148.0868231870399 -292.93588635448344
391 12622.222421169281 52083057.91469342 -14.693287509953244 -24.71176710850392 -5.165679742390047 1.6343895477656218 79.33885228500814 -18.942207833718157 21.22443998606741 -138.2967605989188 -296.5182379367875
392 12653.566149950027 52744373.98192654 -45.78855325921756 -61.676336285616394 23.422648866641175 40.699481039290745 89.76259812971234 -22.67944877638331 38.40508603991316 -140.28218465768407 -286.37866579842876
393 12684.66176199913 54155528.19360922 -9.702541060657317 -61.17660235246362 21.804396744673703 39.77368079307375 85.78755488668719 -20.211042645148723 28.013682668899605 -136.96245793639224 -271.36216615536114
394 12714.661031723022 53012900.772656165 -35.84247780058072 -68.9897497344942 19.141265992988288 58.49472790109826 121.19774078485132 -28.786137794910474 44.635852700621854 -145.34755821954417 -291.5097696976128
395 12746.087311029434 51964224.854502566 -24.74698953295895 -33.603712035117034 -1.9924493130733651 3.1639392160093394 81.6626103297737 -23.941210945391276 24.824455499888018 -142.0882322847409 -296.42218744530334
396 12776.861867427826 55021087.4551092 -65.29696058277854 -105.52156198555977 86.17560054842798 77.37327218146989 176.7454130838604 -37.3705599901607 76.82156223172467 -149.76059381773905 -269.5629347257318
397 12807.790060043335 52117055.00335344 -18.711493993128215 -37.658278581198964 -3.1652615748224306 2.933745613020733 82.10974352507579 -28.833253695581277 24.811814027660148 -145.82371161165094 -296.76685948073714
398 12838.314369916916 54840571.80812712 -52.78351327355091 -84.94883275618689 89.0386002325818 57.28502074865558 93.61680107351168 -25.433476723748242 47.56017668897039 -139.4640118088932 -254.69872496421425
399 12869.32518529892 52384581.61388383 -13.459793862352297 -32.352995584383486 1.3590378578035 33.14933801483288 82.07273308819894 -16.32173417591389 17.874749469920516 -135.85527449840572 -290.3112145466671
400 12899.272159576416 54844059.33271689 -33.13275193059481 -86.13515946451417 43.49954602092732 45.64922126202988 88.9827416098074 -25.529074575713764 40.67564723723808 -139.94412971474503 -258.8054126456143
401 12929.319264650345 52445197.77152291 -21.047707029817015 -30.07571954825968 2.008502279087274 79.94389593126483 160.86723523597374 -16.3324611056363 29.810774879992664 -136.2791788736575 -295.07792714852235
402 12958.666154384613 54735889.16136235 -16.02816165390362 -58.065037410627504 35.49354785325393 42.689860051759354 84.95566594911041 -12.163259894863529 30.756696823288166 -129.98015339676937 -261.2257238365882
403 12989.5834338665 51876331.51231994 -32.38401498901065 -33.76706115477801 -1.7722429854855548 3.9899580987701313 85.32867675617922 -25.14605041905901 29.748766273664614 -143.15795906718324 -297.6640575351854
404 13020.21533536911 52788787.219257355 -34.293218747006016 -65.16594955913078 15.677096139714862 57.96075243353687 122.21033559000252 -30.757303808189363 42.615712257959785 -147.01894041674535 -293.86925736603
405 13050.906824350357 54838028.336073905 -26.00685299321371 -62.14182167447247 39.571875989183866 44.441963487235746 87.67522150708939 -12.04068514338286 35.820753056909666 -129.7419017860613 -258.29083169670616
406 13082.177047491074 52163540.21215721 -36.52227464838107 -53.23878052494219 6.053668977063182 24.995501166550028 113.81144457450596 -30.688522664955542 33.82869138864294 -147.06455176665702 -295.2817025578472
407 13111.828276634216 53396803.3129013 -7.108415704561304 -47.14002480989802 11.283520979369015 55.809626281604665 117.43915392586716 -19.099502986233574 34.6216855491366 -137.95459184560832 -291.0210282263347
408 13142.247746229172 51903057.82002035 -18.451067342978135 -24.175480127767678 -7.885599551080652 0.8375662545477098 80.47964142491749 -22.20660303758831 21.936455811209157 -140.89865224888723 -297.5653642845328
409 13171.782176971436 54663235.325548455 -45.35153511803965 -89.10934406500573 44.45535435215922 47.84470677872672 95.11407698760101 -25.2557163524379 50.51782756194905 -140.2276399523347 -264.26167695894657
410 13201.873094558716 51863357.1331376 -10.33310886144481 -13.804964509310128 -14.022384624981385 -1.1188618164113109 80.02330229755606 -20.15515816531189 18.53809177926405 -139.49252340860318 -298.6144482030514
411 13231.66587305069 51840631.43414366 -2.2015360416059586 -7.07064736150667 -15.101357499398695 -0.9240920269086246 78.09495917626047 -16.799481914361365 11.641491884714299 -136.826539189141 -297.9527393490879
412 13261.93093419075 52378283.38195166 -14.133712263202014 -30.387541410042388 0.8732126391348842 61.79942802712685 129.80366170456588 -16.777991792961586 21.475590610265954 -136.42422203241597 -292.773096799305
413 13291.709338188171 54449575.31675932 -1.3606330432150653 -46.92095530640429 23.947201759505035 38.163658468275216 80.18791245284082 -11.066833567670926 21.2551326873903 -129.57575818058763 -264.94631280709405
414 13321.27301955223 51864731.695820086 -28.185577793238586 -33.78165315905522 -2.5682198755445853 3.19836042578288 83.32478083939708 -25.124567464447864 27.00090873480326 -143.12872364957371 -297.9834248090179
415 13352.050068855286 52117659.27262933 -23.835281552389052 -18.48031114898687 -7.238540360035607 0.7171356018572794 86.18925018480812 -25.789456878194414 31.781128791269794 -143.63678954702516 -297.50718984577986
416 13382.292304515839 52448495.89483393 -36.19012934087223 -62.30779461583644 7.998422909188619 25.89143171526011 116.04561510295852 -33.832334981812096 40.37191072658641 -149.5300400695861 -295.75683937528896
417 13412.19715642929 53388712.27208933 -13.827226203440167 -51.67069008068707 13.109192960895392 36.59635122020374 85.4303295758046 -19.53268742695508 26.854347723315186 -137.39097744345327 -281.3075985288142
418 13442.502447366714 51875378.380039625 -33.1786978064807 -40.714580193736346 0.8937500589338612 33.294625251039506 87.68128616359712 -24.982364389394604 27.97287078891054 -142.9274604438716 -296.59197156005575
419 13473.27735042572 54689793.18473267 -16.49940466461054 -58.35165988941804 34.22677852467446 42.35294434781542 83.93573107280226 -13.602545377784224 27.30674366221558 -130.8887588802852 -258.793587438429
420 13504.108766078949 52002947.26264044 -27.733106123120628 -33.40198513745464 1.0452332280681702 4.973247062544942 83.17966189241653 -21.818245958778732 25.90845550274173 -140.47802468321828 -295.45517265388764
421 13535.12134718895 51946710.89205246 -29.91729985038938 -29.872144988586882 -2.4895448577802384 3.4597779764167598 85.05085355066358 -23.30627125910894 29.69372911165715 -141.76684155221756 -297.4375674176816
422 13567.508063077927 51926122.89838755 -25.308554186264104 -29.08580944415348 -5.15600630868515 1.9353838651334314 83.28851479360647 -23.737001814475775 27.8094194244469 -142.16169091152136 -298.4673974592008
423 13598.6940908432 51892522.21893687 -20.4434905484196 -43.1988800595106 -7.753695641246544 19.507742258927124 109.8962950387841 -37.533186785858334 23.476196626067463 -152.44480018888248 -297.0315981652333
424 13629.566022157669 51959038.81616895 -1.008419095366305 -9.942311198658807 -13.589784240354568 -0.4522245176511177 77.51204309681552 -15.865401475009492 12.069714117912099 -136.1154945365817 -297.17433542389915
425 13660.821238994598 51853521.06149469 -7.6707335397484435 -2.7229570307435447 -19.04321951777466 -3.6430496005872754 81.50748898996609 -21.656185845132256 20.395727236395828 -140.75178002678325 -299.9458107323832
426 13691.350694179535 51827283.409431204 -5.244529822764619 -9.081219861804295 -19.74884902308475 -4.185937158499428 79.138128515392 -23.938907206648423 17.615972815404803 -142.37012119722192 -299.76243353563393
427 13721.997698307037 51875404.776095964 -19.42652447985082 -32.60100694360255 -3.8564514724524344 31.23040795657799 82.85245383515701 -23.085475366346827 17.418425479777397 -141.25599592168857 -294.86903128508993
428 13752.17896604538 53443801.49057971 -9.408764889094712 -47.02184119098063 12.90157650068447 36.37458616229807 83.6231957886043 -16.99363825535636 22.34426819977398 -135.29642574994085 -278.8133176438769
429 13782.662767887115 52073142.83541566 -17.355278693946502 -10.209393525709329 -13.002491660592284 -1.7813192356352516 84.59263164024141 -24.36767782371294 29.033238465472664 -142.61353556756018 -298.5727350714012
430 13813.127253055573 51996612.9927689 -29.321511020672308 -32.32506309236013 -0.6003797134878823 4.406935600396665 85.03885815013024 -22.831519937980545 29.63076377943503 -141.3689253260115 -297.38300905006327
431 13843.262759923935 51993283.00672631 -20.06791383438062 -26.355143057480305 -4.41445860773505 2.671190176531425 81.46824236777344 -20.51981646025365 22.845004807150758 -139.5035797824512 -296.5503372078311
432 13874.709824323654 52072220.145380594 -35.59522229340874 -32.25024527369856 -0.2023490980531335 22.388678145254133 116.21990766901249 -24.034052902506005 37.165989477049266 -142.36679081670513 -298.59253576277536
433 13904.935771226883 52712728.30069711 -2.500949485489304 -6.443759841672545 -18.99203869931145 13.947843601500225 115.64101980854463 -34.81436220680456 33.55442774311405 -150.27897076444208 -295.474950424064
434 13935.72014451027 53929379.51806666 -18.81223034096004 -24.230849642759246 50.02234689222013 15.489329675801429 85.53343423434221 -14.81282126843331 31.511668453461766 -132.88505766958247 -270.6396162967179
435 13966.084217786789 52111825.17482189 -20.974546282801306 -29.492248907959876 -2.015769721325732 32.24143375759749 85.83827002884459 -19.236401088383047 23.80209721786332 -138.49975956871396 -295.2501940313874
436 13996.847985744476 51896836.77756686 -35.295102065319426 -42.634393660310536 1.4162716195338731 33.35767267098532 87.93560674969208 -25.983941959106744 28.805363620050116 -143.55021111273368 -295.90177369353154
437 14027.032163381577 51866465.811401114 -23.543148757978987 -23.415446923067222 -7.348390159471968 1.3996620067070609 83.71578636549691 -23.584317729298277 26.243797314661265 -142.06354927520835 -298.71605404953567
438 14057.404040575027 52035835.26452847 -15.632450295354856 -24.478296600668116 -6.494870591958673 1.543537436644499 80.5704431519749 -20.482868260256282 21.92062354090183 -139.51492934020888 -296.9275549627172
439 14087.899550676346 51977789.97586145 -20.921767887634743 -24.685293028947214 -3.1029818730829035 4.197063811504222 83.13411945060714 -17.939425304654492 23.312223598504943 -137.65727926671542 -296.79157641688255
440 14118.941987514496 53507744.455025904 -28.289174773829107 -60.39125399252684 19.91402623214728 40.18330305693324 91.26127906071946 -20.08504700622194 37.19023488444225 -137.74943402345656 -280.8023686417948
441 14149.659832239151 52028458.187403746 -9.75577266904926 -12.275981792161174 -11.141183416955165 -0.0937238728372023 81.04117069773844 -18.0358602971873 20.89706989727904 -137.8421915683408 -298.3530166171797
442 14179.787648916245 53224758.34442502 -3.008380134924783 -37.75025725433324 6.19653325115479 34.31323836752415 83.98758429598723 -15.098285468902077 22.174969286864894 -134.44777772771624 -285.5069415505608
443 14210.869125127792 52084126.36770571 -23.72227596667448 -32.35543285206062 -0.6705482799422242 4.613559331253626 83.27146755729346 -20.941309510658755 25.863968147786295 -139.79217311171612 -296.01898630677374
444 14241.8461830616 54161275.496732555 -7.851576901038978 -25.974515521186884 56.13763953793562 15.669907322368715 78.8948668857115 -11.586118157531132 22.00926590236827 -129.92742716063685 -265.36331719027237
445 14272.692384243011 51982554.68993873 -12.186452308016756 -18.773590587758925 -9.003092085990374 0.9227646731350774 80.5077692137692 -19.242003832572777 19.834925960124792 -138.63386835960176 -297.6897145718055
446 14303.120679616928 52230110.337204516 -9.480906100609538 -17.75286231455292 -5.843687701480988 19.70947998500865 107.77966501552477 -14.866081550302738 21.61154227467557 -135.25895714080792 -296.9907503351593
447 14334.066127538681 51973227.015454404 -5.272670629264871 -11.474425279719364 -13.616475694451474 -1.3920974608795262 79.17185302146845 -18.62135089184261 17.971874978078404 -138.30439649280044 -299.02643935198523
448 14366.419847011566 52076073.93479823 -30.801601731634324 -33.68297834759265 0.2831548058222282 21.700512286652682 112.43596277383197 -23.877247883461678 32.24486901902196 -142.12158182501378 -297.3822929093566
449 14398.012485742569 52888970.77077525 -11.607480816337661 -39.56046480740353 2.418378435061186 23.34706938338246 115.13839216882383 -25.240561193701524 38.025308891270925 -143.2441657674578 -298.21368950929605
450 14429.49849820137 52048541.733188644 -35.27789441256547 -39.846126386931225 3.4296785122280937 6.085673514652228 85.99872204930884 -23.20218299562316 32.555443128292836 -141.53833901310742 -296.3797547574205
451 14461.472205162048 52029018.52503892 -11.82821244641987 -19.379316648949573 -7.809540967347033 1.365333237002389 80.4814931252093 -18.8858679530652 19.932681905129584 -138.3528208416883 -297.3821751233012
452 14493.62222647667 53539483.77848248 -5.0196857182787085 -42.44820849948048 10.684016544819166 35.723580980621875 83.86291280405885 -14.650102171196068 23.178742851347465 -133.58108982844084 -280.06909464830625
453 14526.360091686249 52335422.3547127 -6.063123210652694 -16.56757964051119 -6.2178017149332305 30.363740591934658 125.82514485499163 -13.750760542352111 21.759414606192195 -134.4660340168981 -297.01526846078934
454 14559.631411075592 52132691.335148975 -2.124055436566584 -13.915996962900913 -11.117098401708354 28.694787678894386 124.03593426579674 -16.161901655849533 16.089797769791403 -136.31424667329878 -297.2812367654067
455 14591.938901424408 52653518.86408813 -33.03794198116666 -53.350817515873764 7.540335971612578 24.958984558560758 118.6728827964289 -33.596674840585024 45.956202235440855 -149.46183400851868 -297.7333505310015
456 14623.104741811752 54021755.94274478 -31.223261684931693 -42.528124994210025 60.592456498639905 18.720866178029567 85.66647304145332 -17.406373760749943 36.245096891445996 -134.58216080444458 -268.14706292413507
457 14654.614199638367 52065999.99270428 -40.945654990949706 -45.830927032461574 5.531697594168101 6.165812890576561 86.68406744559601 -27.016575179242977 36.28892356904271 -144.46129242754466 -296.2362163986529
458 14687.02506518364 52015315.33474496 -9.659752498812761 -16.71716168748016 -9.555131682216839 1.0993969706326538 80.6556898244641 -17.61974695526345 19.265400275370894 -137.44151189050166 -297.8731578185849
459 14719.737255096436 52219054.6662452 -9.686814219010516 -26.363564152137766 -4.096318610919042 30.946856147045395 81.51141748707848 -16.709997922301113 16.63492169666563 -136.40622732857878 -293.42208959873903
460 14751.60735988617 56486465.69578931 -24.115082778051637 -66.4082393702057 96.77910629062029 86.33734989881265 136.56235479692128 -6.785998516583277 45.89138851951088 -124.07775204349161 -240.10332580120775
461 14784.049530506134 52108073.985876895 -32.87386213738447 -38.957005463986455 4.354869400244809 6.094448226325568 85.06235566701412 -23.362716954206235 31.198253023775123 -141.58182925005138 -295.7004142176928
462 14815.74696445465 52155143.09516845 -21.425746773246 -27.6495666779052 0.034806987941884415 22.31787143819745 109.96695085023524 -18.059575003677878 25.289530435750976 -137.59612607236375 -295.76045199999845
463 14846.716044425964 52080016.68245769 -31.488308902456886 -35.99374920446322 1.8679449211547094 5.114366976930967 85.40274406103981 -23.10577400698645 31.57558430060942 -141.5173704335852 -296.69393272289506
464 14879.126757860184 52001548.51481961 -35.10636714354687 -39.94709607252163 2.325985719708733 22.975678593272022 112.39724653699322 -24.146924742154567 31.933388711015255 -142.26086133327266 -296.75044856234433
465 14911.815953731537 51920647.7735009 -25.79690894957292 -30.487610079959886 -3.4610558122716384 3.2739044173587217 83.90246670733912 -23.7677932998796 26.622315399927743 -142.03951400679307 -297.680393346735
466 14944.666357755661 54335033.37093052 -27.260962984792705 -47.96391033813071 67.92567940427546 50.520560066093296 88.04358658164323 -13.52013895538488 31.50378944851775 -131.1118180605332 -262.1726050691005
467 14977.65017914772 51987732.7264027 -13.745933151833217 -21.568772317819622 -7.414811779994423 1.5808676588930268 80.42810492317483 -19.013290762212705 20.39635615610905 -138.49592210884828 -297.6348838017145
468 15011.963281393051 51982325.83142344 -0.46997586906156386 -6.519514622441876 -14.596694755833902 -1.069863751129276 78.82294963390825 -16.185433654413202 14.657841797482206 -136.43038747063775 -298.8005298427191
469 15045.194036483765 53011834.73427099 -47.07902034364195 -76.92941686065095 22.92464623453354 60.42935308172156 125.39518953254391 -31.876836891066944 52.67120125399629 -147.7256687913461 -292.3230732427777
470 15077.493377447128 52663994.7816036 -28.37707018812695 -57.511288937331464 8.925825067847903 26.016249621838583 115.06504258879795 -30.959289829116244 38.84138907209547 -147.28632619969943 -295.05957693709513
471 15109.22228217125 52795961.30760966 -31.542825175281266 -61.12173153432048 12.034187575740354 56.31215009491277 122.1244715536867 -30.17815784128868 43.61083389637383 -146.70706952138352 -295.4222206906086
472 15141.78910112381 52168031.71086703 -40.41940092641534 -47.588889325766516 8.00027821753772 36.23982751752668 91.31681144560267 -24.934185880118605 35.815398017842085 -142.65644757629758 -295.0273379148389
473 15177.464103937149 52091993.4556054 -19.083025286844414 -27.833298767522642 -2.480302440229835 3.9641088904324846 81.63521515766065 -18.782083577179435 22.28188276962237 -138.1151633344125 -295.2338150040083
474 15211.857292175293 56034232.07700908 -1.6536067471862683 -15.002027667684173 36.99018613966177 40.643081834797556 145.72573291094494 15.194715039375978 93.05879751183761 -112.72532020488165 -297.67530413214604
475 15244.264281511307 56036010.878591456 -16.36948451873348 -32.61473969333856 46.4239455253263 45.04078614277143 148.08817964103602 13.684360337582575 98.51959593453842 -113.75054129662203 -296.2299292953959
476 15279.025505304337 54200130.797360905 -27.57386466656999 -43.64791312522645 64.31683996490781 48.537936994254906 88.89288083723345 -15.268275700356696 34.03230515876737 -132.78290237449022 -265.6758710822479
477 15310.887988328934 55873515.35669032 -9.410500314030212 -19.592597531910922 38.33896336491645 42.48536192297641 148.55829510521735 13.186718409956484 94.9144240678753 -114.25688269964496 -298.21173558939955
478 15342.26894235611 52025263.75154466 -2.6306144862498186 -10.87379632559871 -12.577971233620488 -0.1548852539801544 78.79049458176641 -16.549286355032564 14.932544726381593 -136.5805436712307 -297.6135871246054
479 15374.937855958939 52087348.82801322 -33.67019053713979 -40.011058824192276 5.18909022865725 35.820986157224866 90.1858370811365 -22.45854292324634 30.2665198458418 -140.8760430964374 -295.10487426682323
480 15409.510740995407 52024823.56754543 -22.543624945130013 -21.980947168301626 -6.355491975789349 2.1391833665335724 85.33038293521186 -22.483623852556036 28.664748983618097 -141.20812762953267 -298.4549650035003
481 15442.634629487991 52683374.496611446 -37.42010726648627 -49.524599935183986 3.1011838923014423 23.871591632733114 123.47765030946519 -36.775152041871024 52.966564106286 -151.95475437139322 -298.87167238348866
482 15475.795910358429 52027473.3521524 -16.629962574363212 -19.062966578499875 -6.302953190079876 2.148126756141494 82.56417422929631 -19.680488053283568 23.095370951974928 -138.96651201394235 -297.34674103563316
483 15510.153616189957 52153588.918159336 -10.903160615376073 -14.682665307825708 -8.905848833062514 29.66468052808763 127.94353404216953 -17.723096956561392 23.43120305985599 -137.5577522045071 -297.9738237058119
484 15544.57481098175 52256483.338479765 -22.9854541333179 -40.253618235436335 0.04793558346401028 5.35289580985031 85.94508575854033 -26.865057996262976 30.509796390017527 -144.34595074524776 -297.069080843437
485 15578.667069673538 52117748.2717877 -13.122912959452258 -27.328292495729087 -8.539617057750533 1.7902380546281336 83.63319182188636 -26.326021470052467 24.70563242764365 -144.12846651609533 -298.3591844730484
486 15612.889956712723 53978666.24494327 -19.031834834929413 -30.220761278732738 54.15652175397062 17.211801489428765 83.97955194735793 -13.875381992597681 28.49703082615565 -131.96167320462786 -268.27702493549737
487 15645.705535650253 52270144.06072561 -19.410411723283445 -40.32989268082892 -0.9273238903665586 4.709425613205838 84.15717828125088 -26.82158481837297 28.002147500888668 -144.2727568456786 -296.73645486489306
488 15678.16776061058 52050005.60584726 -5.692203544652882 -16.251050560987082 -9.547033993743916 0.47354124023301836 77.6841655831249 -16.862322538442072 15.328527351664889 -136.7609933038379 -296.4273783725944
489 15711.100784778595 51933372.78855896 -18.862801356312733 -29.21615026198588 -4.652125023243556 2.863841883424996 80.53642339816713 -21.05769623178395 20.51965134704676 -139.9215673441401 -296.4000883457097
490 15744.620190620422 52211538.02819256 -18.413913680529433 -26.289568411566997 0.4345006877491855 33.79168487565562 128.716065356431 -17.232468935986333 24.62175349869142 -137.02750652117078 -295.7173695266912
491 15777.762305021286 51888530.36400712 -7.005530159489773 -6.927533832011301 -16.50486251491322 -1.7366305045792814 81.42186825864057 -19.731990746295082 18.81983667135978 -139.13194137006087 -299.4015110299191
492 15812.024972438812 52036138.8207772 -10.43218071946038 -12.935002448890485 -10.916895461726973 0.7362688256641974 82.38081853179604 -18.729887417910334 21.01861344019494 -138.29502341929646 -298.01241188109
493 15845.802563428879 51791273.25078233 -6.429506848305088 -12.967857862902257 -15.889962192444052 -1.780711195697151 78.45982192060337 -20.42407358955097 14.62152122436828 -139.61327311095232 -298.71001009985815
494 15878.269344091415 51840820.576464124 -3.2779092171735122 -8.521072297560256 -16.569180271318594 -2.2184070757626557 78.31662636224594 -19.37523779794776 14.34492057011289 -138.93479994117462 -298.9767928967075
495 15910.649520158768 52026493.36993321 -15.204771786782642 -22.804550372220632 -5.610711776499912 2.4011282486642074 80.97345113568016 -19.18284936819299 20.846526396108516 -138.53588241676323 -296.69437044485124
496 15943.959476947784 51993634.38379411 -5.455149723405899 -11.682253862318344 -12.368407094800347 -0.3178955689960361 79.7450918788781 -18.39709616282221 16.84336187217798 -138.05755041655203 -298.02372075749633
497 15976.20399570465 55507975.59647279 -24.425785567514147 -35.68743799039802 40.60340305563043 44.12951211982835 150.0933307397208 5.690028110317883 96.39011946724315 -119.88014120790268 -298.1922910926559
498 16009.342475652695 52027917.156585105 -0.4999388012086161 -9.525002563832663 -13.43604870608526 -0.7997692254014055 77.66889853434219 -16.161290503304258 13.45548264809031 -136.3222577895733 -297.3437504233619
499 16042.109071493149 52008105.48064127 -24.408741528685233 -28.200804434234406 -3.6869492364718823 3.0586256367426046 84.05752384098346 -22.969115667198025 27.60729473124661 -141.44148195839517 -297.66152160897434
500 16074.69124341011 51982192.18461042 -13.148606233107282 -21.086489879831117 -6.146751082102526 2.527654631951407 79.80684967759404 -17.99583815484533 17.28865258133476 -137.55026373706784 -295.79207752143793
501 16109.540926456451 51939777.010800526 -0.16767877568155853 -8.554118984535085 -14.391390956823408 -1.5047230782083005 76.75442544089472 -16.745067918656105 12.018312976814059 -136.75202051463094 -297.8692333949167
502 16141.756590604782 57991856.81872161 -21.56347300223048 -45.22946807129246 111.83957687590699 60.22825717297984 149.0729574499068 16.30823194537038 103.80989083344753 -108.89531231174561 -264.93514035930383
503 16174.873600244522 52035105.142851494 -20.804142884964108 -31.559698447465756 -1.854754403759351 32.01928386120332 84.3339037482356 -21.11956381187298 21.014305034908716 -139.849916000095 -294.41315669178533
504 16208.101617097855 52677401.96405156 -26.012683578360413 -50.703312575240545 5.2859587635209095 24.297388335788526 116.57838312131211 -30.690756008307346 41.82293474264543 -147.2820554458724 -297.7735711060084
505 16242.37456035614 54688825.30510865 -25.577921313506216 -59.6910757562608 69.25726049930294 39.34295562335521 116.06569585784625 -25.249490292038104 43.555550598269974 -140.26210657548842 -265.56408990215164
506 16275.394226551056 57794234.33261701 -28.68891051054431 -49.254254534873866 112.3713822588839 60.20129755645819 150.1390959696847 10.76551123303193 103.87952692004421 -112.966040457122 -264.0104989608254
507 16309.199088811874 52693728.76763257 -38.1250023883701 -62.67279935245754 11.904547094399355 27.65006565081177 119.8274457427386 -32.844519564874815 47.6008889353792 -148.85177379256805 -296.68697214140946
508 16341.838520050049 55444193.84478174 -26.9734584172093 -42.57122040403108 41.58407903499253 43.7576103737743 148.60552534801297 2.5643474579122767 96.22926061492706 -122.26930783627643 -298.1752714731664
509 16374.162903547287 54193415.15759228 -6.310710542819475 -25.95764628189186 54.28561579176314 15.739726446734608 79.00170336010996 -11.025901190133595 21.701242211316867 -129.5571111324321 -265.6278347344444
510 16405.876594543457 51956670.53345491 -10.588356479602162 -15.939180620122974 -10.468312491099695 0.4006127410508924 80.49805392676721 -19.467345944135445 19.01893008241109 -138.86108935270988 -297.89542719557033
511 16439.368362426758 51822951.27380272 -7.952338795868636 -10.352259209862781 -14.431921878441436 -1.1198347297499538 79.79145165166013 -19.77376963866169 16.287480549040197 -139.18703197544437 -298.70895874074154
512 16472.01572203636 52201698.22103188 -21.101797329969525 -39.71116644023434 -0.20108760957216987 22.723134869793896 111.59435603611983 -26.538302121660934 27.806640111366733 -144.05982933976338 -296.8748174144673
513 16503.941903352737 51990726.20738739 -4.752401440725205 -16.62652069759549 -9.99668887843422 0.10597311766909456 76.8817143416265 -17.410965519064405 13.724735355567873 -137.23568872201997 -296.63380817428555
514 16536.184016942978 52028387.0604995 -10.734835108393355 -11.795163507820774 -10.869716867534592 0.14912023225473092 81.8819981085441 -18.975814260454285 21.241085520914908 -138.47456986568648 -298.0920424237356
515 16569.602488040924 51894503.63633148 -11.36173641622964 -15.00474987265699 -12.61010088680564 -0.20017308167311398 81.27457333229167 -20.69566474462283 19.55924820487678 -139.8470196688935 -298.5572592234596
516 16601.43160533905 52156919.224981606 -19.297246265142746 -31.993189487132053 -6.209535521271796 20.13405316060937 113.22483107164788 -28.24887111366138 30.651737191512666 -145.63085456754908 -299.2702326628008
517 16633.348616361618 52012913.353174314 -11.583410363434387 -19.761131355014733 -8.749512253868616 0.9486737763187421 79.77857919071477 -18.98866957716234 19.20961152349571 -138.41647319950704 -297.0318259119662
518 16665.709505319595 51944954.020998955 -14.722083744714169 -21.05403187392701 -7.848321443313097 1.7288739031054945 80.74912733174025 -19.767343651594956 19.61307773245153 -138.97748956736228 -297.0534317355229
519 16698.436737060547 54083027.385543145 -10.98739475482716 -16.69077802580925 51.77045930988314 13.51206896942324 82.64131676029561 -16.184658365864095 26.319249707211952 -133.48356304846192 -266.2088194524535
520 16730.542766571045 51945295.804025784 -23.009941563229695 -28.683130012447567 -4.4814061250918655 2.9227478258234783 82.1197626799416 -21.726069323202125 23.643802193867714 -140.43339855599845 -296.35666878813475
521 16764.294842481613 54202715.51211592 -39.07961496490796 -55.02124994373685 71.44543197488169 51.06957467335258 90.0937419179936 -17.533154370139698 37.39010698785387 -134.20780780141797 -263.30550155041306
522 16796.421579122543 52340290.473525606 -22.15944970702099 -42.44703221156701 -3.9143686245775626 21.283400444400257 115.89287664826756 -33.838182380260434 36.45425210323617 -149.83519277476393 -299.44002519507137
523 16829.645541906357 51986781.3308018 -4.476748267558891 -13.177441220862427 -12.826695213554366 -0.9036215915769787 78.03344390991775 -18.58273392194809 15.19992691406776 -138.16058070709897 -297.2091344918207
524 16862.37253689766 53998068.74155209 -15.00530846788298 -32.318297151550674 52.398103883803785 15.587828009702733 80.3362463855789 -13.88096105579126 26.238763214300434 -131.98813762438328 -268.56188812058156
525 16894.63159584999 52107513.20773255 -19.358292412218738 -32.67400586582979 -0.7310029342386031 32.71214011483646 84.25422144352149 -19.588107601394427 20.678024059833547 -138.56913458608585 -293.9908604617816
526 16926.545429229736 51906217.37136292 -9.988405517940402 -20.27191441792671 -9.944956359560202 0.5957118678714153 78.62976350945118 -19.865189346568116 16.08462454401092 -139.03326688100168 -297.2100647583959
527 16958.879383325577 51985590.298143655 -18.91490763548366 -26.537815255190562 -5.011348742887492 2.095363420473845 81.28652303880716 -21.863004065781354 22.895159048563755 -140.5626304653607 -297.0876447008674
528 16992.026743412018 51952250.20882841 -13.15260492806352 -22.088119358435303 -7.521150101490896 1.102326020333777 79.28685192371799 -19.73835490716425 18.93565547357025 -139.03812920487417 -297.32578036342267
529 17024.686185121536 53961944.892645344 -19.07346920752228 -35.695448692360046 53.92807165828645 16.28299782091534 81.87732894724073 -16.320318934521993 28.175331130531504 -133.83173857752126 -268.4148117980881
530 17058.093785762787 51864955.56632691 -9.50563096523099 -16.6352144559781 -11.989510711880257 -0.17087442669858888 79.16091595377074 -20.027806477260413 16.477436451028552 -139.25852980648682 -297.9419956859132
531 17091.09454345703 54079172.95311486 -16.542159289119507 -34.42910675895494 56.88957734735758 16.515316722692617 80.70274559058583 -14.791221140937523 26.98124947639394 -132.52086277298451 -266.7837241221316
532 17125.23644566536 51855092.244601965 -14.136885610097314 -20.020457998712953 -9.308613572408632 0.6125990389802922 79.69612075957805 -21.10004096940935 18.049393946853797 -140.02901490471402 -297.33847126263527
533 17157.624792575836 55477367.89874546 -32.05546602769827 -47.61427761529646 46.64038104674371 46.202209587345564 150.01007813465841 2.586275714891883 97.5570048329356 -122.13640817142408 -296.72356528957096
534 17191.38686966896 51905204.11846551 -20.184914856127826 -27.834084783941915 -4.188952067377855 2.6161044840582974 80.86999188077331 -22.019692981451215 21.040942530147845 -140.60232102090015 -296.61013737946155
535 17223.688009023666 55643133.60728208 -34.54624998314868 -55.49460208870234 51.80817457801817 76.63981595321361 153.84034957709488 3.577735467703519 98.395547792093 -121.08238308716165 -294.19182341549134
536 17255.36312198639 51825795.929860316 -7.8442950359516495 -13.001068556688338 -15.501394019482284 -1.6407308749731726 79.29012280664483 -20.956487877487973 16.4286891943741 -140.05703345809656 -298.73968627906936
537 17287.51677274704 51936220.51624415 -18.432937482518543 -21.64005446129235 -6.706167440966986 1.7791186547887463 81.93952985218685 -21.50431869726225 22.161240674572696 -140.34647496803046 -297.23851804696596
538 17319.361018419266 52131068.15622375 -18.201957818596615 -32.73595989461889 -7.863381342557851 19.194802566071985 112.0091468343187 -29.372336562890553 29.275041246627893 -146.39467302828854 -299.2010929612037
539 17351.2971906662 51787139.35609134 -1.933526649847348 -7.594075660088371 -17.89796263115199 -2.5716017053124176 77.79210853304511 -19.5663633933155 12.38724672593571 -138.93460090770355 -299.1014014126823
540 17383.268440485 55244379.12982267 -14.039390147314222 -21.589886544549206 64.63662668329026 38.607323823937605 121.20792983097252 -2.0922280579600283 54.18993611372741 -123.28623749720185 -270.74370909840286
541 17414.070083618164 52224139.02137582 -19.6460359175132 -33.50633600634025 -5.705008251950929 20.328268513684108 112.80709534964652 -27.939306097565122 30.691524099962862 -145.3143738620924 -298.22930963035014
542 17444.696488142014 51889033.5156165 -16.673957290854457 -24.942929092848036 -8.003595013847011 1.3444667919578137 79.66844448334425 -20.892918143561587 19.127588704203276 -139.81626770215985 -296.7216152982015
543 17476.08934569359 52026976.40720086 -3.2861978722302254 -15.982108063918957 -11.267679862372795 -0.3299759410137 76.50485462732593 -17.569760987128802 12.932294734255493 -137.1882422728516 -296.0819652083596
544 17506.71142578125 52828643.25313366 -49.01143073550027 -70.36685865233878 17.914783678320994 29.574844375990864 122.81746862795526 -34.225344175598764 55.98605318937268 -149.82036940528485 -296.2340443306719
545 17537.508220911026 51973895.511083506 -10.693601665738907 -18.196371508188214 -9.305687231226685 0.27019391038517426 79.33781372403132 -19.72988719984579 18.78166361161084 -139.06524338737012 -297.7161910114336
546 17568.305293798447 51885554.30951214 -10.460598508531602 -18.51202574461006 -10.126258130104588 0.3594245422745814 78.12876699464226 -19.56564996646364 14.946251326989795 -138.72748021332097 -296.2379472027888
547 17599.468364715576 52023892.75036164 -13.792439498714277 -25.0849788395923 -4.975450063815408 31.439759759032313 83.741269032761 -18.732578936514813 17.366456093718966 -138.0083753102037 -295.02745497056867
548 17629.918143749237 51902338.136480205 -5.435325916605379 -16.024191839338574 -12.467126160574082 -0.8578655595120352 77.63940835375057 -19.22684670132662 15.110373183392198 -138.66138219723075 -298.5429735634747
549 17661.191770792007 51821570.39684322 -2.6512284839683318 -6.741575286075366 -18.272028454462877 -3.099413909548133 77.91818692145898 -19.93666101693418 13.914748788251813 -139.2686016605224 -298.9471047241084
550 17691.949893712997 52125273.92981976 -19.214189067624897 -40.69798871329581 -5.089765543921153 19.635930891171753 109.21641712989837 -30.514174014702235 26.838735960342206 -147.14176984115335 -297.4472029003813
551 17723.063250541687 51864738.52908523 -12.634206737123424 -17.815483305614578 -10.903910552134931 -0.16579873285932933 79.65907701540843 -21.483374840555257 18.15200323198212 -140.34999923446486 -297.6584125194954
552 17755.47378730774 52064676.42719349 -6.426643129435906 -19.312774293988305 -8.729183860958372 29.72821922529387 81.67882146701693 -16.854679755757275 14.020555502476896 -136.66170083919945 -294.99608039903114
553 17787.49495625496 55447918.95137066 -10.60816245949557 -31.876889229816825 35.8765255664839 41.858834453934506 143.4944476895944 7.271094059699408 84.36136372340195 -118.58018780754088 -296.654671220044
554 17819.04013133049 54208641.5179574 -21.79701322807385 -43.34922365028617 58.62993832592261 35.3093601772143 113.08606891543455 -22.755221296431216 35.426936875586875 -138.60513720385842 -267.96105135840855
555 17850.235200881958 54124152.251597725 -17.132613471208394 -28.167130644122985 56.772309726564686 15.682572736409469 82.44818465062296 -15.843432012125504 29.020882815954224 -133.205795590639 -266.0130822044141
556 17881.086892604828 51904193.306379005 -9.492254507754849 -14.834543146501446 -11.946835426137163 -0.5237906500890972 79.28948586655929 -19.900116842327463 17.434100832584022 -139.1984361545198 -298.02524358080206
557 17912.064722061157 51988896.602656946 -0.34112883536390726 -6.228627599431385 -15.739991900887446 -2.8020443532084442 77.36559422478805 -18.14831644871731 14.905633303135687 -137.93485376835304 -298.6874605276197
558 17944.165817022324 52075920.63600964 -14.66397526150844 -28.006363889083126 -4.546143210030223 30.732341409911243 83.39537479007019 -19.76983648744914 20.079702297951258 -138.89022623280044 -295.81015864054353
559 17976.85331916809 51874833.00281971 -11.708345271601386 -22.55326244632292 -9.488640603887347 0.32011483243046257 78.12975821742026 -20.934464817262153 16.571427024069294 -139.92587062637074 -297.32453678545164
560 18008.282194375992 52603405.37520851 -17.726537872329036 -41.161492176639214 -1.3601248117076352 21.78886679725275 115.33544088013197 -29.98490796574754 37.880836539143274 -146.92050442514352 -298.9207595994045
561 18040.46366262436 51830800.205726415 -5.322369291751789 -7.945565565743482 -16.34083722728075 -2.5028654506766514 78.55297806841202 -20.677609117219674 15.09749280840606 -139.81306698842866 -298.4840265322735
562 18070.86216378212 52704826.623288095 -35.23953411107549 -54.661877821599745 7.756223779582633 25.475305790846846 120.58975701202455 -33.41533344861034 49.19101801165857 -149.35569057960083 -298.1700878471088
563 18102.433811187744 51874482.195114866 -9.48938591858017 -16.01038102699679 -12.334293611437609 -0.7396273448910193 78.84829753047569 -20.2996601160786 17.06714984439259 -139.5273089120559 -298.082223174376
564 18132.69574046135 51987665.06374327 -14.882640343060368 -21.65926511836907 -7.864132090143116 0.6116712878917667 80.30037320105339 -21.077776918644645 21.766651808480106 -140.05848995791604 -297.80390614100986
565 18163.84293961525 51823528.701163545 -9.049761445033887 -14.993106726989353 -12.715076518407152 -0.7458538293990387 78.62770211496448 -20.306280487822733 15.57824394434408 -139.49775471020604 -297.97233184485833
566 18195.206485033035 51902243.942685276 -18.182126349421566 -22.513114622512155 -7.452667965217202 1.2386747795460593 81.23882098712919 -21.77874494324186 21.76895410536588 -140.55449575467173 -297.6013907370292
567 18226.466460227966 51832577.06812889 -3.101285657123313 -7.412465147877247 -16.632134579526706 -2.470605649088583 77.62654021307063 -19.847272300565237 12.791010502194126 -139.06959022451485 -298.00551498314223
568 18257.32629585266 54200424.34301494 -18.588492630272192 -29.80356490003679 61.22962214989967 16.86383692304763 82.09131985877144 -14.710094522792474 28.413496876945487 -132.14629657363832 -263.89690749810273
569 18288.41524028778 51828215.96540313 -12.148841634739911 -11.701649486706142 -14.261160165661977 -1.6308665673281837 80.97042429797246 -23.005830560489755 19.690882649130458 -141.58451124351387 -298.7455184159036
570 18319.3450653553 51914209.29832303 -5.351179705257605 -14.551026427137764 -12.078268613952247 -0.2887555328747595 77.57780529290258 -17.765698587838642 13.888743395071174 -137.5839572812901 -297.385150691464
571 18350.43784070015 51912149.20596923 -11.75497770588764 -15.74222724226511 -10.690904912602264 0.07658506832839862 80.19856348338938 -20.30337379814239 18.693258512636476 -139.46920090526993 -297.66362452853497
572 18381.893792629242 51956136.18252751 -5.604337161333941 -12.818184268998328 -12.238409306249032 -0.9582496146490627 78.03699889707349 -18.862049471901287 15.577049473876968 -138.3842055543417 -297.72829855668533
573 18413.466979265213 51830977.8554803 -1.9698845623021484 -1.0516622746986322 -19.586854387674443 -3.8218721076526094 78.79653054933515 -20.884621859343326 14.165410855258642 -139.9845403125134 -298.61235549091833
574 18443.89568209648 51863038.16264166 -2.0851046958626718 -8.731321470866579 -16.169446953628018 -2.0544632632412316 77.27711465014171 -19.305471687348643 11.959902539691768 -138.63595486963538 -297.5533786098753
575 18474.743330955505 51882119.94199758 -10.413951993261835 -15.320643267236484 -12.28605432671035 -0.3221470729514522 80.04843480540333 -20.377844780052612 18.029751808897913 -139.54664851482164 -298.2068389340644
576 18507.098298072815 53544804.578042954 -5.708417250715964 -44.3439494431812 12.553146408303625 36.407325094010545 82.94242091903425 -15.469530877773252 20.480980878032597 -133.96961966316297 -277.5859090359801
577 18538.679663181305 55388363.741023526 -14.424345257995167 -27.4658526642214 35.58364920378135 42.02402711509751 146.4590365976346 6.484461267620873 87.6828500093103 -119.24837790560133 -297.863003082941
578 18570.23091650009 51879532.908955626 -17.496084232626508 -21.669219071113783 -8.807539961325226 0.9102264792955879 81.62331487109483 -22.608771754679083 21.760553586045944 -141.21998944631503 -297.9459234376368
579 18601.23902273178 53846653.690506235 -12.523938943585172 -23.721109794066898 47.99381143254358 13.185916283126545 80.79277867801405 -16.37694515636582 24.971261428206162 -133.93803046827855 -269.7859963087335
580 18631.930832624435 51866238.49215582 -8.195511301858845 -15.575055161139442 -11.557158848428337 -0.18106673177592825 78.26522805040699 -19.745446480643466 14.612914941978943 -139.0437422144194 -297.23008983683894
581 18662.73341870308 51877380.881795466 -7.71416636410623 -8.654940591426538 -15.30722943786484 -2.069911356404745 79.88750616461266 -21.660603978793404 17.255585772237964 -140.52619660995663 -298.0240201468854
582 18693.56035065651 54066255.76628335 -7.418342584523552 -14.220041329481607 50.08206735457368 12.425113869029573 80.69020601317733 -15.501525969997317 23.51259768956038 -132.93357815860867 -265.90245194943225
583 18724.55188560486 51868311.650204204 -9.305719692326239 -11.133818435443061 -13.523448042486756 -0.9858996972502467 80.06805051820814 -20.857762715040792 17.261302091523135 -139.8954708667739 -298.0227670553418
584 18757.188269853592 51807039.610251755 -5.201718585732085 -8.342036708026797 -15.958994828177097 -1.8390353325565059 78.94591859986747 -20.042178887978764 14.55180056200777 -139.36115104618762 -298.8092603306019
585 18788.142931461334 55474753.56245583 -28.08935332414183 -41.80085790476599 43.7983440570509 45.44042051158023 149.89209880386176 3.837636128997815 95.90775769434697 -121.17976882062743 -297.15226292354924
586 18819.699330568314 51808170.15406248 -12.067020143590874 -16.463007703504356 -11.673322769079945 -0.48093526716533574 79.82644929275456 -21.965950812646383 17.925138972383593 -140.82070354001638 -298.54839568247826
587 18850.726006746292 51835734.09385838 -15.203026221869058 -21.957584682603038 -7.727077272389096 1.3452380483004447 79.78045353924742 -20.91020058211069 18.115321263615215 -139.90518789765383 -297.55471882090353
588 18881.610026359558 51884343.21119517 -14.564449156979352 -23.359498339356087 -7.539571588824344 1.1025654732653862 79.43089354969389 -22.01596213046423 18.401612361045864 -140.67317507351805 -297.2174945969448
589 18912.8380484581 51829063.90208791 -4.131350916491382 -8.614074528426102 -16.49323562969422 -2.1340022352332113 78.52350055797646 -20.2423976267404 14.012821692631405 -139.48499548551177 -298.3966532597737
590 18943.881039381027 54038183.95557665 -15.94043213191864 -24.35925975803144 54.804786672844806 14.70371180465682 82.46032409955734 -16.558075912801712 27.951095212666246 -133.86261564300997 -266.7195603743945
591 18974.954205036163 54009303.91094031 -11.775767670680615 -18.180292973685752 50.21227479586866 12.812900042415606 81.79193502974483 -17.352781380965723 25.85332251301452 -134.37183039727864 -266.7884860432472
592 19005.709439754486 51886785.649720795 -3.6216900075399536 -12.846342368136762 -13.801803724798027 -1.0318244761478752 77.2738378339348 -18.623972784241175 12.83002550768947 -138.1508900238415 -297.65904096731185
593 19036.31690788269 51813662.03957085 -9.338115972506788 -11.009683899525298 -15.061752214070744 -1.606075809979302 80.17190087392922 -21.685841365050237 17.353788553509844 -140.5886987654207 -298.705127764365
594 19067.68958425522 51816707.562193744 -13.06910981129488 -14.60591658475459 -13.468456921652447 -1.0286631846026921 81.50673265093673 -23.46639087567104 20.35762256539124 -141.97627976602644 -299.06223455903626
595 19099.006276130676 51907349.78184335 -9.006048051497002 -16.023851492352478 -11.045904600966466 -0.042608889209830636 78.57429814941892 -19.811814387146683 15.5377613802209 -138.98804092981527 -296.82297436634497
596 19129.83482146263 51863271.49760098 -8.281137361068868 -13.11542380857515 -13.985589110132082 -1.3586746990660146 79.50830480451688 -22.1284375050663 16.495981972633103 -140.83778978626793 -297.94491518255586
597 19161.12301325798 53994319.244632505 -16.755394459288002 -28.1449912042331 55.40175111827297 15.586326706826725 81.74220062328966 -15.89606990540642 26.382623612986663 -133.29611805914573 -266.48113983813636
598 19192.132222414017 53973558.58277191 -13.870972065496392 -28.259130387182505 54.79846963676219 15.365011926812187 80.56561018289148 -15.223104092101778 24.489043070932325 -132.82580211674974 -267.21439436070057
599 19223.526975631714 51831565.34828892 -19.853642440042226 -25.68673021892757 -7.512109863720909 1.3719546060154357 81.0174727311979 -23.847684400936316 20.879757138702757 -142.05837042686244 -297.2258449069003
600 19255.405789136887 51870564.35873617 -9.749804147453304 -15.958744668205432 -11.10330757133486 0.20314232651217878 79.506670097809 -20.42235696302373 16.166789758292794 -139.58082358369052 -297.5654418885114
601 19287.18990254402 51872070.67564268 -4.135074803710731 -11.369384034412265 -14.140977406901236 -1.0989383883758705 77.75693012123706 -18.440146833774065 13.459384557169528 -138.12332316631034 -297.9718140232294
602 19319.134554862976 51817080.7399665 -11.50631201090365 -20.69054232164136 -10.141389622966365 0.22221310676268047 78.07422600843636 -21.065560622684302 15.359932485118748 -140.01793848935034 -297.21157420178304
603 19351.947138786316 54006277.76880702 -15.039743532121165 -29.195368844975093 56.284347950257015 15.737696178179647 80.96912420626558 -15.628802921211559 25.244880136131997 -133.09754532977792 -266.5019957438509
604 19384.639590501785 54992806.94548526 -10.46465317786293 -27.405697284764695 29.380018595793082 40.442517802282694 143.02691574485831 3.1281409719099997 77.11895854256386 -121.85066800221648 -297.5678473247135
605 19416.79030418396 51822805.58442747 -3.64133405392068 -11.862621202362117 -13.749273199315311 -0.9056642571075884 77.06427630454313 -18.120644168750573 11.481587041312991 -137.83262853350953 -297.5306917760056
606 19448.699876070023 51888825.93747926 -8.965004561880235 -18.221221651580453 -10.796997429483838 0.021453954033106015 78.35130807870071 -20.02414315738838 15.705517262113972 -139.1897936727981 -297.4766213078291
607 19480.155972242355 53985993.5212467 -15.376304040811352 -28.733371460494446 54.53367829873027 15.377340087470571 80.93605302238325 -15.833261676377049 25.059891815966125 -133.250590709088 -266.4110119954177
608 19511.406418323517 51920377.17101007 -7.220253182836952 -17.805676857786217 -9.680648608841778 0.6988954383634649 77.93451860055247 -18.860591721321157 13.83983305413824 -138.27799383489366 -296.732080982345
609 19543.992363214493 51869658.974546835 -8.905519656549968 -13.476391594510705 -12.100692793212787 -0.44755158077352064 79.64659280692068 -19.937196640163847 16.92033302815105 -139.2285806744473 -298.35004214068863
610 19576.004887104034 55268892.8103257 -20.628392595760836 -34.350030116355256 37.36621189565067 43.29243466740721 146.97630327264815 3.867107761067075 87.31361790873302 -121.11359091855257 -296.8245012239695
611 19608.350269794464 51975519.0592429 -14.32060158448404 -23.25802615602022 -6.720074952742763 1.8034379387478197 79.54217570026717 -19.613951767453898 18.548439966765955 -138.80499322374658 -296.0720237785665
612 19639.39415860176 55384595.297434814 -15.954544799222266 -32.67324760583849 38.5076964724979 43.50165217880988 145.714901887483 7.217819261091563 86.08955991878122 -118.5632384446343 -296.63080236937486
613 19670.589965820312 51890156.01546713 -0.5657346286396958 -5.511612897300702 -16.343916978899998 -2.0838128457694864 77.68522197653755 -17.572479610703965 12.515826350046723 -137.4441623153469 -298.23348013687644
614 19701.971577644348 51863094.16992068 -6.215292269779523 -15.761250063836146 -12.014555306336185 0.00098303534971933 77.56879940922332 -18.70586790949858 12.68514212288801 -138.16273715237162 -297.0124296528011
615 19733.277115106583 51835390.61043311 -12.796585830515761 -20.744109812361643 -9.900740128003193 0.7253051744479393 79.37690955627826 -20.532835477050185 17.111680967447683 -139.65943028929757 -297.62505766883066
616 19764.34847021103 51926052.55602759 -1.4038483681584815 -12.733660417635416 -13.023776057026467 -0.9040958592121626 76.13091917989883 -17.37757520840762 10.926337450420931 -137.16209310723718 -296.7850205304209
617 19795.55138516426 51841854.538257115 -10.694489887626403 -18.990159103480817 -10.474888767175074 0.6319862152346047 79.10028695946588 -19.652326267144474 16.064957189756115 -138.97269431173538 -297.83955384995454
618 19826.490916252136 51828227.308715016 -12.301740415071126 -18.947455939156875 -9.87221727760673 0.9432423888577119 79.78202106438532 -20.192684247557565 16.673114588201543 -139.38134830026127 -297.6958357981873
619 19859.334756612778 51860849.28776875 -10.868328766003268 -19.92991933703605 -9.585362307047987 0.8570326945790612 78.56957330928225 -19.815152799219902 15.183658249056748 -139.0068381963822 -296.7780031376718
620 19890.180705070496 55210845.0805518 -2.021091719390796 -19.800273781654507 27.64365296562879 39.5830854322941 142.62405210020142 6.981030888050043 76.71463922016642 -118.87250128965428 -297.76056167452805
621 19922.238353967667 51858649.89767279 -5.9399566553108265 -13.645265921456032 -13.589188038648786 -1.097661602375652 77.46036525732335 -19.413897689620228 13.314438613174048 -138.72086425731396 -297.2034216787573
622 19955.46910762787 55376968.4449022 -13.001817070952212 -30.621137159195733 35.13371057589405 41.762705286889215 144.88325781199026 5.955552385269186 85.53588497711223 -119.63507937221584 -297.31978252136287
623 19986.488407611847 55400721.28069678 -10.522630237087522 -31.486622415373127 36.22394841113757 42.359166444475505 143.62485695808184 7.4456202560098745 82.87580190276049 -118.38955460568576 -296.51228129161905
624 20017.781537532806 51871991.51020145 -5.85334826714741 -17.38957600382121 -10.820608448782515 0.15662727177063118 76.93956501244733 -18.45749780634378 12.473668663388025 -138.0168529931774 -296.9756226298524
625 20048.149296045303 51888274.17865641 -11.972142313497141 -20.235816736618897 -8.950776837783359 1.1477905229240548 79.46814389235425 -19.902564326622326 17.00646582837703 -139.0949619327007 -297.3671715421993
626 20078.871530532837 51913549.54469741 -16.99920517399597 -25.981445235652284 -6.429699977154712 1.8386443760763456 79.95133926297203 -21.559679794863712 19.430745474442006 -140.33686142276525 -296.51682953129193
627 20109.680247306824 51935897.05912178 -9.734699936585308 -18.007090147645528 -9.81641413917307 0.7605971048756714 78.77385884031011 -18.668516723115374 15.823919416863873 -138.09594195819164 -296.5652756792738
628 20140.53773832321 51878956.45440754 -11.396373662324882 -20.596890344771438 -9.116769122402772 0.854299593665587 78.58003311203328 -19.848798710164886 16.131586439658008 -139.08663543369528 -297.0194043934888
629 20171.434881448746 51819120.886975706 -3.75263707556185 -12.471686059731487 -14.23398317958572 -1.4070634871512908 76.987172608418 -19.34135778018822 12.252649746559882 -138.7606813000359 -298.1717131183475
630 20202.270201683044 51923326.08756611 -10.386882013403861 -20.789042761236544 -8.906511861232005 0.7587613738298984 78.14510791605385 -20.044705199431974 15.584435860058193 -139.13833908663412 -296.437455394489
631 20232.75005507469 51904857.16606877 -13.78670598487476 -25.229291269367412 -6.760073431908324 30.68051133061232 82.93734305479701 -19.91322943696855 15.907691560588546 -139.011600818568 -295.750106161738
632 20263.393144130707 51872480.09517408 -17.732617070631406 -24.497520019410306 -6.951675820422729 2.0030400852658943 80.8398760718744 -21.23801325135247 19.73807364833999 -140.14290074976645 -296.91580785077184
633 20293.84521651268 51901262.50200259 -5.931782938282829 -16.05617248795468 -11.718564759945146 -0.11705609124193472 77.29969415222857 -18.31209848627617 12.962593754346244 -137.93524068209973 -296.653274679884
634 20325.483381032944 51945489.59923788 -9.169386390838802 -21.131589639012454 -9.506685698760009 0.7327335019008387 77.20051217477734 -18.81031496208925 13.909368993986845 -138.10550096909435 -295.3735578696288
635 20356.921050786972 52676021.75056496 -40.50242182711514 -63.099979496478106 12.063736124427216 27.612364503004798 121.07976439287515 -33.72484610182727 50.174571726609315 -149.54218099844428 -297.84346195484505
636 20387.92861223221 52606259.320450544 -29.2331155790091 -51.722957151441314 5.4830599602279335 24.765756367797636 117.95813867956532 -32.527745648915015 42.76627659317057 -148.7386249888819 -297.8270330061792
637 20419.10151863098 51904734.69097424 -10.887493978655456 -20.110532752040704 -8.582941367682885 1.1103856415816011 78.74851543633943 -19.18804293017297 16.14932447766546 -138.5586227316872 -297.04120410708447
638 20450.061413526535 51937089.33657818 -5.3366062114741855 -16.76612633853818 -12.250751477686698 -0.7079471353824545 76.6044572915109 -18.333906226245517 13.641900654823417 -137.9584549896175 -296.9056168303032
639 20481.38246846199 51934172.170571975 -11.304114086797341 -23.31033239229778 -7.007468870940663 30.546576833744837 82.55262562180823 -19.001806167583936 14.679646524306122 -138.25330583751406 -295.4638036580051
640 20512.065786600113 51868212.78905638 -11.991257746349754 -19.76671252798189 -9.657315465414136 0.5758367183238704 79.31874263289355 -20.610903902116775 17.171618541287444 -139.6694763692384 -297.5338114765951
641 20543.02664399147 51888128.03879629 -7.7728984231186224 -16.966890758072253 -11.738913888633192 -0.2223885466078741 77.95185669778276 -19.248738509880184 14.820800195517222 -138.58348689676677 -297.5045141085328
642 20573.5860581398 51902978.68258655 -14.696036636317166 -24.865128905069156 -6.464362373585679 1.767290109216603 78.77396127146076 -20.443098855191465 17.174537953162144 -139.43024973658777 -296.2531213770058
643 20604.149658679962 51797854.43596826 -2.27056352105666 -8.861971574287576 -15.689225466902457 -1.8777429443914286 76.87872448423656 -18.871005038709484 11.021210827328275 -138.39569208086402 -297.9113756619827
644 20635.422020673752 51977603.23324535 -11.098572832065658 -22.560751678713153 -7.859865948122362 1.2883686795594116 78.28015451303084 -19.501505504774002 16.149809677951566 -138.66624113978662 -295.73047349105946
645 20667.31765794754 53972838.236081615 -7.207590390817945 -23.80116729744379 51.49996572370555 14.444927870880704 78.1155505281623 -13.020738666011368 18.867463994522268 -131.0391785748322 -265.9673754124208
646 20698.61930823326 52523081.1272258 -19.33683136045208 -45.754790097296905 0.8574276708325641 23.025661096467402 114.60029783886141 -30.277029247410667 35.54456212921389 -147.04545218886494 -298.3038680358072
647 20730.726083040237 51825309.25837279 -7.1368344589522295 -15.414744842101559 -12.905944652836098 -0.5573417147921589 77.87253346516809 -19.172723383034395 13.941901413557844 -138.6294804770887 -297.9342820735288
648 20761.735276699066 52585981.55454546 -25.875390888773975 -52.922226002265084 4.897490709377031 24.678238011150412 115.51321208202486 -31.104568538708065 38.52437653242191 -147.51891448078953 -296.8436378330855
649 20792.56627058983 53872078.63062637 -6.599495573344051 -20.98598921010366 48.01902983454607 13.30790286023759 78.61965310811303 -14.06561363343792 19.19643504209739 -132.0501828072115 -267.75162093415236
650 20823.394955396652 54023871.01815125 -22.96900495344778 -37.07166834143645 59.993945091776034 17.502581739865036 82.11430380470725 -16.495483257339174 28.475564726172706 -133.62853652180087 -265.4465827855619
651 20853.904131412506 51946247.22011129 -5.7338597918751955 -15.523445494684108 -11.197751894176939 -0.24067229491933517 77.18217917796548 -17.83884156584452 13.977141546612188 -137.54499550819457 -296.9147033928454
652 20884.06612420082 53894825.675041415 -10.690867954982437 -24.866762070864425 51.630358728054716 14.24526938402144 79.3814405066336 -14.950048676926713 21.598903234940735 -132.6755890183136 -267.4453904270779
653 20914.045814037323 51868453.65984202 -6.814569804629258 -15.721136057165104 -11.828202079913368 -0.319679211541839 77.4949795360098 -18.514868710145436 13.653401278035744 -138.05357528811317 -297.39116189887176
654 20945.835031986237 51932568.9621606 -0.8045503566756818 -12.187599852131125 -12.856980681302723 -0.8432192147419073 75.83823561736101 -16.6639104080964 10.535450536591952 -136.6497819358758 -296.7095022507391
655 20977.28403019905 55305602.93243789 -5.57933305574309 -24.2503895757757 31.96356225657528 40.657553698670355 142.79430746094081 8.209207595090447 80.2979850508085 -118.00543400536316 -297.968931945801
656 21007.025451421738 55251773.400810525 -14.53604283657692 -30.668719301151416 34.16489830499512 41.75480132593387 145.36108587893534 5.04541457476995 85.01912080733848 -120.37857880713437 -298.1100127540588
657 21038.27675485611 51850885.5490017 -5.311995604284327 -14.392842930427001 -13.346653295362998 -0.7091807464149724 77.38330151792468 -18.88264656944358 12.776098082413569 -138.34620520911483 -297.5279021845379
658 21068.136439561844 55325241.434012026 -15.465137255542794 -31.023598881943855 35.952445588346286 42.283078359872164 145.77279973205796 6.049024683325001 86.85038758542532 -119.64257414537792 -298.12196047036656
659 21099.397584199905 51873488.66654814 -11.340954039119705 -18.78713846028846 -10.159991205464344 0.3491192752660339 78.84011913709757 -19.936899612856678 16.573537402872034 -139.15401756573908 -297.2973410915065
660 21129.206477880478 54586392.001073785 -33.96819189592547 -63.82121824442033 70.56571667568622 39.59431397991686 117.98909057277821 -28.776143384027364 47.52642593939913 -142.94488748370895 -265.93396045667555
661 21158.940562963486 51856217.941387095 -4.721619397052514 -13.840627000947237 -13.30548166895715 -0.6794652561089265 77.35394125913412 -18.26143128566713 12.954581228806774 -137.96496480996262 -297.7505951103643
662 21191.01446080208 51889626.06665799 -0.7462791086641385 -9.645353995317834 -15.708435409281158 -1.7019602070282644 76.60810978103895 -17.67243781625416 11.14433430323436 -137.43737019579953 -297.458535717781
663 21221.512678861618 55419347.8169152 -9.763360046008692 -28.60746834633556 35.59481429638389 41.7592102494618 143.87962299770942 8.271968022932867 84.33031110380819 -117.91352302806968 -297.547272655661
664 21254.272130012512 51920045.72427124 -7.23335469716919 -16.622974179549008 -10.65851692493078 0.07938171837979269 77.62495417869681 -18.628117392074955 14.131478552763724 -138.099015811733 -296.596418655375
665 21286.404340982437 55976102.925019816 -38.24065726529066 -71.53186447129504 53.12605907197866 67.57386532767671 184.51689186767575 -8.319000134415546 112.6482729968659 -130.4162384623997 -297.49526378348804
666 21316.382251739502 55279931.18830154 -12.502274454786347 -29.77127661976284 34.39590536018047 41.705456318684966 144.45765829624062 6.003010296415994 83.61478452317533 -119.61905109949737 -297.5976539210005
667 21346.30532169342 51849224.68070346 -3.387855818638215 -11.017253684475055 -15.332925756971271 -1.5539516132994464 77.18374332909026 -18.725566908284293 12.226730931155316 -138.27183876376546 -297.7245896514389
668 21375.892467975616 51909305.21476708 -11.005893721415676 -20.54007464785184 -8.88596522340228 0.97137818822263 78.4999207477452 -19.448267755046288 15.976344373269285 -138.7247204855879 -296.8116541500877
669 21405.9227643013 51827565.78167034 -3.150209049977571 -11.486088898987452 -14.124511728014994 -1.0046737685914593 77.2255862574587 -18.020171155013145 11.921141442641897 -137.72084097394992 -298.26084582037845
670 21435.823071956635 51943571.113641985 -3.227761414545382 -13.913912178805019 -12.478361388220712 -0.6241303267650977 76.54993206080142 -17.713016582491264 12.186251410049522 -137.39191917622475 -296.62526521406085
671 21466.006187200546 51896722.23218109 -4.003433596270572 -13.932434720077083 -13.614524437096243 -0.9984000961476909 77.15698836023523 -18.584806213095305 13.190125611089684 -138.17927552214934 -297.6690886319452
672 21495.8612408638 51926192.74057477 -7.440134412753341 -17.011250232457623 -10.801801243866514 0.432330202247897 78.30229442151499 -18.240650419453516 14.766247277191724 -137.84385161647145 -296.97204179734376
673 21525.40326499939 51892539.402193606 -0.9358909095232928 -10.3676342899474 -15.273561005681692 -1.7238214041599633 76.69708944374028 -18.12494159259461 11.587307663817967 -137.77861304350103 -297.701796456496
674 21555.172535657883 51892369.86184229 -3.626915045118796 -12.728335754568949 -14.236554132272865 -1.1308521617470433 77.47636143932053 -18.753171043591465 13.112725999762574 -138.30407658472961 -297.55181623877263
675 21585.86918067932 51874720.184703276 -4.030744546510277 -13.885831787892418 -13.135301060775078 -0.5530184076377935 77.02314123402326 -17.996884442798034 11.806730153523404 -137.6281861284067 -297.0861791367754
676 21616.118091583252 52342035.655553736 -9.339524390758363 -29.546501010996987 -6.059549092838118 19.808964857344677 109.05031982608655 -23.675937902649764 24.571759235841682 -141.95672602935394 -297.062367184264
677 21645.931582689285 51884485.39404926 -1.4255405841957263 -12.759867483684964 -13.229660499925032 -0.7763419376953067 76.16761132601461 -17.373550389413708 10.436974813921836 -137.20817558547168 -297.2200275367691
678 21675.563183546066 51957856.98646807 -4.528882780388146 -17.51127313153464 -10.452199704978256 0.39577078033488533 76.37424333866818 -17.353839565833766 11.44424671388549 -137.06576106481373 -295.5259554972698
679 21705.193170785904 51853722.27276957 -4.097589247820709 -13.825051084298817 -13.03175750439398 -0.6947573273986336 77.03402081856197 -18.4561133615407 12.28960078598709 -138.0784975798138 -297.7142495093018
680 21735.08761358261 51937726.732456766 -6.258571008372103 -16.629909414212634 -11.204778047728112 0.015353198974267457 77.58497549499495 -18.31458528356154 14.220067000548624 -137.92321208206585 -296.9963721439756
681 21765.261686563492 51914987.41649449 -5.171514568652496 -13.301784583322084 -12.505696374372015 -0.3831324295612717 77.68900498832731 -18.321298889088553 13.038346773373291 -137.87399966527386 -296.7188788320011
682 21795.025263786316 51947610.139923744 -6.779855725007856 -17.372799568520907 -9.989796135378704 0.4382885471447793 77.76791058511843 -18.33559937435018 14.359323580197838 -137.88854362212533 -296.8418562197015
683 21824.739313602448 51822294.785238236 -6.04039367574763 -15.51813409832152 -12.407497066015743 -0.41897989643996425 77.36347810775723 -19.099852748037677 12.736550967451535 -138.5437935487961 -297.740236348055
684 21854.73035955429 51903407.0217413 -4.547589783141998 -14.962584964978035 -11.997840764319207 -0.34071066346800194 77.33176656769044 -18.177756687625617 13.415961831375853 -137.88662101757916 -297.67287052552524
685 21884.49297809601 51945309.943394154 -0.9461653969522921 -12.153826576093019 -13.711840236384134 -1.1581874784669282 76.12124131288249 -17.37744294097962 11.140470292801808 -137.17289001409915 -296.77204217467977
686 21914.722992897034 51905734.40465389 -1.5797086733522931 -11.42736754985156 -14.459901814301304 -1.4151508532889778 76.60263858729314 -18.104134255497343 11.630828114579344 -137.75088620414317 -297.42696182888176
687 21944.411568164825 51891953.03408599 -1.4846080718790127 -13.525666528768985 -12.97576951576675 -0.7171945056342537 75.96770773967499 -17.45755821513785 10.396429152637722 -137.27980540961966 -296.93420428261777
688 21974.30559039116 51904236.82075911 -3.7266133696206136 -14.227505533132518 -12.621452456208054 -0.6741402973935351 76.94320010899455 -18.275309234584142 12.625265515196247 -137.88612913174495 -297.2927005120837
689 22004.462455034256 51925884.790409386 -6.447296505629881 -17.37214993393323 -11.225464252506214 0.06461556189748308 77.5460128954872 -18.640899954208294 13.808651076068259 -138.0889876431729 -296.75496215928615
690 22034.279816627502 51949476.94349206 -3.650622996952995 -15.15165011337379 -11.785536725120046 -0.200156858747917 76.2833113577287 -17.252615960837886 11.395397693962309 -136.9705428029818 -295.8367596095329
691 22065.810322999954 51913608.76304171 -2.9384971667579816 -15.143900787472226 -11.985230507402527 -0.1964434741374248 76.46809781491623 -17.231223561095817 11.451421362394626 -137.0844063932288 -296.9021673189203
692 22095.81599712372 55504937.4760214 -8.36227687017737 -29.62514022669 36.19973500247032 41.930250133867844 143.3440452183338 8.65102173800068 83.84045785653018 -117.5224605199748 -296.53044382381177
693 22125.78194618225 51993017.86672006 -1.983167836540792 -15.140075743919878 -11.514064289874433 -0.07448718755726702 76.02521001658621 -16.72169120822082 10.833233497156186 -136.602055779546 -295.5538334824772
694 22155.521981477737 51907021.622110315 -4.7224974118090035 -15.01678654077297 -11.626536721580713 -0.2290183776861312 77.10026236739486 -17.95464851854888 12.95655017901936 -137.68145562355494 -297.2493927375544
695 22187.339180469513 51896479.3527998 -2.565129566011027 -14.654138686679925 -12.597407340682238 -0.47839462601629634 76.24240061660137 -17.85545141826981 10.628702430806698 -137.47554195004818 -296.6440177424979
696 22217.143649816513 55362863.02065818 -9.529765788299938 -27.702270828170782 34.71760403264091 41.57416456391296 144.31352906917482 7.627108793869866 84.07851483205877 -118.45518488685235 -298.1703236969985
697 22248.559948444366 51946228.32900874 -5.418283243948521 -17.640573767524277 -10.644685616562782 0.1376433649220985 76.71169649054208 -18.015913468440715 12.85798309445704 -137.6624869281668 -296.3895240822577
698 22280.35754466057 52763441.66810313 -24.60347225927739 -54.49213268164556 8.024837253509745 25.98052455236457 115.9262994373969 -28.667285020472832 39.9212480944484 -145.58984154392203 -296.1871737512673
699 22310.29633784294 55475691.55692821 -14.422364797585999 -36.56229604412615 39.42960436127951 72.05437783075877 148.7165587566012 7.119180305730197 85.77183207068992 -118.60030520476107 -296.07265167617436
700 22340.45392680168 51914969.59136405 -2.6265111711233633 -15.053922564293263 -11.98552319649368 -0.2707193637297962 76.04457234821453 -17.460076942787225 10.602517216863646 -137.18273260204978 -296.3966320599196
701 22369.908137083054 51885131.93604564 -2.6906048407059355 -13.391638172630142 -13.459448050809947 -0.8580637108780564 76.33726999732632 -17.96027173242271 10.833742024360504 -137.59942665917373 -296.6419185601435
702 22399.702908992767 51991136.93153815 -7.639972793260917 -20.22875954510184 -8.799733335629739 1.0283438965180665 77.17880082019343 -18.083094393087265 13.580986539030391 -137.56035322708914 -295.24338804268893
703 22431.74386692047 51913729.43108399 -1.743751902705931 -14.620388434309 -12.73941010893332 -0.6674036657960158 75.5250449956569 -17.566325944482628 9.815154205179226 -137.2630685772375 -296.0571906647018
704 22463.284609794617 55576847.874480546 -26.57224126513376 -57.566127148918746 44.93240485791774 46.32905675558712 149.41012802033876 -3.6646463071058406 95.19414237026456 -126.7199475694153 -295.7812981520674
705 22494.25721025467 57436583.8699098 -19.440873248398887 -45.85719605832056 102.899552424511 58.40435849241079 146.1297888491813 10.755542949887342 92.24297655927228 -113.09646654379719 -265.5021627308928
706 22523.849139213562 52681099.841820665 -21.389509379013376 -49.82779340081031 4.177254730992317 24.4947876594766 115.22863316026506 -29.242945898936966 37.47050853332655 -146.11765548397494 -296.6796222118599
707 22556.20844769478 51954335.500857666 -8.994444431161032 -21.61998298151641 -8.052907873665461 1.1194378248341934 77.25677089851999 -18.661825983886047 14.278144017303589 -138.06809568050312 -295.8315834240466
708 22587.487122297287 56246904.675041735 -32.54854831217864 -69.49304346646056 55.43547545422795 68.1224042184445 183.47524951319653 -4.288578386045344 112.4999989718026 -127.29774125561312 -296.22198673611655
709 22618.054088115692 55377792.25591068 -12.388259862891381 -33.47714307252159 37.0186644410373 42.613159063203895 143.65715092570542 6.711270985383919 83.23860566780422 -118.94180281752324 -296.28666593022103
710 22647.621336460114 52039477.378951505 -14.668158079130851 -36.6422353263194 -6.758936121428661 2.331988826699785 81.11239782606374 -28.14930494953927 21.110511509734238 -145.24566871882018 -296.7689251906129
711 22678.805683135986 51884040.800111756 -11.799782740132558 -22.118187755154267 -8.890695031104102 0.9598432628523597 78.27693177450399 -20.002143233540266 15.779405210550635 -139.09754253402633 -296.5226400278755
712 22709.074946165085 51903894.60247821 -9.111259886909968 -20.881038589313498 -8.769111949296835 0.9499438704279441 77.46362621915596 -18.85921862564578 14.159361864209359 -138.24955981102073 -296.4076591227257
713 22739.34679389 52007018.8503136 -5.480045620630584 -19.61528891796928 -9.232101016011036 29.464059267049407 80.90076749114006 -17.72390119869749 12.017427264318826 -137.22183277433106 -294.87898833500066
714 22769.609552383423 53999820.70000208 -4.6501841860974285 -22.676439504077646 50.049769772886116 13.826618442921728 77.30269225451428 -12.332162616709525 18.290055679374404 -130.62414327047958 -266.52621584318126
715 22801.001085281372 51978574.804178916 -7.862214038620104 -20.696879355954252 -9.412390947258707 29.40471234234775 81.25383115554658 -18.399819089367043 13.01173243968833 -137.7664711670539 -294.91867627663316
716 22830.76590681076 55371781.30429951 -13.473476790278529 -35.77625245540862 38.128204050171846 71.84141202141242 148.14929501024125 6.3002971724548615 82.7769012013897 -119.19197489578892 -295.62951510564665
717 22860.968059539795 51892628.36517566 -4.601553409457498 -15.144470661191729 -12.278011891544246 -0.4556746906576592 76.92028350393821 -18.347642046047554 12.608119744525766 -137.94515813423448 -297.12498912992976
718 22891.45680832863 51970101.466150925 -5.120096158516189 -18.160358313754777 -10.272354734845024 0.5486962673383999 76.64790639783617 -17.74494411704194 12.063438138498668 -137.31627214748005 -295.55415148711586
719 22921.43026137352 51940470.9087647 -9.062656138696502 -20.41855627114892 -9.419820169953326 0.6324945415146459 77.27760035704691 -18.97878706547914 14.071545047100926 -138.26930142178276 -295.68678419661614
720 22950.940321207047 52048506.85221262 -6.142949492252958 -22.32825307349018 -6.5516569608735935 30.279587648831495 80.28152943767192 -17.03073641229679 11.673406689076046 -136.6398022181213 -293.95773942015376
721 22980.94830274582 51956686.01792088 -11.029903070061616 -22.02390751158824 -8.117108942458238 1.1529518843952218 77.92324345918945 -19.393296412803863 15.498456346028888 -138.5768342540058 -295.69107932697705
722 23010.998403787613 51945797.63372985 -4.7584726869057 -17.72396399233036 -10.804999515652817 0.08946808687345253 76.27872944333822 -17.784673387646194 11.970270798668253 -137.3516742631491 -296.03024034007433
723 23040.948981523514 51928052.16015799 -7.399680888372844 -19.994667132749825 -9.607168563365349 0.5326277421152952 76.93440601054701 -18.70617916803451 13.338427516582556 -138.0927054154892 -296.25637619892456
724 23070.67647600174 51950529.0874179 -2.1141015203558826 -15.56509699933472 -11.87349302090491 -0.40267324839012986 75.6268908591135 -16.99961504606557 10.8276335536965 -136.8598306509184 -296.2813496723264
725 23101.06175637245 51977471.63020893 -1.8137632277516609 -15.070331479482874 -11.6858029544386 -0.19620534386615418 75.93398195152523 -16.969550024375906 10.770677225721897 -136.81702386922285 -295.82452184323336
726 23131.23334312439 54013683.90318892 -12.037821441618444 -28.93932036290284 55.5542290967591 15.735845279048718 79.37632755068792 -13.980018366082277 22.394873949171597 -131.85191963785508 -265.9753586384097
727 23161.240963697433 51977010.398249075 -1.912675813718561 -15.49386079358094 -11.50948538490362 -0.10203220042708949 75.68006548694095 -16.673211769939883 10.529976275886611 -136.52010949822653 -295.71562571272136
728 23193.065002918243 51904034.378098466 -3.811358656818795 -15.170361314722467 -12.401626853186407 -0.39105820279893067 76.48429316145982 -17.864213664831766 11.550938826022502 -137.55928729076322 -296.5562906386991
729 23223.23613500595 55339263.40994741 -17.134135242266204 -37.49370930564583 38.359945877723256 43.54675216713922 144.73442925326452 5.113026870252952 84.32412814610643 -120.05747583661957 -295.40014994142064
730 23252.9737136364 51891322.80900619 -8.778219607169165 -19.517578451764013 -10.066476679714391 0.4212674467023163 77.5281636666889 -19.17945858404562 14.302548792632592 -138.55671560258878 -296.5806905542813
731 23284.520419597626 51888105.73720093 -3.215789491934226 -14.255058688908013 -13.24219399942988 -0.7731059739681712 76.31046975981833 -17.72634941471705 11.376515565448358 -137.4624415723473 -296.94011304352546
732 23314.468781471252 55413193.36485918 -15.36423404312305 -36.3440210732568 38.86350102307504 43.265292143154866 144.24875585562089 6.236987866035008 84.96437605016888 -119.25751264685573 -295.72594757945984
733 23344.43416404724 51986338.952762276 -6.754336970278986 -18.381676328865353 -9.784638590044338 0.4564074646514058 77.17019335211972 -17.91387902581198 14.011219695189197 -137.47234162366118 -295.9983407555796
734 23374.08187174797 51967705.20041043 -0.314212732847988 -13.44294055228033 -13.008294079579976 -0.8094810482821799 75.35367862527757 -16.755998097032887 9.827942381937135 -136.59528320096587 -295.99529422144974
735 23404.4281167984 51943012.969528444 -0.9366155357307768 -14.368337902463512 -12.542590120494047 -0.6428332338850566 75.46268293035058 -16.937193978138453 10.269665089256478 -136.84960193778795 -296.3500056896886
736 23434.312370300293 51963815.60626151 -2.4954383300789704 -15.31584850918917 -11.160605554206313 0.17040390375545655 76.12242255753574 -16.39982931886641 10.901891374573836 -136.41693061789766 -295.99017038679006
737 23465.364716529846 51954269.21097653 -3.7773870273224297 -16.41443318594771 -11.21565925256693 0.104662316136654 76.26627185550039 -17.293428583581488 11.189530385155308 -136.9386680763384 -295.6590694424269
738 23496.320377588272 55339714.442415014 -9.887522132278496 -30.410863173347423 34.68698344267511 41.77157681450906 143.28375949737966 6.96806273548026 81.96711116296058 -118.82915202198109 -296.8180329903553
739 23527.681563854218 52770216.49391916 -22.59903745069913 -53.37064519474056 7.374314113209074 25.66425348139927 114.98305087428479 -28.444136338179817 37.75311891381966 -145.29636553462927 -295.28192360193657
740 23558.479963302612 55497605.962962426 -12.141942856616588 -35.452258162720966 39.002268148584164 71.97377151604624 147.79128651297225 7.894558522109037 83.45985451203194 -117.93847391524429 -294.8653816187175
741 23589.969445228577 52678889.64196212 -25.50750738449753 -54.32876655888279 7.002987186653165 25.46351741887291 115.70674801126916 -29.716921831785044 39.456635208888315 -146.47771269559928 -296.57331842608596
742 23619.922063589096 55311817.6363904 -12.785222926319953 -32.62224605167105 36.119335676808575 42.32764131235692 144.13875823292423 6.195149031372807 83.33305709158776 -119.3768108159299 -297.0219219947794
743 23649.95403766632 51966819.88595458 -0.005446106817894147 -14.339561573757397 -11.992500546677334 28.465379887197344 79.7266350177886 -16.157152904742304 8.970573767984376 -136.14019690169772 -295.6649251520619
744 23681.30590748787 51994789.439080305 -3.8429025475978253 -16.67656374089067 -10.448636235338924 0.2572595332536167 76.32691235896395 -17.11692674885876 11.811018487128706 -136.8820402645987 -295.6375530056798
745 23711.08943605423 55465200.38183959 -13.105100839620807 -35.30088313855726 39.07629932399309 72.04550619063613 148.4928633438364 7.665731666515569 84.3895328362355 -118.18451890886917 -295.70274878147586
746 23742.35901403427 51937231.8094907 -3.555341249004698 -16.561067794547906 -11.170564937721544 -0.2576670291202845 75.93737109509998 -17.6535746677514 11.518592108447933 -137.31620104638023 -296.28763195119234
747 23773.702428340912 52701144.17225904 -26.39640925660916 -55.585413852771694 8.022314401604461 26.070943720018604 116.04183219101674 -29.804382548426474 39.64571352808605 -146.45924870028995 -296.0858884451304
748 23805.04724216461 55408498.12354939 -10.394394916279927 -33.37386071454239 37.17303754768778 71.47314299246669 147.47285398910145 7.51524548907588 81.4270404275079 -118.29338055834745 -295.32232555403914
749 23834.88117623329 52714061.27124818 -18.601173111001145 -47.12462995771682 3.483164940277206 24.04704106411525 114.75735841838524 -28.17461539566358 36.990974891194014 -145.35327240434754 -297.02266544406126
750 23865.585302352905 51932560.21792041 -0.4618298951835147 -13.981933930161873 -12.540150722590674 -0.5363832912254196 75.36069417395191 -16.39005522447303 9.706873798478 -136.40383258488708 -296.49489397305365
751 23895.833324432373 51999184.23131367 -4.3342530645952735 -17.341677124001162 -10.294856084300939 0.4303605880577237 76.43859709481525 -17.05917469992079 12.14252777158174 -136.86360988002463 -295.49289640670054
752 23925.90062379837 51974794.34530979 -1.4963743848695028 -13.983066110189858 -11.852368290111535 -0.36906696679812967 75.8676030918338 -16.315992518410553 11.175016164606916 -136.3641780631251 -296.4097159214697
753 23956.367872953415 51927749.24314017 -2.28911276135058 -15.057887896913716 -11.85339314277359 -0.17238257090592413 75.98360734307568 -17.011449986291495 10.461472056307912 -136.84307438399645 -296.14681280964174
754 23987.785764455795 51891842.49544619 -2.149114314659773 -13.288788459438361 -13.057757002984523 -0.73305400317156 76.30573767953263 -17.355800582522875 11.05187642162349 -137.19554198082778 -297.2245496299492
755 24017.510127067566 55534318.08583771 -11.72637288003447 -34.34866276654703 38.85598711945957 71.79247246142944 148.20584975631715 8.245026040420328 84.73038982477601 -117.70298960217525 -295.4777607295159
756 24047.316284656525 51872142.33626994 -2.783193406637711 -14.92614434791767 -12.845601696918457 -0.6912148652816228 76.07063442170738 -17.954621302491034 10.821815907589041 -137.60276565803628 -297.0631660400676
757 24077.539533615112 51901356.79634911 -3.9728920826854157 -16.749086459004012 -11.10655731982473 0.08530486677656768 76.2809497740748 -17.597314248133102 11.268014427925095 -137.30511379129996 -296.6218755642649
758 24107.26195859909 52010184.80859265 -0.1092630761415272 -15.002875923054152 -11.516740871757158 28.518570372913175 79.6413884372345 -15.939197645484683 9.552577761328848 -135.96713379724906 -295.33106861716317
759 24138.404298067093 51989004.8513356 -1.0190507613367004 -14.062668325098695 -12.396238463733958 -0.585769079623887 75.55615266350728 -16.646114180034147 10.575040406382755 -136.58010720105153 -295.87793174913986
760 24169.28389596939 52715266.34991311 -21.983741366260347 -50.40306437905798 5.2592754735269125 24.747931592051884 115.3444174273201 -28.81074907132563 38.60148489854703 -145.789581423828 -296.77396713737835
761 24200.227566480637 52728252.71571786 -21.573555446810516 -51.14941249635213 5.501028344180305 24.899785069838927 114.92742084578846 -28.64029946486511 37.67637658346803 -145.61861071372158 -296.1623053035414
762 24230.328904628754 54765154.914866574 -34.29355544800215 -68.6531027607801 73.39610216749271 41.59302397089323 118.78840017327792 -25.989070928193996 50.131502698424924 -140.87829363927347 -265.9966610061208
763 24260.081883907318 51913589.45830778 -0.6339687709187309 -11.820896486329222 -13.286711497185571 -0.8596139680289241 75.96976332519404 -16.640455616461225 10.343337633310739 -136.64252375424348 -296.8799445354414
764 24290.55650639534 51965426.77461301 -1.1605217730500392 -14.511238053814965 -11.749948476100144 -0.37030030937279435 75.60507381554024 -16.50501257364573 10.679063159945144 -136.46259807979578 -296.43013538406234
765 24320.883078813553 51973694.85522377 -4.509196594027513 -17.156675212679183 -10.508299209314004 0.2618131655556226 76.3508622923256 -17.33045014752355 11.925274818922048 -137.03693189865362 -295.7634031130713
766 24351.130562782288 51945816.64419303 -3.4428393817093887 -15.859863630292129 -11.124770114806203 0.03827532664043076 76.32458360621129 -17.064764956028228 11.676142193836995 -136.93648103328536 -296.4201085597382
767 24382.69225549698 51906933.57030284 -1.803425451638823 -14.045067559455633 -12.722388787804014 -0.7160466734857494 75.71207622236821 -17.226521334389133 10.26868590381116 -137.0382880637424 -296.45790079527734
768 24412.728343248367 55495102.42203236 -15.136117253175364 -34.6393746189821 38.912493875258555 43.25138019235378 144.9976068215584 7.289670308135555 87.05260961250292 -118.50477129776158 -296.1927120164661
769 24442.58962249756 51906879.53856747 -2.036077799082202 -13.56650863227403 -12.950752569320656 -0.7638895196010935 76.11232674934553 -17.490044238003804 10.965018546310318 -137.27457946865667 -296.855577756539
770 24472.79893898964 51864750.1033116 -5.316096707492237 -15.908342847585432 -11.6176303845537 -0.12089992838690478 76.83521202030768 -18.306727923770552 11.979583360562913 -137.8606072651296 -296.9341839576327
771 24502.548372745514 51952454.434911996 -1.9609820889581009 -14.773526259008024 -11.650270432706286 -0.33506536626724426 75.9086200891289 -16.865580763681066 11.04066563998282 -136.72742727069544 -296.41943198730337
772 24532.90883588791 51940625.070248984 -0.5045654868117904 -13.585832864850294 -12.451801272644225 -0.6294166264752192 75.47995281174958 -16.428444286653757 10.237304184742811 -136.44749423595107 -296.7923064392795
773 24562.877760648727 51941027.87473185 -2.357225331305031 -13.827075406095588 -12.450789904562718 -0.5673755745413018 76.17979823025067 -17.1282902381364 11.251084396562419 -136.9349634541557 -296.49817467816666
774 24593.18220973015 51996456.04066967 -4.1715811801373945 -17.348736982230527 -10.485702991177597 0.2702549654091797 76.24836690752406 -17.12297056242238 12.081698578547389 -136.86528401470838 -295.6440857324054
775 24623.142611265182 51929957.34232853 -0.968343316371536 -12.555219907695939 -13.059630366382706 -0.7017485514003852 75.83302281703564 -16.62913214656868 10.14177150427139 -136.5805228317733 -296.3649898282426
776 24653.68521618843 51953259.30842878 -3.439849605438093 -14.950726881576228 -11.681071510693755 -0.22112530124589114 76.5281140981004 -17.272700871012432 11.775594590519177 -137.01846428800792 -296.17119407175284
777 24683.817387342453 51943564.89532303 -3.8136209874406255 -15.91120975488317 -11.49659384610922 -0.24795746827966525 76.25858621934265 -17.62387566137926 11.822652921905387 -137.29457789671784 -296.2874297543124
778 24713.98198390007 51927572.49536096 -4.132823707292253 -16.58315170066256 -10.928978463312724 0.076855935046936 76.3399376738371 -17.480668806971153 11.69170963120348 -137.23834068500008 -296.4626919149098
779 24744.038117408752 51943795.95206083 -2.2265432614539957 -14.762167272866556 -11.866785657954367 -0.3367369035749306 75.93504442924836 -17.18338999276898 10.676385276282872 -136.9677918756093 -296.07458718836136
780 24773.915385246277 51960082.08227965 -3.3397657614640703 -15.169031625904857 -11.509095593738145 -0.12204206380104665 76.34188258665714 -17.207404152413574 11.469500577049871 -136.95494483718443 -295.9607462079075
781 24804.429475307465 51947493.08094154 -1.4495379906446288 -13.336730058702777 -12.84225305682483 -0.7292896957868891 75.93906326881613 -17.064219590473897 10.719926454005474 -136.90467226526704 -296.27000612273866
782 24834.540137290955 51931034.99732328 -2.297570124840897 -14.479935614333424 -12.008797529925523 -0.4611436809496041 76.035790405422 -17.16804783769811 11.053902945614766 -136.97738408005029 -296.5430371140024
783 24864.645220041275 51945271.01200801 -1.7038361166846077 -13.546707735617169 -12.62701067194525 -0.5614306560804465 75.88834112638952 -16.868979535425638 10.469762872787385 -136.74034689910826 -296.07670212710343
784 24896.032227039337 51937821.647144414 -1.583310444394785 -13.653146902459884 -12.609970392145279 -0.6253117704212627 75.9635355561552 -17.112777128257164 10.617553677256296 -136.92714176945083 -296.36688561776145
785 24926.46585035324 52753863.31423634 -21.81054736687667 -51.946356783938846 6.197128666006243 25.106552462909676 114.76306005106798 -28.400505960249063 37.79144527098185 -145.39576831131137 -295.8060386516081
786 24957.95754981041 54045455.53209131 -5.8873931772969925 -24.73782041229638 51.81722095690909 14.673943653729879 77.56885845394031 -11.783183489159 18.92360139782261 -130.14389857190406 -265.83619356178235
787 24988.158538103104 55478702.380317 -14.597447516713395 -35.05709529265318 39.04854269961912 43.1640063475089 144.50383914417907 7.134083942435041 86.24888446041643 -118.63358334390398 -295.9623760195688
788 25019.786501169205 51938153.05911419 -3.4222306745362356 -15.761466078563238 -11.597625069425625 -0.1574856658145336 76.33225369474968 -17.42339595635093 11.73416150763893 -137.1755113279254 -296.44963952144167
789 25049.805926561356 55385422.14543301 -9.705435816902837 -31.405661746408597 36.40168289836012 42.402145515513794 143.07581291789808 7.856012405175875 81.83690417624291 -118.12072084324029 -296.3974472179155
790 25080.154990911484 51946746.79542594 -2.2875630696638503 -13.251832314191232 -13.392251802035496 -0.9836361912358029 76.24025343685169 -17.7068261456306 11.339107171507806 -137.36912964509884 -296.138677707606
791 25110.300714731216 51896063.439978115 -1.5882124089889267 -13.306519879545002 -13.472171633945614 -0.8684200000122786 75.99150513283313 -17.36701915519211 10.377068101126781 -137.16080278693659 -296.8567305474766
792 25140.258197546005 51908113.71688932 -3.4914403937559797 -14.470293292097004 -12.253747322497262 -0.4599072991028521 76.52522120504725 -17.64393425697284 11.719398430116655 -137.3969341045351 -296.84226159323316
793 25170.507775068283 52009819.62085461 -1.4160521537070778 -14.879772426710907 -11.562131778872995 -0.2734438039162512 75.66558795451013 -16.39396489014348 10.968379069988316 -136.38674682382361 -295.789001881604
794 25200.260420084 51971554.13024056 -2.127475817124905 -14.845556505594153 -11.892890530983706 -0.32148534575890153 75.87288372121077 -16.960771349024753 10.839670496490044 -136.7897987563116 -295.8737317068626
795 25230.21373987198 51917557.58782309 -2.1770529449198115 -14.668440211419522 -11.745037999547918 -0.23124345070104368 75.93881055253591 -17.000294657771747 10.40455262850088 -136.84373764957047 -296.37850927910875
796 25260.934969186783 51930506.986655764 -3.5338304131052194 -15.751497352135583 -11.450277016730901 -0.1820368176332181 76.25731806759764 -17.3920788103747 11.636010484717872 -137.20634545109527 -296.56598092816444
797 25290.758783578873 52725333.9113167 -22.216881781227542 -51.430312631348365 5.566639367575661 24.800953071204148 114.66675733694026 -29.018962439357836 37.46651112410018 -145.8898976395143 -295.67980481473023
798 25320.464777708054 51944184.20574156 -3.451434518526952 -15.223573243633687 -11.811943712080883 -0.38806694164213695 76.2645326592469 -17.68685852818834 11.683216364609734 -137.37967398977224 -296.28671283170564
799 25350.377805948257 51909830.41298782 -1.9974800467505265 -14.877598850286345 -11.80729434719995 -0.3038820988881952 75.89807159278585 -16.94373414453605 10.88408419971438 -136.91352469368184 -297.04316419522195
800 25380.54084634781 51930913.2306951 -2.4929702122606745 -15.199937148964237 -11.771808674441345 -0.32967894128965725 75.94181306195301 -17.262059681741164 10.936122813569114 -137.05620503727158 -296.3926930627495
801 25410.763758182526 52008544.41180489 -0.23790752584209152 -14.142994235023817 -11.990013221332006 -0.333284367528762 75.28112116649693 -16.121771641202486 9.689888423820378 -136.09301190581215 -295.30552429383977
802 25440.486610651016 52019478.77181283 -2.5291847143048187 -16.996599463644554 -9.968594414017453 28.984127900166214 80.19006519756194 -16.622892018189646 10.830012434665946 -136.47871413551292 -295.15910809737295
803 25470.84602212906 51950124.0980897 -2.4539472998642164 -14.648147589469048 -12.094922191707177 -0.42815762132698865 76.09535223693233 -17.239633957460455 11.224574015967448 -137.0306603953013 -296.2667146190105
804 25501.00937461853 51933818.45013478 -2.685806904087272 -15.024162752942761 -11.572226232517664 -0.19473929447079286 76.05541163906582 -16.993018194413025 11.106055873689627 -136.87143514561882 -296.4806797613377
805 25530.88559770584 51911252.58647569 -2.2696577485800464 -14.338250780507373 -12.588978994430349 -0.6374996128902382 76.02235970640797 -17.366780818386758 11.050181778783724 -137.1432753925081 -296.8484245772062
806 25560.931480884552 51927516.98027561 -2.0045888274986297 -14.255344870539682 -12.491663227349541 -0.5128063457424474 76.04310342739142 -17.167309623468668 10.728688122335257 -137.01229795052194 -296.4096016302985
807 25591.218236923218 51960844.694860175 -2.1441559305096156 -15.071121375948291 -11.218246026910748 -0.003152393380844387 76.07379014818244 -16.51817318881507 11.11614476837235 -136.5156499294058 -296.414405361627
808 25620.813116788864 51969723.303316504 -3.223733625714557 -17.481193444371765 -10.100257906872976 28.909238230727638 80.20286852197887 -16.966487198788855 11.049705897506215 -136.78430425101698 -295.73936794697977
809 25652.04595351219 52005366.94787978 -2.08499129728742 -14.713679224655838 -11.888791396761931 -0.36186409411337195 76.02811912652834 -16.89220012075117 11.337766521971389 -136.73331112883494 -295.5743825048652
810 25681.81661248207 55472007.49006831 -12.90957746291134 -33.89375997608197 38.85002238120997 43.12486028199628 144.19781012238968 7.704100513667868 85.27726392957868 -118.27456003974328 -296.252875821367
811 25711.458327531815 51957286.95236789 -0.22941702747612247 -13.26450534529963 -12.774495295054535 -0.611025764523788 75.60699683466905 -16.418690312194258 9.962176373368038 -136.35432070542765 -296.26413079744196
812 25743.25626850128 51924085.08196633 -2.2974308333513473 -14.768874315094314 -11.868508063582574 -0.30980303194350256 76.09222954893961 -17.170603647375003 10.825482946815555 -136.98373750118816 -296.62304097299045
813 25773.376790046692 54835511.9295967 -30.09989729484395 -66.45226514272662 72.60256962900516 41.22931675303492 117.43043456843556 -24.424288787152705 47.9266686181777 -139.65630279706204 -265.3478638765048
814 25803.500376701355 52009001.18759171 -1.3174241244515184 -14.545168720431013 -11.588202171913629 -0.17547203423991675 75.76855258161112 -16.398924389431784 10.78266871827941 -136.36576179114093 -295.70039847311125
815 25833.790494203568 51962027.83094002 -1.101847106303742 -13.76193475069591 -12.553730501010783 -0.49188142558010384 75.77871003479501 -16.476218679392616 10.542703316754569 -136.4459749050061 -296.20527505620316
816 25864.030357837677 51964155.27131242 -1.0928674510795524 -14.207103148661183 -12.421312135669204 -0.4821672101774226 75.62617130999975 -16.798956567405185 9.988516265336443 -136.69205574159133 -295.65575353522024
817 25893.607439517975 51997145.792460404 -1.6398866510619676 -14.882413467460108 -11.620616913211343 -0.11058723789170699 75.91537391772451 -16.624011362246677 10.664407435352814 -136.52586878661828 -295.586300623978
818 25924.05770921707 52035262.3279751 -0.682135563993242 -15.289368632921681 -11.158828543429813 -0.08756531578163163 75.47692243339851 -16.353761263182037 10.331479357588194 -136.2245585519509 -295.2815345728764
819 25955.901490688324 52238915.07577366 -14.02045470249515 -37.2436921327341 -3.954871469183537 20.60462166376952 108.2155029775083 -26.07736512726609 23.362756503262517 -143.67923180692878 -295.8296441993739
820 25985.88644552231 55728243.368000194 -24.541962958632368 -55.825028584465095 45.472953100790264 63.635166488964344 176.2989444952918 -1.8888921285788456 97.3016542000629 -125.4092814126007 -296.0529055257763
821 26015.638799905777 51985498.30132321 -1.2399150842628313 -14.619301663595298 -11.575706174594842 -0.09418393424120097 75.79490919531658 -16.34589062888324 10.357385650544131 -136.29306285560722 -295.81203015021686
822 26047.456231594086 51947505.72798813 -0.7004937540292921 -13.446223467257859 -12.93440289579872 -0.7544051435879595 75.7500155871586 -16.944845974677776 10.394960785693684 -136.81293285014124 -296.4751752914199
823 26078.9301071167 55432647.28452559 -9.590811046434407 -29.699303471460674 35.47635172519921 41.977938280658364 143.63268190416616 7.848041453283486 83.05966378148253 -118.13598529293688 -296.3385934346933
824 26109.002285003662 57478199.43642467 -17.548783344908564 -45.212020490019796 101.76396741464431 58.0128142610298 145.75898931640097 11.770330777051015 92.53838140446771 -112.38510602090338 -266.21583491166325
825 26140.204560279846 54011825.460852854 -8.402810368095588 -27.718827404959203 53.60255124261052 15.479452266973908 78.10570350563992 -12.326336652997895 19.7713775817964 -130.57779455530226 -266.0935681019142
826 26170.446669578552 57497187.34462625 -16.97911809552195 -44.461057261051934 101.44737464104594 57.91421162333897 145.65810730765693 12.101995964575849 92.51658228013719 -112.13351415493679 -266.2188682803019
827 26201.30745124817 51963095.06919535 -1.318955949990178 -15.057334845333646 -11.704305733324418 -0.26366475703632375 75.6321259650667 -16.658744447852314 10.534312542111252 -136.6296012449198 -296.28174999854565
828 26231.1252450943 52285071.81399774 -13.05174801777166 -38.66275951501135 -2.84415029978161 49.480546704726976 112.05764389371244 -25.696479747525586 23.037476829010757 -143.2999013211704 -295.6444662258374
829 26261.156399011612 51971063.32643737 -2.7449206503107035 -15.147153059729638 -11.643096709107638 -0.11609841631691609 76.31744133146209 -16.904532331825862 11.51469405240033 -136.7340464509782 -296.00810458945
830 26290.926186800003 52004533.608208686 -0.5746896003047279 -14.285135771719686 -11.958697607574408 -0.3468764216558782 75.60639259152269 -16.46567202895443 10.310943803756288 -136.43699480404484 -295.6043914578157
831 26320.737109661102 51944540.14598625 -2.17268555847485 -15.600486155901434 -11.561462641392183 -0.20087719180865804 75.82148809390726 -17.265192614223736 10.491416774574759 -137.0175277021408 -295.9597499850804
832 26350.495418787003 51984334.18486082 -3.8768857919744253 -17.48665437641285 -10.086656077809167 0.3154491654480722 76.25547744893817 -17.338548248356233 11.89392273359374 -137.05546237143494 -295.8185553694231
833 26380.889779806137 51988711.85262411 -1.0146760055162343 -14.943893268859831 -11.53383775938024 -0.19037295815165578 75.5019061906583 -16.598297599376167 10.047805289576786 -136.49241927828916 -295.55250651518287
834 26410.994010925293 51989273.13889733 -1.9531500035566243 -16.079084801899597 -10.767148539871911 0.05609898272567193 75.7705293712057 -16.709182400782197 11.042055483575894 -136.59812728652645 -296.05119648347386
835 26440.67595720291 51990285.97363067 -1.5167542803007574 -14.62320318874724 -11.579819202459468 -0.23673485363900681 75.94387373517806 -16.732914631759854 10.969165425694428 -136.64898402264657 -295.8724387164025
836 26470.67366528511 51958102.15993903 -1.9615388335939201 -14.279410422544542 -12.19917729635143 -0.5306975292673854 76.09081891907908 -17.322858358022756 11.189207882522908 -137.06908518219439 -296.3398059011686
837 26500.41916370392 51989778.792101815 -0.6731888764426177 -14.68957363310226 -11.597682071491406 -0.21292173136102122 75.66356274295882 -16.325999323471706 10.537826218221426 -136.2783394358143 -296.2028939461647
838 26530.28431224823 51969002.34565278 -2.978714897293486 -17.104799660563632 -10.515940650880232 0.1556183645774496 75.7014069481747 -17.095184025100593 10.808947587591717 -136.88370153092245 -295.7064979588529
839 26561.16992878914 52036116.46483336 -1.160530225524175 -15.91878133820846 -10.92041215058751 -0.027330331591883805 75.52991998127357 -16.518117279812202 10.728430702316757 -136.37927250649778 -295.3570195422725
840 26591.771245718002 52883679.26421817 -21.36022267375948 -53.11190105402118 8.542224388353212 54.82362417478143 119.709451688374 -27.080602954205858 38.842611717535874 -144.30956305482943 -295.1359148937135
841 26621.9312582016 54060992.706588715 -6.603483858165111 -27.076574515809657 53.31696238133113 15.256721073345886 77.48732849364113 -12.042892082902483 18.70294207198299 -130.3162391326165 -265.2966862528459
842 26652.422905921936 51959432.83699941 -1.7046578091183822 -14.97086578687199 -11.39160121593875 -0.16875704655684842 75.7222537505258 -16.59939074651311 10.667812817184654 -136.53645101795672 -296.2847463117176
843 26682.377451896667 51969437.89627674 -0.41397699943891375 -14.156053376948174 -12.24234948140004 -0.44977430863453094 75.524403824191 -16.527334270324673 10.15720059282063 -136.49452678685157 -296.23851927921135
844 26711.951654195786 52050212.21973614 -2.373608255041608 -16.5729330753553 -10.592173774223596 0.16620628551089567 75.801552327438 -16.71481198875466 11.323488194587185 -136.55950519608024 -294.9364631349867
845 26741.9278151989 51975413.47537934 -1.6846779680915454 -16.107292317008614 -11.022029744290009 -0.03651668569294486 75.62168737155827 -16.70649405683048 10.703098122078927 -136.6307672730964 -296.0625517554905
846 26771.754618406296 54059974.88170227 -7.726915225542779 -27.374077726889936 53.822065535220055 15.418594404542475 78.0114723435093 -12.384735152763767 19.563333823421544 -130.50876753712453 -265.3797340707582
847 26801.591317415237 51930659.90982139 -1.6798927643503578 -14.756318406131243 -11.725360744068183 -0.2252672776863136 75.92316050044087 -17.060929636067442 10.350566035745658 -136.84190401055235 -296.37958529661614
848 26831.41068005562 51969156.65643112 -1.5267816208232077 -15.278532415213764 -11.674614237989282 -0.23645192652330138 75.74644275624611 -16.94237814067509 10.630678018604954 -136.76572404640524 -296.0151026235173
849 26861.25913476944 51962098.78499733 -1.1610393258632836 -14.625742287239397 -11.90343726678114 -0.32065420186569327 75.64236530095206 -16.712063548617152 10.344435750674563 -136.58445779961795 -296.2361233053157
850 26891.06010389328 51994055.92243623 -3.1112507851353417 -16.94550782426369 -10.485518473274006 0.19563549814149894 76.06961397324282 -17.083729281079684 11.68959450867095 -136.9307240362764 -295.91886198665605
851 26920.799305915833 51975732.35999101 -2.312408529000388 -16.27140229968107 -10.73802618771267 0.08756709260538287 75.90123942739632 -16.895781290669845 11.19949478331199 -136.76688765709645 -296.1677871480619
852 26950.580849647522 51967614.05510166 -0.8282652797721877 -14.784007626075233 -11.92099766586039 -0.3470617636197346 75.48835687529325 -16.82848579890691 9.868777398583859 -136.7186063289435 -295.8826211235487
853 26980.969229221344 51987731.67608945 -1.107193856132012 -14.6872305133552 -11.976702850704442 -0.3394919687514317 75.64981784621999 -16.654660573225215 10.472338787237447 -136.56060707132212 -295.74652841615415
854 27011.56184029579 52001846.71905901 -1.098098735973073 -14.91042477336898 -11.447930455577868 -0.08653928368141806 75.82685976655353 -16.513562876607295 10.7419818813122 -136.3951623301088 -295.94016735781304
855 27041.63973426819 51958412.84514424 -1.8964468021258494 -14.808012866358176 -11.909606491343702 -0.4147626171919967 75.81213152266216 -16.987073853125878 10.897702384243416 -136.7949797843761 -296.21046996275334
856 27071.352593421936 54051351.67526528 -9.00043143440764 -28.742768236597172 54.32214378951202 15.615180572178758 78.21155971348196 -12.715515712750118 20.404421519060293 -130.83892318926888 -265.61784791285646
857 27101.588331460953 51940881.987943955 -0.21539267682645935 -13.497650069841264 -12.72361312508444 -0.6310910914461374 75.44085931635195 -16.61950345012741 9.56012948157786 -136.53090931221652 -296.3490315887209
858 27131.672064065933 51967288.85589886 -0.6197620920692213 -13.83484350054591 -12.634183128165994 -0.5771483741362715 75.66096998599208 -16.673041532249442 10.377155714434195 -136.61771043559986 -296.1817551227268
859 27161.813792943954 52005810.21260488 -0.4922927446488625 -14.728875203416287 -11.781463142550365 -0.19356943132565618 75.43157981752833 -16.397130008127647 9.72041488579913 -136.25571174291917 -295.3447862481985
860 27192.696156978607 51944092.32059575 -1.3976816282102256 -13.727357236674663 -13.071755707881422 -0.8256554071536044 75.7688797580669 -17.21735453703144 10.684925007673712 -137.08385587933532 -296.3779616255084
861 27222.50155043602 52798902.48768149 -21.60751832380073 -52.643538526045674 7.762528165095169 25.823570443766627 115.18991191697197 -27.722603324332624 38.29808971909267 -144.8388927984027 -295.6882293780326
862 27254.127912521362 51994336.4451616 -1.5557755014139065 -15.576914027838331 -11.581506918778935 -0.19743668375713241 75.55788899995935 -16.843249422908855 10.31644039568107 -136.6315803418659 -295.363876379054
863 27283.803914308548 54867312.150980905 -28.4306531416294 -65.38103469207965 72.82125552828785 41.279290701100564 117.33196213789634 -23.62313567124272 47.715534228469664 -139.02478487625353 -265.5815592302216
864 27314.024652719498 51949563.57238804 -1.482706456807847 -14.241069872427044 -12.02546349487455 -0.2708972870638888 76.02179179712837 -16.82198663675871 10.650075714341085 -136.71936695920743 -296.5098625433412
865 27344.753872156143 51976133.21426076 -0.7556980745658564 -14.655332685370597 -11.799905297339095 -0.30965845419329696 75.53069703682621 -16.558217627513045 10.274182623285355 -136.54264334751235 -296.2122205570228
866 27374.944321632385 52758695.22605523 -21.023179618656563 -50.965591617361 5.9759577143966 25.151358701334985 115.14276657103449 -28.175690774121506 37.96946440685076 -145.25188587752308 -296.16937496063895
867 27406.290168762207 51957195.988457575 -0.08765485023792507 -13.953882970233238 -12.358547848703978 -0.46685521866342583 75.42759105050867 -16.497175128274762 9.694334959622267 -136.42871514660362 -296.3305039396919
868 27437.564747095108 55437635.89081707 -8.499736940104425 -30.2520342109949 35.6749034061154 41.91709104591088 143.00222109924295 7.878395817235287 82.16326230862262 -118.07181598523874 -296.1459025992733
869 27467.7643802166 55459710.730042435 -11.811502266277726 -33.46741459840628 38.23338457784584 42.97429243179782 143.89086216918716 7.80327886567386 84.18793629475863 -118.09137398137744 -296.10146128383997
870 27497.420368909836 51963202.27909897 -1.5814323124132663 -15.407859743290414 -11.705819447232777 -0.23018216520561907 75.65653419662455 -16.819881479100502 10.630989276784817 -136.74645058131028 -296.2016162315689
871 27528.9856402874 51944037.76584563 -1.2814806678262851 -14.320914554321401 -12.298854078603632 -0.39479529360951915 75.70897865968875 -16.731273379615118 10.206051823843268 -136.66453535316413 -296.19463206199816
872 27559.00034213066 55497674.49801144 -10.188019820534718 -32.308031362648194 37.45587598127613 42.64393335226964 143.45021253213181 8.155098639667017 83.43040443505276 -117.76269966881483 -295.6301154903931
873 27591.205034971237 51990730.679245405 -3.1312681836945053 -16.864670466373873 -10.602958170532567 0.2682366368913307 76.10433551499735 -16.913008535156052 11.338516438958493 -136.71483420028954 -295.4325237380882
874 27622.790292024612 55517463.89868053 -11.010365351537805 -33.65799822826202 38.210156913446475 42.92313930530385 143.55524031749977 7.885654835939761 83.87470997951641 -117.97599210593927 -295.25584570956073
875 27652.530181646347 55481153.74395748 -10.359838553859124 -32.49822804692436 37.7040049465856 42.72098461949693 143.40085335786347 8.26173292830066 83.55079743139493 -117.77035422974774 -295.86695741279397
876 27684.017273187637 51936742.24775215 -0.9549510647938622 -14.658971716317865 -12.156019635575412 -0.4332078951151743 75.42862325845724 -16.95156937840227 9.699797843794613 -136.77620510957172 -296.13133296360826
877 27714.050458192825 52753159.62106399 -21.3543798901624 -51.626097026488125 5.947509609331711 25.185365116962558 114.91121540809598 -28.347811507131894 37.53734018950831 -145.3552991927483 -295.87777027278685
878 27744.130338668823 54029711.155208364 -7.900638960488205 -27.357041971965923 52.66438579851139 15.223312969013762 78.04050896377751 -12.50727552431971 19.586892303389845 -130.67402599495313 -265.7821245330107
879 27774.090465068817 51974746.80708554 -1.2317673408895295 -14.264122695314306 -12.260275059944725 -0.368615606241093 75.79567422487602 -16.681802688698838 10.403656598155692 -136.59674785753748 -295.90825590745783
880 27803.96568632126 51959476.54921525 -1.7500474768623153 -14.68752603946372 -12.228376490522429 -0.3233770033465504 75.91684232466268 -17.000568765036178 10.425466298549452 -136.80575506096545 -295.8798053293435
881 27834.075124502182 51979939.62292901 -0.6841887122173809 -14.284955413046498 -12.205446157272767 -0.43991252895109767 75.45631442293579 -16.573796001332084 9.931175494314914 -136.46716878786737 -295.6852566583912
882 27863.803750753403 51923450.32138838 -0.4781407819641714 -14.356970118359902 -11.953326987444413 -0.33472279284802653 75.48768498575521 -16.642045511288643 9.584380987503948 -136.59426913369964 -296.60002405015797
883 27893.70832657814 51941525.572299235 -1.2498906982449345 -14.645578166757517 -12.236913449171858 -0.4256533666402902 75.58933839775824 -16.817022219171122 10.27587281662477 -136.70235409387465 -296.39229119404337
884 27923.818472623825 51964082.99573971 -2.1027305240935714 -14.922472706996974 -12.150614764020233 -0.44949853333454826 75.79839780213021 -17.2443756473113 10.63719299163165 -136.97947826715728 -295.7839734622526
885 27953.97852039337 51944890.24765621 -0.5127189906035259 -13.903290366474856 -12.672865413086349 -0.6392190674894778 75.49263586118201 -16.89130758126339 9.884319107222268 -136.72413282812653 -296.33947880120866
886 27984.035617113113 52001141.21602421 -1.4917350744733682 -15.746496419543192 -11.106189123322416 -0.06278268692827282 75.53366224003572 -16.606922826997277 10.468061727264967 -136.5432680252743 -295.5605884580117
887 28013.99023246765 52017174.5286463 -0.773852051048344 -14.592098405946622 -12.094035352997992 -0.3751324973512311 75.56005485483092 -16.394353031854507 10.551010745889528 -136.30520032638674 -295.6343612007183
888 28045.329469680786 52012284.871811 -0.2104105803448455 -14.065021800006459 -12.25482114592635 -0.39834037379624476 75.37890512342605 -16.163357390640556 10.040276572504354 -136.16320877228839 -295.5275254409217
889 28075.213255643845 52755986.132970884 -22.77383159193939 -52.84159475842955 6.923164118889012 25.554809172171673 115.26131785963354 -28.546681621014443 38.302563985374604 -145.46810047318627 -295.88897678937906
890 28105.43995141983 52000750.40056862 -1.8259562031716978 -15.514514415422486 -11.181801414068886 0.01612092647800978 75.81830734810498 -16.59061194899658 10.712600059361023 -136.51084609823016 -295.4857180731957
891 28138.044785261154 51934187.47304878 -0.04694838672495294 -14.239794879285814 -12.143868265495165 -0.46210169340771756 75.19879929491819 -16.601956876183692 9.317770780580702 -136.51152617481097 -296.50718048607456
892 28169.547906160355 56146955.31249142 -33.00526370109869 -70.95277040859729 55.247804740507966 68.30022130041316 183.01741027874394 -4.984650970278608 110.54766396135528 -127.76210204256785 -296.23844002817987
893 28200.770458459854 55464509.234294824 -8.756351433506493 -31.493002560151385 36.70510655749956 42.37635247329122 142.9125212669345 8.334211578240343 82.41098338901725 -117.70863673187102 -296.0161182081438
894 28231.204854488373 55359677.661977515 -10.911295192166532 -32.50543002937946 36.457519958231316 42.440489877778774 143.38212469789326 7.059038964359729 82.45312356107343 -118.70500491396484 -296.7087773868593
895 28261.153311491013 51891717.134577036 -1.756947463933317 -14.721175875966878 -12.390490677180466 -0.523082989253183 75.75019950755686 -17.455025427919736 10.095246610087543 -137.24944759369112 -296.6765439819833
896 28293.71799850464 51983237.143308066 -0.19006775157019362 -14.168953719953436 -12.339693584031913 -0.5005647654745644 75.30678782628392 -16.504560984036345 9.863892370840802 -136.40424688950446 -295.9584842384578
897 28323.88509464264 56239964.25118856 -31.57228112240591 -70.44259807272662 55.940065210658915 68.5634155947471 183.01660672507552 -3.8938986469422616 110.83718755309133 -126.90015829374471 -295.8176656504936
898 28353.87481403351 53967481.38434737 -8.800846342847821 -28.177499295376805 53.226582719394045 15.299153963066715 78.07631729621369 -13.017230570526635 19.694289587797243 -131.1034897832464 -266.5432173893804
899 28385.078195095062 51951243.20772815 -0.8853078916738397 -14.596858354852518 -12.167915458432077 -0.5138611495478358 75.38713468741015 -17.055434197605052 9.724851402945092 -136.80216628580007 -295.9662987764791
900 28414.960123062134 55455911.05739025 -11.034978978437854 -32.52272111209207 37.185562162214936 42.6204987025649 143.6169435758038 7.630955865611156 83.43707268201672 -118.19901447391311 -295.7046452197569
901 28444.695392370224 51972512.88356874 -0.9987848577206613 -14.445648922814549 -12.160830025155725 -0.4340532900724554 75.58522105203323 -16.837078053776622 10.17789578341069 -136.66327149120963 -295.8166503446978
902 28474.59104323387 51937386.57760068 -1.8974450270795966 -15.137371809948947 -12.118916590818756 -0.4246371802422573 75.63281347622986 -17.246365031499124 10.386005892132687 -137.0281789020883 -296.16799886308957
903 28504.731337547302 51962153.46693395 -1.3872381422381466 -15.056482746258762 -12.04798441962079 -0.4605892499500186 75.59579848725879 -17.21800689352841 10.48224638427115 -137.02138048433454 -296.17185730901224
904 28534.41435265541 51996232.21604257 -1.9482717684027495 -15.528179337849426 -11.762889555832345 -0.29283153737058853 75.63997423837993 -16.992036551415936 10.714517143317039 -136.7676904525265 -295.50791229589106
905 28564.651624679565 51942191.29582685 -2.703801838837144 -16.421114330822707 -11.072549625496102 -0.08615268602240178 75.77935589606646 -17.364491162003503 10.81240737240779 -137.08624895908065 -296.1901148243395
906 28594.6804087162 51964007.26179658 -2.137949540125682 -15.711342759164179 -11.290200528682277 -0.11449129672965341 75.72975764463406 -16.981347130426002 10.623121049586757 -136.81010996862148 -295.853627795653
907 28624.814224481583 51942888.21681438 -1.421378040495581 -14.951713020980586 -11.848810386590138 -0.3175821771703795 75.57622130597437 -16.938344522904686 10.191563002161786 -136.7709341575075 -296.19262364254575
908 28654.428440093994 51969574.42041611 -1.1794910103877285 -14.564602377785546 -12.05321058463884 -0.42476304394557474 75.59056980231608 -16.75792556636128 10.439572228894747 -136.6991992922973 -296.01159694971324
909 28684.454976558685 51929800.45463692 -1.5206767287816483 -14.81630444461672 -12.160365329545797 -0.4511986009112974 75.5791267425651 -17.14536005030692 10.086482183187059 -136.92926586070337 -296.2984765906883
910 28714.297083377838 51927390.32625303 -1.669197471633339 -15.352697558315691 -11.764514612448195 -0.350629928020453 75.56949489303884 -17.311493657328924 10.02801969336008 -137.07183520276647 -296.23850248754286
911 28745.153439760208 51965415.417521335 -1.5131169670871554 -14.870346064116887 -12.165463713927728 -0.43675215415781565 75.58002401498631 -16.878348731135645 10.400795553824025 -136.74772029731463 -295.88168554486504
912 28775.253288030624 52808580.06512105 -22.467509541826253 -52.837846885472686 7.670236018460855 25.819452287325205 115.43496895758653 -27.946498121887714 38.93976618990166 -144.97742937613498 -295.7328348804692
913 28805.01788020134 51946298.63254232 -1.6857197758321902 -14.318709302071447 -12.176362819868814 -0.4962154168385382 75.81721089657799 -17.129597887240607 10.540982257777728 -136.9038534527681 -296.2281336331444
914 28835.12488269806 51951406.29854196 -0.6837578039250367 -14.013182660059108 -12.4345643833448 -0.539347846348619 75.50618828744393 -16.78913334484838 9.923820027393276 -136.68916160262677 -296.2165753005329
915 28864.973977804184 51957229.008065976 -1.4454202808763927 -14.506545816558228 -12.14996289385143 -0.465536886409879 75.61709772157087 -17.05662152977351 10.195381220888805 -136.82767010494774 -295.77569965762115
916 28894.896663188934 51953025.08730142 -0.5895247470673901 -13.702961016398607 -12.619052961753376 -0.5690647786640994 75.5714679973522 -16.722164733795637 9.963352075170633 -136.65937854849903 -296.1887273559611
917 28924.403733730316 51948534.12128348 -1.63742856513697 -14.963266374176627 -12.056709487701376 -0.46388167699487326 75.56554830868686 -17.23894521688493 10.25528221569948 -136.98190996301406 -296.0871095277488
918 28954.462079524994 51971420.51285262 -1.579272471496422 -15.122304247252213 -11.840403692532789 -0.32690924058488235 75.64715739753048 -16.949011525995843 10.654036616240603 -136.7692465982766 -296.1051923751751
919 28985.40766596794 51976904.93861127 -0.8514365578971503 -14.272622031746021 -12.081029606053157 -0.43139439203473273 75.53002173786716 -16.53601190152409 10.399301545682476 -136.5122421343617 -296.1774332422091
920 29015.395967006683 52754731.32669021 -21.780108555069322 -51.66466195732298 6.395844600815067 25.27740630009454 115.10000120657013 -28.41536166829451 37.88176289257319 -145.38551815981418 -295.8810284377231
921 29045.080226421356 51949709.39364942 -3.2948021644609256 -16.227474454366906 -11.318704797159128 -0.09617409867196614 76.08023029067937 -17.465100536895477 11.130554054764275 -137.16646250152445 -295.8381183947541
922 29075.70323419571 51948622.195061505 -1.3804591365923997 -15.346530997847637 -11.673050751222071 -0.2809636356582388 75.55838500846012 -16.956454700217137 10.272215364518217 -136.80696636510032 -296.29447412332706
923 29105.34688615799 51974696.39047374 -0.23409627394991084 -13.991816332614116 -12.450705800226373 -0.5641881922262826 75.3914091576932 -16.687611850473218 9.76995756999662 -136.5622811735371 -295.8224849746017
924 29136.70316028595 51991734.306427725 -1.3197216907476665 -14.937118560403643 -11.898130653238667 -0.3199294580153804 75.62559866242393 -16.71271704407826 10.678644755380901 -136.57719116654636 -295.8503647415358
925 29166.842965841293 55390818.26546561 -11.521392451530186 -32.87680006649093 36.819176021047554 42.50904411418202 143.5658398937884 7.002775266345338 83.13323635133077 -118.74216708889776 -296.42832211909774
926 29196.604143857956 51938112.60756598 -0.23279121783558665 -13.501513579356992 -12.770337172603803 -0.724976310728394 75.3769597257479 -16.794171122882517 9.618505277065196 -136.65444059532376 -296.4165283797827
927 29226.496495723724 51965178.012853414 -1.0555945441853805 -14.153185222894649 -12.365595830146894 -0.4326922192488212 75.67332667842325 -16.80198941660069 10.033992102003197 -136.652880805221 -295.75425712052083
928 29256.516358852386 51902653.25170358 -1.7676581058710408 -14.471005472965194 -12.409813303498439 -0.540797992624789 75.80509951180217 -17.354884356448963 10.33604311767158 -137.1673524952392 -296.7738149962332
929 29286.438319921494 51990076.8782792 -0.4999695626810041 -14.181033013199752 -12.249789829825758 -0.5072820321203437 75.39644718446708 -16.511803031518298 10.050029850737474 -136.42299883857504 -295.69684700252435
930 29316.439747571945 51916310.44124726 -0.14102447072951563 -13.415504281840603 -12.857108549735031 -0.7905964063801179 75.28496260492798 -16.868872335452863 9.44500524210224 -136.74622301819824 -296.7039306931998
931 29346.876077651978 51987927.876352884 -1.1352857466317303 -15.513970757207188 -11.445273332443989 -0.14449761300615194 75.43891080186046 -16.60230948894622 10.127263276797464 -136.5072540182212 -295.648311094513
932 29377.258584976196 51929463.23484831 -1.465902006255872 -14.475543705600144 -12.263127692014272 -0.4747857636276507 75.75776533670387 -17.27190475737325 10.145044532764302 -137.0197731660033 -296.2316724511263
933 29408.533329725266 51962894.06331852 -0.35555041752677496 -14.118651715457386 -12.369887685739712 -0.5420399404362399 75.36429370791862 -16.72746573334848 9.817596020262215 -136.64144490459523 -296.05485142484093
934 29438.71564102173 52796915.83749484 -21.25067102284075 -52.01233665432375 7.346027454492258 25.613448223858697 115.02205524016715 -27.639112151958045 38.244654451343195 -144.84410594390062 -295.9757355544227
935 29468.9118847847 51944026.02893272 -0.3976238476887648 -13.916744527062603 -12.481536218967406 -0.5975536751460453 75.42472582454059 -16.880664617281752 9.584438230728722 -136.69299945200805 -296.2511792436841
936 29499.25300860405 53988164.04928758 -9.055424399907206 -28.22640438034655 53.569629504260874 15.317945916059898 78.04603377412433 -13.070462141000178 19.63961015551547 -131.12058291918862 -265.9425697140032
937 29529.274000644684 52016530.621364385 -0.23052360122794902 -14.253289945330213 -12.192447720713005 -0.470133734646609 75.31108966173471 -16.398427164939164 10.073844091735396 -136.34887070330535 -295.3469241930152
938 29558.987072467804 51932796.91130115 -0.4599890564302793 -13.97754275127518 -12.455009098210496 -0.566020737600013 75.39593262477112 -16.80810740764707 9.543456011199225 -136.7170176977848 -296.2047666875686
939 29588.81000137329 51950916.95806702 -0.8144683222058973 -14.266410765409105 -12.341642307214883 -0.5705424163057984 75.54272230126695 -16.96318142201835 10.082620320504986 -136.8204867456463 -296.23622457199633
940 29618.722222089767 51951471.72092544 -0.5996920889986033 -14.165074488837316 -12.365230470892378 -0.5618548455549615 75.39675114471508 -16.89272579891349 9.561899207868521 -136.65337742098149 -296.01073841784796
941 29649.72527909279 51943661.72109111 -0.11702367070484065 -13.539356540276025 -12.856401164775583 -0.7454118804087813 75.32576349668523 -16.899110077440184 9.4377949004583 -136.73134904786258 -296.14533370672024
942 29679.52726840973 52748051.81918929 -20.44222553231817 -50.51840590096691 5.890122384929214 25.08581893061215 114.94674790913089 -28.031194761852532 37.495341440517336 -145.1984918162628 -296.3962232822279
943 29711.191026449203 51961998.58691906 -0.04789516794280324 -13.770704920357243 -12.51349018291178 -0.6259936505133084 75.21218271796303 -16.47590328800709 9.767791874624777 -136.42605430460856 -296.2105305007747
944 29742.46361398697 55467675.23961871 -10.422282400772707 -32.487909154220496 37.060523507804334 42.51573871839807 143.31076635611169 7.714361048117723 83.17581378213356 -118.13418731391295 -295.7459229979229
945 29773.002370595932 55419938.28555759 -10.617816730302732 -32.70897424286871 36.747957623148686 42.49761756669426 143.22427853595352 7.318480854059487 82.49196665361785 -118.43418596371004 -295.9474580926145
946 29804.50398373604 51948741.675810255 -0.6750302928280103 -14.045829231951043 -12.458735564457314 -0.5766296144937115 75.47076931486706 -16.823075645413724 9.873161864687518 -136.73613854154462 -296.16710671780004
947 29837.301795244217 55402846.9384279 -10.140048913994665 -31.51178474745772 35.96943389667884 42.22812624684764 143.33394420204888 7.455303446939752 82.64550261312934 -118.39655040133471 -296.4977588761991
948 29868.42997956276 58318256.38959515 -38.14977209301324 -82.24357028810324 120.75799384051899 83.75247466210685 185.29574170745977 0.14894223904218507 120.6447540925119 -121.09721308448911 -265.6102347104894
949 29900.73757982254 52769826.76753829 -21.45558473140035 -51.44505949268375 6.583608807344014 25.361328148987 115.27123922636729 -28.042980735880974 38.39975222308203 -145.1557958155306 -296.3395744953706
950 29931.571845054626 56238026.02484857 -32.21756674902291 -70.08687551750776 55.71531027086046 68.3677120975616 183.36568789903112 -4.184804630325573 111.69843781212433 -127.11766668276186 -296.0920557327793
951 29962.18024468422 52698628.18273633 -21.234120956255524 -51.153528044011864 5.898346187560463 25.12810717541352 114.97000126786327 -28.453215984846167 37.34306862335268 -145.48577429846802 -296.7283225176461
952 29994.837857484818 52731402.47305479 -20.621665468237598 -50.39903113660066 5.697506320716229 24.989872348766895 114.90006114962823 -28.187316706994352 37.41735174669941 -145.25670514698828 -296.46952760350223
953 30024.77916908264 56184176.82405184 -31.273917773409686 -69.57635485922606 55.173532167212684 68.20128907423194 182.96712968051483 -4.211444087535995 110.50756720384197 -127.22886538466469 -296.4053851070079
954 30054.68274784088 51993168.39547282 -0.4335577459803055 -14.08370909023477 -12.275534088445092 -0.5078270325874854 75.33890572850702 -16.599455169316684 9.794670033555121 -136.4749192306494 -295.49095688518355
955 30084.55887889862 51961116.31495537 -0.6697274535880187 -14.53473613398587 -12.02629573476942 -0.4216534527780311 75.37365445744885 -16.646156939778393 9.902632876433415 -136.59630824937403 -296.1170305439057
956 30114.560608386993 51986107.47151902 -0.017446180051905458 -14.224905182056249 -12.205072386957902 -0.5570604282544167 75.14241830243465 -16.560046424390123 9.723734454263194 -136.45238643011163 -295.80763280452584
957 30146.60777902603 51955734.86515051 -0.5919692123608584 -13.8307062759866 -12.532453861050449 -0.6035939980132952 75.44702249222544 -16.667598801925294 10.062413526042064 -136.5798414045533 -296.217043042294
958 30176.506997346878 58323651.53292344 -19.576681696382053 -72.43426664794679 81.6462519457276 83.90440161738861 149.8822820703082 12.51644588735428 98.293707087788 -111.05413335368922 -257.3209032940431
959 30206.6760866642 51946833.66856689 -0.6594204732975193 -14.50848933329944 -12.194494342134078 -0.46052228709929466 75.36481677173416 -16.84415561684324 9.533149354263855 -136.69080282982975 -296.01176206575985
960 30236.962895154953 51953597.55430409 -0.5301930283499932 -14.886328785972054 -11.914237116404152 -0.40392334811541275 75.22674117998432 -16.715470409870875 9.634091461683 -136.665423063636 -295.97751310280063
961 30266.93248438835 51958140.682255164 -1.6350561017954348 -15.447125565014767 -11.625291630737891 -0.23548586634801438 75.62141509841902 -16.95983270938825 10.488669551026078 -136.79506391132378 -296.1710868923328
962 30297.10815525055 51941490.278992996 -0.11080841619252801 -13.969811800960862 -12.341849395297132 -0.5499157671800532 75.28635826416179 -16.59102997233265 9.624302557826809 -136.5207606926063 -296.53576139044884
963 30327.09934902191 51925928.79162285 -0.8497497710137694 -14.733972585768388 -12.028575510364938 -0.41931195480849226 75.35836747886371 -17.029682799591058 9.332037982770316 -136.81182323201676 -296.214584175229
964 30357.148208856583 51988178.91048274 -0.27419116535393506 -14.39622471386112 -12.065218372037336 -0.4777019512567904 75.1773023375311 -16.519201425573044 9.706823015201678 -136.46829156231053 -295.5428158103004
965 30387.11866259575 51950178.8629537 -0.45453297320782227 -14.822374649127774 -11.996439855273401 -0.4699813383208493 75.161401454151 -16.78704487079068 9.52864946328475 -136.70444495760853 -296.0522885176324
966 30418.967785835266 51942510.72985312 -0.6922303470073441 -14.507413847040738 -12.266859015319419 -0.5267545917947842 75.42162667553374 -16.87742277839442 9.934488041278257 -136.74650175962972 -296.31698252817284
967 30448.719101190567 52992195.619903855 -35.062167710186074 -76.03690831558407 15.508974469950218 46.46883287790928 147.4595713368969 -38.09410338262552 51.09120079430954 -152.77990322486113 -296.5499232854643
968 30480.04190850258 52006049.12214734 -0.566119371024774 -14.75771448069559 -11.94533451625427 -0.47143404258372357 75.1231992309629 -16.60212845848605 9.828287784106635 -136.50679306960507 -295.2023894564022
969 30511.34542298317 53088262.062438376 -34.95499025535699 -76.78831285578127 16.22554947879651 46.686806129296286 147.3589252606836 -37.68331071126528 51.55368531951376 -152.33274859553353 -295.41477366691254
970 30542.011271238327 54255844.14416216 -22.11616946891703 -52.94531673372326 62.25466158503301 36.228660349761256 109.90928354744723 -23.270219970641108 32.24405192878805 -138.74657068053313 -265.66696923264453
971 30572.12162423134 52200953.89115264 -13.53569620259746 -39.183436252758284 -3.428446442011598 20.476012785620398 107.08872872963444 -26.769099015228733 22.03727822982512 -144.15556510937625 -295.96653418607883
972 30602.75586128235 52023462.5477053 -0.743888408504219 -15.02454621800501 -11.763198322154373 -0.37821078294886945 75.30473961190302 -16.671920482132748 10.27756436337529 -136.55230240410657 -295.3276199648386
973 30633.201567411423 52210062.32055105 -14.536262858143841 -39.49912329176931 -3.4187160047806273 20.50364341533124 107.430461191618 -27.18454539853724 22.697929441025508 -144.44738933683846 -295.8657248776243
974 30663.168081521988 51975175.976001084 -0.9731332469852703 -15.774817270209498 -11.2113403455824 -0.16276917086803167 75.25619865254379 -16.775416404773694 9.82301227952047 -136.63749090657842 -295.77423695709837
975 30693.246460199356 51952474.58093227 -1.39462945273943 -15.544461019236131 -11.659138424032754 -0.35179161813515236 75.36712197194652 -17.206031246898988 9.934566706240162 -136.9408063879327 -295.93547690263244
976 30724.201466798782 51990432.15582994 -1.0387838412988355 -15.614772711146177 -11.512008709981913 -0.2995190550382887 75.20990550380856 -16.76440322785794 10.145750158378746 -136.65682804175134 -295.73175033311395
977 30753.847059726715 52231022.75268801 -13.847957025919667 -39.06215865146758 -3.5229370667004147 20.439245935082027 107.26456116894764 -26.87110420243164 22.380138283451515 -144.23663423308165 -295.38203742916573
978 30783.630848169327 51972723.88712205 -0.5369526082302478 -14.838969554289045 -11.839066105012868 -0.4191356008512628 75.16440135456264 -16.613667240839106 9.734733176409009 -136.5569677270937 -295.8176235466402
979 30814.727650403976 51998570.48544384 -0.7705266283395265 -15.2129226866376 -11.657233321575383 -0.33763810761684 75.19870582903529 -16.739484465984333 9.849027734925528 -136.5579089995199 -295.3083253438708
980 30844.68609547615 52819488.64562304 -21.634039849870405 -52.47073979225335 7.960042410727539 25.8672270145983 115.2266235160873 -27.481831611545545 38.601205168759066 -144.71492190903695 -295.82059599896957
981 30875.332310914993 51967062.407412924 -0.824539984575841 -15.0951480778377 -11.700843457811352 -0.31431775931963557 75.2522851189945 -16.618511569333236 9.799770547742696 -136.5124734566977 -295.8024848015266
982 30905.290086984634 51959499.42911771 -0.7772072530068019 -15.185752900968083 -11.558346542215013 -0.3263895150681293 75.27337951016281 -16.723401445322224 10.146699810193297 -136.67925753851915 -296.33631628330176
983 30936.31571149826 52019918.55919934 -0.9498789075333853 -16.0829409041987 -11.07396566838456 28.555706338275513 79.6971783940957 -16.650923136365293 9.943791787178327 -136.43775659884375 -295.0994564125424
984 30966.319343805313 52850393.662032895 -21.338971937508703 -51.91068703495412 7.474156412757573 25.694092730712782 115.33714672270276 -27.474472296426995 38.83913423337833 -144.63715019941162 -295.5376748711117
985 30996.425382614136 51973682.09304619 -0.10869374860380532 -14.977316329077839 -11.660803925767624 -0.38872779582001726 74.9267736078754 -16.4659429218583 9.44269536326965 -136.43113815244607 -295.9096364843505
986 31026.87759232521 51981290.03168457 -1.1933445059907068 -15.825347901410499 -11.310926927927483 28.50101976172448 79.7659568343918 -16.782290765711593 9.736422734121675 -136.57282187255748 -295.36177017060527
987 31057.019024133682 51952655.78174318 -1.8259581980202704 -16.316697254290155 -10.94859841417317 -0.05086925040380663 75.34756298702197 -17.049680534615902 9.8222348319851 -136.85721659232848 -295.7640305864544
988 31087.230996847153 54937105.51914751 -9.602085796114642 -54.95771658192536 33.82473998042592 41.095314450993044 81.70002825540891 -11.449955059159379 25.66916899084174 -129.06018158746974 -256.20017203817224
989 31118.359810590744 51983269.280581385 -0.23292476808503437 -14.841212843630029 -11.617895353828693 -0.35592214188753246 75.0267836638082 -16.563908751533177 9.316326181659917 -136.41319996922795 -295.38942457777694
990 31148.249455928802 52822109.25160806 -21.19165872080409 -51.882114956623255 7.144773809477229 25.530782276750315 114.95275502325048 -27.719963619809903 38.03716523771607 -144.79601249971353 -295.35066424377624
991 31178.326562404633 51974299.56859701 -0.0008795919414232856 -14.540958479524935 -11.905952970170901 -0.420459338547289 74.97477067791876 -16.24662892891604 9.434945110192075 -136.2850567649716 -295.7982779898995
992 31208.408628225327 51941562.39631481 -0.41540525087314073 -14.582662951943604 -12.050106616847977 -0.5167783920009441 75.1381643675279 -16.628131398724406 9.820763966575555 -136.58248412730705 -296.53481002368056
993 31238.656248807907 51988984.71672585 -0.6870054157993657 -15.548791066158241 -11.07729577117776 28.50591798786138 79.53380460998781 -16.457283941177536 9.631400533242243 -136.38284795432406 -295.52905219966965
994 31269.717160463333 54931749.005979046 -9.612282596456636 -55.04097883065885 34.08605122034252 41.16050436067728 81.68936991144997 -11.46484806544305 25.502975860622655 -129.08626287581592 -256.1549398005936
995 31299.78532934189 52236002.12566668 -15.27580257598263 -40.22352049378462 -2.560206649278804 20.877413680144514 107.6812460109081 -26.869827141444034 23.223326836407978 -144.23165788777948 -295.4477795519706
996 31332.19332909584 54964067.50168248 -10.190773733363311 -55.428316789718025 34.56086066581083 41.32241629775116 81.81571736960862 -11.505626424810202 25.818835016915273 -128.99434729313293 -255.58200655240077
997 31363.099071264267 55668199.42861028 -22.912349732818036 -57.22593007168196 45.28825749773453 63.271065695016205 174.63635419944208 -2.654530249312529 94.51280100014401 -125.99442684578275 -295.83546218616334
998 31394.778343439102 52823645.64176197 -21.021340805286673 -52.13381602970952 7.7315020810565045 25.73754026043055 115.02408035364068 -27.239244268601396 38.44941121097486 -144.51495333260686 -295.8823546055167
999 31425.25808572769 55422996.60421535 -10.827891694209596 -33.82691323200189 37.77869335008054 71.55767207527296 147.67248560352883 7.421993871230995 82.25334538609809 -118.36425809419444 -295.76091126653375
1000 31455.39467573166 55016860.69492621 -9.391268614145384 -54.762414910159734 34.538368900627056 41.20705271320246 81.48501220496024 -11.066625089068964 25.522370702067633 -128.58796804918927 -254.8709465819838
1001 31485.526220321655 54050723.06422056 -7.5226968697667775 -28.343055127824893 54.38318276595694 44.13467822632411 81.92301657637744 -12.33235308766217 18.992227878366748 -130.48742579329968 -265.26355514127965
1002 31515.2592151165 51973286.57081414 -0.912699694692531 -15.402211158290736 -11.436369256100058 -0.24845682912710743 75.23778408343433 -16.701209553856017 9.855513367485514 -136.57068352276406 -295.84259333154705
1003 31545.2120821476 51960489.182272464 -0.8611792965263874 -15.686076170230713 -11.288957678633253 28.503116115305616 79.70529161711907 -16.730241960889657 9.50599617454202 -136.53458641591413 -295.8010021391306
1004 31576.487248897552 51962161.46028976 -0.19647015927281863 -14.565954000305723 -11.883042987938282 -0.3961257742137718 75.10222433355949 -16.64716678302426 9.306654042568084 -136.55096965430334 -295.85691254353554
1005 31606.75171804428 55412551.745512314 -9.671516705663052 -32.61638381222664 36.88213150356735 42.437177268421394 142.70200329637262 7.4803406276200235 81.55882870002426 -118.34538229278093 -295.8253756632056
1006 31636.564731121063 51959099.994231 -1.0593519798075555 -15.418440282081823 -11.524084666392348 -0.2682345283079144 75.28259014738077 -16.78352748223199 9.893567099458892 -136.66804399850878 -295.92809107852145
1007 31666.402171373367 51972874.78131021 -0.30613996036081303 -14.996318232802562 -11.770318023603373 -0.3955435349223251 74.99832387380637 -16.612674675375956 9.407672922549466 -136.52340441177466 -295.7851120240732
1008 31696.350069999695 52001019.516004734 -0.6356549307993369 -16.027363230123747 -10.857805454240385 28.63984300174718 79.58986470730093 -16.500492907429873 9.63631559580358 -136.3579110813779 -295.4119697233122
1009 31726.300726890564 51991709.028506435 -0.27659443883227475 -15.175331091498167 -11.319722798586362 28.50454415477033 79.58349579018024 -16.40053490204417 9.368806376357384 -136.2875275752619 -295.46661357797495
1010 31756.290736436844 51978489.43465771 -0.032118687002789414 -14.887764052169322 -11.56814440843025 -0.30035815347740424 74.95453977276775 -16.373190800002988 9.332631633540075 -136.3115251940095 -295.95175792899727
1011 31786.481117486954 51985661.95918413 -0.8132648354111112 -15.459050605925954 -11.461150343424109 -0.28428238202209855 75.16565956346713 -16.758320954436158 9.793177071228627 -136.59908378093468 -295.64369277493535
1012 31816.722464561462 51978853.21365502 -0.37781000006601495 -15.241611651343948 -11.249009216575672 -0.20410337252066313 75.03357989691256 -16.570073204320465 9.320383482503587 -136.43650546248244 -295.58794955113547
1013 31847.104651212692 55047830.11786377 -10.749746526109254 -55.677647013076744 34.87586030911462 41.546338127283846 82.1124006676022 -11.324739485086525 26.39780587208429 -128.7817049986582 -254.33201900065006
1014 31877.42113351822 54922375.02368411 -10.912734966180684 -55.830646450790034 34.24295840299115 41.34945691734542 82.03069091003833 -11.77804270478424 26.125144347222772 -129.29352934219816 -256.3189334362835
1015 31907.341929912567 52114220.78103463 -14.473922542468566 -40.021760699955564 -4.208272425125159 31.85498278461276 84.69707407490718 -27.820157164562147 20.1465505221654 -144.87029778138492 -295.2920573228307
1016 31937.612554073334 51981054.378116086 -1.1562455014435145 -15.271043521807862 -11.605707391597328 -0.2938295823432213 75.23428393558248 -16.762920260539488 9.74817078932898 -136.61142596513702 -295.28661417935325
1017 31967.430507183075 52032966.297941 -0.4453586455077865 -15.253171511914765 -11.353865107253348 -0.23920319844096127 75.0547271565534 -16.37391615947115 9.901755101784431 -136.28100251308513 -294.9972435709807
1018 31997.324543476105 51975113.98790001 -0.9110256297202728 -15.126181671004307 -11.731166377405607 -0.3680167595413053 75.23922202300498 -16.784814504201506 9.890765475383944 -136.65180023288264 -295.7387440796424
1019 32027.594034194946 52000647.17777308 -0.7194985614637641 -15.61719667463996 -11.172842455794537 -0.15460151570160008 75.19741191229824 -16.645782774491693 9.89455002676874 -136.46915844445977 -295.62041377296356
1020 32059.093027114868 52060779.86097772 -1.0647740630444407 -16.354767897126052 -10.696229642065042 28.658400884791376 79.64715264456908 -16.408898114797864 10.337133324655781 -136.2801493615703 -294.7204389896384
1021 32089.171803951263 55460233.05003198 -11.029138038358143 -33.949992197397776 38.07123225518293 71.59791810137008 147.70420210048974 7.509139738780334 82.63557730643322 -118.27652223489957 -295.3189887715281
1022 32119.24075102806 52026046.3449057 -0.5644478773955992 -15.453867325362058 -11.158457546466657 -0.2019698088591042 75.13603133598065 -16.486669072811594 10.0003977845642 -136.32526946424076 -295.25481765723305
1023 32148.92522406578 52004094.190440774 -0.8279344749347661 -15.298938870946238 -11.53813651161586 -0.3029522519314156 75.16317369562374 -16.650424872434883 10.00353717116343 -136.5139696558237 -295.4786828606482
1024 32178.720318317413 51982059.61228506 -1.0197922854029766 -15.125291032376733 -11.72423799989722 -0.3430773868651471 75.39403437902378 -16.74962827620783 10.250671855142969 -136.68040946859662 -295.9127125886997
1025 32208.64217209816 51996439.53778913 -0.5085233504531939 -15.665380030171526 -11.052793397094632 28.55527088140761 79.58096706818229 -16.527959074699993 9.44803894639415 -136.38894842438742 -295.3588267837108
1026 32238.532273054123 51988445.5246792 -0.5060542525348204 -15.14007226696167 -11.761439459869216 -0.3861886092414437 75.12011130880512 -16.842371280496025 9.408615046836076 -136.5913343104516 -295.38555125788037
1027 32268.284906864166 51953635.75692595 -0.0012877719938497734 -14.999208274147584 -11.555884143066947 -0.3041304747412852 74.97466513494358 -16.577514593728097 9.035927641329067 -136.44175732272657 -295.96078640955625
1028 32298.24291563034 51987478.811205775 -0.9081283127088682 -15.60596369038372 -11.179671987411467 -0.14377282541637726 75.23762377335547 -16.562168725713548 10.069583447025991 -136.49135574287942 -295.83538989044007
1029 32328.373551130295 51990029.5829176 -0.6127189875520038 -15.370920797535284 -11.45310533323564 -0.28765153161364765 75.11080261760878 -16.545403508591164 9.899099660623904 -136.4376869013381 -295.78077477547504
1030 32359.733819007874 51976670.20398941 -1.1262643710927236 -15.58253615853018 -11.449067554232421 -0.26879006895619284 75.26506541657176 -16.73631000486239 10.173192440488833 -136.62256160889115 -296.015515654272
1031 32389.529944181442 55484803.74042857 -11.082701583475068 -34.07292107629659 38.080118068961895 71.60834836706044 147.74034835343733 7.620018151092722 83.10118268418591 -118.1658336248239 -295.2620224386669
1032 32419.649291038513 52014887.693841346 -0.14346605481397567 -14.931005241170695 -11.663946388936878 -0.3550295339071141 75.04651866146656 -16.3941625853069 9.837876813205867 -136.3314311057299 -295.529881345008
1033 32450.064644098282 52036904.851340465 -0.5284220378615707 -16.18622603125486 -10.92488686429703 28.549166131160675 79.48934420099076 -16.46968821337316 9.927404709642758 -136.38081776881882 -295.01430338552973
1034 32480.500705242157 54065865.36429665 -7.500860953495799 -28.365367314527354 54.333198950969674 15.400462925731816 77.42555569523132 -12.355083851745803 19.393329757850893 -130.53754238088283 -265.39941689336354
1035 32510.51283288002 54042045.719092496 -8.350345354645944 -29.039341507079858 54.36682063213402 15.502040966932412 77.72009069416755 -12.64437834880755 19.882002062997913 -130.79527070943737 -265.74448112928906
1036 32540.296107292175 52006012.34153135 -0.42455782084374505 -15.635643348675664 -11.205715101777848 28.48491500169378 79.56525834462315 -16.634667774404875 9.542785172625827 -136.44663880060102 -295.3023244282193
1037 32570.675881147385 51985506.96293193 -0.9149357978496084 -15.83196737797465 -11.076224222847642 28.564898886624746 79.67977453900014 -16.585046705684135 9.80666925671028 -136.51235722766972 -295.543952050439
1038 32600.608040094376 51950426.950304754 -0.6217029157972203 -15.189376474410931 -11.537181605470082 -0.3048167128675203 75.13378748155789 -16.598390718048336 9.785887681327381 -136.5513403531944 -296.2498974707025
1039 32630.84740304947 51958914.602118894 -0.4421822944422029 -15.117242668597534 -11.709575887583739 -0.38362860807627897 75.05103694685249 -16.761214022101456 9.381052088373224 -136.59018917313227 -295.89107164381835
1040 32660.518818616867 51990704.99046618 -0.39822493746067344 -15.019840743823625 -11.680378253011568 -0.39797470757200415 75.04872566462465 -16.430289115986852 9.922116583941431 -136.39862273419698 -295.8837122732519
1041 32690.464679002762 51980073.50675665 -0.7368755183890006 -15.780255158490952 -11.17669127752631 28.534939399814377 79.65210868963526 -16.607662610799537 9.727022507700724 -136.45627442465928 -295.8008690996869
1042 32720.823828220367 52032283.01301161 -0.7149988086467278 -16.26053406463456 -10.800015988352555 28.605911728944932 79.59284414543136 -16.57337339801228 9.81252520277377 -136.40754193203873 -294.88611451826523
1043 32750.779138565063 51996392.621392764 -0.7364151265867243 -15.045244810642139 -11.819366492554387 -0.37762431859337653 75.2745473412142 -16.652505358393853 10.170918334690953 -136.54226661386258 -295.787568476027
1044 32781.36621260643 51993416.22921531 -0.07208059370374897 -14.42723047692521 -12.06306517667732 -0.5239959700751342 75.16158532255838 -16.55579172869892 9.829798888055223 -136.47428010019746 -295.75890199083074
1045 32811.343700647354 51976768.92301581 -0.35806876453629854 -14.476303339556065 -12.170513180615472 -0.566074334000092 75.11678793011646 -16.697317708854655 9.742339990582877 -136.57044908601188 -295.86980776737585
1046 32841.42678189278 51992425.83730613 -0.5803987905424606 -14.861862801881578 -11.710100994976102 -0.35142142959051625 75.26261399454279 -16.555563022938372 9.995136300732668 -136.47174251126086 -295.73919252681566
1047 32871.122370004654 52008440.69627987 -1.2143455676729893 -15.806976343680393 -11.319935577175585 -0.24021876755362825 75.1988534439281 -16.559674445836777 10.449902426592985 -136.44178540397894 -295.5390281198486
1048 32902.051270484924 51941972.437090844 -0.4488078859309823 -15.026827788101036 -11.82286945181798 -0.43584325946770264 75.03042511525535 -16.8109023162948 9.332508510399066 -136.7025505520415 -296.1224714218729
1049 32931.99339866638 52856653.55094138 -21.393427404587772 -51.950093324456176 7.764891942083054 25.77183772422886 115.43809781147017 -27.268119000055947 39.31457224908877 -144.5034375966211 -295.7599937904464
1050 32961.7851126194 52010043.6586483 -0.4826792401719384 -15.363592084221722 -11.579991449385112 -0.37875011288645055 74.94495943021607 -16.53482125526955 9.730402453119211 -136.43084385174842 -295.3102534605797
1051 32991.41753864288 51962865.1731353 -0.39847200873496824 -14.92934407749311 -11.912877422086495 -0.4652129145881645 75.0939781113299 -16.723474970020618 9.595949830993277 -136.60922166670116 -296.03788532816145
1052 33021.55985093117 51975540.9085001 -0.924550506148277 -15.717095221115635 -11.270616468061625 -0.20158408219863588 75.20090103598253 -16.816878817711313 9.660359367888248 -136.68992966144162 -295.5651096756812
1053 33051.398245573044 51993093.322712444 -0.47120991768349896 -15.160839013531655 -11.73818396543011 -0.4464716108029734 75.01487940344724 -16.69239939554643 9.776854371981301 -136.55827813637848 -295.57550223953126
1054 33081.25215172768 51982644.749147266 -0.3679992022479013 -15.269490301635873 -11.590693517372955 -0.35573359286568973 75.01516538021946 -16.666295476734263 9.559613906980985 -136.51884540809976 -295.7437777873699
1055 33111.334810972214 51956672.18365402 -0.7753006259868283 -15.527452428714646 -11.594425943425783 -0.3316735857218873 75.05743018670776 -16.767342604808334 9.53509082708888 -136.6504715383304 -295.8449580456801
1056 33142.09713482857 51984693.14567227 -0.9003116263344957 -15.803022709888321 -11.2647873227615 28.471400311605066 79.66561935492648 -16.61045261604704 9.968530483198379 -136.5395748894503 -295.7987258623033
1057 33172.3215546608 51969012.03025588 -0.49238970158642204 -14.950933440870433 -11.904263000773412 -0.42299489437154136 75.14094829386144 -16.733881533712633 9.62430863802274 -136.60840523265057 -296.02342741651256
1058 33203.112051963806 51992066.485946454 -0.5614692366954053 -15.510591703538225 -11.477642344591736 28.38114317175885 79.55486428576789 -16.517284209200568 9.749344160151963 -136.386935682253 -295.6820970904623
1059 33233.36657500267 54962997.159038946 -10.042686616082865 -55.5113212507139 34.39500266351195 41.24602652770885 81.72797908762038 -11.734866817894215 25.499951167415816 -129.15354464627103 -255.45302862977573
1060 33263.609114170074 52001263.68556959 -0.26045807569645163 -15.3858148958854 -11.512976568015468 28.384497899871874 79.49350577042759 -16.48431278068972 9.60467413118539 -136.41251834800187 -295.54370023439856
1061 33293.46093606949 51933005.75425727 -0.5163594920719525 -15.255396096960908 -11.66318165698592 -0.3411921181150319 75.09636940270191 -16.75160065977343 9.469284633965628 -136.67334008875207 -296.3800124878512
1062 33323.44949007034 51990012.181357704 -0.12915152995826062 -14.637777846208035 -12.016992715149094 -0.48099034829024845 75.04957623127976 -16.73288816053224 9.267553967213928 -136.50501867284652 -295.3346241516796
1063 33354.49853634834 51979402.49226242 -0.6608868530022782 -15.73395547415349 -11.45935223871711 -0.3614972999589412 75.00424218051116 -16.71920319369326 10.00093820706934 -136.59593124252024 -296.0121068297242
1064 33384.630885601044 52899422.05072031 -20.773651025909746 -51.962905208447225 7.946889365018336 25.835641379972998 115.16506214278131 -26.825143024252725 38.946623948465344 -144.05763072784765 -295.28312950294116
1065 33414.90710425377 51979636.519298844 -0.12787516904971952 -14.67520376118064 -12.02147782927063 -0.5092437828717209 75.01768233827714 -16.531342022218098 9.555644109147693 -136.45263581486148 -295.86687359805404
1066 33444.86491084099 51944699.9421056 -0.29713402698205904 -14.911813366817226 -11.810064478677248 -0.40411703423019674 75.05340088792305 -16.719334389284995 9.216292719637124 -136.61094330499873 -296.14049754225266
1067 33474.795288324356 51965424.785378866 -0.5786928264500872 -15.260246654131272 -11.692956242577154 -0.3480117847464328 75.12477503521956 -16.793905925142496 9.437260959707658 -136.63277290202404 -295.7448476242314
1068 33504.59571027756 51985463.11163206 -0.5778652277348275 -15.055204778383573 -11.661606798430682 -0.32101248776422153 75.16320366394936 -16.52168883283491 9.793100226330012 -136.41944869203934 -295.6951947409083
1069 33535.79881834984 51994722.302404806 -0.20482921381416475 -14.890472659904955 -11.973896222205617 -0.5305671620205459 75.02414007737511 -16.83286172397436 9.478915663010639 -136.58190412830277 -295.45935299388645
1070 33566.39657521248 52865916.505517006 -20.69014947392013 -51.509507650259614 7.411935201655666 25.665770371618095 115.17515214606283 -27.002794081640616 38.814687665960946 -144.32248992875537 -295.47335370350334
1071 33596.443207740784 51983884.03757413 -0.4274394673495667 -15.231587878665033 -11.668174652527028 -0.3811387626298739 75.05026585220648 -16.566169706004928 9.744610483389181 -136.47092613216586 -295.7788076428513
1072 33626.39363694191 51996302.772088096 -0.11723003291994338 -14.881811731118844 -11.870165268062621 -0.4451901658923134 75.0259323583777 -16.600032208443622 9.534758423244853 -136.4730096723613 -295.53890999200803
1073 33656.49319911003 51964390.284132384 -0.5565153016290143 -14.683397057523553 -12.142146459772292 -0.5189822652085212 75.21061346031996 -16.680880400754972 9.987717673823681 -136.59282501421603 -296.1129959692215
1074 33686.61556696892 51952092.95119524 -0.3777567499955232 -14.903910531670489 -11.86799790753772 -0.431167588323504 75.14245042361438 -16.835104781925224 9.446860921941038 -136.64463094897962 -296.0220547213678
1075 33716.825446128845 51994468.72888658 -0.26959578327421063 -15.146053721264828 -11.689377580786001 -0.3920409286970141 74.95823162178664 -16.63450925526803 9.440181308036927 -136.4630129316427 -295.34828672507706
1076 33749.303064107895 51976208.97898994 -0.3546458312342953 -14.951275646211059 -11.922246062411467 -0.49546864224964793 75.05396347966092 -16.657161411621985 9.88939784636824 -136.60526906667172 -296.08219905401046
1077 33779.064641952515 55654280.54561835 -23.84672600900581 -57.899903722443916 45.71307710993652 92.16626587950994 179.53710469190594 -2.873590785265037 94.91020603109189 -126.16550401820996 -295.895803835229
1078 33809.27217245102 52019360.036193594 -0.08907818305476845 -15.331541900026942 -11.537031627099068 28.342917544681697 79.45487930285482 -16.305700972504155 9.782278338745073 -136.3047949835161 -295.36135690402944
1079 33839.29609417915 55047492.28980433 -9.450675505788519 -55.37989051965428 35.41665319994386 41.39096438261811 81.54109624280416 -11.109811597287376 25.867959343323946 -128.60646510615118 -254.55058035146888
1080 33869.677299022675 51988422.27007757 -0.3374081557956625 -15.426934812257588 -11.419419187250526 28.40985903631902 79.57522565124512 -16.48896042445682 9.77457580222881 -136.4116838606907 -295.90337989890736
1081 33899.46694278717 51986651.32413319 -0.22618322837704774 -15.061753211026698 -11.750763235378486 -0.40023263380865615 74.99956047484056 -16.514863138333453 9.612515468749564 -136.43360345613428 -295.73076204289083
1082 33929.2212331295 51967045.20630263 -0.6255978203504142 -14.93051335891262 -12.018425016503983 -0.48069686764112873 75.16144704815046 -16.752073877947964 9.830962371760165 -136.64279446461074 -295.8798211771452
1083 33959.05975818634 52016874.05836244 -0.008014960235083635 -14.78802100169601 -11.841459809492605 -0.46097428585412104 74.97173145222908 -16.448108703621187 9.603970940785018 -136.3030479453887 -295.3025095596946
1084 33988.98529791832 52007816.00744422 -0.17378124536186945 -15.227661803410943 -11.714765098245088 -0.4487800818333625 74.91399985646478 -16.606416998359578 9.486263975196323 -136.46430091104497 -295.31672750678183
1085 34018.954715013504 51975715.52464073 -0.8477732773770601 -15.420074655885744 -11.656178108578175 -0.3957750779772482 75.14606922034021 -16.743946504641713 9.993526170086398 -136.63067034010055 -295.94859408490015
1086 34050.01449227333 52008386.21581565 -0.1278573044126432 -14.807388365946636 -11.96657326094008 -0.5031195994043998 74.97904892388812 -16.53334825554259 9.64852943103034 -136.40938772931838 -295.319073298529
1087 34080.017795562744 52216433.17849656 -13.303691998488535 -38.49462962460856 -3.852968041971941 20.27867566073145 107.14089297610172 -26.713383443789212 22.202136151262266 -144.14521167288262 -295.8520034140499
1088 34109.89762735367 51991939.78278914 -0.48012035008260767 -15.553735535548274 -11.452743100838546 -0.36512041461026 74.95938733593346 -16.623021357836365 9.855834148212068 -136.5460691027152 -295.7891249552425
1089 34141.71987438202 52002118.504161686 -0.22968964518811497 -15.08471584083259 -11.753457779388214 -0.4445815531165067 74.95728890371271 -16.64168178301037 9.518111294134428 -136.4587548017625 -295.41261873897645
1090 34171.826026678085 55413994.23953704 -10.059028314082715 -33.16955213645546 37.10934122052799 42.53376491266273 142.86788337203433 7.461250763729026 82.23128436044067 -118.42164029846748 -296.0760055744704
1091 34201.663977622986 51998167.34690196 -0.7141476489217737 -15.807330662110912 -11.363588051786515 -0.28167532969466436 75.05921348690929 -16.713466619326482 9.920470516205512 -136.51961881966258 -295.7252156665148
1092 34231.7294857502 51997196.955212 -0.29687408858805675 -14.87627585587633 -11.92287240670759 -0.46212081462199706 75.10453420789545 -16.773738157891103 9.476690098325832 -136.55558656351633 -295.3112670648321
1093 34262.26217007637 51957282.25505815 -0.5606739927357971 -15.196387467507282 -11.804505359849642 -0.43074327459196127 75.1236245568187 -16.86256220587211 9.635325965541597 -136.7361607106348 -296.1028179463302
1094 34292.25863862038 52849017.01951068 -21.01233039293032 -51.98738376452018 7.877525132553046 25.79895928748688 115.24989710735771 -27.08410378064292 38.872789298716384 -144.39440816793729 -295.6612850280676
1095 34322.19720363617 52002738.659406744 -0.4986639894385956 -15.238104129656382 -11.798687586117026 -0.471630257475411 75.04221423035864 -16.646022630457196 9.979458784015776 -136.48918517584542 -295.57648465873706
1096 34352.377299785614 51962624.92671875 -0.06501614206506012 -14.956384083838348 -11.892327444416424 -0.5242245674052413 74.8858647467663 -16.634623464369326 9.438683398356034 -136.57368553324937 -296.096324672611
1097 34382.257286310196 51985457.725265026 -0.5053183326237498 -15.496848382730903 -11.461587704178754 -0.32255271464046587 75.0066151787478 -16.688314080991688 9.671843459014326 -136.505273222065 -295.7870974775584
1098 34412.80046963692 54036201.02664679 -8.071676741508416 -28.575361665863053 53.52047549798437 15.199905410657067 77.55823141614036 -12.915346231942237 19.4430183104904 -130.95323038631284 -265.52501391896465
1099 34442.483038425446 51988512.59243181 -0.7661029750943609 -15.507979187342833 -11.555868663077497 -0.3660461799941004 75.14393950178564 -16.808027799656827 9.891194829895085 -136.60683625637705 -295.6395535797856
1100 34472.56638550758 51998731.84340073 -1.2663198118818286 -16.030200593101842 -11.266879937470911 -0.2217015640377582 75.22372844029448 -16.657677352778705 10.571896845921685 -136.557296117315 -295.87230289423235
1101 34502.70080900192 51959705.5401175 -0.49528177433165155 -15.090351642048542 -11.83620179138478 -0.4548914822136112 75.08368708682089 -16.816287978598382 9.55481742932892 -136.68445378923656 -295.92325587608775
1102 34532.67928981781 51984457.31300264 -0.9013315963270863 -15.488893272725928 -11.555448503690798 -0.34800203003577224 75.14806456836091 -16.91961403901132 9.69696804960455 -136.71684955071441 -295.4374018021049
1103 34562.63896036148 51971914.93848936 -0.44028514694173815 -15.257198358975405 -11.79447871504835 -0.4503568266660807 75.03601938166726 -16.824415182694395 9.592821801292871 -136.65364912044606 -295.85881606602686
1104 34593.002794504166 51983624.453885496 -0.06282036012058789 -14.83834900487922 -11.804423484058724 -0.46365242103073 74.95781936811198 -16.53253270810319 9.592185905819463 -136.43062208950215 -295.89046624152434
1105 34623.07423686981 51958558.11854823 -0.38642093402089017 -15.368243024653799 -11.632643777459222 -0.41766269348680396 74.96119276993004 -16.902625617353067 9.33137689191841 -136.70490746582556 -295.9519171325999
1106 34652.82126951218 54061467.157397784 -7.638326667396949 -28.568415223692057 53.79575771877084 15.245266748034751 77.3470887713123 -12.771793693023369 18.885559063305095 -130.7964449777083 -264.8681255360345
1107 34682.42532658577 51972696.73806653 -0.19239573173133628 -15.157981279749063 -11.781804072991463 -0.4635301278973145 74.9166250406199 -16.775223548702797 9.387239238025245 -136.61309724522215 -295.7338629159203
1108 34712.33091902733 51984053.37120351 -0.5900124774256046 -15.173317305943215 -11.762737655568273 -0.41989404084839066 75.08031547043186 -16.780471799463896 9.585700081712275 -136.62905614235638 -295.42485342226223
1109 34742.380207300186 52040264.04552002 -0.4995512676895544 -15.8364999665659 -11.146904185110465 28.479600844100034 79.54584666690744 -16.48521287152124 9.844860084795926 -136.28408203796334 -294.9062625058874
1110 34772.711189985275 52009957.74764584 -0.1637836470089553 -15.184326590423083 -11.690640785006018 -0.440244100362321 74.90967088114084 -16.556301424863193 9.62514177431484 -136.3988976380204 -295.3553263421269
1111 34802.78578257561 51970223.486718856 -0.05030813339586793 -15.06018464151108 -11.755202403412135 -0.42920209549751576 74.94804717288527 -16.651185283852953 9.33731908473709 -136.50919105571325 -295.93280583756376
1112 34832.4971101284 51985106.807062045 -0.18637317362430572 -15.244180170773792 -11.6202358724547 -0.42830245154887336 74.88053614266033 -16.767545217447832 9.1311069997044 -136.5637172839361 -295.43371447973027
1113 34862.865458488464 51995800.30410161 -0.44166014829649036 -15.560394170353513 -11.531004695177437 -0.3885291345086159 74.93010329475622 -16.695354506769036 9.693709677757113 -136.54697030436796 -295.5753570078207
1114 34892.96822524071 51953395.37188248 -0.28023417281184493 -15.404731021309294 -11.623055758833416 -0.42516668430715754 74.89991441303039 -16.84090110347455 9.102913908559913 -136.66456650739622 -295.8552650062697
1115 34922.95479011536 52010342.37669813 -0.21114649577493694 -15.222966289093025 -11.706671105996975 -0.4392852200549697 74.8933537187856 -16.50323200355257 9.739871195166074 -136.40405198071238 -295.498060242694
1116 34954.11141586304 52014843.91835714 -0.3962324849603238 -15.518136394152803 -11.443220099391276 -0.35783752366667443 74.92864558647851 -16.552307154042467 9.82035415020573 -136.3659259078931 -295.42064856811305
1117 34984.54965686798 51968600.00885639 -0.14603355780678307 -15.32584611646239 -11.50924652213424 28.339546290926748 79.46442902162966 -16.641725684939672 9.2330734271751 -136.53942422925041 -295.79253210684203
1118 35014.32235240936 51993385.891539015 -0.3170796075200837 -15.388568880886565 -11.53631532620173 -0.3572318799154601 74.95442476774357 -16.597909974168772 9.659957504272768 -136.43923164343073 -295.677906103685
1119 35045.66927862167 51977857.711744286 -0.6534907673295756 -15.405353336162785 -11.57541553702503 -0.41295290849704713 75.0218466097189 -16.730106497868235 9.820263168132499 -136.60924664336875 -295.8178081505235
1120 35075.745921850204 55452382.44712732 -10.084147105707421 -33.16480268563238 36.95417931822657 42.44072107616351 142.81433463386554 7.35983603288156 82.21829590234336 -118.38420591894743 -295.36686207081164
1121 35106.13428521156 51990035.96024511 -0.5807664408616358 -15.62948609400156 -11.46504407989783 -0.34003171360505746 75.01375071745719 -16.690338993745456 9.792658476426368 -136.53738393041374 -295.6462944732271
1122 35136.29946184158 54012229.017111436 -7.877074344906234 -28.752233259555297 53.62461556241409 15.199453640221392 77.3677146055534 -12.77767402194553 19.403054777101374 -130.9057679474247 -266.20975880523395
1123 35166.17763185501 52015233.31263916 -0.5450516225016067 -15.976157342155137 -11.219201818559327 28.394675539216777 79.44163459414617 -16.568982202493032 9.977369196220138 -136.47425246064637 -295.54329332239206
1124 35196.166522979736 52001577.07248298 -0.8500282427477295 -15.831486818323915 -11.43752655959166 -0.3399170847379054 75.0014225167361 -16.839676137433685 9.697253006211042 -136.59668255578617 -295.22653136113036
1125 35226.277446746826 52039744.67083565 -0.8687021271727229 -15.970618203797523 -11.257429188908532 28.393490793295072 79.5612863800701 -16.778070222536314 9.928819267995266 -136.51444031873615 -294.8103231299009
1126 35256.231431245804 51942592.06948243 -0.5359937604656562 -15.43720408993947 -11.700977120019331 -0.4530061173676785 74.96339761753332 -16.92782856563599 9.408150613904581 -136.73627659249837 -296.11770919561945
1127 35286.42244172096 51997832.371006064 -0.7409002456084686 -15.534188385082249 -11.544950510306883 -0.3425544222380381 75.11831614421341 -16.707385827911082 10.003803662625955 -136.57820975464347 -295.6270019942981
1128 35316.23992109299 52014558.02287795 -0.7058591768544868 -15.433918844460509 -11.691630978901067 -0.4463815496766017 74.9989558123905 -16.61159378608511 10.116794816865138 -136.47328423884437 -295.41135787587086
1129 35346.17445874214 51972121.69210135 -0.6288544151069271 -15.834875985158853 -11.418786854404011 28.34354644030722 79.48967380312507 -16.754504030024748 9.801586637313733 -136.70266616666277 -296.05016857927103
1130 35376.49249768257 52013093.49231441 -0.78909992714539 -15.753847520087511 -11.514807322067043 -0.3751566869441234 75.01419197077848 -16.848705889138273 9.844558348139003 -136.61783955382913 -295.1250270779898
1131 35406.30531859398 51988208.153985575 -0.783931824578783 -15.57012025690251 -11.633417388873717 -0.4292185144275322 74.9783490765955 -16.921292608646013 9.535230940906217 -136.72312171735405 -295.1997574426347
1132 35436.19102239609 51942513.18990798 -0.31327311225044774 -15.101713088255 -11.861084411164065 -0.5280772745603315 74.92207451990068 -16.98154913678735 9.262363653786508 -136.78310833689443 -296.0819142509936
1133 35466.10228538513 51982636.39307694 -0.5510469968961385 -15.310647805114353 -11.787093803814535 -0.49368923929188213 74.96247386030494 -16.817036529627842 9.62369803063956 -136.62170139412717 -295.5507243073704
1134 35496.15411400795 54037913.91967981 -8.186563490342497 -29.261354173756413 53.91540451269598 44.02400145612343 81.95451198345467 -12.866538215111007 19.38759906088262 -130.94956003143773 -265.5004325414318
1135 35526.202760219574 51981991.03539429 -0.5828495762792478 -15.969102298316443 -11.357806214001656 28.37376451606498 79.47257799681573 -16.799974462279977 9.610430892425939 -136.65015039936532 -295.7165833229186
1136 35555.83506941795 52002993.25020233 -0.6329327237823907 -15.434570636626844 -11.700656210402812 -0.44462955527933445 75.02062376506233 -16.75712751298005 9.949562176217398 -136.60981292584108 -295.48820302358894
1137 35586.15406656265 54046949.618961304 -7.961828805311532 -28.99064777456953 53.763523374244066 15.286795111408296 77.38262319668353 -12.774185599160774 19.18853447552999 -130.79435571912205 -265.4196065780854
1138 35616.75889492035 52007766.12194566 -0.5074461633352225 -15.472573682081961 -11.653172805720345 -0.468874606402494 74.94952377031959 -16.696186378305867 10.008283339618174 -136.52749836105176 -295.57056846637636
1139 35647.71343803406 52120430.940694936 -14.013493356842073 -39.88428256590821 -4.767169910295763 2.823542456790264 79.85553991416562 -28.256723774306295 19.68562382708228 -145.18553451841223 -294.9543964862361
1140 35679.077756881714 52915271.580049 -20.563857209324837 -51.567659642055155 7.876122813363814 25.762063611260757 115.20461549901052 -26.78391838466308 39.00607368847125 -144.05156673710627 -294.9956738949025
1141 35710.34734630585 55400361.67223761 -10.304287064586891 -33.241190509823475 36.76490938903888 42.37311314405795 142.81832488440412 6.977688079793211 81.86612736137238 -118.70201100395519 -295.89813141391636
1142 35740.21903300285 55391197.31824215 -10.541406192430957 -33.52375794574585 37.07517908100659 42.49101801487002 142.94432570906852 6.977613512347432 82.07301091938916 -118.7401995958241 -296.06911687927374
1143 35770.431560754776 51964357.278910995 -0.7229151323839567 -15.689196200064767 -11.524439874136135 -0.3971111120647919 75.01969869130554 -16.896005095919975 9.754353637684062 -136.75519731165542 -295.9810402353064
1144 35801.96416544914 51984408.915672064 -0.541892385703358 -15.55852354729652 -11.627838353004229 -0.45751450880246125 74.90853242629629 -16.820863690669853 9.794585154325489 -136.63048138263537 -295.7334960643448
1145 35832.37130379677 55418223.55689817 -9.959189400806794 -32.985368950770095 36.59198615540265 42.33103497982401 142.71641982059634 7.194602126076802 81.85016555180368 -118.57970054459429 -295.7168148645957
1146 35862.73176217079 52107052.4852927 -14.176135219543584 -40.20342673316105 -4.799262958198327 2.7479402039835605 79.83495639890394 -28.39994364602677 20.075686953781997 -145.39394932696365 -295.4060238928324
1147 35892.53910803795 51983073.3676109 -0.6206501747057249 -15.594329065724065 -11.517496191746858 -0.41992540833904 74.93673669557771 -16.696270226918898 9.983503081742981 -136.59302079537616 -296.02733661378414
1148 35924.21952486038 52002042.38513338 -0.6487437350198011 -15.914114557844275 -11.432279793798294 28.352490987581632 79.49731357401366 -16.89245940036494 9.567032769712625 -136.62805993023443 -295.19102598609925
1149 35954.05021929741 52880356.562608756 -20.312518821101204 -51.3785229954722 7.858702633809493 25.77644660302903 115.26333685723013 -26.73091139967937 38.967110929410865 -144.10816586394088 -295.6508553072882
1150 35984.08503675461 51969156.97553788 -0.012008683785612817 -15.112299769483045 -11.72495747108335 -0.46418355397538846 74.83412213783058 -16.64507352867861 9.210426443093468 -136.56626650101992 -295.82700422896403
1151 36014.029614686966 51945232.55485124 -0.7795526265184964 -15.6363499533527 -11.621774269957534 -0.45988014749427464 75.00393636513974 -16.998516002993313 9.809674483806475 -136.89059167580928 -296.2889833993805
1152 36043.803723335266 51983471.69550829 -0.016248616276973493 -14.750447851655162 -11.96333331407012 -0.5502940618149239 74.91342961878642 -16.675725248881804 9.54881244206939 -136.56816646892673 -295.8622717654696
1153 36074.061073064804 52034622.97717004 -0.24029644971049358 -15.199850095876513 -11.762288784387039 -0.4932252643805839 74.89536460814486 -16.664153780707977 9.705511612030705 -136.45902888302265 -295.0154414290024
1154 36104.4882068634 51977482.32436591 -0.3249075272824431 -15.189015668624315 -11.747517350266001 -0.4687146334287178 74.94016193602546 -16.656232694059497 9.783356369229978 -136.6125414668719 -295.97034354785046
1155 36135.571969270706 54077519.8490565 -7.615342297168022 -28.3961744732815 53.91785250737731 15.245175088683865 77.35955543586526 -12.556119686497084 19.27783939171502 -130.6741964385442 -264.91849985451813
1156 36166.194326877594 52016406.37582838 -0.045091573836922194 -15.051061610659787 -11.733760494856185 -0.4771487006788675 74.8524185820788 -16.59061884120041 9.523369186151228 -136.47965827676217 -295.1768228854704
1157 36196.21763420105 51972789.536642686 -0.2708940363128516 -15.181883722093792 -11.687736976716302 -0.46670486855006743 74.91771060535494 -16.664055884245954 9.651794898368678 -136.57774557348722 -295.9731466303439
1158 36226.38026547432 51969704.96961572 -0.6026297508623131 -15.488777320488193 -11.555668617983521 -0.3592495472687034 75.00584815567974 -16.77056166836627 9.625921723318584 -136.62619085980782 -295.7463929332517
1159 36256.2183778286 51991654.4875794 -0.6374309859454996 -15.725197320568515 -11.381301773019764 -0.3387560090081365 74.96323074355114 -16.594318747412785 10.09175132256263 -136.50763089175769 -295.8585632538287
1160 36287.52793288231 51958739.058748424 -0.7663262476306798 -15.594571513444379 -11.531919634115631 -0.40400904561744255 75.00198787108924 -16.889636423718343 9.709379004386335 -136.73278426248072 -295.98528093274956
1161 36317.910900592804 52865654.38403032 -20.850521144032957 -51.8991085191201 7.989166472789975 25.82844664166116 115.25060452149341 -26.821483798749114 39.21455375542507 -144.24037319926435 -295.8217774615194
1162 36348.14960885048 51979286.05066606 -0.2636023083548906 -15.436107144558743 -11.522427681101718 28.319623021214724 79.44333984372454 -16.54204478817155 9.594174722291598 -136.48607895451818 -295.8724895005173
1163 36378.399284124374 52005180.541994184 -0.15846252255422222 -14.845020193180694 -11.896599020776705 -0.4843009252454209 75.02981043568718 -16.644153925338287 9.617406326200694 -136.4348498673221 -295.51147085505096
1164 36408.37497138977 52016026.53724124 -0.5323121949486449 -15.786129754744449 -11.321646963157797 28.388509530856112 79.48851044072539 -16.582774834395025 9.803907843440413 -136.43352540283098 -295.21156382690776
1165 36438.15737700462 52020239.366228096 -0.690596752751274 -15.839817291585897 -11.289896880296943 28.402509461281483 79.54153434687444 -16.526672409844764 10.232680697202397 -136.4234380979912 -295.532208390982
1166 36468.197057724 51957212.22537442 -0.9046425923142163 -15.690065833922937 -11.539412012906972 -0.4069933107123944 75.05220284325057 -16.871777395953416 9.995652627044478 -136.76535061153737 -296.20625952175817
1167 36497.93241906166 52027265.4602432 -0.7905828288390033 -15.521977543304544 -11.613732613177767 -0.38545354816100996 75.09591391812312 -16.718805492673425 10.095599084796675 -136.5289165049 -294.9659060619721
1168 36528.046068906784 51950637.25700031 -0.8015797197199905 -15.55264689728553 -11.527341430182723 -0.3638950457506951 75.05103637029589 -16.88506784278286 9.576534088288042 -136.76890871732712 -295.86952157160977
1169 36558.317912340164 51968081.603149295 -0.1973137073506912 -15.084859758895607 -11.91440202840765 -0.5396902070290537 74.89721229570573 -16.798457352262574 9.462410262301262 -136.6339450322572 -296.01329980582227
1170 36588.1489944458 51979071.30843338 -0.6685384795694524 -15.372599925909519 -11.612390701883818 -0.4027868547245532 75.07773673138222 -16.791277489659933 9.845926320969113 -136.65000674462158 -295.83285652649613
1171 36618.20075631142 51997106.20480277 -0.7010342261303304 -15.5662568528697 -11.521572212578434 -0.3918678692480029 75.01791497633208 -16.691035224885127 9.953426445520847 -136.54384660024817 -295.656499622478
1172 36648.24525761604 52004255.09554959 -0.3411468807574991 -15.303777637211974 -11.588461438635498 -0.4115950234959058 74.9264633768667 -16.5122809373118 9.934932587098444 -136.45716492820878 -295.6622798275233
1173 36678.61081314087 51989640.45652447 -0.7396716065021902 -15.477323855177914 -11.561585219235532 -0.4033299466131979 75.05317521616568 -16.723314360002917 9.98226753924854 -136.62204691073038 -295.7146855891225
1174 36708.34793138504 52001357.71517182 -0.17249210963181305 -15.21758733618579 -11.644290853659747 -0.4189993240838561 74.8833005060046 -16.581668920211598 9.497125776061068 -136.43984677278894 -295.44694976258614
1175 36738.12176346779 51981863.69325996 -0.28793074163185395 -15.167549115235413 -11.802359438958135 -0.475931993562682 74.93070779079383 -16.703359984680617 9.567968779931334 -136.53085157970418 -295.6993173585697
1176 36767.99607086182 52005699.55338747 -0.19497171554563408 -15.15883574940406 -11.80083050567844 -0.49992363126038697 74.89377549479549 -16.675629109934448 9.52469510207095 -136.49755731346323 -295.2787557954721
1177 36798.14628458023 51986564.61650221 -0.17705685496782664 -15.24736703713441 -11.67226535160544 -0.4465930380797971 74.82840872935144 -16.57589731862771 9.473599896723385 -136.4512972136136 -295.77245127385754
1178 36828.94373679161 51986867.001153104 -0.23216146843765095 -15.065614649874114 -11.814605099148423 -0.45651681394890886 74.9386587543061 -16.671436801174764 9.416208031670351 -136.534746196347 -295.4598670566045
1179 36859.25455451012 52912130.67665489 -20.738062214696335 -51.67612994060046 7.890044719623475 25.80229440410359 115.26975387014181 -26.75780256462201 39.36842194992721 -144.05584449268105 -295.3170593144881
1180 36888.968881845474 51988500.36740749 -0.36493532066351975 -15.428218448910279 -11.571683011700948 -0.415604712530822 74.9125118869741 -16.7086249508979 9.540909586304679 -136.5440703505888 -295.64745114807107
1181 36918.78290104866 52003359.72946308 -0.3803991671464626 -15.424320728681721 -11.594724011566477 -0.40743167506595057 74.91982520511628 -16.61658866073236 9.754434538946043 -136.4647314093611 -295.53118454611706
1182 36948.61032009125 51961319.387493655 -0.43830020170106465 -15.295432148158596 -11.750502716165649 -0.4490345409869718 74.95353073951176 -16.852332678358323 9.355371629433137 -136.66742701400335 -295.91740786863375
1183 36979.052038669586 51984320.449386224 -0.12322853956854551 -15.248006023928905 -11.648610137929978 -0.4228320859953669 74.86697680062464 -16.625903969056367 9.455335585364878 -136.52748412742312 -295.7456854660151
1184 37009.52353930473 51977063.50132035 -0.44511323077820286 -15.310795784134239 -11.711813008675747 -0.46089016570660135 74.93579546861187 -16.71070683483947 9.728197275211755 -136.6065432362372 -295.8313876423206
1185 37039.5560631752 51964876.99882735 -0.42788240897287544 -15.523991378122844 -11.538916327317672 28.3127623203045 79.46587748732182 -16.621950000656398 9.724707954505732 -136.5650976914356 -296.1999950637637
1186 37071.18055653572 54040005.899464585 -7.899307291200493 -28.76999883130515 53.916342226539555 15.273453954957631 77.38891975054686 -12.614592585656055 19.553056892200516 -130.76089995105548 -265.9182182741725
1187 37102.24854063988 55403469.61624664 -10.15805631669132 -33.0922755362466 36.70879085612928 42.3667987048655 142.81574546800064 7.11405674046938 81.99220466602833 -118.64887635506585 -296.0104383953038
1188 37132.05036473274 52887756.353149734 -20.69979099227134 -51.8185743926108 7.96889430088455 25.82438420493851 115.18904738147575 -26.77501670902808 39.04485130722014 -144.17216742455878 -295.40052113863885
1189 37161.82282304764 51946622.9782505 -0.2258144846389687 -15.318680127341526 -11.680053507008083 -0.4510252083543378 74.85179070601887 -16.880142732963407 9.010791815208165 -136.6935498311032 -295.95965463943037
1190 37191.98700904846 51947976.49123276 -0.4755825524805246 -15.504532618941283 -11.54103124949215 -0.38506024655926296 74.92923018995012 -16.773202943765284 9.451959750736023 -136.67145067176034 -296.19606041077503
1191 37222.103598833084 51974949.27713194 -0.17523772504864432 -15.195630005483787 -11.759007790028583 -0.4840852354766412 74.87467748930598 -16.794817885720363 9.284803435311574 -136.5933134862696 -295.68536864708716
1192 37252.11641001701 51982871.42743259 -0.17409814443356986 -15.130701251540597 -11.786329290651992 -0.4804963874766912 74.89785268244441 -16.74187790371616 9.462815110524446 -136.5789826599485 -295.731546986461
1193 37282.42053437233 51987146.0825767 -0.03828443273662607 -14.892957392760827 -11.991476212583144 -0.5675801518265473 74.83357413287929 -16.680178185315242 9.401660638340275 -136.53943708163456 -295.58727607328905
1194 37312.60770392418 51969144.68207623 -0.0015487025248894781 -14.98187512422384 -11.810095056767771 -0.470323225900799 74.83318414627489 -16.70933741977501 8.933916314394025 -136.52698715391563 -295.5145844547932
1195 37342.60700798035 51991154.73661063 -0.33397279183812323 -15.537529149184245 -11.495792793728675 28.332585198230362 79.42167375846488 -16.67623194035076 9.332652816785867 -136.5035373160802 -295.3946103850283
1196 37372.919520139694 51960341.910091184 -0.36761842944452283 -15.306915749126876 -11.767859162633187 -0.4851756115948831 74.89632955726469 -16.862488341680546 9.409078724861729 -136.7255201691297 -295.8921488717598
1197 37404.318853616714 51994698.74126929 -0.15922896540518572 -15.308544859221016 -11.500487617970713 28.32859679485624 79.41495473973521 -16.592392292505792 9.316704722450766 -136.40134466252874 -295.4155755923021
1198 37435.94514012337 55439033.68927434 -10.384145173022361 -33.531031393802124 37.050248668193014 42.53581473865715 142.82722821917866 7.271059045513539 82.19275139784168 -118.48908688265499 -295.5468635067923
1199 37466.11211514473 55427775.85082184 -10.405693393878538 -33.68796307548818 37.08463808230803 71.20256379111572 147.33715347111902 7.154016003876848 82.02383387436839 -118.5643559696295 -295.5336112657287
1200 37496.0404009819 51976668.51376988 -0.31921794717694674 -15.174989241502427 -11.694208702294333 -0.43680255274267665 74.91281951592612 -16.61238805523402 9.566543508212476 -136.53936517617518 -295.7742724712873
1201 37525.776017427444 51998291.67757738 -0.0787475880382118 -15.034697566048946 -11.85496827383394 -0.5128282876388681 74.87242418450155 -16.714093955536214 9.345689033103724 -136.51877743757842 -295.31473343085224
1202 37555.540877342224 51994320.1023348 -0.5459119790085811 -15.44414485906861 -11.68973901972938 -0.4497292834974047 74.94872855673826 -16.759673598437928 9.740396641980226 -136.54415333494813 -295.59298578628136
1203 37585.20335507393 52004805.415945016 -0.3169538926573807 -15.401484611767993 -11.652884663971598 -0.4512697506239931 74.87305445842782 -16.69621175925562 9.589796092419533 -136.55284669302625 -295.34731329389615
1204 37615.13967514038 52014559.8784688 -0.27312046917236366 -15.43560456578933 -11.561398963233593 28.302251814380156 79.41224151308137 -16.483347939834346 9.688881352432816 -136.34984176868403 -295.4137305885331
1205 37645.22762799263 51972799.01104193 -0.2893748107426557 -15.3036727935986 -11.678990323774023 -0.45554171989063263 74.8556464297654 -16.694518942232605 9.49182873247537 -136.59181041362058 -295.875586335423
1206 37676.23668408394 51990601.15545215 -0.15069602185375253 -15.087326106225213 -11.812063356839637 -0.5010820487776755 74.86678251089391 -16.633771068416138 9.552724787790055 -136.5474111318518 -295.5580400988082
1207 37706.24613022804 52883699.331205286 -20.677576897626395 -51.6189322725471 7.752893597086569 25.7364757182107 115.2305893608101 -26.903103886490612 38.98970607008221 -144.2207360194675 -295.45918798726575
1208 37736.8471198082 52015683.73244939 -0.2867035557065165 -15.064830302641031 -11.939638470208415 -0.5319409477963291 74.93801457196736 -16.570058002209294 9.936788086476838 -136.4591875514875 -295.3550878619291
1209 37766.894117832184 51934493.23213429 -0.5233837605299279 -15.467628933514868 -11.62962858914014 -0.43148643503801054 74.94295519982116 -16.905556365101575 9.430483868323563 -136.77468457641208 -296.3460730308469
1210 37796.74707722664 51993915.04330613 -0.24071161934565133 -15.092632846081191 -11.781947605762177 -0.47883272887352746 74.91070919667284 -16.581837452940363 9.655367536528047 -136.45717670828554 -295.59002051387245
1211 37826.61387228966 51961689.54285388 -0.05651417595427155 -14.982567013058897 -11.910663837352807 -0.5414132959020321 74.84489767851846 -16.744746366493416 9.282655675857711 -136.61748054452602 -295.9567995358933
1212 37856.84521985054 52007316.17298506 -0.23367712925861284 -15.31195369732336 -11.665162629820884 -0.4433208597044853 74.86596449897021 -16.492996937511407 9.740106822079724 -136.43890457203344 -295.49392451991787
1213 37886.462530851364 51986053.4705966 -0.09242363537410192 -15.133745059493087 -11.819398100166474 -0.506321054979793 74.86854644678984 -16.647305916405912 9.481865906750784 -136.50970447503624 -295.7689854266155
1214 37916.33721756935 52012004.4265551 -0.0902277214445828 -15.169719213054503 -11.699815905037084 -0.46237903007137504 74.83247822516145 -16.491133257144327 9.579975478147162 -136.38712277309537 -295.31798522697557
1215 37946.31135606766 51963949.84338063 -0.28883378813723226 -15.401259222144171 -11.58658334312915 -0.4093443948612503 74.8791390982091 -16.778375599922867 9.226615496767806 -136.5988890338437 -295.67539013528335
1216 37976.52719068527 51985521.51473437 -0.38128182778380193 -15.294589400750036 -11.676326783088655 -0.440317789898927 74.92798389009434 -16.744238138848914 9.563456629214272 -136.5789424355316 -295.605053207296
1217 38006.51113533974 51954659.717904404 -0.08315289911837453 -15.078049821490865 -11.81176879335549 -0.49632419556094476 74.83984412606713 -16.617706472476414 9.400279936460322 -136.53151552525753 -296.3307017342047
1218 38036.91142272949 51962039.91666151 -0.12226098072901515 -15.063048096963303 -11.796333547440781 -0.4830012639661305 74.87169417998302 -16.714320848861803 9.311733966813051 -136.59436990540723 -296.02866089272663
1219 38067.58003473282 52046413.50357672 -0.021541036158485127 -15.106449609228875 -11.80694866007623 -0.49434726081918257 74.81683978585855 -16.43410952357044 9.66830609810279 -136.2862051010552 -294.9112963881104
1220 38097.61981892586 54030891.7295974 -7.61191786394018 -28.493764294331466 53.69893216767955 15.212407442552205 77.3151663768685 -12.735749008571077 18.92284559113591 -130.91400219776045 -265.4533584625649
1221 38129.0369181633 51981217.37802757 -0.2834031343704275 -15.139469890922625 -11.846011882804724 -0.5166974805525939 74.87155841087458 -16.630227192874372 9.674745002163945 -136.52998239456707 -295.87743148417803
1222 38160.2105653286 52866631.2006891 -20.45651818393423 -51.59838483392542 7.750583518352798 25.74749637795763 115.1253932934359 -26.905338915208176 38.677327167722865 -144.21047748281478 -295.5036964305704
1223 38190.24047613144 55431590.6438344 -10.395218180045047 -33.58873488992777 37.13698586520694 42.52297280269826 142.81555630703411 7.201348192022351 82.08854405304396 -118.51190900565143 -295.61164951367186
1224 38220.307666778564 51982598.278500386 -0.12490822255369949 -14.921984410756703 -11.979175628289973 -0.550538925481689 74.90832859314915 -16.693425843731802 9.50322566768341 -136.54559310616025 -295.70918254245146
1225 38251.04262661934 54070444.53237671 -7.868970298246428 -28.80789058247812 53.76380372044311 15.238741583811986 77.34430507564623 -12.727321458890913 19.333078287533795 -130.77627016233595 -265.05074468682346
1226 38281.086820840836 52876764.33022657 -20.575462773006514 -51.77158698923864 7.960446719231804 25.812246266872677 115.14023156218059 -26.731230082393893 38.98858070046208 -144.1587842556629 -295.6613254919422
1227 38310.92784976959 51999404.568842776 -0.10638479182804694 -15.234858296916006 -11.679259817349767 28.26502658872289 79.38926082145785 -16.480609447441736 9.51665094989761 -136.36551324488323 -295.4973379833756
1228 38340.794481277466 51985427.89255293 -0.35300323784042575 -15.311705676622665 -11.682125329197163 -0.4339862819408751 74.93151035629751 -16.741746738170548 9.524399674187691 -136.62501788773665 -295.5429355114635
1229 38371.225437402725 51960246.00436877 -0.05874684438186151 -15.00103221449746 -11.87413265159364 -0.509627746102467 74.86888750006969 -16.759325639915915 9.183267626799818 -136.6267699933485 -295.90221130471417
1230 38401.32116103172 51997303.21957737 -0.15164905155705988 -15.015112831381426 -11.892378184707383 -0.5138445508256524 74.91082814730325 -16.744969436747965 9.394450422430964 -136.54447124429612 -295.3057642678352
1231 38431.604815006256 51993966.3049355 -0.2256622930561072 -15.198109219138136 -11.729811663733507 -0.44944400465846 74.88972051054867 -16.61994548099551 9.539427965491427 -136.50917897421562 -295.57712917077197
1232 38461.33380198479 51990174.09297424 -0.2108083268334866 -15.062207523153333 -11.860183648518117 -0.5084184135800456 74.92740530084487 -16.66903952490668 9.610963670261413 -136.537020306677 -295.73081539993666
1233 38491.03289651871 51985502.706718795 -0.14626355651773082 -14.992064800884616 -11.924157565665624 -0.5246231514167761 74.87894334552354 -16.717077502880898 9.417349890981995 -136.5317022882772 -295.6954266489027
1234 38520.86960363388 51972512.72702889 -0.040486710547563476 -14.858358552773431 -12.040446370236275 -0.5811095588548483 74.84919034096292 -16.589917396993258 9.625240519212355 -136.55087707661278 -296.09953302679037
1235 38551.76093006134 51970215.00852603 -0.23088029395047194 -15.158415567888891 -11.827442057335432 -0.49928604940632226 74.8731845159824 -16.614650247146017 9.648723291314752 -136.57525090156207 -296.07538409668575
1236 38581.59066438675 52233639.85499332 -13.564981021117715 -39.27903770949079 -3.502260811507867 20.371319612356416 106.97555273322081 -26.91494395856904 21.94853257299644 -144.18390698865937 -295.23705579406555
1237 38611.40412950516 51956073.97433283 -0.30197463262588364 -15.12769505173367 -11.85836204545619 -0.4910898296379429 74.92688490353063 -16.74669386877099 9.417511774643117 -136.6281813650731 -295.9725637058791
1238 38641.636424303055 52001035.87799403 -0.20310595178559687 -15.148114537996449 -11.783058762112312 -0.4752805350589995 74.89339252400899 -16.625016509521686 9.573719463711427 -136.4541260469996 -295.48227323073
1239 38672.75563263893 51987305.34265278 -0.1394341036453941 -15.060009739432626 -11.881879202091454 -0.5129137528064689 74.87420596242885 -16.697434761591637 9.44809516204242 -136.54361308018082 -295.5862495844086
1240 38702.88591885567 55414124.32532149 -10.618680680250002 -33.59674456914879 37.0923220647842 42.490311042192985 142.93671807376842 7.137738448448943 82.49423046408015 -118.63696624392907 -296.0956943911606
1241 38734.52311038971 51985817.20724867 -0.47534902849623784 -15.167237777586458 -11.861788853714685 -0.49483526963557267 74.99938634525057 -16.84290456359713 9.530941263892487 -136.60925411445402 -295.5651218580134
1242 38764.165791511536 55435244.03332793 -10.310412259037301 -33.36048137685789 36.84292929725508 42.431095420281665 142.80789915877432 7.114917648928156 81.96908972363883 -118.5762609770037 -295.3725597263889
1243 38793.90856361389 51980600.452122144 -0.040983893584051856 -14.913057159083834 -11.96328689771002 -0.5415577535326008 74.88111082836235 -16.65926167917047 9.381283035980744 -136.5425106125394 -295.7420483057953
1244 38823.95601558685 51958397.16190152 -0.2043718347342267 -14.98493960005171 -11.88556600215523 -0.486072312456443 74.93808262267956 -16.799364791620405 9.237160461097687 -136.62851179116768 -295.8169243170905
1245 38853.83075881004 51957942.369284354 -0.22834102137875512 -15.007226298272837 -11.964264036506357 -0.5333666142193465 74.94065408306687 -16.83864541446269 9.417167661627559 -136.6993835950944 -296.00758420629506
1246 38883.75897169113 52016756.96096616 -0.13776233830321694 -14.921317902498014 -12.017803591432845 -0.5706180928813609 74.8941516946474 -16.57900988068127 9.721386046504108 -136.40550283625947 -295.38196403767216
1247 38915.26536870003 51977383.325896636 -0.17622752524596486 -14.948807355819172 -12.018338290138956 -0.5749742688527277 74.88222730716267 -16.678991762844078 9.63304274610391 -136.6025674076712 -295.9425350992765
1248 38945.04937720299 55369976.37149444 -10.259683140028704 -33.33210961669796 36.88088048456215 42.45713386963851 142.81319944874684 7.048497117364661 81.66619629563104 -118.72487973744103 -296.2775195133504
1249 38975.000648736954 51993069.13236084 -0.11029545973305943 -14.904590607869968 -11.965662132718805 -0.549126587447887 74.88349171420008 -16.512758708262936 9.78495919302793 -136.4532589712246 -295.82380525271606
1250 39005.11285972595 51969815.56133454 -0.06132833215962208 -14.938437571158765 -11.969612855018696 -0.5525941321934198 74.86793575880175 -16.66311729278948 9.47627248733238 -136.5778980737747 -295.91125476151785
1251 39035.0641913414 52020587.754641645 -0.07026446879780046 -14.860864888656799 -12.039542493556809 -0.5611389700779625 74.88619080345283 -16.555619043088143 9.735732107886463 -136.39666371737803 -295.3206831556651
1252 39065.19456219673 51994175.07751527 -0.0274113716103912 -14.770640967237593 -12.123190326902247 -0.6036184337108068 74.89516703679669 -16.53021134914104 9.77468227063406 -136.42468149558886 -295.74095676776733
1253 39095.23593091965 51990787.98575927 -0.21844548218459714 -14.97063246004224 -11.97348094991176 -0.541998818675296 74.9068608410564 -16.889424128448525 9.121231629216027 -136.63867665711524 -295.21555578194994
1254 39125.12542819977 51942568.0235647 -0.13446102454039455 -14.906845355385393 -11.954648276513716 -0.525028848837124 74.909300790532 -16.7279821497998 9.379026162890057 -136.65212102287302 -296.38026708129973
1255 39155.159376859665 52012882.78896581 -0.18670721105471166 -14.925426758311593 -11.955873607689384 -0.524949942682511 74.93857499896956 -16.471912790251167 10.035799141788686 -136.44193649962625 -295.6055901345192
1256 39185.192079782486 51995961.91550525 -0.020081680461789375 -14.686911904600947 -12.160070688419736 -0.6231157641510805 74.88031647374362 -16.52101749715132 9.79377120000629 -136.48494324435092 -295.71127322843256
1257 39216.443697690964 51979972.44575429 -0.1388829571088408 -14.878752890606094 -12.045935391426717 -0.5647446310036202 74.91376176248755 -16.68218350924792 9.50838632770774 -136.5661368007485 -295.75246789330174
1258 39246.866186380386 55373352.91636409 -10.520505054736605 -33.50795717403652 36.99815930776427 42.472920086278535 142.8919067113582 7.012727932027701 82.04905541378048 -118.78952531138623 -296.3492282254714
1259 39278.32583498955 51987750.632408015 -0.175363585829583 -14.818473409460537 -12.049749100198554 -0.5628985527342536 74.9494280319181 -16.64459276072347 9.722018758114586 -136.5094244570767 -295.7760079592082
1260 39308.393421411514 55414734.85380791 -10.418203138722301 -33.39779752532346 36.90913068276323 42.46434074131261 142.87690246856 7.073366428542329 82.10131805567812 -118.62146030302188 -295.70696756617565
1261 39338.303745508194 51986660.607105084 -0.3140904607522952 -15.140192572133657 -11.87960593759751 -0.5226284168167723 74.90870546746986 -16.759737258581254 9.501841004201765 -136.64300274175878 -295.56305534403293
1262 39368.09158492088 51967427.94181647 -0.1924148348405641 -14.850890257891656 -12.039341276501801 -0.5557236031545045 74.93613779255303 -16.746341272978782 9.473978494606797 -136.62062648272837 -295.90930913826264
1263 39398.12218952179 51959902.08046734 -0.4181725533326297 -15.21409626317267 -11.843908861249218 -0.5020675560936212 74.93861116414848 -16.861251898500257 9.386079783176513 -136.7059099837017 -295.92925390119274
1264 39428.5557308197 52009098.343736365 -0.22154390738014307 -15.196964269136576 -11.790181215683802 -0.49877257180510526 74.85226544604946 -16.5706970974108 9.689925050367151 -136.4623195660336 -295.4562941502785
1265 39458.14675331116 54038682.59194857 -7.836981501111611 -28.587891874260585 53.55568906560133 15.15669698211255 77.36039049150475 -12.950121476225718 19.002901728699044 -130.9568069121068 -265.3260458132296
1266 39487.843311071396 51974247.50220613 -0.2132756876397579 -15.127192342370474 -11.84884708779299 -0.5137265694613973 74.8806113313596 -16.61558502907417 9.652173267831188 -136.57963511451885 -296.0308955749093
1267 39517.72877073288 51990236.41191489 -0.20057244874645086 -15.007057690285027 -11.924686006893808 -0.5210801843677615 74.93621775694331 -16.654518190299427 9.55639038835642 -136.53048451140472 -295.6716111522611
1268 39547.98934650421 51975258.26914342 -0.15990062475609435 -14.867007490971305 -12.085064095249123 -0.6206086246547073 74.88023936925953 -16.70095617045945 9.626572465372817 -136.5924920195191 -295.92270486571863
1269 39577.97137260437 51952987.47584656 -0.2933684703131636 -15.118389948616903 -11.884536951936354 -0.5304037203399048 74.91701109323813 -16.869819574651103 9.363689897309428 -136.73076892958494 -296.09643839202874
1270 39609.268872737885 52032396.68221744 -0.18383190636651925 -15.121555918787681 -11.839208037980384 -0.5156761907671807 74.86058221731504 -16.4601293151988 9.965453168421618 -136.328147685823 -295.28177541645744
1271 39638.90785241127 55416900.98038475 -10.485039218043994 -33.41683471956819 36.988702150110775 42.45257714103623 142.90089610876345 7.0572999742828415 82.17145199867639 -118.64067955031987 -295.7964519916486
1272 39668.88760638237 51996529.02285347 -0.20693344974499794 -14.995284457828275 -11.912464398074476 -0.5304008699352352 74.89773202639405 -16.587028736578645 9.691857216938786 -136.43186827068746 -295.7241477289566
1273 39698.6328868866 51955495.603913434 -0.23013431966350772 -15.085724962352652 -11.917719928614268 -0.532425496020636 74.89185160158611 -16.81717141032175 9.334423381609668 -136.67763819760648 -296.04864049882167
1274 39729.15577220917 51967458.05664392 -0.3335874985003482 -15.278565594479872 -11.761819466578977 -0.4921705303100623 74.87048493345786 -16.7526327163053 9.484407153477889 -136.63664878798966 -295.821281692664
1275 39759.006427526474 54033592.79128853 -7.691754086776385 -28.588348333313114 53.588597574689395 15.165485784323522 77.3005402712826 -12.837618039546555 18.918727596003805 -130.91757638047 -265.2932386487761
1276 39789.15296959877 51974846.375663064 -0.15735769859074722 -14.927204511156102 -11.956550230191802 -0.552894173178089 74.9000282816855 -16.69128241412176 9.585799636649881 -136.58277154945836 -295.9442870623178
1277 39819.20568919182 51970906.179334536 -0.1781254012828022 -14.945663113437469 -11.992951022834347 -0.5671886237225863 74.89893110280975 -16.816019533916403 9.26690779612045 -136.6229118775002 -295.7293944194671
1278 39849.248155117035 51955173.56150737 -0.3581495025898924 -15.275440564756115 -11.763022411882233 -0.4898989485567995 74.87913335602309 -16.961402618351656 9.152214829107493 -136.74063974462604 -295.741579211404
1279 39879.29155087471 51961657.36823234 -0.21619328146713634 -15.176517229613875 -11.86351702503913 -0.5220001340924796 74.85070090333528 -16.671323594822013 9.648335027409075 -136.58596096530755 -296.2026320653267
1280 39909.01484775543 54011636.45312312 -7.851502453109562 -28.661199212354795 53.598868350344745 15.157664227156161 77.32911214717939 -12.86155348021964 19.16766272956977 -130.92691184934785 -265.9492184077122
1281 39938.91091108322 51982985.41637053 -0.3009545334133783 -15.248516257708628 -11.829057867521456 -0.5189954482389822 74.8600850917807 -16.787789079817117 9.432252864727218 -136.59377794955367 -295.67690668846535
1282 39969.15533876419 51968447.27948489 -0.1992243038119561 -14.974567085399773 -11.966620110260223 -0.5772472512746276 74.87739258908003 -16.800119674678967 9.456317455207 -136.65799142738143 -295.9020551684781
1283 40001.326350688934 51973294.10258942 -0.48122379842974716 -15.476827866916107 -11.717719466341592 -0.47184109810669383 74.89887268191778 -16.765407799050934 9.74372915527448 -136.66558512635737 -295.8285709785682
1284 40031.350203990936 54881234.32496879 -28.47768466845813 -65.4053747942117 73.23514457748064 41.42869674843297 117.60576650036666 -23.262699498580957 48.34076175683947 -138.7578833455981 -265.88225435153765
1285 40061.26065778732 51977941.10364592 -0.22058926222570996 -15.13254767479137 -11.899285818882056 -0.5334784735674845 74.84749915221008 -16.689287598710223 9.584768751550769 -136.57942635726863 -295.7947921067576
1286 40090.95915865898 51950356.6371388 -0.3169002816344406 -15.270182717026657 -11.780645435171287 -0.4989444127977123 74.8655921764191 -16.856103113366032 9.332052538099504 -136.744854323955 -296.0660517424675
1287 40120.851425647736 51956315.82588118 -0.24974020807442976 -15.087836432041602 -11.901732595152488 -0.5424338427075241 74.87786641840131 -16.706531544534585 9.568661388367389 -136.65355279256363 -296.184840223284
1288 40151.20299911499 52010043.25813219 -0.2726636197244545 -15.20660070380142 -11.819352805617413 -0.5137301325029568 74.86698505114722 -16.749169811021147 9.550058662781396 -136.5884858846149 -295.0762859735489
1289 40181.64112210274 51951589.23269358 -0.13377188951630536 -15.005289804678721 -11.948171277458698 -0.5600909359657607 74.83835279782427 -16.95376018835043 9.039789819796738 -136.76923748797367 -295.8071225712164
1290 40211.53811788559 52011403.55187445 -0.2820040111518658 -15.232975778786285 -11.809368532407348 -0.5238253211139607 74.84989949344947 -16.5988212194369 9.79618609760206 -136.4850879819126 -295.42929698121867
1291 40241.32047915459 51955489.04150136 -0.10661982720541552 -14.995651867327581 -11.967328527496221 -0.565693625591166 74.8367671522291 -16.806353762276558 9.16912958876054 -136.63768699201023 -295.8984330151021
1292 40271.375628471375 51962503.7286165 -0.3410041276386533 -15.414543454792934 -11.66255105483637 -0.4678416884340493 74.84641437382511 -16.85416264289978 9.257046500358342 -136.66015899192257 -295.7747427873053
1293 40301.253700733185 51936005.27905761 -0.27602541364587907 -15.140357989951296 -11.857614470558353 -0.5255682512356117 74.88031424948879 -16.845641531397007 9.420730528691024 -136.76011112283442 -296.45340302490166
1294 40331.38542842865 52039553.25303224 -0.34646456591660346 -15.300269921278655 -11.777802272644038 -0.4930738688558307 74.8708011204288 -16.578477998851042 9.891630003153693 -136.43274666165394 -294.84549508140725
1295 40361.5457034111 51972853.04816791 -0.26663174663271505 -15.282653036087547 -11.78837431115322 -0.5098044040633596 74.83602887459928 -16.758004896705586 9.420381576276498 -136.61659508524963 -295.8042618907738
1296 40391.57708334923 51980102.46675488 -0.3131317968729732 -15.127494943528504 -11.884220087556649 -0.5341221720563993 74.88640973075447 -16.76384890449782 9.511067339811916 -136.61040737511985 -295.6808578971764
1297 40421.4776031971 51969483.38238591 -0.3519035912856978 -15.245980755309606 -11.828806539204443 -0.5143568526901277 74.8884010241296 -16.81625675887392 9.409128512465202 -136.66253177324484 -295.7898457634825
1298 40452.01149535179 51982973.38103316 -0.18330882263424542 -14.983603066937103 -11.991844558551954 -0.5754840294599148 74.86439360448081 -16.725684871466854 9.524998656898447 -136.6003187420559 -295.64811009594337
1299 40482.21640300751 51962851.06220249 -0.29218578679514273 -15.138785824864328 -11.859380763083273 -0.524395452607564 74.87329700472142 -16.78812052507999 9.487503196575972 -136.60548980339456 -296.0861325172011
1300 40512.43066740036 51948623.6727979 -0.17780179492769044 -15.225279515718768 -11.840168820655094 -0.5234154874805341 74.82294066827589 -16.836339265455422 9.195662772940352 -136.70502946220802 -296.00459525754434
1301 40543.16552400589 51912937.221972525 -0.018953807858533622 -14.974236267718283 -11.972440169131424 -0.5764963240461753 74.79885264516912 -16.859321794891628 9.019037208433929 -136.78432236931508 -296.5961402219697
1302 40573.337307691574 52862724.85864481 -20.63475187221543 -51.722787211515374 7.824426647158148 25.75443401116739 115.15130912202899 -26.874785779027377 38.91006726171736 -144.23352746213925 -295.77630057704573
1303 40603.213919878006 51955479.86250711 -0.06607409147733989 -15.067449509736441 -11.927609170041102 -0.5535799725020212 74.82371364099491 -16.805374172430106 9.163245669469234 -136.6625002717268 -295.92267209940866
1304 40633.08990240097 54024875.66073176 -7.737949512078311 -28.57505826516962 53.54336965006329 15.146578606001384 77.31040834282615 -12.814160244156028 19.189655368739864 -130.93675634981906 -265.78868412086183
1305 40662.82057571411 53995868.57935938 -7.731244853621284 -28.640580961337445 53.573945869916756 15.156117317141849 77.29037529982222 -12.927602212226418 18.81245060801109 -131.05242601008888 -265.9877106928136
1306 40692.549102544785 51916593.04189228 -0.012531084417453542 -14.953437240902247 -12.006924076968943 -0.5939933836482822 74.7873542557936 -16.804273157948558 9.141362915425077 -136.76882497332667 -296.59236777454373
1307 40722.2746155262 51995821.367133774 -0.02942735012807418 -15.019529376344911 -11.884178761625805 -0.5282397782531945 74.81203033006973 -16.649870667596133 9.334103281176283 -136.4694445225947 -295.44205565193073
1308 40752.16988158226 51940115.666276425 -0.17384809259733913 -15.176381528189948 -11.824427809029409 -0.5120097077862056 74.83280698823299 -16.794768326870894 9.246472485255254 -136.72559266559227 -296.2727073965178
1309 40784.94300246239 54026747.590614095 -7.453136868634095 -28.580663077129458 53.675358755739424 15.163403351933056 77.19270449472276 -12.794438601981483 18.737036789534045 -130.87229253896186 -265.45826093639846
1310 40814.927374362946 56285307.953718774 -30.60954601695772 -69.79807512098824 56.36384714834649 68.64835873962446 183.08533011707365 -3.1637743429402576 111.11654995195272 -126.35715805957688 -295.84146945580983
1311 40845.033438920975 51983609.91961145 -0.01423665840192534 -15.033180289576073 -11.939543127050207 -0.5661730429978604 74.78296737595024 -16.682168985149076 9.295609808937627 -136.49572587761713 -295.57808835982485
1312 40874.908637046814 52012731.764938265 -0.04630579848305949 -15.165248983708736 -11.875565600830733 -0.5494372873101696 74.77813429137893 -16.5770670701898 9.62295690655634 -136.4323974412689 -295.35173492307104
1313 40905.17554688454 51996674.136492744 -0.22697439425378718 -15.119391977182172 -11.920810557533514 -0.5505265207798118 74.85963333873944 -16.61139690093529 9.824922848005201 -136.4957200263956 -295.67809309481584
1314 40935.37461042404 51997062.70210261 -0.08412792871001784 -14.93167029759232 -12.01856881795841 -0.5974010837049946 74.84265553520216 -16.620859728561925 9.673488414999952 -136.51535660106305 -295.72167393956937
1315 40965.544425964355 51980157.033933714 -0.011515702782483928 -15.134727179682436 -11.868760298779591 -0.5486260549473627 74.7736961612061 -16.653621181851804 9.349155088942098 -136.47802831035204 -295.66108779181627
1316 40995.7277007103 51960290.61386572 -0.149616407917879 -15.174823835343267 -11.83879335208065 -0.5406597950513117 74.79834720632732 -16.798863982984983 9.251267731126404 -136.67449696142535 -295.8620250467254
1317 41026.816923856735 51976053.98752607 -0.26866928108387 -15.398662503051293 -11.724360592506905 -0.4909609550565506 74.80320188982614 -16.850312229546716 9.278513841904214 -136.66428732191525 -295.5283478333142
1318 41056.60544848442 52238655.15654081 -13.715632426024811 -39.6413836365138 -3.2845152668459576 20.408395510046063 106.92747169226293 -26.958374508913153 22.24072872244699 -144.2716212132683 -295.2225851298699
1319 41086.470854759216 52013736.52299772 -0.2034101654952405 -15.223305065216332 -11.861780488025715 -0.5434744221509931 74.82645493711031 -16.602624231853497 9.851013251047789 -136.43094067424818 -295.51226318324933
1320 41117.025155067444 51974473.41269731 -0.048556472544609264 -15.161432775794191 -11.841384497071743 -0.5193028944114957 74.79206024705084 -16.806926399577776 9.012338514064368 -136.63188850198253 -295.37993905624944
1321 41147.96763253212 51957752.05315168 -0.09129895234415386 -15.142867669075606 -11.862462907458628 -0.5381169281611591 74.78975660128397 -16.84284332317486 9.074923503049718 -136.65095671608532 -295.7803112091175
1322 41178.22016978264 51973132.70018168 -0.21408289473938602 -15.291761277854508 -11.779012178734355 -0.5136495242832382 74.82058222590332 -16.696074442066504 9.633708320973824 -136.59391470157482 -295.99438590435034
1323 41208.475767850876 51971909.02430542 -0.04177598439352259 -15.194461010120184 -11.817162020160808 -0.5393797421543667 74.77216924487773 -16.79024560002165 9.205268786195006 -136.6503553034908 -295.8121896435722
1324 41238.57484126091 51983010.981344484 -0.03751984857263402 -15.052447967994077 -11.92579050344208 -0.5649350309725918 74.80981919593826 -16.715208002261363 9.408617161420466 -136.5556288418025 -295.73380957751016
1325 41268.34749341011 51975524.9217853 -0.023732794490866738 -14.910817036498665 -12.021281523151515 -0.5930793014385216 74.81228819579334 -16.743628337493703 9.279785926909767 -136.57703789886108 -295.6820388803037
1326 41298.35183954239 51938790.74344411 -0.2019162314195242 -15.429129487551357 -11.70155926631633 -0.48869941877387646 74.78601860015624 -16.91417824259355 9.007436976024223 -136.73593543801974 -296.12639625811823
1327 41328.22881293297 51961555.70994898 -0.01964157616495399 -15.10731104021667 -11.865135971528744 -0.5502396846381288 74.75761827828514 -16.80258578072676 9.089905537819561 -136.66183467088337 -295.7900388465987
1328 41358.26939511299 51981147.9180557 -0.12530157058628788 -15.30074030172585 -11.77386432570183 -0.5161977114688625 74.79611322039314 -16.729990434059687 9.424923939355665 -136.5691510403522 -295.6976137837851
1329 41388.26828575134 51974500.77461912 -0.07534351538089368 -15.25996512440032 -11.806339762772353 -0.5114265356048406 74.78516303998634 -16.65193924568638 9.430965230586025 -136.5921046389983 -295.871299125866
1330 41418.08626103401 51979391.72001657 -0.06093292307368259 -15.19926467772256 -11.806650939133348 -0.5096166708032115 74.80433416315044 -16.64509520894319 9.323034773655309 -136.51192047088676 -295.6109666078564
1331 41448.00721859932 51974198.14372289 -0.0854928721131536 -15.200829312239929 -11.772004304782484 -0.49287347292801087 74.81961143249015 -16.59713529077561 9.457232945143915 -136.49103287242303 -295.90203484535385
1332 41477.874386548996 51985337.96292607 -0.2294203947324629 -15.19131586288243 -11.876764046741236 -0.5438605564029046 74.83957574635528 -16.652441752764048 9.678163945846904 -136.5648318667416 -295.81811719106423
1333 41507.8807451725 51997774.53370783 -0.12018001462383054 -15.232227254813289 -11.782582432532358 -0.4960503525193758 74.80747282544787 -16.674902498317863 9.312318131537268 -136.54879713522195 -295.1928644167524
1334 41538.11851930618 51974301.81334079 -0.0982064409091361 -15.290856022431358 -11.71842959164033 -0.48952772046926896 74.77293491904946 -16.688989899363264 9.249276906599277 -136.5469369285704 -295.7281503589878
1335 41567.947130680084 52012921.61769055 -0.036224617040119256 -15.235419743428434 -11.773400179765645 -0.5058986147597011 74.77695005925432 -16.546215765612317 9.596861528049942 -136.42167358105098 -295.3274844881991
1336 41597.81603074074 51996391.73617149 -0.18500989299491977 -15.259659406868156 -11.724828051024112 -0.48053943878900895 74.82825565054922 -16.672319178428893 9.494466174066702 -136.50873888720952 -295.4379564905332
1337 41628.083156347275 52002030.27382098 -0.17013355572648692 -15.237193609928447 -11.804585034743674 -0.5178070895151592 74.80954228161833 -16.63362493715306 9.61413760940627 -136.4984924481726 -295.62643825816053
1338 41658.11945295334 51961299.31868558 -0.06065358885138217 -15.151604224013859 -11.847626183052029 -0.5477144073933289 74.77039330612682 -16.79234591832619 9.19529602848229 -136.64940524761386 -295.8447225540036
1339 41689.7065076828 51979944.97957893 -0.0787716508332803 -15.149045935895154 -11.863952657017549 -0.5454660084620144 74.79500049729678 -16.7637403399566 9.215086101045358 -136.60015101275616 -295.5148040258266
1340 41720.81233072281 55439251.42883069 -10.273721890632826 -33.45117456641103 36.85521925187524 42.406548480020746 142.7516853195615 7.152598911854625 82.18771551272926 -118.57183376252965 -295.4879512152944
1341 41750.73595929146 52874405.60682488 -20.360081390266053 -51.67933155324879 8.033325405276123 25.840126794775486 115.13629883977876 -26.68452648320317 38.784543468357015 -144.0609133632093 -295.69688746213933
1342 41781.62209749222 51968571.506641306 -0.38571590045679827 -15.47077672017495 -11.687569278305382 -0.46880750679564187 74.84429013367524 -16.71938530558043 9.617979374901495 -136.59531934700118 -296.04011295939654
1343 41811.7411031723 51966622.70307935 -0.04173701656035789 -15.164762033896523 -11.864381609591447 -0.5519388565417387 74.75671624302021 -16.964935487763796 8.846648309962177 -136.7364588001692 -295.45029800599184
1344 41841.68581080437 51977130.77624577 -0.1351126400739382 -15.306749780714277 -11.723259757038846 -0.4879727109691885 74.77885016013138 -16.58486299192009 9.553940568618088 -136.48655764954327 -295.80088839780205
1345 41871.4989323616 51984497.53735109 -0.12949793653181274 -15.220042481042395 -11.84036139747925 -0.5368611248485706 74.80407999380424 -16.598808526612515 9.6459068683302 -136.53397051966658 -295.75306166561836
1346 41901.56035065651 51975824.644833684 -0.1327453966843013 -15.159605926359763 -11.888623036154748 -0.5505317545938482 74.80829383449012 -16.70050876066182 9.526861739966364 -136.58317856703803 -295.8770462562687
1347 41932.12905669212 51931803.6389854 -0.004188067248270144 -14.977502781525633 -11.997684412119568 -0.5939096964041397 74.76852050164189 -16.90416306700314 9.049212141904889 -136.78661821740445 -296.290079002661
1348 41963.28161549568 51970404.25004583 -0.05890195294474232 -15.354509981012093 -11.696415020453259 28.21357451017478 79.30933030429577 -16.647374779667246 9.480700779366373 -136.56280974211865 -296.02039593117513
1349 41993.41692519188 52881339.71972729 -20.50715840706561 -51.64952026677867 7.970369344842744 25.805950843211008 115.19780333496794 -26.69048764228762 39.05010561776771 -144.10605256460997 -295.62737394258386
1350 42023.750665426254 51975915.30104097 -0.2049959733345741 -15.135577687662167 -11.904534778438666 -0.5603909214061815 74.83497443760426 -16.765784334160855 9.41084152607749 -136.6431886686383 -295.65650694018524
1351 42054.96043920517 51939556.9847604 -0.06349850369829824 -14.990266160394834 -11.970637504218772 -0.5794091672366477 74.81206389215495 -16.774673048492616 9.347197669960565 -136.69198200734098 -296.4433571335718
1352 42085.18673706055 52087531.3479301 -13.702647099548773 -39.486089684595186 -5.152826043271105 2.6636383683646727 79.74365867005518 -28.23001319383252 19.566734093953073 -145.1881378541654 -295.77259192519426
1353 42115.3267261982 51943022.26979703 -0.17463152735988885 -15.203829833203997 -11.861353350342746 -0.544750027560724 74.79702312069335 -16.97297395834329 8.95426755369175 -136.77994139274404 -295.9357677104514
1354 42145.25855255127 51937423.4012763 -0.056350085610500145 -15.113209276439022 -11.93689391443796 -0.5773495383630092 74.77303679910521 -16.94917009488455 8.910722216693046 -136.76167813930897 -296.06781241086173
1355 42175.995730638504 51969664.71294389 -0.11469470474926702 -15.109841049459511 -11.918948753594073 -0.5671103623389939 74.81039919233869 -16.823999625237946 9.29899477240042 -136.6306882517132 -295.8290259038087
1356 42206.47990036011 52077836.36457746 -13.803448448309409 -39.66438475309745 -5.076197347793965 2.6776095794934065 79.74256316464376 -28.302160012156605 19.671014571214073 -145.3105249792207 -295.79686939468286
1357 42236.33398771286 51976204.00135551 -0.12539938004057305 -15.126586536716434 -11.89327758801376 -0.5472042602881686 74.81551026754845 -16.759909979834504 9.29486058183545 -136.5906040375101 -295.7214238241097
1358 42267.6764228344 51985996.98945472 -0.040400446452073524 -15.236530007633924 -11.811914614450245 -0.5332703424776071 74.75123790537033 -16.64522132699659 9.372096016610442 -136.50697493157696 -295.78161242425233
1359 42299.23914670944 52858969.754044406 -20.65491927459128 -51.624111483412975 7.832253529177805 25.760060948474347 115.22742037644862 -26.891436716552732 38.947179506554335 -144.21539545118986 -295.74987047534967
1360 42330.11093020439 52876050.878459826 -20.355208757740556 -51.457684126469175 7.866274825225219 25.766919869576938 115.18349291448256 -26.732013365841567 38.88298927257074 -144.06456128265586 -295.6933895134286
1361 42359.96269106865 52891545.617706984 -20.351651435543403 -51.48465524603207 7.847370043495033 25.761124490420798 115.15866831564733 -26.71268425291123 38.864403775176015 -144.0187425940086 -295.3713541661694
1362 42390.09059238434 51946014.00924003 -0.05468393727602461 -15.057709400513318 -11.963714280965604 -0.586369182434737 74.75845938568678 -16.871880010876794 9.058656005471107 -136.72283400648126 -296.07214521488436
1363 42420.79688501358 51953473.02043615 -0.12490008888785376 -15.23061428356803 -11.807523833419395 -0.521558100213042 74.78962171007366 -16.839687166192675 9.152153998299525 -136.66509401797066 -295.9161955593693
1364 42450.552723646164 52005997.1804848 -0.09416127952083286 -15.171702048519375 -11.919517878953094 -0.5799876863559632 74.75996811021068 -16.694233346279134 9.45794800075862 -136.51373379329226 -295.35286663793573
1365 42480.28398633003 51958094.729248084 -0.12850439230083666 -15.173699577900482 -11.904524181205346 -0.5711456796644399 74.79472852382203 -16.893888454119462 9.193959925377555 -136.69749166887635 -295.86777951372903
1366 42510.078808546066 51980839.371226944 -0.23747002782734938 -15.234504972003698 -11.818443694250242 -0.5139049894049776 74.84432534727961 -16.702176371435996 9.609067506270492 -136.57501129930904 -295.79576003248076
1367 42541.225402355194 51953351.96785363 -0.2686141386472034 -15.33206117528053 -11.7905553499942 -0.5239990455985577 74.80884396304758 -16.875403410886065 9.254114557385378 -136.7249004017143 -295.99393743153644
1368 42572.6376414299 52879468.38290795 -20.409383156531234 -51.59031127406533 7.949311627910234 25.80957447892017 115.1809787171361 -26.6507594211202 39.01487862878241 -144.06334060601478 -295.6643469713689
1369 42602.37973046303 52890836.269878894 -20.304621628718436 -51.496224347068726 7.835745879084058 25.750737212463363 115.10515809368275 -26.604431422070775 38.96123271190663 -144.0253073889151 -295.493276988073
1370 42632.037287950516 51952622.16328172 -0.06415382864704533 -15.071609950771313 -11.96081999386766 -0.583186331859892 74.77729805994205 -16.901700482356546 9.001432324785924 -136.70131480868736 -295.8893667374078
1371 42661.80752635002 51991125.88945522 -0.00042306955639936916 -15.20317771946252 -11.83718164668494 -0.5564325361941798 74.69513675958272 -16.71090920753346 9.260697530436971 -136.5485466445141 -295.3520174763459
1372 42691.53618860245 52018219.17473046 -0.10114029565347771 -15.198081216043548 -11.868526528034607 -0.5490148900498184 74.76967381940987 -16.7523408717945 9.352638857128397 -136.52893718676125 -294.96071056876895
1373 42721.54558753967 51944802.91322247 -0.006185245366648218 -15.071547465951756 -11.919405761866422 -0.5769559235997548 74.75898021803692 -16.852223677577285 9.008425596207644 -136.6997595626973 -296.0843710593269
1374 42751.4424932003 51934248.620021574 -0.10597000818646762 -15.168854266519947 -11.897169405140161 -0.5659565945291547 74.76685417655251 -16.906115035001164 8.915920437976183 -136.7268323027584 -296.0744106933396
1375 42781.329260349274 51964570.37721664 -0.01974538698424766 -15.037815083078995 -11.98616483127136 -0.581899082009258 74.78366517155158 -16.735946972563397 9.218527487668325 -136.61548256232953 -295.9357735626605
1376 42811.42213487625 51959000.338906586 -0.133237544134861 -15.255326928879192 -11.869107433017788 -0.5543031418755646 74.76673879742786 -16.852182586056358 9.157070865688127 -136.6930703696096 -295.8701418609479
1377 42841.6856880188 51945582.624769315 -0.18034790349000396 -15.22160531541399 -11.849893110238412 -0.5387429231294902 74.79239129123216 -16.849271317413468 9.241970496646616 -136.72550553301454 -296.2118359681459
1378 42872.85131525993 52016711.070749156 -0.0640010955567849 -15.157818643527198 -11.888941682367324 -0.5701304138126915 74.74303615655614 -16.777384893261 9.283913836335785 -136.50585492678277 -295.027944310719
1379 42902.68939757347 54937621.840188034 -27.96642847663372 -65.17487021533584 73.40121962645446 41.485259898383646 117.5636470474696 -22.8197944206496 48.49582910945435 -138.36847246868115 -265.30376660309304
1380 42932.82164645195 51961408.50217945 -0.11060547486374439 -15.206418997537792 -11.879893180320401 -0.5629553005293246 74.75448516124939 -16.760082751709035 9.262356228476278 -136.6744593717915 -295.9355963573806
1381 42962.99528336525 54025316.60752639 -7.466094372193517 -28.655898748304306 53.623665732864374 15.136048656076795 77.13940292893065 -12.804053564277865 18.68196189337482 -130.88373130545824 -265.4706366376468
1382 42993.196274995804 51954430.16578308 -0.08027315644211619 -15.2343069689006 -11.829368540308145 -0.5534167338401801 74.73633237404913 -16.921435396453717 8.896918562816381 -136.69763399994088 -295.6908834059858
1383 43023.067517995834 51986017.99512667 -0.08570208717551431 -15.225545287382406 -11.886017618811863 -0.5719350291241483 74.72973769385953 -16.73237620145335 9.323654439180814 -136.55625889633797 -295.6217313805048
1384 43053.243090867996 51937729.13218684 -0.0434466335637822 -15.022223727766022 -11.990090092091549 -0.5926526423806848 74.78498453083564 -16.927209442348897 9.070435500723192 -136.7762213785337 -296.233275199353
1385 43083.08697247505 54034779.04391458 -7.803839910253984 -28.889187345167556 53.73459437870351 15.166639004071413 77.20801509290177 -12.777229577874664 19.2793361403061 -130.87738662991364 -265.64644213749483
1386 43113.18984222412 51962278.15853745 -0.10748529846661548 -15.232259419785628 -11.882585316920434 -0.5723157379603379 74.74051937098913 -16.690513261012427 9.446566113598465 -136.58283386937927 -296.11879069725717
1387 43143.28274703026 51977485.238772854 -0.10150512675314793 -15.223182892559771 -11.859671640587138 -0.5519653365950319 74.7524483887722 -16.65409590409621 9.510076503565244 -136.54134576333257 -295.85756538256794
1388 43173.39001584053 51996341.618013315 -0.06558254489153903 -15.32139512503922 -11.813070577796765 -0.5600521438647093 74.68328318335196 -16.72848387377917 9.303726842666208 -136.52435678450672 -295.4570081780348
1389 43203.33796072006 51975690.31377942 -0.13693249698001253 -15.18758602605968 -11.8388235036226 -0.5466532129608908 74.7709554855926 -16.68019800756184 9.443501157454477 -136.5455525867771 -295.9114459748458
1390 43233.40870523453 51961929.986374974 -0.10807262133331008 -15.173345991804098 -11.894828473297565 -0.5779822076249559 74.74502475063274 -16.788801696213625 9.213104603275553 -136.69174063227467 -295.85836592163525
1391 43263.11618351936 51966088.09507233 -0.061930827060887594 -15.150011895296245 -11.895104998176663 -0.5653258239240984 74.75045504947605 -16.79228125570461 9.17943473568505 -136.65463245571118 -295.7637596240204
1392 43292.89853596687 51969076.22264898 -0.05946147112710065 -15.155237871611913 -11.91064522963687 -0.5815490048314302 74.73737955826223 -16.85660121840249 9.035599591695245 -136.6788798326553 -295.6664468094387
1393 43323.81998062134 51992849.61690684 -0.1122571921328781 -15.308070348774944 -11.770624868607278 -0.5199109860104016 74.7447005749751 -16.729205715866954 9.322869942532293 -136.55837853647773 -295.36222841198617
1394 43353.54165649414 52877000.456754826 -20.418120639337573 -51.56353827294518 7.9008863414868955 25.778694730785134 115.16118492891412 -26.60697553769529 39.15433424122227 -144.05300314095552 -295.90346150189634
1395 43384.161917209625 51944056.300474636 -0.1461189335337174 -15.230978822042186 -11.875115251898976 -0.5692107832103943 74.7290240034744 -16.928534814312798 8.969229604042425 -136.757485227367 -296.05483324972295
1396 43414.526869773865 51990722.94071114 -0.15546773549987591 -15.34281776646603 -11.776504789526598 -0.5326049697580117 74.73859918503129 -16.690031745813144 9.432208129560024 -136.51104490086203 -295.56809622586627
1397 43444.392818927765 51989316.49047958 -0.141922827080478 -15.327074273721198 -11.844932090972549 -0.5625370523764985 74.72374358730299 -16.915653406499985 9.074065542289361 -136.6383559082202 -295.2874265695126
1398 43474.271282196045 51950767.50750121 -0.17896268075118016 -15.289283825679856 -11.81851697613142 -0.5400278110013375 74.75899056730297 -16.932711180024796 9.010635811986333 -136.72840326092978 -295.7934138537861
1399 43504.66873002052 51959333.41875706 -0.18183144705624876 -15.327003168245504 -11.79180116791268 -0.5405301044194886 74.74391106135322 -16.83866802501268 9.123494311616298 -136.68108990468937 -295.843008997286
1400 43534.60006213188 51997389.23049651 -0.06903452152639566 -15.247668795113087 -11.83979461651409 -0.558490966193105 74.6960142408287 -16.706359207292735 9.282216486594166 -136.5313832103348 -295.398515012437
1401 43564.26976895332 51943849.87680115 -0.1044442662917664 -15.229117110017388 -11.86256187123496 -0.5680278913302033 74.7367349337772 -16.854043407611016 9.091312539705541 -136.74668757296763 -296.0420625583153
1402 43594.288497924805 51987556.08139168 -0.022647157071896018 -15.210351180060133 -11.887271252908683 -0.5860547083368743 74.68780367701231 -16.818182875661535 9.115822054603711 -136.57475564829332 -295.295498850932
1403 43623.64980149269 51987163.89870644 -0.20783331494540747 -15.399036715996818 -11.733960148831073 -0.5075109175693342 74.74056427733112 -16.69796664163715 9.468841413822418 -136.59377231588752 -295.6360153183997
1404 43653.606706142426 51947907.16306049 -0.11036335731370883 -15.197304606738953 -11.880312989368015 -0.5626435965863266 74.7322359963854 -16.909692330553924 8.994156075168974 -136.73297898240094 -295.9427945552337
1405 43683.89468407631 51966812.49564207 -0.1523768886492345 -15.36442490405516 -11.820356202420498 -0.5641742291088008 74.69557366365345 -16.940296337687244 8.962616692597692 -136.7321861238422 -295.439217345981
1406 43714.10884451866 51992534.30843635 -0.0745325761068294 -15.243726031418664 -11.868489013771239 -0.5823961269292539 74.68977063392012 -16.861907013414452 9.055998415819829 -136.62193965281796 -295.1692569635437
1407 43743.91821241379 52017799.32266823 -0.07022269043644691 -15.321145083825737 -11.819347891378925 -0.5583207567020025 74.67558445430628 -16.637570278897954 9.467382174631098 -136.44361360344988 -295.248662976987
1408 43773.940756082535 51998157.75211937 -0.10996872356612464 -15.18034253097295 -11.918044723628903 -0.5859970890787167 74.74209460191176 -16.73152281960722 9.382717864211486 -136.52552089493224 -295.33289681951806
1409 43805.19487261772 51950090.25266807 -0.17071228264272165 -15.354566329079466 -11.788522758146847 -0.544172568176819 74.72306814975879 -16.914373333559638 8.976002835928625 -136.7602267284595 -295.79133258821696
1410 43834.988352775574 55407908.59875609 -10.47048336113881 -33.7861878748983 36.76248287760461 42.392412860115044 142.65745040981489 6.751348848736654 81.54833940099331 -118.83404951571151 -295.39478603031483
1411 43865.15543580055 51991829.56556809 -0.08532484154332387 -15.21310324911335 -11.918883624233025 -0.6015348363002317 74.69553278684785 -16.8342616778001 9.157280708269127 -136.60740824086815 -295.2646588547865
1412 43895.210377931595 51987936.63352355 -0.12159740077193959 -15.125677335900296 -11.998938014016623 -0.6157058238245554 74.73607454102878 -16.84895298384606 9.225260369779335 -136.60871091827636 -295.52288661266573
1413 43925.34218907356 52020982.4510647 -0.017331591530588497 -15.313675590439484 -11.845536544723323 -0.5859582865290918 74.6501893062317 -16.631306649681846 9.524560188443502 -136.45347298080793 -295.1439581384052
1414 43955.685554265976 54037204.22588289 -7.607422046636158 -28.75256065159155 53.60997179439934 15.108299234314657 77.12448114902482 -12.877976146480819 18.885973334721143 -130.91188965103413 -265.41078685359776
1415 43986.016823768616 51985986.46413529 -0.10145831324744314 -15.456357980166388 -11.777103789909745 28.135715136641892 79.2103399696826 -16.739749519311545 9.361241094542038 -136.54163888044383 -295.629888391294
1416 44015.83058524132 52005187.20464559 -0.06533131316778729 -15.26845017651959 -11.834171254625268 -0.5565403260824695 74.69183547178743 -16.709323626045716 9.300029118332475 -136.51221881401716 -295.17593157189924
1417 44045.65022468567 51987838.698010914 -0.051259612124008314 -15.252733678301816 -11.86758040474598 -0.572418779407613 74.69806926557641 -16.822188401573896 9.152125742528654 -136.61045357022624 -295.40451919413175
1418 44075.536596536636 51962072.09737466 -0.11698066229508264 -15.236708133358952 -11.898228895874027 -0.5986704700774652 74.70323606658614 -16.88431079192469 9.132968193470049 -136.65273059208454 -295.89859153121495
1419 44105.470292806625 51971739.375430286 -0.025334616934237886 -15.236522295540329 -11.869024186074249 -0.5864197826486333 74.66282452604169 -16.814579096047964 9.17289709875405 -136.64523073584877 -295.6731218509876
1420 44136.63897109032 51996390.556123815 -0.053174431832893276 -15.148549048269814 -11.946402029174585 -0.6127735817230757 74.70017930164518 -16.854027623629122 9.083227246166473 -136.6520216504431 -295.1201658863261
1421 44166.77754998207 55353679.80432871 -10.454587733004987 -33.74736343870876 36.66831774829129 42.37025994145121 142.65186654344882 6.599228325587433 81.31626587077358 -119.01105038406172 -296.1671696515122
1422 44197.96348500252 52012534.06316451 -0.06004140689565496 -15.276196317531202 -11.877323701583833 -0.5875941549013106 74.67292623748446 -16.60640279521857 9.584615948755925 -136.49187367667645 -295.45953146159474
1423 44227.58896780014 52060335.73740985 -13.873673059991692 -40.00682197666947 -5.0325188258117635 2.654334926742891 79.61049689462617 -28.656482630878315 19.087073344257078 -145.54312152503843 -295.502844520875
1424 44257.76291680336 51990279.50079618 -0.004239670347415014 -15.13340979475922 -11.948434027486314 -0.616780621289692 74.67246265003214 -16.814451084545055 9.167823775358215 -136.6479025439633 -295.3334054379609
1425 44287.709238529205 52039586.032418564 -0.014382442019636343 -15.247517077463087 -11.8457678664263 -0.567177770065669 74.68135579356245 -16.568215936179456 9.652370693432715 -136.42435652205427 -294.8300616146169
1426 44317.94568610191 51959876.20348554 -0.07695617835073065 -15.176584859476321 -11.891296232130664 -0.5769357369250514 74.72402193951955 -16.82461781252914 9.119829346173162 -136.6595267269238 -295.8608081897232
1427 44347.82753920555 51962725.28952294 -0.12880798969532314 -15.286607640121979 -11.860841897944354 -0.5786349361004568 74.68601885514039 -16.851747381302914 9.092270750093917 -136.6893984041876 -295.7707793211887
1428 44378.0595471859 51987356.97612182 -0.08032989553865733 -15.22475704307996 -11.909576026728608 -0.5978397853199482 74.67910906370243 -16.880238593108857 9.032600825574264 -136.66468403150316 -295.26350342545805
1429 44408.03057098389 51999176.606753185 -0.08733041811556852 -15.136193388764442 -11.969950208097245 -0.6118420739833681 74.70700191219076 -16.734158404337336 9.37521612807177 -136.56260268313025 -295.37622099114145
1430 44437.84996008873 51965560.680721804 -0.03661884764246004 -15.31182989306892 -11.844704238139776 -0.5860806385946375 74.64764780202245 -16.74465382693029 9.25798355455538 -136.63629926796494 -295.8997220433907
1431 44468.11261868477 51980390.56925409 -0.057880019626393775 -15.164319574830591 -11.930027751952998 -0.5995270901058802 74.70228241364237 -16.85761506566888 9.032618615283923 -136.67202998396095 -295.30069212172737
1432 44498.298978328705 51961568.311369024 -0.0244567287961015 -15.281215770167648 -11.848320324311999 -0.5809044577583649 74.61795762637263 -16.78151796279286 9.119512297017025 -136.69270092367168 -295.9180807138563
1433 44527.939088344574 51949326.59607098 -0.0888666490767136 -15.014993441954722 -12.051172484058 -0.6282071556937296 74.74627600233853 -16.919821505743755 9.041773582662927 -136.74293439238681 -295.9427576979931
1434 44558.58769392967 51999807.009966776 -0.11362883578517113 -15.214527574680137 -11.893616514347208 -0.587029463982816 74.69299946890064 -16.791114839182967 9.227409421588277 -136.54695336527874 -295.38195308222924
1435 44589.351801633835 51965656.65302362 -0.0625712611798388 -15.193261401196699 -11.876204206218347 -0.5815038026834287 74.69255111444971 -16.831116979049796 8.962510417599162 -136.69036687056746 -295.54493441728533
1436 44619.03401136398 52092067.95383238 -14.033894569952134 -39.94129997537934 -5.009751983150025 2.6948111882715295 79.7194958222813 -28.520915996994916 19.374581948753985 -145.37604046348878 -295.1849330829548
1437 44648.78997707367 52009567.974484384 -0.016198391730437578 -15.262741433179347 -11.847280951790964 -0.5963900855152673 74.62977607743314 -16.60475503967956 9.613838847279851 -136.49914606549487 -295.46517854918517
1438 44678.83730697632 54025394.13446215 -7.683139042252083 -28.683315909244605 53.70726252305895 15.153738030640582 77.19044200259357 -12.736094109163446 19.102898942631327 -130.8740215686131 -265.8314592186215
1439 44708.598464250565 51949306.22835577 -0.10923561323087405 -15.277653213048378 -11.911938912903466 -0.6094622374953076 74.67398604297378 -16.912973590080526 9.046962572985706 -136.75478409257175 -295.86964346963543
1440 44738.489887952805 51967202.54356862 -0.07453481355757141 -15.338310489505744 -11.83320288775294 -0.5868780099751518 74.62926526154861 -16.905878834960504 8.9856466740668 -136.68313574025018 -295.507999711995
1441 44768.659224033356 51985442.26123022 -0.15586900891836386 -15.291090422681371 -11.809147712053452 -0.5427160000738525 74.73774582192179 -16.868602800738927 9.210096340126825 -136.64045065465814 -295.4435227459678
1442 44800.27666568756 51969818.62129909 -0.030798933887931312 -15.281738051870075 -11.852878961776078 -0.5849319556351134 74.664405486153 -16.766027175954434 9.197205732496172 -136.65693032041105 -295.72414911912006
1443 44831.2436208725 55426761.96772382 -10.272392185059191 -33.62840455009103 36.536783776338474 42.318166578642575 142.56136608860714 6.914141957731431 81.73797197886893 -118.71463698522496 -295.3512333686558
1444 44861.20632171631 52900117.93787274 -20.347772224282345 -51.58011470273751 8.007986202479373 25.80575506717986 115.14094985787341 -26.57258491203862 39.001705712934154 -143.9609088146815 -295.2271425077297
1445 44891.21976733208 51970353.73844073 -0.041201132030773024 -15.254600125901444 -11.905671562020409 -0.5971916708961231 74.6625512783996 -16.834588876026316 9.022430232515717 -136.62920058463595 -295.4968255285695
1446 44921.11430168152 54008266.70510327 -7.692459773741742 -28.984819350577236 53.84932955349228 15.149122716161585 77.09280010507621 -12.935180460134404 18.84767531656007 -131.05463016356032 -265.887102781032
1447 44951.17540574074 51973286.20653317 -0.19080397302963448 -15.453642884557649 -11.82638674688151 -0.5954214825653139 74.64652565424004 -16.93812074978399 9.008393534343213 -136.66490895106688 -295.4598504534301
1448 44980.83178067207 51978739.603508964 -0.25403173173088867 -15.489939349728143 -11.763179533445445 -0.5452281724281534 74.69253101226386 -16.922161015805216 9.06320241114014 -136.6403560306303 -295.4678137247238
1449 45013.19986104965 51962696.61990227 -0.022733796638890524 -15.3387629306402 -11.851349391091162 -0.589568702724037 74.60395672863717 -16.852871113822232 9.035840845877033 -136.69407307111237 -295.7684878802519
1450 45044.71291804314 55483429.32196542 -24.14950756526177 -58.526517951259834 43.3203563743751 45.54425413211423 147.4708629429474 -5.140474552454521 91.33570518909664 -127.81582762100868 -295.4950712189409
1451 45076.6888461113 55398927.29639552 -10.458649814106819 -33.75161892272776 36.57145984094505 42.359574593282076 142.60949007176322 6.76986861833484 81.55394557427303 -118.85438168006846 -295.56558353288307
1452 45106.59219241142 52980143.498448 -34.236956999100244 -76.38479441141989 14.999127239086697 29.098881019514636 120.13694197352656 -38.20467104804197 49.42814775103693 -152.79738168844688 -295.8473152049205
1453 45137.65576195717 51987711.5953858 -0.05979961388399779 -15.344611314241174 -11.853264851681736 -0.5897902071481269 74.64452997481217 -16.798096089158378 9.226875958976791 -136.58462292273424 -295.55073086214225
1454 45167.5621714592 52236721.52133456 -13.674285306037568 -39.83119131509855 -3.173073114836768 49.123747758772424 111.38324997472193 -26.992043958811905 21.96062376439511 -144.3186793971276 -295.2637772082927
1455 45198.50605106354 52003181.25821434 -0.143335869097875 -15.500713940658326 -11.792429096478237 28.134636340303956 79.1935917910435 -16.718310402060013 9.532644267901048 -136.55937107686304 -295.51579678991686
1456 45228.62068462372 52907252.74649589 -20.525360513608753 -51.743367488859434 8.163766583487124 25.853965982533666 115.19360745223123 -26.507117636267537 39.2914389920096 -143.94598044968257 -295.37993191695597
1457 45259.18160820007 51937019.212396175 -0.23223138844501712 -15.469333584212091 -11.770102513150007 -0.5516143471524089 74.69197949632314 -16.927567347247702 8.994469066300155 -136.75702314131138 -296.11906938608826
1458 45289.06306052208 51993391.85686834 -0.11434078003349413 -15.418570710663936 -11.8178670484834 -0.5861384080149321 74.64276672004841 -16.688786776730808 9.547551316737781 -136.5776507038861 -295.6745847225046
1459 45319.00849246979 51959806.74889511 -0.07820416948868214 -15.28600375843095 -11.891582252932864 -0.6034721063730473 74.64751880905187 -16.91034537348395 9.06359829178183 -136.7211997772713 -295.7520628633128
1460 45349.367411613464 51983817.22008845 -0.1141104167636442 -15.423474607328123 -11.80181316750145 -0.5668338791978158 74.64754927073896 -16.819435453457857 9.187109182460233 -136.60301840991264 -295.5552657382432
1461 45379.34926724434 51994423.91635463 -0.03360197750990679 -15.39852947280873 -11.796347262883856 -0.5765372521464514 74.62502582409533 -16.775975595482464 9.272155744898498 -136.59388238096886 -295.4888090569175
1462 45409.4292640686 52033254.387885675 -0.04595878801076658 -15.275458572349748 -11.836102710999938 -0.5634937407328238 74.69452291893286 -16.575788956247663 9.639773525713395 -136.40887581959362 -295.0407778143675
1463 45439.829216480255 51950617.3152567 -0.15530989020847308 -15.372071912387955 -11.82594410926945 -0.5785790506696458 74.66336470542797 -17.02765525880119 8.890904057364992 -136.78179720487856 -295.8632383266595
1464 45469.76547241211 51967713.87528353 -0.1268075439991314 -15.407826604032476 -11.899920456174492 -0.6166361925662045 74.62068291596219 -16.826857291612043 9.327896606254285 -136.67404782490183 -295.87894584960225
1465 45502.22275209427 54033914.305291176 -7.626709326080034 -28.732480706715446 53.501388583318786 15.068529405103078 77.114143118335 -12.889234563150353 18.92693066935601 -130.9476475978446 -265.44336041560206
1466 45533.25619268417 56328537.27210283 -30.72506437607619 -70.19039704260102 56.59450465177479 68.8062675672254 183.07658170085364 -2.913163614125949 111.53454914850272 -126.16673665895706 -295.3072097196899
1467 45564.897837638855 52910766.21709304 -20.346156886151977 -51.619336610736475 8.245449951949709 25.882647752362132 115.19882472109602 -26.497179065323735 39.07389392544371 -143.89984009982277 -295.34943924121615
1468 45594.656665086746 55396277.77331092 -10.467858556338147 -33.92552643815059 36.638656283980964 42.36115682780611 142.55721606733985 6.647410270923672 81.44338747613415 -118.92355273380008 -295.6373249629649
1469 45624.43376302719 51952899.88732135 -0.16928498220960186 -15.470506839875386 -11.787604485138587 -0.5687945045950897 74.6420615871106 -17.006991581406623 8.902495870623738 -136.80319021004897 -295.79429346720804
1470 45654.27452945709 51919040.1656709 -0.10479233753022221 -15.307578695674092 -11.900560048954148 -0.6048361405816536 74.66271403938954 -17.019604428729792 8.80317116316894 -136.8356732799278 -296.22066604267
1471 45686.6193819046 51987751.07065027 -0.19409520589628038 -15.44523221283205 -11.760165760658296 -0.5547142717698534 74.6682808169979 -16.886670399059824 9.228360607663433 -136.68003774838422 -295.4868413710433
1472 45717.75832080841 55468770.21022903 -24.35133923852185 -58.623117844819504 43.562555906567276 45.634017738667296 147.58090411895324 -5.1298678247623 91.47556782505978 -127.86369236822947 -295.7916531593854
1473 45749.09391593933 55403152.1831646 -10.493992750012035 -33.790495723832514 36.64126444906616 42.35215394148315 142.62704474278704 6.6679133274474225 81.6095998544921 -118.889934820995 -295.4956907734634
1474 45779.23805141449 52849723.44962019 -20.457221851098907 -51.538342723960625 7.947122684773298 25.78455308661347 115.18687796138528 -26.76682085295505 38.81232230466878 -144.19464742967932 -296.0144157274064
1475 45809.081510305405 54028949.06339141 -7.545915816294912 -28.892137336172137 53.66079039936394 15.112060538697037 77.04567308590353 -12.962913427592639 18.652135776280375 -130.97078022509106 -265.39117151024305
1476 45838.98010492325 51956882.69334528 -0.1422178232610527 -15.427313370009912 -11.816812043421052 -0.5859030755175212 74.63463543469312 -16.90056218000518 9.113107775246533 -136.76507572550878 -295.7277757704047
1477 45870.347893476486 54018895.4030078 -7.7035851511477205 -29.067746199187752 53.79409466248239 43.848281513805446 81.63205828806717 -13.042099693838907 18.61071789608809 -131.06792637517572 -265.33114898480255
1478 45900.07515382767 55367075.626681924 -10.319052418198028 -33.729580639835305 36.54804733884733 42.31859178225427 142.5521175848196 6.58797172787871 81.22031446578114 -119.03138672279874 -295.9030650459638
1479 45930.40420746803 51977396.059656985 -0.1733206634686031 -15.358476539024995 -11.840035775577512 -0.5702312654380677 74.69014630660159 -16.891298576211625 9.057398806088315 -136.6991942352077 -295.3738345279052
1480 45961.932844638824 54980254.182800755 -9.338764362116528 -55.4507687612086 34.832562062978006 41.11747466119162 81.26341414343568 -11.416843956841262 25.56686009353416 -128.95307197163214 -255.66908115990745
1481 45991.57674241066 55357410.21670011 -10.397504120333593 -33.88240601558795 36.64645832335308 42.35286526147904 142.5390231439444 6.607597160548323 81.25288370811109 -119.01667378800795 -296.0827582267449
1482 46021.21064209938 51927865.796238795 -0.18804782521520913 -15.41551650975627 -11.80161105987655 -0.5682984914315625 74.68408520069652 -16.982221756334866 8.970803565360711 -136.79693793526081 -296.3505228407083
1483 46051.2407681942 51927991.74098606 -0.37417657827048956 -15.521639737817626 -11.746822288942155 -0.5331551366352159 74.7472329342304 -17.13640494446048 8.895916965871379 -136.9306464970535 -296.0316805084489
1484 46081.090032577515 51999041.88443043 -0.03307376693957487 -15.342195671351568 -11.840957667819424 -0.5768591004196111 74.6389026269981 -16.712054239756128 9.400444583766898 -136.55201023896814 -295.37244040811777
1485 46111.14735484123 51967236.473728605 -0.25166881267726815 -15.52761687370619 -11.766858514018317 -0.5591476200008856 74.67190114620277 -16.95514213004958 9.128385842021544 -136.75064100562201 -295.69313675237026
1486 46141.23333859444 51984839.68716808 -0.018977692295813142 -15.324296903168664 -11.83553472135739 -0.5866564454893819 74.62380471890295 -16.747084835376484 9.323204154854636 -136.56191007051694 -295.65284919641726
1487 46172.57888126373 54024525.36844029 -7.782440260620033 -29.01871590968136 53.73617400620297 15.137628148869723 77.11693380635263 -12.870802184600393 19.143436586091525 -131.00120885113517 -265.86452725046263
1488 46203.284509181976 51962914.72370521 -0.21372145866917158 -15.366182978003438 -11.865951084198905 -0.5960186873030295 74.67935984571312 -16.824791154557488 9.307542041812724 -136.69484220988937 -295.94476028910617
1489 46233.0868332386 51994044.028045565 -0.271490144545 -15.445444120978937 -11.799086444713176 -0.5556293555694651 74.71518481575954 -16.769471795785876 9.474386135868144 -136.5834856075952 -295.49880107659345
1490 46263.03137636185 51968454.383849375 -0.11052102945099129 -15.400775490610453 -11.801118332567135 -0.5573456501629153 74.67420487948368 -16.829027987890868 9.201915823836089 -136.68824341698587 -295.84186769620135
1491 46292.76977753639 51968196.18705715 -0.21471818853458657 -15.530760191092234 -11.735615452588533 28.162801694493822 79.23812982680835 -16.879445638622258 9.138014594188348 -136.68050039666792 -295.69525693070307
1492 46322.57432723045 51991519.58917284 -0.11941060483650112 -15.401164571745714 -11.826478536426926 -0.5764983060794577 74.63938908278197 -16.878360710608888 9.103456727346668 -136.651881799887 -295.294623495774
1493 46352.648242235184 51983476.631034926 -0.20100614245838955 -15.38893369887524 -11.843361757849998 -0.5879541457905333 74.69279869295445 -16.841833309803917 9.341890766388929 -136.6828343000101 -295.5528447460439
1494 46383.53133511543 51947602.01660051 -0.12049144521656352 -15.30953479608089 -11.919206350332729 -0.6177743032988872 74.65867555230298 -17.006765126736468 8.880525262707579 -136.7889232421971 -295.8244050154934
1495 46413.472423791885 52062038.71468588 -13.967599889840168 -40.2270656364101 -4.926602109705357 31.396040529508184 84.17774912559065 -28.690247677044 19.131754680019753 -145.61721900110797 -295.4720329775363
1496 46443.9117166996 51989574.93482963 -0.26197020511713554 -15.502223417056285 -11.76610685095968 -0.5502399671919136 74.69775551369965 -16.85200098364436 9.384718381938342 -136.68460139042668 -295.3997966436649
1497 46474.0299551487 55017253.47698733 -9.379688191361856 -55.47741584636012 34.749030281946496 41.090348317119876 81.23883453941492 -11.530675362813554 25.358252831347045 -128.98078773808146 -254.62978555187877
1498 46503.53471112251 51982183.41882358 -0.10329359684372186 -15.339834040935166 -11.87821882418556 -0.5964270843790587 74.6588581775716 -16.775720806945117 9.412320551267271 -136.5978236367074 -295.79293920896913
1499 46533.45162272453 51981730.412463084 -0.22136405369939638 -15.507582094333031 -11.738606614786619 -0.5539204509552462 74.65948356418531 -16.93777144257359 9.139429049347086 -136.68085165721533 -295.53994512218515
1500 46563.327542066574 51969620.486376286 -0.00022327574936298333 -15.180727874448039 -11.994256250531315 -0.640932258056381 74.64195265870313 -16.860274879434257 9.02552537545364 -136.63297191420668 -295.62176790237623
1501 46593.537009716034 51975821.96589541 -0.12269578471537557 -15.38146169638734 -11.828805148263854 -0.5808426433977019 74.6637020804557 -16.87120310032975 9.105389001874073 -136.6790575340288 -295.5231487053155
1502 46623.92734122276 51956554.858868584 -0.1992067417922243 -15.467986761126571 -11.786920936481948 -0.5638412449930428 74.66942173930357 -16.864857920499617 9.230254765192626 -136.70697083364047 -296.02813250076224
1503 46654.15596699715 51999426.418203145 -0.15385531960407128 -15.410623415606366 -11.813410785852568 -0.5804861214928962 74.6411269872133 -16.798723955640014 9.27336797756152 -136.5868078968282 -295.25031001261664
1504 46684.03789973259 51922650.66063417 -0.19802237429908942 -15.446312220440703 -11.82198144013212 -0.5865450699450747 74.65141546581908 -17.021286860936016 8.914412933291885 -136.88010799110214 -296.23839387655767
1505 46714.020552396774 51974453.64175996 -0.09116416220983581 -15.332267814452106 -11.850170162572148 -0.5829264207335854 74.66115137290423 -16.73042135622063 9.399232619968643 -136.62680148535736 -295.81025573919237
1506 46743.790561676025 52001622.903673984 -0.09999962425806252 -15.360179723959408 -11.816807681069776 -0.5711072224480063 74.67810625666019 -16.91809541875648 9.09665762020694 -136.67929325995266 -295.0597731459427
1507 46773.75428676605 51954838.13484292 -0.20387848815013676 -15.304400505713808 -11.906336250341873 -0.5978398368304596 74.71024743405823 -16.815445853640142 9.362530591350719 -136.6669516946066 -296.1368038547199
1508 46803.956604242325 51980126.94045763 -0.11042610555777621 -15.293235284713578 -11.87560558841686 -0.5949281660145971 74.66722796589711 -16.80477177973205 9.247661507675218 -136.64505516981154 -295.6422431205891
1509 46833.90879654884 54041265.782586426 -7.704347791804084 -28.90909271382919 53.66170915386547 15.114133397299952 77.10724883905887 -12.842568553660783 19.132540400610424 -130.90310458942918 -265.41480607627113
1510 46864.11663103104 51975585.62830184 -0.061745248476347214 -15.284774885755697 -11.93050811519359 -0.6294454200877908 74.63411719717972 -16.822098215422102 9.299703256830412 -136.645160149449 -295.8084410971798
1511 46894.406158447266 51954200.238175355 -0.022345351730342244 -15.256321405589775 -11.939902263740137 -0.6359344778957592 74.61068122250461 -16.96615167577005 8.88679180767906 -136.78925844518358 -295.64789767192985
1512 46924.53344988823 52009972.79226145 -0.12089391226661128 -15.456037391246944 -11.776538134028144 -0.571631060330148 74.62643849713798 -16.69266316743773 9.494500426539332 -136.5140233787996 -295.35081119088454
1513 46954.21504855156 51977203.53136593 -0.1355614765103308 -15.413744359975134 -11.810693276819173 -0.5703964093375617 74.63952774883805 -16.91213339018111 9.089341414188311 -136.67395299283055 -295.5083873856794
1514 46984.01237154007 51956373.92677659 -0.06473957549050269 -15.284005574732888 -11.917923078676822 -0.6187529138106953 74.63018769018309 -16.883118940878035 9.031304692274716 -136.72840817217042 -295.825472972233
1515 47013.90817737579 51983072.36674506 -0.12288266497972344 -15.349287635999946 -11.882747178178313 -0.5987749339859079 74.64859204054298 -16.893585810222874 9.084155580587378 -136.63417468778135 -295.4127855258497
1516 47044.11477518082 51951926.10654512 -0.2296556259430247 -15.426853394916414 -11.824314433022728 -0.5736492744265291 74.68835815652726 -16.892569336470842 9.23887231610911 -136.77031120694227 -296.07060188536076
1517 47074.02657580376 51972004.78167481 -0.07575771628872374 -15.352715211801485 -11.883570365778745 -0.6223174379972534 74.61537111505926 -16.983930948166346 8.955735717025334 -136.72038090182156 -295.5213664804501
1518 47103.71753644943 51963328.662179 -0.020004682573238952 -15.294742973440083 -11.91507570863019 -0.6290590863886649 74.5871612665393 -16.802620532232822 9.133235185518572 -136.66970848970294 -295.8192732365703
1519 47133.583856105804 51932042.44201949 -0.1599038092399212 -15.276224972363732 -11.948541596293474 -0.62497771727935 74.66540629402412 -17.0575362650344 8.82812579130308 -136.86770227965798 -295.99351690965324
1520 47163.534970760345 51967827.95301089 -0.13554559802388155 -15.306598740036078 -11.963946688621881 -0.6394240416340864 74.6331802233093 -16.923818997866647 9.118583429547584 -136.7614541327988 -295.592061164328
1521 47194.55566954613 52005441.419875495 -0.05130258345151795 -15.392998706510522 -11.829173454685694 -0.5966934405448399 74.58875935658921 -16.727927287419163 9.363018869706309 -136.54420086914746 -295.27730331599184
1522 47224.27719926834 54949829.077504605 -27.87320557284349 -65.10307274478296 73.66421105056105 41.54052259282783 117.60238523739068 -22.431526995447257 49.08325565145651 -138.1643118011488 -265.6428153339894
1523 47254.309393405914 51932782.46084484 -0.025870865951153732 -15.234264446603092 -11.926453228182524 -0.6215567854161321 74.6364314703815 -16.877746149828113 8.992182324934276 -136.7469235100595 -296.2283405314798
1524 47284.47077035904 53990736.97336006 -7.545321021259509 -28.794128838837473 53.63791760081664 15.083843139229842 77.04925787079205 -13.054404149082416 18.53866607724217 -131.12246473771518 -265.95252173279346
1525 47315.157121658325 54055220.24149063 -7.598872204645414 -28.741428075096074 53.5185765902445 15.065149535007649 77.09136558987034 -12.841140896185209 19.018547852853658 -130.86466336900207 -265.1575699342996
1526 47345.62185359001 51981249.85175782 -0.09725791956294216 -15.430425701674377 -11.825125768519499 -0.5941888986361192 74.61460151000287 -16.697075417994313 9.506624578478636 -136.6028243049625 -295.880791731143
1527 47375.47419047356 51988377.33441197 -0.07938855581575233 -15.356893135778874 -11.852753413041839 -0.6073771028233637 74.60869462955465 -16.88290109422786 8.99606510893733 -136.65325689866341 -295.17555333127984
1528 47405.53922724724 51958136.82650529 -0.05181326600789227 -15.303354551652863 -11.940816130923565 -0.6393671973362842 74.60254780574512 -16.96126717256317 8.918589168208484 -136.72947487188344 -295.6788617239249
1529 47436.306653022766 54990087.08635431 -9.238455818084363 -55.44043681048824 34.895987339702955 41.09177673299351 81.16731726463644 -11.538773463492817 25.14319441571081 -128.98410971804725 -255.10378443586697
1530 47466.635526657104 54001551.868402615 -7.555950575506239 -28.819878508006944 53.62247554322965 15.085242259612457 77.05919374058138 -12.99648870058786 18.648509578976473 -131.08096135197587 -265.8355099813757
1531 47496.88557767868 54009934.45480882 -7.618107645005514 -28.94417955726928 53.79689120297662 15.130261150499024 77.03543203651084 -13.028613443472409 18.56789114798096 -131.05468093363226 -265.5366752496488
1532 47526.835166454315 54041243.814244546 -7.661199120394425 -28.86923316664307 53.637723475722325 15.097088061591066 77.07584915275629 -12.909369238948159 18.957259845072485 -130.96757987368102 -265.3011533228753
1533 47557.07878255844 51981975.152061746 -0.04040574460641899 -15.312487937781924 -11.964192514776123 -0.6439342843504363 74.60160410912653 -16.89525804513619 9.22499764829081 -136.71191612727023 -295.5893343012777
1534 47587.11411237717 51964386.547453806 -0.038073820042606954 -15.343329501135067 -11.910769213367331 -0.6307829538520338 74.58655243470228 -16.865710536799554 9.11342294050445 -136.7118625735365 -295.74688640909665
1535 47617.65479159355 52014620.41613341 -0.08232708098710084 -15.385885022871019 -11.846960925384892 -0.6078778826712039 74.58974536574101 -16.730790821288338 9.362572596629036 -136.55507047339876 -295.14191447000593
1536 47647.704083919525 51970634.625553645 -0.028390551622219817 -15.312600314352782 -11.918842975120498 -0.6332154404959311 74.59796143623815 -16.88356368690671 9.032271901646254 -136.72177873110843 -295.55507951973004
1537 47677.38518714905 52004593.27484399 -0.15192094924183053 -15.440394537747675 -11.85802170133472 -0.6057534287323847 74.62912289677577 -16.95304092267537 9.083167021322538 -136.62740297111736 -295.05210229748695
1538 47707.920961141586 51985183.20744497 -0.06475593692994153 -15.318419161174166 -11.894178564973913 -0.6192983970637158 74.60808951146343 -16.80636837183272 9.28006023324923 -136.64681791878945 -295.50770706377534
1539 47737.71730804443 51997178.527584754 -0.12239459828200161 -15.30038061874134 -11.940909218419101 -0.6366373178767759 74.64568678872747 -16.86180311966848 9.285281295864195 -136.63324353472365 -295.3791547283756
1540 47768.36959981918 51967040.367894515 -0.04698542808920614 -15.331807085557095 -11.945486766667415 -0.6356371476493194 74.60707803215351 -16.84588361581035 9.173749086718146 -136.64778381367938 -295.9020184617505
1541 47798.5871887207 54982127.073396206 -9.05554465796922 -55.2451019611244 34.516637593675995 41.00344685827676 81.13698746021433 -11.553730402692793 25.038439496496267 -129.00034944800183 -255.16702246867564
1542 47829.84067296982 52006990.11830287 -0.0899464589864607 -15.408059255493573 -11.85649067951902 -0.6132167922726808 74.59571517852127 -16.78991236139143 9.251236033909379 -136.5291943492046 -295.1823350499167
1543 47859.679631233215 55368021.89517858 -10.339660874333354 -33.80283017973899 36.40659138734436 42.271770967306495 142.49460434148077 6.440860109713697 81.09346954028354 -119.12351013922637 -295.74004950443606
1544 47889.78686642647 52029623.60735542 -0.06014537128465669 -15.297216232156517 -11.962073837032094 -0.6539458615348792 74.59133650820426 -16.811668801016253 9.366763977488517 -136.57688435961228 -294.6686516351806
1545 47919.767678022385 51972138.13459344 -0.09531623266694389 -15.381580327051996 -11.863192467365224 -0.606654783224343 74.6097589553424 -16.992688585217138 8.874956404778175 -136.73214679904527 -295.3847294251654
1546 47950.41501379013 52016445.88018384 -0.06235575822224071 -15.387066949319252 -11.861688823797728 -0.6177564877707056 74.58131448462622 -16.755802270966228 9.390986945496024 -136.55106771402245 -295.1268400320321
1547 47980.26757335663 52858754.34714069 -20.28007616821376 -51.51168112241035 8.125096417701819 25.84273300262683 115.19145444467807 -26.61729296471151 38.866777487035165 -144.03444331722932 -296.0784717005878
1548 48011.793340206146 51950224.29699415 -0.08299073313374805 -15.419433026488356 -11.855620072632043 -0.6186749746994735 74.5803790358711 -16.857763528252008 9.13315919508068 -136.70228391257348 -296.0362456374525
1549 48041.63763308525 55407505.938588955 -10.400890800382742 -33.923895579985604 36.59507251608326 42.33274057926813 142.50845870847658 6.576294453057301 81.27267674351333 -118.91751267666638 -295.27614000705853
1550 48071.510301828384 51960422.85486416 -0.13609953301286914 -15.25817119441014 -11.951545367189645 -0.6256970841931064 74.6551132770216 -16.905100377995495 9.118375722401936 -136.75244961047724 -295.80565176362694
1551 48101.50472640991 51979949.73725017 -0.127523718709595 -15.342591173049602 -11.94538042626403 -0.6398439641149309 74.60691981603689 -17.00485775758318 8.901864489857871 -136.75864750020293 -295.1541084778833
1552 48131.60356926918 51959545.67410192 -0.0687871552271968 -15.274094252653555 -11.926310011234897 -0.6329103720318585 74.62803856796202 -17.107794588739523 8.67832259931805 -136.85233591822322 -295.381761547946
1553 48161.930705308914 51991872.14781604 -0.1290498902012942 -15.481080656650509 -11.828633476027129 -0.6002339779753498 74.5837017893224 -16.827445415180364 9.284916420904096 -136.6451025806416 -295.5472803796461
1554 48192.12666559219 52020598.40901629 -0.04637117102604549 -15.391880655909093 -11.884239645202108 -0.6320177718258719 74.5673898979213 -16.845219727129233 9.246890300370296 -136.57879928636447 -294.83727593126525
1555 48222.933883190155 51975911.8729222 -0.02012569966914768 -15.300391540394246 -11.925406474545383 -0.642675901717709 74.57888366613078 -16.858757999541126 9.056627688988272 -136.66200080271068 -295.5911123088821
1556 48252.75765776634 54982118.48490624 -9.301974611704381 -55.41799946814096 34.65842165685049 41.053986562278766 81.209667598938 -11.652814088852153 25.130310691782597 -129.0952284015226 -255.15133927920087
1557 48282.49699640274 51992138.00276236 -0.0871741883252728 -15.45165918127714 -11.80797367763418 -0.6048868517699759 74.5686497574933 -16.763083083564993 9.392483549649455 -136.6301649090551 -295.5300382636303
1558 48312.32318067551 51951740.9727645 -0.12447708098894239 -15.337272991863902 -11.876890831805959 -0.610918033335281 74.6371859521669 -17.01695739118105 8.849068800625105 -136.800790546263 -295.7045388477859
1559 48342.329315662384 52005156.91190266 -0.13897828465342243 -15.400966508033775 -11.85481363907337 -0.6056639718816825 74.62784320086035 -16.85550366446961 9.204519227342473 -136.60112095110787 -295.03468572949663
1560 48372.5237929821 51932223.88781401 -0.116902761395 -15.357430670043517 -11.898529808274766 -0.6242067436574672 74.6289723044468 -16.968094755412096 9.014581604567184 -136.83996824322742 -296.23376236056686
1561 48402.256690979004 54980001.63966371 -9.38456964973522 -55.53345441154865 34.69776351981346 41.05892910775496 81.20885226125185 -11.698702712638749 25.153438272732274 -129.0965076179735 -255.1501678134505
1562 48432.185206890106 51934342.45581273 -0.08989248075194034 -15.297110831773704 -11.943263531158436 -0.6379176350625642 74.61239333116343 -17.0241431525302 8.799459655558508 -136.86440583740642 -296.03224807721176
1563 48462.26720046997 51997829.27308566 -0.07414730340317988 -15.334965329353233 -11.894966272234946 -0.6256960726006611 74.60542377451287 -16.799365195269218 9.253479769740352 -136.56970091987955 -295.27134023548933
1564 48492.62619972229 51980054.71480869 -0.03399479802321537 -15.288350040476722 -11.958035300933297 -0.6586623716544437 74.5911775830947 -17.003449559066098 8.9500166923562 -136.71689567719426 -295.35284516053093
1565 48523.03292298317 54998459.32494865 -9.296270966533616 -55.381514297826506 34.631573064196594 41.04815803828707 81.19599577119199 -11.594736537980566 25.17211201744044 -128.98190760398427 -254.87837392682596
1566 48552.701306819916 52005319.5498417 -0.037353722332817085 -15.287505649993257 -11.964005884605406 -0.6651772294976297 74.58561221684239 -16.74738716089672 9.443444028683189 -136.5549984105993 -295.3605283326108
1567 48582.72210240364 51999789.127092555 -0.08699176920140417 -15.356919670951882 -11.908820215842546 -0.6406825841104649 74.5930930171894 -16.91117485262083 9.080121078249533 -136.66225295769954 -295.0218550720284
1568 48612.50996398926 51947186.38634059 -0.08405982437645498 -15.297373121911587 -11.959819420449172 -0.6475867571195124 74.60521114304241 -17.037186306472677 8.803263423157034 -136.842639993251 -295.6766568277799
1569 48642.46797084808 51944139.7382256 -0.06608898630096682 -15.323513778848017 -11.8995127758581 -0.6290563699398888 74.6000117119878 -16.980050171189077 8.940708733408428 -136.8092263505925 -296.0090105848292
1570 48672.48960494995 51971658.103284225 -0.016512469659938134 -15.286838868780134 -11.932294362788824 -0.6419412153775994 74.58162598655386 -16.912104224787925 9.066239553161154 -136.7452273360119 -295.5583294376469
1571 48703.81552195549 51976928.60007684 -0.07151212706765797 -15.353456536859454 -11.911524878581915 -0.6388575147384046 74.58556417479375 -16.754569958714967 9.335326523479523 -136.65294769536013 -295.7756854986742
1572 48734.12806510925 55379206.839094736 -10.41168718323695 -33.774715907064234 36.40740242888286 42.273799099773925 142.52730478543083 6.49290266248488 81.25182058536006 -119.06203251771007 -295.5882917571405
1573 48763.96780920029 51985874.34777849 -0.08551191961666937 -15.313565351758513 -11.931824225392432 -0.646680520498208 74.59361712126237 -16.703584161892536 9.452954665680124 -136.5855197445668 -295.69577754682473
1574 48793.6068482399 51969097.605330676 -0.03271068863355708 -15.278003153989324 -11.931909154158447 -0.6336401912113132 74.60401906187393 -16.936229799768626 8.994885020640425 -136.70269144570187 -295.57045456871344
1575 48823.90191411972 51970896.018418744 -0.11598287802409857 -15.322733012483877 -11.92582660863848 -0.6291554436403857 74.6407300677808 -16.812909920909135 9.296324596261911 -136.70223098837937 -295.7970486789013
1576 48854.35678100586 52009201.35068709 -0.02396220414576078 -15.363749527204188 -11.870522060904335 -0.6133759252670785 74.58529692116015 -16.665742530878276 9.395980904726684 -136.53038627935098 -295.2245881619081
1577 48885.58275079727 54986276.388848096 -9.299854554389764 -55.4217438106538 34.660261568719946 41.04784507143144 81.194055228009 -11.552017642952023 25.362715681807572 -129.0291488377881 -255.2908617655986
1578 48916.87092638016 55353619.972645365 -10.503486427311628 -33.86522132069209 36.48847103955098 42.300174070657945 142.55853972646315 6.4132657918895575 81.06874227264086 -119.13638057032273 -295.84694677636617
1579 48947.68236541748 52878840.29470477 -20.28344877732522 -51.496919430034026 8.04664329023641 25.804372342790742 115.13980776454193 -26.554149339135904 38.99519009297285 -143.99805849261537 -295.80358397432553
1580 48977.55312156677 54956055.878752664 -9.260512689897805 -55.38159495351704 34.55136626444691 41.02690983630879 81.18861108295584 -11.734942807529706 24.935348510063818 -129.10408287030089 -255.5257452400369
1581 49007.58652830124 51991211.2269133 -0.09285806707108435 -15.3276216551686 -11.905872178279097 -0.6310813159889364 74.60697703222499 -16.788589732618334 9.41627320370094 -136.66311404304543 -295.46991048099665
1582 49037.797614336014 52018373.877394624 -0.09878678487767978 -15.339233439911517 -11.911309752540014 -0.6360720467424557 74.60171026910452 -16.791454778055936 9.444275766740645 -136.5903830869467 -295.03859716031565
1583 49068.9176530838 51973045.73671841 -0.014164021544308625 -15.290850330719849 -11.937291815163825 -0.6400115574450922 74.58519971838618 -16.95367308176293 8.999255454694094 -136.7452766707882 -295.5278810930831
1584 49098.770194768906 52915498.49677416 -20.242966210053034 -51.447710274006155 8.070234262533248 25.817730207005496 115.17757066476221 -26.434625184985634 39.279616964309184 -143.8630390852382 -295.4983008540033
1585 49128.54429960251 52032482.01474257 -0.042818825368387436 -15.331981239911475 -11.900977187805928 -0.6289298805526897 74.58713454652748 -16.711781630254734 9.464500747169097 -136.52522763091167 -294.82428092955786
1586 49160.664551734924 51948732.669305936 -0.137809867168313 -15.352582893302024 -11.897632353320098 -0.622217146556352 74.62591706065452 -17.016476536397647 8.843092442272223 -136.84542796359358 -295.9236319146959
1587 49190.70118498802 52978287.633159354 -34.20534527071095 -76.42243490571487 14.940579745206882 29.06925132897173 120.08359526341633 -38.27228215009666 49.26131098619658 -152.83322748136425 -295.7886098128272
1588 49220.511686086655 51974574.5059504 -0.020900895219130078 -15.314862009719572 -11.912958096524989 -0.6380443897357253 74.58063061082059 -16.990824440018628 8.939923884031373 -136.72830079144978 -295.33614259673584
1589 49250.26932358742 51994942.05928858 -0.07352926758126266 -15.347893305875349 -11.897465197095883 -0.6250943979542285 74.59817247419394 -16.788617418083106 9.26177456149918 -136.56380674003913 -295.3951027542276
1590 49280.148502111435 51940847.6385871 -0.058934208110857256 -15.333721880726342 -11.886042613855011 -0.6221772066546833 74.595330002522 -16.98191116658711 8.802118748781822 -136.79412135648812 -295.9306868056275
1591 49310.10298013687 51947123.615206316 -0.09245611703949308 -15.326069171083166 -11.92305168864992 -0.6341209178051912 74.60763497731747 -17.022057507779152 8.743669860033208 -136.79130710588794 -295.8531753879944
1592 49340.31472182274 51992464.20686511 -0.018705355309300842 -15.277074863917214 -11.9631151767069 -0.6516121179908794 74.58458182606869 -16.854266111777747 9.2115695978909 -136.65641179976132 -295.32018451913075
1593 49370.88050913811 55026220.72436697 -9.269796338574904 -55.43788136166878 34.785663480490996 41.07523323797096 81.18648271830727 -11.578344001859307 25.203103518618832 -128.8964949634323 -254.36647453515315
1594 49400.783255815506 51992946.67913569 -0.07426031511514708 -15.395686955004827 -11.892279632698212 -0.6251066535132281 74.58032435589169 -16.751360534661615 9.403056356161926 -136.5566628350843 -295.560578131923
1595 49431.23028802872 54028903.79576862 -7.6807629830243265 -28.89991367256066 53.655130198074595 15.09253979655881 77.06765722231479 -12.880990770525273 18.989806547749367 -130.9412179538478 -265.584264562915
1596 49461.073195934296 54982647.52025614 -9.303786921695606 -55.42885048703865 34.73049869590208 41.066197066486154 81.20134359712756 -11.523727124699462 25.311511995676483 -128.95622154488842 -255.3616484676159
1597 49490.77074050903 51985172.671921805 -0.06233977007674518 -15.311587756193466 -11.922388189452505 -0.6374627041183345 74.5986735375417 -16.872937739854763 9.09082620958236 -136.6369260230582 -295.432265386972
1598 49520.84241819382 51970993.14279379 -0.13012882167421758 -15.367461455549158 -11.8775537631035 -0.6155406423955725 74.61781385848226 -16.890515219317024 9.194403532035722 -136.69784121094204 -295.66287097877404
1599 49550.97154021263 51980878.349886715 -0.01500222011765473 -15.294080073062453 -11.913289600847577 -0.6327192036693816 74.59024111979724 -16.91738934574937 9.033183261886222 -136.71289379886463 -295.49469595995055
1600 49580.81854701042 54983415.69109511 -9.330593951254443 -55.48206494550543 34.77885207704216 41.07651731463362 81.20001976839032 -11.712236994293903 24.980048739135555 -129.05503726175016 -255.05211705655762
1601 49610.77412390709 52033792.75080568 -0.0471623993352015 -15.324496994706397 -11.91367342480926 -0.6388677943861154 74.56736021304755 -16.700126008767995 9.488790033525504 -136.47702182403157 -294.8607370752412
1602 49641.25566601753 51962521.85733715 -0.0756567705140263 -15.349818022276555 -11.909835071815962 -0.64303888805658 74.58260772197245 -16.871926919051532 9.255294690952155 -136.74867801819295 -295.8765822740877
1603 49671.11216521263 55047370.36478541 -9.2450894085373 -55.35563762110961 34.66075548222194 41.05402391724829 81.20089891299666 -11.443300633381682 25.47280138736801 -128.80458832334034 -254.2915299954434
1604 49703.58338332176 51980863.0962806 -0.126483317226322 -15.410237911085122 -11.85902421727031 -0.6161032477998418 74.60661271369509 -16.891273788085414 9.126002405848283 -136.6934084036556 -295.3703263099673
1605 49733.62929916382 56277062.475007504 -30.635947072085152 -70.00891321963707 56.47705614058211 68.73641966656164 183.0719751458772 -3.248254856298786 110.90298609443607 -126.39262566828819 -295.77224705362096
1606 49763.74714303017 52018205.20146174 -0.0583624125829143 -15.354369983288922 -11.877440106056405 -0.6259388916878379 74.58781011033693 -16.692206836904745 9.564231645143991 -136.528608803598 -295.2207704798751
1607 49794.2047727108 51958274.15308898 -0.04159041251263318 -15.312265601819291 -11.902965041601178 -0.6329653619019666 74.59232654946196 -17.088583029430993 8.71204806064145 -136.77653949594537 -295.5216669245848
1608 49824.25508308411 51988422.22965433 -0.07562071808163395 -15.372233425483563 -11.876983566380261 -0.6206736103125223 74.59715249852594 -16.79741717348378 9.24272216598456 -136.58853167444386 -295.5414527070118
1609 49854.76866674423 51952935.16379215 -0.08994481655560627 -15.356958134089822 -11.88362776503692 -0.6208668287238766 74.61260108773887 -17.108556401201497 8.60068260161404 -136.8396228711627 -295.47288747740924
1610 49885.17437791824 52228765.07817552 -13.711238966051434 -39.77741377024958 -3.2675003966611555 20.36835229102489 106.8133518070254 -27.04445865137643 22.009613926217185 -144.3432130711339 -295.2096498486178
1611 49915.269015312195 51973499.77466345 -0.13857523561546614 -15.426515358486853 -11.855861706412156 -0.6155376340468734 74.6025521206747 -16.903750693276265 9.113317669166179 -136.74411982890985 -295.49701151271177
1612 49945.84973168373 52003423.90111599 -0.06096973904184644 -15.300081938330152 -11.929856022604561 -0.6304954647967804 74.60819002039877 -16.80244346546158 9.361167834255184 -136.59161784658937 -295.2227379292732
1613 49976.03955101967 52062343.52336197 -13.96782586906706 -40.14770749760207 -5.142890366386467 2.579994471021763 79.53348021484177 -28.766958831538716 19.114528906160558 -145.65291442549363 -295.4560258915411
1614 50005.67704820633 51985252.26009107 -0.11892474966939126 -15.473597853257658 -11.80700452359956 -0.6034588030335186 74.59049064919814 -16.852336761758863 9.276291783608201 -136.6508880059323 -295.4644756307233
1615 50036.15174436569 51970996.14751425 -0.03648644403468104 -15.309046904990531 -11.909796849256374 -0.6302895280561387 74.5953113833108 -16.930650103302696 8.902969467069681 -136.71140572118867 -295.38057860365257
1616 50066.29072546959 52074117.38036142 -13.913107210940947 -40.20020199227996 -5.0640942838853675 2.6125413385227034 79.51295687251596 -28.728366946763458 19.108767401720115 -145.59746596156992 -295.3425598501141
1617 50096.24806404114 51975410.99065889 -0.022441253646146464 -15.230869075087202 -11.962158828916436 -0.6529458116888804 74.61196447960884 -16.916089135211337 9.09928829665381 -136.6782733146955 -295.58210300773834
1618 50126.53577518463 52030004.679858066 -0.06349382617690935 -15.36609808318379 -11.87674534567855 -0.6263532504048896 74.58729112381201 -16.764163163678802 9.503376574021104 -136.56049367959014 -294.8652742260374
1619 50156.56061577797 51994955.99193486 -0.13719960641505402 -15.379316051195998 -11.87065578427704 -0.6133042884325306 74.62276126713402 -16.865429681929015 9.171110979744128 -136.62571290300048 -295.28143153893154
1620 50186.63625955582 51992103.486102596 -0.010835090287283577 -15.250342527795771 -11.928104681169522 -0.6355562105277244 74.61153356555833 -16.911726546653085 9.008937936840027 -136.69781372694234 -295.17269559948954
1621 50216.37611532211 52007125.457576595 -0.09380129071767307 -15.332011995698288 -11.918469208954427 -0.6401972876298316 74.6024036507905 -16.84231930904025 9.29069656723135 -136.64313896596815 -295.1113615343837
1622 50246.298159360886 51993153.40130907 -0.054602359802933265 -15.334406485879144 -11.897928893586439 -0.6301173226337369 74.59544163788443 -16.841602866351423 9.212054426219595 -136.67311010989653 -295.34792567219415
1623 50276.785094976425 51974184.12861427 -0.06929506724605439 -15.29698551178508 -11.94051171753587 -0.6469763388311236 74.60393072527415 -16.979308993847837 9.013581274236287 -136.7846701688224 -295.38810808697895
1624 50306.38322877884 51997240.68042727 -0.08450544772998114 -15.400025666464316 -11.87637965487739 -0.6258597644243764 74.57887067242709 -16.813470472040933 9.249065647624036 -136.60587488285836 -295.27421804032883
1625 50336.27038526535 51988743.11944901 -0.050897289562561454 -15.327747739279182 -11.896346613441708 -0.6251318453974761 74.60103554446829 -16.795976045358657 9.299304883278182 -136.60568305304486 -295.5133644550337
1626 50366.26912474632 51958729.87431556 -0.1366589955291282 -15.42085190643063 -11.877652447116652 -0.6296888773695315 74.58835491783532 -16.923823812194087 9.057508641587106 -136.75758233738446 -295.7999158881697
1627 50396.45246076584 51974056.81821529 -0.09761000352626681 -15.360158541248207 -11.89211429012294 -0.6251839211763723 74.61014253352108 -16.967897999148136 8.926563086421709 -136.70515464070428 -295.4932449623916
1628 50426.68164205551 51962658.31251723 -0.11646969237384575 -15.371609078882774 -11.88234658698989 -0.6267737248019927 74.60622805707918 -16.925475732193263 9.085067300171318 -136.75573450848879 -295.7240998097821
1629 50456.80264687538 51964670.67968779 -0.1045162025445574 -15.347611694061268 -11.904842290153809 -0.6316394982242457 74.59963998689442 -16.942588691276228 9.008902793756704 -136.76466713347924 -295.66881170893544
1630 50486.663380622864 51980162.37527269 -0.06842451192658672 -15.313085369304726 -11.947496664181934 -0.6473400784517906 74.59914836749635 -16.83910138551306 9.330745936496555 -136.696557037361 -295.6474966480055
1631 50517.03072452545 51984806.227074094 -0.034979176039737325 -15.278700206931076 -11.938180505237355 -0.6407580266555897 74.60051016221453 -16.781129223252435 9.211937226034422 -136.5938810751548 -295.55999411435533
1632 50546.71279215813 51989962.65332406 -0.06085878198185313 -15.351261133241508 -11.908399039021766 -0.6370932456502629 74.59251563284118 -16.819718289387026 9.257936166158231 -136.65504812822275 -295.39503344470756
1633 50576.57592916489 51948250.1257175 -0.11850620261647826 -15.367956368662174 -11.907116324322665 -0.6347169201874152 74.60720867647944 -16.943825274029166 9.091937411849415 -136.82731970157982 -296.0520931350634
1634 50606.46194624901 51960807.26694375 -0.0995725933528746 -15.381747334915367 -11.895885593455631 -0.6379646947292059 74.57895099492949 -16.948210970786477 8.991300416571164 -136.77847728035658 -295.66960983940794
1635 50636.419845581055 51981297.05423729 -0.1332058448010507 -15.411040520411433 -11.8570988661913 -0.61813609221646 74.60568403710796 -16.85742406361669 9.233888855963755 -136.70552555047175 -295.44761754679564
1636 50666.425116539 51966338.776854604 -0.1369399071865356 -15.414420165963872 -11.860573174012835 -0.6165812609449688 74.61038395895663 -16.930833462706858 9.0536073656898 -136.7686025191142 -295.6525697970534
1637 50696.36281108856 52006682.81757506 -0.07913541475508445 -15.30633959335874 -11.929684522449264 -0.6391442916622196 74.61050673651144 -16.746310337986074 9.45346309476605 -136.58239686839045 -295.3194264809375
1638 50726.051312446594 51988292.659943834 -0.17353426952936957 -15.461820200815545 -11.850538199858043 -0.6185752613007622 74.6003451931984 -16.918171164739704 9.1094160326561 -136.6328145810217 -295.3385880370222
1639 50756.12766575813 52021240.146760926 -0.09177497139771873 -15.368803152843773 -11.885846972968949 -0.6275573143414164 74.59551770437749 -16.699683991927202 9.497967514918855 -136.50836276856018 -295.0271718973238
1640 50786.345655202866 51971020.06372542 -0.1344857891296023 -15.396051697015567 -11.884208357489143 -0.6274981499340413 74.5959391743709 -16.98712711698039 9.042811202319172 -136.7750530799408 -295.5521666987804
1641 50816.21622753143 52008794.754569635 -0.09815334060859193 -15.37011293479998 -11.888546003257908 -0.6275605155149435 74.59173754984693 -16.755400112088694 9.32430117850788 -136.53774056898106 -295.19669427279075
1642 50845.97105693817 51920689.94733735 -0.11982582937184105 -15.448835680133222 -11.867550436000073 -0.6320878027661365 74.56153329579693 -17.13017291968407 8.662497169278481 -136.8742793610645 -296.2342871468129
1643 50877.60678267479 51981604.3063652 -0.08940129041715927 -15.398063297576568 -11.864341666169267 -0.6235530716759001 74.58304591035466 -16.80243987802379 9.31363650075167 -136.65500097475535 -295.6597085958569
1644 50907.891990184784 57431098.34549635 -18.09330518968943 -47.44090240132857 102.07614819722015 58.02040640017556 145.00654109873574 10.393722096673002 91.01345624686792 -113.37611527182054 -265.52998290883266
1645 50937.75288128853 51987698.467186 -0.026058530921440948 -15.306763714439423 -11.92468022184758 -0.6421467278206308 74.58400909675055 -16.949140691022876 9.039080130513923 -136.71686306636485 -295.2028469797008
1646 50968.65485024452 51976501.074386545 -0.07547711225130271 -15.36033078406538 -11.896716466579761 -0.6425308459674142 74.5646956596383 -16.831640304006726 9.231490795799175 -136.690522048623 -295.642848930151
1647 51001.09227991104 52063343.96590047 -14.0156299875379 -40.28404336610003 -5.0540118294877345 2.6120154873640757 79.51260912875203 -28.74133304096722 19.18239004086422 -145.596921600648 -295.55049861252286
1648 51031.052986860275 56333134.89694354 -30.69415819184671 -70.0235414208818 56.48437625639082 68.74243281980202 183.0928522478168 -3.103597069599118 111.28594823564413 -126.2973566776887 -295.0756103932422
1649 51062.11555957794 51984725.50848624 -0.09027217074054761 -15.38739128668386 -11.897424231659308 -0.6374385508016331 74.5842303688621 -16.820826263651043 9.269404546796181 -136.68277193759621 -295.5271647588757
1650 51092.44264006615 52904120.21578125 -20.270939261292508 -51.53385654669896 8.167620221629868 25.84505727015518 115.16333342156726 -26.411248057562034 39.199930554776756 -143.88073295953666 -295.57254746485785
1651 51124.93917822838 51975309.20224908 -0.12474754761334772 -15.463553145536022 -11.84391340984756 -0.6174896032357253 74.57018484575545 -16.88447415680298 9.16600047149268 -136.7145549150378 -295.65070549502576
1652 51156.23970246315 55484578.146522194 -24.311396180418434 -58.70003238918045 43.319840983767634 45.538048057399635 147.45871491824064 -5.107655594226969 91.71926683682364 -127.85767741569572 -295.77216047778666
1653 51186.2120923996 52884770.89639247 -20.299817681659455 -51.517208810245734 8.138056517905639 25.831977692097155 115.17157856502052 -26.527052660456377 39.06611537233164 -143.96925545188566 -295.68254731667946
1654 51217.776465177536 51955661.53397139 -0.1112073027368119 -15.408769827436405 -11.8692867514118 -0.6238828875567748 74.58508937262445 -16.965458750340133 8.94096495192673 -136.77502660399585 -295.6684309319521
1655 51247.74712729454 55375531.74453917 -10.450680311803085 -33.96595506040375 36.48581927008243 42.297331245566326 142.4726596951085 6.558949755890694 81.36643948238736 -119.05988685933335 -295.7988118553892
1656 51278.76379752159 51990512.35711525 -0.06947454683643173 -15.351347570358698 -11.90295488693323 -0.6370867475480679 74.58145005720284 -16.786438045875457 9.308906034016786 -136.5822999389855 -295.44587515865544
1657 51308.58096051216 55370279.91434123 -10.431788713568476 -33.841122263130316 36.46698041878421 42.287292846926135 142.5199396998896 6.509757339278224 81.2800485894129 -119.0831374125355 -295.87478001676834
1658 51339.342388391495 51978104.721183695 -0.09400103775788793 -15.411769060753615 -11.873394288490971 -0.6326905851198177 74.56964078092392 -16.907207335709415 9.119922300031135 -136.6739714802897 -295.501556376544
1659 51369.42653441429 52869833.46825596 -20.390902833433987 -51.64661951647711 8.188252421178163 25.855914631799294 115.17200556144954 -26.634653096541115 38.959000027124944 -144.04130604802162 -295.86554576838876
1660 51400.78782224655 52006644.341747776 -0.05485766521651314 -15.318552090032458 -11.925764395643988 -0.6453047004193309 74.57929881385814 -16.785292649096903 9.335237398761024 -136.59075530873275 -295.14121532041935
1661 51434.65175271034 55372604.47545398 -10.427988986081218 -33.90377229855773 36.499361488295804 42.29924776440693 142.5030326740232 6.531488038782413 81.25097711983142 -119.03074594524446 -295.8549720222529
1662 51464.87258052826 51987788.745067745 -0.13245132179132568 -15.438737724480166 -11.855304170117122 -0.621878578553634 74.58841793439278 -16.980455959521635 9.031503416075395 -136.74543030979743 -295.22368916713464
1663 51494.9367685318 51950207.715104975 -0.13925556180389265 -15.477805864189698 -11.850559705557991 -0.6274163764988572 74.55603455341067 -16.99369017357759 8.910011420303022 -136.77978085208593 -295.85676402505976
1664 51525.00939440727 51976462.73745288 -0.13089786141810755 -15.466431913003728 -11.842291065009569 -0.6233290212784652 74.57035922565242 -17.049277842336323 8.904782493352172 -136.78383851512496 -295.32927413901257
1665 51556.56293177605 51973595.24430746 -0.08083937667074537 -15.37004998953143 -11.909543481324008 -0.6382836246962142 74.58198496276461 -16.927434452374257 9.091451549710712 -136.74173577896983 -295.5306831955529
1666 51587.26286363602 55396997.24102915 -10.4571652743967 -33.96356113909705 36.55590806387251 42.32328407520566 142.50518882236315 6.546670757447828 81.29109077558564 -119.01117679860812 -295.3394679774762
1667 51618.46190428734 52045276.30838363 -14.005535421813589 -40.23764115860251 -5.0772615926703395 2.6020835769751613 79.52015272457923 -28.806444115249974 19.040359916052466 -145.66538108412664 -295.795631077715
1668 51649.18185019493 55357624.087276675 -10.400767132407708 -33.888892716174745 36.444327451105984 42.281498846587866 142.4740065166297 6.509261060152369 81.22190790094066 -119.10059766808769 -296.1074327018757
1669 51681.35662674904 52910511.452499546 -20.351204612346724 -51.60311284710813 8.192722634544864 25.86141539081224 115.1866578770122 -26.449894999208936 39.26403502794426 -143.8712313053224 -295.42798995340627
1670 51711.12007522583 55484150.92630979 -24.387728017391005 -58.85490741209862 43.28811843119529 45.5399356646177 147.41765047962642 -5.328627445544328 91.29394591870027 -127.92816230435187 -295.36188705858564
1671 51742.73946142197 51995135.43236247 -0.10320683456270352 -15.432266636491738 -11.851660809101631 -0.6208669487917007 74.57759305977167 -16.84608671558908 9.23418525027472 -136.63691843828406 -295.2567022936798
1672 51772.5288002491 57468550.00829567 -18.077106873229127 -47.54374768718767 101.99831413941669 57.997610378949915 144.91526102866112 10.45685056779979 91.00668167974538 -113.26658491525171 -265.033904456276
1673 51802.68583202362 52010008.2121962 -0.09638402817915193 -15.474359783073414 -11.821851106132641 -0.6153063513949348 74.55497395505866 -16.777100800950166 9.380247291079172 -136.53653452217844 -295.09253738744246
1674 51832.86919236183 51981631.95748501 -0.15628946265596788 -15.509491954100008 -11.824189383489284 -0.6172280772850911 74.56825740389584 -17.033387222438193 8.891099242692633 -136.7248448274255 -295.1592649666868
1675 51864.39940929413 51992042.98356983 -0.12477844451521491 -15.45422308091328 -11.845116917675306 -0.6229863014906982 74.56850210766345 -16.862467188899757 9.183350258700273 -136.658549741544 -295.34941824026566
1676 51894.65145611763 54941810.731263466 -27.94807733155873 -65.1685210892653 73.78640351034441 41.573759844069215 117.63193878610625 -22.349016952689567 49.29318308458221 -138.1441826564852 -266.0989264681717
1677 51925.72460460663 51991775.033930115 -0.1883636535586959 -15.541469041132604 -11.7963625880097 -0.6066139514367421 74.57270568892092 -16.98856403094817 8.973289526941528 -136.69211531570443 -295.08592210201977
1678 51955.77709674835 52208909.96214814 -13.842352849323756 -39.96936707986941 -3.16253022569002 20.402471902797714 106.81000094353807 -27.108140115840172 21.973374124957218 -144.40809497391348 -295.6827814999947
1679 51987.21021437645 51939050.70007067 -0.16738776968075797 -15.45066727946951 -11.856047791792932 -0.6161025305579813 74.59435885612703 -17.141413803106445 8.690928823105082 -136.89860422867292 -295.81111798293296
1680 52018.03744101524 55360652.868215136 -10.477897541622214 -33.96660119875675 36.462766897244 42.29333838956076 142.4790544992654 6.409679429812286 81.10020426312951 -119.18652569418515 -295.7695169915791
1681 52048.613993406296 52236938.760652035 -13.846309860787695 -39.953980629488726 -3.1741033726189016 20.39758798568279 106.8119398607344 -27.000691306248143 22.208686087400565 -144.35720961578733 -295.366615004481
1682 52078.648201942444 52065927.12794382 -14.047881557231534 -40.31419154341365 -5.0591758577073875 2.603897037206721 79.50534193382697 -28.798741010361653 19.130102477193304 -145.69192968788576 -295.41759536763226
1683 52109.986194610596 51969014.920783676 -0.1607458744873469 -15.48688558384697 -11.816402074747494 -0.606622636398626 74.58324814095555 -16.98655048506521 9.025380975768826 -136.81495569191628 -295.4959416950446
1684 52140.131341695786 55349489.230424486 -10.531876488547315 -34.03519340221039 36.495729169070664 42.30988246867726 142.4865265750482 6.367942361600797 81.05846292585034 -119.18916761257913 -296.0043466842336
1685 52170.304602622986 51966776.02920987 -0.11299686089502359 -15.463441934255997 -11.830899650307991 -0.6113314653056108 74.58056977668508 -16.902516630211096 9.081389673062347 -136.73059421522254 -295.6066392599665
1686 52200.021297216415 51967367.0394613 -0.1627135383195668 -15.46672556072548 -11.836268700950313 -0.6145561186881139 74.58899445189165 -16.95429162476455 9.121156007666116 -136.7693787193324 -295.6132137314013
1687 52230.366554021835 51970899.4888005 -0.1891913323403731 -15.537908061120072 -11.79485686657393 -0.607569512572212 74.57092121844963 -17.068729152370793 8.917398504692414 -136.79916518848086 -295.37707948616304
1688 52260.234374284744 51952425.72397675 -0.1053142376158327 -15.42047765521231 -11.878529150288344 -0.6339732408938659 74.56354386137915 -16.900602408904774 9.16640296574326 -136.78070122641248 -296.02597519263196
1689 52290.851922273636 51975046.66167519 -0.18033881536285712 -15.516831784894304 -11.8241690930235 -0.6183756347761857 74.57215631546222 -17.006845521211062 8.95811448025404 -136.71032741229277 -295.42203255324614
1690 52321.611978530884 54138951.07352463 -21.634776966030433 -53.86161675620233 60.541005444988784 18.32821627314263 81.95726302089878 -24.649335587854296 29.246452930284704 -139.74519392765308 -265.39442328835884
1691 52351.64753508568 52010555.36381044 -13.991200527206464 -40.29142746057787 -5.001815738289167 2.635847695016338 79.50947304450708 -28.915933184571372 18.713378796211032 -145.77460336923792 -296.1104296134342
1692 52381.28144788742 52018372.73243232 -0.1373732098746583 -15.474270063198087 -11.850319797540102 -0.6268152497338093 74.56134397090119 -16.841132497364868 9.322313961508712 -136.62432284817913 -294.95918680765476
1693 52411.68009710312 51996013.95722767 -0.19862519020142244 -15.536657908366813 -11.794913550467093 -0.6069761461056373 74.57115381494188 -16.891304859345325 9.245291835046828 -136.7171764004778 -295.3271665532052
1694 52441.767369031906 54021421.46546499 -7.73038859364436 -29.07027293803003 53.78824769758281 43.8266469667505 81.60612414227828 -12.974364322169777 18.798449038488684 -131.05398548290862 -265.5156101019279
1695 52473.50829434395 54015095.87411242 -7.701209385308406 -29.0239711109295 53.72134692169788 15.092539283900095 77.01498786015438 -12.985607562708765 18.785259315213352 -131.06703299807407 -265.66116388336746
1696 52504.01374769211 57411732.261010036 -18.095595217274607 -47.6070253583984 102.04924555111398 58.008599878808525 144.91047832660328 10.353204800674519 90.88620016191169 -113.43243104890797 -265.8710257034496
1697 52535.971215963364 51951683.067610815 -0.1634895316224867 -15.450531271456537 -11.875383728919317 -0.6356516658599958 74.57369105354476 -17.148464005381527 8.742315862538646 -136.91081264845144 -295.60100879495735
1698 52566.20346403122 55423842.98791863 -24.460245668881406 -58.97968902801126 43.284019056547265 74.24709423122374 151.97244101661857 -5.58995008398864 90.9473977994337 -128.24430236201374 -296.1001013851799
1699 52596.077270269394 51995020.82656687 -0.17526102663373777 -15.54405462107718 -11.780381332363973 -0.5969613109192551 74.5854961118012 -16.845982141862635 9.31465331873585 -136.68538218236665 -295.40268115531353
1700 52625.76574206352 54032254.54239595 -7.793039930528353 -29.09912914469124 53.80243121161549 15.109214912260569 77.02549648951448 -12.975684178743222 18.911172197645328 -131.01754923180812 -265.2427052900762
1701 52655.578276872635 51930293.49192009 -0.06633419340547952 -15.38186883575601 -11.917168003442491 -0.6590914024088761 74.55141839510341 -17.131422304289686 8.641745904190543 -136.91180687073165 -295.990146528698
1702 52685.681473731995 51956574.52427741 -0.15599586577066304 -15.384494553437355 -11.925463229764418 -0.6534119414761363 74.59356177566113 -17.0601191805456 8.967594579429942 -136.7957014359303 -295.767182621344
1703 52716.050449848175 51979115.80578733 -0.09861625323830481 -15.421338967898402 -11.855988478409131 -0.6276055884580529 74.5695479740408 -16.79964449565921 9.340760267856695 -136.68222405161157 -295.63436122469324
1704 52746.0910885334 51956575.54669825 -0.06868376820089672 -15.338871744349763 -11.922503451124648 -0.65221942445271 74.56328959531884 -16.977142775919674 8.954625818855902 -136.80560063067895 -295.7624570037217
1705 52775.82162761688 51982027.85419854 -0.07453573532506041 -15.42965123352001 -11.886080109283647 -0.6488977639527604 74.54281871048875 -16.936152985949434 9.058909019873852 -136.73199431350662 -295.3012869526382
1706 52807.063757658005 51966829.06759361 -0.13999395055349062 -15.491202501235573 -11.84146997926301 -0.6294416411526953 74.55187743910561 -16.98101026918954 8.968719371099041 -136.77995441685448 -295.54722919281005
1707 52837.02869939804 52889917.919532694 -20.35971783001957 -51.59186064161335 8.204245900634476 25.852976941010382 115.17024170028803 -26.541962898291445 39.0458450600114 -143.91889683752282 -295.58181991300756
1708 52867.2820122242 51966539.14541065 -0.10228477160436711 -15.455923461687979 -11.837971381992006 -0.6241081129986839 74.55996129348237 -16.99081319379991 8.990113850510227 -136.79359174589223 -295.54275298281766
1709 52898.11249279976 53997675.185566574 -7.653358123312035 -28.953189813361917 53.67354309920858 15.062757517306352 77.00207628377044 -13.043011937825383 18.75391568918485 -131.1192242117237 -265.86009077320716
1710 52927.93189764023 52055779.60346833 -13.976849304363917 -40.22417833249228 -5.116424700694786 2.5799664204215134 79.49401177569987 -28.88892560613266 18.86898682958065 -145.71620678125873 -295.3891952615232
1711 52958.00673985481 51940631.42500445 -0.05762107030353292 -15.349883219567571 -11.928765012402039 -0.6557549982153006 74.56538193402454 -17.086743086063507 8.77720037034851 -136.8545557740478 -295.8619075877457
1712 52988.583357810974 51994006.74569624 -0.10546165959743448 -15.454316429948694 -11.867949348078255 -0.6397773086287657 74.55109827412964 -16.95410201486527 9.087450156953253 -136.73556248480423 -295.2083723033261
1713 53018.86879444122 52078228.924724504 -13.997434311693812 -40.337866575312866 -5.0593545140890015 2.5972232476761974 79.48047591052962 -28.734441465822442 19.21207152009856 -145.57534649521403 -295.349163071618
1714 53050.524968624115 54072425.216517046 -7.614239742730009 -28.939780227515325 53.66740984907987 15.053347932720243 76.97884503907613 -12.925901668859808 18.928099872531675 -130.91395268500077 -264.7546002810207
1715 53080.45099544525 55372954.01388768 -10.405651124409287 -33.83717046745831 36.43476941289837 42.273745676615505 142.50117631082492 6.513328970807322 81.22426607528803 -119.01722786251577 -295.82785620039374
1716 53110.935504198074 51997828.16000216 -0.09180095098528263 -15.405183184329857 -11.905361519560806 -0.6509252011220212 74.56230131155928 -16.89168502700778 9.233582961901845 -136.67002653739326 -295.1827425273341
1717 53140.85736513138 52008313.95543142 -0.1184975638757404 -15.427970148818037 -11.873769907704713 -0.634083244403115 74.57203673032731 -16.811187045185477 9.308389630248485 -136.56689295375764 -295.1144073109703
1718 53171.746399879456 51970513.84149374 -0.11376681416539647 -15.434479862370024 -11.89434345892785 -0.6515876839525703 74.55683055749583 -16.853063983579716 9.254083482287797 -136.70549610713363 -295.71468288692193
1719 53201.71470975876 52068046.485025674 -14.008554041451443 -40.26074483469774 -5.102468534653703 2.586377174254352 79.50509668312263 -28.82686000666854 19.082527186171205 -145.68356183970894 -295.242775397144
1720 53231.88190531731 51966225.21492386 -0.0993883227973118 -15.461386723110497 -11.847159658379297 -0.633553829752131 74.5454956638711 -16.926453057958668 9.0709078860786 -136.7557890077921 -295.6418855500589
1721 53261.651393413544 51971275.053339005 -0.05676303082908518 -15.302800760967502 -11.94623432346659 -0.6539811315347919 74.57425956016891 -16.91823222450438 8.966007948404012 -136.68935732478297 -295.54284423725585
1722 53291.32253551483 51942106.925190836 -0.09419005297927896 -15.391238254864009 -11.897705951824271 -0.6450446187464394 74.5658404144167 -16.99599038952283 8.9566910712133 -136.81975400985255 -295.95809115935043
1723 53321.17603421211 51981344.92521392 -0.09376307258487415 -15.391355757897308 -11.908229130805609 -0.6549467522225854 74.55932623610613 -16.848617604879564 9.289217006239596 -136.70511430986437 -295.54306875007376
1724 53352.19441008568 51961817.3363177 -0.16673226101610972 -15.478576355114496 -11.86722211370688 -0.6422742392286409 74.55623053732242 -17.111225104486266 8.73937525774221 -136.83350645967062 -295.3724251116382
1725 53385.296165943146 52881613.54666895 -20.28712297427623 -51.52254588047885 8.176092235083289 25.843823359047278 115.17722167127883 -26.466946918825045 39.100756663729385 -143.9621585318082 -295.88299331665684
1726 53416.99882030487 56321079.004272915 -30.66971062480456 -70.09924880025177 56.5542673887914 68.78237219011096 183.08019185240872 -3.0561292691725157 111.17575536726633 -126.17630312722338 -295.2885557696078
1727 53447.20247411728 55348207.25522084 -10.469743912889133 -33.961255544079506 36.49337102480685 42.293452653450345 142.48553089068736 6.2553741168654255 80.77453365712984 -119.22119092583256 -295.78365458928937
1728 53477.241079092026 51991550.47995668 -0.07942771295006601 -15.378421428065685 -11.911892085319856 -0.6527326558284301 74.55881984796275 -16.877174278980306 9.242211400525377 -136.71280556093035 -295.3948019672667
1729 53508.75238752365 51986303.0370461 -0.06613142286532359 -15.459665818946787 -11.861317063593532 -0.644660522124255 74.52545246914546 -16.837218914709638 9.2171608869578 -136.69298550779195 -295.44088285677265
1730 53539.86952185631 55338962.13178827 -10.419589836661604 -33.85604084725957 36.443309151505524 42.27376576603362 142.49968376096984 6.34155937980637 80.96413257108372 -119.16722869379112 -296.16982726596837
1731 53571.17901587486 55134133.608171776 -23.324226307309893 -80.43362470193382 41.62019982932437 44.30843755737348 86.1232440767842 -23.239714892957068 35.753398262038104 -137.7506592379234 -254.45159390421134
1732 53601.051042318344 55384970.162557535 -10.450472023393313 -33.94748081899375 36.47902729494486 42.29650279135869 142.4838472177558 6.457846917197003 81.20079282471954 -119.08444950494703 -295.4829850453067
1733 53631.09659361839 51956733.847074084 -0.07526833035557345 -15.423355840053137 -11.886034220964078 -0.650736357576605 74.54617232426679 -16.89605420211825 9.092668282605132 -136.75598311594246 -295.9726592046877
1734 53661.17201924324 52004456.8480603 -0.11099391477959308 -15.414227582461233 -11.889096273478785 -0.6442067050107028 74.55858761432006 -16.90214351168231 9.140920744322443 -136.6581616145378 -295.04495015845725
1735 53691.81263399124 51972368.162071705 -0.16112135985946985 -15.505696155164744 -11.809160609359985 -0.6183708927491409 74.56802712867099 -17.039230332092757 8.949659210610207 -136.80514312290728 -295.4562540538077
1736 53721.47444105148 52078009.87516321 -13.949825494682619 -40.23080372174853 -5.120898630565883 2.578539589288553 79.48437564260335 -28.730601731119123 19.19673181329813 -145.5757991809902 -295.3234369214461
1737 53751.37519741058 51974071.54668256 -0.11690199953511993 -15.440718877410003 -11.88903173205373 -0.6579886237750543 74.53566730949659 -16.927365317110343 9.134176113291062 -136.74235292568716 -295.601560281278
1738 53781.04849815369 51971584.90664177 -0.145509290711054 -15.446178022722313 -11.875599654480496 -0.6444937409032292 74.56367743113559 -17.125863074027677 8.680726469887247 -136.8177993097259 -295.1429586090676
1739 53810.879976511 51964205.9478003 -0.14133358535064744 -15.442230297362688 -11.880108344365745 -0.6441449329419981 74.55690974632941 -17.067431820464947 8.843680494400132 -136.8089737856722 -295.47058705304136
1740 53840.6285738945 52001884.95902326 -0.18721442122515874 -15.583772018767363 -11.793882135293053 28.089388608101203 79.1216486655104 -16.802733688740034 9.357342469381535 -136.6587407005061 -295.3241618744953
1741 53871.7356467247 51981265.43526791 -0.10035665175262665 -15.451217844845083 -11.859628697148835 -0.6369862265768944 74.55382530926333 -16.957852323925522 9.086593355211448 -136.73310371970382 -295.4076485551078
1742 53901.755400657654 52895174.833340615 -20.313527328863465 -51.540504939107564 8.181267462793485 25.836630534507236 115.16337046320908 -26.516244117619294 39.04031067501876 -143.93745700082115 -295.6210623691271
1743 53931.440833091736 51968827.82092118 -0.09769153939351582 -15.474503563338205 -11.884697321099253 -0.6661039238032629 74.50932591195743 -17.006525818491923 9.01499924565627 -136.80146894474865 -295.500851124575
1744 53963.1391479969 51981714.543519534 -0.17522231237103902 -15.446158059809171 -11.895897272889819 -0.6518691435238821 74.56296100805159 -16.88260815393329 9.266371646053642 -136.6930214879178 -295.47341124437673
1745 53993.862433195114 55391781.53032256 -10.420363340437465 -33.869947245012604 36.42299765786199 42.26566105452956 142.47907356022637 6.582815770541231 81.42193321662614 -119.00241626767979 -295.56108708456543
1746 54023.81974720955 52078088.1942652 -14.032483272732078 -40.28916777033147 -5.137386403735171 2.5617520359349726 79.4855667705841 -28.837410785114116 19.10516847517863 -145.65154313435045 -295.17262551052124
1747 54056.40085196495 51948999.34964744 -0.18194232383654452 -15.50066809346377 -11.841437013649127 -0.6366551681112469 74.56726702207315 -16.991986277537706 8.950635579616971 -136.83967228963456 -295.8380604804544
1748 54086.250293016434 55431916.946877524 -24.392998023973774 -58.84770242521203 43.1760304664901 45.48635643616723 147.38643123361408 -5.579419205941349 90.93229863465262 -128.17251075269598 -295.87951868983123
1749 54116.174231529236 55020830.77498057 -9.34061532523378 -55.50848773796042 34.70387738889792 41.031841160433316 81.16071921797544 -11.649224024965065 25.213485875220726 -129.01877163655632 -254.542582623196
1750 54146.36441016197 51984904.41192146 -0.08682496422272301 -15.416573642846302 -11.890222493019593 -0.6585017609018422 74.53751661090268 -16.79447467235474 9.358025987640872 -136.65010341110116 -295.67229470939094
1751 54176.24722647667 51955502.418069445 -0.11858376704804918 -15.450579542845528 -11.875482308983372 -0.6531533055416077 74.53717055718087 -16.924530203548272 9.141507999371015 -136.78968439192317 -295.88124347211937
1752 54206.078575611115 51956970.46179367 -0.1879703009612328 -15.507053569789052 -11.830662545591238 -0.6311684998782283 74.56380819723086 -16.973821822415175 9.028548646013064 -136.77103102088853 -295.74132582597963
1753 54236.10794830322 51972371.520141855 -0.15712241503738156 -15.425138990050705 -11.918020627949844 -0.6667610304302514 74.55442237951776 -16.94052353225908 9.085355093424027 -136.72589858981456 -295.63380991513657
1754 54265.797447919846 51967344.379169434 -0.08257584986217381 -15.447810233147212 -11.898140340941971 -0.6675315574351544 74.51653580110305 -16.823942294030246 9.360764038244838 -136.71005802067032 -295.88463481548933
1755 54295.70534276962 51981335.9027592 -0.11428843413188439 -15.437012916454458 -11.898453804435881 -0.6662741405542505 74.53413453111754 -16.935632359774957 9.101810416350816 -136.73040133222577 -295.4861161177431
1756 54326.178003787994 51971447.520216964 -0.11506946301375187 -15.509161826020339 -11.836735349079746 -0.6451026281359873 74.52024326996528 -16.922064464581467 9.1806244104489 -136.76451944296963 -295.6335757517403
1757 54355.96289348602 52047271.28827749 -14.03884327087357 -40.368552039069165 -5.055433964598365 2.595214733278368 79.48110789543574 -28.74198427448664 19.19638026968471 -145.62294308078378 -295.86796510660724
1758 54387.29757142067 51964546.09934822 -0.1921318149156317 -15.558902167043989 -11.821790099982486 -0.6329039436960926 74.5435109870002 -16.980476132212118 8.968646865864116 -136.80020519872232 -295.5686751934561
1759 54417.00330853462 52911121.47525168 -20.36280935476011 -51.63570697654691 8.317902492763942 25.8843224174756 115.19021431499989 -26.36007408752681 39.280846788736426 -143.77128796068178 -295.41867519839377
1760 54446.744338274 51954548.594830014 -0.12803589016615113 -15.487397806655554 -11.867965915974672 -0.6606596629494135 74.52444529074126 -16.96665687694309 9.06429006601087 -136.80832767406548 -295.84913633892273
1761 54478.633632183075 51968423.75630573 -0.06119871658055587 -15.402138797403683 -11.8562077513226 -0.6376488517433216 74.55080408038137 -16.891649980491763 9.053479104376322 -136.73613246297487 -295.6291009555263
1762 54508.823586940765 55403598.7125668 -10.467184296470576 -34.03132751075284 36.39379295911132 42.25756947251557 142.41473922275102 6.447329107869507 81.2457268282908 -119.04963065245386 -295.21542929699365
1763 54539.373997449875 51970265.64195493 -0.14600936494338157 -15.50234024090231 -11.879322395761953 -0.664928198477341 74.52483147554075 -16.989787008431904 9.106333909932061 -136.73927280274341 -295.66616365449306
1764 54569.402121305466 52006148.17583223 -14.03346603001426 -40.33317865608605 -5.113725273487866 2.569658007433503 79.47122462658263 -28.982795803174497 18.82285831889169 -145.85266742554086 -296.304409814045
1765 54599.377495765686 51950768.080330044 -0.1789618070442529 -15.550834875718097 -11.834387509058672 -0.645977333434999 74.52838006845185 -16.987079348657915 9.132510145545211 -136.87128677235233 -295.78743795075155
1766 54630.63690662384 51966466.24248181 -0.08818783946392372 -15.440100796749924 -11.885299646487127 -0.6637693899152026 74.51980470460919 -16.94693669838375 9.123007798204128 -136.72218906384416 -295.7709001062441
1767 54661.68360209465 55357564.254774965 -10.3964263448072 -33.91219884399182 36.37220894056776 42.25158333321244 142.43100084871284 6.372883050806706 81.03129007286338 -119.18539886818758 -295.86310184752415
1768 54691.990532159805 52236530.12200239 -13.78065674589419 -39.875389955459106 -3.1246953475517785 20.414569948358462 106.83481196297268 -26.997800534744556 22.02190994697287 -144.31073336496314 -295.1691570722827
1769 54723.394954919815 52007567.21407519 -0.16538136139512716 -15.567306371889277 -11.799537654972696 -0.6312341415890756 74.52547078921305 -16.827850161197034 9.419481060813553 -136.63856383150613 -295.22662329371286
1770 54754.56218647957 55374287.88418679 -10.55297336490879 -34.08296308731556 36.41525049020996 42.259009173533926 142.43870911250173 6.303632578127065 81.0396489525233 -119.15625683696709 -295.4948571692661
1771 54784.23958468437 52867189.56313856 -20.321766353113233 -51.61464275870603 8.304122259051617 25.878821044417222 115.17548524754758 -26.576547187105632 38.834756065304305 -144.0013067595424 -295.8407375587466
1772 54814.239230155945 51954692.71700415 -0.15743209150408966 -15.520761954996845 -11.842866104803598 -0.6551641541940683 74.52509954872109 -16.970531617824292 9.113854530348817 -136.80556227281653 -295.86753912323303
1773 54844.88801407814 54044641.01989551 -7.650385707084856 -28.952195325825596 53.66635467878107 15.048231313476677 76.98381298314399 -12.956445747031069 18.907307421191376 -130.969813050519 -265.2421429684447
1774 54874.693408966064 54974058.20700811 -9.271080600114816 -55.43024128962898 34.64440837350669 41.01942847024077 81.14435144146397 -11.660160216069585 25.065667379319507 -129.06404341045288 -255.33587284218925
1775 54904.9673063755 51988344.64276569 -0.17731820761384043 -15.612221530589824 -11.811347788154407 -0.645505313598818 74.51745585380098 -16.84649949098332 9.435557872200206 -136.70048024476017 -295.67055124239084
1776 54935.14566159248 55017012.78765471 -9.322720336493923 -55.53253930580467 34.806619432527896 41.0426969137404 81.1223375053384 -11.687656364226541 25.050437005961953 -129.00847985678905 -254.44276438163124
1777 54965.815603256226 51948364.68174262 -0.1066911633148564 -15.422020402245018 -11.913152693044637 -0.6707692322818986 74.52910954104118 -17.098085337272778 8.798098184476714 -136.87424879581306 -295.7572160758074
1778 54996.1073653698 51980406.830564685 -0.12689563608492094 -15.523628601645935 -11.87392162923502 -0.6746384139876938 74.48615468938436 -16.963311746653744 9.060950545462333 -136.74832991297535 -295.3624464244013
1779 55026.04458165169 51974738.61669444 -0.14314339631213002 -15.578813071390375 -11.796902634604855 -0.6484480779887889 74.4943601224498 -16.954561492036476 9.136393184590986 -136.73629255580903 -295.51827711752617
1780 55057.54255890846 51946110.74670395 -0.19295438441713664 -15.502607508540713 -11.869101455955864 -0.6549715315805287 74.54770625147941 -17.051126593982985 9.00170306187755 -136.90244315293273 -295.97425234964794
1781 55087.961002111435 55384920.83449822 -10.518167835040133 -34.046216232879 36.43183966094626 42.27836131282113 142.4415901680228 6.319668390544962 80.98569094700645 -119.20986120471588 -295.2845800469321
1782 55118.0283677578 54941759.189097635 -9.31619571831262 -55.48022248369965 34.68611814813815 41.03203559064909 81.14874181251349 -11.578694459743815 25.31363361711442 -129.06222502968797 -256.1795544827566
1783 55148.01164269447 51996348.87738448 -0.16114540235253294 -15.462981319652638 -11.89253771040709 -0.6648134483755399 74.54919742114699 -16.821640384466775 9.441693438692766 -136.66547171267206 -295.4823365537338
1784 55178.74531579018 54989920.66737712 -9.344817875676922 -55.55067403784103 34.781755065609005 41.0415236784759 81.13237136935501 -11.66235474629923 25.184003967132753 -129.0926922672483 -255.07829592220412
1785 55208.81847000122 52056676.60092684 -14.046979258163653 -40.32315736563956 -5.115539737275597 2.5654651573648692 79.48038627892798 -28.937498259513802 18.970119615547787 -145.7426190402336 -295.43846893449904
1786 55239.43304133415 54965370.592245504 -9.359400981737341 -55.5294887975944 34.656506187706334 41.00552450925004 81.12415657224315 -11.804138433714797 24.959281345757972 -129.22796853138976 -255.3182472889271
1787 55270.00918197632 52933328.124697 -20.29994231992761 -51.576359770335344 8.374255607010447 25.88887926750985 115.19505905673324 -26.292461405543122 39.45668026267617 -143.74099577326172 -295.19434825312817
1788 55301.37577366829 52012887.03508956 -0.17988890102572874 -15.54891212190433 -11.836494112221004 -0.6433871633014547 74.5272792191416 -16.86062847648708 9.290494389140804 -136.6615951293889 -294.8285732121437
1789 55331.196184158325 55364560.12703075 -10.493107889618576 -34.054167120050224 36.377796946819345 42.262119937123146 142.41573648611518 6.169766008243528 80.69622164330758 -119.23376131108722 -295.3767114045519
1790 55361.76217222214 51980760.30541101 -0.06955663185911831 -15.429872290751952 -11.913527435518247 -0.6896700076088393 74.48981116724785 -16.874533305286263 9.202551851625572 -136.7059637280804 -295.5262728983526
1791 55391.69470620155 52069995.68284492 -14.05178919807199 -40.4811432389487 -5.097507005759773 2.5517114137554415 79.4129428935912 -28.85266662767941 19.165587262876556 -145.69786891471455 -295.44021192997167
1792 55421.51448178291 51951668.76186599 -0.14810346310059508 -15.50943796261841 -11.912352521263081 -0.691765979622275 74.48177299147595 -17.108442075005428 8.756165545850138 -136.8393317406514 -295.63594084209353
1793 55452.74883413315 51986293.431119986 -0.155935954987239 -15.534278186934278 -11.857923041147593 -0.6620806814688933 74.51897738684616 -16.91622506316901 9.162706108393422 -136.75012500803808 -295.3813177426787
1794 55483.43816971779 55327589.001243934 -10.433615220173404 -34.04364793110529 36.297323639708495 42.21966886060689 142.35641297239786 6.020374470370996 80.39528781593549 -119.41163703711607 -295.7697919089969
1795 55513.952013492584 52035106.09391646 -14.116868313754543 -40.50309580432893 -5.0537414835438454 2.5784517531939457 79.44799391295307 -29.011460534642993 18.85860037837608 -145.82041747360688 -295.7409993453739
1796 55547.1712436676 54982684.667479955 -9.36912024457094 -55.636780670199244 34.89944315409735 41.035511703747815 81.0798929185083 -11.656403389395052 25.178116666119763 -129.08345820405026 -255.28730252389042
1797 55577.063443899155 58349106.089539856 -38.15604353190517 -83.5762609925311 122.0484325966238 84.48344476866502 185.5170814329791 0.8884263695804293 120.95777546499448 -120.64421459367293 -265.55964545239067
1798 55607.03612756729 54025625.884417266 -7.727078513752851 -29.033248548563208 53.64212410730217 15.038250412954596 76.97283894745904 -13.08290510029343 18.769524548679897 -131.06435059667416 -265.50207699369275
1799 55637.1504073143 51987223.71246755 -0.13422606626964573 -15.45755050112146 -11.896333017212292 -0.6658259644449345 74.53674589422062 -17.0327583918359 8.9592807726724 -136.72627487657923 -295.10829356001545
1800 55667.66318702698 54017684.27743973 -7.69778421874058 -29.006769642958755 53.57505683199806 15.003992727349313 76.93984091464667 -13.060906014755574 18.781390451813422 -131.06084200371748 -265.72934285464055
1801 55697.56453990936 57047684.8218575 -16.948020705686428 -69.08529182267864 100.22752900893163 56.71530450534097 83.57131782618475 -7.709473676056348 34.97577299821876 -123.28681562383701 -224.91322966676398
1802 55727.77218961716 51997001.49453185 -0.1736539681020588 -15.531797105940534 -11.8976732467886 -0.6884779180830662 74.48684526059395 -16.843815864585736 9.45598914948664 -136.64778811735226 -295.46244898064026
1803 55757.38064312935 53993321.75670676 -7.703950594258522 -29.038937409356457 53.68519541369975 15.03197293684481 76.95236049637292 -13.11737942883957 18.740367956479872 -131.2147196736762 -266.06546627810206
1804 55786.93559265137 51990855.77912468 -0.20400124798525 -15.527559172823803 -11.906895852845032 -0.6876748333883285 74.49740393193045 -16.830847125947287 9.382717959829165 -136.65214071325937 -295.57077133233236
1805 55818.07425546646 52000157.27361814 -0.09645939849042406 -15.531411028595315 -11.881675970703682 -0.6904991787024102 74.45847065834911 -16.874233050727923 9.283787461229679 -136.6476992977333 -295.27994707389416
1806 55848.03408408165 55947811.78079478 -29.575767762562712 -91.66797275594377 54.973586667450114 67.5669492190468 121.78646296922147 -21.147456349762706 55.16535680134609 -136.16421722314482 -254.35091858536936
1807 55878.04988002777 51994343.92136656 -0.1569902133387604 -15.585992128615242 -11.855724207945983 -0.6786910355228741 74.47870492023343 -16.980418882676133 9.248106975609915 -136.75720899198473 -295.3071240756972
1808 55908.59496164322 51975549.59217704 -0.12655610181548305 -15.497194535596577 -11.934679728384346 -0.7155905055746956 74.45927077771873 -17.0217817246197 9.031883311452816 -136.83586072176672 -295.45563154045465
1809 55938.48569893837 54966534.55944347 -9.358130648892132 -55.61929106495267 34.704790594424644 40.981368529254425 81.0603145219734 -11.721524939589415 25.189175469467614 -129.12612864915764 -255.52948049269983
1810 55968.100487947464 52005693.44128385 -0.13321273305225745 -15.489647840786962 -11.897439142994095 -0.6874496007262962 74.49156655877076 -16.833655569193354 9.383022235386818 -136.6247964067066 -295.27841065362674
1811 55998.361449956894 51943496.83605808 -0.1027130222319581 -15.472935961435073 -11.891185121268741 -0.6722868621171898 74.50081412650458 -17.10854319156556 8.692745332770812 -136.886429481385 -295.67604272876486
1812 56027.959840774536 51963014.21264178 -0.11801011825255436 -15.5179724634014 -11.895149919360996 -0.6869775895182926 74.48475268107032 -16.891355406329694 9.327598004838535 -136.7450553735045 -296.030726402543
1813 56057.8084423542 51983118.65545224 -0.1350844778598237 -15.507053164480926 -11.893804990713306 -0.687161387573255 74.49446843491356 -16.95274712350937 9.107505287945344 -136.71007337185847 -295.36198689098364
1814 56089.11321806908 51974585.14778092 -0.17686469013982808 -15.58856849183448 -11.850600688809983 -0.6781588026863972 74.47962650268727 -16.96409956214569 9.218381983791744 -136.78510780601795 -295.60581735773656
1815 56119.00674080849 55364472.01548333 -10.520436111990211 -34.03466314597348 36.29628314243183 42.233160402894356 142.4152012982742 6.27423443398402 81.02730995983018 -119.20897313909319 -295.5883802710354
1816 56148.712879896164 51954268.5823168 -0.07683541021789964 -15.415390582268563 -11.922929565396721 -0.6873239352250664 74.50094678232352 -17.02896176983228 8.948608794217023 -136.87328322602866 -295.81631849148874
1817 56178.46638965607 51963558.02659848 -0.10608848276269711 -15.475736383853757 -11.884836665498746 -0.6701935193064656 74.51077659704002 -16.98665396058101 9.04907365753121 -136.763646236064 -295.7743063076869
1818 56208.39193534851 51987471.3445466 -0.13414925661795785 -15.52185027483355 -11.896551241840832 -0.6972613606782403 74.47211579454833 -16.994998740096094 9.07059056209738 -136.73732135169433 -295.2346872578375
1819 56238.27211880684 51972282.05260783 -0.17508838613236932 -15.543419769065626 -11.888536650752265 -0.6972622293983903 74.47378997846197 -17.01650992417308 9.03213040214024 -136.78622928624497 -295.48495372141474
1820 56268.356095552444 51969890.95909587 -0.11833035433183525 -15.557392081146457 -11.87033812628681 -0.6909336191359756 74.44654492355981 -16.948564611788925 9.156167437739214 -136.75795168506693 -295.7606109697609
1821 56298.202476501465 54962792.123485625 -9.390316888142006 -55.55414359524975 34.629982069105026 41.001640110692364 81.12893317292557 -11.72562384469228 25.111845067462355 -129.1454522579973 -255.5210640925408
1822 56327.88933300972 51973845.25648325 -0.13084350859820404 -15.534796501072595 -11.913073789416927 -0.7129651065538241 74.45596028478245 -17.050653016651495 9.01318612269165 -136.8061465784304 -295.4722413784487
1823 56358.44614100456 51970015.31230133 -0.1459416580236752 -15.5526051256557 -11.847834023305566 -0.6618948061372265 74.49775720690937 -16.93535305010937 9.226391702663136 -136.76395923237328 -295.7868931752829
1824 56389.668494701385 54940226.26289879 -9.376721287778867 -55.56367870754007 34.656178387045195 40.993856318155096 81.10461043413223 -11.793692014567 24.911891559199034 -129.20820911341713 -255.6738759704661
1825 56420.075399398804 52914866.66417114 -20.25163018415391 -51.44934072988905 8.25807525359685 25.847238026259276 115.18553971508845 -26.378612232259968 39.24765623737403 -143.80176255889677 -295.4353501608696
1826 56450.3139770031 54976338.650106944 -9.336579764509684 -55.53516354763289 34.59908907671255 40.963714425189494 81.06400333406964 -11.810108019159088 24.90681855916489 -129.1373763753743 -254.97625551686875
1827 56480.19991803169 55005403.01959137 -9.372892861140533 -55.661875719654 34.81591488599148 41.000408081599375 81.04588746309989 -11.677251242732893 25.270107579090677 -129.05617193930698 -254.82587801942452
1828 56511.08919596672 51973718.911885835 -0.1044899922198379 -15.491706864354416 -11.923388233296066 -0.7168458369334161 74.45355597906995 -16.93847641486599 9.258859295995421 -136.75268452691773 -295.6822269911192
1829 56541.220308065414 55928966.40671337 -29.50485893457939 -91.5829175833078 54.88932130294601 67.54310939269602 121.78617194841237 -20.991488373748098 55.57573795277517 -136.11801919206556 -255.16092721226764
1830 56571.49194025993 54984616.102165334 -9.405147919761047 -55.66458040346952 34.836661076578785 41.01291445910657 81.07136426807374 -11.677050991855197 25.20287215719941 -129.01085729238292 -255.25108736441751
1831 56602.39528179169 54975860.48712095 -9.310272567572998 -55.57192331820457 34.69614538696314 40.976458919100494 81.04641736270396 -11.67718554988636 25.164091513819017 -129.1288259836661 -255.35215423057056
1832 56632.549256801605 55023532.03975497 -9.350779660389987 -55.586479707193305 34.71050033073724 40.99145377574996 81.07670408708543 -11.555520116014236 25.45401941737748 -128.95000407287523 -254.83649382569232
1833 56662.54857087135 54011825.64158381 -7.689732425413499 -29.02273751483964 53.69835104326048 15.00105370724934 76.91008527792258 -13.144598318069995 18.733527797606143 -131.16551159563028 -265.6217798099303
1834 56692.83180499077 51974813.118719384 -0.17370551503370102 -15.520204929991941 -11.878685691502731 -0.6793551971262701 74.51042837681901 -16.89163638111586 9.311767187157898 -136.7057249649718 -295.7137508756573
1835 56723.137500047684 51982376.06660183 -0.11813964923174858 -15.4882460427664 -11.928067116467837 -0.7223465288435023 74.45290535159451 -16.866815447195336 9.339890527378486 -136.66435685323114 -295.62397336994036
1836 56753.182641506195 51983658.086098105 -0.11514090793972542 -15.52025993202663 -11.912973738815602 -0.7109902768906835 74.45281718195999 -16.867591020905877 9.37183106272937 -136.74498246018413 -295.6433133240859
1837 56783.310047626495 51966596.74690405 -0.12132439725872324 -15.520714045221847 -11.898145395175248 -0.7102006719364056 74.45520918507276 -16.900909576477943 9.298368044591143 -136.76589755140145 -295.8304664971201
1838 56813.357929468155 51994802.71977533 -0.05150845229799472 -15.413072201585846 -11.949301025151811 -0.7138076920407315 74.46669276302384 -16.876233627535782 9.232755765251909 -136.68716487928907 -295.3742356772161
1839 56844.97263908386 51995682.294128396 -0.09054392576607917 -15.455786215612058 -11.931074118125231 -0.7145288402945482 74.46182826236816 -16.906192613372014 9.263509149239042 -136.6553381108152 -295.3778902450797
1840 56875.00162124634 55354831.764139585 -10.484029614411428 -34.13472791395743 36.25814295156358 42.19709481846125 142.3274415271045 6.2323003039535365 80.88718080289459 -119.28255138518739 -295.7956756715771
1841 56904.89832448959 51991708.37231685 -0.15809446924252057 -15.510489033371606 -11.869584141572744 -0.6751439955402816 74.5145918245554 -16.887207413095325 9.34771482859685 -136.70329430412983 -295.3960680092516
1842 56934.765404462814 51980323.90888888 -0.09544137884775417 -15.45194522187169 -11.953617365553903 -0.7239472673450962 74.4716884472711 -16.994134558531925 9.097119355447887 -136.80002117007933 -295.4697374756999
1843 56964.996599435806 51978208.66408721 -0.05467295057042776 -15.36970790959684 -11.936597246102835 -0.6935010374718331 74.51080812493937 -16.81516708827212 9.345814293596902 -136.66375889643302 -295.7856625005553
1844 56995.12443804741 54007372.05424825 -7.7198798521708945 -29.04504482870466 53.70639994354265 15.013502776523168 76.92353877648273 -13.130742105892466 18.66075462614424 -131.13666867908432 -265.6905817406479
1845 57025.80596399307 51975270.58306566 -0.11088106986322543 -15.447215108540984 -11.953088757124178 -0.7254495257426896 74.47227325984674 -16.97521046154725 9.140455924819321 -136.7463185251878 -295.5710607854402
1846 57057.267141103745 52052430.68372829 -14.179819164165847 -40.58582789948846 -5.156961421403551 2.507281628101609 79.38584853290969 -29.111068792549077 19.00950084859187 -145.89301318544375 -295.46644119909524
1847 57088.418328762054 55357244.11451922 -10.430854191662288 -33.91702959641592 36.13768142340818 42.15475971624312 142.35723103114756 6.199046116129864 80.99975713512572 -119.29489094824748 -295.85264139818014
1848 57118.49175620079 52075533.14713376 -14.192039814651665 -40.48055006454484 -5.099328392136641 2.5582254620883447 79.47324289625081 -28.865684011216445 19.36124394316016 -145.7425788265803 -295.46370011829737
1849 57148.55899810791 51996298.38648197 -0.0936288666096452 -15.397489229024814 -11.99090119184875 -0.7322716509647194 74.4827208023126 -16.97351151853445 9.19219546357607 -136.74716408374303 -295.1385317767152
1850 57178.329808712006 51999362.32326817 -0.16189541629912974 -15.532304001156426 -11.905073169494287 -0.7028093595527025 74.47815346717475 -16.860318209821287 9.483137597341397 -136.7002447848256 -295.4400643129636
1851 57208.08385062218 51957029.66453309 -0.07982796742479259 -15.491836993803743 -11.922860123307878 -0.7260219828715435 74.43850811598277 -16.959611051986997 9.216457940086741 -136.81241444587653 -295.9417665633713
1852 57237.676803827286 51993751.92687638 -0.11543975114986971 -15.48490780920386 -11.911390864658685 -0.6943723158056656 74.49248951688206 -16.94409230067339 9.14033883985411 -136.70690921688498 -295.2958557327105
1853 57267.34297800064 51971409.49510891 -0.1010803857792908 -15.498827049881553 -11.905514620921387 -0.7172034638139166 74.45013654729837 -17.011032574880005 9.01829011107543 -136.80351384305737 -295.4927893014625
1854 57297.39600944519 52002312.90385959 -0.12095739957518603 -15.500912657509664 -11.909063337604337 -0.705052806989741 74.48062687831388 -16.879166403093677 9.444341208546916 -136.70455689582042 -295.2675248963836
1855 57328.7376434803 54958453.59348652 -9.423210837320376 -55.663646632477665 34.64255793290118 40.959518995366935 81.05406917811335 -11.887673740134687 24.91049632464251 -129.2472076152638 -255.2787050967474
1856 57359.03634262085 52929710.71708012 -20.219898101057368 -51.45469532037136 8.34186542300543 25.863219559117383 115.20205950113463 -26.230571924787228 39.546286896585116 -143.75091878861116 -295.46803489123647
1857 57389.29138636589 54945828.22413063 -9.342365913255403 -55.547810106375024 34.562520564902435 40.95977737270995 81.08564943188783 -11.81671210856166 24.943735500751018 -129.18482683313482 -255.76084388226644
1858 57419.754853487015 53998254.93938422 -7.61555405261792 -28.89838902582656 53.594145430432654 14.976203191992056 76.92622675043998 -13.171675716595075 18.593943581258372 -131.17980591518892 -265.82059232383335
1859 57450.085067510605 52066329.58785233 -14.098955957951981 -40.45295805031946 -5.090356322102679 2.561123654763051 79.45092590907495 -28.990452962463507 18.997522217175742 -145.7582101190078 -295.22311122530925
1860 57480.14155125618 51960694.16383324 -0.10628171194784564 -15.44717958515782 -11.951777211212764 -0.7374533870344635 74.45284747259892 -17.128771812108425 8.856850904529608 -136.89288829061303 -295.5170884006815
1861 57510.341713905334 54969738.72091475 -9.409126541009128 -55.66059667643622 34.70828130483731 40.974115891709076 81.0595030299148 -11.654557666295034 25.358314512718266 -129.1358319468299 -255.59098464327153
1862 57541.66941308975 51969537.20562101 -0.14989967843763097 -15.513058534883797 -11.90480387291926 -0.7079122397408923 74.47999310650707 -17.015362960599532 9.075569476812689 -136.83605489503447 -295.56674448674113
1863 57572.46611618996 52872724.40538395 -20.30514569267089 -51.47835118513482 8.324221892299875 25.862259518029987 115.22403157639506 -26.445259628048063 39.179013796551544 -143.94556210669708 -296.1264207178367
1864 57604.63412332535 55071308.81342117 -23.459662461489778 -80.70693553892154 41.361965237638685 44.17851869837736 85.9833404942234 -23.748996428293992 35.264037945332234 -138.1739832003534 -255.00698681433104
1865 57636.01376771927 57077786.53030164 -3.6991823377872617 -21.87832439828006 55.58174909409574 70.19506727781905 185.38314613897194 28.874954102331913 109.89533051598846 -102.17986292351657 -295.54435529013597
1866 57666.41809129715 54957207.90772471 -27.780652094939782 -64.97935838587655 73.94738108411107 41.57696289580845 117.63824741498881 -22.33617437543171 49.13486094736186 -138.07986498212114 -265.74179367342197
1867 57696.50879120827 52046521.382810466 -14.12109728578661 -40.52160669869387 -5.203233849601439 2.4862161618853804 79.37326602234769 -29.206252164664022 18.7918558198254 -145.9533762089941 -295.4176175725821
1868 57726.22260737419 51951850.851260185 -0.04950550173634838 -15.362722216950427 -11.979265951479029 -0.7265852380445352 74.48715702449681 -17.01976606718432 9.024517514138324 -136.8671273920122 -295.8090241235269
1869 57755.96459054947 51950759.70046965 -0.10576065498275788 -15.488053126638672 -11.922091068772438 -0.7293778713824679 74.45402343846257 -17.062662137216023 9.02426122025588 -136.89173555727035 -295.88936938307194
1870 57789.20305681229 53981123.92063458 -7.744412090230254 -29.066451884861685 53.74086305617463 14.99918278191366 76.91950370210823 -13.208762820089419 18.692147869919495 -131.25816423302058 -266.156542146614
1871 57819.209589481354 59291549.58467479 -39.87847648237707 -110.1025743115203 102.94154095315312 110.41522761666364 189.6841465769867 2.037016270804486 127.01226586164887 -118.70268371343661 -255.32973071425064
1872 57850.61365413666 54014926.71405104 -7.710206203257773 -29.048563728605824 53.71838451678883 15.000888073997885 76.9120309803751 -13.126335970691798 18.7684647439944 -131.16311854822806 -265.6038687212391
1873 57880.29249072075 52912616.15045117 -20.161984706495737 -51.34530304348322 8.284875373428832 25.84086091660741 115.20486594206272 -26.373643185892888 39.182033878679704 -143.80837577122952 -295.447931139004
1874 57910.68845939636 51995644.453663535 -0.051388369482145535 -15.373801860479471 -11.982247012087207 -0.7354070395928574 74.4770347820773 -16.904484921498124 9.333020719116462 -136.66485570010502 -295.4307659106139
1875 57943.53154754639 51989339.903649844 -0.09797281722067375 -15.524082398385062 -11.855970998890427 -0.679835903083017 74.48836710250262 -16.884815829590536 9.324199743688268 -136.68615710804283 -295.4599037604795
1876 57974.83922410011 56278631.4108219 -30.57024202819202 -69.9805780290637 56.49250612920328 68.77190895216823 183.09309375294265 -3.198468034056191 110.80075790364458 -126.32512544603225 -295.63421981881754
1877 58004.827577114105 52070530.01994944 -14.121332270713001 -40.50004054614796 -5.220244088509737 2.481019033564152 79.39140396958842 -28.93069076537762 19.308892719634514 -145.7588346732656 -295.3955494624339
1878 58034.83356165886 52006209.17402896 -0.14515834049331566 -15.557105428879272 -11.91863859920629 -0.7407616581049439 74.4235975291017 -16.97397595193928 9.24018802431442 -136.70387633664643 -295.1183822487131
1879 58064.79099869728 51988232.77324197 -0.14136206193861156 -15.514814553103736 -11.922874686734566 -0.7429511090707592 74.43843818940876 -16.93647757724824 9.368782595675839 -136.80904559527602 -295.5228579064393
1880 58095.37141275406 54962672.99122398 -9.429064028075906 -55.67771516148451 34.71737114911036 40.98105967056752 81.07325550654821 -11.645051095487077 25.38846417161392 -129.14733112103676 -255.80027156515243
1881 58125.24451088905 52905536.98528217 -20.0670504141763 -51.294622124442824 8.287042195123526 25.839601763335196 115.18503557933951 -26.28349023368787 39.24760271782827 -143.78694369379866 -295.72508036689595
1882 58155.48779010773 51977044.07155024 -0.1631670560709555 -15.549947190748812 -11.925326143768991 -0.7300533113579206 74.44763955026356 -17.040157060938498 9.120360257022242 -136.80175969937767 -295.47931119630624
1883 58185.357181310654 51957860.32164479 -0.1443787646407486 -15.429457188093082 -11.995383802804014 -0.7618832510341349 74.46038301883057 -17.087340838768796 9.000745139189917 -136.8634083848836 -295.74312102298774
1884 58216.301614522934 51976233.011641495 -0.1479648809159464 -15.57924599820005 -11.906243758314403 -0.7398219309091587 74.42426008377734 -17.022092218257512 9.238806228146075 -136.82529074515554 -295.66738639348137
1885 58246.70323038101 52962287.83642635 -20.145525081356777 -51.349880834305026 8.33546440643756 25.851651976061433 115.20891439746745 -26.166699199169102 39.61544137509986 -143.5859325648322 -295.0057895362728
1886 58276.56867957115 51974911.1764485 -0.127215346918522 -15.545617493998611 -11.918377444595208 -0.7423646598186764 74.42836360839155 -17.056155781930954 9.130884670749595 -136.78289576109222 -295.519431560582
1887 58306.54416227341 51969834.01195254 -0.09477368336681913 -15.45198668092814 -11.972250079836364 -0.7566134339012223 74.43957359332848 -17.11565162649174 8.952808172366474 -136.86931670854221 -295.50432449014795
1888 58337.90286397934 53995754.87810927 -7.6300651646687125 -28.943481346524113 53.57336890726716 14.951132340873556 76.88451117812134 -13.162125191975008 18.595268188570913 -131.21872193271588 -265.8440820677297
1889 58367.7449593544 55335008.26019264 -10.508389773511295 -34.12438371223833 36.16159003215436 42.16469910285619 142.2924697075064 5.99106432970774 80.49817632551469 -119.45762016189616 -295.75613196136817
1890 58398.850994348526 51990553.33622843 -0.22719025207331178 -15.598579570307667 -11.929414878934558 -0.7505128877664475 74.4418201186261 -17.04092654074765 9.28230555519798 -136.79428532760187 -295.3953851558879
1891 58429.76374387741 55947251.29846665 -29.44469682471233 -91.51136537952085 54.88254901877079 67.53484253268712 121.79912893443807 -20.99062317870704 55.45913055460289 -136.0421187551305 -254.71824127584844
1892 58460.45069718361 52198527.29200617 -13.732452798180175 -39.78645056615989 -3.1889663362723795 20.35795256740583 106.8026676643944 -27.02868055200389 22.02827085291665 -144.3955556885964 -295.96928231719943
1893 58490.76872062683 51984912.58180431 -0.15809641220005055 -15.545323414829227 -11.948102621851383 -0.7631636002054591 74.41526274192643 -17.042808288316053 9.118701207126605 -136.80184491017815 -295.3772168144805
1894 58520.427538871765 51991980.01211578 -0.13969668539990465 -15.520311421040802 -11.94270675450926 -0.751807012663761 74.43405463263032 -16.9499875801838 9.39861356151465 -136.73821580734648 -295.55737497182326
1895 58550.69713950157 51960413.04579063 -0.05355646689217508 -15.478633377457951 -11.96065076886908 -0.7592152546888968 74.41221259272409 -17.07862043920187 8.9800376863721 -136.8246395654329 -295.6674422502402
1896 58580.505623579025 52004472.799689844 -0.17382191155112992 -15.513539247215043 -11.949335536631615 -0.7485983383948138 74.44443312604326 -16.976327668991473 9.26815347974133 -136.72922162791428 -295.11161434595533
1897 58610.36669635773 51935092.411236644 -0.18103964126998484 -15.577311886682164 -11.925416215946989 -0.7506860569239251 74.43398711213807 -17.120706309301795 9.045943944393002 -136.9582815975353 -296.18080260073015
1898 58643.15039038658 51974198.57888894 -0.1175276513907697 -15.503640580316805 -11.941383599774042 -0.73995410362798 74.44105963736654 -16.930936661032604 9.329219046662445 -136.7556325638746 -295.77873480826736
1899 58674.326966524124 56286980.53396784 -30.577900353178247 -69.99140442049341 56.60147073821509 68.79747543447439 183.13077615883648 -3.132444813783934 110.9401070992335 -126.28292424325372 -295.75569021741353
1900 58704.326270103455 55335722.208429076 -10.566707082065154 -34.20055940581885 36.14231608937281 42.1458601987827 142.27505662231067 5.87873417722227 80.46611041497192 -119.47756517697587 -295.70229371034327
1901 58734.64622735977 51951775.4497081 -0.10445774360137072 -15.523170702040847 -11.94173541193905 -0.7479850119186722 74.41897830321801 -17.07968084632165 8.986699843834515 -136.84225731927438 -295.8268813022653
1902 58764.57946228981 54030035.20330633 -7.632421148470593 -29.04800867955435 53.628435029109376 14.926706682529414 76.82198829913614 -13.15952783092979 18.749755027386414 -131.1730799635576 -265.3285066916826
1903 58794.62589907646 51982242.84927577 -0.17219328207347218 -15.571024991915905 -11.96700351837486 -0.7842213721412747 74.39664414333389 -16.966928853898935 9.37974993553712 -136.792262471578 -295.6817627968915
1904 58824.970113277435 55001157.14687123 -9.417691063378024 -55.68808578830673 34.60632449103157 40.92915899648196 81.02461706487595 -11.82844529640505 25.078453857885734 -129.09585848892254 -254.78376396689652
1905 58855.08025479317 51989865.33742438 -0.10872543936213752 -15.444651007129123 -11.988679745005449 -0.7585254680499389 74.44125206302178 -17.05380845224306 9.092592154740657 -136.77601500449066 -295.20647464557476
1906 58884.98088693619 51953429.580885686 -0.12206657741761795 -15.520360409150637 -11.923939526333669 -0.7287446880941673 74.44648659746258 -17.101122706086187 8.94563369326005 -136.89896425735805 -295.7896311786933
1907 58915.450234651566 51971756.720557675 -0.13867363953271017 -15.530149631516021 -11.934593656069012 -0.7416946548126617 74.43827632296512 -16.994287304506088 9.179239507672492 -136.80814346154784 -295.6920113697956
1908 58945.4779355526 51984914.13557139 -0.21491272316770527 -15.652540143514267 -11.896056787981323 -0.7446466512369199 74.41154261989631 -17.008924678136793 9.32440315897287 -136.76142336251417 -295.61422869470675
1909 58976.67650222778 51963636.54372807 -0.13929780978824802 -15.504584774932095 -11.980602317248604 -0.7617461830705281 74.4251911122728 -17.06359947574157 9.153964491028717 -136.82428176448036 -295.8467097389814
1910 59006.63412022591 55010453.64428224 -27.735601941761843 -64.93300893263816 73.97653530608252 41.58258321996729 117.66517185818596 -22.220212200299557 49.2691857030336 -137.89027084304888 -264.86773194399075
1911 59036.8059027195 54011173.15215987 -7.756134998973515 -29.116473454953223 53.667037106178476 14.946283232895254 76.85383024171573 -13.195927607716442 18.73909481274154 -131.1950178440818 -265.64086086320737
1912 59067.268485069275 51998334.63903828 -0.21472305268702385 -15.57647654989752 -11.901880693448376 -0.73369816750251 74.44123761933105 -16.975613222892946 9.306698407230783 -136.78075240502727 -295.3573394270617
1913 59097.34808135033 52027240.62334286 -14.011236083308859 -40.51505346398303 -5.191010250651956 2.4859501957107 79.33501548262063 -29.023798484505733 18.978521567043572 -145.88625176677635 -296.0125103918214
1914 59129.45052051544 54049144.524991564 -7.723862543990007 -29.029207563022954 53.66286985669482 14.992091145982101 76.92492926374054 -13.098443939909032 18.868871147311438 -131.0543560258053 -265.0554786680521
1915 59159.44368505478 60427453.836506836 -27.340243432645075 -87.75438560986512 148.27737238769663 99.54609562847185 151.36668122702832 15.531504139575873 107.0240578868154 -105.85411549427181 -225.53377710136118
1916 59189.806827783585 51990897.15645576 -0.20162956743384264 -15.574786692629349 -11.895435316930218 -0.7174445170197004 74.47971481032901 -16.92598875828645 9.480350460639613 -136.72105009501632 -295.58279875864434
1917 59221.407792806625 57057751.31598076 -16.9778316528158 -69.20992797944825 100.25671546682088 56.66347489898793 83.47475515252259 -7.70234027182488 35.12716555641123 -123.35514981299468 -224.88099938558724
1918 59251.42152452469 55354675.03004006 -10.543389531321607 -34.02595806747897 36.21232691437904 42.18028943886435 142.3829069558874 6.0888942294294 80.76254113182097 -119.39021128370678 -295.535189973112
1919 59281.38896512985 51978298.57702751 -0.15078997659341198 -15.553127749886041 -11.894668207803704 -0.7298804926146119 74.43915806986881 -16.934455056523518 9.424561420988653 -136.74952301237101 -295.77602999388057
1920 59311.58845496178 51971474.22454103 -0.24438367558188645 -15.658985130296408 -11.846613289857508 -0.694963036649483 74.46267889633971 -16.991532700303082 9.26675625364578 -136.7559568302745 -295.7984291957946
1921 59341.885036468506 55010429.17538502 -9.426487499318776 -55.664952205153654 34.60677353687715 40.941795403421764 81.0440500252052 -11.559899457471715 25.595473959649098 -129.00701031293 -255.01505404551406
1922 59372.11717057228 51983426.86338502 -0.09086628721940748 -15.438868045643282 -12.021970899999957 -0.7881468366633015 74.41493820899125 -17.03404305055153 9.168564848260132 -136.79005068663275 -295.4960983315898
1923 59401.95467662811 51982252.13875702 -0.1994878643407123 -15.532136848358133 -11.93248652483961 -0.7281831205010576 74.4659190221307 -17.093543162350613 9.016283470682708 -136.82070568536307 -295.17970526929906
1924 59432.24983429909 51995479.21539599 -0.14058449425404618 -15.490439557806221 -11.980186398242708 -0.7651431909996091 74.42920584870578 -17.003350988101886 9.206023376997564 -136.69644641381439 -295.34266652271754
1925 59462.09874129295 54034378.924388714 -7.822586342272169 -29.195373037318376 53.66570226969258 14.959984483519676 76.85825857241335 -13.141308452182273 18.86625724337 -131.10761399358813 -265.33858461686856
1926 59492.31214547157 51975013.72240211 -0.124069434011572 -15.479220230054809 -11.946547163337932 -0.743892391639406 74.44673863261048 -17.09422792251081 8.99488047125385 -136.8344243560349 -295.39400412419013
1927 59522.64187049866 51979024.23011803 -0.17168745448738143 -15.558812404022628 -11.918330673272123 -0.7323087160683031 74.43639026991046 -16.974411863892442 9.262900876771766 -136.78655923003305 -295.65595464738146
1928 59552.43865394592 54948205.70407174 -9.40396476136499 -55.59822363846827 34.50017469577578 40.917630106268746 81.05166537038177 -11.852495601439102 25.113203194751463 -129.25618955984925 -255.72556869201674
1929 59582.56775808334 51986818.702646896 -0.17840230210012642 -15.601244114273719 -11.919329220943162 -0.756464340288403 74.40802205233788 -17.058133380064362 9.12471518926958 -136.80567038277866 -295.3094133127141
1930 59612.310369729996 54021950.005338736 -7.720779260702068 -29.029136800022936 53.599652892711966 14.962861468249727 76.89421045996873 -13.12103907262076 18.781929825053453 -131.10603998933016 -265.4011000319488
1931 59644.03201818466 51999073.90229388 -0.08970113453516149 -15.453839655535502 -11.954401788839583 -0.7418725010393814 74.44714858665276 -16.956559241537377 9.307840192235915 -136.7171155683281 -295.3228723819727
1932 59674.25060462952 57946482.617576614 -37.026045753819005 -105.03040565312948 120.29536885833876 83.20092201782236 124.24016706536372 -17.118334863109396 65.12772419746682 -130.50358154867598 -225.63296083302197
1933 59703.947162389755 51987417.46683428 -0.16192361160554825 -15.553441222624603 -11.934572166212135 -0.7532668526873891 74.42590898153011 -17.062329159243802 9.121910810975749 -136.78811631062808 -295.3971579861459
1934 59734.07178115845 51989726.06528697 -0.24858310461309863 -15.609845028131492 -11.919485035158893 -0.7417139854472765 74.44821822984633 -16.987027810120424 9.423636612765222 -136.76268542779195 -295.50039423188224
1935 59764.05577015877 51984163.136560395 -0.12012004021156564 -15.53516518369267 -11.954031355873369 -0.7600150368015761 74.41196811578061 -16.99441576275109 9.229055683770014 -136.7985205966661 -295.57118765115547
1936 59794.294793367386 54011913.23927382 -7.626256023058906 -28.9514038615226 53.57609758520062 14.968854462630219 76.9027239503372 -13.036449563759447 18.864377992750406 -131.07535970109552 -265.83087407808256
1937 59824.39523220062 51936148.05343352 -0.1415465180415172 -15.510591218867374 -11.961482325220544 -0.7472989912768497 74.44000592353939 -17.21552572984797 8.746307618610103 -136.93079453487803 -295.9214798063132
1938 59854.85247039795 51983656.447164685 -0.11753646108981819 -15.420217712625309 -12.000840594946418 -0.7656038282293167 74.44627479657872 -17.013114126580206 9.17131945994862 -136.77558238382522 -295.3962660122542
1939 59884.933661699295 51966863.15121819 -0.1272688627497338 -15.484431924105213 -11.96330317163347 -0.7581557705432118 74.4237399791127 -17.118507231934302 8.977582058705593 -136.89652354374334 -295.590179856909
1940 59914.85044980049 51980147.33881543 -0.15833597617626616 -15.582498024889663 -11.959512598474042 -0.7795625536922302 74.39102953916138 -17.167792005625813 9.041613488106975 -136.8529930762112 -295.37882531464584
1941 59945.59890651703 51966838.999193996 -0.2120833303617946 -15.560698027982477 -11.927011664866903 -0.7386942959891485 74.46253000775303 -17.142410145607585 8.978476497481552 -136.89318236425578 -295.5627541450049
1942 59977.806576251984 52094045.989475906 -14.314105633649616 -40.82620800081889 -5.106104073202978 2.49725006325302 79.33978548615845 -29.0372741510555 19.33380998373366 -145.80509637396904 -294.92489937885694
1943 60008.13268303871 55351226.41108777 -10.54905541651993 -34.122117347354845 36.14787427036955 42.15133996917727 142.3187551961613 5.996703296613305 80.68041638787281 -119.4073825188596 -295.504527900879
1944 60039.769542217255 51963452.25679127 -0.12262631589226558 -15.572344798412814 -11.91033189004132 -0.7456091917021581 74.40892506158347 -16.984190945451985 9.19768681231318 -136.79155858513258 -295.811981166638
1945 60069.49312710762 53027884.19602572 -34.25778758060703 -76.52129721739914 15.12697104945903 29.085157180420623 120.1504956230479 -38.26392395588243 49.58222530627086 -152.74084032436235 -295.06712030285206
1946 60100.87358689308 51962547.90261305 -0.08877310060727694 -15.526039353177616 -11.974981395614854 -0.7724842800421499 74.3896508741811 -17.01323448926297 9.16506798346154 -136.82094695191427 -295.7734342916822
1947 60130.748364925385 52903288.983597495 -20.21611624881428 -51.38357252258608 8.374302825267826 25.867296456115113 115.24811908954919 -26.268212115780727 39.486967348530584 -143.775199392687 -295.89606891293124
1948 60160.76564121246 51965269.52254305 -0.17724640954200943 -15.671319558237872 -11.85552838771423 -0.7212240159168601 74.41018521339058 -17.078211411976326 9.058327898862842 -136.8241295594765 -295.66444554999015
1949 60190.30496430397 52002273.50588772 -0.14461516516538886 -15.531710613135001 -11.944925494932754 -0.7379156107758433 74.4400835529554 -16.977282771191653 9.155252812025424 -136.76509465291508 -295.10389627562984
1950 60221.51522946358 51984003.21400976 -0.12345503073885844 -15.580936857230004 -11.944822459605597 -0.7666718245033906 74.38401043630296 -16.96260329576961 9.259410360873119 -136.76689462774095 -295.44083210807764
1951 60253.724903821945 52907366.908790536 -20.158789498653896 -51.34537766408657 8.398487274307492 25.866657119924042 115.2365666766233 -26.23812686402499 39.46149973980823 -143.74146466031254 -295.7783717426787
1952 60284.771648168564 53022867.417082824 -34.2131791707544 -76.49022975932385 15.076048097667112 29.06070277493737 120.11278677937747 -38.18701156370258 49.72536683940723 -152.7398257528638 -295.3130591156837
1953 60315.76821684837 52093458.26926775 -14.243222653360133 -40.764224592800836 -5.229029836069273 2.43174274185111 79.29610661983438 -29.141707579609374 19.191039631004173 -145.88922169124362 -294.8485206181522
1954 60346.157643318176 52045005.15189044 -14.278017315833761 -40.83177453028027 -5.15879302396997 2.4645222674886895 79.30656574316217 -29.335938486541238 18.81696993286539 -146.04424868460393 -295.37215664855154
1955 60375.794055223465 52079053.688908026 -14.233057928815606 -40.7030352066067 -5.223050425007848 2.451284736409619 79.33724215786027 -29.049487763895172 19.27672133149497 -145.80909689970787 -295.22970264652633
1956 60407.24248766899 51986849.87186687 -0.18193796195417633 -15.64823912156303 -11.887744044565146 -0.7514078689786885 74.39316273001538 -17.044520620836977 9.321214904542273 -136.80234789344837 -295.6053420795253
1957 60436.92571043968 55935329.35927539 -29.39478726465365 -91.49005566952366 54.91730805551997 67.54162831549388 121.79241302098131 -20.947041751233144 55.52040582029156 -136.05963162948672 -255.01250732455068
1958 60467.1002099514 51989075.27591164 -0.09939151638464594 -15.499692951784489 -11.986669052977213 -0.7793211772892619 74.4070088175915 -17.013296082042416 9.23642128645082 -136.78196917567107 -295.47903211578534
1959 60497.055676460266 52057692.10704279 -14.242977541832404 -40.763202784280885 -5.167812871468691 2.4699702895455573 79.3236407798446 -29.124572256526278 19.163469310244523 -145.93414906268214 -295.4938888270033
1960 60526.72810673714 51961608.048144035 -0.1730421499749859 -15.595827715521267 -11.932066675637365 -0.7513816918343252 74.4097856837615 -17.105412363567268 9.02998331114361 -136.89730903791718 -295.6825922074353
1961 60556.250739097595 51978129.31574018 -0.11008258609969168 -15.574801543681023 -11.890860813594799 -0.7306762636032005 74.41061301213836 -16.962144515235536 9.200177510986009 -136.74171784991705 -295.5182171722008
1962 60587.53660488129 51998899.682257846 -0.16043482553752497 -15.639101431772978 -11.930894161451917 -0.7734768090072492 74.36984396970708 -17.151821358478742 9.082113494130397 -136.81424515447452 -295.09846736992836
1963 60618.81434464455 57417076.843056515 -18.09886262517739 -47.68681934248341 101.53947221981335 57.80896396404562 144.70108503065202 10.012990726810585 90.55539437313018 -113.66678621780073 -265.374420121478
1964 60648.88939356804 52917956.084929205 -20.108037285490838 -51.32909666300958 8.420083160091934 25.867155355111365 115.2271790503174 -26.008034928885195 39.82283502498774 -143.62910345022289 -295.9591779062431
1965 60678.774000406265 51979821.25192977 -0.18049295955514033 -15.540006091837402 -11.978549808498336 -0.7779042910749752 74.41166217588193 -17.103212518212672 9.181399615389864 -136.88215367926063 -295.49551397108894
1966 60711.72211909294 51989257.62707079 -0.1519676822956928 -15.636172931686971 -11.911891162867029 -0.7592386728682072 74.38192112408356 -17.037852228788495 9.26094259472734 -136.76491129830976 -295.42384436558996
1967 60741.41501379013 59328994.25078105 -39.79415704437323 -110.05549458415815 102.95457860363305 110.4305687741153 189.68339304910327 2.23058456480328 127.18489552302628 -118.55198046058763 -254.88611276199276
1968 60772.381006240845 52007139.46496172 -0.12303220363188316 -15.562861591568485 -11.919383142386046 -0.7457854593069868 74.41376392862868 -17.009740444711497 9.170434838923086 -136.70448091436452 -295.0612577158657
1969 60802.68057656288 55333345.35705415 -10.551386465689534 -34.17303331295566 36.05630186264062 42.122622344278355 142.26857446801154 5.982113740923694 80.69960265807606 -119.45022301433937 -295.9435307839446
1970 60832.42586827278 51975895.7713036 -0.18994825624896627 -15.626180999152751 -11.898058221896129 -0.7394564652044551 74.41988703813006 -17.09732889368871 9.045973094751787 -136.87794330871367 -295.4830047276762
1971 60862.190724134445 51956284.29237862 -0.1997926677540356 -15.638783823187929 -11.93248433673844 -0.7659279690126226 74.38899520863552 -17.159865967246503 8.96317592585524 -136.90321228266464 -295.84486080591284
1972 60892.41600251198 51985959.17763604 -0.1531139766015155 -15.625103597317189 -11.955534722927524 -0.7862973190296145 74.37164118900415 -17.096632915630494 9.205662877884947 -136.85621008970764 -295.38505405338617
1973 60922.91781926155 51969836.2208759 -0.17072346392207471 -15.69263872581379 -11.910342232725867 -0.772898004955934 74.35589125885932 -17.17335904590783 8.998186755584356 -136.9142879766614 -295.44338825826947
1974 60953.10805392265 54057450.35020502 -7.791538780975319 -29.231159593110966 53.66449021660001 14.944128804546892 76.8347981160503 -13.097283324415685 18.99861510572839 -131.05212749288313 -264.96869257723483
1975 60983.14816451073 54028324.763504215 -7.735389636406159 -29.114993192465043 53.57293263332524 14.937284489249137 76.85438438211395 -13.226600214435166 18.72037840804751 -131.2086918909062 -265.3928100473474
1976 61013.367983579636 51933661.56295484 -0.1977244259510993 -15.672600178348263 -11.930456619274572 -0.7876111446948073 74.35480301975319 -17.22022326477395 8.921400696737862 -136.99471996331408 -296.0979690380422
1977 61043.5318300724 54022792.3386366 -7.7309417321441405 -29.19856079301009 53.67810668251857 14.933344434377219 76.80180858059596 -13.248117506193353 18.77761431660656 -131.2404970004457 -265.48913659012294
1978 61073.34970021248 51957970.14105915 -0.13917088097753627 -15.541571974735671 -11.977711110902383 -0.7891709281574038 74.38584956384642 -17.1842526774995 8.937941490660592 -136.89294583040498 -295.76385687201264
1979 61103.419516563416 51951056.61576999 -0.18428614408263044 -15.568788690600634 -11.956778184389243 -0.7592648189789344 74.4234794116708 -17.221314678421265 8.8546854102961 -136.94309820946154 -295.7517913844946
1980 61133.28817868233 54003049.518801175 -7.75754704477756 -29.18107357441508 53.60828028416497 14.938590582486214 76.84079977375313 -13.223471009842797 18.724003547907614 -131.21663489282622 -265.7088065725189
1981 61163.44894695282 51975637.28032485 -0.2076776435256562 -15.676821932983142 -11.885724389646874 -0.7433617249015896 74.39731734563466 -17.075971522182954 9.200675836012351 -136.7996029903922 -295.646199811729
1982 61193.44826197624 51977578.4352355 -0.2061520986130514 -15.625210981421294 -11.967685979332842 -0.8021656967023034 74.36110933755563 -17.145366524396763 9.1384639765119 -136.86396851538416 -295.4818765757351
1983 61223.123713970184 54023723.45302687 -7.8180812660928485 -29.27248393982049 53.64369609249514 14.958179598923891 76.8381747452852 -13.251232321084842 18.700775159662385 -131.2117597170356 -265.36744641206633
1984 61253.27951669693 51957179.93621997 -0.1617226063209518 -15.57829583750232 -11.975878770885615 -0.7884945209896301 74.38341939043511 -17.02781776113045 9.268775309472744 -136.89441139904284 -295.9898866577109
1985 61283.62740778923 51976058.38937957 -0.1910086021471411 -15.694567449482111 -11.894058100056988 -0.7612627488413182 74.3755514064196 -17.069308468312045 9.186229026356159 -136.85564062130175 -295.54944871515204
1986 61313.626472234726 51947571.5166335 -0.1144698479129076 -15.606507183156154 -11.950893660819041 -0.7952980926567221 74.33912193629813 -17.17550285551033 8.958094700109768 -136.92840599109263 -296.02949139780986
1987 61343.697033405304 51962688.29360366 -0.20313455162805916 -15.70511252767501 -11.928181139642888 -0.7879449668413514 74.3437791876589 -17.051027824813104 9.256810433060423 -136.86100673351405 -295.87028650261266
1988 61373.744107723236 51963254.026060045 -0.1148581022597206 -15.586596194940597 -11.935332015754753 -0.7647978180044959 74.37309697981863 -17.08561923132146 9.01276972636606 -136.85450961977824 -295.6953345367763
1989 61403.67610049248 54060980.30598545 -7.748694490713561 -29.14804840704717 53.628910878814835 14.915431824716194 76.82069367407715 -13.187502784586513 18.84068667649933 -131.11132540209854 -264.8925102351475
1990 61433.675746679306 51995528.114251524 -0.19605726176340355 -15.600144279752923 -11.936950059148458 -0.7624173148629296 74.41210137115513 -17.112173887224287 9.135124672920654 -136.81725760014024 -295.06428043812053
1991 61464.11283278465 51986941.005974986 -0.1104894791526938 -15.594707138258762 -11.988544944875244 -0.827689598346808 74.30943553015086 -17.15065476807348 8.968141509111604 -136.86723520443144 -295.2736319963334
1992 61494.393904447556 51981931.82041482 -0.10475146548541225 -15.541440429945517 -11.971600902113643 -0.7889678983075612 74.3684135039284 -17.022402270176656 9.248077249414564 -136.78488633896734 -295.67350665120296
1993 61525.81488108635 51978366.79752719 -0.22846092012712127 -15.60909792958367 -11.954947772136755 -0.7812219152035738 74.39628640044381 -17.046130861506583 9.322994877891631 -136.82989565350113 -295.50554319715366
1994 61555.599370241165 55325063.753714636 -10.475825741980806 -34.15497425304661 36.00927362067195 42.089507375648964 142.21726180768255 5.75763436998966 80.15044999847555 -119.58235203606438 -295.6155470248545
1995 61585.610040426254 51968230.557702936 -0.1687940621367936 -15.613304003585922 -11.975429352099162 -0.8133914944434224 74.34297528010303 -17.067029375431105 9.248427937964266 -136.8771698106367 -295.77038170710074
1996 61616.90297937393 51970506.48153141 -0.20747521367476374 -15.681109154806204 -11.906672257504873 -0.7565709387357344 74.38146492154141 -17.064496507830427 9.206358973225122 -136.82344994573072 -295.8087403099447
1997 61647.74208879471 57421047.75962048 -18.106677313565925 -47.77224217750565 101.49193947510886 57.78599886677955 144.63313403476505 10.02303412849426 90.64123164409682 -113.63337655147933 -265.4971605788476
1998 61677.3479282856 52070607.77113727 -14.325719683184374 -40.895185032902205 -5.161694251367614 2.4556829128736837 79.28655898112079 -29.102263739117802 19.372205773901555 -145.86368658922964 -295.40831472820935
1999 61707.270750284195 51997997.53733953 -0.21674777801603717 -15.649109861575417 -11.886378292022293 -0.7442044491547932 74.39800065571393 -17.050431603184222 9.181372526036569 -136.7857087470349 -295.1687717244132
2000 61737.460904598236 51954068.19618897 -0.10087301575380536 -15.542341064245788 -11.996190257120162 -0.8069599618310974 74.34872395910405 -17.103547903427284 9.023627383092332 -136.8902033734558 -295.8595105045089
2001 61768.17675065994 54925392.78929302 -9.43548737747218 -55.74037099696707 34.59696399017795 40.89221139631776 80.96432637013609 -11.966331967211147 24.945482244471123 -129.3633850957853 -256.06675358404743
2002 61798.2275185585 57045855.497498035 -16.91369157374459 -69.21660018473953 100.04568158843408 56.55475825069786 83.36880706742784 -7.8292479885055855 35.014879799169535 -123.42808431256088 -225.08091629609112
2003 61829.07428812981 52009471.326892905 -0.09509761794210547 -15.542431040063333 -11.991461544723485 -0.8112956602968211 74.345998010259 -17.05007911945478 9.12441429910308 -136.74081836022032 -294.94221582442435
2004 61858.921919345856 57040763.00207257 -16.955089245332815 -69.27181637939417 100.07726365333056 56.55952492629625 83.36933237907266 -7.857015086116348 34.959831112377174 -123.45966045692785 -225.06133598605146
2005 61888.90160489082 54018534.47936835 -7.682999457008476 -29.081580935113973 53.549990610589965 14.874112830400165 76.77480522220613 -13.270741404317334 18.652437466130095 -131.22727689146262 -265.56031400283786
2006 61919.272518634796 54049872.48307319 -7.709059873080065 -29.089187113365888 53.62420247461657 14.91731330845819 76.81982578251565 -13.137244637139133 18.93237686482496 -131.08269440050515 -265.1012910043744
2007 61949.87683367729 51982810.92417715 -0.14895437806532286 -15.617228943189396 -11.959732019356814 -0.8099529662190719 74.33316645213766 -17.066434638806697 9.23859789380424 -136.8190862951813 -295.4058576216412
2008 61979.473616838455 54025382.80928263 -7.703029282475363 -29.144303458835473 53.612265101068964 14.8891869623925 76.76338433021871 -13.312011240901995 18.637979371933397 -131.18558696225796 -265.3289274504808
2009 62009.87799787521 51990000.32626405 -0.09008051162256692 -15.541420971138109 -11.998206223448392 -0.8118413876401576 74.33668692746186 -16.930428680054547 9.362814553293333 -136.74809385401693 -295.5602812053892
2010 62040.09594464302 51985115.48741034 -0.15166300227577523 -15.614369248925954 -12.009520273850256 -0.8456710604280033 74.30370917556445 -17.047121046443863 9.314182564879275 -136.78967781839924 -295.43832599182554
2011 62070.00356912613 54940704.62939216 -9.325745766141733 -55.660568458164164 34.493476298793205 40.84928343237475 80.92595331809554 -11.916154417162943 24.944588792931427 -129.3184954974377 -255.79073368424102
2012 62100.383858919144 51938325.36772461 -0.10369017804426228 -15.660022974405656 -11.976554363119845 -0.8378812484254468 74.26781328073383 -17.229435504310402 8.853442561941108 -136.98742863048665 -296.0010702888331
2013 62131.03340482712 51964149.28467577 -0.20956631272430748 -15.677513628137456 -11.919426098380455 -0.7773110905647087 74.36607670616874 -17.195221308438136 9.004215248116566 -136.89090147494318 -295.545914763042
2014 62161.028673172 54921767.36669626 -9.23446688182406 -55.538624330586 34.28293646447395 40.7967064015519 80.91335182744693 -11.929288369327764 24.873392928816088 -129.40488914698602 -256.20020222852133
2015 62191.407492399216 51964900.288424976 -0.13855042293691966 -15.563126570256806 -11.978570964812917 -0.7902375443176908 74.37515478178503 -17.20403818437086 8.936438794409582 -136.9098379820902 -295.53141883156866
2016 62221.171295404434 54001519.36073855 -7.660457163317982 -29.090142801063866 53.55295995196801 14.852008041482648 76.73583701158321 -13.314016467404656 18.61008402135758 -131.2678211746707 -265.7206181863575
2017 62252.425573825836 51980110.47983251 -0.1655740992616952 -15.590158536878043 -11.999731289113932 -0.8321039284995777 74.33579681702992 -17.148430095858657 9.121594572948311 -136.85964085301856 -295.42159254682747
2018 62283.08670401573 55035316.52164515 -23.54966267084415 -81.01718089923135 41.21385973419923 44.06267565748274 85.83674003592174 -24.12882844478537 34.9561011101182 -138.4672884455785 -255.38538642521556
2019 62314.58799767494 54967490.14306881 -9.38000255919438 -55.64730072083597 34.49631455393104 40.88384946730375 80.98839295710293 -11.895775516073684 24.997368601382846 -129.250136223104 -255.1794882021787
2020 62345.39349389076 52044045.89214605 -14.324003250964228 -41.020236304969586 -5.277637373089171 2.3618183956576217 79.1648562863111 -29.519675127707046 18.755389494619976 -146.1693557118524 -295.46722586433816
2021 62375.31330871582 55079704.80699634 -23.551518762361756 -81.01177262273418 41.20353928098472 44.05953542588192 85.83466042101556 -23.917362463611482 35.315749491173506 -138.26819968376793 -254.95773685454134
2022 62405.380440950394 51944675.13273263 -0.061480180194084966 -15.527258370430607 -12.029581265695612 -0.8437037302339832 74.30601599925247 -17.196902562323203 8.853165299205557 -136.98765383549392 -295.8767098161593
2023 62436.554769039154 55004689.32928617 -9.405910095191471 -55.76466953130458 34.55397850502743 40.85799829900971 80.9162991784835 -11.636379025293593 25.604954292244997 -129.07647286673102 -255.1423153625538
2024 62466.4136838913 55081300.32308467 -23.581630211040885 -81.07144094878454 41.30502317939705 44.08248967479355 85.83783065161849 -23.896556636377227 35.4122838002387 -138.2403934992463 -255.01097537776846
2025 62497.81950736046 51940061.20658505 -0.061366328023256145 -15.566660117443899 -12.038845290510281 -0.863152984335855 74.26988782966616 -17.238587464292095 8.830250344124181 -136.98464724878107 -295.9305310918462
2026 62529.201073646545 55303418.15651118 -10.564900802306909 -34.30982739783049 35.90796899962109 42.06231381513355 142.1535709517272 5.800072896528718 80.40309227666046 -119.61463318254937 -296.2328482445803
2027 62560.41201233864 55940217.922823265 -29.249495989549438 -91.3051927373942 55.00796059989064 67.54373457535677 121.84217963837091 -20.643945544206815 55.96214234670822 -135.88314564678257 -255.56592263287084
2028 62590.08936166763 55048274.80237671 -23.52919604598869 -80.99724594723872 41.30270999866104 44.0874257378245 85.83245693775321 -24.099306233339405 34.878932250666935 -138.40937010258642 -255.12175675366768
2029 62619.98588705063 51975515.824419916 -0.14272283913467376 -15.617142554409064 -11.98684146174078 -0.8343995474109391 74.3006502514632 -17.115952019240694 9.123954849823463 -136.83421913139142 -295.54849249817005
2030 62649.848764419556 51947483.68777256 -0.1504646466388948 -15.626874351810116 -11.987221043930695 -0.8350187829363449 74.30521572497958 -17.154898187501715 9.050845302307039 -136.95718000649015 -295.88365703553086
2031 62679.8412899971 51950634.51353673 -0.07814306479907529 -15.525751460573293 -12.052086666514107 -0.8635293502094044 74.29559859539299 -17.14820848608781 9.040777803967217 -136.9568756471504 -295.88597093687656
2032 62709.791590213776 51967288.27992939 -0.03693908985569827 -15.488909612353414 -12.038614894418814 -0.8306679239714754 74.33038790784188 -17.146439153947597 8.917923536498847 -136.89975332384665 -295.5912047658594
2033 62740.45263290405 51976135.986161575 -0.033299069733173425 -15.51473221333313 -12.076453460150312 -0.8776233267067397 74.26516380625183 -17.198273711089314 8.941699164180193 -136.89076292291236 -295.3708821254311
2034 62770.92049050331 51957274.97411498 -0.10824269863597102 -15.62776575845342 -11.984668010997162 -0.8456003134533745 74.27641129884773 -17.200356388152784 8.935299948546742 -136.91080753722997 -295.65430074134554
2035 62801.306985616684 54965024.086516134 -9.392711904214874 -55.76903382526676 34.58227217538673 40.85695135064172 80.9097732559138 -11.897411465854589 25.080812107045062 -129.28029033241484 -255.40495900241993
2036 62831.915902376175 54980535.320835985 -9.310092670639598 -55.693440263195 34.439390028945446 40.801223128962505 80.85840221764337 -11.930540375233363 25.034526990460108 -129.253048099482 -255.17624907483395
2037 62862.22631263733 55029570.69850132 -9.300294705599008 -55.662140284000145 34.47729555280259 40.82745025828787 80.89243289509304 -11.676237154517139 25.42190982889565 -129.0342500906326 -254.57721655624687
2038 62892.21637415886 54956786.61752815 -9.370114198463389 -55.75608663943644 34.594974518633265 40.84845117457304 80.87933138847222 -11.941101841435227 24.942215001401678 -129.28173192157777 -255.43119943096372
2039 62922.48674082756 51981738.82508477 -0.030516292489007668 -15.54166707100814 -11.989312222181454 -0.8147642463089113 74.31394734997808 -17.029080203531123 9.174566783982414 -136.79649953475666 -295.45638533429224
2040 62954.406703948975 51952500.76121286 -0.06030316932609381 -15.607315464153421 -12.047968452100207 -0.8895559334072658 74.22514837342088 -17.259198474808045 8.767480640464441 -136.98762765099576 -295.6179736298625
2041 62985.30783081055 55327576.91939036 -10.523561112613786 -34.26063193729253 35.71068796141535 41.98587689203296 142.09333814527776 5.681481120596459 80.32080256334996 -119.66313123377029 -295.64741006434133
2042 63016.08063817024 52925881.12047015 -19.963242716207702 -51.1661293024584 8.567524032566702 25.88442056581235 115.2542006158759 -25.846842517038453 39.98399613859476 -143.52184383531375 -295.98375018624677
2043 63046.66879940033 52918919.95420739 -19.994353904446605 -51.147467006807375 8.51136295508082 25.86698293960275 115.25507274231855 -25.965816573705126 39.78678436503071 -143.61162374428602 -295.92224257406036
2044 63077.09565734863 57009394.0212974 -16.86992715442164 -69.181352614766 99.86906723688641 56.477775955447115 83.30443520886709 -7.91205463009635 34.81016416413195 -123.56421693338194 -225.64883019309116
2045 63107.01005649567 54951752.875562385 -9.302719718720635 -55.70606015203504 34.46080637847685 40.80307086393593 80.84738006411514 -11.861405974705065 25.1488131500505 -129.2892423095334 -255.6967201683727
2046 63137.12070631981 51986700.61057911 -0.08063953530837864 -15.58062060662279 -12.009479097348468 -0.8303702897548249 74.30179868375158 -17.142755587641318 8.943519726883778 -136.8206447621567 -295.25736128711446
2047 63168.69825720787 51968786.570516974 -0.04991893640317002 -15.581578504770743 -12.035714741258076 -0.8763640068896308 74.24167066994602 -17.241344410860336 8.817831926275517 -136.96464268378747 -295.5130777788979
2048 63198.47004175186 52967003.14819133 -19.882279421689454 -51.05306540221096 8.428842265081961 25.832257419321436 115.21499296740777 -25.700555514168002 40.20758565374683 -143.34291758827794 -295.58664597957204
2049 63231.56038737297 54020265.72835127 -7.6773192274842454 -29.157511822531518 53.60279209596382 14.87424483659484 76.73056947989701 -13.270105383853263 18.61163308947323 -131.20469846198608 -265.4671096784864
2050 63261.26022410393 56268529.715545386 -30.3656052366142 -69.80048016963191 56.26017779812019 68.73064233790842 183.0543125182841 -3.319825221477288 110.41265794024616 -126.43632012144093 -295.6950979154541
2051 63291.0491707325 51971925.43489029 -0.10969164000748144 -15.623605747602904 -12.007678943952222 -0.8573326041359195 74.26806463303568 -17.18868347952764 8.92395203203995 -136.87199406962395 -295.47317727054315
2052 63321.12006568909 51974103.08182727 -0.061728579544981343 -15.532036764230643 -11.998027160393065 -0.8197189193107306 74.3190193533896 -17.132379338954138 8.91398076807269 -136.81168597132677 -295.4386767132729
2053 63351.9472694397 51955649.74304984 -0.1399632482970823 -15.650764550827915 -11.973882831292961 -0.8233657864829951 74.29439903526973 -17.184522225660714 8.970984880257276 -136.93197417381066 -295.7160592866056
2054 63381.71857261658 54100597.83623072 -21.818932086931532 -54.38446969979938 60.268960969042084 18.08393685012547 81.665799778395 -25.333606240922506 28.861607065128396 -140.31076022060864 -265.5884987433176
2055 63411.724081754684 51956030.73557425 -0.06727042836970831 -15.572296328179057 -11.98921839591349 -0.830191763502242 74.29441410031069 -17.160691432036458 8.93203987097337 -136.9649492826415 -295.6976023949536
2056 63442.25502848625 51974954.19661068 -0.18021014244008882 -15.713322005363933 -11.977059194705845 -0.8459916162014025 74.26854682704311 -17.164736964745657 9.155573473889262 -136.90690955676797 -295.49778323397993
2057 63472.665288448334 52038524.08130006 -14.238542111413384 -40.84018187160876 -5.34539200384345 2.3516400860265776 79.19962406870616 -29.416212176065812 18.858760024378057 -146.16791705420383 -295.4351183373715
2058 63502.79801249504 51950135.17358527 -0.07157015450205861 -15.58575986286591 -12.003714357025558 -0.8478920598921036 74.27624582989392 -17.194524991041988 8.865733656987004 -136.96170517796378 -295.85664909632857
2059 63533.41671919823 51943913.959958 -0.014683809255581437 -15.592711994913184 -12.022459081423605 -0.8774326103049077 74.21387882856276 -17.218109055727894 8.760864018159737 -136.9499315726407 -295.7504050496024
2060 63563.20899605751 51984394.50477833 -0.07677326576911092 -15.591214126865452 -11.979842617836404 -0.8189192381651651 74.30928356805912 -17.137708681966842 8.947594582074885 -136.8587713036262 -295.16402569539883
2061 63592.91944050789 51970469.7481539 -0.05515826601509133 -15.604148080248436 -12.020040180281114 -0.8618688075924297 74.24456636864988 -17.089220604283355 9.157675771169295 -136.86675856694671 -295.7441022819093
2062 63622.73542404175 51976336.888988025 -0.063601043017945 -15.60907979564504 -12.031907955113759 -0.8735254399623926 74.23054582414737 -17.158244606029427 8.893139341074573 -136.88580278888463 -295.3843969181636
2063 63652.76499128342 51955521.24010549 -0.03706998393960603 -15.585171361649952 -12.026415355031972 -0.8701109536075649 74.23701729202142 -17.24691975821878 8.841344234592952 -136.99305217779062 -295.65037741010303
2064 63682.59310412407 51957857.78942857 -0.02983054760963988 -15.581116963967782 -12.011169282511716 -0.8619466254447872 74.24690011262368 -17.15493051838513 8.90968137139987 -136.92345598642652 -295.6634894440897
2065 63712.621017456055 51955304.1305905 -0.12767110433519413 -15.718766715581035 -11.946478505815783 -0.8462965031940968 74.23392561476889 -17.215333991776674 8.966064212151252 -136.96478932586837 -295.86892224785026
2066 63742.773829460144 51959083.874182284 -0.023219690645253976 -15.556822695768982 -12.026616153804547 -0.8709400706920007 74.24053638543853 -17.16222402858716 8.903804463263214 -136.93549052423134 -295.5687661147918
2067 63772.992166519165 51950321.62429568 -0.11774240775190847 -15.647019104891015 -11.997246330867178 -0.8602565329902063 74.25910979516361 -17.26477694726725 8.840986772957422 -136.98733924926938 -295.7420921469589
2068 63803.09464073181 51958175.8411263 -0.04623093257117539 -15.574050724651059 -12.007462701348949 -0.8514467546636837 74.26545191733233 -17.193355753199853 8.870898537941287 -136.91268003675282 -295.60582425317193
2069 63833.44694185257 51950751.71642193 -0.17208709796864596 -15.685931817360023 -11.96051761905558 -0.8430495482398612 74.27308707487184 -17.200717101694295 9.05515209549219 -136.93407509032824 -295.8437653824061
2070 63863.31128406525 51985067.77014101 -0.028231680875403953 -15.661608272919107 -11.995860385057838 -0.8855468653799221 74.18713951363456 -17.075306350614028 9.204733232264289 -136.86197657350527 -295.5258828739153
2071 63893.057958602905 52021536.55599465 -0.04357361447968522 -15.641034680529376 -11.994884047544673 -0.8607230606392164 74.2238301322556 -16.97483910459465 9.365071337522181 -136.7182706325264 -294.97234407251017
2072 63923.32339501381 51974325.62119464 -0.08498684514972865 -15.647260735620668 -11.999629919819448 -0.8621006842025594 74.23225967007907 -17.13709019125588 8.98571832183336 -136.90950782706295 -295.4401155043496
2073 63953.42194604874 51985311.066800736 -0.03420816817903827 -15.639744015448123 -11.995254298870442 -0.8776415501752979 74.1958476938549 -17.227880760939797 8.765129222131122 -136.89334802210698 -295.0646820108898
2074 63983.390679597855 51952479.181147456 -0.018303632040128193 -15.641667212772015 -12.00753523961442 -0.8878156744099073 74.18870430670076 -17.24252301566844 8.773047820604404 -136.97432204816204 -295.609830576274
2075 64013.667837142944 51949114.42806031 -0.031120795537384893 -15.594425532944081 -12.037656941137655 -0.8887928917700663 74.21615934396992 -17.258679858283415 8.747192119931071 -136.99884742811736 -295.67571291602616
2076 64043.660608291626 51952118.751736954 -0.05347558006828734 -15.616249826872307 -11.99299738349248 -0.8428310763513309 74.25332996123194 -17.24014243391997 8.707663055931391 -136.96700342742878 -295.62507396839885
2077 64073.81714272499 51939859.784665346 -0.05012946987612921 -15.68783647103946 -12.00768621567103 -0.8908541124489204 74.18151095032252 -17.353027640790856 8.63827251784943 -137.03761820895642 -295.7848905850705
2078 64103.64322805405 54940968.03940094 -9.32376050532603 -55.763135969190344 34.596752236822866 40.82087335938782 80.82577790713339 -12.050603048901621 24.685675202950506 -129.3470777793267 -255.663075018279
2079 64133.55541539192 51999946.83006686 -0.08169315182635728 -15.609581579097451 -11.976503548221224 -0.8409040885360923 74.27534038378465 -16.987611142986566 9.322093070317237 -136.7692172705144 -295.32058456920674
2080 64163.451850652695 51963056.12553153 -0.08528011682017045 -15.805302501908983 -11.93543803276006 -0.8729275636467975 74.15568831913454 -17.356554579413398 8.619403542818759 -137.0323723284543 -295.3151596990499
2081 64193.46087741852 51952863.868330404 -0.08964955982747469 -15.667950017714663 -12.031363939771886 -0.8913350712597463 74.20448475519028 -17.303717880333295 8.707906132794903 -136.9872285555395 -295.58776761410877
2082 64223.4578204155 51982870.667742774 -0.0836728855622848 -15.75465536459131 -11.929472449663763 -0.872841380596995 74.18297293480288 -17.14133476740625 9.133084180070625 -136.89469518915922 -295.41577673936746
2083 64253.25854349136 51967028.633342765 -0.051126485918915776 -15.707692011963669 -12.00614001811789 -0.9057456560188797 74.15206489610907 -17.29454230446106 8.775724960241746 -136.98517158748461 -295.498562726284
2084 64283.43307805061 51933649.6969199 -0.04880914715718454 -15.57924095606302 -12.100650805014006 -0.9291944301626813 74.18276183192842 -17.407094209272202 8.60918102387842 -137.0728119287037 -295.89922176731375
2085 64313.60149025917 51984999.77277648 -0.03525598726317902 -15.623457189425705 -12.014889274746416 -0.871711585305917 74.21859303645367 -17.092434342539605 9.13782135390278 -136.84882109780557 -295.5000950213099
2086 64343.471910238266 51965614.9673084 -0.07895329266801454 -15.630186841777293 -11.992223978173762 -0.8526555440519132 74.2541778899847 -17.129738848924433 9.044584723702144 -136.9157800801412 -295.67046805654843
2087 64373.42209196091 51996771.1075039 -0.03814894384968248 -15.607204754822874 -12.010740390022654 -0.8638472896787874 74.23764733448816 -17.183061259252952 9.021515190858224 -136.8714754070645 -295.17741865673725
2088 64403.23079991341 51989677.834347494 -0.02866200385225426 -15.649728930764958 -12.045070973965153 -0.8995650440119078 74.18867457486374 -17.04513350190257 9.252556305614576 -136.82057476728215 -295.44961548251774
2089 64432.77880716324 51959911.18120651 -0.11398810141744065 -15.78075678355569 -11.94519084570392 -0.8666420438798639 74.17729257075402 -17.278043429335185 8.927140254602762 -137.01164452377378 -295.6924283052387
2090 64462.99640798569 51934187.33340243 -0.10775326176686661 -15.809570748399913 -11.94361287766111 -0.880717700531207 74.15173711911835 -17.337800145671793 8.76201719862064 -137.10198987110607 -295.9997861818823
2091 64495.44637417793 51970234.57070285 -0.0596652726533069 -15.663007677728011 -12.003029335896144 -0.8787741867208325 74.20436948423225 -17.172007893159446 8.992136117192842 -136.89478000503078 -295.4955711090762
2092 64525.47325634956 56327877.65878063 -30.317476773040894 -69.80826881212317 56.337043819837554 68.76276795876925 183.0588740469225 -3.0087564014288546 111.01669238293755 -126.18188863146122 -295.0494260544221
2093 64558.04908776283 51947831.55303665 -0.11662039902423516 -15.81046580906882 -11.974735826905665 -0.9119204348137657 74.12592025583321 -17.351598875985303 8.748924617866919 -137.01377131341712 -295.62719673019245
2094 64588.17684006691 55286048.891824074 -10.479401077981686 -34.3825921891438 35.57531817816998 41.9467016777306 141.95759207329323 5.379486714338327 79.63328238605686 -119.87235012264784 -295.95426721323474
2095 64617.77125811577 51948581.85614996 -0.14529919086684906 -15.764674301400614 -11.946079965035139 -0.8576095287772603 74.212591713361 -17.200929147077545 9.004158978187547 -136.9436522821112 -295.9675194705494
2096 64647.8432393074 51945571.46376843 -0.10924855175046666 -15.758940494590085 -11.954646526397234 -0.8663152405639494 74.19856252640704 -17.248363757880043 8.883098610441834 -136.99262886042487 -295.85857963585966
2097 64678.04336333275 51964648.35828267 -0.1074061407205722 -15.824850075949154 -11.962710217026348 -0.8831039448473774 74.13901614279611 -17.331491822091778 8.724366276149283 -137.0376827700041 -295.4018771945901
2098 64708.46096801758 51936207.958411075 -0.10583500256372069 -15.779447662350321 -11.982227170828509 -0.902637729481782 74.15011543377302 -17.34224348020291 8.78475678126432 -137.08759407851113 -295.8921999520161
2099 64738.63718628883 52954861.88477476 -19.935392506865647 -51.24284321921536 8.71577282129575 25.92694888631506 115.22194445125191 -25.750940688495405 39.97147334472777 -143.37000425323606 -295.664680429218
2100 64770.163172245026 54027252.75500333 -7.686088942096015 -29.322960044488703 53.653406219000956 14.815258706574852 76.60174231714636 -13.372664749382523 18.551025538107524 -131.26923934034488 -265.2119976012475
2101 64801.84296011925 57359320.73183831 -18.090031647436007 -47.996155562907674 101.05605023043876 57.59365444497624 144.3264497496448 9.128750514537103 89.25958322159511 -114.29448043576605 -265.1590246478379
2102 64833.27251625061 53040171.02355911 -34.07939536607359 -76.5663472629721 15.302585732423196 29.081485476023047 120.10106776836855 -38.10488925300075 49.79169985259841 -152.68253719254454 -295.28603111819444
2103 64864.63178563118 55311418.92041757 -10.553116343946682 -34.42069303148477 35.71949795377567 41.996903648518156 142.0204799348687 5.409888651481197 79.75472765856512 -119.83514781023592 -295.3557429130128
2104 64894.57447195053 55287612.30625418 -10.636246707637602 -34.56874866592783 35.57933454172536 41.96209208402507 141.9468343258147 5.332469539130216 79.71352618354842 -119.95811981967444 -295.80406334149336
2105 64924.644171237946 51940882.96959168 -0.12350203056608855 -15.844096578123743 -11.945418184617871 -0.8818061422022083 74.14905263730931 -17.308090258443656 8.848068580002064 -137.0492187236071 -296.00379942016843
2106 64954.46472907066 51974207.91079559 -0.2106258950377491 -15.92163780034452 -11.908117570982242 -0.8600300093079056 74.16008988715319 -17.237085589494086 8.98865967051529 -136.96881060604687 -295.4722712992742
2107 64984.630034446716 54034797.92172031 -7.679109511629388 -29.33900934913896 53.69524731137233 14.837856385661112 76.60716215078085 -13.345035678630438 18.623118845914064 -131.27416870968148 -265.2416060016203
2108 65014.658851623535 51972292.11493897 -0.09284010769792239 -15.709027669337889 -11.996363378639579 -0.8750102488742328 74.20947343042273 -17.288372427352613 8.82430133282196 -136.9542223828155 -295.43578413137874
2109 65044.48516368866 51952812.50543917 -0.08341573325945184 -15.805728795451861 -11.961645121947903 -0.8955266543466536 74.13336681969898 -17.22596236830924 8.91966020595737 -136.98809793955638 -295.9311393203129
2110 65074.10023379326 51939594.169103734 -0.1897856465328367 -15.881319186897999 -11.942680218279229 -0.886923512080017 74.14871491855412 -17.431879957647368 8.644171532247697 -137.08764630832115 -295.7747723320348
2111 65103.86371088028 51973489.28598636 -0.15278603215679176 -15.775290779892401 -11.95788027098456 -0.8633467270675226 74.2059939358698 -17.30049860940835 8.834433102014543 -136.99715744721442 -295.28987795885473
2112 65134.07354402542 51961277.43930207 -0.002853624115530806 -15.636531690207494 -11.954590943436465 -0.8330162392672946 74.23100540526853 -17.039306114901535 9.058223790537738 -136.81570369826113 -295.85057482325135
2113 65163.933710336685 51983270.98084222 -0.10461187998864574 -15.96682671250997 -11.872334224962628 27.830581691356045 78.66110340872928 -17.233058587037704 9.003634989851605 -136.9573831457812 -295.40210426534986
2114 65194.693110227585 51987492.995696664 -0.12394078482059534 -15.728873559825647 -11.97184446505419 -0.8788491733616297 74.1976444782816 -17.174411603089254 9.094539834941543 -136.88949879336718 -295.2489788872366
2115 65224.44549918175 54016292.78139144 -7.733423196411298 -29.34493777185475 53.643335074591164 14.821325410167987 76.61094532531082 -13.395279821559427 18.555350385490556 -131.26828620138315 -265.42482153276796
2116 65254.312591314316 51950966.90345642 -0.135277512183265 -15.802193309746851 -11.942004635781537 -0.8845487146371482 74.16268359966635 -17.294989978567628 8.904233630317094 -137.0236428816345 -295.6899780232088
2117 65284.197778224945 51939912.707744226 -0.06691356232038004 -15.724269972539147 -12.053745656515105 -0.9518876873209763 74.11529472362226 -17.383321127128397 8.688030973865068 -137.05624618268962 -295.9354384655594
2118 65314.129789114 51951366.82751988 -0.18702296699904863 -15.89406545010274 -11.938108293169982 -0.8919600737219042 74.13602571575181 -17.346862231864407 8.891977885144229 -137.08572376202505 -295.6745631662845
2119 65345.502676963806 51978501.84504733 -0.15483898582816735 -15.81435101300807 -11.936119422271624 -0.8671641441058142 74.17535386631545 -17.24684863008531 8.969204001408741 -136.972082374693 -295.3518169820642
2120 65376.757962703705 55268821.92271808 -10.705942051927565 -34.63522288570271 35.676178893507064 41.9983611305081 141.9796324622404 5.235327823708417 79.54316718235543 -119.98047243486855 -296.00529417066093
2121 65406.61132025719 52976474.954342976 -19.79016594473935 -51.1044871032679 8.820119856086265 25.95306869405225 115.26231549547514 -25.677146672832578 39.95818262772332 -143.24377282521345 -295.32398583131925
2122 65436.94030046463 51975046.11379905 -0.18884319644073422 -15.935892599403292 -11.92485570753869 -0.9061013419200492 74.10376561555418 -17.227125907897573 9.169828999932975 -136.93016953107917 -295.5841032456767
2123 65467.165536642075 51961241.33452903 -0.23282317232100347 -15.908303015084869 -11.872495093866839 -0.8419158980043733 74.201222034445 -17.351824413891052 8.780492033354733 -137.0053257237861 -295.43926210840834
2124 65497.49369955063 51916391.858209625 -0.2105431034328724 -15.800004725357704 -11.99260025343051 -0.9010927393729702 74.17963543594489 -17.36769253377497 8.85710157649686 -137.11167244152182 -296.3346565821172
2125 65527.59645295143 51967473.26517378 -0.24527748458230292 -15.956092907880517 -11.882543734447424 -0.8492583050386884 74.179688621415 -17.318832208466517 8.934463429369941 -137.031345519539 -295.43868349521483
2126 65558.92032241821 51961956.9249158 -0.07984719690004205 -15.846552288317502 -12.009602894754863 -0.9577171071739485 74.04317597173214 -17.323530232287283 8.864275250550747 -137.03279900841807 -295.5864792082474
2127 65589.42074203491 52964355.092976645 -19.682654556419998 -50.9975226158428 8.955472647974986 25.963135797051308 115.2773587783759 -25.562259827649598 40.05506665899395 -143.25860752468418 -295.743369541537
2128 65619.38789248466 54994273.12775647 -9.376754477255298 -55.8634109311379 34.632941113580834 40.81173673025371 80.7889664083399 -11.971621159810866 25.036591177562514 -129.26755625182676 -254.76321512532667
2129 65649.55956315994 55011874.1449975 -9.418945198898882 -55.995438116327726 34.670439623907626 40.771673365318804 80.71615168354779 -11.90767136000403 25.262909245844412 -129.22655267350484 -254.70528993195998
2130 65679.93114805222 54962423.89014733 -9.32130186464484 -55.85630480814376 34.49857162630744 40.73364458805206 80.71121261106632 -12.115658950623981 24.709140285414037 -129.37523892587694 -255.14979355576
2131 65709.91084480286 51951416.75181429 -0.1043733190946643 -15.868894930527333 -11.979878939817219 -0.9491945921803335 74.05607315808152 -17.390900531267675 8.77520747782745 -137.0455904316879 -295.6520053432894
2132 65740.24087285995 51939596.81762547 -0.11493332214841878 -15.735847355190751 -11.99457911070332 -0.887943507150311 74.1886586404971 -17.254253242048833 8.909978425854547 -136.97201111070552 -296.0463110234409
2133 65771.50349092484 51965614.4879341 -0.18874239630041245 -15.858597263430894 -11.973713314347066 -0.9051733402277478 74.1374729408212 -17.43242734967248 8.7307284649155 -137.06568409330146 -295.2289378338594
2134 65801.93030619621 55276352.21498976 -10.59222021153859 -34.47629428205136 35.462595311921454 41.9158114807273 141.93926008727385 5.163233959570164 79.4388873889244 -120.02694521494078 -295.73576984801105
2135 65833.24093842506 51970504.67865639 -0.09101945904897057 -15.835973083311082 -12.002196046495122 -0.971542246682688 74.0404451211697 -17.305570790353215 8.929989066928329 -137.00990799097298 -295.4557653971624
2136 65865.12093925476 54281199.33703341 -21.00642906972204 -53.303184034408446 62.57556785833859 35.97565849719301 109.04006396829104 -23.04505915180465 31.73834178008758 -138.59479127938891 -265.52116220875496
2137 65894.8832514286 55293831.50555187 -10.557687466432334 -34.545782201505716 35.451470221512054 41.912642266243765 141.87266977317725 5.318826881979305 79.73687160777331 -119.95515514715731 -295.82603670531563
2138 65925.22076535225 51908472.9052305 -0.13345991639396892 -15.928366772304004 -11.97560534730686 -0.963339910829518 74.03731152548873 -17.47358250326141 8.691633210790371 -137.22915761482102 -296.33803547075473
2139 65955.18774175644 54010007.81990053 -7.527479569380862 -29.252211602603907 53.5122511657825 14.698893345358101 76.44333950282692 -13.505522788502844 18.289304554424234 -131.37340849036588 -265.4029894733071
2140 65985.50493049622 51953808.25389063 -0.06410167093984143 -15.764162135037987 -12.004473288964867 -0.9325918332696119 74.10540521532702 -17.214007649432006 9.01139304834743 -136.9870712356448 -295.8052073788176
2141 66015.05582857132 51948707.93764573 -0.027824671240251675 -15.7541555714917 -12.079533021339458 -0.9980999591420527 74.02239625477718 -17.3308476983496 8.841280635225758 -137.10204788773785 -295.7869015839425
2142 66045.47346949577 51967412.4353822 -0.09615144755940008 -15.752338403382844 -12.057178280552812 -0.9535086237412713 74.10596526183343 -17.32825366169635 8.870039071169003 -137.01330456527018 -295.39106935472444
2143 66077.01103186607 54011572.52989972 -7.7487524901843035 -29.450569497665537 53.680545654710414 14.796901302548136 76.54556582795706 -13.501116758316641 18.527938932954385 -131.37080283952918 -265.3609943879167
2144 66107.32523083687 55285931.41405192 -10.72960298594345 -34.738015088494166 35.40230450657582 41.90296875854975 141.85854128405484 4.920231902607327 79.18743692921589 -120.17396139256914 -295.3350596333636
2145 66137.55281376839 54024979.12489828 -7.60186513225884 -29.33593694888974 53.69345746436461 14.75216259231884 76.47493293428552 -13.415578860417554 18.551720847857155 -131.30009365867863 -265.2733689521064
2146 66167.70461416245 51966774.59642941 -0.047402253284065665 -15.835206084865574 -11.984253678713259 -0.9363544806962807 74.05256849641059 -17.338916014866186 8.691652616590545 -136.9919545658725 -295.31610524950855
2147 66198.82718038559 51929320.9692593 -0.07382207845985356 -15.75097020378513 -11.975234407619851 -0.8986345361984434 74.15171977496455 -17.376562332050014 8.676934169253059 -137.13220338890727 -295.98423137737586
2148 66228.64491009712 55267942.677433975 -10.592976501174997 -34.730317631325995 35.311356312420685 41.85724621075353 141.76463239165196 5.111056305632246 79.50160770717343 -120.14826044805551 -295.9581526665948
2149 66259.0956428051 51933707.19697748 -0.08857652441748876 -15.77767704634758 -12.028003219278638 -0.9522408112624845 74.09471093665393 -17.447196185812743 8.627981232692662 -137.12467195767124 -295.9285802426912
2150 66290.27088880539 53965379.44977291 -7.6357564232772965 -29.34279010203359 53.58607444150773 14.753482581350141 76.5082167509631 -13.501718871325238 18.3244973341599 -131.43825989072695 -266.1864967344219
2151 66319.97844099998 52987008.83349372 -19.833921052015242 -51.016742459824336 8.733214721172516 25.896064737559584 115.2597466227507 -25.636443591852867 40.15848819259793 -143.2440872896998 -295.1913265828549
2152 66350.77953386307 51932508.88255095 -0.12127093907361441 -15.821405366300102 -12.05914517340247 -0.9766066696632265 74.05322831843053 -17.479236633102516 8.658084534178045 -137.17364496812706 -295.80147280184565
2153 66381.79493188858 52221366.91200585 -13.446553446975562 -39.79363560973794 -3.1710100478895242 20.211891848496464 106.55620358227226 -27.130670037022128 21.91585764742797 -144.3597858866197 -295.65787628343907
2154 66413.18805742264 55020889.62689014 -23.690374951337443 -81.49410301642166 41.19918774740662 43.94395095391074 85.58755235114896 -24.371962151899254 34.98427971204228 -138.70310297499617 -255.5156297088846
2155 66444.73764324188 55227311.5695204 -10.630287523639772 -34.58783590081261 35.3133454009131 41.86329946731239 141.8412388119943 4.947434698821496 79.20092402390719 -120.25374907513458 -296.38013863488914
2156 66475.39672541618 55271273.50037145 -10.624203503609737 -34.604042198422995 35.424442478522096 41.90192029404953 141.87327857262778 5.122490308070439 79.44345613378255 -120.08923598790614 -295.8498229940167
2157 66505.7179620266 51937048.556045644 -0.1235373377873561 -15.841702336958877 -11.990329655337355 -0.9252961251887086 74.09099759134702 -17.351647151147404 8.804020996902864 -137.09693508406951 -295.87700598624434
2158 66535.85300946236 51969317.6902769 -0.16678857242338374 -15.761249080526554 -11.999993968939975 -0.9020735234152397 74.17479931478854 -17.202900188622436 9.155979161230391 -136.89495913647823 -295.73592377133673
2159 66565.7277572155 51964760.163456894 -0.08876301889454474 -15.78756319297769 -12.014471283602461 -0.9431339679401844 74.08711888357674 -17.241358180729605 8.976177156522965 -136.94143285592884 -295.71811914371756
2160 66598.04971408844 51952746.93868765 -0.05918425017815032 -15.842302892636255 -12.048395560393963 -1.0043164772933295 73.98393688596833 -17.475449880546876 8.634616250665374 -137.11493178430942 -295.4715045344882
2161 66627.8962688446 56318197.1561953 -30.167343757520527 -69.69894835263662 56.16006440377633 68.74731721477411 183.03144994466732 -3.0032417728039604 110.91986487556926 -126.18945987622777 -295.39961888459277
2162 66657.98699259758 51961712.763623975 -0.08232775501722678 -15.739290191010767 -12.040794788279165 -0.9431364907848092 74.1016103806829 -17.350207674849855 8.801960662729755 -137.07224399188277 -295.4285955694962
2163 66688.685328722 51970143.50355942 -0.1745245381969145 -15.935209521402877 -11.937999460533447 -0.9107487037159956 74.09919101027468 -17.27273870601158 9.071472296469267 -137.02591769540504 -295.6483585897921
2164 66718.85137295723 51982072.724789225 -0.12471251101583114 -15.836014620086209 -12.013673083833112 -0.970836182910034 74.05986837348415 -17.42321160614796 8.764570963044207 -137.0540309109026 -295.08002042555665
2165 66749.27987837791 51961981.263400204 -0.11532677776444089 -15.875779065867992 -11.94606629121045 -0.9082838698154632 74.0955317513561 -17.309887166916837 8.877700881609144 -137.00948059879448 -295.59599314399264
2166 66779.25900268555 52015981.57682613 -0.14788549092208925 -15.863383690575603 -12.045256278921002 -0.998221729358491 74.00441247363717 -17.244091475850325 9.200787055082515 -136.8945088443645 -294.83866258620174
2167 66809.38145804405 51914353.50632445 -0.07203224850441003 -15.861474103561182 -12.003747880731254 -0.9537309237830129 74.03229129244355 -17.48590238479477 8.574543805389965 -137.20852225707972 -296.1886306895861
2168 66839.37449121475 51971128.81725984 -0.17761428386423006 -15.875133038963753 -11.98066254698751 -0.9213032145115108 74.10430054026001 -17.333963024125694 8.914897152225308 -137.05190598670345 -295.3294327629111
2169 66869.55808210373 54031672.60419574 -7.714828915449578 -29.362145328337146 53.69004871901033 14.841333131826545 76.60817223765173 -13.334199463389837 18.613686452324373 -131.24044244218783 -265.1942359551001
2170 66899.70993876457 51954419.61074159 -0.05638535412847112 -15.776405572286553 -12.073775976725194 -1.0145938782925725 74.00084790359796 -17.418870982477074 8.819999922348472 -137.10138518883525 -295.6754576089895
2171 66929.61120152473 51951711.22464014 -0.058087130060849645 -15.858585060419223 -12.002062523742715 -0.9570860663966982 74.04468511917801 -17.403339879914824 8.709478398848887 -137.0962877136502 -295.6298364209381
2172 66961.14011526108 53981484.18324766 -7.717880315030772 -29.42077842640543 53.66058556846152 14.754733817149642 76.49557541226403 -13.604722288131086 18.3061586690618 -131.5133455779179 -265.90730156800373
2173 66991.86220645905 55292631.40189463 -10.591052317104385 -34.665329183258976 35.19920862814533 41.81587914566779 141.7361602843732 4.965977080396954 79.27016403847733 -120.15586356738675 -295.2648515362441
2174 67021.6576192379 52218807.72598593 -13.43574147083746 -39.68442606686476 -3.160608756266697 20.24784512003555 106.60808309652965 -26.84492588517469 22.288007976032873 -144.22728282177246 -295.9971584528511
2175 67053.73918819427 51960784.53623346 -0.10239939087331074 -15.679462294762908 -12.082498055242318 -0.961534465995669 74.12189419088543 -17.42396953095607 8.68672203689141 -137.07563396262157 -295.4511230498485
2176 67083.69773554802 55537159.46520797 -24.0531722423027 -58.60052526457638 44.24254777502905 63.097962044247055 174.38501397806672 -4.500922975432047 92.81646058025433 -127.4209767218914 -295.93480365324865
2177 67114.51546216011 53999945.33789587 -7.690105075498911 -29.394703189315617 53.74257537298147 14.791661091681021 76.51477778770777 -13.535605566428387 18.35893944565032 -131.4164798677058 -265.58593449921295
2178 67144.75135040283 52242294.10172708 -13.69703108617743 -40.04878401400114 -3.0870132946983446 20.278369260127334 106.57088381751902 -27.051474354011873 22.141804730511694 -144.31580275161048 -295.273850898589
2179 67175.08825039864 54041034.86116649 -7.652639680586564 -29.290878397167475 53.61108025286391 14.701045285832208 76.48034227961388 -13.383863806205966 18.742876437469477 -131.2437173014144 -265.2328583480378
2180 67205.2502143383 54044722.463700645 -7.696484907609946 -29.398840840826608 53.692646222537775 14.71519902537517 76.43682832347011 -13.45509901538685 18.576838519479793 -131.25652439649542 -264.99100858857844
2181 67236.4030160904 51964609.34402998 -0.12952745886300576 -15.719411710122277 -12.029070894739675 -0.931133813269355 74.13829146855389 -17.265481897033112 9.011156582719252 -136.99658986481376 -295.6917452015191
2182 67266.34428954124 57061719.26720407 -16.99930925486074 -69.45472506773076 100.12892419654031 56.46656140273981 83.19728217785531 -8.082953456198311 34.8551828884481 -123.58418902828186 -224.53128508979182
2183 67297.73915433884 51986727.701372616 -0.14928240250964997 -15.76743627052959 -12.03156326476875 -0.9176488797546938 74.13151861592846 -17.15785370092925 9.142892092776947 -136.8923888323169 -295.4092358285124
2184 67328.22426056862 55288414.22037622 -10.634932776598584 -34.68083475238512 35.37814936831657 41.88147989213738 141.81267289011134 5.14899275224974 79.56165843353585 -120.11799301463066 -295.5670836442167
2185 67358.26127052307 54003394.158417225 -7.579528430275088 -29.136738774911016 53.534167221817256 14.746221326836022 76.55857864511765 -13.379451927974173 18.55461511623082 -131.33404584885545 -265.6308055578499
2186 67388.6580414772 51934867.41033375 -0.06951563649888115 -15.798232748042121 -12.075823815103838 -1.0324232204519035 73.98820033922418 -17.46525722485177 8.695673496635266 -137.13726333226163 -295.8019339847441
2187 67421.6060230732 54963724.59332008 -9.330109123946889 -55.974704089889165 34.56544323189794 40.697774172403655 80.60398139473747 -12.130700201523325 24.830505304101507 -129.42086370657051 -255.24565802579698
2188 67453.29123187065 55526523.31427925 -24.033034902622223 -58.59932267069903 44.13036390163041 63.065483057257126 174.33820317142477 -4.575137607058878 92.60567898751901 -127.42064400221 -296.0056478687656
2189 67484.61620879173 55272164.97645427 -10.586520884201237 -34.49535246389369 35.32385149385747 41.86979674513282 141.8555649108056 5.2202979308911495 79.60937017283868 -120.0554087597165 -296.0631595498323
2190 67514.64877080917 55284106.974042885 -10.6776443013392 -34.43126835468948 35.37887417316563 41.9024196764864 141.9560148872525 5.1457824722970145 79.61012275556413 -120.09944020280307 -295.77322871652257
2191 67544.99231266975 51971926.919903696 -0.13509808608014673 -15.722511164126923 -12.012395595304902 -0.900900718567101 74.16557873536857 -17.34428827657365 8.755201284464988 -136.97619961234267 -295.2054624933338
2192 67576.3080868721 51992157.951130934 -0.055939260565867954 -15.768262763668282 -12.088667600766165 -1.0179930899409015 73.9989715946324 -17.292483978554515 9.000469695803417 -136.98291820900715 -295.2175832888508
2193 67606.78374958038 55272923.05551486 -10.534766638412902 -34.39083325480966 35.342212128247525 41.873739673874766 141.89418799340172 5.183569607885545 79.44959804020175 -120.0708202157162 -295.99331646928954
2194 67636.5582704544 52206879.54507751 -13.607075759187282 -39.96619214316102 -3.072771172880344 20.26497863395474 106.57684853917142 -27.160253341346788 21.951591175587396 -144.40357832439292 -295.83828213442155
2195 67667.02722430229 51941177.55651303 -0.13706603904998715 -15.742603530957265 -12.064046080634178 -0.9721280250171276 74.09965487268381 -17.37279902695252 8.892907791534242 -137.08802406584675 -295.9404055766096
2196 67696.92251825333 54938990.41292299 -9.466209220459072 -55.93422101366199 34.56821948733501 40.79410962274652 80.77738008719213 -11.949562436626366 25.18435357023384 -129.40689243316785 -256.0087450176619
2197 67726.77443504333 51953020.28923172 -0.08559361383302821 -15.785076503282868 -12.043390440292683 -0.9799420257217548 74.05024605689309 -17.291736706407107 8.967448458765546 -137.01632324257918 -295.7566188156102
2198 67756.65864396095 51983987.411605224 -0.13863177094455814 -15.767508477091088 -12.032300336186111 -0.9484503865952547 74.1217300527797 -17.28905392341352 8.989081840272434 -136.93160239757384 -295.28544964795395
2199 67786.33675670624 51949609.525897846 -0.04754204732181222 -15.784570014537643 -12.057562937616801 -1.0142142362749524 73.9988821344437 -17.477086779417164 8.718676218046994 -137.15219470712094 -295.68212631238055
2200 67816.20340681076 51969263.941212915 -0.058494609509390116 -15.707940411134905 -12.063947190569714 -0.9746791835481048 74.07497910653271 -17.27780623563433 9.034529892307035 -137.0082236694996 -295.54372247519046
2201 67847.64874339104 51960883.292908415 -0.13181011081186256 -15.912525002472883 -11.963923811843088 -0.9446180565957292 74.04286361417934 -17.307956288689184 8.92981886307848 -137.0281761940243 -295.6221985730211
2202 67878.06523418427 55262361.457643375 -10.676454779731525 -34.71773121743072 35.13063335543193 41.8024208207718 141.73417525745626 4.865942023100729 79.12772611829598 -120.28000883280453 -295.70902040065073
2203 67908.27901816368 54021622.251904316 -7.675116263632985 -29.345161003396043 53.72375225566739 14.737970109820537 76.47349224103823 -13.574391281430167 18.404695894158294 -131.4127679302897 -265.1869232297632
2204 67938.08810853958 51951955.88983644 -0.0033954510570044505 -15.718573461797478 -12.110466315504084 -1.0288700968669957 73.99133499256386 -17.411348288564966 8.680392419105317 -137.08141106370005 -295.63255657894786
2205 67968.04268956184 51977178.67145034 -0.06427111537670172 -15.751797007363631 -12.032221480653881 -0.9819226436533341 74.04871026355369 -17.42018118149622 8.671311906278788 -137.02605942996212 -295.2078797291424
2206 67999.91681289673 54003140.25372313 -7.565778674807149 -29.32399897944054 53.681995894876444 14.714389710113991 76.42365282492548 -13.474406367044708 18.38913438531165 -131.40213475084983 -265.6165981194757
2207 68030.14650607109 60340507.65454995 -27.277136122301993 -88.27427688474128 147.1266463243569 99.10675804638426 150.63903514439454 14.181443332992444 105.07446518717848 -106.83921678604952 -225.1400126621453
2208 68060.18733859062 51977612.815055765 -0.08206271646416674 -15.746113384723525 -12.029149306133597 -0.9580529901725043 74.08917067311681 -17.279859057468173 8.965975853358088 -136.9657634088549 -295.32286741707844
2209 68089.76218724251 51974301.06369728 -0.0490211973366268 -15.848571246216654 -12.020044676044435 -1.0209722474535994 73.95900055161783 -17.373597541602976 8.9087355771847 -137.05892694339792 -295.3968667740973
2210 68119.56851768494 51963962.87233097 -0.004949124030467544 -15.728990231852823 -12.051771880414705 -0.9889748059591028 74.02245533589681 -17.407411870195745 8.706455773101766 -137.07176397171753 -295.36940326589524
2211 68149.76713824272 51946248.27682351 -0.08945519250846878 -15.844941036754744 -11.991219526949003 -0.9631883504006993 74.0268682254905 -17.412882411802286 8.720498398699874 -137.1328840241921 -295.718816110028
2212 68179.70127415657 54953050.20603416 -9.405058617357904 -55.86802004056328 34.37464451672522 40.72865298678376 80.73320917887015 -11.949782289109123 25.21653141097147 -129.37662487037682 -255.72463414984867
2213 68209.58800530434 51957751.26497054 -0.0599441707042061 -15.849334123352111 -12.06610280798084 -1.0554158241377394 73.93711426038837 -17.552875774189545 8.624043399327604 -137.19876961615495 -295.34860977830147
2214 68239.28520083427 51983657.98928433 -0.05188560397465558 -15.8783209770175 -12.066483384316953 -1.0592002666477498 73.91022968024578 -17.520790813453118 8.589829115748955 -137.1029133053105 -295.0439604206434
2215 68270.02217459679 51932569.366219625 -0.14079020351100624 -15.867033262128679 -11.983394319770952 -0.9615503992514078 74.05190336370106 -17.496921154629092 8.606081916723667 -137.16484108971116 -295.7960072626752
2216 68300.13121247292 52969028.25657187 -19.58582329232944 -50.779590865119985 8.92583621520832 25.92748426948468 115.29239430409119 -25.535158988782314 40.11433487793374 -143.25313685425056 -295.6352880648752
2217 68330.48738574982 51984101.82506846 -0.20653798924805145 -15.951589064563231 -11.935182767285383 -0.9612670369223792 74.03621410089303 -17.262328402773505 9.141617020441515 -136.9799928055943 -295.33851352680404
2218 68360.5004723072 54971302.74966387 -9.333480371252904 -55.90860041810828 34.37857608313845 40.67244475351606 80.63488828607419 -12.21904432843553 24.663879136502487 -129.45348461479637 -254.93267787958965
2219 68391.52751278877 51955749.61284838 -0.046925260361376786 -15.731373678650442 -12.074264691052058 -0.9986566190726478 74.0184649921047 -17.35041930479872 8.896099124338264 -137.04336872045195 -295.6721261897593
2220 68422.18038964272 54982710.72972159 -27.207660157788965 -64.33862309558424 74.66635284831193 41.64499876040246 117.73898613616326 -21.78331259738792 49.497176213076955 -137.68148139155676 -265.97442118801814
2221 68453.78438806534 54997150.968590066 -9.168330938436657 -55.86214033897289 34.35449885904352 40.613046162344716 80.52511179371736 -11.916157942077689 25.162018061908952 -129.2611152172338 -254.93112151357778
2222 68483.44582343102 55245981.48794709 -10.59229103063598 -34.75009379986403 35.31926374734161 41.8445374014251 141.73062233196194 4.86651790820423 79.06242942962058 -120.28532609971234 -295.924005358133
2223 68513.88166284561 51965785.62164937 -0.13603124852862436 -15.8482708651709 -12.006834553639543 -0.9691021512099809 74.03717451342608 -17.42613872846829 8.659117654248234 -137.0811531600428 -295.36065623729934
2224 68543.87053012848 52003928.344578855 -0.026641557468559895 -15.840699611654614 -12.055121925395198 -1.0264093443490196 73.93779222969947 -17.310755542349796 8.917944386392662 -136.96905525998 -294.86745559212375
2225 68574.3786702156 51959242.89633103 -0.047295484217283246 -15.862242183241449 -12.069899597536804 -1.0436610826311892 73.91746229333415 -17.385870554853682 8.819500049020746 -137.08230954292935 -295.6265565590752
2226 68606.7157137394 51946186.556961454 -0.1005158244913229 -15.993166364344383 -11.974097979661984 -1.0367361407638214 73.8939928664028 -17.507934783130963 8.63434354982536 -137.16329226296904 -295.65039216251
2227 68636.63128590584 56305065.425499216 -30.297859001793988 -69.72397460870424 56.18544571670564 68.74839712855355 183.06219510371727 -3.087125859440789 110.89461477314899 -126.2830935964634 -295.4439127797659
2228 68667.13358068466 51939876.75239863 -0.0855455821869775 -15.819707292040029 -12.046820382807198 -0.9884544486374267 74.02289254487455 -17.57818259336443 8.438909320402502 -137.16923484283853 -295.53475268411415
2229 68696.98579144478 54951408.55672528 -9.306842349954517 -55.90174496224721 34.41054089936946 40.68333610223792 80.63908334271156 -12.168559197625598 24.74052527686456 -129.52081887021455 -255.29811767192655
2230 68726.90835809708 51954376.86226763 -0.015162700625330316 -15.840155238700916 -12.053588698121253 -1.0364260177120315 73.92793509989431 -17.387353270748918 8.803547617658296 -137.09140334079683 -295.6834034728378
2231 68756.93113613129 51981853.36339855 -0.102221000243782 -15.94924617428987 -12.010382562953701 -1.0413712907516839 73.90951446903725 -17.368498417181627 8.963004666212669 -137.05164710192906 -295.267860038172
2232 68786.90956640244 51990168.04738669 -0.060421383164207754 -15.810458229413303 -12.082615604663857 -1.0359515496380993 73.96224514267708 -17.25511586171575 9.121252534875168 -136.942252936275 -295.329366362044
2233 68816.89051294327 51949463.03577076 -0.15083815077642626 -15.964100624765457 -11.96394225260579 -0.9883428364748141 73.95772131768418 -17.47034566102849 8.657969993994868 -137.11342064409115 -295.5746498297504
2234 68847.16871285439 54030823.17574663 -7.696540024361239 -29.493398647206277 53.783782871807915 14.707820622603862 76.38417733110523 -13.390574175266181 18.78168436080557 -131.3007747810717 -265.3456903257931
2235 68876.9800400734 54958964.67773808 -9.314990413542944 -55.92708928251514 34.375289701364785 40.65571281686 80.59908360653536 -12.248990137987278 24.608897803251352 -129.5221156493422 -255.0947434164646
2236 68906.80961155891 51959727.24318274 -0.004238671925156368 -15.803907861061699 -12.074464069390089 -1.0611277504038554 73.9194783070219 -17.45806616523589 8.712755657390062 -137.12512656753978 -295.580650037586
2237 68936.81806349754 51932100.516760334 -0.05773471985745715 -15.804677382053937 -12.076834478506946 -1.036099577853932 73.96814567988253 -17.47158032353184 8.6548755809481 -137.1921426752677 -295.92585437631874
2238 68968.12605547905 51939732.49128425 -0.15669404029619116 -16.045891611849903 -11.936743690982745 -1.0173201455922367 73.90182322484549 -17.47275169199679 8.815551016324548 -137.15984795495177 -295.89064505187673
2239 68999.01574516296 55035560.75907334 -27.283493919630033 -64.4408958230086 74.64345507089018 41.66313244387136 117.74977423237132 -21.64731967739573 49.91515492371184 -137.51886926003903 -265.20275624610736
2240 69030.24816918373 52992064.522433005 -19.52291567055298 -50.799619015680264 9.077714460767382 25.97056488363019 115.28486233075584 -25.340146209278544 40.301965207851936 -143.0565021643626 -295.39346855189285
2241 69060.26747870445 55267610.43237626 -10.785019626043335 -34.79941786936306 35.2934036829246 41.87295361853758 141.79633357036212 4.994455303054508 79.39434770349646 -120.16888379558583 -295.82591106351435
2242 69090.68444681168 51964427.92096128 -0.12691335641258128 -15.904656322291743 -12.022400014164816 -1.0261040021906496 73.95804831045184 -17.458245953803498 8.764802836340039 -137.09350132195374 -295.44943219226343
2243 69121.0561914444 51950966.69169326 -0.04027762186267836 -15.98545416360972 -11.994543564979566 -1.0633387139738204 73.83458963299891 -17.526494974968557 8.605301417833573 -137.13223692507773 -295.61858168096273
2244 69152.46490931511 51929043.58838107 -0.08929374817845925 -16.051160345892377 -11.96456858134902 -1.0554616260825327 73.83824756792124 -17.673058919000823 8.380096424026704 -137.2810644966359 -295.7636447087034
2245 69182.71865391731 55048269.24472921 -27.02746548535655 -64.24977857232892 75.0256253906087 41.72204666620891 117.76363030365421 -21.302022305617925 50.11199578491335 -137.27101529613833 -265.3435681692983
2246 69212.60362625122 51935152.54014842 -0.16844504941034977 -15.968310047286735 -11.9081943771507 -0.9252292296676643 74.03821693629838 -17.378298003812688 8.840602859983221 -137.1128246198963 -296.0418229009646
2247 69243.4430346489 51932450.66610073 -0.10967483786474652 -15.95706717841084 -11.9583974068116 -0.9776138440272888 73.97789190918016 -17.51829006542482 8.455577690436769 -137.14497959810012 -295.6546021851555
2248 69273.2976462841 52008025.38523695 -14.637568072312456 -41.9404148061636 -5.393195424465084 2.1204947593671477 78.71005437622732 -30.235313654531467 18.514186521390684 -146.75967250273618 -295.6674778620441
2249 69302.94200158119 51963723.232447475 -0.16434442889437584 -16.03091040730479 -11.948669372462817 -1.0182008651323997 73.92192801478194 -17.58046947494597 8.605741959520401 -137.17759817828846 -295.2784907294541
2250 69332.9834985733 51948488.9498934 -0.0833373392757153 -16.10721849771378 -11.921145690102065 -1.042768516254938 73.81209318633478 -17.568603717146743 8.520321289531353 -137.18406097775267 -295.56254163103154
2251 69365.29744291306 51925671.939643174 -0.15011102144664257 -16.12779209015217 -11.898200588029518 -1.0331256710132237 73.85505234238033 -17.60529092173482 8.564756960226703 -137.24545234881361 -296.0135968948439
2252 69396.90981578827 55334299.69071549 -25.129539080811156 -60.9016228664254 41.52865864212119 44.90198783992108 146.34949635817355 -8.03576769090165 88.7005754950037 -129.95610175490714 -295.1125483706114
2253 69426.8833348751 52986054.1123534 -19.665991840475606 -50.92574519108856 9.128419947015558 25.998831569269072 115.32543020834122 -25.477624591061215 40.181375811904445 -143.09850705330558 -295.4526509434981
2254 69456.76607275009 51956097.86603342 -0.0412983421735067 -16.046466641203452 -11.966648562146815 -1.1111073701427188 73.76260576344437 -17.582375542211707 8.499137568290053 -137.20074073996858 -295.47297395194863
2255 69487.21732473373 51947424.47447543 -0.04398060736711251 -16.042828106106516 -11.990453489471811 -1.0745513860550062 73.81158553516973 -17.579078128980314 8.557736109515758 -137.2133005390728 -295.5470157370837
2256 69518.6139895916 54041426.80954289 -7.699260322842655 -29.47648825162848 53.81664972680409 14.704594204139326 76.37938629512381 -13.441499979525247 18.669543071032876 -131.32652330861418 -265.070351315804
2257 69548.63163757324 55232128.80199738 -10.795444667885947 -35.111753457621376 35.124971887571604 41.80527690874111 141.59183756336768 4.404181779503176 78.4798770763939 -120.61431861398142 -295.5896261786568
2258 69579.06985354424 51941587.83075658 -0.11089578062852823 -15.980632093650733 -11.963287830589202 -1.025554723683726 73.90849602286269 -17.474572097955672 8.743446565934562 -137.15430278375948 -295.887000652039
2259 69609.57420825958 51954023.234737895 -0.08445771920083622 -16.160941115606676 -11.926950558191223 -1.0693695361353548 73.77304647094006 -17.58246695445507 8.570581043545985 -137.1947063107673 -295.47638113693574
2260 69639.34339618683 52002319.57038568 -14.603153640742597 -42.190381508118804 -5.41340765594785 2.0522779027323423 78.54197864471662 -30.29925176523824 18.433067504299174 -146.86837565801324 -295.7047607587903
2261 69670.52710342407 51988866.63383637 -0.145902237363293 -16.17281360313749 -11.88829468572456 -1.0365303019120375 73.82456761274302 -17.48195243303377 8.805690397715637 -137.07457865398112 -294.9842439693032
2262 69701.99684286118 55240228.48318723 -10.60226707384894 -35.001531283892845 34.6054052943859 41.59371144441687 141.34698945187043 4.361557172254777 78.48035790559356 -120.58982504783785 -295.6198184189826
2263 69731.93970417976 55240989.65226491 -10.584851039209024 -34.97110388430744 34.94877842254517 41.71725174798679 141.49214417832346 4.5605239786775655 78.60091337327299 -120.5377600376836 -295.73185847749255
2264 69762.27352523804 51990848.748063035 -0.1548208425293005 -16.137700485049585 -11.885917139034689 -1.0044761146842092 73.87864510724906 -17.411071087413347 8.870800344299596 -137.0448001453923 -295.02545191261953
2265 69794.500592947 51996182.01225056 -0.04607654811932882 -16.150419388997083 -11.939717393802297 -1.109722174021968 73.70028525435627 -17.470743048518898 8.796577601190847 -137.0990041618603 -294.88203457153793
2266 69825.46405506134 55304359.07529279 -25.230531827110042 -60.843236148908716 41.60216891095762 44.929708809234256 146.43549265805544 -8.025069950151419 88.67735792555379 -130.03587089985564 -295.72933550928167
2267 69856.14433813095 53044509.39055293 -19.455132819801122 -50.750567596845244 9.40622870397354 26.06249874340172 115.36608237280167 -24.958848967015285 40.87971530939387 -142.7146380846035 -295.1633904271009
2268 69888.35989904404 52034184.25842115 -14.613226532921136 -42.593135310008634 -5.443307712308908 1.9339875190468945 78.30760345577963 -30.453776635809902 18.673670972081595 -146.92499417397778 -295.32839923615745
2269 69918.86290574074 55264689.27737389 -25.361564706399832 -61.311904601422924 41.40263042219488 73.5986167908078 150.81721691563436 -8.473724631868947 88.0812806422116 -130.3730852389973 -295.89491155515077
2270 69948.68342781067 52031937.40712933 -14.623998587805264 -42.07634354405844 -5.36411229196213 2.1079171657514593 78.62648555087151 -30.22107477600781 18.585321102372973 -146.73138917220922 -295.2027564991382
2271 69978.62297677994 51950480.60519685 -0.10538566745620237 -16.223738972433324 -11.88194059661371 -1.0740221174180817 73.73604662292973 -17.608469393339305 8.538761705208572 -137.23295503492182 -295.4553703402677
2272 70009.16027355194 51915690.8540115 -0.06926162780666445 -16.178106404447163 -11.893793918320092 -1.0737752134368748 73.73236627661791 -17.71222071228027 8.212821480957416 -137.34259233676784 -295.91265824910704
2273 70039.25119066238 51949295.6441768 -0.08510197688581478 -16.051155760138112 -11.964370836339782 -1.045618627292967 73.8373171369263 -17.603985878538595 8.570772681245955 -137.20274087707077 -295.56279380997114
2274 70070.76426053047 51954290.36019183 -0.050451892920715835 -16.181204885396095 -11.954120463791106 -1.1238983763743278 73.68808434191439 -17.657780167299677 8.45881017040034 -137.24119730590365 -295.4081842639521
2275 70100.65728473663 55221404.07630071 -10.719554129805596 -35.07188680525846 34.81497547510275 41.68488948981869 141.46330598096267 4.358444650036631 78.46956356905741 -120.7095965575158 -295.8648400692982
2276 70130.42816853523 51956431.444239214 -0.10094465686682064 -16.25163520880193 -11.893556440671794 -1.081549119115948 73.7095629338467 -17.57174181937313 8.613321827711331 -137.19336755151602 -295.5113226088457
2277 70160.51314306259 51990324.40929442 -0.24755763672695785 -16.212760025191812 -11.872521496820426 -1.0057021640118364 73.88189585977102 -17.373113354600036 9.135149940034182 -137.03502269259297 -295.2828531754426
2278 70190.88095521927 51966333.39219429 -0.06457944863903542 -16.1677571689042 -11.937505469487881 -1.1126916166022198 73.71785219364939 -17.552041920843465 8.777768389464939 -137.18157228528275 -295.5009995013112
2279 70220.98737311363 52002765.19842156 -0.04450411638264029 -16.241499560102007 -11.880628351542185 -1.113965676420392 73.65787691580546 -17.421625813607022 8.946154429454168 -137.011678785539 -295.00886586194986
2280 70251.02170586586 51979190.39761625 -0.07645153412860495 -16.15143766196909 -11.892200049897973 -1.047112000423553 73.78291428867738 -17.50134696452625 8.691069827260094 -137.12486134294772 -295.09872412276843
2281 70281.09645748138 54026171.14456246 -7.731375659910396 -29.724752613613568 54.01459119994923 14.707666568687998 76.26835060030251 -13.535069740815857 18.537275342797443 -131.41256220486832 -265.29811955940954
2282 70310.66005444527 54036070.33743574 -7.569419606899514 -29.848342582700127 54.15556049090324 43.31899920980709 80.61189809199024 -13.572920752458629 18.49097850381156 -131.41721588444653 -265.0838926444833
2283 70340.53377056122 51958351.03980561 -0.19412381842177595 -16.285251159659566 -11.779668971853866 27.72877043462674 78.41503188706156 -17.654485677610126 8.436715064006648 -137.22673365361362 -295.19381901049667
2284 70370.54943943024 54042614.34111877 -7.566170489728869 -29.68722989928812 54.01358855922669 14.594025997930913 76.08164449006516 -13.63377152463869 18.40915352051786 -131.41555326762727 -264.9215625835611
2285 70401.03184556961 54082743.794365354 -7.707466731075304 -29.809280828012096 54.16956416837609 14.675139113965841 76.16167961979936 -13.483118288254673 18.757628689215608 -131.28289414415593 -264.3232658897937
2286 70432.42983031273 54986479.72507083 -9.184058423801705 -56.326501840216984 34.858290075429586 40.534635425836186 80.15945049326493 -12.189686107906539 24.858927149249666 -129.48316452968658 -254.9809236248725
2287 70462.43868970871 55232583.15180199 -10.582386051764823 -35.04616946690178 34.69826912278625 41.62866058552716 141.36101969375218 4.3023531979985705 78.28381844479634 -120.6313797572331 -295.6307969023096
2288 70492.72617673874 51959116.244009085 -0.027207234599678998 -16.065184947388687 -11.963409270595385 -1.106326791587506 73.74185252366097 -17.575607940979012 8.464655502279015 -137.1518463268858 -295.43798177154287
2289 70522.67224478722 54050774.56989647 -7.570026010562689 -29.638266130465993 53.92130274285304 14.625955342205984 76.16597802661761 -13.427130316027444 18.718564764049688 -131.3208427797776 -265.05531792285507
2290 70552.70350599289 54983625.95484442 -9.33415284762924 -56.21119193026287 34.65812496868999 40.603027477399806 80.3880892062517 -12.286918306202892 24.722841110962122 -129.49648661273568 -254.8421226304505
2291 70584.09860873222 57026241.92505003 -16.874492213363478 -69.76072970659858 100.59794885711469 56.325514154775945 82.78229874872413 -8.24389031605574 34.6375156334517 -123.73663168140348 -225.1014334813097
2292 70614.34063768387 55256768.62102744 -10.744988891363342 -35.03686842110291 35.01034854909312 41.76125992313486 141.55822657733918 4.626037772819473 78.83824627816068 -120.43742100473963 -295.6058818859896
2293 70645.93672513962 51996568.50999211 -0.1545737610088782 -16.18688875206127 -11.905911808290817 -1.0715963401492132 73.7770691989207 -17.31519777627335 9.14912504857898 -137.05839067008566 -295.245479374297
2294 70675.71720099449 57270919.27647761 -18.25928007147992 -48.6723622754629 100.66918414148154 57.38735191042147 143.81438454986127 8.128963634038428 87.8938188824203 -115.06441306026557 -265.4820629969895
2295 70705.8545832634 51986260.744068384 -0.12301570497212211 -16.323234004306844 -11.866914484556254 -1.1109832666258228 73.65873598179509 -17.468739530261132 8.870109598944623 -137.09133570032662 -295.2022643139112
2296 70735.67362523079 51975248.36291593 -0.27636139124240167 -16.254892995775492 -11.865769197525566 -1.0418634929626478 73.81285784850702 -17.493044744777933 8.855894234454524 -137.1185416109824 -295.2629935605228
2297 70765.76332831383 54030740.07192201 -7.765251458382586 -29.776742337397035 54.03170359572344 14.670964438403885 76.21102613916491 -13.506051837279074 18.600294719923795 -131.34019937328515 -265.263156850373
2298 70796.36133241653 51996497.103100136 -0.05992564596316541 -16.097412227873328 -11.933230005719615 -1.089684155786685 73.76906279608039 -17.45093131977694 8.799216714350507 -137.06823082931646 -294.9551038358273
2299 70826.38630390167 52206418.04959299 -13.576968824557412 -40.172479023155056 -2.8317532750742416 49.000222121195776 111.05788870664948 -27.075723423715317 21.971935733847545 -144.33288297657958 -295.9286474437816
2300 70856.61719274521 51966142.50113777 -0.013070172743759656 -16.008175111050043 -11.985145374295072 -1.1055301909570687 73.76400567878466 -17.48178401550001 8.775515794434966 -137.1309458108576 -295.4525066323213
2301 70886.56650018692 51972026.43822855 -0.11995426933386 -16.086450545987965 -11.93017732191111 -1.0323304412671916 73.85111467242723 -17.464344219202474 8.753186774712333 -137.03679587314616 -295.405667771656
2302 70916.44730901718 51986103.908974126 -0.21947823199803018 -16.159537062534834 -11.898562138061749 -1.0224355328730041 73.85613673032728 -17.413661112467594 8.965103351240032 -137.04596445404735 -295.11895921915516
2303 70946.53098750114 54032336.49237818 -7.6462579199703935 -29.65153013978063 53.97742785775134 14.68536084047065 76.24788965046315 -13.439452173465668 18.709706758219795 -131.3360915965605 -265.34519043975774
2304 70978.142308712 54054662.29259817 -7.660214795428233 -29.592953257428668 53.973904825668136 14.671498208393857 76.2531021507137 -13.416016705941104 18.720975370378028 -131.3013373911897 -264.96993723566595
2305 71010.71949982643 55259196.04727505 -10.67624106423387 -35.08747863826648 34.89838540578884 41.71610189634812 141.4590946375966 4.586503397234992 78.82073487354842 -120.50684333317798 -295.5332897248361
2306 71040.88061666489 56270842.80660659 -29.86090054275811 -69.5443917370509 56.04639682178648 68.80244739203367 182.98784722630282 -3.1848584903524397 110.15441391115621 -126.38826781669718 -295.7459667599063
2307 71070.67997074127 51985583.60844252 -0.0630387282258198 -16.299958087153016 -11.86035013913439 -1.1191904050421755 73.6266951220863 -17.52324356699978 8.793763683797692 -137.12965175957697 -295.2667660255206
2308 71101.28148579597 51944825.29563543 -0.034490403606438846 -16.277812235933535 -11.87148117781512 27.578606389632768 78.1948543209282 -17.492501341831883 8.723106935835006 -137.15187881954733 -295.909193863008
2309 71132.00381994247 52243141.45982376 -13.434360017867721 -39.95464577280415 -2.890218786632545 20.23108210512285 106.44867635364938 -26.982183148777096 22.120523688162507 -144.24249469634617 -295.48685207587914
2310 71162.33286213875 51981464.64855076 -0.019857451489180278 -16.115754692979714 -11.965498862306 -1.1396337427684813 73.69088502486949 -17.38936736787622 8.950777661845393 -137.05647253217296 -295.44047473196963
2311 71192.4495112896 51957701.82311094 -0.05230108779339915 -16.228669767507085 -11.903213248876867 -1.1515607125931382 73.62829734373398 -17.648749036724666 8.499099670100236 -137.26659563864825 -295.39723393419604
2312 71223.01300406456 51982406.50073042 -0.25434390222636694 -16.22082397387804 -11.861005919665843 -1.0449813930476495 73.82743633021309 -17.553841162568062 8.808003224494769 -137.16355925101863 -295.0386005456375
2313 71252.89555120468 51965210.87863735 -14.7711142048298 -42.5192835077453 -5.314076486316047 30.75836486432796 83.04369868397553 -30.62104714586667 18.047286078117395 -147.10238312283775 -295.91424829621417
2314 71284.14535331726 51975417.426109426 -0.021855261563098694 -16.319513345383793 -11.845653905357203 27.563985776096047 78.15722976657685 -17.62110736089153 8.516753291110717 -137.2313428218169 -295.2502712471121
2315 71315.49958276749 53042948.76476984 -19.00520606055847 -50.329924341406986 9.717592608626596 54.78870110649089 161.19885583645794 -24.725498197371337 40.79863994615198 -142.57254488826555 -295.16921500706496
2316 71345.4108235836 53039049.47667168 -19.183588344936954 -50.55552147205246 9.710701733092009 83.52704301589856 165.77092694816585 -24.693294527860928 40.92712986928291 -142.59218652509446 -295.3812808107836
2317 71375.3053123951 51912413.65419312 -0.06643777231470338 -16.041824757964317 -12.064732056222688 -1.1520712126464048 73.723407390927 -17.62214130267921 8.525630362052198 -137.29349486745446 -296.1500658997883
2318 71405.20471858978 52032166.192721695 -0.1206709975798983 -16.377413757142005 -11.796867588913486 27.60282457537751 78.21010809176228 -17.478860069566053 9.002368424874078 -137.05658369019852 -294.4932852286395
2319 71435.2679297924 51967720.915959805 -0.1190020317055076 -16.32414138552103 -11.881314308130996 -1.127568623851971 73.64178231082468 -17.63839734982679 8.610423177719781 -137.21149149632015 -295.24709992516756
2320 71465.1564655304 51944617.90670121 -0.16798395782589814 -16.269010575398227 -11.925977267959368 -1.1120725260700368 73.70217573687009 -17.70322168242643 8.477955794817035 -137.29465493684182 -295.56287698637686
2321 71496.04885911942 51969403.57369008 -0.1179775668796399 -16.188177222455337 -11.924929252375911 -1.1243665288807847 73.70377488503901 -17.609721425701935 8.682929589630305 -137.20326948380466 -295.2684794752996
2322 71527.66754412651 53024578.41809441 -19.48028992658613 -50.7851494056826 9.637425829441284 54.830212903036085 161.23005917336573 -24.873077811117355 40.95415307701239 -142.7112354228413 -295.54296611603854
2323 71558.06891942024 55221036.202285215 -10.833295764125786 -35.23550758823293 34.82003580857359 41.69786594050075 141.43178759491695 4.230507755398207 78.25120296338866 -120.72261946681505 -295.6210980647862
2324 71587.90768408775 52002528.709188454 -0.10127868816553054 -16.303649914571263 -11.886956754736708 -1.14400144590185 73.61843195811788 -17.462414248281277 8.926920086761015 -137.0135911934682 -294.9850180251892
2325 71617.98069643974 51909220.78585481 -0.10474882292338883 -16.178398330985203 -11.935201638653105 -1.1154181962702268 73.70767221930183 -17.57116077582606 8.626940439375744 -137.27793386991203 -296.38897080879667
2326 71648.18945407867 54018866.358221985 -7.695880960527404 -29.64231540702918 53.82820513546447 14.636297748817597 76.23895414963813 -13.51647640380861 18.700191230681753 -131.42659890471168 -265.4632487104658
2327 71677.82872867584 51968503.15899963 -0.1223832969142773 -16.14069780600917 -11.961879228265033 -1.1022156621726822 73.76798915545162 -17.598865800732028 8.635399626030505 -137.1786843326858 -295.25475076071643
2328 71707.6228992939 51911771.44150431 -0.23398652727983738 -16.27596823289661 -11.89510652906224 -1.052994229641115 73.79602387184741 -17.69786934154797 8.529691490811388 -137.35024205137103 -296.1789505491216
2329 71739.3996694088 51973003.65928914 -0.08408476623897876 -16.231004353413 -12.002759260256276 -1.199183726467325 73.59926146886694 -17.620478144606295 8.749750067755599 -137.1764534552844 -295.3789423920141
2330 71769.38157820702 51962798.86497611 -0.15279166191527516 -16.27174177693972 -11.961298307497884 -1.1656230239685357 73.64354050919847 -17.565379957892844 8.820662324741761 -137.25612716729728 -295.566923992218
2331 71799.49393391609 52006971.47131107 -0.061519810075111536 -15.95899957257727 -12.035872940107126 -1.1147493650061762 73.81111645644722 -17.374196446352812 8.9476130245979 -136.97588527984271 -294.7679283852848
2332 71830.6204996109 54985875.9495394 -9.396563794058109 -56.321012295581724 34.59153365173328 40.53687026718018 80.28287929987324 -12.317864519077546 24.82085999969729 -129.49584950786647 -254.82911708846166
2333 71860.47513055801 55260596.57458548 -10.722306630962871 -35.09927584159152 34.67596190961683 41.649110881676705 141.40408106524131 4.335484719468752 78.41290564576889 -120.63702978492108 -294.9663814518142
2334 71890.44721198082 51985533.506874844 -0.026729269357700147 -16.115298962196285 -12.026730877956332 -1.1721506144756262 73.64840954458376 -17.553859819944307 8.73260574160713 -137.12911591079467 -295.1635818464132
2335 71920.3250181675 51930050.0564013 -0.17515366307379487 -16.20096814394043 -11.966350109600448 -1.124033707105042 73.72145890026829 -17.67210298134654 8.649780822843297 -137.32931062045935 -295.9891205975383
2336 71951.09924411774 51966098.583679 -0.23768445516865278 -16.29872161685492 -11.895666711840285 -1.0935253906634017 73.73807681348154 -17.501557705396294 8.935702940200372 -137.1206639248527 -295.6212468145625
2337 71981.21225976944 54021342.128370754 -7.697763640612029 -29.84896038358137 54.10085266996401 14.553753301256094 76.03126411452735 -13.722268524077151 18.417544890296313 -131.63633589000693 -265.085658546132
2338 72010.97396850586 54998314.98237088 -9.425535235704434 -56.411971781224636 34.792612540261835 40.58523421197894 80.29266367159181 -12.349655944590438 24.747680633929235 -129.52440412788934 -254.56621336345952
2339 72041.89272379875 51953008.02340719 -0.11919117703181747 -16.094937147436852 -12.05526631227712 -1.145744563697292 73.72896092407782 -17.600740252239802 8.755915216703784 -137.23872140963664 -295.58912992186777
2340 72071.93231129646 52995342.12462371 -19.50121212452987 -50.65714583831592 9.362589569428252 26.030116918614212 115.38712760286154 -25.206233814373604 40.47293487614138 -142.93595521702161 -295.5389005269496
2341 72103.23260736465 51971832.14685209 -0.14148373529907943 -16.05828594988356 -12.039741416881107 -1.1013458771234639 73.79858518691975 -17.53912724479659 8.738805382288433 -137.1314273430628 -295.3172734995367
2342 72135.94179487228 55262391.58744176 -10.756912592531723 -35.163093689053056 34.561853396566356 41.60522558279524 141.34931502443064 4.231283482412607 78.39561603627942 -120.70514053611987 -294.87917031836537
2343 72166.07610177994 56233775.275896765 -30.036642062140597 -69.60995117238167 56.015756515231395 68.79684729601088 183.0302524432557 -3.392730351666387 109.96325561181504 -126.56316554065319 -296.21361010837757
2344 72197.67513656616 51948182.74937822 -0.1083158636013728 -16.133782547648817 -12.059370724194252 -1.1857281270233102 73.67165833223004 -17.719536787580523 8.542904450782089 -137.32292277551466 -295.63791154092405
2345 72229.1818242073 57276888.38929104 -18.33988709570637 -48.60026264414024 100.5834381516677 57.387785559703616 143.8787861611137 8.24932152180952 88.18063387973893 -115.00443298739691 -265.56320897777715
2346 72259.54058456421 53017326.77762197 -34.05334174446468 -76.74284640343774 15.83330395718044 29.15623156315739 120.15662036407677 -38.082300770685265 50.063056963908025 -152.7115709562815 -296.0439521734295
2347 72289.46625685692 51963767.74952767 -0.1188922657090572 -16.309420948317896 -11.907306393101386 -1.163706954873959 73.61278210105868 -17.658575474301188 8.654721531857547 -137.26807592513188 -295.33105496843194
2348 72320.96324896812 51950086.420640565 -0.12423819818568838 -16.27036173250299 -11.946671650311266 -1.1376134465281638 73.6646695805706 -17.666154707559656 8.569514461923404 -137.24855008523633 -295.5689419798539
2349 72350.70963692665 55236878.07901666 -10.839896102734054 -35.25155911707846 34.773810237284586 41.682121935460955 141.41015332875287 4.2430178245363095 78.44643903992312 -120.71494294930369 -295.5376474760958
2350 72380.55410861969 51966028.46094091 -0.16995705698516517 -16.12977801553223 -11.982287693902258 -1.0951577305058606 73.78162292714369 -17.5221678955686 8.853036435948525 -137.15596533720077 -295.5308015692947
2351 72412.37389969826 51992750.85042171 -0.1747374837477782 -16.290273190788355 -11.918861156767349 -1.147732488978093 73.65154633745988 -17.63971830428568 8.677168308164482 -137.20753848081694 -294.91897669047603
2352 72442.3785007 55265032.446484804 -10.825167572839149 -35.20487131081705 34.493726206068864 41.58291676089611 141.33363789479293 4.221366527269481 78.4935335750987 -120.70877570429508 -294.91537337125965
2353 72473.4511730671 51923857.12074369 -0.15773441576929237 -16.17278578219902 -12.00475578693598 -1.1376187211809992 73.72251628913418 -17.652599512277448 8.562880082565925 -137.31890470572353 -296.0040461132908
2354 72503.35180592537 52284572.09423772 -13.230163218029615 -39.67985925041107 -3.113168258265162 20.12909673793216 106.38991683449085 -26.92093061368689 22.093970237463168 -144.20314809358348 -294.78111592152436
2355 72533.61043596268 51949829.749313444 -0.12602662134801612 -16.146115094160482 -12.037033432688446 -1.1716941061670383 73.68417480282613 -17.652524995729152 8.688630716185571 -137.2821547447333 -295.64558346853426
2356 72563.48693537712 51959478.775926426 -0.11648905190577707 -16.26871258064059 -11.937459969846415 -1.1613518515588908 73.62707871739624 -17.59269470961914 8.764824479430729 -137.2335382829354 -295.5364245905523
2357 72593.4220495224 51946073.69694327 -0.009567327968014183 -16.156875926464217 -12.031311894837557 -1.2286049423526748 73.55734142977033 -17.601065035893043 8.687232745786957 -137.25065934623024 -295.86163504107304
2358 72623.43120241165 51989249.21405652 -0.11198108740156876 -16.308091900562015 -11.94922147597697 -1.1940859753799913 73.58492868300117 -17.628100467036745 8.686183778231964 -137.21013319193662 -294.90585664147414
2359 72653.0957930088 51953102.883986115 -0.07209194581577982 -16.246358311531935 -11.96665099774556 -1.2063245039265382 73.55713948282988 -17.687708592375998 8.578851753969218 -137.3112358924419 -295.5550279060667
2360 72682.8829870224 51938914.09063601 -0.04106926923201115 -16.130118103106202 -12.052579443948161 -1.2141068866336298 73.59886547277995 -17.627724863555954 8.637943307982027 -137.32335629501262 -295.79568813437356
2361 72714.3383243084 51932903.05765679 -0.14592847726641622 -16.245048460306194 -11.952304216154438 -1.1672964051685852 73.66108316368538 -17.740156180658573 8.504475154289992 -137.3556407360498 -295.8500954926866
2362 72743.9593102932 55094581.642952286 -26.682820588674588 -63.89344677631613 75.46966769045466 70.48031817809061 163.6102144074876 -21.002416197949742 50.234504231896494 -136.97389639505616 -264.9363685939667
2363 72774.23694968224 51946865.20620826 -0.01985660026392111 -16.259153384131167 -11.94265555801747 -1.196565708060234 73.5614865590637 -17.763127977439297 8.336541590499337 -137.30828605478655 -295.5056224252799
2364 72805.89329576492 51943208.42902217 -0.07251837857335097 -16.192955449712812 -11.97670134468239 -1.1627911787289946 73.64135679817952 -17.600950565598453 8.690719936803362 -137.2391990031074 -295.8560416876693
2365 72837.33727645874 55177325.42242292 -10.711119309899994 -35.29003800643992 34.29705233384098 41.51121623022355 141.15773183283994 3.8055814585291614 77.61538822331863 -121.1312174142522 -295.90890806417457
2366 72868.79580426216 55224046.57109219 -10.82126673851694 -35.26405029564586 34.688510044726165 41.64995529343747 141.37299945741677 4.05685514871368 78.03442072973269 -120.83386220853731 -295.3082457221567
2367 72898.67431640625 55226115.01765251 -10.750265144207583 -35.343222017377954 34.45691918233138 41.56479218603725 141.21054545603937 3.996027945973651 78.00589302376056 -120.87895240895517 -295.1652468835684
2368 72929.79845237732 51956451.87818036 -0.09584600768831919 -16.19594416967379 -11.983617232635495 -1.168741865295118 73.64792354989686 -17.613865820241074 8.744587703092463 -137.22577281398748 -295.5424354160299
2369 72959.54166722298 53004261.96061985 -19.391272935472088 -50.64924609003168 9.431979246918793 26.05013938942922 115.36847786855714 -25.130105040653234 40.41770402485895 -142.84368147808914 -295.53900007106654
2370 72990.3392226696 51958417.840992264 -0.06515835501121359 -16.138334661312747 -12.003192315530782 -1.167342708559076 73.65229761338827 -17.576130784193026 8.653919054911455 -137.21639662098943 -295.4367869358423
2371 73020.34682106972 51970067.3881975 -0.07883789374569616 -16.11806199179335 -11.999555375755385 -1.174230172926812 73.66367640039896 -17.59202842272566 8.70140729993284 -137.15298832265876 -295.32551669758834
2372 73050.37064385414 51951951.3823499 -0.03715974398689248 -16.27463005885806 -11.94958993192774 -1.215012234053404 73.53231149894506 -17.6488730675851 8.695445874025495 -137.27130838055797 -295.7373702368358
2373 73081.034968853 51972578.34252248 -0.039199444602234124 -16.211982187590245 -12.031492758298171 -1.2568916656868083 73.51199026068898 -17.754735788549738 8.516424227978916 -137.32225806087968 -295.03185017103453
2374 73110.7552189827 52246987.92850128 -13.284549045799832 -39.88325730382103 -2.9185808520808507 20.17287968234571 106.36443047488162 -26.898830350452215 22.264179506494884 -144.2157484105689 -295.50295696898974
2375 73140.58099746704 51967016.85210027 -0.020098236416492554 -16.166355612971543 -11.993462942232874 -1.1923249028935032 73.61512109482065 -17.59226046741054 8.780530472331009 -137.2265442886748 -295.5308220244751
2376 73171.5448756218 51995385.83413054 -0.02843868901875979 -16.131230943835995 -12.007976963694006 -1.1739318069876532 73.64077719517606 -17.589113891577995 8.668458026915857 -137.11820406836074 -294.9962859930697
2377 73202.75240039825 51983302.28668675 -14.820668035165154 -42.44321204170632 -5.482253876687075 1.9539111583983981 78.43417352033099 -30.624484917097163 18.29259626854912 -147.11657195909635 -295.6995439184069
2378 73233.00250911713 55232087.3638822 -10.841736870281444 -35.27288835517606 34.44479160480643 41.58636338792158 141.28557998042174 3.9618337899810854 77.96139231536108 -120.86676978475333 -295.0891568874673
2379 73263.17369151115 54944471.20811588 -9.23692049835114 -56.31248701777455 34.4256398935004 40.40213599879722 80.10243180659387 -12.562410047249784 24.400639700364763 -129.75294504176503 -255.2839164339729
2380 73292.88063788414 51969910.77865526 -0.062228440194131096 -16.208384277591875 -11.98314011602016 -1.2155523803028387 73.56970712490562 -17.669262808309668 8.682486960805932 -137.26036520532426 -295.33893530015047
2381 73323.23777008057 51969775.58089893 -0.11626718014367654 -16.306510722202397 -11.952654844742561 -1.181166001281639 73.59162748352826 -17.625869480182985 8.777425035353303 -137.2751955154322 -295.3015193932543
2382 73353.26166176796 51957562.73684792 -0.05838343617792319 -16.160751313754453 -12.028926557016185 -1.2087350156239296 73.59864529718526 -17.634309372859093 8.674989899186244 -137.24111203522392 -295.48228001021755
2383 73383.27214503288 51930887.346346006 -0.09972409147545491 -16.294846255314226 -11.965948092015722 -1.199819541966363 73.56114604383033 -17.75803526962045 8.468209536272923 -137.3755495759866 -295.7980374031198
2384 73414.9809319973 51958184.43720224 -0.23191058818687083 -16.36735037816989 -11.904150588568122 -1.1555260555234526 73.63831960440154 -17.57873602499467 8.914455049115816 -137.2463127841163 -295.71451903738796
2385 73445.37343811989 55203941.50635049 -10.738288291005425 -35.33954222906252 34.32074742518889 41.509315264340316 141.1516309660695 3.9164196595584713 77.95950169878893 -120.98499713365084 -295.65498729648357
2386 73475.17187786102 51953737.88462392 -14.775834011322608 -42.658389911773185 -5.50568117697707 1.8812889876073626 78.28338297789917 -30.987631300123667 17.865972283719543 -147.3628717151051 -295.9360737470139
2387 73505.3955438137 51959428.866395526 -0.026299076842185798 -16.16863432286676 -11.995801237536106 -1.230019218886298 73.556478816995 -17.650357340905543 8.61510585065372 -137.26642497243364 -295.58463235712344
2388 73536.25434875488 54985270.047473095 -9.321433783267315 -56.30324080523279 34.481814376394475 40.47640346360269 80.21592759784136 -12.28829282106858 24.902762970064714 -129.55935790881983 -254.97561078983927
2389 73567.86627411842 54993720.840891026 -9.263448025597 -56.31451080789578 34.53687733982576 40.45845352402819 80.14572814963552 -12.330827170227735 24.740919500998643 -129.50417005494353 -254.64587776006897
2390 73597.65011024475 55217983.560653605 -10.71122695893886 -35.30657800929865 34.25145874052474 41.47939749313437 141.129201803391 3.755265597487039 77.64295402520565 -121.0470703358045 -295.15313445402103
2391 73627.74948644638 51977056.3728636 -0.06203607583195492 -16.22786061064269 -11.984668218844668 -1.2272084592934647 73.52746788047993 -17.729270845841086 8.442527034183115 -137.28328252202056 -294.9423571582399
2392 73659.56912088394 51939223.07804108 -0.07790836033757031 -16.25114649767098 -11.961569120689433 -1.1946068016967928 73.58654897229604 -17.830907221463974 8.280850316123747 -137.39831173904622 -295.49270425916325
2393 73689.67716884613 58208722.69707237 -19.89570753553984 -75.37155218456607 80.93339003226104 83.19911599113685 147.75552084559627 9.090191866369707 93.56945103892394 -113.42241486650181 -254.9172984081863
2394 73720.40123772621 54960636.86282271 -9.268682821843322 -56.32503595981878 34.48458123463477 40.43479968106671 80.13984864426256 -12.524930333707744 24.45747078468503 -129.68926041181595 -254.96213711211868
2395 73751.02341461182 52023678.784582146 -14.791727850435286 -42.45901892908793 -5.470055290787542 1.9541948389648098 78.3992638437326 -30.600886405934205 18.366773041439387 -147.03121251581774 -295.07218471403337
2396 73780.88532614708 55013191.28486046 -9.20389973220587 -56.30049868242074 34.489370158614726 40.40894838185663 80.07767168216853 -12.31188430922765 24.797179969815033 -129.51593469143535 -254.3882751581163
2397 73812.01624321938 51940871.579638325 -0.08475507945698091 -16.30480894181658 -11.95574029157632 -1.2092994015873302 73.52489213201228 -17.78921411195455 8.391912396927466 -137.36729002634712 -295.55636255288937
2398 73842.10978341103 55040567.11265522 -24.037410941397425 -82.55085253367022 41.06284267384416 43.65313877157405 85.04301831215963 -25.198665993121267 34.61107974443905 -139.2562149935422 -254.78951167864855
2399 73872.67030215263 51969461.400883384 -0.06853150807704722 -16.337305042487845 -11.904113504118506 -1.223259112887547 73.50109494746857 -17.712426498433842 8.625290637178693 -137.26857966176505 -295.2969789499341
2400 73902.68053936958 54962823.078095175 -9.282709011365112 -56.25980335755624 34.39932579951502 40.44529375976157 80.1926001699759 -12.478434581048987 24.509713672497128 -129.6338365904685 -255.0862840591588
2401 73932.52872824669 51924772.7179575 -0.08678782189746315 -16.172817866481363 -12.01078320301508 -1.1897942071300065 73.611663589885 -17.801106616532707 8.329987716384494 -137.43052056993434 -295.9411632175211
2402 73962.35970187187 51954923.98696926 -0.03584703638106923 -16.259290928950968 -11.96492005632495 -1.2189904398864542 73.51312306133693 -17.69331572543763 8.56355240768346 -137.26336992447978 -295.6207862349222
2403 73991.91235971451 51934396.824551724 -0.0178711554171489 -16.249152006194706 -11.951855253854212 -1.2264547502742573 73.5224991295612 -17.717709206767836 8.55647028331964 -137.30275800052198 -295.8799865628172
2404 74021.99956893921 51936728.43412478 -0.011543475437690631 -16.233986375192245 -12.036211421005994 -1.2525932510998672 73.49905978968224 -17.717446308200692 8.532438533561958 -137.3278959108016 -295.8695814483086
2405 74052.6444709301 51958928.4576216 -0.07891245410376513 -16.19758682492861 -12.084257318456906 -1.2781806586131381 73.52237011331756 -17.72024413088684 8.668399767195808 -137.2962892416133 -295.49314360582866
2406 74082.3335340023 51954377.14933337 -14.861234133023675 -42.63240313011918 -5.425691856345885 1.960085090897664 78.37834011868108 -30.779371224482986 18.145174128750114 -147.23319175632662 -296.20110369928466
2407 74113.60174870491 51987660.46112643 -0.12654644022042305 -16.299085732094163 -11.999027873361712 -1.2302603332382063 73.54017137438116 -17.66614234661506 8.816368312657517 -137.24407503089003 -295.08880724379844
2408 74143.9616215229 53034041.02112762 -19.15748790421238 -50.40845824726305 9.78320965915379 54.81458674283145 161.2330206993175 -24.725958980466316 40.847011884548806 -142.5494405329979 -295.52658481922174
2409 74173.60836648941 54962157.04442738 -9.285002637202297 -56.45427761850443 34.53227752208197 40.39483148348636 80.02402747824586 -12.578910068320397 24.470538165277162 -129.76990069968963 -255.06204363258044
2410 74203.53163313866 51939978.15763561 -0.013647592612571202 -16.337006587438584 -11.93828561488516 -1.2497596976810854 73.4428525168359 -17.8383348928499 8.27257025989212 -137.4236161351776 -295.5872920519122
2411 74233.39985251427 51961195.79151117 -0.047304211346014924 -16.231799999402774 -11.994000269528577 -1.2107873889254392 73.55027527666579 -17.60943629912299 8.68187214667023 -137.23688378339494 -295.5399272468008
2412 74263.8523387909 55027046.30458216 -9.294015748716568 -56.40074662919579 34.613945780709315 40.45900787885866 80.1194621059269 -12.288530042554896 24.9414335096518 -129.48425039300474 -254.12856060099077
2413 74295.00894904137 54997323.02398798 -9.225496039106917 -56.25253521351532 34.350481386076574 40.40654391915547 80.12676555613281 -12.45063067053593 24.51867171803667 -129.6035848696423 -254.3115014827188
2414 74325.14230394363 53095087.51602141 -18.955569638226308 -50.28765594068577 9.938968555455922 54.84395639641795 161.23508416915956 -24.378160092304825 41.3256671528535 -142.25567341959754 -294.97708300880254
2415 74356.53848528862 51965807.783147745 -0.053308908042158265 -16.29763039186826 -11.965454257426359 -1.2299794115722733 73.502643125173 -17.66201154021479 8.629533916076923 -137.24093618634117 -295.4885482329248
2416 74386.46250510216 55191446.57125493 -10.828625894100247 -35.337811268309466 34.21443699672614 41.49055714438367 141.1658322260422 3.699155718770328 77.61874732305 -121.15928295294503 -295.61938253075596
2417 74416.98018455505 51966893.66080381 -0.026798881672895902 -16.117107269434456 -12.128995409820696 -1.302490886374784 73.50996103146736 -17.77075308251159 8.62636622357445 -137.35501846737617 -295.2987815452507
2418 74447.07213807106 51999020.98751927 -14.865091924355639 -42.92592590117945 -5.468522013421094 1.8583601618058623 78.16979463598142 -30.767445893766535 18.49788812776103 -147.18254655794357 -295.69436065335196
2419 74476.88591599464 52030152.14658986 -0.1495786383005786 -16.33996031990828 -11.912071076190223 -1.1893337689737962 73.56127081322046 -17.57928022199127 8.905893208584189 -137.1025534990739 -294.4161475328223
2420 74506.78421711922 51935187.98333179 -0.15111850077097877 -16.249378821626948 -11.992312689646944 -1.2003144791732296 73.59041878705352 -17.844998281878986 8.372082508246592 -137.4084505597216 -295.7002173809502
2421 74536.70134687424 51938306.03116126 -0.10703150112796322 -16.35519980477391 -11.967347323464601 -1.2313878612902727 73.49110076039118 -17.75036652348274 8.62804361335327 -137.3836878713987 -295.83675728575713
2422 74566.86428689957 51994553.36405696 -0.06927465069868077 -16.360319803116454 -11.930189308215525 -1.2377618504580283 73.46719033581927 -17.66428131840695 8.743007117119873 -137.2298943139723 -294.9443021766898
2423 74597.11579918861 51971985.653528824 -0.12948039462854943 -16.316789681936456 -11.956908979506473 -1.228095481179821 73.5266780535276 -17.70341227745928 8.622757274109802 -137.29615883837113 -295.1185706289133
2424 74628.29614663124 51964879.05669351 -0.16241389687341545 -16.483649145018916 -11.824832761564252 -1.1964145784921385 73.47714337719552 -17.745958912466392 8.596137889536294 -137.30938411921244 -295.27821343362507
2425 74658.10906171799 55181216.30171931 -10.810795070164994 -35.38294127276508 34.29255722771338 41.52673794388018 141.16565929708278 3.6050971615267713 77.26266586029078 -121.16243663491133 -295.50805194055175
2426 74690.22767996788 51959034.23950053 -0.00792864975943175 -16.30853375545187 -12.01062796960543 -1.2802799040838124 73.41643500801105 -17.790480142760998 8.419955352291481 -137.32902233727935 -295.4107682297185
2427 74720.49530100822 53345332.53958325 -32.450791878257064 -74.14837335550948 18.801628993212148 76.18597067593018 193.98296660224275 -33.985673188985515 54.59274940743455 -149.5787642689221 -295.08449585288383
2428 74750.36323952675 51968615.1425208 -0.04433256346476 -16.313898090797146 -11.960489477254796 -1.2471091186956613 73.45875824531618 -17.696567084207743 8.56224865865505 -137.2624850429744 -295.36411921684646
2429 74780.47415757179 51954222.53024046 -0.1236421700578223 -16.424958380801968 -11.927550602578329 -1.2233416111753428 73.47296271752066 -17.734815380732357 8.619936543465485 -137.29328773396486 -295.5161172512222
2430 74811.75474762917 51934824.12339351 -0.06966462731083922 -16.385106121121584 -11.975493464800671 -1.275208302725261 73.41006150101497 -17.824938753292543 8.435718155369614 -137.41477709729497 -295.8011065399496
2431 74841.38428497314 52017669.44069145 -14.861051636409423 -42.87008860637485 -5.453491959051661 1.8723576201358298 78.21249956378507 -30.80009008023029 18.363167668507117 -147.1515698901835 -295.2151458760733
2432 74871.43366622925 51938566.82368137 -0.17997838642791386 -16.37569630855789 -11.96939116498148 -1.239486224637389 73.51232472998905 -17.89730228013434 8.37524729335729 -137.4431208572155 -295.52964769468326
2433 74901.67955875397 51979101.10798462 -0.15138317261468082 -16.292294204507325 -11.974827167095356 -1.1697959315870747 73.60623881013413 -17.578513875911597 8.82016412382768 -137.18420873888817 -295.2934321899137
2434 74932.27682256699 54028879.39260852 -7.548908167041311 -29.778547932721615 54.163830674470184 14.478810884198026 75.86530332318017 -13.741743383409812 18.292870733600807 -131.52704800668727 -265.074305010994
2435 74962.3122844696 52014908.72240677 -14.803543559986934 -42.81398663904554 -5.458613097665378 1.8886213147387991 78.2063786223256 -30.80006334246434 18.143874362653264 -147.12879530042818 -295.1864325954176
2436 74992.16235351562 51996654.13571212 -0.09133424595267492 -16.38597785774364 -11.9308694435382 -1.2399950294165052 73.45211742186507 -17.611085010239037 8.781378028398365 -137.14282212961507 -295.01430025188483
2437 75022.14723658562 51942561.905775025 -0.0659985624549222 -16.50006572108064 -11.899452724695088 -1.2800006063729512 73.35028068110485 -17.820094153044465 8.392487317130701 -137.3999105276124 -295.55458724071775
2438 75051.95563578606 51952428.08079654 -0.04814184381960196 -16.371197489971063 -11.927343880862807 -1.2145280439898158 73.47467978247201 -17.730192727369797 8.412627998502671 -137.2840942211118 -295.411988176361
2439 75081.96386218071 51970236.870962754 -0.10752939120506255 -16.34764249757582 -11.953747959237603 -1.219260119449899 73.4968280828065 -17.631106548078378 8.756298303851679 -137.1979373518201 -295.45874078440954
2440 75112.02765536308 51984532.00252417 -0.09064306335413974 -16.39389569436863 -11.952871252071986 -1.2341432233976235 73.46356360446778 -17.770423075254428 8.490290208103488 -137.25879621071374 -294.89483150538035
2441 75141.96004462242 54042845.87521297 -7.589147978538339 -29.90331999016991 54.23498188696774 14.482928853180411 75.82466542445499 -13.780555216710638 18.347306071225034 -131.50861452779736 -264.82647794853335
2442 75171.95831108093 51949669.196109146 -0.03811627736005718 -16.33240956456051 -11.981773100060941 -1.267189398821202 73.43858792165541 -17.792095090495536 8.38667129917917 -137.35786579560136 -295.5818868970779
2443 75201.70043540001 51926930.817800276 -0.20218400327198793 -16.33655202819456 -11.936047557307838 -1.173564285710981 73.60397980226037 -17.818987785615036 8.410687811987657 -137.4400141737297 -295.87303076532555
2444 75231.95924258232 51971921.56134967 -0.08775023985394625 -16.422013886358048 -11.936050124951002 -1.2531233956049306 73.42520546868238 -17.77652319177406 8.566951838883199 -137.33299166441424 -295.38280936576314
2445 75262.4751124382 51925801.9984969 -0.12793501165461407 -16.50823467113997 -11.858074098563819 -1.2176749140288337 73.4467373246447 -17.83087201665984 8.445805488013036 -137.3691188227134 -295.896169690713
2446 75293.74065351486 52010205.42560893 -14.885635341911854 -42.86170242213761 -5.478122954981544 1.868338544260098 78.19564889926741 -30.875193658800413 18.232950310472347 -147.22944941208635 -295.26180093446726
2447 75323.80081892014 51999425.809654444 -14.822136570715115 -42.707932243602855 -5.442388297257409 1.9231574985689264 78.28810696649919 -30.71796298588316 18.302116935279628 -147.19217796139998 -295.4116197395839
2448 75353.91258978844 51958625.63751121 -0.047325477662704785 -16.392112954628935 -11.905988023534832 -1.2373780860393424 73.44177900813983 -17.781466408125482 8.418986454830986 -137.34037345880677 -295.28582988681575
2449 75383.80447816849 51957244.49744637 -0.04741569507220689 -16.395331385023663 -11.984284689530199 -1.2910397262457707 73.36846848675728 -17.89957525840515 8.28766590890774 -137.4184946261298 -295.3173326194782
2450 75413.76396942139 51978361.92394127 -0.09852469518075324 -16.425023840800815 -11.959846090128039 -1.2670946297505594 73.4152698039895 -17.657273958205167 8.685411337241533 -137.25479660165638 -295.1890833525629
2451 75445.13700652122 54040811.846819095 -7.727107060353168 -29.88758462597813 54.160064148612065 14.509618400906817 75.94716865625044 -13.891289081081936 18.255495247390854 -131.64513380503467 -264.54430843482464
2452 75475.13796329498 53038069.1678634 -18.88950032336907 -50.1799897943958 9.967468752354186 54.839823229173035 161.23635352285277 -24.492679246578746 40.977568737932984 -142.39713334783073 -295.71484294096524
2453 75504.9980738163 51979663.28794851 -0.029947008155133403 -16.362003734655804 -11.971778071707725 -1.2551510040171792 73.43049399660366 -17.669232859969156 8.625311258100737 -137.27475424344146 -295.03381931959893
2454 75534.77021980286 54015285.18070026 -7.640426692794485 -29.84212553859421 54.1982438822465 14.495934678852336 75.8869847648615 -13.95662495378025 17.984770227529793 -131.66101400814085 -264.87854304354437
2455 75564.64883565903 51955294.84297448 -0.07189275781020044 -16.35850630940367 -11.96919676338073 -1.2468282786453102 73.44691933087681 -17.78272312969034 8.474311307243738 -137.3405908708903 -295.46359828122377
2456 75595.86188340187 51965053.78747412 -0.09134170308761469 -16.380110243250122 -11.998628242488245 -1.2517832610095496 73.44482851234763 -17.77534509768168 8.555460783381648 -137.3560065076898 -295.34949383195226
2457 75626.03453397751 55201451.49221813 -10.799854630722418 -35.35291248335327 34.34321731826625 41.54804318811148 141.19414513596493 3.8636925854652873 77.79549403704402 -121.00520720459315 -295.5455637908216
2458 75656.11074090004 54014920.40461115 -7.574446008860505 -29.67466333565977 54.01834836999316 14.520327929306674 76.00352699552718 -13.721820610796101 18.34025149521142 -131.54875384578776 -265.34134525445336
2459 75686.245221138 51941480.038773514 -0.15145397996490217 -16.495775403151377 -11.892061078498998 -1.240438759510596 73.41929290219582 -17.82078505749854 8.446201843990309 -137.3823334376583 -295.6436953930471
2460 75716.51922821999 51943383.059982486 -0.06021817518393391 -16.47241542487216 -11.91574381451494 -1.2710585237861238 73.374478262395 -17.86772251770219 8.28817760338029 -137.4489000604093 -295.5320386666778
2461 75746.6031472683 54040518.67170201 -7.596098105643268 -29.864502392282965 54.18742963657806 14.489096255881165 75.86351293244172 -13.699659310364837 18.469541132761606 -131.48562925159456 -264.96808236605784
2462 75777.61989665031 51927322.39304298 -0.11524232532192968 -16.4176289151842 -11.929245295462096 -1.2291411100709126 73.46575554018938 -17.921556113083568 8.228219141841237 -137.46265022653182 -295.7310485079198
2463 75807.30081319809 53030071.05396305 -18.9770236142064 -50.25990619412358 9.898692409319189 54.832503268692875 161.23453715757267 -24.58793004760321 40.97941324533656 -142.47988334973462 -295.68319171438014
2464 75837.35010910034 51940979.43947593 -0.017631125833215577 -16.35025035858185 -12.02987782733296 -1.3269154051525618 73.33922068205494 -17.810791190746727 8.40839319140315 -137.39732071185205 -295.6136213976411
2465 75869.40642237663 51956381.72207941 -0.16388871744316091 -16.53999045985142 -11.872179099502311 -1.2426228709623075 73.39620406213734 -17.781319293776733 8.5701821185869 -137.39486359112777 -295.5055582674438
2466 75900.09270763397 56250177.29058455 -29.86616019385076 -69.59924534870152 55.94073520165717 97.5454774135236 228.78540981408923 -3.2321345577163356 110.00914463103697 -126.47328462076513 -295.96716636517954
2467 75929.87868738174 53052626.661009416 -19.089032470783593 -50.394178819145516 9.970534313784349 54.8696165153014 161.24791852103453 -24.541240236623196 41.12614870697996 -142.40747129908027 -295.47765702298824
2468 75960.03468298912 51954991.48180418 -0.07306879474164418 -16.474043128798147 -11.882818902023445 -1.24818949433147 73.38860449989456 -17.747790573204895 8.48182614454413 -137.36511773481084 -295.43059473092507
2469 75989.92459011078 51958100.695602104 -0.09439220763064426 -16.47683044568967 -11.949564569182897 -1.2911504101379734 73.3540888061695 -17.90923909280042 8.207965009115924 -137.4581944995805 -295.1921458255122
2470 76020.4483025074 51941797.83806371 -0.06340138192073752 -16.425292469461606 -11.94712303427523 -1.2645963575211994 73.40083716820635 -17.86406382761237 8.27077283823462 -137.4160970398366 -295.48049178499775
2471 76050.49189424515 51949414.6165348 -0.27682853104020033 -16.513698468353024 -11.887295223190193 -1.1706958587330405 73.54976003342162 -17.783774591511417 8.644752617626182 -137.3474872536579 -295.5243651177275
2472 76080.89732813835 51931031.04025739 -0.05845091335908492 -16.399072841540494 -11.970329915510384 -1.2743877985274565 73.40319798650759 -17.92491830255284 8.202572012624785 -137.43782708499202 -295.6891438057448
2473 76111.15408062935 51957367.42423848 -0.009763024111425267 -16.42686559034147 -11.940283078930655 -1.3005188488108104 73.32201826798105 -17.785030701764697 8.309585055621085 -137.33025245113294 -295.21727002498375
2474 76140.98231220245 51887382.5496316 -0.09662967540949907 -16.428700611814673 -11.930706044340859 -1.220330598751218 73.45987762023418 -18.042692763518914 7.93597379260558 -137.59242743285256 -296.21294350795756
2475 76171.73159885406 51939218.548363835 -0.026319239426698005 -16.4117728547075 -11.963091567583582 -1.3002013175911031 73.34947657221929 -17.762117033532718 8.445382318574389 -137.3745692575293 -295.71426528147185
2476 76201.71687221527 51937924.0650317 -0.08748004204181825 -16.44320726467022 -11.989941190928846 -1.3016370678920737 73.36517102237679 -17.8922056213529 8.26430056314507 -137.4861862685654 -295.675842107725
2477 76232.231508255 51964689.875825755 -0.09224922306069061 -16.354861059692603 -12.024638898651993 -1.2923618032736215 73.41536423764853 -17.740661821386766 8.635569673297198 -137.32204621132985 -295.4413581193577
2478 76262.38381242752 51956092.118987635 -0.2158744042326255 -16.479130915524365 -11.915191058418287 -1.227030947840646 73.47557700619527 -17.75729981989923 8.614569952128932 -137.3288797879331 -295.5739390930124
2479 76292.18551039696 51954685.043351635 -0.10156592553963151 -16.471511996921578 -11.955940717289344 -1.2763492243888237 73.37851123064272 -17.848696935593978 8.36558347185354 -137.34404055406014 -295.37471525665376
2480 76322.1392416954 51933117.80426886 -0.032730686240217466 -16.408327653367046 -11.95991078105017 -1.2653498217343042 73.39612015488878 -17.879323418216302 8.224936030486958 -137.38012193449953 -295.7534598024493
2481 76351.96833920479 51937510.86305297 -0.1379055694727036 -16.58089667722446 -11.898548738679679 -1.2878956467857279 73.32868261834655 -17.916911598644617 8.3359423891809 -137.45945473708673 -295.5477622600315
2482 76383.59133672714 51971867.12823512 -0.11526502378214687 -16.456583253040286 -11.94403784874163 -1.2702642491605616 73.39828172507393 -17.78583627302453 8.537397863366266 -137.37505905723918 -295.1394671872806
2483 76413.72071814537 55168956.76903263 -10.846943330918148 -35.88564842694815 33.957295794440874 70.12799027742594 145.40643965828622 3.2219932610964293 76.86271321116908 -121.44965835801833 -295.2408465385593
2484 76443.57019209862 51947922.75400711 -0.05006499252435859 -16.54224467274965 -11.943802329765262 -1.320284728495423 73.26732742797802 -17.925451679440016 8.22291700953815 -137.42171734330827 -295.4059447796833
2485 76473.42655229568 51951698.04866539 -0.07671675803582545 -16.426204875522895 -11.95621689124168 -1.2848922731724457 73.37163046151304 -17.83402287345382 8.352226744047073 -137.406512545996 -295.39906859506556
2486 76504.05326485634 51952296.58276425 -0.12887692337511325 -16.463191980573324 -11.976558581568483 -1.2977396848819467 73.37039003741816 -17.88092903599886 8.363613289486636 -137.37002727281788 -295.4949186012695
2487 76534.20009756088 51927056.28053337 -0.04579989334042267 -16.36814329405987 -11.996045302406706 -1.2945827118299746 73.38501046002857 -17.903640281723824 8.241870602044855 -137.4389748214963 -295.8180161278319
2488 76564.54962515831 51955378.91679143 -0.09096399752070639 -16.524134350436608 -11.894300668302982 -1.3067119703616186 73.30331024905752 -17.902985166768246 8.324147447930443 -137.39841888755092 -295.23309032516374
2489 76594.4316933155 51952376.76875651 -0.0666074497428859 -16.531697275753828 -11.88374564482249 -1.2791662117919458 73.32680617245134 -17.878547823745578 8.262311901802775 -137.45280846030687 -295.277776737843
2490 76624.75656604767 51917577.92977207 -0.13797760850447816 -16.56857196048375 -11.890130993696218 -1.2778446024877042 73.34520820954346 -17.971478079540304 8.1760036966337 -137.51431066609405 -295.9423811269914
2491 76654.54602003098 54963103.314166 -9.1290744578023 -56.38324535302498 34.629626949441885 40.37318333807325 79.93372845098887 -12.394014492124313 24.669178337778817 -129.62061802830704 -255.34842200874365
2492 76684.87712597847 51965177.79570601 -0.030109220358582434 -16.61350251549448 -11.853106806171368 27.38931889973837 77.81675834750155 -17.773526457738342 8.509523120834785 -137.3144962489087 -295.3239224647239
2493 76714.8612549305 51926485.04112378 -0.055071006935758504 -16.42733052894596 -11.977200469118344 -1.3088248838517416 73.3412529659468 -17.918968092014723 8.196116391348767 -137.44338082569914 -295.7203175059517
2494 76745.05579090118 51968461.570244424 -0.03738316430014876 -16.37662897886399 -12.014374990698471 -1.3152523772541826 73.35430420792623 -17.79396715616258 8.423128914533265 -137.30975454995792 -295.2719054136388
2495 76774.91343593597 51932829.43825464 -0.05321522017787572 -16.530529263236506 -11.910432800661567 -1.3007069096902342 73.28773874190101 -17.86203406797972 8.302303499684967 -137.46731341882332 -295.72214212397296
2496 76804.94714522362 51892835.90265763 -0.20744426023967577 -16.496630090741785 -11.906778362783633 -1.1951918143896876 73.50060627465034 -17.880088131081152 8.279934936325446 -137.52110469422428 -296.2821144318026
2497 76834.9613289833 51945594.079601176 -0.003063695790700649 -16.41949847784729 -11.992167400668599 -1.3251986334616532 73.31251091161106 -17.837152430895742 8.284695817986119 -137.40703846535615 -295.4480128414003
2498 76865.26202058792 51944003.07202642 -0.13574455092719617 -16.49890445939578 -11.895647431194831 -1.2641521470591641 73.37500309430226 -17.880148092759043 8.276568569368237 -137.3228139642108 -295.6147439029369
2499 76895.19416999817 51983941.59881509 -14.89641407474728 -43.18523753396244 -5.519307763841354 1.7581168747139913 77.97865170074901 -31.21911839433585 17.819738590991733 -147.44991613874532 -295.3696368351631
2500 76925.27936577797 51979534.89044104 -0.0658711244205108 -16.52887404317016 -11.920483427492542 -1.3076743699639763 73.295063978461 -17.895094717536892 8.327204441848664 -137.3947635079092 -294.85534691654686
2501 76955.65432929993 51926398.83835901 -0.0837358207764396 -16.518140871408146 -11.947162560067497 -1.3026631020304222 73.31676184572495 -18.011832307940722 8.073444620472173 -137.49599798107909 -295.6325817095982
2502 76985.11632108688 54028722.11991732 -7.46005385712262 -29.892310264017446 54.22572833068726 14.394756798815877 75.67966199929151 -13.784876544402266 18.307194144324512 -131.52850706448334 -265.1465845499748
2503 77014.94334888458 51943506.97294257 -0.029602909844197 -16.4727846609633 -11.952282591259042 -1.3113691101535636 73.30373276425576 -17.8570040295113 8.303497982598913 -137.4275828909456 -295.5202318451568
2504 77044.93071746826 51938939.02278698 -0.09908136154797731 -16.54359705016613 -11.885141573790612 -1.2642848269401696 73.35295279848833 -17.868693168527273 8.320958502966334 -137.42372377423715 -295.7132636070576
2505 77074.74405765533 51939817.4320194 -0.11801760458958199 -16.66300303264552 -11.844282711802919 27.431768442984307 77.85643219621072 -17.96035149890531 8.122050614383909 -137.49837060836796 -295.3432876900942
2506 77104.64289569855 51939465.71935122 -0.052319697075695615 -16.465111806883428 -11.929115889361945 -1.281492873941943 73.36703363737156 -17.74700272410007 8.526779361825163 -137.36736317829462 -295.91903975134653
2507 77134.27486181259 51936948.08127747 -0.0805297168202479 -16.537363222268027 -11.965016197259594 -1.3237793516729823 73.28363163196391 -17.977964204124476 8.15053012637793 -137.50148593261207 -295.4547475439441
2508 77163.98898601532 51925467.89249307 -0.0410126034132432 -16.492180647494568 -11.925580737008453 -1.2935467830791367 73.31496554781235 -17.8526963014736 8.294616950569662 -137.47578245320062 -295.8728351607076
2509 77193.91158080101 51925764.18884258 -0.09013445177616575 -16.480542491242197 -11.95486058989892 -1.277991989647532 73.37161685591542 -17.885742802339507 8.310363524556692 -137.46227554432267 -295.94338212612683
2510 77223.94702649117 51930149.23859491 -0.01709065616975991 -16.483511926585482 -11.970646476183894 -1.3124731029622296 73.28904534522646 -17.88223661132406 8.211049757451121 -137.4297642448742 -295.6685012900057
2511 77253.98763346672 51914861.66203269 -0.03872417480227597 -16.43831799669598 -12.042187691035558 -1.3760898666797345 73.25684144602471 -17.995710219603325 8.203812748128996 -137.5802747356932 -295.8831083147152
2512 77284.27145385742 51942542.1219534 -0.009570750417317697 -16.44605080317842 -11.98824947110029 -1.3355914524232446 73.28739639791324 -17.874146267206697 8.326786388729715 -137.41433126458128 -295.55987051081013
2513 77314.09567046165 51942244.08622011 -0.06600876576599646 -16.524650398075654 -11.973541472876427 -1.3341612579759214 73.26681210192194 -17.930056113619912 8.26044711892689 -137.48416008174803 -295.48042569218205
2514 77343.98809027672 51950427.680493444 -0.06330717895523463 -16.399656587175137 -12.054314167799497 -1.3506539608585086 73.3136910041877 -17.937292512458555 8.315103490964589 -137.42146837998718 -295.4561083186087
2515 77375.17333650589 51935691.856854744 -0.12108231521246893 -16.51075549681215 -12.00342207037938 -1.3287153216789136 73.31354642037932 -17.940679129948023 8.37869445056117 -137.49321502787876 -295.7304139974427
2516 77405.1218764782 53052441.27601149 -18.868360059388035 -50.19924786253687 10.114456751174885 54.87596699419697 161.24111669184063 -24.34115838676587 41.2444038243591 -142.29960740169446 -295.6431936354311
2517 77434.77949595451 51947274.00419638 -0.07323115296563287 -16.479352888238694 -11.937913696828105 -1.2900489179690169 73.34288900755857 -17.89472830297666 8.281762064993188 -137.42888567795723 -295.3983496827834
2518 77464.97171211243 51979274.1895002 -0.0017706260494989579 -16.503825290276506 -11.977601991344152 -1.365548000887486 73.2120383877388 -17.79554328315845 8.4467746788942 -137.29764664852104 -294.897250536572
2519 77495.28274798393 51966457.309610695 -0.07292440721730031 -16.56399936062575 -11.950069301625696 -1.3377757688706708 73.24137938011225 -17.966108567993444 8.25545479135485 -137.44051647905235 -295.0707479623901
2520 77526.53916478157 51986580.22790464 -0.0037514699188463396 -16.547338453802233 -11.993343556395835 -1.393923242803666 73.16702853850569 -17.88316630519398 8.407212096676119 -137.3595454351871 -294.8224035180957
2521 77557.79370856285 53096207.56804868 -18.867588807929092 -50.05447725643931 9.951908394804384 54.80392210831259 161.22586269061242 -24.240268329561502 41.407466287321654 -142.1694461766744 -295.0707928928165
2522 77587.65185761452 53061034.497361094 -18.97738146606836 -50.21814183181703 9.990765811850665 54.842236950469626 161.23996493989875 -24.42117786872086 41.148023019595485 -142.34323879048424 -295.39586596655994
2523 77617.71286702156 51935448.53339778 -0.2010682831856343 -16.563410177440495 -11.993997864227026 -1.3172489365655622 73.33202746255829 -18.013580194819895 8.208216168608715 -137.47586734304969 -295.4677777138147
2524 77647.80929851532 51898993.1074439 -0.08641378753880602 -16.566707942327188 -11.998784307050443 -1.3681445600185924 73.21719728685622 -18.164018002351668 7.901213501540099 -137.60820987218483 -295.93165937722756
2525 77678.10582017899 51955169.79550478 -0.026934718344559627 -16.549477194540277 -11.956609620735385 -1.3618770500323336 73.21803564800872 -17.865530952988024 8.502297821597097 -137.42292341445875 -295.5076383108469
2526 77707.92719721794 51944546.30777536 -0.071681849421811 -16.576306872450445 -11.989560599425467 -1.3822295766138666 73.19050837066042 -18.015934334051508 8.120189640402259 -137.49510116533924 -295.30186853570956
2527 77738.0240008831 51948222.138460085 -0.08320445181988845 -16.57851478659799 -11.9787051789571 -1.3508657776110624 73.23617582560273 -17.973424040530347 8.225307650183765 -137.4771080482284 -295.40290991353885
2528 77768.14804959297 51945955.52525893 -0.04635691674705811 -16.282576443000366 -12.116586452448587 -1.3524656020712484 73.36382287712648 -17.832975370425913 8.475123938259685 -137.41009500499882 -295.59898253285394
2529 77800.17344331741 51954764.26690902 -0.044570653192746335 -16.493690741960688 -12.019496659833031 -1.3696161561085347 73.24718084591898 -17.919311190962617 8.331787455518054 -137.47078514340018 -295.2208729747969
2530 77830.11169290543 55137158.87860452 -10.800499584238452 -35.8811624611081 33.370880678771584 41.23282758052578 140.6077462150547 2.772018923772862 76.18572568501463 -121.79858196140356 -295.3179305488833
2531 77860.02642846107 51923580.07504765 -0.10549792856250662 -16.60801218528389 -11.923346063570193 -1.3149914141374666 73.27560051202767 -17.95887627605589 8.274140057804914 -137.53699807430797 -295.8080298307799
2532 77890.1084394455 51938197.08654611 -0.12480064935532198 -16.630728854653235 -11.952463373690442 -1.3615433980193643 73.20286053112638 -18.011691775444604 8.282272431817546 -137.54144414411087 -295.58110375551314
2533 77920.32157921791 51923856.10741838 -0.05956127254545507 -16.583651043427025 -11.892662932027989 -1.3207583067726745 73.25454310957382 -17.952117400202724 8.278398743673222 -137.558085934055 -295.8193224595965
2534 77950.89017033577 51973330.966460325 -0.08993031401795548 -16.63588244793832 -11.909178015138131 -1.3351306825179705 73.22018961134505 -17.927575799647173 8.32459039028015 -137.39043445478126 -294.9652103038085
2535 77980.63737988472 51946484.02581107 -0.056276214506922884 -16.50881820954183 -11.994137232999371 -1.3565251389531312 73.23430429775641 -17.973347158393892 8.18721319062513 -137.47449996933312 -295.4077235171669
2536 78010.72436785698 51944874.6138719 -0.11227265162249012 -16.555056496821088 -11.92887379641644 -1.31602736859341 73.30429825073318 -17.84854753229638 8.53522295859375 -137.43981767207782 -295.6331530673242
2537 78042.45817804337 51941296.83041792 -0.000709499104818434 -16.503536305746703 -11.997358184877285 -1.416201505254861 73.16470382409304 -17.978404576317303 8.238119390661552 -137.53291050269144 -295.5229306219583
2538 78072.46231770515 55144778.757506125 -10.985928630391289 -36.005163034671405 33.6940840895179 41.35578645691305 140.74677056510694 3.0091833213839436 76.58765583274487 -121.70924229500645 -295.34121429844015
2539 78102.8814868927 51954435.8511323 -0.10800904351950891 -16.70357913253371 -11.9057316249501 -1.3578276086292078 73.16008048345851 -17.96200885203433 8.289925381762828 -137.47039109954312 -295.33672942509804
2540 78133.3725926876 51940879.75678704 -0.1291510690399349 -16.48298302733316 -12.009380825272906 -1.3398115837227067 73.30270710624423 -17.903434097962645 8.45439059734855 -137.4490371698971 -295.79143447769457
2541 78163.5055243969 51961901.28220977 -0.11876553523161348 -16.612316740902184 -11.93425469566094 -1.3700277741232298 73.21744609423067 -17.918972516568488 8.452614144778806 -137.4287326995094 -295.28430090426184
2542 78193.74398708344 51919422.163818635 -0.0453224280344493 -16.707823530396976 -11.882085502442436 -1.392729274771341 73.09564682173887 -18.05200211213929 8.086003886049241 -137.57482942110363 -295.80400190649414
2543 78223.88311076164 51967865.70842781 -0.12352439649963998 -16.584107783865885 -11.982550515403915 -1.3665525797812705 73.23079493959625 -17.934812223349297 8.399006587669703 -137.469213167649 -295.09123872701076
2544 78253.96859574318 51934621.92705323 -0.07689019497998828 -16.609435011983873 -11.945536201542225 -1.3828641352858 73.17952975948322 -18.081788245113728 8.09178279697818 -137.53948000282475 -295.4599369843206
2545 78284.00640630722 51963061.44992518 -0.17250947266431993 -16.712308690225335 -11.915686525655083 -1.350183978223626 73.20252101902736 -17.994212365350222 8.314780682690525 -137.47806571663216 -295.0822015309887
2546 78314.78709936142 51943624.49644239 -0.09556367908718855 -16.563810547886966 -11.971146534410352 -1.3530711020435433 73.24787848144487 -17.879772862229117 8.452862137529507 -137.44601075521888 -295.5250977027327
2547 78344.63248229027 55001227.02967936 -9.266512963941434 -56.699832798214636 34.74999773473887 40.310962123481715 79.75591101755877 -12.462016326873936 24.71690823265203 -129.64052323886204 -254.6374030853603
2548 78376.77257347107 51952170.59259091 -0.21021431728168594 -16.764092531744893 -11.849760392333593 -1.3221608587420377 73.21379990365337 -18.035833585844387 8.29744426826835 -137.55066454064126 -295.24689531444517
2549 78406.68436050415 53346554.50397699 -32.08683541819 -73.737342118026 19.27423067273208 76.31524080295713 194.12800909042016 -33.51384695364942 54.73821352470122 -149.17443049907308 -295.54986033184673
2550 78436.82387113571 51973374.72853978 -0.04166179872840203 -16.682763032384962 -11.886480058291816 27.34575143480272 77.73263850301372 -17.85575101395284 8.464667056120959 -137.37496060507095 -295.1377519815727
2551 78466.6769888401 51956308.46248659 -0.045692206091480614 -16.60065873177198 -11.992314613247238 -1.4154972349342785 73.13761204371019 -17.906934225536247 8.439138169051148 -137.44723038341505 -295.42995108745345
2552 78497.50607800484 51925606.36728087 -0.12169380981213251 -16.729381063966986 -11.880560377288624 -1.3940924105332186 73.11481439026316 -18.152154486963127 7.958195296282042 -137.60666571088217 -295.46891548399526
2553 78527.08945679665 54045578.64741685 -7.5299748352771125 -30.109245440839793 54.43511102436419 14.360466212953753 75.54442581035985 -13.926452971783476 18.23249442432075 -131.57492002017767 -264.69044643518873
2554 78557.21036505699 51972802.637243 -0.0678114918219812 -16.62101643197952 -11.906664336733662 -1.3492431904084299 73.20469803596096 -17.881930808924892 8.451319408281734 -137.40720188064967 -295.0784136321702
2555 78587.11705040932 51946870.33691451 -0.1856895425750409 -16.638788273995974 -11.911135961278582 -1.3146719187962361 73.28167371168104 -17.995642751457524 8.226479516014194 -137.49641989546814 -295.3236890536324
2556 78618.31951999664 51927236.142254435 -0.07906874728527313 -16.672627686181897 -11.92315712557864 -1.3852228144637166 73.14398749918853 -18.0023724593334 8.236178542071286 -137.55358929814298 -295.7755418752021
2557 78649.4958679676 55110574.29085591 -10.910362682159679 -36.007745340403964 33.30175061635542 41.219433828665046 140.56427631315438 2.5153529265249404 75.8238531629355 -122.00510468959607 -295.3553545441332
2558 78679.38182377815 55121846.58905471 -10.928684235879754 -35.992802002029535 33.606463643643295 41.31873176219695 140.67833896028694 2.8212123406304954 76.29127553420153 -121.80845172606769 -295.52622417126224
2559 78709.4130756855 51932311.10707154 -0.04775625135312822 -16.77887061713237 -11.83366854510269 -1.416339738566208 73.03527413689388 -17.989995002472597 8.214384687908648 -137.50329283423946 -295.7605660912344
2560 78741.40647673607 51925673.242478386 -0.08109858642875523 -16.60120994830025 -12.006320867352379 -1.4268261458022238 73.12905024935033 -18.162558017123388 7.991997297572993 -137.6209876640463 -295.56253607498286
2561 78772.56355571747 55091502.3866542 -11.008142200137243 -36.10237122768625 33.442352195832356 41.27557085978479 140.62592536314716 2.594241502341447 75.98307983970642 -121.98269635670664 -295.81916248289843
2562 78802.55094432831 53068959.84171793 -18.768759718817034 -50.03767092542785 10.566218337893638 54.9672982260754 161.3379953839749 -24.032155062376773 41.59111347467149 -142.11440349782885 -295.7857745942799
2563 78832.22026181221 51912788.082910806 -0.07708207538556522 -16.679395812048067 -11.958670698615968 -1.4160698920126293 73.10368041475927 -18.1083244429891 8.08091236897252 -137.66430035984877 -295.8454644357604
2564 78862.01734614372 51903438.22947891 -0.12633432433698744 -16.769111503370507 -11.84486238116024 -1.3791210474012843 73.1183318755946 -18.062382590625532 8.182385955317216 -137.61843442485497 -296.20395961112456
2565 78892.32084417343 51939574.90352013 -0.04088551646238159 -16.618330006500827 -11.945315369193402 -1.382328413489347 73.15638302090025 -17.81907836564062 8.502664825606985 -137.41226406488556 -295.85456997923603
2566 78922.64473700523 51926530.84650597 -0.1842069582191037 -16.772990881047786 -11.890955201976986 -1.3768480596616541 73.13408435815667 -18.197085849507914 7.969528229745833 -137.648975211603 -295.41963463164313
2567 78953.96203160286 51959399.265310794 -0.08549747545782793 -16.820466340599783 -11.830983844922692 27.291633531296 77.59944567466218 -18.04289783007914 8.183838988816944 -137.4833465515797 -295.1342088836594
2568 78985.49447655678 55100214.29187538 -10.889385925080674 -35.96476377423109 33.30533464404685 41.208678036431806 140.57720151172782 2.604517081622589 76.04358856347585 -122.0194815884364 -295.7030903184784
2569 79015.7435657978 55131082.06899397 -10.916215915853407 -36.066814107535876 33.344955610370334 41.22684459782752 140.55068896357207 2.5552104342672237 75.89920518274198 -121.95214182764227 -294.91986568628465
2570 79046.30791664124 51942979.54182497 -0.11360580701019884 -16.834959370084775 -11.883155566453162 27.289268598029864 77.60499997794724 -18.00881651044358 8.321314729812343 -137.5011042794373 -295.5102374974334
2571 79076.09169077873 51945500.778441876 -0.04630667564107682 -16.78402620923741 -11.845371813314792 27.295458394482424 77.61443579510642 -18.03142978216914 8.253353017432232 -137.5317023800808 -295.4021749748694
2572 79106.98779964447 51952244.972110964 -0.09495770750219634 -16.5984951956806 -11.999931938252118 -1.414331018276414 73.14854509837048 -18.11874693152049 8.10247255618907 -137.56614031454876 -295.1453196290149
2573 79137.24983024597 53113000.27574467 -18.73400860269741 -50.00007430256423 10.434488853491715 54.93305141744656 161.32085535171893 -23.89377993585822 41.88296336096619 -141.90263454583476 -295.2857706624008
2574 79168.93303346634 51919573.5332893 -0.024001644661254318 -16.80298200056965 -11.826625843636847 27.29941750581466 77.60071739512729 -18.122748659187266 8.014942926701792 -137.61914102243037 -295.84079594788807
2575 79199.93626379967 55115007.13869917 -11.009487289729808 -36.100633876017056 33.24181504013375 41.20595468525977 140.55968377656424 2.4172233228387086 75.86029053208392 -122.11989987642477 -295.19481534303065
2576 79230.0010035038 53060541.46990279 -18.762454091602663 -49.996596440005 10.40408981518437 54.917432668306915 161.3116995708366 -24.11866264275818 41.494316048522705 -142.1447459780785 -295.87937202499705
2577 79260.66718482971 51989250.25837529 -0.02316469387012532 -16.56071688218147 -11.99703798935829 -1.4358872487606789 73.10568104714302 -17.821061579030584 8.591664055818683 -137.3432583600548 -294.99613090536053
2578 79291.53014707565 51943510.91763688 -0.062096879679387484 -16.695782265583244 -11.87896917440721 -1.4018099853168877 73.11056688794308 -17.919313814137297 8.414827938209498 -137.43794346502114 -295.7578308402758
2579 79322.96546578407 53127217.44683634 -18.730120847312804 -50.102980678549756 10.456643673074737 83.67014410221549 165.886705305377 -23.885430829910547 41.79218171268951 -141.88894714864654 -295.00377642276703
2580 79353.22611904144 55080810.83880615 -11.026028008646495 -36.26515769218798 33.02746357132153 41.15474215911625 140.41560400259863 2.2216355835460035 75.4316413763338 -122.25139760834475 -295.5130872468818
2581 79383.01109099388 54022721.739832625 -7.667843504967969 -30.188391263906396 54.483836405192896 14.364904925762247 75.54938483603897 -13.905572641712126 18.434961013662246 -131.71835658071615 -265.2760025043253
2582 79413.04055786133 51968521.602295786 -0.030007497910276015 -16.64334094573313 -11.922060376440072 -1.3961878926497917 73.11999236801273 -17.950971881971896 8.363567347611195 -137.42962275585722 -295.1863508713077
2583 79443.5196158886 51940429.592540756 -0.09647338906927061 -16.751685381659136 -11.846402476008379 27.33937683807936 77.70292409801773 -17.942707784979405 8.368478880714349 -137.46136467996638 -295.6836965750686
2584 79473.5143172741 54986093.09025624 -9.214605400573777 -56.68170155008665 34.64254497861869 40.24040219432625 79.68290314527614 -12.614091484341316 24.527967748945684 -129.76260832073768 -254.69892567512676
2585 79504.6590282917 51988754.77029887 -0.1754422418223207 -16.740190489605396 -11.82733565833066 -1.3562501393390534 73.17280888721629 -18.005148753045944 8.35562005898322 -137.4657604110589 -294.6086526950839
2586 79535.74244737625 53119929.82545115 -18.512689942170173 -49.949745879422714 10.648682367249847 83.69818386415243 165.879198031689 -23.615243029208216 42.02441431660657 -141.7608271186051 -295.5195939813791
2587 79565.76922631264 53107001.29897277 -18.601869439023346 -49.96293899636643 10.642005085261665 54.983666775928526 161.3188978970253 -23.596049616429696 42.16073063562965 -141.77342169242036 -295.8135471675326
2588 79596.19298815727 51946061.47255652 -0.011481730288839032 -16.56619760764942 -11.998430192588941 -1.4402020930876205 73.10776462626187 -18.028042999539707 8.152014847001055 -137.50483983204867 -295.36538066085285
2589 79626.91672897339 55003121.237737246 -9.164096985400768 -56.678549486743734 34.65473314955125 40.23209139634069 79.64278166881505 -12.651724073797027 24.358188628983157 -129.76285561679828 -254.25254857070553
2590 79657.36540699005 51920135.18186697 -0.10200916009499394 -16.565291929742095 -11.943983666398225 -1.3836879669937758 73.20290279779675 -18.084446930892398 8.0850302678474 -137.6333038500934 -295.69467823182384
2591 79687.8160700798 51944550.05583736 -0.04957192965443369 -16.682288873948877 -11.90237598189973 -1.4239016888436566 73.07664419338954 -17.906140465158046 8.42001850859009 -137.44077219546386 -295.66401015850374
2592 79717.6989979744 51909685.298365034 -0.01773637828045338 -16.545716657483588 -11.96181537482726 -1.4114623621425437 73.14917993363613 -18.05127087214578 8.08423860090113 -137.56100987865318 -295.99046761601056
2593 79747.72306060791 51948752.857746914 -0.0006848749785604014 -16.52632768823802 -11.996026642426862 -1.4254896607469192 73.13427115216923 -17.80750600696905 8.513512256084084 -137.4102950476452 -295.6844936872031
2594 79777.78836083412 51937908.21843675 -0.0472891670204767 -16.577493074922057 -11.955945537374383 -1.4277606122820856 73.11926426436199 -18.03621175045447 8.218613285298659 -137.5246603791926 -295.63310793213594
2595 79807.85102534294 51960889.701207586 -0.1294532170438707 -16.734577339091295 -11.911827522249226 -1.4132707843905763 73.10292578726221 -17.981243792564044 8.394176515422316 -137.51652219781027 -295.3433463931616
2596 79837.92264819145 51931012.764254175 -0.06570521331911294 -16.54885699029837 -11.962827294161663 -1.3888280419588455 73.17823627667211 -18.051868370938223 8.097017990537552 -137.55902669090347 -295.559962649078
2597 79868.0399222374 54046984.44955831 -7.63395461908987 -30.061285119546305 54.3978735847575 14.360974583787495 75.61655924340675 -13.776793166960147 18.646058121848455 -131.60355656020835 -265.07393764900974
2598 79898.61205220222 51965281.71512564 -0.15843700373419978 -16.676319651715115 -11.890767430919034 -1.3698345432545693 73.19474072609094 -17.94920957887524 8.435833542650869 -137.43163372050344 -295.08344330270216
2599 79928.55818581581 51970422.079519995 -0.09332653171553318 -16.700389728139477 -11.843260431267062 -1.386960585025193 73.1199068198752 -17.855182982828012 8.520599415371407 -137.34534585590137 -295.33936304689274
2600 79958.27724480629 51942805.061954506 -0.06720663227141088 -16.645290574567102 -11.884967242401608 -1.401899387054442 73.12211658050384 -18.040209440604713 8.206921275437708 -137.52528267879404 -295.4999216172665
2601 79988.69739079475 51951172.295448296 -0.01077443494907726 -16.581247649022835 -12.009143744557974 -1.468373592705916 73.06732236088241 -18.08633460066244 8.123025998441676 -137.53894136294366 -295.35088461597377
2602 80018.55096530914 51943145.85278588 -0.06252813365746945 -16.67384111150721 -11.90039265286918 -1.3994067919849726 73.11135676541156 -17.98543305510691 8.326218145526411 -137.47623037382436 -295.56708172130107
2603 80048.76971745491 51954874.295548365 -0.03412757550790246 -16.615677464685277 -12.00086864237963 -1.4517282487587835 73.08873014506983 -17.96947123805461 8.417219001132082 -137.49083725956172 -295.50968303279217
2604 80079.8583419323 51945186.28216968 -0.11311839289665926 -16.66745797326898 -11.882629679886655 -1.3943208731250252 73.15852644984986 -18.12832896581432 8.012966723435397 -137.50856922997895 -295.2542735106041
2605 80109.9660320282 53063683.32174005 -18.86083854277928 -50.13728265109964 10.24889836464235 54.89517868489119 161.25666684546457 -24.171129662637156 41.42044548670253 -142.1974983912932 -295.6786425521045
2606 80140.11454916 51981252.57831994 -0.09478605007003793 -16.64668484494681 -11.927583026733252 -1.4154610709038025 73.11536195036881 -17.985828322557097 8.360100567786503 -137.38321121020425 -294.8611637163823
2607 80170.09280467033 51961580.85960888 -0.07101958461101532 -16.67256259925962 -11.909678017666259 -1.4306501185310907 73.08739383612769 -18.10182190976991 8.12697287964562 -137.52064389772414 -295.0273938112715
2608 80200.16209363937 51940070.05529402 -0.09706997819412777 -16.639341198906845 -11.962809617766304 -1.4391981242848289 73.10799030307084 -18.127395890967648 8.093876939463257 -137.56825285958098 -295.46523447008514
2609 80230.53029942513 51929193.83473866 -0.0031282470915208194 -16.627939277609986 -11.990405504240563 -1.4890988343897078 73.01465622185117 -18.01553743168114 8.319238268027732 -137.59583085819372 -295.81709978566687
2610 80261.96369552612 51967004.13153297 -0.06821516845947428 -16.605896431120758 -11.973548924083588 -1.42831315315955 73.11136685220555 -17.88337974621851 8.533064759410252 -137.40912487318775 -295.2262835295501
2611 80291.81010985374 53105488.99195472 -18.60426978004271 -49.90989989267497 10.553986690745447 54.943239893877035 161.31487197742723 -23.852413708884 41.80354495356403 -141.92700195162269 -295.3562725343981
2612 80321.93902683258 51953989.45883826 -0.016024078251334117 -16.490589805100466 -12.051940011672755 -1.4719302144739999 73.10597598472741 -18.110731018213073 8.097601209951108 -137.53658992740054 -295.112438439745
2613 80351.90353941917 55002438.29555387 -9.12481970505834 -56.62270969034245 34.56601028486285 40.20396034519233 79.63146764242242 -12.55893918079164 24.524016773170047 -129.69952217948884 -254.43730562553597
2614 80381.82341313362 51970054.10218725 -0.037220253563010175 -16.70302211237425 -11.928676449166119 -1.4626713167857588 73.02304503067961 -17.872574350287323 8.517209651878773 -137.4111322192212 -295.2943094650208
2615 80411.95329213142 51907714.623814285 -0.06051777158165095 -16.66073473107958 -11.930624541349978 -1.4275693419813962 73.09138696882772 -18.118873394952686 8.005353374328479 -137.64700902694284 -295.84193591563155
2616 80441.93145561218 51958788.42406608 -0.014241707344989862 -16.59490571467977 -11.950744136950568 -1.4421671692921905 73.09014081461073 -17.96306300082159 8.39721319729881 -137.4562720359815 -295.4115274457494
2617 80471.57570672035 51929798.943002775 -0.013747505228842272 -16.664557765568855 -11.951523599281877 -1.4625954132771284 73.03272821655693 -18.13534766270618 8.06947889342672 -137.57234368845747 -295.60624565224145
2618 80501.36566257477 51915650.29795657 -0.01046513368521218 -16.625944161362227 -12.048308413828558 -1.5253106337282532 72.97195361495942 -18.29373820965708 7.75222213270041 -137.67942714131317 -295.6852529124934
2619 80531.56441926956 51962653.5665333 -0.08346246532430968 -16.77022245071304 -11.926385576998847 -1.4651918565436404 73.0086492537181 -18.07416578466473 8.281734774853078 -137.5237907145011 -295.18311218837096
2620 80562.70075678825 51927272.461277284 -0.10664626004726685 -16.647280245575114 -11.944799672242006 -1.4254496721307532 73.12325872419032 -18.19796405685514 7.956957275996729 -137.60312357952222 -295.5657968973085
2621 80594.63807201385 53095285.159228146 -18.535926653011966 -49.7760967074891 10.614133969905048 54.9492677756396 161.34829401481292 -23.820635050942656 41.744656299525445 -141.87674532094644 -295.60666263216365
2622 80625.55600810051 55085351.09384964 -10.94732823057021 -36.0090904518505 33.35003923766631 41.226964146243404 140.59866523404614 2.4965139907664593 75.85323697228421 -122.08548616709737 -295.81703450924704
2623 80655.3570458889 51920761.808794394 -0.009654386014585015 -16.53724711322093 -12.062148155371169 -1.4958071938386155 73.0525280370272 -18.13560163689891 8.1289739987173 -137.63549107525415 -295.8809028050696
2624 80685.04956912994 51959095.9229299 -0.08145148344738473 -16.669345666093882 -11.971617255092333 -1.4739190767468813 73.05521929068217 -18.009207662654035 8.476266640973734 -137.5722274617758 -295.4102748123755
2625 80714.96561360359 51932383.70186112 -0.05374578136442665 -16.68508953355521 -12.016191743667136 -1.5078048207753625 72.98541641520892 -18.27785797167337 7.874258136503386 -137.7088731046241 -295.2407747166171
2626 80745.12067747116 51918236.70045286 -0.19736802913190488 -16.844838529307573 -11.864132484569183 -1.4090618940780075 73.07320204577977 -18.11131052382217 8.187331408389014 -137.61142760423922 -295.8420913298919
2627 80774.95886778831 51934012.38459406 -0.10315243511362837 -16.85544958095724 -11.843887101310877 -1.4505924579414256 72.98601174474466 -18.167563224979745 8.09586865123697 -137.6284428964408 -295.5279893549645
2628 80805.62050104141 51940445.10092769 -0.015933763620783026 -16.601824304205998 -12.00848947971663 -1.4852363302140787 73.0475657502581 -17.98944525826647 8.411541430550642 -137.5199078998764 -295.74465205282326
2629 80835.60818624496 51939704.75661804 -0.016561528278352 -16.700496882557992 -11.981631729427072 -1.4966383915273411 72.9748958870282 -18.117636162761528 8.112076369130818 -137.54941628273872 -295.5412099063652
2630 80865.50582528114 51930225.20955121 -0.10163334082577791 -16.65757596459561 -11.982796371486955 -1.4585880661150128 73.08018437529168 -18.20905350264144 8.026326665678994 -137.66281322263546 -295.4540812434994
2631 80895.47783756256 51953672.04526748 -0.1401922801017932 -16.696379061400403 -11.893201114118064 -1.3754758514723449 73.16437114342611 -18.012056168693277 8.303669156490287 -137.52111400012262 -295.2313135868391
2632 80925.44518971443 51951192.590557285 -0.0009062255061103031 -16.71468278692914 -11.991585727435982 -1.5179096328595847 72.95075913444718 -18.17345756948788 8.132598791074372 -137.61378572470102 -295.3517086682664
2633 80955.65666389465 51938763.31763173 -0.027986392258107173 -16.64320385419778 -12.057721068668414 -1.5185476005047036 72.98921128468636 -18.073978881823564 8.254932653147534 -137.55524877635656 -295.60480570422385
2634 80985.55809354782 51950219.70072946 -0.0936631206804357 -16.768959766184604 -12.011327630269243 -1.516497298001184 72.95190530723096 -18.17179964562274 8.209208014006435 -137.6150190441835 -295.31157267922856
2635 81017.08851265907 51919973.76586387 -0.14732546672809477 -16.72375183185094 -11.973251202495376 -1.4539201412448506 73.06978953268482 -18.149071107011366 8.103627836849 -137.63948261977015 -295.735034545655
2636 81046.81570506096 57125490.10153422 -18.484442624591257 -49.732792003656535 99.26329104212792 56.829056712339124 142.72822620607778 5.6929081791520275 84.42913563839966 -116.81442719560317 -264.72079224471776
2637 81076.99902963638 51953825.91261924 -0.0111704705800868 -16.68341092397471 -12.011985791560605 -1.508421934420511 72.97694345064467 -18.02782209144459 8.324816297811992 -137.49766475693554 -295.56528483892725
2638 81107.45350074768 51931061.50690391 -0.020450137166825755 -16.65356344310695 -11.999318294521501 -1.4836295318930297 73.01284625523495 -18.107350045624855 8.12874740634561 -137.5723025520022 -295.7301629872011
2639 81137.4371676445 51919313.56123776 -0.07522624885925211 -16.649392999034454 -11.996759903039987 -1.4499056201009495 73.0909861749621 -18.106364512771734 8.148615551645662 -137.6460074392129 -295.89604810972924
2640 81167.37633085251 51952821.55242223 -0.08030457813226377 -16.589435387213157 -12.00832139157098 -1.471417169614753 73.08088031985609 -17.95766355703688 8.455314020548201 -137.50684711345366 -295.3877964085091
2641 81198.16667509079 51945727.976089664 -0.10150332271992113 -16.830645371768366 -11.974560555533145 -1.5319136615029834 72.91013476817369 -18.207684555516835 8.150587165421598 -137.63966356057824 -295.34258402971994
2642 81228.10229444504 53106135.33500413 -18.705415110308657 -49.92538711365402 10.626672357586848 54.97369711808335 161.3843001584298 -23.839067080513757 41.94772528724502 -141.88003121732663 -295.5467028761781
2643 81257.9420106411 51965835.88560204 -0.013377866378014858 -16.631616879413098 -11.987313712487648 -1.4734305188390806 73.04044523930749 -17.988124571475964 8.428414659644034 -137.4496493740441 -295.3264189329719
2644 81288.17709159851 51953936.29677442 -0.06932776067152346 -16.708274061977157 -12.003093262391836 -1.4649476829594903 73.04249649488493 -17.998855673180344 8.419318436337335 -137.53611274445808 -295.3550089153903
2645 81318.04026556015 51941258.40077049 -0.10284445209137516 -16.707884339032 -12.030433840980315 -1.5180196090010725 72.9984935730889 -18.14741439599925 8.258417172244549 -137.6221570387856 -295.5093016126608
2646 81348.19310283661 51914664.322010055 -0.11216585629532005 -16.678719563345464 -12.000666595805185 -1.463773616787151 73.06968458536446 -18.20805021353152 7.992157888469649 -137.67648227802215 -295.61727302350005
2647 81379.84272480011 51938218.91014986 -0.2637818566602057 -16.886195436934145 -11.955763967185092 -1.4835356296967603 73.00323566089865 -18.28626581721676 8.112163731950432 -137.68278026259264 -295.3623880899378
2648 81409.5890841484 55095459.78169935 -11.163716441851804 -36.29322490292716 33.1258978225208 41.174115282732245 140.50307859780017 2.2058692529885207 75.57870184320564 -122.26248088263088 -295.16822141801106
2649 81441.01335215569 51934338.82359742 -0.05265950271653708 -16.696662152990612 -12.043834703720869 -1.538570013610709 72.9535740403472 -18.13820596843567 8.155128592470362 -137.62433634320678 -295.67268926824556
2650 81470.91880011559 55036759.565248184 -11.125172628346693 -36.426853543185054 32.78501201198967 41.0607346747816 140.29222066077426 1.7273746299370032 74.8396303475372 -122.62236906899193 -295.63126302522244
2651 81500.85575819016 51944605.13851638 -0.12942068019678032 -16.784653493476128 -11.966056514359508 -1.4953384378608945 72.98848728931961 -18.075379130438137 8.402080819621574 -137.55693527630592 -295.6190789125037
2652 81530.76877999306 51962028.27114737 -0.08108893080155255 -16.799086971069208 -11.945159400642446 -1.502022324207715 72.94882568505912 -18.140753557477524 8.196851721808116 -137.55829192328002 -295.09012716608197
2653 81561.84609055519 51951130.93163729 -0.13747286617125454 -16.82108886787858 -11.904403585211853 -1.4472630278545182 73.0173910132902 -18.230178706232095 7.985486227832098 -137.61491094924287 -295.0971327554664
2654 81591.8173995018 53089385.31759522 -18.729964234219466 -49.929037891916025 10.504039910593399 54.93068235214038 161.35335286690332 -23.983160699456107 41.732965840977045 -142.04023087443892 -295.5178278364677
2655 81621.86611747742 51936593.95361799 -0.11671475340953563 -16.801416699783537 -12.053568698441637 -1.5458606806446795 72.90818752181572 -18.21530996426202 8.174931408384282 -137.66577336259223 -295.5562698029031
2656 81652.11763119698 51939627.03159776 -0.18014932379115578 -16.81534006189338 -12.05411495517059 -1.5362719861055325 72.95013590475905 -18.370425637657377 7.89060154227775 -137.734537108403 -295.1827452310885
2657 81682.1946952343 51986475.43434157 -0.0776475699704271 -16.802357731335483 -11.949164081623643 -1.5243887067382076 72.93279492698086 -18.11784811677103 8.293026262082549 -137.51981833049462 -294.7016563575845
2658 81713.8926525116 51934281.019115746 -0.10545849080616065 -16.782734795447688 -11.982527410796983 -1.5121791530295638 72.95288586003839 -18.129935875155866 8.232654588245339 -137.6083536288827 -295.7031392741803
2659 81743.83486652374 55084609.31639955 -11.027441747345542 -36.311537930205446 32.946268076281555 41.10139434277218 140.35700609344434 2.0311342195759607 75.20483454266105 -122.38946444679124 -295.1913880731788
2660 81773.75791931152 51973601.30533462 -0.1458593414684728 -16.87461718257822 -11.942721271274237 -1.5236312539845756 72.91781898852724 -18.141989580571533 8.263503376038955 -137.5369771592238 -294.90500618210785
2661 81803.79472374916 51933223.510555215 -0.09980244936524585 -16.852882955206226 -11.957000495942388 -1.505872008421619 72.92090721799761 -18.20485148555582 8.060622304863273 -137.63470478184234 -295.56243997469556
2662 81833.58967018127 51958449.71785052 -0.13949953224624423 -16.81134533043036 -11.988968231310942 -1.5031088231277323 72.97143736072023 -18.101065535866837 8.354120148091681 -137.55444430906272 -295.24848087276155
2663 81863.9665441513 51905798.75708452 -0.18881073247192504 -16.857946783504435 -11.99124292592677 -1.5346518162824623 72.92973504107124 -18.32469694750432 8.038801988298928 -137.8123255330907 -295.9529351054998
2664 81894.19547224045 51929161.20740332 -0.11302217616608701 -16.81071126087246 -11.995473693266419 -1.5410383650371386 72.925250132238 -18.224523231316198 8.189616281493954 -137.69458795931706 -295.6252093951989
2665 81923.92379593849 51953958.53605651 -0.09907024386046004 -16.740166414899644 -12.182636172611872 -1.6311387410692504 72.84801292768235 -18.28170147942825 8.087190480837307 -137.66834213824768 -295.12519914578763
2666 81955.53991150856 51918864.40212213 -0.24400328123425652 -16.847990980228733 -11.994976893599137 -1.485133236342051 73.01574861658469 -18.38213583174405 7.8513235643517305 -137.78650527400856 -295.4463576028519
2667 81985.33816218376 55045213.74902683 -11.047174145943679 -36.33916271295684 32.6774811169748 41.03326341116974 140.26982819131499 1.8443019820143718 74.96091209903182 -122.59268216346686 -295.7228519806215
2668 82015.55252218246 51942353.780380346 -0.13403141221236226 -16.757436242343974 -12.073444836439236 -1.534702350831509 72.96997257488324 -18.23579476024844 8.134113907871381 -137.66477221547575 -295.41007490001147
2669 82045.58492207527 51944345.689341374 -0.09293303189070201 -16.71452505360753 -12.051642131724002 -1.5258367006107392 72.96794584310192 -18.25627712473954 7.99822863899152 -137.6674087154745 -295.2517096498725
2670 82075.93212485313 51934081.90041824 -0.19814817038923493 -16.805945457620414 -12.130168947182732 -1.5981479483923806 72.90292698499827 -18.213579774269817 8.387411867226263 -137.69108583725097 -295.68484487384796
2671 82108.51105999947 51957923.78728655 -0.08559576705989258 -16.828530899656467 -12.11352915103803 -1.5809280051825851 72.85459682379819 -18.268885499860744 8.11697358491682 -137.67389769159882 -295.02692131667266
2672 82138.71569895744 56216891.19252488 -29.371589586901475 -69.28410122505092 55.21389116836783 97.54357064229336 228.66972290067207 -3.8510826022835545 108.22850125208674 -126.81671881654552 -295.17829408828356
2673 82169.35636329651 54036910.52174035 -7.513810197842314 -30.061805325895463 54.27879107333225 14.2174666750103 75.40096034091259 -14.124615502704387 18.00743610258735 -131.76104662962962 -264.63304482241017
2674 82199.46635127068 57022251.87156985 -16.88030725825575 -70.39842035210587 101.01115914386008 55.892126652587095 81.91460754617445 -8.95638019867306 34.05533807938764 -124.27482594705953 -224.6712305677031
2675 82231.41432833672 51911886.5774693 -0.10336177398318824 -16.616445231552753 -12.153562961892696 -1.567399719430668 72.9799828012594 -18.44973064055165 7.691594740654921 -137.84881527655722 -295.5163842852793
2676 82261.22756409645 58041743.39729382 -20.26374683842085 -76.62290896610011 78.71853840910768 82.57623593369958 146.67388328437607 6.654275554695744 90.30309036426854 -115.16362566808397 -254.8359044339132
2677 82291.49634480476 51923527.56361553 -0.16006523523256178 -16.78897963162222 -12.08986161504518 -1.5253679527463362 72.96752294317822 -18.306632974674812 7.991514414207927 -137.71090247963286 -295.56945033933175
2678 82322.72126531601 55000282.42734866 -9.362433279991702 -56.980040216422275 34.34203195681475 40.059111936483404 79.42660146177371 -12.888889264719637 24.47561061594081 -129.90031588259518 -254.49908622667752
2679 82353.6036491394 53141829.37263601 -18.40112858279318 -49.641127840405645 10.894170545485323 55.014016700467934 161.42222343287958 -23.345732209142284 42.532632035198844 -141.5831181576071 -295.57096015852426
2680 82383.91856002808 53150197.013421394 -18.59561351364932 -49.817167825272094 10.548650969600594 54.94426011191425 161.36494097083346 -23.567101268418696 42.377939646291225 -141.7088170021156 -295.0637584496603
2681 82413.9104976654 51931091.21824774 -0.04781005635345181 -16.83781777797775 -12.069725957044234 -1.6047666906877254 72.80991329841225 -18.3127179122813 7.943591861436062 -137.7188854631093 -295.5899594288678
2682 82443.74957561493 51960293.345792405 -0.2040016533447293 -16.915784652801523 -12.017514795039297 -1.5027032587254467 72.95042081197622 -18.18409470184639 8.184186968532401 -137.6026696344283 -295.13505830878023
2683 82475.66911530495 51906793.19292557 -0.13136006976379022 -16.716317538663006 -12.118571901812963 -1.5535776245970112 72.96516207910477 -18.29813744419289 8.000435603622748 -137.76012922245968 -295.92284952533714
2684 82506.81063938141 55074071.40545288 -26.14384551137707 -63.08323532108359 39.485438281302855 44.286742562447216 145.2519201976003 -11.296813783544678 84.97201062302827 -132.47417379794365 -295.9653744707325
2685 82537.29795265198 53088985.1688212 -18.67901416244061 -49.84763209802055 10.623903079135502 54.97025486776771 161.3946926154289 -23.89932871386611 41.745370420971085 -141.92984360661148 -295.7146014424131
2686 82567.34971165657 54937857.14366677 -9.235818834155076 -56.67717442530964 34.273206263815965 40.127322501650525 79.60056012079744 -12.814821810716865 24.225033793925718 -129.9628746099787 -255.37543276238426
2687 82599.16973185539 51905114.97473651 -0.22105917105245254 -17.006895801879534 -11.992807811208422 -1.5622343051026206 72.83227034322107 -18.322749171289615 8.055814524091659 -137.77301165442822 -295.9614481460649
2688 82629.11089229584 58053353.47178943 -20.421438552447828 -76.60708513897366 78.8510598851235 82.63951600817043 146.83288171354232 6.9813525765912345 91.03022968088851 -115.01583856696976 -255.16036936422176
2689 82661.25546264648 51926060.27856045 -0.15914000957996066 -16.93397456461236 -12.018800684456359 -1.5282084511866572 72.89434187332363 -18.25858250641477 8.038603229452292 -137.70702200755352 -295.60719162268936
2690 82691.30976462364 58083945.27009689 -20.44202361987287 -76.44865570037322 79.61454863090717 82.85830875891332 147.09113520648506 7.311954475074174 91.36116091800272 -114.72305365668575 -254.96175967993167
2691 82721.2721376419 51926965.18356277 -0.22263714467965912 -16.875595110839416 -12.088149225681533 -1.5371580495531845 72.92626073956488 -18.362547237914328 7.889562165469044 -137.78609512985042 -295.3206775092397
2692 82752.70671153069 51947723.96650775 -0.0827785478236116 -16.97073655425986 -11.908135698197931 -1.5354566671003198 72.83515498790295 -18.292758728413276 7.936546488205806 -137.66200825167653 -295.2366693796649
2693 82784.06420898438 56167811.26251559 -27.395940355569188 -89.54205862837449 57.72965606255278 96.72826250836094 168.0118133674182 -17.841606099830756 58.57609928855618 -133.7108029255449 -255.0696261938991
2694 82814.40581035614 55046775.4705297 -11.20883277383287 -36.66211990617347 32.45821785408312 40.99030578963935 140.15535358331627 1.3596139600495576 74.3383422769956 -122.8362972904074 -294.9470425831198
2695 82844.74483203888 54922902.33600523 -9.21102534756185 -56.97616199034447 34.5170599016437 40.04170775145913 79.29687000732177 -13.145890039862593 23.726341211014415 -130.20128000093388 -255.2420633775789
2696 82875.76750683784 51921415.16627952 -0.12343524321438437 -16.897841212563733 -12.013617172609507 -1.5764595607739693 72.83972687477528 -18.308402178624817 7.998180707023266 -137.7689091745725 -295.5726382715955
2697 82905.7503080368 56133679.77684701 -27.65652238099381 -89.75901336400075 57.23097893791304 96.64758305865126 167.9930881603442 -18.333301767092394 58.07116177392834 -134.0564681083273 -255.0557393775374
2698 82935.98076581955 51942925.24901029 -0.18498451293192986 -16.849637993829266 -12.015839783609046 -1.560651090182489 72.90109422771494 -18.320737900243728 8.025455318621653 -137.7100080271179 -295.25707243657894
2699 82966.31919813156 51929664.70923931 -0.2544320503708448 -17.03772370199623 -12.015675806847128 -1.5372255376329491 72.86947585086398 -18.34912823577679 8.020430090044897 -137.7932641140356 -295.4375964923428
2700 82996.57819342613 51932707.60713479 -0.1098243480176464 -16.851465552619803 -11.976257070901468 -1.5325107841725298 72.90325623117555 -18.22350742874164 8.175413551351028 -137.6718708498923 -295.4614757236724
2701 83027.20008516312 51948326.52863777 -0.061339138491458556 -16.912502448000616 -11.96038787106393 -1.5649533399913764 72.80640932452829 -18.232142137490428 8.070039818853047 -137.6173616954415 -295.25595592255684
2702 83059.75047826767 54954071.91562911 -9.529797448668884 -57.102045396838506 34.63697358361527 40.1818034220869 79.55046802659636 -12.956547219001038 24.319562448011766 -129.99971959759773 -254.92326152108535
2703 83091.51954698563 56221574.95160883 -29.628325978486686 -69.49038790728106 55.54255880335578 97.589251031342 228.76168337189793 -3.653096711564899 108.76756847389822 -126.73680694594816 -295.4835464378495
2704 83122.29904818535 56126768.51586144 -27.859312214947387 -89.94266342563593 57.46722830422921 96.706744615135 168.02161044305106 -18.320403977553383 58.24321545455348 -134.0327616912346 -255.2397854500534
2705 83153.10979700089 54962548.90847902 -9.439703815519444 -56.97863270121502 34.51636032375793 40.147269033667186 79.53019840798828 -12.916190763498264 24.340139807052992 -130.0294603340427 -254.90292285406176
2706 83183.02443599701 53141893.58368511 -18.64740576425751 -49.83730071590636 10.652922466459792 54.96329554172725 161.389160747894 -23.595156393085233 42.282693109981324 -141.73576893860007 -295.07036935502833
2707 83213.12672924995 51997232.17189668 -0.234275207375795 -16.982816780629804 -11.895168194994476 -1.504951115691597 72.90939308891777 -18.06042982746976 8.515801919413263 -137.51268076678872 -294.7473431541756
2708 83242.97139620781 51942365.907574445 -0.26663437769637 -17.01436042238444 -11.952625051303997 -1.527309269982311 72.88271466149045 -18.357558462337977 8.004331065102576 -137.72030062672746 -295.2650853008222
2709 83273.89673614502 51944909.354235 -0.07481894878885598 -16.857156513605158 -11.961126113928131 -1.5273256481531945 72.89517873537811 -18.171782021494096 8.195762910664257 -137.63747237347263 -295.33039181806805
2710 83304.1803677082 53155800.34072179 -18.3460960220898 -49.66470144096055 10.991428916191076 55.041500429588524 161.39211217601525 -23.334404615491735 42.32366863299319 -141.5070609223356 -295.1560983213204
2711 83335.65276265144 51955563.67310447 -0.027347811556627022 -16.850484088666672 -11.90691562326824 -1.5363717579935923 72.85540885124213 -18.062756778025516 8.314854956217687 -137.50647640327554 -295.37118972515896
2712 83367.08056950569 55030200.34549344 -11.179107085829425 -36.63999530122532 32.60779560910186 41.01710561579232 140.15539074476828 1.4816291375661308 74.4256462493488 -122.79126090461864 -295.5091603627618
2713 83396.79942131042 55205387.65770456 -26.062866063628793 -63.310256794142354 77.30837058234465 70.81144649373988 163.84599054355465 -19.579400110786196 51.96482021176712 -135.9134105387654 -264.82175396664127
2714 83426.59249973297 51958594.32483881 -0.12000344375649163 -17.02760657673588 -11.865927638985 27.188328364756515 77.41100035311685 -18.04770083575295 8.405500152624938 -137.5049068224261 -295.3967679608195
2715 83456.79857563972 51959004.305649675 -0.04996610620267461 -16.867446995683153 -12.007284196489145 -1.6000727219368827 72.77555513556527 -18.183186998126814 8.207166992843725 -137.6330319097956 -295.2440179343806
2716 83486.51850819588 51982239.7541774 -15.207532290836586 -43.804436688328586 -5.573210062113461 1.583729779736899 77.65483729970981 -31.5900843685867 17.97349991448857 -147.73963684678085 -295.3692535384182
2717 83516.42268037796 51949013.62178105 -0.042224306105282494 -16.83536899370425 -12.017979695641273 -1.6020586720162981 72.796113684394 -18.22316767973649 8.14965019906117 -137.678374635585 -295.26226148280136
2718 83546.99054813385 54050034.90089395 -7.664209356979082 -30.41835138554361 54.60436584389883 14.232981439282241 75.26180677889991 -14.293914912654088 17.826043968054478 -131.83763983675385 -264.098934180425
2719 83576.93015885353 54989463.04396891 -9.312151764688466 -56.93489081841781 34.67328895377982 40.16676173721946 79.49630125360623 -12.828420006759643 24.313933481120557 -129.89781629034871 -254.41236802803948
2720 83607.06671977043 51936118.03620201 -0.1308226641537722 -16.812812828903322 -12.047540540966338 -1.6014711255418774 72.82742594018964 -18.18332785660914 8.267415595364639 -137.67954818805828 -295.63055908222844
2721 83637.48686146736 53986096.03156441 -7.5874661119121285 -30.2249188926697 54.47476422404838 14.172263110785707 75.27430968487914 -14.458429337550115 17.613163963130887 -132.0397244135238 -265.34391454861986
2722 83668.07517123222 51953463.47209713 -0.052157525317806375 -16.829360807823974 -11.989524583561973 -1.582096093744596 72.8186860014549 -18.197316271941474 8.120392563750102 -137.63506233471924 -295.2223042356773
2723 83698.15502333641 51927675.0574292 -0.05202758475497049 -16.838275784375725 -12.05891094746179 -1.617365593450529 72.7871796512465 -18.270297618094105 8.113908424773058 -137.7286476113784 -295.687131001372
2724 83728.20537137985 51941664.2993396 -0.09936591669656636 -16.98466359244235 -11.902488013510045 -1.5477485547800285 72.81134414224883 -18.190860250024116 8.187087292584124 -137.63628826038342 -295.4132753903501
2725 83758.54453015327 51994390.403074645 -0.07174950999386454 -16.904903633725866 -11.926551714368422 -1.5588339181798148 72.81550049117774 -18.00578404695233 8.541054109994889 -137.3986757587042 -294.8774700248804
2726 83788.56297755241 51915243.695776306 -15.220992116212344 -43.98861243770549 -5.69906236046765 1.4684221700183286 77.47951255103163 -32.04894693183621 17.23316016555475 -148.09576356744572 -295.98611577646375
2727 83818.52710676193 51972879.98260764 -0.2265597565717954 -16.894989880064276 -12.017766664870273 -1.5619103708501 72.88440126704656 -18.224470135945296 8.228877853026688 -137.60889801549433 -294.81401869877453
2728 83848.3704316616 54937775.752553016 -9.249459114585594 -56.9643668120962 34.40860363660018 40.01825001731736 79.33023305548697 -12.909886402661243 24.333109862710558 -130.07829516425272 -255.33527024658457
2729 83878.86454248428 51961628.326235786 -0.028871487398649975 -16.733605515101225 -12.070384668532313 -1.5860722911784535 72.86760419050938 -18.243477331528652 8.001046767066498 -137.61606762009853 -295.01381410534765
2730 83909.12797760963 51961668.620201945 -0.06044979544419249 -16.890156435607054 -11.947765469672426 -1.5620698429538749 72.80755157703342 -18.13590289835696 8.218455770400055 -137.58546285280852 -295.24790059636223
2731 83939.33361959457 54935188.221015014 -9.219778250935509 -56.90143118121401 34.417165154969396 40.041434746864695 79.36824156050857 -13.01648854264289 23.94179966892068 -130.10077804588553 -255.1483705600684
2732 83969.72211766243 51934147.85755995 -0.07156315197296337 -16.746975752150195 -12.067570166073615 -1.5617005401616524 72.91482447182312 -18.247843579298717 8.00604688101106 -137.66837130917435 -295.5157676851476
2733 84000.67635560036 54024926.25902302 -7.691460689425568 -30.26237550866343 54.51435229203291 14.268248987970637 75.40240227959158 -14.094441471078426 18.223124936392765 -131.7726749732837 -265.0364001870268
2734 84030.7108514309 53132750.855849914 -18.50934519144316 -49.750373334721814 10.847510716014114 55.007217031238056 161.39724203649442 -23.459115812082416 42.3433479295162 -141.63540241211462 -295.65215703993624
2735 84060.8906853199 51937349.86206759 -0.07534378321486201 -16.76505181187842 -11.940575797599429 -1.4907856768803356 72.97035744497491 -18.12250696807706 8.196403487961732 -137.60364108634013 -295.4881027069716
2736 84090.62370920181 51946059.078946665 -0.03732970444261596 -16.726344575292345 -12.046956660830986 -1.5944760006546232 72.8604289387184 -18.233608268330272 8.120823585113612 -137.64725438435005 -295.2726609949733
2737 84120.7329723835 53991986.38126618 -7.586565920656607 -30.217918011125956 54.50074947864908 14.256378870388929 75.38153909609672 -14.26283355638617 17.792713314618254 -131.8725402554498 -265.32902423656105
2738 84151.09664559364 51947154.302418515 -0.047256764765464254 -16.76168635436601 -12.110104686116323 -1.597000482445523 72.83886529309945 -18.262216351906034 8.009541278542486 -137.67640152678263 -295.1475306205914
2739 84181.01920962334 51905594.61602987 -0.1674069543375083 -16.932121196727035 -11.92747187985455 -1.5205934220706894 72.89169520642878 -18.38067445611574 7.86491253553163 -137.76703828270422 -295.8197132907876
2740 84210.86501121521 51941521.62053069 -0.07790299055055883 -16.88272705745636 -11.990030030375458 -1.5961524957064483 72.79497132944182 -18.257106785173505 8.130150969857993 -137.68430012594501 -295.41294785101763
2741 84241.09978365898 51944452.50520146 -0.06085719170052073 -16.819353718432946 -12.009204790394143 -1.6034454196542356 72.80615471260012 -18.252954844110263 8.118296874040766 -137.68608673694712 -295.3723427250739
2742 84272.89080476761 51919861.53180042 -0.20497334626278274 -16.877440650453885 -12.012564260654258 -1.5478962007733088 72.90862447526978 -18.318400743784196 8.036893039616643 -137.75442220093845 -295.71187087232
2743 84304.07615303993 55034823.44229636 -11.124207993634538 -36.554975847071674 32.22635769721433 40.90066770921011 140.04830480182287 1.4189265135370874 74.4844279825769 -122.89078818894347 -295.32214915452425
2744 84334.32319998741 53172745.766750924 -18.236792880689773 -49.43043957975533 10.963987001211905 54.9872636867545 161.4014768985891 -23.235888379161622 42.460374803920104 -141.37684034808154 -295.11040185248163
2745 84364.22194671631 55011604.41145558 -9.319082448460616 -57.00390881502434 34.66141106650051 40.1250275001869 79.42989963513926 -12.821104550979669 24.355404135840104 -129.8791088224362 -254.0453121880736
2746 84394.26208949089 51931282.01402389 -0.0031792910039314393 -16.823743778661445 -12.061568405731386 -1.6549670085903188 72.72200850068329 -18.21392693968471 8.186131197515579 -137.74247275036868 -295.7290525252808
2747 84424.55063962936 51949503.64643268 -0.11742347125515451 -16.967467969844346 -12.003361232212455 -1.6151725252988172 72.7396885454972 -18.289316980067383 8.122598775663391 -137.72945771908968 -295.25361274918885
2748 84454.46954226494 51919701.093561575 -0.16338166536836596 -16.976273203329033 -11.955568419783347 -1.5808685977598032 72.80939270608812 -18.418753498185254 7.836129011362061 -137.8109532829659 -295.5138278792351
2749 84484.69233369827 51968719.14783531 -0.04317206843109034 -16.78170545514194 -12.067289048558642 -1.6114624692203137 72.80754930287556 -18.19632121269649 8.235601114324481 -137.60576839916723 -294.97803544699104
2750 84514.35044002533 51947450.57907926 -0.09884334325970201 -16.83979421881102 -12.03197507540262 -1.608790576847852 72.80851274171329 -18.269834859499497 8.116399323989924 -137.69844440259402 -295.2759943507882
2751 84544.79714250565 51950007.50191057 -0.044817971304940585 -16.836016634983903 -12.082847758514951 -1.6607141181629004 72.73899393687373 -18.25808892815803 8.183458586850747 -137.69182595057265 -295.3650561423645
2752 84575.23132371902 54926954.219532795 -9.240746771561831 -56.89924829710877 34.50924310458879 40.06918737480245 79.39351307632391 -12.95823178227738 24.0422203192594 -130.06937909838558 -255.4128910322738
2753 84605.54808306694 54065016.49235047 -7.681965456332417 -30.293047014181965 54.46061371730653 14.232117869812484 75.36351854046609 -14.09419769781482 18.34247927662011 -131.7363981017881 -264.46552529261857
2754 84637.02900528908 54935771.68051628 -9.403534577520954 -57.11718204403991 34.63159118892505 40.093106236157624 79.37100549768662 -13.07286747880363 24.05640629008667 -130.1179352670818 -255.1223770852904
2755 84666.9794459343 53093593.34854688 -18.44771732629978 -49.59003194084513 10.810304309364483 54.97589470782464 161.41801413404815 -23.537386708514646 42.27808250390399 -141.72097678760144 -296.1980122944151
2756 84698.21664452553 51922314.575026594 -0.061251792317818854 -16.89873802533735 -11.943545596972818 -1.5747396138311842 72.79116592383649 -18.29486510668852 7.927343327316919 -137.73932172616242 -295.70866662595984
2757 84728.40362787247 55243459.03654171 -25.889377197034655 -62.93497664438537 77.35516839700767 70.75002487107014 163.86870420335669 -19.426025003842085 52.215806143648706 -135.76496695345696 -264.3369493717212
2758 84758.26868963242 54019395.984245755 -7.5988982434446335 -30.2056534933285 54.530250675270736 14.215060171821435 75.33911998203745 -14.229836923332982 17.950545751986397 -131.90018421018522 -264.8902893992404
2759 84788.61692070961 54005773.143382415 -7.598383913288913 -30.29295892785974 54.51414358079573 14.134425731168221 75.19164302434619 -14.407676576539245 17.739895761843627 -131.9836422990217 -265.01778471506225
2760 84818.28520989418 51947670.223349966 -0.1152031751642113 -16.895521138290164 -12.034784481653183 -1.6252386820188605 72.77181965938131 -18.355660900242356 8.00851670303524 -137.7319105531741 -295.1795203316334
2761 84848.1511657238 51932701.49040773 -0.08436482063835626 -16.91946206390581 -12.050255034363339 -1.6551075021257589 72.70663866215405 -18.327908853881922 8.079486600222367 -137.77706676738416 -295.5753624369737
2762 84879.37175679207 51909252.52633827 -0.14111611215517073 -16.951950724268112 -11.967955757822175 -1.5978168683076035 72.78030606565468 -18.39239005847537 7.908153484684988 -137.82066784077955 -295.7520737863467
2763 84909.46676445007 53161235.19625816 -18.518723143140644 -49.70042481973848 10.847021903208478 54.98615738598539 161.3977739395137 -23.388375308363493 42.47101966165462 -141.55812712170348 -295.09526228947925
2764 84939.61843585968 51928169.140630245 -0.10937116374198297 -17.0527223735532 -11.958801279713398 -1.625150870653897 72.6852571761309 -18.40586620923841 7.933578650692766 -137.84265760938234 -295.4697450274647
2765 84969.7895514965 51924224.36335882 -0.1732965056328517 -17.011370139687596 -11.990197014173674 -1.6123080446311917 72.74238859412917 -18.340256737235677 7.983900986608603 -137.77911729619586 -295.57640350441795
2766 84999.91156077385 51982448.262011215 -0.1705494188998351 -16.97219878249984 -11.988281267965853 -1.6143894278680762 72.75905087792397 -18.17276097889004 8.353736759551055 -137.5907676782719 -294.8630512793346
2767 85029.80649852753 51960995.287257366 -0.16636919887914559 -16.935272790599317 -12.03833890280714 -1.6233031281595345 72.76199323760619 -18.214133033157395 8.308096255823784 -137.64846717980646 -295.13518095098556
2768 85060.19677448273 51964366.39191516 -0.15177900504881237 -16.8860403061733 -12.039394319915338 -1.597212817034361 72.82882503852201 -18.22289201527599 8.250840472731738 -137.63637985677673 -295.0621044808829
2769 85089.77809238434 51915415.556803025 -0.2102544070747996 -16.914420714797444 -11.996167630992275 -1.5753610454329134 72.85549886925813 -18.337447119561602 8.05111366125459 -137.800575005702 -295.80703055766384
2770 85120.04606318474 51962769.831989914 -0.04901912467644465 -16.903567575160352 -12.076700353754347 -1.6855958411526615 72.65847837768118 -18.262383906230355 8.16934923569562 -137.655431381921 -295.21733897591673
2771 85151.85343408585 51938843.10330847 -0.1513766984095497 -16.92396657903497 -12.017722467488504 -1.6284846089977236 72.76407989521242 -18.35467598131021 8.012776852768013 -137.75091827251748 -295.31678785956194
2772 85181.55887389183 54988766.8629397 -11.22082618617046 -36.59935279410137 32.312052118076316 40.93488593394177 140.11487907424615 1.2181365798176103 74.12149372886745 -123.03866536167817 -295.7326614646463
2773 85211.28787088394 51911850.12885067 -0.0988475336788035 -16.95105295553298 -12.031925444262889 -1.6320506897233713 72.72634902211156 -18.46397447505018 7.782272862551736 -137.83767550098247 -295.65221199550354
2774 85241.51665759087 51939155.29229878 -0.11704543405954126 -16.89546350562942 -12.065373822950697 -1.6273450108939187 72.76335331901262 -18.40385021506313 7.9442105245372545 -137.80660810007907 -295.2420374168779
2775 85271.29091143608 51917602.250279844 -0.16224583486724597 -17.012396174529172 -12.008595009141267 -1.6316048420745375 72.72117090750373 -18.571199044943512 7.6133748506793495 -137.91612038319914 -295.303472553009
2776 85301.32491707802 51928734.38154366 -0.006133969202160472 -16.910360174620635 -12.138967898199958 -1.7343439642695841 72.59120382249844 -18.414119549672762 7.95100365806519 -137.8044667174721 -295.4744786575359
2777 85331.52741265297 51917565.24615092 -0.08663668202710895 -16.94204293986844 -12.048964432008127 -1.657133929771959 72.68962829458823 -18.458552097519203 7.756102509433674 -137.85672369410645 -295.50258379671277
2778 85361.24749183655 51946563.22780377 -0.06154594757294518 -16.961716491349176 -12.070086707723071 -1.6884685647021058 72.61950875255918 -18.352566849022537 7.979390210666907 -137.75331913926283 -295.21362692570324
2779 85391.25542283058 51945903.20489265 -0.18278040077817082 -16.91460645639677 -12.054910529132009 -1.6101681688546847 72.79144328631824 -18.267628530870752 8.172849380832702 -137.68973888851696 -295.36741427267305
2780 85420.987388134 51963158.18639983 -0.19723886958290038 -16.997783886734 -11.969161416577485 -1.5780913246026103 72.7976399131893 -18.26240486263714 8.185456465115863 -137.66671862969713 -294.98679967467217
2781 85451.02029490471 51971450.377152674 -0.09931766549146914 -16.939030671799923 -12.014983955255701 -1.6185672490545073 72.75040290349408 -18.216001306209535 8.293132997245607 -137.66175732545906 -295.00746385444177
2782 85480.93365979195 54050926.474084176 -7.550075282351891 -30.360795741514423 54.56952217944304 14.112045387926983 75.11224954617512 -14.216852295603132 18.136142845811833 -131.84068161702595 -264.5974676763009
2783 85512.48782038689 51946242.14146093 -0.08036610178869097 -16.836756664396056 -12.205967590935863 -1.7204445995049298 72.67734969934506 -18.4697236499253 7.903061560217111 -137.8108835872901 -295.09837315439137
2784 85542.7192208767 54945055.371010326 -11.146838859656679 -36.68469597316534 31.968397251427753 40.83301713713695 139.91310385342604 0.7918228653348933 73.28175184656516 -123.35135819429303 -295.90682228940784
2785 85572.72628211975 51937719.98952861 -0.03335228984017391 -16.906120801217078 -12.148391069405584 -1.7600106627216974 72.56581142442006 -18.46105749325875 7.884902116698186 -137.83671178059166 -295.35750219839144
2786 85602.81474041939 51927245.744657315 -0.02943424465798472 -16.95655199468652 -12.11760561626565 -1.73747666381945 72.56788296492151 -18.432607681472575 7.972915197365637 -137.86010557139144 -295.54096208890434
2787 85633.47490406036 51943369.839767165 -0.05921802340185067 -16.790643280447608 -12.100797225561116 -1.6303451410080072 72.80282411606571 -18.367978511501292 7.935776362407864 -137.71635111175817 -295.27096716999347
2788 85663.50691151619 51969603.184477165 -0.08802741322849883 -17.01489915389756 -12.051783280062082 -1.6791666387687911 72.62953239911569 -18.318646143617002 8.101194167227675 -137.6955596716793 -294.8893409865704
2789 85693.32764577866 51938897.7441214 -0.04936337577109029 -17.000129514460887 -12.102957482088428 -1.7593293128215635 72.52202885919709 -18.48709305921841 7.8857638169570805 -137.84319146846894 -295.24961904628674
2790 85723.18051671982 51923500.42083809 -0.1995147123768497 -17.004813537784884 -12.082226624500692 -1.6618930526166622 72.70952166219354 -18.379070536967276 8.0814760621044 -137.78403022357088 -295.5988395989813
2791 85753.23033189774 51955726.61142472 -0.015403799371011218 -16.829472663402328 -12.139708337314431 -1.7229286557627006 72.63892042248865 -18.276036575187106 8.12724439179675 -137.6780936323932 -295.18779191232875
2792 85783.79717969894 51941601.318460375 -0.11865475114672464 -16.890236219849697 -12.162456495149925 -1.6921795256307348 72.70324241134584 -18.431355444695043 7.9570917346077294 -137.80180396692992 -295.19953388080654
2793 85814.20559763908 51913388.94952884 -0.013484647125675764 -16.936770789987342 -12.136833449117127 -1.7566672581493492 72.55062366422877 -18.47209251992814 7.839681653763819 -137.88541907513041 -295.74366352033155
2794 85844.39323782921 51966521.461223684 -0.0716541644116937 -16.905068743765504 -12.105403507771719 -1.6877419654549755 72.6781050758346 -18.318985362174658 8.133104931010052 -137.7132875816177 -294.92608918200625
2795 85874.35873317719 51924414.36806627 -0.07618286584384393 -16.902735766931297 -12.089799155317579 -1.681547433872666 72.68484421974735 -18.375649528769884 7.990990155123711 -137.81213856074243 -295.6768107147974
2796 85904.44084429741 51891082.668285206 -0.11025916061031538 -16.881870735635655 -12.062742042590124 -1.6611764549347185 72.72155256341263 -18.450929584796825 7.836333240874467 -137.90657115387404 -296.02187754528177
2797 85935.24152469635 51970221.92275555 -0.07392417187227807 -16.951480237362638 -11.993439368188554 -1.643666665136962 72.72619652183646 -18.164598383588327 8.428078242274864 -137.64608009537022 -295.1073111507461
2798 85965.42963528633 53125749.760479465 -18.04342089028166 -49.130328125050546 11.187084482641609 55.01266354812691 161.46083793776248 -23.18897462944284 42.28514755812432 -141.4176628095061 -296.0035654743715
2799 85996.6114192009 51921801.006911606 -0.028984510931469032 -16.907072271267765 -12.070064782295866 -1.6989322145906698 72.63443796951103 -18.49136484434956 7.803677337494207 -137.85449170990893 -295.5763817129874
2800 86027.08319807053 53119078.53128907 -18.36389819962283 -49.509030843725476 11.001412495878313 55.00458645625402 161.42449684126464 -23.375464432979754 42.261284393817505 -141.5392031996305 -295.8387261394134
2801 86057.44494342804 51916252.697385736 -0.07990254719224055 -16.835247411458504 -12.057024122632647 -1.607779673198607 72.81051987366935 -18.384032454077726 7.844120743053111 -137.79727782994308 -295.6159918394691
2802 86087.30001592636 51914603.71187107 -0.030495585629882527 -16.79175212613322 -12.09818359067473 -1.6455431067905124 72.75675108951214 -18.427447793826104 7.774013189430889 -137.83150326271516 -295.53747164097786
2803 86117.83528065681 51940409.293047845 -0.060685750928648474 -16.855563852207307 -12.053189682203232 -1.671836160253676 72.70818911920962 -18.502203129667066 7.7017637385689 -137.83114213792095 -295.02014221857047
2804 86147.38278245926 51922846.826959126 -0.07658676192992431 -16.970637141953745 -12.053287200584784 -1.7045104214396218 72.61591167712291 -18.47158851537688 7.838905692844719 -137.85989941249176 -295.4845958076007
2805 86177.61232471466 51949369.590512596 -0.053249322428222 -16.977930109619354 -12.09815695356491 -1.711260452687057 72.59565262804675 -18.38814452213154 8.002276464997976 -137.75319454665635 -295.1403031722169
2806 86207.36461377144 51937933.41539523 -0.08767873528558212 -16.889315632233355 -12.031930391045059 -1.6556635668119242 72.71054092128723 -18.366325056584003 8.00634939805326 -137.75866309563452 -295.40075565670054
2807 86237.49908804893 51908075.09799031 -0.13588184968829964 -16.924982112568227 -12.075554615652642 -1.6682723592430762 72.71645961345422 -18.510288847919924 7.823141795252184 -137.90197814972254 -295.6613176106691
2808 86267.67126202583 51952273.37194396 -0.15477457081032497 -16.923404339558214 -12.05743409005077 -1.6376936649537583 72.75187498085263 -18.380861829221885 7.9954712222974536 -137.74714021106558 -295.0467522728721
2809 86298.09095692635 51922407.70697264 -0.08733546068664921 -16.94052027684393 -12.018182215081026 -1.6659493902632363 72.68152163337216 -18.477928435659692 7.848300398389881 -137.8801110531207 -295.5711212120769
2810 86328.06851029396 54930108.85855531 -9.311477345752081 -57.01316354659864 34.19135176312159 39.9421996581717 79.25570756646519 -13.127632073926463 24.06091817286631 -130.15440706251303 -255.37708898045653
2811 86357.95930981636 51925642.47430048 -0.07448825726364561 -16.94236338537866 -12.128876841498773 -1.7126817492674178 72.61618521348929 -18.531131607304587 7.712323383693672 -137.92081127704574 -295.4099990124844
2812 86387.92381381989 51926790.28674849 -0.030378860291143894 -16.95834916154571 -12.048463286217462 -1.6937579402658542 72.62061728218137 -18.388714059969345 7.960693824348482 -137.79972624416945 -295.65146507546325
2813 86417.56741023064 51951218.81413568 -0.15120053855180515 -17.07286009405564 -12.079368011422673 -1.7159778731680149 72.58244145875582 -18.459136643544184 8.009294035833591 -137.78491240107996 -295.1306397605081
2814 86447.32718682289 51950896.70080825 -0.02026975391871133 -17.04898092568743 -11.962191863804676 -1.6694630646165365 72.59231075923034 -18.36015764351788 7.962352977209832 -137.75904307644572 -295.19330605230846
2815 86477.21138811111 51961663.64852076 -0.060993477036547006 -16.977474588930413 -12.00983784004896 -1.6680969583429999 72.66601592012314 -18.22814344948131 8.24543869151131 -137.62325688032598 -295.2957793390524
2816 86507.50719380379 51941640.83239771 -0.08835746002918299 -17.053230334042 -12.046558982905225 -1.7043272372748959 72.58216134884684 -18.437981435188533 7.964985020136737 -137.81516997911643 -295.2889177640335
2817 86537.47205066681 51942627.478466466 -0.07512607967503016 -16.948571067111406 -12.052988593404883 -1.68271721544167 72.66162011820629 -18.36909515916176 8.063616741553801 -137.7812498033718 -295.3840607075359
2818 86567.31916165352 51890953.33748597 -0.046206704829931056 -17.02173264903369 -12.033375763099372 -1.7245175149913905 72.54364458816163 -18.519896215047993 7.7694551883355985 -137.923732020513 -296.04639274437613
2819 86597.49125981331 51916003.34244813 -0.11803996323849475 -17.02437276086357 -12.060507527769836 -1.7017654172673673 72.60010283044568 -18.43828128522989 7.918913149895616 -137.84582719784652 -295.63710854185376
2820 86627.63257217407 51964589.44827828 -0.07669664791539788 -17.002937750335782 -12.039698285835449 -1.6679723706986493 72.63988161930071 -18.34579168816134 8.084393557616124 -137.7425143855337 -295.00358463201303
2821 86657.90495729446 51939886.343522854 -0.057229562188066296 -17.014149585761423 -12.056170000822512 -1.7162953331461779 72.56879613627801 -18.429686235084205 7.878958801082035 -137.80009039188644 -295.3909806800291
2822 86687.61659526825 51941817.28102727 -0.16090957436135156 -17.029952129086976 -12.070001579181223 -1.6662695907287173 72.67425468074583 -18.54979016264508 7.757072486413847 -137.82628407196495 -295.0379550056804
2823 86717.97309112549 51952824.76707531 -0.15773968590461962 -17.101963092111305 -12.04650078075494 -1.6880706541500246 72.608543128744 -18.332533531091713 8.178374305076602 -137.74999058099394 -295.2792302703863
2824 86748.52350211143 54949188.288250275 -9.393062047306575 -57.15183338790691 34.50816751337382 40.03921827275347 79.29734117438201 -13.084370917379772 24.098923856573606 -130.13407010482246 -254.92111149454544
2825 86778.60260391235 54978918.02484391 -9.407840000192344 -57.22950870659106 34.472799363534506 39.98315353742191 79.19518363792415 -13.193078330390222 24.080192066088443 -130.09939107802177 -254.4365028507554
2826 86809.10777974129 51930884.71502914 -0.06664854125801156 -17.057795873309438 -12.049898232864358 -1.7352679791958963 72.52935327791197 -18.43239559349621 7.998784018352978 -137.84236233721708 -295.4770071186665
2827 86840.70104598999 51916398.33901477 -0.0028859235375762182 -17.022218475754965 -12.072629044481708 -1.748425592323187 72.503874648326 -18.528990263574485 7.678685109500407 -137.88384071120453 -295.4792010323962
2828 86870.67859983444 54985606.06224018 -11.222147797711454 -36.93912264817353 31.6182097006134 40.7148268847029 139.70409953886232 0.5536568657053635 73.26729898496524 -123.4657249847508 -294.94809200514555
2829 86900.44919061661 51941622.40710031 -0.05008193666275318 -16.975690642725333 -11.992909674104624 -1.686629689849937 72.61160783073953 -18.329309945855925 8.046940324880268 -137.76120308271896 -295.37637156559754
2830 86930.2800309658 51951198.70538243 -0.11174436052463577 -17.036120407646052 -12.051724921831848 -1.6816906200168944 72.62061175684937 -18.358916633284082 8.136282584063224 -137.75491836497184 -295.2491399813284
2831 86961.3198428154 51907208.64836444 -0.04589404987538259 -16.98584285031946 -11.999186928789818 -1.6795327246755818 72.61948365314473 -18.43392676939834 7.913919978102967 -137.85293293043162 -295.94501897990654
2832 86991.38347840309 52265460.24554738 -13.116042701451995 -40.28690445591888 -2.6720415481651187 19.902597606803866 105.70347678402956 -27.22276473488489 21.82955977299696 -144.41285835163512 -295.0413828628317
2833 87021.45549583435 51900061.13229942 -0.042604324750158185 -17.01231210797767 -12.046010630312779 -1.703536945784819 72.58417521848554 -18.538543284875345 7.731385341544808 -137.92678703617014 -295.97354607428576
2834 87051.55905222893 51925797.70415553 -0.00248660021984648 -17.01794276152806 -12.035258524261671 -1.7439570462305625 72.49653598130453 -18.438748942048846 7.891796483573387 -137.86309565909767 -295.5603154165441
2835 87081.85266113281 51918306.96102237 -0.02923453343156268 -16.97668251095807 -12.056016809582758 -1.7362920203615317 72.55646986248615 -18.447855511888292 7.867394705936874 -137.87125201228872 -295.69234622887217
2836 87112.99049639702 51902910.16549735 -0.014051358536683267 -17.003817235199122 -12.027852949730026 -1.719795574221564 72.55236381215556 -18.498050992214132 7.728121533879005 -137.88032035754162 -295.83255931188046
2837 87142.81240391731 54330405.49898406 -20.475655102280292 -53.5993343149884 63.92357364378585 35.69684052515933 108.16079879611459 -23.133071832504754 31.663732549131396 -138.569440543271 -264.8771512098283
2838 87172.53882980347 51935244.44209257 -0.05628701870298869 -17.012497645835936 -12.026137993306406 -1.6948271496125074 72.59493687451493 -18.42582634618924 7.870363127859662 -137.80216021713983 -295.3450597914964
2839 87203.12089395523 51917666.7513185 -0.002611570349220216 -17.013379459644113 -12.097424295912724 -1.7635285782224912 72.49006295974976 -18.486197078343594 7.762572076079437 -137.86286966310877 -295.5515587574051
2840 87233.20385503769 52275799.44234985 -12.979914183908164 -40.1506108549619 -2.7569261805355794 19.853157296391444 105.65568160771966 -27.13334544454858 21.95094048862461 -144.35354216919228 -295.1600934548678
2841 87263.67348384857 51960595.06929146 -0.0890130692953548 -17.02241567276407 -12.052708416889317 -1.715983508517965 72.57229360163694 -18.505726647381948 7.771939885139943 -137.7677876438649 -294.8257942869926
2842 87293.99405527115 54077088.50457248 -7.487390373019171 -30.372663812926643 54.682136319878275 14.06756208547867 74.99683951313065 -14.256266223178898 17.982677640613133 -131.7527436257477 -263.8798975281742
2843 87323.9913854599 54014881.51779687 -7.5895772942085 -30.43594908938548 54.65242390158228 14.069820511016914 75.02424831693821 -14.441654310145111 17.788541468901713 -132.00207980435698 -264.8172504072566
2844 87353.79213857651 51905261.1011967 -0.02107940550679288 -16.96284820629711 -12.082428488025506 -1.7163521170808878 72.5829067384696 -18.488679372966544 7.778446645797146 -137.88104412269968 -295.83586488892774
2845 87384.17401218414 51925345.93260728 -0.03982101731032728 -16.975373757466734 -12.081588913634604 -1.717043439408343 72.58126697935661 -18.47098262795845 7.817779670949449 -137.8609367203279 -295.45123201633487
2846 87414.36514925957 51974602.56338057 -0.07530314864933274 -17.053764358538764 -12.055506286274138 -1.6950651714897162 72.58214897958939 -18.320837212438505 8.153224731281227 -137.66397818226562 -294.90367082102284
2847 87444.49395036697 54079428.87674786 -7.49986278207794 -30.37961666341058 54.617240272360725 14.047307070147781 74.9773147497333 -14.291816978414545 18.049560078779564 -131.81191510643458 -263.9457543139612
2848 87474.64396715164 51918265.526301675 -0.0720777188296502 -16.959051977448343 -12.14472888836378 -1.739591125158924 72.58537407326928 -18.480150846324477 7.923245667306787 -137.8838162609154 -295.5968240078995
2849 87504.7822959423 51918835.61193441 -0.016733193112710154 -16.979187626503407 -12.196508395081928 -1.817525910881173 72.44564808933742 -18.648573736286608 7.627644360078307 -137.98260005332781 -295.47797011564876
2850 87535.156737566 51927729.624529 -0.05308915935567882 -17.08045233886495 -11.976104147319283 -1.6986644754922509 72.55283591904 -18.468929243535 7.798220914502281 -137.91058341464282 -295.37243512995724
2851 87565.87845921516 51940301.87651425 -0.08052831625372647 -16.937215955534985 -12.0466378631088 -1.6664157942330746 72.68190893004605 -18.41079287409309 7.927440263697235 -137.75363142375585 -295.3126815834671
2852 87596.67330026627 51909285.13398033 -0.04576227505931385 -17.006660801200983 -12.04256190600016 -1.7269382674236908 72.55077885743036 -18.471524563916375 7.869402525876183 -137.9318230361689 -295.85862963471413
2853 87627.56851363182 51940518.04488922 -0.04146405407735898 -16.994251923559972 -12.082414446147759 -1.7430007865200565 72.53362429213746 -18.38796657621208 8.028520649179086 -137.79038527113528 -295.41644834233364
2854 87657.59066772461 51929987.84644623 -0.07090777884712551 -16.975627829031723 -12.126366541274017 -1.7499932853002917 72.55044327595867 -18.579506753176986 7.598919675572688 -137.91835270546528 -295.16199392147536
2855 87687.47899150848 51935156.32300434 -0.1111475226472649 -17.084093362914377 -12.023600763948288 -1.7058889800492665 72.57291716404175 -18.46191048188058 7.904364394714776 -137.86063741077686 -295.43446053615406
2856 87717.10697960854 54036324.315160565 -7.523005084839582 -30.431279926309536 54.717980594252765 14.041854845721474 74.94839811172966 -14.478547871171202 17.686730282281815 -131.9241249272423 -264.51858147910457
2857 87747.2135925293 51900717.823672235 -0.05777375239377491 -17.134501285395878 -12.066987145876652 -1.786735673182406 72.41531704013148 -18.581536251058253 7.728318534130494 -137.97775887213663 -295.8790589514064
2858 87777.29178476334 51905365.49924906 -0.08151115614189663 -17.039727973929306 -12.123029073177129 -1.750274480463716 72.52053241710388 -18.67230888771286 7.515384585568768 -138.031758900351 -295.47631087020216
2859 87807.50487279892 51945886.17000414 -0.09364386971926564 -17.04143094135749 -12.074133648817245 -1.7240100086079906 72.56241400498243 -18.389504128263127 8.068240037660189 -137.86044843447962 -295.29103390425706
2860 87838.01525640488 51919289.18856093 -0.040039216797516985 -17.023219410415354 -12.131115063690572 -1.7848835877635594 72.47342433912408 -18.601789828638005 7.62571698680847 -137.89110666226338 -295.4514078239767
2861 87868.25439167023 54070561.492337406 -7.582494860454549 -30.49633845037195 54.75559398459783 14.078191090082385 74.98016304223906 -14.429967247401578 17.861322079163642 -131.91796991949764 -263.9079805620865
2862 87899.01948428154 54032019.86752807 -7.505254500529357 -30.439525980807858 54.73461698726512 14.010326546835117 74.89321599417019 -14.574428111073644 17.53339543095001 -132.0344187888756 -264.3441102005468
2863 87929.17147445679 52205979.961034164 -12.931988250118831 -40.19225616770391 -2.7099588503999286 19.817184423236753 105.55373523213852 -27.351472488979084 21.420409747806843 -144.6131784918109 -295.9171508520556
2864 87958.77346944809 54029932.28298633 -7.501451733034166 -30.45592184345746 54.70581020418952 13.998095069316207 74.86222117994727 -14.573574492847285 17.522420141036378 -132.09462345112627 -264.34704697716563
2865 87988.71584177017 51938150.72367495 -0.16837074886808168 -17.118610313437607 -12.073699007343727 -1.702214804202029 72.57153185688104 -18.563210275591985 7.715094286042813 -137.8652615738252 -295.154961909221
2866 88019.49222588539 51892845.27573969 -0.0365046098444779 -17.029131757015 -12.105965363129535 -1.7662917044877844 72.49175410335839 -18.580628298564648 7.612525180928685 -137.9719919086681 -295.8981108196814
2867 88050.70605564117 51910978.2344878 -15.292649814390678 -44.2211262051007 -5.806665251821002 1.3290791235570936 77.24984238155332 -32.33272644858425 17.176575891280777 -148.31285531524856 -295.90717109280246
2868 88081.13740968704 53195031.06666543 -17.988193760866086 -49.15731803029061 11.43698729518028 55.08840058592128 161.48633000264945 -22.701367647688812 43.11473947759009 -141.07665760878808 -295.4299174238703
2869 88111.20927381516 51933832.49363223 -0.026278409437839656 -16.99564740079629 -12.177184497730615 -1.8055411777739323 72.45378678179138 -18.55897997828407 7.747934439508924 -137.90737707265845 -295.2034081719617
2870 88141.47241425514 51950289.53222803 -0.0008515004391966841 -16.95406134124774 -12.194842168687948 -1.8212400732866172 72.44230351875207 -18.459514590916115 7.961714318104157 -137.807502538246 -295.1575345303246
2871 88171.94749212265 51920722.09555791 -0.03247767595332007 -16.949513967488922 -12.247410158371956 -1.829825420932849 72.45913885255587 -18.517232178572385 7.873876161446788 -137.9130756041693 -295.5300323519396
2872 88202.08230614662 51916160.473029874 -0.011029665637739328 -16.963783476653155 -12.224949500851835 -1.8437220374114531 72.42074311662498 -18.625710095509305 7.685916286353574 -137.97882505758076 -295.5385234576306
2873 88232.15823507309 51893117.328643136 -0.051971708047659604 -17.00519626837487 -12.14319579825544 -1.7902560737049384 72.47692855715363 -18.54171355632934 7.775097028954974 -137.94694576942618 -296.01924152813444
2874 88262.48313808441 51924967.752672836 -0.03066447062800748 -16.997522369821603 -12.16757768801493 -1.7909624880173993 72.46538823618634 -18.61064165322881 7.56417149618494 -137.93908029450114 -295.2497191803024
2875 88292.6898252964 51934584.084177636 -0.0850853561146927 -17.065090190149963 -12.12119695775906 -1.7564529956573978 72.50310293501792 -18.417125541822884 8.019802805047789 -137.83478240739635 -295.42152652864866
2876 88322.84897112846 54946248.01685371 -9.302519961750225 -57.12865884659493 34.182885077756694 39.87893262068272 79.1057336353276 -13.248319150920793 23.849779974590547 -130.26347873194374 -254.77228943948057
2877 88353.17105960846 54038806.49929085 -7.53952239530042 -30.355790639730937 54.6621490889202 14.025508791774499 74.96898202939778 -14.371818155052154 17.930615027209683 -131.9106467220754 -264.66645970146186
2878 88383.29788208008 54897674.80068071 -9.320635009547729 -57.22227632275405 34.2920973195896 39.87903693441996 79.04604111568936 -13.453552064635062 23.432862265504127 -130.46870433115265 -255.40115502467916
2879 88413.4345164299 51918668.5204223 -0.08868859593937728 -17.01230175850419 -12.128430659779397 -1.7582294624948815 72.53373415298702 -18.56123697467956 7.724572600237252 -137.92804175005023 -295.4500710022676
2880 88443.61235404015 51898347.70344545 -0.0823733700627507 -17.007493462430734 -12.194188343379665 -1.7903021133964927 72.49535894160692 -18.699060113392477 7.533684952212582 -138.0542316441602 -295.64052479738314
2881 88473.48993873596 54939801.604556434 -9.264533318932038 -57.1424853041836 34.32816506841892 39.893373869564314 79.07850261642785 -13.253812962269478 23.882287168860557 -130.2323394555837 -255.02763926153477
2882 88503.90108728409 51928439.06136782 -0.000427157267321121 -16.92803257488289 -12.294092480052186 -1.8806219833650744 72.3877847935663 -18.579864281467167 7.807238220469571 -137.94106097889886 -295.4067751237295
2883 88533.96742916107 51913826.094472624 -0.0691530788101069 -16.96868432799071 -12.213651687482056 -1.8084868535172092 72.4797030082218 -18.635001222053177 7.694492418659081 -138.0160992335268 -295.3825176242898
2884 88564.0142929554 51935858.04479777 -0.045927838265765075 -17.03239295848316 -12.249097864631388 -1.862165094044272 72.36784411130488 -18.631259714665987 7.674376419659211 -137.94268980266025 -295.17533815149375
2885 88594.03827285767 51898554.50423335 -0.057067755917326934 -17.068015182244373 -12.124543446374531 -1.796831841368899 72.43874719218853 -18.66273609352868 7.5761231559152975 -138.06177184712806 -295.74339489158217
2886 88623.98359441757 51908427.7248164 -0.06147748979405776 -17.037126641489905 -12.167105759995785 -1.8165879615122833 72.43600040258949 -18.640060869064257 7.690567751383867 -138.01637842564827 -295.6856808665304
2887 88654.24815368652 51942575.58794439 -0.10506950217881794 -16.99917963427171 -12.268389018054165 -1.826659372189539 72.47478793914212 -18.586851404997333 7.823433628027885 -137.91608636766654 -295.12481739772807
2888 88684.41510152817 51924256.20065117 -0.014295929310453204 -16.895360857365873 -12.153073682035249 -1.759662334972944 72.55820515787703 -18.541961260304106 7.749288252359634 -137.88913511629926 -295.4321576504872
2889 88715.00170254707 51924785.89144831 -0.020586302431990333 -17.000872893803603 -12.201381872040642 -1.8447986225616972 72.39526104725655 -18.65666942334576 7.634142158427835 -137.95551934822595 -295.36159092642856
2890 88745.23586273193 52283293.76113245 -13.007857127610762 -40.26927478927706 -2.9356603692070493 19.693251925970245 105.41327659115386 -27.47062455815916 21.531608206106398 -144.53161301036027 -294.54327655914955
2891 88774.98897218704 51933906.72719658 -0.0074696095364714665 -16.986839822444686 -12.271039417655423 -1.900960905985059 72.32758837846858 -18.6806628170292 7.682291513847929 -137.96498206025672 -295.3301503816221
2892 88805.07249593735 51928219.07717856 -0.14653691403620428 -16.9859349330147 -12.278513515210719 -1.8358815601699376 72.4881304109767 -18.71002924339109 7.6386463420573705 -137.94370474283926 -295.21910091602757
2893 88835.79382967949 54005049.86264722 -7.524101858459893 -30.309753045403465 54.54725583160614 13.928736519091927 74.85980294938999 -14.613894612354159 17.549530748373513 -132.15196087863313 -264.85859355688365
2894 88865.91665244102 54016554.90203913 -7.508112702040684 -30.361607905772452 54.6376511608035 13.966508967906293 74.88208952613707 -14.588442896030017 17.556688253329753 -132.08812595010085 -264.56662642702156
2895 88895.7982814312 51887980.87240955 -0.054818612873521744 -17.060606377621085 -12.14291999522571 -1.8167005080696867 72.40731181759047 -18.6636899813912 7.551272709495947 -138.01313181820728 -295.83025822722436
2896 88925.73027467728 51902018.88995667 -0.04359862767075384 -16.998049143016015 -12.275622091073792 -1.8584583005463315 72.40231482796666 -18.807720370204947 7.4095904050423655 -138.0869310655525 -295.4747562657121
2897 88956.83176922798 51894079.4761699 -0.14274838177346183 -17.050370038100265 -12.237619370152288 -1.823425104035934 72.45431298319612 -18.788944034689678 7.406069574323567 -138.11273217269655 -295.53872612327234
2898 88986.64716529846 54394470.04305067 -20.462220274603776 -53.49489076594905 64.01240819872393 35.624846722031606 108.08434491590724 -22.994212865593 32.075512285723676 -138.45207389823247 -263.9775589685652
2899 89016.9716861248 51906279.99882285 -0.05342865894875359 -17.027394200554088 -12.246741601096772 -1.8567302400110322 72.39514624836292 -18.84004445667972 7.326873903242699 -138.09245572824312 -295.29279195006654
2900 89046.78811597824 51902080.35500486 -0.06653493712650871 -17.08349394221004 -12.10972471784622 -1.7917329216608096 72.42742646739057 -18.6885742762625 7.517415576238363 -138.0348625404559 -295.62969684625693
2901 89077.05191540718 51924725.90600501 -0.036496224947700995 -17.039612879592656 -12.253998052951822 -1.8815522248107754 72.34223090901398 -18.67137007389107 7.657910648266409 -138.01490067369843 -295.2895275698131
2902 89107.15411925316 51912548.94034467 -0.08432496206732765 -16.855288769337573 -12.283240312269143 -1.81764755571443 72.54043999163936 -18.583385832300053 7.8104746921388255 -137.92378512024925 -295.6554502404098
2903 89137.30910086632 51939728.42609002 -0.13117458059365106 -17.022277708943413 -12.286378417145201 -1.8679209696843202 72.40033357760709 -18.64545239155524 7.753766249721707 -137.95983215184157 -295.1753855455082
2904 89167.2104818821 51920283.82611539 -0.0737465504100534 -17.048405550465308 -12.231349091662516 -1.8537555098460814 72.3885345940391 -18.54990055266171 7.860004210204465 -137.95359813559094 -295.6189093320913
2905 89197.27200984955 51946728.60609756 -0.052389658134259776 -17.09626389139826 -12.20317939736362 -1.8794266703193188 72.3301567511612 -18.695596223465714 7.746028761616742 -137.96493708601633 -294.98284533027254
2906 89227.54428887367 51923371.98286031 -0.04923492959701292 -17.04353684363506 -12.276681721321403 -1.8995948822997235 72.32505081861372 -18.78055478369083 7.477024755333105 -138.100030283722 -295.29985640891135
2907 89257.6125922203 51936422.903638646 -0.02980606930500329 -16.994599302462134 -12.258357284425571 -1.8853590447472186 72.35560574082476 -18.639444935056645 7.725121629966907 -137.92409169634112 -295.2846932959661
2908 89287.71065497398 51953237.63546236 -0.05981755239193376 -17.01142867154969 -12.335352742910267 -1.9316003112732005 72.30753353580978 -18.644551787094656 7.823965294800587 -137.92518174209346 -295.0067226135146
2909 89317.80014371872 54012421.24197387 -7.432547074047932 -30.385801805348983 54.716463308511564 13.874614626865878 74.70288745137032 -14.715616132381285 17.39995899803273 -132.19031402506369 -264.5068309335012
2910 89348.0961868763 51876873.69485847 -0.04401587625547876 -16.939396032146107 -12.341815929333428 -1.8894425670787456 72.40193266426093 -18.77762287523683 7.47471188193316 -138.15216165571252 -296.00057795549685
2911 89379.8672106266 51897968.384138815 -0.016863295133010325 -17.073431409021012 -12.216342628413592 -1.8915634545612647 72.29541218224426 -18.746959459121626 7.5295399745167515 -138.08794378302548 -295.80334691029816
2912 89410.12789130211 52223128.8452129 -28.367356382308063 -67.61765465663025 3.4033584183151504 22.803801990664397 110.15199579358419 -41.339773684505815 30.883397177882898 -155.15333137796438 -295.7269370609254
2913 89440.66125869751 54043701.47835117 -7.485313245464717 -30.42245328281927 54.752183832681744 13.927810048135711 74.78264098271207 -14.537071344978756 17.78335660046787 -132.01037182891497 -264.4059137061838
2914 89470.6712653637 51879811.97399594 -0.05627677714461754 -17.18837600798463 -12.230617738193793 -1.9260612433018451 72.2280672136791 -18.96536831537952 7.20040595735486 -138.25428000430276 -295.7213490505748
2915 89500.84059047699 51911045.22181348 -0.09820291078201393 -17.15676577391523 -12.176731974717491 -1.859896908778012 72.33642620935828 -18.607914984201102 7.8713460717759745 -137.99993647359202 -295.8605104060614
2916 89531.28869271278 51896698.516521506 -0.020094795921455244 -17.14842672119043 -12.195034030382558 -1.9065621821520722 72.2457552541095 -18.843999148662306 7.3075460528665985 -138.11356205946987 -295.60634245323456
2917 89561.60264277458 52249754.17576992 -12.962383613836714 -40.18157636716826 -2.880170324810578 19.73002561221037 105.48272417085559 -27.452521398974397 21.370622284749857 -144.56502130908632 -295.1293743755367
2918 89591.68698573112 51920768.08948585 -0.06914038129191269 -17.049334777636385 -12.298382296501273 -1.9075282808792622 72.32347823260504 -18.728542734831592 7.699307270315728 -138.0409753859709 -295.4700645134848
2919 89622.24229979515 51887012.341763385 -0.06788103050043048 -16.93796085112612 -12.342459584313744 -1.8945607160177218 72.40012319852428 -18.825362707635577 7.380795493099299 -138.11051203950427 -295.6635456533155
2920 89652.63029265404 51928288.85560689 -0.06991290961678942 -17.16499758041332 -12.23785266641061 -1.9198317965741438 72.24966770298556 -18.76926843171998 7.618320412777905 -137.99888104640837 -295.2843717926926
2921 89682.41683483124 51910757.832268596 -0.06913388725022784 -17.070500497678964 -12.285493597895304 -1.9292828767519694 72.28459884862578 -18.772468579300778 7.649301761070149 -138.0944794527444 -295.5714997987502
2922 89713.45491719246 51918169.265995145 -0.03142763701936602 -17.104624327793623 -12.23239646926956 -1.9145092524111362 72.2735586587771 -18.817308345512572 7.435863948416056 -138.12953623407088 -295.3023996157399
2923 89743.93554139137 51940590.60742928 -15.293761185236658 -44.5250196456733 -6.043825025216151 1.0723229189367771 76.83394943533587 -32.683599408315956 16.973395398667776 -148.56077376362282 -295.23185540311385
2924 89773.75464916229 51898676.25219104 -0.21977177224223254 -17.271666101588316 -12.190124757993757 -1.854139135543278 72.33844940958481 -18.895822143694318 7.386601496538617 -138.1977637775522 -295.4209333291484
2925 89803.4804558754 51916516.334817335 -0.07728007634633371 -17.066530868421406 -12.229761714486195 -1.8566292282991839 72.38915093348682 -18.68454095172052 7.727873696110464 -138.02416655231247 -295.51488947815517
2926 89833.47244524956 51919248.14987556 -0.09332860018628608 -17.129315273657305 -12.20728825318119 -1.8874136556957666 72.31446906465206 -18.705348677253824 7.729149818934104 -138.05510065115936 -295.5468506684691
2927 89863.1154294014 54021126.03278092 -7.551392837757238 -30.511955718893162 54.722445331597676 13.95229155543899 74.79731480416248 -14.669413324339018 17.477164548626774 -132.13317963437066 -264.49086667500444
2928 89893.36842823029 51876714.052222125 -0.04667079619526859 -17.234574200797585 -12.136703057653968 -1.8706615060683305 72.26037384224657 -18.909558718062954 7.133536815095226 -138.17663094599612 -295.8376699475316
2929 89923.15352535248 51929297.50449071 -0.08098602595617876 -17.153480911964774 -12.190587877003118 -1.8957654794810281 72.3055157937975 -18.704355486933594 7.724215697372699 -138.0090702168116 -295.42752925680577
2930 89953.21445655823 51919948.31816753 -0.16945737001714178 -17.244821691593472 -12.086864267214146 -1.7929520265707737 72.41526086385005 -18.688703066198173 7.763255192787369 -138.01660287249206 -295.4116400047911
2931 89983.2178041935 51896915.99380857 -0.009813099623208643 -17.00997495965015 -12.221459880277337 -1.86478821428517 72.37105329826385 -18.762385616806796 7.436746061793883 -138.0541113764433 -295.6338770486039
2932 90013.38363671303 54032924.956856206 -7.508811962290203 -30.527360414953208 54.75226372014368 13.913025855129803 74.72081004013937 -14.74394934374692 17.40668665675821 -132.17335206706298 -264.23731277608107
2933 90043.57640600204 51837192.911466934 -0.1062235838131862 -17.286551920773753 -12.23761391903696 -1.9354882546427206 72.1955535402731 -19.01906759039008 7.150290282335391 -138.36821700139643 -296.46243936210436
2934 90073.74836397171 51929700.263594866 -0.19870253807014393 -17.30191287300442 -12.042639669620577 -1.7754383646789194 72.41321829677855 -18.682464942202785 7.611993349255783 -137.99765207756604 -295.1154994000252
2935 90103.49713492393 51916563.95962983 -0.07024814365965426 -17.295203838990997 -12.215139829787852 -1.9694680752140954 72.10971422399143 -18.858938805893047 7.46390681781628 -138.1683462872956 -295.29812249624683
2936 90135.69717335701 51893862.07113552 -0.03158907657403276 -17.24314770295369 -12.201840777780568 -1.9276655231278852 72.19438071671597 -18.773136456711427 7.528126341565439 -138.15208547495234 -295.8147856110435
2937 90165.75339150429 56976430.473861024 -18.797502407537188 -50.812774334153865 97.51981798447648 56.233611741777906 141.61353870832502 3.308157216070697 81.08992753738505 -118.56531347195556 -264.16785149115447
2938 90196.45224785805 51936095.314883634 -0.10947772236902154 -17.187060971906458 -12.213826588425533 -1.8636901693244141 72.3390378222322 -18.687784468258712 7.756889978860897 -137.98982337202818 -295.1887592769458
2939 90226.24278831482 52170498.797110595 -13.072158505819967 -40.34228890001173 -2.9594405085443185 19.656705539369312 105.34440736155004 -27.809073338139058 20.978450233972808 -144.94406806187874 -296.02626230895066
2940 90256.49141812325 51908832.9478742 -0.1642782583988236 -17.31337421125129 -12.027441035650938 -1.7961716286228864 72.35567199052586 -18.732901980790984 7.583270167827607 -138.05029568419315 -295.60372529744666
2941 90289.243755579 51892673.51564965 -0.2066191478751982 -17.35113718877168 -12.206459245739403 -1.9299179551474595 72.20474546348085 -18.876426470858405 7.473579963998418 -138.15598767409313 -295.758917765925
2942 90319.42589831352 56532282.632885024 -40.00026080343605 -112.28893891628142 67.55419553537905 118.40893967240419 201.2217410722364 -25.937647747271853 73.22186977815716 -139.8382796846018 -255.04811520613288
2943 90349.82231998444 51933238.16723645 -0.09625417245038648 -17.31410629308037 -12.269916731598492 15.620506207675334 99.16873073833986 -18.78630644667902 7.7003071667545555 -138.04882985569196 -295.1493208544087
2944 90380.661236763 51904794.96811738 -0.24349254776342377 -17.24123800631179 -12.211897098372077 -1.8720950674596253 72.33839997686151 -18.85844174844931 7.492699767925501 -138.0950679857454 -295.46055557888724
2945 90410.30528688431 52223731.319595955 -13.041743321130266 -40.383922595168116 -2.7463727235316924 19.772902867213304 105.46414637657413 -27.467853659488185 21.435547786166808 -144.64262733454882 -295.682949855109
2946 90440.26489567757 51898428.5563779 -0.03364233769331548 -17.18001309227063 -12.136864729368419 -1.8653542315474283 72.29438351033164 -18.831570630455587 7.278731630086725 -138.09555436265117 -295.43971929380626
2947 90471.52320241928 51904132.340775214 -0.1325495731023345 -17.31967488867716 -12.21413868103648 -1.9361537256990289 72.175914245253 -18.849216607595793 7.4676238897494045 -138.10940775480736 -295.55823510826934
2948 90501.73632383347 54862030.591567434 -11.230238015395134 -37.325844466870805 30.69751425134678 40.452751263524604 139.224576726322 -0.6790499957000975 71.20044801458073 -124.40723088891878 -295.34789479262645
2949 90531.6214401722 51894790.01235075 -0.1980613583188564 -17.33431348466031 -12.197434073754692 -1.9111862670269062 72.22346102803488 -18.904503579140055 7.3689210248183485 -138.21387387374114 -295.54803202908613
2950 90561.67180943489 51906814.343558565 -0.09656535461366644 -17.23760182879945 -12.158196735107282 -1.8983762510791564 72.26108758081004 -18.788015372140308 7.588996276998785 -138.09529461220524 -295.5567899773966
2951 90591.50625491142 51901596.420575105 -0.2095621461359478 -17.31248841502693 -12.13988171853891 -1.8595599025097584 72.31699274375028 -18.795004255803406 7.579204484746242 -138.10383278039842 -295.70859435877924
2952 90621.9240641594 51900840.42433331 -0.10513072049625549 -17.232624911515156 -12.154037198356939 -1.86850057172596 72.2867306622919 -18.838780310364257 7.340577290223791 -138.11982379294733 -295.55413421737063
2953 90651.94770431519 51920980.04364901 -0.15581571537576977 -17.2542945271779 -12.235599683298403 -1.9114960523063473 72.26045055945136 -18.760277506901673 7.674113789079229 -138.0765189648693 -295.4248341799582
2954 90681.83946609497 51935328.565293536 -0.28866043199183977 -17.359701769788067 -12.124203195194283 -1.822639690899834 72.3625997661996 -18.747232357649295 7.702462354675504 -138.0157152518966 -295.0868703107179
2955 90712.0449206829 51908869.51811073 -0.2151005688760712 -17.31953842323376 -12.205040186968716 -1.88211612694586 72.2718444439738 -18.849346229163473 7.54016614267789 -138.11926369931905 -295.36507889941356
2956 90742.63300204277 51874567.29848451 -0.029502278364670786 -17.317912032596674 -12.250329685290204 15.626935116018913 99.13707299283452 -19.021451363217807 7.054777057097851 -138.31506807336677 -295.61955361585365
2957 90773.01723313332 51908800.53925937 -0.11673852771220083 -17.258492198339276 -12.20759717933747 -1.9141070287410997 72.22743806680687 -18.94314524409566 7.337688375270545 -138.19496065656256 -295.3751255032802
2958 90803.24384856224 51915154.99512903 -0.07914367029706071 -17.35624574909964 -12.15103298867163 -1.905957408930135 72.1606900838664 -18.78819085224643 7.405009304173177 -138.11609574254834 -295.2995538744037
2959 90833.02106261253 51922424.6370763 -0.029940940505287728 -17.209866461500013 -12.27591944004456 -1.9916619427252584 72.11435211355764 -18.74448427562237 7.657927516726659 -138.04103181331232 -295.31752100303845
2960 90863.02380108833 51906321.252486534 -0.10910085976603412 -17.296201869894123 -12.197967919506851 -1.9498086696166723 72.1593268991666 -18.911068776853654 7.383433538316467 -138.17125227187984 -295.3930327827852
2961 90895.13883590698 51927545.078456976 -0.1358775386878186 -17.26553916117097 -12.18279746427983 -1.907137652294793 72.23473280406597 -18.965665943991098 7.268335371039996 -138.13267164327232 -294.9277714563018
2962 90925.54588747025 54898816.17912947 -26.81414686286649 -65.0292740233199 36.86108581983691 43.533827699126135 143.88482383727066 -14.63025058073356 80.74360730854539 -134.90977971861014 -294.9596985885958
2963 90956.68521142006 51932153.885742754 -0.11612879935353249 -17.319472962447758 -12.14278796763928 -1.896862272523876 72.21188777236787 -18.717683569426583 7.665648581764003 -137.9973232385716 -295.2193833767306
2964 90986.59540247917 52246492.375356644 -12.995114284888217 -40.31352761611172 -2.940617927510999 19.629286810776676 105.29597050732683 -27.548671875822833 21.38048602062679 -144.67220584472904 -295.08686907683347
2965 91017.22317528725 51933780.10597015 -0.018327631333384886 -17.25502520363606 -12.332710208585262 15.583949716706215 99.13122272477463 -18.87807635108669 7.432662272221307 -138.13363841115097 -295.0283075478578
2966 91047.31511950493 54907911.81973914 -9.414622880340662 -57.39057341202458 34.386089911897656 39.868964798215316 78.99288054178979 -13.44339581158755 23.665555426792025 -130.39332384716835 -255.32017615391072
2967 91077.7977950573 51919018.08748743 -0.12955862570054322 -17.407162152295918 -12.197435633826586 15.640107988396466 99.15380761657745 -19.02487909549137 7.196967973041353 -138.2143198153862 -294.9933470308064
2968 91108.40959453583 51866102.543539725 -15.38846821765534 -44.65697532354627 -5.9198661234247325 1.1471493665731884 76.87282392213446 -32.90083565427557 16.41044835563207 -148.75813978202802 -296.0779273306672
2969 91138.48429465294 54909059.32121807 -9.390256642451309 -57.413409562880425 34.205193396426985 39.77011665638621 78.84601191667753 -13.607404487759709 23.412296618506275 -130.48496045175705 -255.05291347094527
2970 91169.15540790558 51937302.464566745 -0.039161889445299636 -17.12342077381401 -12.304651118469963 -1.9689648577224972 72.18808621263199 -18.706001070077264 7.688982639196581 -137.98107503658014 -295.11321916323254
2971 91199.13305163383 51906490.365514815 -15.422917130597657 -44.51811029492748 -5.935554451415925 1.1747884224141814 76.97937697157462 -32.74322600571213 16.76313458642835 -148.5877777632797 -295.65472218313926
2972 91230.52195262909 54055463.05382814 -7.597335074606889 -30.78437024474506 54.933216559406084 13.905530092372715 74.60238946867064 -14.714033999241622 17.547946917457466 -132.10510971265649 -263.89805155642455
2973 91260.2542026043 54334266.87722426 -20.4471269240797 -53.65162321399982 64.17240570826482 35.49610185073439 107.80910239919214 -23.401206729758826 31.45690493995812 -138.74529573342062 -264.60108186474076
2974 91291.47662591934 51878474.11884801 -0.1343355565381401 -17.306938547677717 -12.259525766009034 -1.9502866731084936 72.18212374486978 -18.953433545954738 7.307837194361468 -138.24267626678773 -295.92179277763626
2975 91321.62632036209 53207815.34312323 -17.825993358460583 -48.95353711754082 11.654805727676859 55.121715794521265 161.52235522329113 -22.49987148348754 43.13019452550475 -140.90643133895895 -295.26358251908675
2976 91352.47551703453 51908480.16915558 -0.019056837633485202 -17.190956805490906 -12.271380888228734 -1.9803549099459161 72.13702585820316 -18.938193010692885 7.23889588184619 -138.18503915988754 -295.3115314544981
2977 91382.92221689224 51873778.5920532 -15.452651839350331 -44.545363620933884 -5.9768818383151014 1.1444001534030974 76.9525028152594 -32.780467160994476 16.753523551366015 -148.671579305453 -296.23774005959086
2978 91413.58603858948 51906297.023606285 -0.04341044564911556 -17.193473529092437 -12.285393513517029 -1.967299938108738 72.17042020506803 -18.89242051841319 7.393579913868223 -138.17109599366512 -295.39879777108143
2979 91443.5808558464 51900953.599088974 -0.005318751532040977 -17.199756454835143 -12.277854754723691 -1.98544526054539 72.12919063760883 -18.961170743714206 7.2783581085325295 -138.2135801605404 -295.5073414637477
2980 91474.01077747345 51881654.98211 -0.07412573694198343 -17.20052153742197 -12.290612069610305 -1.9488372117275503 72.20206530174127 -18.892337477594992 7.365048269875331 -138.19768379018973 -295.92226955002036
2981 91505.22167944908 54044012.47630225 -7.5861006643638795 -30.60651661060448 54.761295187267685 13.921877979115479 74.7327015397214 -14.727767686534776 17.522012261094005 -132.12615964960463 -264.1362389209919
2982 91535.81987929344 54851972.16920513 -11.555064323470791 -37.51441488971996 30.36499651492933 40.394141652010845 139.2055679121226 -0.9204665548149364 71.24112782370548 -124.60961915786481 -295.44779622978365
2983 91566.4702270031 51889088.558708824 -0.04505037382516974 -17.18103249334574 -12.340467592236138 -2.0204822024766997 72.11408855986818 -18.960177222157256 7.296815952838756 -138.18060539568535 -295.6330759498416
2984 91596.34089136124 51895137.26453796 -0.20445160088826952 -17.34631168105391 -12.255835949910292 -1.9517861951614748 72.18241488199084 -18.923570276282703 7.478436328908515 -138.18917725480628 -295.57100472598773
2985 91626.4708340168 51901099.899951324 -0.07464207428996161 -17.23956687375373 -12.319557921383627 -2.0010334831967356 72.12236282095883 -18.902217881616593 7.415209437848432 -138.18815578275616 -295.5555546549525
2986 91656.66080665588 51898795.033279255 -0.05564667722105199 -17.148717901370674 -12.312726451409091 -1.9681865907456881 72.19995985949554 -18.897117638798136 7.354857757399145 -138.17240371006238 -295.6309709342519
2987 91687.82146310806 51915793.97650839 -0.05630752111821735 -17.19872147554596 -12.318428138908295 -2.007196804401005 72.12159475685438 -18.81026420366038 7.618140132485678 -138.14457564934492 -295.40040044365264
2988 91717.95694494247 53200415.57662558 -17.82896507071999 -48.89484648469576 11.70137025889241 55.130461004273755 161.5704605547858 -22.581533484464615 43.05912543158854 -140.9674874484562 -295.33485881963225
2989 91749.248254776 51917807.85383375 -0.07709338798867904 -17.190991182066096 -12.3368674338857 -1.995931442110873 72.14874615751482 -19.024896894320932 7.22688127696 -138.1698110713267 -295.146321361312
2990 91779.28018116951 53227762.8363916 -17.601089057940158 -48.643871497591114 11.920128394307632 55.15377650205542 161.58432418694667 -22.299091497232553 43.255011371710566 -140.71110609360989 -295.2373168954392
2991 91810.19061422348 51869278.187217966 -0.10273664147553774 -17.26466764425809 -12.287688772314475 -1.9716385617174268 72.15292759149577 -19.041557180669884 7.103008836257004 -138.3063813763153 -295.9337603749039
2992 91840.38793158531 53206397.1739841 -17.74408417784616 -48.77463215692889 11.852176220101597 55.15498918024626 161.6017795933407 -22.372858801165762 43.30938846336039 -140.76842066260326 -295.65703480386856
2993 91870.26875209808 51905491.46608084 -0.12171709848514922 -17.260707431237456 -12.265866908607371 -1.9388801235300406 72.2110266457343 -18.878533591408086 7.4582873497259925 -138.12522396991716 -295.4265908144656
2994 91901.66741490364 51911532.03381668 -0.04122580992201463 -17.224016069079408 -12.301265607880552 -1.9849984168839683 72.14157786216573 -18.88867589013671 7.436195300716804 -138.22879260776512 -295.33867224440655
2995 91932.17126941681 53177146.370754965 -17.763076606350943 -48.81688447529564 11.764268742975567 55.142229755132945 161.5803454515325 -22.454413856178064 43.19990802533994 -140.93059093149373 -295.9242655095502
2996 91961.94685459137 51942596.952771656 -0.15176473884356056 -17.32017722756683 -12.248492057701036 -1.9508992703554924 72.18266303962936 -18.74529179763607 7.752992264690988 -138.05079795488513 -295.11900491012057
2997 91993.18363714218 51868766.09654596 -0.1628369872850044 -17.225022079485598 -12.267866898205249 -1.9154762789370494 72.25920500102501 -18.815979848394818 7.522914781209465 -138.1473385714379 -296.2505050206797
2998 92023.10381555557 54755932.29983921 -11.409581873641056 -37.508676349322315 30.046456244386114 57.897398474597594 166.08960751186964 -1.440111354753867 70.08926423995331 -125.07162960793426 -296.1826267588232
2999 92053.03269600868 51923016.44788498 -0.003641452186226246 -17.255299872644535 -12.326268522538342 15.582383935116894 99.12616855126569 -18.911935840360627 7.43072346516567 -138.13152312320773 -295.34320185278483
3000 92084.06241822243 51877846.81141333 -0.058943775088394545 -17.23573335726543 -12.239643373011688 -1.951486496342497 72.16507271979418 -18.919089385513416 7.346329562335086 -138.2574202203283 -295.8426199898921
3001 92114.08242940903 53210482.99588701 -17.660927768153677 -48.741640429922136 11.978720180599389 55.1914476289362 161.61471132965778 -22.32421635072035 43.253698847074816 -140.7644635825652 -295.4911271076941
3002 92145.57201242447 51905122.679679655 -0.06747929013818421 -17.19042968831054 -12.381906972490079 -2.0230178986031575 72.13022837414547 -18.88740490513686 7.482605967395955 -138.18283185505788 -295.5186167049808
3003 92175.33247303963 53195724.68413678 -17.63293895911817 -48.56358399481961 11.748122952643897 55.108552087827405 161.6130789754191 -22.37825340387002 43.27984330583206 -140.81207887792306 -295.7737317036307
3004 92205.2293586731 51854939.06826619 -0.04928085346016431 -17.20837216104549 -12.35279969414836 -2.005045725986264 72.13392074030124 -19.096711435325005 7.049692394377189 -138.3567665288964 -295.9846769214723
3005 92235.52705264091 51884173.548210606 -0.03896779554453644 -17.194668755978736 -12.37304859122785 15.575047530098942 99.1549612702517 -18.9660734218225 7.307651376775482 -138.29191760463272 -295.7795032678439
3006 92265.2563033104 51900450.845306665 -0.03587149530626732 -17.219782792131586 -12.359895859837714 15.579636043664081 99.16324519243406 -18.993029540856185 7.195572956142598 -138.19681816967392 -295.43958801498127
3007 92295.1796798706 51922780.20591693 -0.11640138444888137 -17.244310272859174 -12.258208993191246 -1.9413410382540945 72.21460138769933 -18.866989602007436 7.444268870342171 -138.11478880403 -295.2348111801824
3008 92325.2242193222 51903667.307367295 -0.034415931006957834 -17.21415950060034 -12.256536629984197 -1.9603040957655224 72.17256643558954 -18.81648704463413 7.554516790603827 -138.16525885487914 -295.63185588643285
3009 92355.9872777462 51915807.54750053 -0.03606136829029083 -17.21466775238096 -12.31717305265694 -2.006163940157464 72.11906324144768 -18.915327369801332 7.3630367564181824 -138.13512012569555 -295.2677657452089
3010 92386.15679883957 53216297.79038679 -17.76339445228068 -48.73886696300471 11.579372597166746 55.08042689269479 161.5706180017483 -22.446559628528917 43.344087008601036 -140.90101223233944 -295.24685800095006
3011 92417.48966860771 54023581.19350227 -7.617470669579944 -30.52863205032629 54.64756490705681 13.913369832888762 74.78125930996768 -14.731873683518074 17.582372035889193 -132.1749351068961 -264.3656522293287
3012 92447.73143482208 53206597.717289194 -17.781623247184584 -48.79659086301576 11.752667286448244 55.141158797066026 161.60470502382432 -22.38038099938052 43.448626349814276 -140.8061556961053 -295.77178745782203
3013 92478.95276808739 51870464.17254023 -0.06700766941893832 -17.290501473453396 -12.311013154952327 15.605370724188234 99.15930659451813 -19.04408580408284 7.185552334480633 -138.31209779749895 -295.82121823462205
3014 92510.24887180328 53195021.1296144 -17.61784981935561 -48.62395317114377 11.83672047406948 55.14051997419904 161.61584447966754 -22.326098701912542 43.346550535664505 -140.79980652073232 -295.8587575086618
3015 92540.4189646244 53223536.50619823 -17.637035310008326 -48.70327371976289 11.935258496878618 55.17247397010982 161.6105642475948 -22.338263333957457 43.22651830873508 -140.73590785686082 -295.3091436496486
3016 92570.43068957329 51904107.818572104 -0.05184889474256593 -17.189419812063118 -12.307421814460739 -1.9765561140177113 72.16426766016791 -18.960526392160887 7.278365177850446 -138.16338143169594 -295.4506694377608
3017 92600.29045677185 51920181.670642495 -0.07137998324763473 -17.12296328541803 -12.339433116268694 -1.9823009020123408 72.21228344337446 -18.818780941914838 7.596286966846776 -138.09365264072443 -295.28187406682343
3018 92630.48285341263 51881983.85240782 -0.06800349105367687 -17.211108047488132 -12.288519061295986 -1.9574693747419758 72.18738879781536 -19.007504478299268 7.076058437258098 -138.27564952895688 -295.6026469497994
3019 92660.21906232834 51866809.20020357 -0.022297788875285107 -17.134324145988472 -12.355868770772538 -1.9941777592681262 72.1711548602056 -19.068007945385375 7.1181581677400345 -138.3464280334694 -295.97303456595216
3020 92690.1060128212 51918259.97990522 -0.018857535608244547 -17.271598164564736 -12.212959060350187 -1.9591198070244786 72.1336384901958 -18.8640240980788 7.399081552911014 -138.16342912823637 -295.20425146104714
3021 92719.99308276176 51921841.061207846 -0.04129773998500852 -17.26207092578959 -12.223952754713544 -1.9588497477261342 72.14455803721293 -18.863259022918612 7.441382890157286 -138.14759152010492 -295.31402902904745
3022 92750.08471655846 51917407.70139652 -0.03915189418264475 -17.18929131093819 -12.328103717676733 -1.990001715910779 72.15102424408146 -18.864211605233493 7.486134479175803 -138.1595108695032 -295.30612368670677
3023 92780.49853253365 51912555.48170103 -0.0027921250951870036 -17.19742652412082 -12.362490755243236 15.57939548919741 99.14973411701867 -18.957320176924952 7.330788858198275 -138.177762254147 -295.2705324441592
3024 92810.85217428207 51890619.74093022 -0.038626211278522504 -17.217251442384494 -12.236275406999361 -1.9453223325167812 72.18395979500575 -18.89758979335045 7.299850980993369 -138.16172399171774 -295.5658313267587
3025 92840.9389538765 51921235.23218605 -0.035446986055056584 -17.31757296230567 -12.219839507196426 -1.9642263546290621 72.10451498832565 -18.885705250750107 7.363065345029554 -138.13263827328154 -295.1254350521565
3026 92872.04105710983 51878821.03120928 -0.04897019350777043 -17.24726040180271 -12.31590091488043 -2.0064311819993037 72.10176159569195 -19.02231620537907 7.135809087217865 -138.3262686980521 -295.79240374675044
3027 92902.84597063065 53228097.28033723 -17.723995691316805 -48.80493328383187 11.787502048591577 55.14488459656911 161.58143196650016 -22.46542913124216 43.15990194033134 -140.80896008456108 -295.0120573602304
3028 92933.28416824341 51911244.058528595 -0.03510349204698926 -17.27431764998009 -12.16095995526581 -1.9270324090938402 72.17245126880623 -18.8549236058127 7.317808746567721 -138.14102210503125 -295.338489836653
3029 92964.3642783165 51900637.20573361 -0.13673850768624618 -17.315456093766265 -12.311258801404456 -1.9922462879039102 72.12281755019507 -19.02894505858029 7.209145842303315 -138.26556414186598 -295.2450543898983
3030 92995.54378294945 53196919.64882819 -17.759585002567466 -48.79434024858422 11.805421747105719 55.151602499131684 161.60114118286208 -22.421756742329535 43.23471153193566 -140.8278229390009 -295.60497603810234
3031 93025.4635810852 51927560.776439756 -15.414334162057838 -44.68163552658539 -5.983648050573535 1.1092307227742282 76.84099691327269 -32.77920150305022 16.8226668178645 -148.57629014898862 -295.3417022721435
3032 93055.61958479881 51864514.164854124 -0.01170219063849487 -17.16495577605469 -12.370042040585787 -2.0262450088106476 72.10113322978931 -19.019818361401747 7.1611397381553274 -138.32017262310006 -296.0766118504641
3033 93085.76912927628 51907689.70044152 -0.03436512671055425 -17.26413440144587 -12.210055549269882 -1.9444121330361526 72.16238385533207 -18.870034545487613 7.4025058687834075 -138.1690055023625 -295.4631756389176
3034 93116.31932759285 51912013.48142025 -0.07422042178739119 -17.273462549263765 -12.349523361871498 15.585674278824541 99.13736673995183 -18.997144870875218 7.315767706613258 -138.22476563599503 -295.22638456251354
3035 93146.66695380211 51916671.91540211 -0.025745137007628927 -17.243947847257814 -12.211045313383636 -1.9391150653834188 72.16141310528826 -18.902629005663584 7.26515479081047 -138.0779911271144 -295.0694231650033
3036 93177.5468454361 51891988.77390685 -0.05052419754726856 -17.259342051726584 -12.277829861872753 -1.9766955436665512 72.12690075655914 -18.846468361081577 7.465847002718704 -138.15460977269782 -295.9164007166225
3037 93208.90379524231 53256679.93445224 -17.50418109462462 -48.55241873935726 12.016636768441252 55.17489335023548 161.61251097849478 -22.04220558400999 43.58934414641908 -140.51224849071286 -295.03378443788534
3038 93239.10892486572 54821467.76058833 -11.401532905269548 -37.63726053553425 29.89548587462837 57.892070995613395 166.03364536728859 -1.3098843702159684 70.47414566386442 -124.90487960266864 -295.4817621154553
3039 93269.4195034504 51897221.78457393 -0.041293802890717046 -17.202194908815883 -12.318396881232417 -1.9885537083714127 72.14501104267391 -18.898319104389657 7.3889649986005566 -138.22229717117398 -295.578689379371
3040 93300.99871730804 51901512.18188665 -0.02640474812809046 -17.218965057935545 -12.324792747267807 -2.0115906047278145 72.09862949302924 -18.976023609298068 7.229990973291365 -138.26802252164822 -295.43224472735426
3041 93330.89220309258 54839758.58180509 -11.44814901319312 -37.473449455787126 30.437147614692698 40.401058862073214 139.1933104985532 -1.0253500665737079 70.84849995861146 -124.63515743560424 -295.3357967086546
3042 93361.25124502182 51876707.46476771 -0.04583488161044258 -17.278834972121278 -12.322200326941854 15.60698115338191 99.14618164095094 -18.91218780834049 7.302110023323905 -138.1889078739954 -295.92637694383524
3043 93392.57714343071 51889068.06414284 -0.06578639678248521 -17.283841810381784 -12.242278311192095 -1.962614961498403 72.14603168588326 -18.93757298539009 7.316853730053708 -138.2137279292927 -295.66665325623705
3044 93424.92865538597 54840624.74626618 -11.382049957681751 -37.578918212950015 29.997451826039438 57.90189006685064 166.06771742304122 -1.2830149877669328 70.52239874562372 -124.82264287187394 -295.0804198441888
3045 93455.11142063141 54822732.85949788 -11.370644291719461 -37.47288839383611 30.110239100189375 57.91137851665695 166.11776011372666 -1.0823803497954145 70.86823006261727 -124.7938360116388 -295.6856080150921
3046 93485.3291797638 51884893.08224091 -0.0284741253295131 -17.212707838160945 -12.29946013050246 -1.9856221451678948 72.14129640440598 -18.824226784263203 7.507844161267087 -138.22947338764834 -295.8323368955987
3047 93515.82012152672 51894318.52994358 -0.0887259711724866 -17.263312797600157 -12.273378085594452 -1.9419006092285116 72.1856295310262 -18.960165298980314 7.234159358154159 -138.20283182577884 -295.45034239003223
3048 93545.65789270401 51894172.347589895 -15.312678518779386 -44.553046554886045 -6.10366579630427 1.047568037603142 76.80619193673762 -32.884730915555565 16.638498781021212 -148.74690506769605 -295.7449816013095
3049 93576.88470482826 51872202.66793873 -0.07988818049897972 -17.248744361340464 -12.332942082884308 -1.9957028005504895 72.11991233374405 -19.07037640812473 7.067745149904965 -138.3175434581496 -295.68865149000635
3050 93608.86269426346 54873088.066603415 -11.421212533765882 -37.51116152937577 30.44959754719322 40.40438648825064 139.16270188856072 -0.7786119223575838 71.28045097604047 -124.51745272534197 -295.0977878248949
3051 93638.61993861198 53224166.62393342 -32.941237122948216 -76.19732075071367 18.19724695154183 58.25261674997708 166.27884045192155 -36.11922848429202 52.939141246181975 -151.17379589848235 -295.80752032418263
3052 93668.88669228554 51912480.928369366 -0.02835991327114229 -17.210189131134022 -12.360558254733803 15.576451289229013 99.14547602850253 -19.055508495138383 7.145441846616109 -138.24189994843624 -295.04501822151326
3053 93699.29582667351 51854998.946863376 -0.14160325240852245 -17.376000290537405 -12.272144668272851 15.6219549081342 99.16434112784138 -19.111986470133786 7.109736626345921 -138.385140888828 -296.042618973784
3054 93729.96226739883 51910491.15933709 -15.369729577721024 -44.611884267828366 -5.9836223802960475 1.1062594614891026 76.86097306278617 -32.70180776143053 16.973396633331845 -148.60123222953376 -295.7561435531219
3055 93761.12877774239 51883127.72301407 -15.388068589012331 -44.55241474555652 -5.999425669681138 1.1275395295645865 76.90234735797097 -32.85442571508747 16.562840682741694 -148.72093699606916 -295.90993028257515
3056 93791.33928179741 53203417.528513655 -17.816720115156226 -48.86750819728044 11.715164238994305 55.13284274261018 161.5715798111875 -22.44443953559744 43.311337103680216 -140.8938195558104 -295.51666125668635
3057 93821.73074030876 51871294.29391988 -0.10069017874872799 -17.236406929585495 -12.283787073441218 -1.9452053127739646 72.20190998029943 -19.011499527462547 7.181587525160353 -138.24620561697986 -295.76212324297467
3058 93851.5803592205 51909076.735747665 -0.049575146135111936 -17.236698441405004 -12.294920862832058 -1.9868312589901223 72.11913381665705 -18.78303247328148 7.591188667970869 -138.08522136699986 -295.5817119546427
3059 93881.92215418816 51873399.65957758 -0.05046677286408041 -17.260076437104516 -12.257573891659213 -1.9794465487152308 72.1118148805142 -18.995103969364038 7.194424166321596 -138.315519603987 -295.8469560445383
3060 93911.79457950592 51887079.31401242 -0.08650763250686566 -17.23348881483713 -12.314919793720087 -1.9648728851274626 72.18188044236301 -18.933606608418756 7.362947044708392 -138.22598688477308 -295.73295810651854
3061 93942.09424877167 51907830.38182031 -0.06939858625489137 -17.220807662081924 -12.328176059093451 -2.0006039302402883 72.12537351426612 -18.849559077160052 7.525825139407743 -138.12327944229799 -295.4812875958218
3062 93972.09542107582 54899854.445598 -9.362661628330581 -57.46712367308048 33.921605321390025 39.6486496055588 78.70810908870968 -13.640164077777683 23.49208817854867 -130.55499147326663 -255.31526316863204
3063 94002.90942597389 51910691.620700255 -0.07306294651145961 -17.25436039245923 -12.330525664267931 -1.994591462498306 72.12236188915344 -19.021386798057335 7.163051682770231 -138.2315388602915 -295.09359464053335
3064 94034.13305687904 51908799.70615643 -15.328195141921892 -44.6737543857139 -6.0047876628879635 18.68848349722367 103.84863678312402 -32.890113612696325 16.563133230613403 -148.69318185730373 -295.4026942366544
3065 94064.08533167839 52240638.8735379 -13.044558460735821 -40.457429442069476 -3.041736483045561 37.16871091873047 132.2490298437797 -27.84944472183082 21.03834200096344 -144.84433551797275 -294.8432592485906
3066 94093.89577889442 51915447.81901201 -0.0846628427846845 -17.23415351638841 -12.320749935516183 -1.987763525820597 72.14301265862511 -18.959487951315566 7.31233126083788 -138.1847913288155 -295.1820698613182
3067 94124.04563832283 51898125.10153856 -0.015282045923527221 -17.21876417768648 -12.267903954005973 -1.978094254582345 72.12808702195908 -18.859764155351286 7.432222763353025 -138.19929187685193 -295.72621458590714
3068 94154.38286733627 51880431.55716527 -0.0399505588650797 -17.193171976870897 -12.304779897646142 -1.9787523718045463 72.15722093221187 -18.97627796477292 7.2076608751834215 -138.2552641774555 -295.76582088499384
3069 94184.81991386414 51905852.08710742 -0.05058569066409646 -17.24999057264512 -12.311738266922461 15.60045499292805 99.16258115328527 -19.02385821266307 7.228088340041609 -138.21797682921095 -295.3245591746915
3070 94215.14650440216 51918711.206220895 -0.10976592789823414 -17.27983032998988 -12.247989943511293 -1.9461711260459253 72.17561687111655 -18.782826638480174 7.583996559272634 -138.0960542060223 -295.47687796429705
3071 94245.6646540165 51914010.4735521 -0.12162099079856858 -17.31014893420876 -12.27825309045906 -1.96613652134414 72.14728041201681 -18.747556204501564 7.719000353100057 -138.0720623118126 -295.6163361271341
3072 94276.2358212471 54913671.640908115 -9.313143232622853 -57.45502146591229 34.05254650508686 57.2759644105644 105.75679754921572 -13.65226591904667 23.42008620848344 -130.5827321253122 -255.10105355215907
3073 94307.10858011246 51928308.627651736 -0.14768065229760197 -17.24383663623097 -12.273370245849385 -1.9371826017969767 72.22238756768027 -18.81894088034693 7.6154221053444076 -138.0851162247523 -295.2279686089851
3074 94337.0315682888 51888992.20446678 -15.400898537051933 -44.64373059990728 -6.03148479286434 18.69307804634954 103.87816755847719 -32.92013670567525 16.582025620309878 -148.74564334533994 -295.7972650751202
3075 94367.01858019829 51914934.39994675 -0.020048927517841264 -17.179922517820582 -12.348332638924596 -2.0114483669660785 72.11675955220892 -18.903289272699055 7.379979715275681 -138.15090607160914 -295.2819564952213
3076 94396.86133122444 51888060.75534337 -0.07795074291673387 -17.273941551496698 -12.250160610186718 -1.964629709310131 72.1455873183083 -18.883947707187474 7.384328686882839 -138.20406082559316 -295.82671768288026
3077 94428.07710313797 51884014.35294132 -0.07072105260617079 -17.249882821590802 -12.29428907669729 -1.9877963569903159 72.11949312320776 -18.94448268942881 7.26339346678526 -138.22355304296963 -295.7378936440885
3078 94458.39781618118 54853014.38512046 -11.378679882926043 -37.44710662717763 30.271006860483162 40.35189917601441 139.1100147387637 -0.8586740470147447 71.17283170879523 -124.53558210808455 -295.39196765725785
3079 94488.43773293495 51878568.21077199 -0.04762070004445462 -17.18904676557013 -12.245137006401208 -1.9367779280833162 72.21236398557409 -18.84558800796634 7.364603126906616 -138.13144721931673 -295.9538280758553
3080 94518.4547727108 51898894.511387326 -0.06729353688965034 -17.195805092133543 -12.318539298342543 -1.9750577706605412 72.16615707187819 -18.978330401985147 7.205387214335872 -138.2454443609393 -295.39021714940554
3081 94548.46855735779 51877146.980155185 -0.06590878967258362 -17.228985289681507 -12.236527524677093 -1.9360859499982581 72.20060908711054 -19.021776185406736 7.02491166740441 -138.24642685747244 -295.72058452972703
3082 94578.48917508125 51896793.15830052 -0.007554915491549963 -17.2073506725266 -12.224638529054829 -1.9430431096236163 72.17851739263284 -18.834276569503743 7.41496344680877 -138.19610421881913 -295.6690211858748
3083 94609.90959048271 51886221.30567341 -0.05262143894028526 -17.272618165374865 -12.318710839422735 15.598242270008683 99.14954753860803 -19.024165397237994 7.2653334391642375 -138.29034426351097 -295.6780414998286
3084 94640.30720829964 54848039.61238333 -11.391031369723596 -37.46675677283813 30.480597208663994 40.411362476685895 139.17979481060485 -0.8979064663065515 71.09771007473603 -124.62920971571646 -295.4522629067541
3085 94670.2859249115 51935224.52479525 -0.06792217681505264 -17.233254999053827 -12.225860787580856 -1.9306186649325525 72.20685783149897 -18.630178519673848 7.782785888334729 -137.96859427327132 -295.32873574709333
3086 94702.24885892868 51888379.93490568 -0.03414980353882058 -17.18469791999165 -12.283674718754526 -1.9729964917810179 72.16638599981988 -18.92006944668509 7.300133281156775 -138.22353463331007 -295.6773874005194
3087 94731.87263464928 54861702.71308529 -11.400104864197953 -37.332147429439914 30.594864866673902 40.45125371092624 139.28895478463363 -0.7906224852159767 71.16609291454449 -124.47162241471102 -295.3368819063304
3088 94762.4975862503 51921286.504021145 -0.05283241285745888 -17.188020625906372 -12.329662382116702 -1.985176208069504 72.1524592412322 -19.00318635547785 7.167648457534881 -138.20649369319693 -294.98429996662276
3089 94792.77342033386 51929763.76620388 -0.027160674942102503 -17.1906914972549 -12.327726596350928 -2.0073824419036868 72.11578674609966 -18.87816163612854 7.394691155661178 -138.1382065866233 -295.12377928959023
3090 94822.82594513893 51924503.5416992 -0.005630891979777175 -17.187373231072236 -12.340994114801433 -2.011606939361158 72.1083287109195 -18.85212146045575 7.5032278414731195 -138.0604629680061 -295.2397052243792
3091 94853.17775177956 51890098.83312158 -0.05846331234005575 -17.225607884007346 -12.26639387769383 -1.9528532710328363 72.17957038447396 -18.99132265008984 7.1582063276835015 -138.20899704886244 -295.5078065367517
3092 94883.61673164368 51873488.47802435 -0.0877827455007747 -17.228597515382578 -12.290766450772956 -1.9573351031021815 72.17996080126251 -19.02297197753444 7.186235761773332 -138.28448353446402 -295.7676571438309
3093 94913.41164851189 51922773.65104679 -0.04824259472093928 -17.278086035089686 -12.237913368382038 -1.9717043647318775 72.11275751386461 -18.856022596254945 7.475397362409524 -138.12584666725843 -295.30403356282983
3094 94943.2865395546 51892947.594616525 -0.05020089515474169 -17.193400745000275 -12.299330132249459 -1.9809260807296027 72.15826989644212 -18.847757366947633 7.476215714174202 -138.16431596792933 -295.84460661323396
3095 94973.34785723686 51905741.12584864 -0.01371462429099779 -17.221970824541632 -12.267505532760502 -1.9866538389322983 72.11175054430282 -18.88746393199807 7.372936924187286 -138.18450992378905 -295.39392184968005
3096 95004.23195743561 51878527.24847505 -0.0642486479672364 -17.234322075743712 -12.316044471353521 -2.001926362987831 72.11456386030893 -18.970048787306553 7.345813126199971 -138.25824775437513 -295.9494424434872
3097 95035.22458672523 54055351.32506171 -22.830676342833847 -57.905997006612004 61.05115924627999 16.93221604421693 79.34430374834639 -28.627886239886777 26.90328385981752 -142.62683483512876 -264.03082231565816
3098 95065.36660957336 54005069.48398506 -22.825707599973587 -58.00770996870122 61.11787485886082 34.50066620454578 106.30945701154864 -28.818009651720615 26.66375573389621 -142.8759969441665 -264.6083176607441
3099 95097.2005212307 51891254.179467484 -0.03450506638267825 -17.146821888418575 -12.330876643881801 -2.007526615819131 72.13579269024498 -19.021615782270203 7.2283885157903 -138.28091649343435 -295.5481034108419
3100 95127.35806179047 54887021.54655552 -11.431029004889794 -37.54464792932462 30.175861877430883 57.936602485059254 166.1286020980896 -0.9873538619821716 70.99374503971262 -124.6364345545129 -294.61293328949796
3101 95157.87711071968 51921386.720446795 -0.01923141049152477 -17.232225196589138 -12.257494608445214 -1.9891786939089258 72.10530308830495 -18.832445253994194 7.487100955467497 -138.1464403200472 -295.2205832754861
3102 95187.60490512848 54923650.9147867 -9.275504242354192 -57.424917377289226 34.07747784007892 39.67760250790286 78.70543864930222 -13.510717280065478 23.646866735719982 -130.42987584342666 -255.1557314970577
3103 95217.9430847168 51878221.46412724 -0.026216017977841233 -17.252081948304642 -12.32776301394852 15.59073965212147 99.13910469693137 -18.94270539625154 7.326095615724455 -138.2982393603986 -295.9239464877289
3104 95249.17977380753 54046167.363879204 -7.527960751370035 -30.578033090828264 54.80802172834041 13.840594018058866 74.59404187381776 -14.684960853013308 17.64525684467651 -132.18947536612194 -264.0714150250817
3105 95280.26847243309 54850361.912286244 -11.370378386626868 -37.536236583612386 30.10504927011298 57.91984021831556 166.0817941394656 -1.1267175901629116 70.74766915616726 -124.8189703517898 -294.9995072252359
3106 95310.46743535995 55317949.49623209 -25.218137735713785 -62.12001139331052 78.78528205336212 70.94893954191411 164.03695488385117 -18.331512733814577 53.34746569218612 -134.94914866605785 -264.5728688720064
3107 95340.3270163536 51920852.35344128 -0.04799678286875064 -17.230065884569868 -12.228067277777726 -1.9660368686113117 72.13968217166678 -18.90432989628829 7.302468022906055 -138.12411383911285 -295.15537620526084
3108 95370.11344885826 51890263.25971107 -0.026475397148196578 -17.170946024678713 -12.258990764779242 -1.9649328399249413 72.16907807141999 -18.937224918776394 7.266742427067072 -138.20635183254348 -295.59104296156266
3109 95399.88674354553 51892012.89310255 -0.011819255980210386 -17.21626309390006 -12.303767514222173 15.59307069670669 99.1533599659617 -18.99786578740577 7.1503287249738605 -138.26928710281697 -295.53253292037266
3110 95430.03003311157 51901946.81454803 -0.03283979014137728 -17.213835086126704 -12.275154178604339 -1.9897138748686132 72.1210203854114 -18.950863017987558 7.25348737229865 -138.23056356948024 -295.3426444653643
3111 95460.42962169647 51905814.454931594 -0.015069737263299743 -17.205321987727004 -12.24777972594589 -1.9715585779157578 72.13607878844199 -18.944879414034915 7.250848650606088 -138.24378136564343 -295.18824966617944
3112 95490.73162961006 51878870.143762276 -0.012910331549907283 -17.18561062864821 -12.321809016469743 -2.0148038855549117 72.0957614294648 -18.88584268027057 7.376661378493793 -138.2533610358813 -295.974725656089
3113 95521.59243011475 54885952.33335831 -9.254206255563467 -57.39194396722122 34.06537105880133 39.67106829652354 78.7062358773102 -13.696092394375796 23.213070732666324 -130.56711032903513 -255.43127687704143
3114 95551.59538674355 51885219.37979181 -15.374477464926283 -44.617088928977765 -5.992047486576226 1.0981960466430962 76.83818171425139 -32.81713258344877 16.74071234358405 -148.68329352570396 -295.979345577985
3115 95581.2618432045 54028036.18118857 -7.530911389819501 -30.544652053581313 54.75520120197139 13.839574777873636 74.61810085422204 -14.825771399234043 17.397915407920095 -132.22969114414656 -264.12539299228405
3116 95612.32029652596 51870466.510857485 -0.03264333981481471 -17.232396691410894 -12.303885034038572 -2.002744771197129 72.09364663012016 -19.111365032801245 6.918274310347613 -138.3372954454863 -295.6705580780315
3117 95643.02882242203 51932530.65515004 -15.393722561350586 -44.61637135064442 -6.00876841775397 1.08343679926449 76.84037656338914 -32.67727446166219 17.064896359304953 -148.58621843143982 -295.45821476648973
3118 95675.97237586975 51922434.50478319 -15.341163453514724 -44.69905930682808 -5.994432510293215 18.678878128386103 103.84474672317214 -32.91252330027146 16.619109214677337 -148.70888834070706 -295.1278914430528
3119 95706.06978583336 56156190.38235015 -28.96990189684866 -68.94584245768043 54.446784480711585 97.49699709737644 228.56433139702912 -4.2639865308674985 107.05231385432887 -127.17196111716618 -295.48055117442414
3120 95736.03983974457 51885633.493951514 -0.05715481653392729 -17.159643364663445 -12.299927213119624 -1.9652744739461383 72.18974515422656 -18.93009306941525 7.276335187328414 -138.18703081979777 -295.8191088631712
3121 95766.11654448509 51906267.911637716 -0.06720904117197435 -17.229922127884148 -12.304815568380455 -1.9928897006994077 72.13644420773696 -18.910051886847157 7.450180127438557 -138.18373990849608 -295.54637499707246
3122 95795.78052473068 51915853.44540081 -0.03268366733036743 -17.200790350924805 -12.302802316977903 -1.9962162963580994 72.1197785245958 -18.98676194129922 7.171572784801924 -138.17050951749115 -295.04027425100867
3123 95827.81636071205 51903422.16775678 -0.07290387408286847 -17.235431268377333 -12.315582963037983 -1.9971350651891129 72.11652835718701 -18.92339654683059 7.3543188364265575 -138.1772963797847 -295.43485293371293
3124 95858.41531562805 53204201.6839936 -33.02353388373713 -76.15053567209165 18.075782645972048 58.216428088444886 166.27693177135097 -36.35852525040127 52.539110971860055 -151.35434466158307 -295.5891675053065
3125 95888.38947558403 54034021.12675882 -22.83230547217006 -58.00403239980347 61.102364665302225 16.921011954545662 79.29399469955295 -28.765696148280313 26.61203749469223 -142.76477414163372 -264.192372950552
3126 95918.3762922287 51879308.391264424 -0.03637474142363217 -17.20222774373172 -12.27773054033593 -1.9754190048723501 72.14265947795252 -18.927239634826037 7.261928402929925 -138.24418387531887 -295.8022893903198
3127 95948.6225323677 51905827.74210337 -0.013067360420908614 -17.195412595881855 -12.278325838061534 -1.976672786562986 72.14225973868537 -18.891506276669645 7.296371442490624 -138.14955201881338 -295.4471630634183
3128 95979.03091692924 51923188.90514932 -0.056068496164147774 -17.244249348485702 -12.296812403934076 -1.9951106663789488 72.10046315182723 -18.878174193446625 7.444954439592266 -138.1277187642761 -295.1745395464437
3129 96010.14844965935 51915241.121978596 -15.388776347013437 -44.58283789967004 -5.981820652205592 1.1222045472858184 76.88507731595446 -32.687146637798264 16.92046588052824 -148.55748559589745 -295.6804638478774
3130 96040.06027436256 53184685.74848629 -17.654818071364073 -48.72583437141684 11.878565692305614 55.15687097430818 161.57737480782117 -22.39761800029231 43.13669815475555 -140.81816774257248 -295.78019498887386
3131 96069.69156002998 51890022.5078227 -0.04012662196108607 -17.19256945402465 -12.312094244774194 -1.9879584128037635 72.14300916972118 -18.901931461740844 7.307687418821274 -138.18934409200665 -295.64904747734204
3132 96100.04145216942 51947926.13846838 -0.027794879399476002 -17.218789635368626 -12.333817403025215 15.587695882443256 99.14122422942371 -18.851373322510142 7.481618602711535 -138.09875627794247 -294.7088593014729
3133 96130.40748333931 51947517.26029357 -0.01227530771729235 -17.220875000486167 -12.265679964447777 -1.9909954274488797 72.10092540063198 -18.669557821988803 7.751107494154041 -138.03417416799618 -295.00521884109776
3134 96160.24786996841 51910422.294704564 -0.03292528462486288 -17.210178104429033 -12.273590458478076 -1.984873853568061 72.12716873719087 -18.87970605092022 7.3938434885795346 -138.14327743551496 -295.24269729677326
3135 96190.26167798042 51891717.27725281 -0.07880337758935951 -17.202618002953997 -12.320203693279367 -1.9774786536773235 72.15910151292981 -18.96327294567635 7.305175967397531 -138.2571005533825 -295.6816213854098
3136 96220.19261050224 51923214.230577186 -0.051348024977130535 -17.1853065925249 -12.300410861265547 -1.9831530610908459 72.14738093756526 -18.941694510346395 7.31310038004284 -138.1435364892974 -295.1062247817259
3137 96251.5831823349 51886353.05953839 -0.025586897336673076 -17.15816783216839 -12.324550387516354 -1.9963938690790428 72.13706355335144 -19.035667442524925 7.0760641658101235 -138.28104480775386 -295.4569791121007
3138 96282.14056539536 53191233.69365029 -17.685535170106732 -48.7273289104097 11.779561564298525 55.1311347952594 161.56759840388705 -22.504778517710065 43.01628202876202 -140.92527141864855 -295.60794085745215
3139 96311.98028755188 51921034.332829535 -0.05471176295111846 -17.242328795919917 -12.298612743291741 15.597668832973866 99.15413663456037 -18.974314450395468 7.2342580521678315 -138.18654610116187 -294.91488058548623
3140 96342.47043895721 51926199.159137815 -0.0184826591873275 -17.197261426510952 -12.257317711560326 -1.9783578244932443 72.1346858744284 -18.955154012954154 7.177076521719812 -138.10061888358763 -294.8936694051836
3141 96372.76585125923 51896597.595699295 -0.09266500445626491 -17.239627612184872 -12.248751510907894 -1.9485852507065005 72.17415610482848 -18.945517608852015 7.244072110536308 -138.16882428621227 -295.3781758974271
3142 96403.00820803642 51898581.35980331 -0.052003278935618624 -17.242512066033655 -12.277234420406266 -1.9882396655333423 72.11240234382176 -19.14208038785216 6.892119355407942 -138.29565264477384 -295.2128308842864
3143 96433.02898812294 51914452.39054529 -0.003949613520106254 -17.204386681484888 -12.275597556740927 -1.9984593870013043 72.10039072642486 -18.829828295759512 7.461602466301315 -138.0583447783775 -295.4297429009999
3144 96463.51462817192 51920286.31637696 -0.007176087411981058 -17.217191317934894 -12.295111501411611 15.59480982219415 99.14472569631722 -18.834434885117616 7.5008858362957085 -138.1322716098337 -295.34682934548493
3145 96493.99307179451 51930886.96820495 -0.04824982861691751 -17.23060821528538 -12.274188780408934 -1.9837214965940149 72.12286621573953 -18.879613869271623 7.348734174671563 -138.1131141181878 -294.9903530312282
3146 96524.1510515213 51886366.59141859 -0.04690977960839504 -17.215378564514495 -12.310931949072717 -1.9971563022663759 72.11625431786103 -18.972214268721075 7.300746008147769 -138.25363059500063 -295.78114892070994
3147 96554.14363002777 51922773.96715209 -0.04756180336954685 -17.22188499295624 -12.295650318657103 -1.9947255015614758 72.11185653062209 -18.87745853748544 7.469758036568294 -138.15375548883594 -295.2089718550543
3148 96585.39976167679 51927332.35631146 -0.014392999377349724 -17.16139883744825 -12.31474811913202 -2.0031982119897407 72.12412571049694 -18.82731731019652 7.566186185920685 -138.13425649196552 -295.134988532252
3149 96615.66617155075 54839706.29266772 -11.337259986075875 -37.499824464162124 30.23865040866771 57.943654360706404 166.11375328754357 -0.9189049678921037 70.97358502756833 -124.6621641591102 -295.54606422525274
3150 96645.84163475037 51874731.55556239 -0.054419165574763895 -17.23113161199587 -12.265323391702331 -1.9634165204810188 72.151448914265 -19.044667807785515 6.988849870274294 -138.31036575421513 -295.6298231799735
3151 96678.16674470901 51911644.88115058 -0.0035201286118606845 -17.188818326800913 -12.294807453343658 -1.9986760299514543 72.10217363532227 -18.87725352228648 7.33442519402189 -138.12906778224198 -295.23539885657624
3152 96709.19157385826 54837133.46620524 -26.75499002862058 -65.01873100098251 36.45606552182787 61.01897724335578 170.80876786499456 -15.044407033912762 80.16767602276411 -135.2637198423758 -295.4465943226658
3153 96739.31830596924 54854675.03141547 -11.32364037502617 -37.41677376631497 30.349593853700398 40.367227927974454 139.11838070887242 -0.9227289695796799 70.90156046887216 -124.54743846721925 -295.2235280158509
3154 96769.68463563919 51899664.15964279 -0.051914218601854856 -17.254967208637765 -12.253163902278374 -1.9760381628520207 72.1177451769808 -19.098251832380072 6.991048209002884 -138.29268475664685 -295.1090792313953
3155 96800.86428689957 51907436.22742397 -0.020357103055147263 -17.168345117707997 -12.29768867645199 -1.9995988406490994 72.1173050567327 -18.965748000035433 7.215336651575569 -138.20598467723795 -295.2514839175275
3156 96831.03964304924 53212239.38612075 -17.63416671678709 -48.68756569227638 11.887756102002356 55.15549802616093 161.5802993599691 -22.383930752634512 43.12544663657354 -140.7433467936268 -295.3177712385133
3157 96860.88384103775 51907113.90182794 -0.049075372143345675 -17.235429990636113 -12.266176082879909 -1.9826863710793532 72.12288442715894 -18.908572727340754 7.348928947763227 -138.18267329094817 -295.3362351935829
3158 96890.87647366524 51900719.579624854 -0.02852777674775453 -17.223006590255842 -12.236491106599473 -1.9679458311025826 72.13125983085524 -18.93614182873813 7.288932216414821 -138.19875334078546 -295.4936635182729
3159 96922.78203368187 51902819.16910744 -0.01837570358245344 -17.17717603131791 -12.26909226928619 -1.9749101169210803 72.14585838465085 -18.951789265789444 7.2286382655756825 -138.21670702787975 -295.42521038051484
3160 96953.60885620117 54850143.17430168 -11.364148689664788 -37.44051948238154 30.413128579091932 40.390130181325446 139.14638458471256 -0.8014932474358716 71.18544831729128 -124.56662048496815 -295.43054810549575
3161 96984.9699819088 51922485.35267715 -15.379872030882023 -44.67322138231532 -6.006248952360863 18.683971261307548 103.85301035977977 -32.83574890296728 16.735749157205646 -148.652780590117 -295.3384223320697
3162 97015.06520962715 52193262.1280398 -12.986681225789326 -40.376456060640045 -2.9371950703085474 19.61436626703444 105.23876853543744 -27.72544833283183 21.011920990985118 -144.83560877443057 -295.79177362427635
3163 97045.01601314545 51938279.368098654 -0.05901394491687029 -17.23844812302421 -12.281374615769131 -1.9888772066650233 72.11472912012661 -18.9408976024759 7.27939558061928 -138.14176495705402 -294.83437616881884
3164 97076.13471221924 51926702.42735505 -0.035290359319876785 -17.230869285003926 -12.289637418524109 -1.9932428274530025 72.10527045499131 -19.025773631300694 7.136096338029574 -138.18049577180324 -294.8954084725205
3165 97107.34062504768 52213916.5079357 -12.991940707403963 -40.35160222720572 -2.9165065313689738 19.643571033818887 105.29249740164732 -27.638992065357513 21.2105560501401 -144.77992983287731 -295.57482776401434
3166 97139.2731628418 53225148.635762185 -17.70132064712989 -48.754224579540505 11.85371760756908 55.15705672303713 161.5862456030635 -22.358050213502338 43.308864977453595 -140.75755284281502 -295.2217038639717
3167 97170.17407464981 54874097.94628338 -11.400257387658126 -37.51711343188854 30.350159554452105 40.379290120649515 139.1103179158078 -0.8661110798576033 71.16724891871786 -124.52810692494319 -294.9594062099554
3168 97201.2294318676 52206913.70388166 -12.982960044518595 -40.38529499405542 -2.9484201518735347 19.608965462705683 105.23577683183954 -27.736353996318087 21.06457230203557 -144.87948381476548 -295.48012984994705
3169 97231.35128378868 52216442.35590666 -12.993285461848323 -40.33285636814719 -2.9757819436172923 19.613296195420347 105.27052324714245 -27.78454710154722 20.933380938717733 -144.83783861183133 -295.331311012505
3170 97262.48639011383 51904080.85910117 -0.03347775477629966 -17.190489683053393 -12.286118586817715 -1.9828351438578835 72.13981266905411 -18.916689250177967 7.2830037742583045 -138.1851618063185 -295.36835277478383
3171 97294.31148004532 54947314.78804529 -24.626329317293877 -84.85072604689154 40.42857647194324 42.78201212372059 83.43292872162168 -27.389096423140188 33.14840693069664 -140.91360818602948 -254.92216275104872
3172 97324.52717876434 53234745.0998599 -33.00768380713153 -76.11070465805096 18.124832056174384 58.22722739173673 166.29337820417285 -36.22218553316583 52.77106233157872 -151.22471958078762 -295.230541993456
3173 97355.94179677963 54012018.92558318 -7.544614397545061 -30.609159657163808 54.81424603976128 13.845136834935644 74.58774638147938 -14.737488587905773 17.547793992116226 -132.2788299410425 -264.65464356945967
3174 97386.21087050438 53209314.55976601 -17.667490104028232 -48.72191895684724 11.826613860721963 55.144298454569324 161.57331315317074 -22.338575213608806 43.29380190021527 -140.75364899029688 -295.58413713529444
3175 97416.62423038483 51902071.44192629 -0.00828532517266467 -17.183375024614875 -12.310085452788648 -2.0127813485947854 72.09516987347418 -18.84965150050175 7.428645637024829 -138.1651246856265 -295.59080048121785
3176 97448.04558348656 51934685.67835845 -0.01917822791229895 -17.24117566535917 -12.262969450719694 -1.9961717217549193 72.08678412928958 -18.739760952911922 7.683432135471151 -138.05235908279462 -295.22428874272345
3177 97478.39497327805 53199719.623308055 -17.66396260797726 -48.73573644156217 11.879891327814946 55.15690836806188 161.57005921354653 -22.52387679618056 42.85308661226895 -140.89743782132888 -295.27254365575226
3178 97508.55630540848 51902697.736223385 -0.01386641574105596 -17.21850768855141 -12.278622723642862 -1.9947649047244198 72.10262503780345 -18.8358519634275 7.412753848644229 -138.17964189642765 -295.4861153431825
3179 97538.94623231888 51891531.54124254 -0.025596794066483852 -17.18796881428677 -12.29165000642891 -1.991661089388117 72.12693473761215 -18.905634848356726 7.338695121552973 -138.2027844356602 -295.6253983564866
3180 97569.29627609253 51885978.60775346 -0.016968865383862664 -17.22471257783614 -12.27440229037721 -1.9978044733492908 72.09554155057562 -18.913237443752962 7.342099492787952 -138.25305330486458 -295.7885237321644
3181 97599.44403743744 51923927.635296956 -0.0048586255836085 -17.165979741753354 -12.322898131057997 -2.0081133023073363 72.11080040081538 -18.83307952836276 7.426637053296929 -138.10314181579236 -295.1601663323614
3182 97629.46869540215 51878997.31932153 -0.04115447407617978 -17.193401090232534 -12.292914974253762 -1.989483453564958 72.13165918407113 -18.967400392962645 7.274889188324266 -138.27769623630354 -295.7868794571417
3183 97659.41747426987 51916480.23050182 -0.019807508994073686 -17.223843845916324 -12.298753693692781 15.597675702609251 99.15078545525336 -18.911113947077467 7.277706263909124 -138.12531086468937 -295.07701428633334
3184 97689.41828250885 51870385.24340069 -0.0314564685129497 -17.219255318334508 -12.298712418294024 -2.0086555795463568 72.0846357361586 -19.007000397039974 7.165687476332494 -138.27418153210573 -295.921397755111
3185 97719.97980809212 51945870.538152836 -0.011425000328756596 -17.190984777349055 -12.285143723759226 -1.9916519736225382 72.11446279787909 -18.795806318180155 7.565646550889028 -138.0412223612543 -294.9173430325055
3186 97752.2504067421 51901896.2241817 -0.04719701395664089 -17.22238979766379 -12.278427502666595 -1.9845458900944948 72.1232195404984 -19.05933305029629 7.064158161069372 -138.2522846574413 -295.1531388324971
3187 97782.69180703163 55176752.31144139 -24.357088146391167 -60.71969668485166 39.4755277648663 79.52629357228274 199.21871095218873 -9.826976218640596 84.73774248905522 -131.30334377460997 -294.9742070651605
3188 97812.89909291267 54045666.122110486 -7.472269523895385 -30.53965277032884 54.82174682612626 13.81927888294014 74.55489959078955 -14.76151639867686 17.48477693334462 -132.19577107121262 -263.9824570409594
3189 97844.3152127266 54026363.49742642 -7.52516500078281 -30.57775621300575 54.81381558752763 13.84146173038478 74.59281213195263 -14.732253475832863 17.557478895140775 -132.23174308837963 -264.3309554861229
3190 97875.23866868019 56946188.65542566 -18.818879605226424 -50.83182321678484 97.34445521403558 56.16634657743434 141.5269812311577 3.0724234951411518 80.78612635154332 -118.80661196089204 -264.3998504147145
3191 97906.41301679611 52217545.15675451 -12.944143484278541 -40.34210850480988 -2.9499493245200554 19.598955597606263 105.2214106159581 -27.76234891102399 20.888134774020273 -144.81543936509058 -295.23589322141754
3192 97936.48926925659 54837812.63380679 -11.349095688847047 -37.4354207269052 30.25100469708515 40.34132789495084 139.08937427962456 -0.9416949076945116 71.07998433229818 -124.65043751503492 -295.68440838820413
3193 97968.1392352581 51932967.057848684 -0.02889897803968111 -17.203133695599107 -12.335652895659102 -2.0129182653018063 72.09767747548705 -18.83774546206621 7.498969753800964 -138.10388922860983 -295.05517798005724
3194 97998.26928901672 54845000.570357956 -11.396603413319784 -37.52358410131414 30.28452633642008 40.359279312632154 139.0829443222763 -0.9587913361420988 71.04496035851832 -124.68297794915509 -295.41676036051706
3195 98028.73989129066 51921995.63115651 -0.03262207846734455 -17.208560294085984 -12.302825859921349 -1.9987329643215759 72.1082030075073 -18.917053519492868 7.3054369356292455 -138.17683954129365 -295.15214930342046
3196 98059.99455881119 51889663.488073245 -0.03271904785931312 -17.225551642971954 -12.290035077657095 -1.9935250400261566 72.10797520165644 -19.022748521088545 7.095610663974924 -138.2616015155429 -295.5563542967851
3197 98091.07469153404 53232244.72582823 -17.6295259250671 -48.660257022944855 11.877258393531243 55.15175540887043 161.58983450606357 -22.33808991567537 43.26623906101156 -140.74710798553525 -295.1059637210542
3198 98120.86921644211 53199646.07708988 -17.59488636018264 -48.63105833674783 11.906899777970935 55.15413168146391 161.57974946510103 -22.343296176914862 43.1327283647646 -140.79374725383474 -295.5870729562147
3199 98150.86183285713 51866492.37840621 -0.028769502702019167 -17.188207179556088 -12.298362056818043 -1.982925712041009 72.14008777308774 -18.93172617117807 7.235380630185375 -138.24538670520604 -296.06525983766346
3200 98181.12471818924 51909056.068649255 -0.05106462679894008 -17.21773576830093 -12.273922734462495 -1.9806088401301452 72.13239187497152 -18.91186263059575 7.370675011919332 -138.1798585789321 -295.3210937280395
3201 98211.09237957001 51921999.77076842 -0.022877220544220478 -17.20675160544176 -12.28716052039934 -1.9892321141629026 72.11892894865083 -18.959365328812794 7.259691200584257 -138.2018220306191 -295.0708824025885
3202 98241.10286307335 51907899.542440444 -0.035282597057697984 -17.217329923055797 -12.307245323022663 -2.0021584601238516 72.10510248557901 -18.94468351197645 7.302780713153993 -138.21883777778885 -295.3674540669031
3203 98271.12475919724 51911570.43296354 -0.01737737162514108 -17.214723174401925 -12.30065730005294 -2.0079297775372567 72.08601400087389 -18.884511535492152 7.397418497713943 -138.2093821789469 -295.41343387301515
3204 98301.3497004509 51902823.72790033 -0.061175206841042495 -17.218246027135276 -12.299686538144698 -1.984460557565555 72.13185071149135 -18.91194515936246 7.3615240033096825 -138.18929772559835 -295.4266645406403
3205 98331.39329481125 51920227.85304332 -0.04916765570101589 -17.235515030161334 -12.293087749281135 -1.9936893989273585 72.11210718135695 -18.934158746643163 7.280115042619798 -138.18270239159136 -295.1351853115865
3206 98363.5750617981 51868429.48065771 -0.01987041780775911 -17.219776008609745 -12.304594348934657 -2.0062699791158423 72.08928545113189 -19.09307114289311 7.0140300012969305 -138.34714135379352 -295.8814401359221
3207 98393.55967903137 54850223.049537264 -11.366771822953268 -37.476549038062046 30.299233415279836 40.35896585738537 139.09977579545617 -0.8199390723443685 71.2308265387046 -124.58179013022499 -295.48549467274154
3208 98423.5456597805 51876039.08097196 -0.011959171605425922 -17.219786968191098 -12.300267858827262 15.598664494646059 99.14730530348227 -18.91599185552468 7.401735099966629 -138.266621958842 -296.09065102461204
3209 98453.83310365677 51906352.820100345 -0.01017633657619399 -17.204242904792338 -12.290573995103806 -1.9982465776115816 72.10252431819048 -18.89068986169781 7.298521157780385 -138.20349205338448 -295.3684981109533
3210 98484.53512835503 51879377.0405616 -0.0024675443047037504 -17.192355687648394 -12.31037847844344 -2.0086882674064555 72.09932647435714 -19.044767921640812 7.065185486429584 -138.3091299729707 -295.6474307546718
3211 98514.58947777748 51910742.118588015 -0.03234427739870682 -17.21548047204228 -12.301253907641367 -1.9943317127747378 72.11194247478764 -18.966064788122196 7.223202899038995 -138.2121215752478 -295.29516389083983
3212 98544.90553236008 51895826.72402053 -0.0429401046264708 -17.2040852131328 -12.303802295043667 -1.9923755951983395 72.12173456839884 -19.00020100207405 7.190083346653751 -138.24944260293938 -295.4019886090072
3213 98575.06270384789 51908904.16223067 -0.03646347338741762 -17.21939401541723 -12.310698999855028 -2.001878734698437 72.10418670958687 -18.95286535943393 7.256188449855415 -138.19531868874628 -295.27765487930316
3214 98605.27355980873 54040318.55805775 -7.515912035754027 -30.55804581153469 54.806355010671716 13.839049644008654 74.5955254619875 -14.709230521170866 17.61408847425014 -132.17912518866592 -264.15408996534416
3215 98635.33214211464 51881509.60037904 -0.01810760120305588 -17.230891479386806 -12.299752748737248 15.599167294430671 99.14519691906759 -18.960493624085814 7.304474633642826 -138.3179844612697 -295.8641066252844
3216 98665.3693010807 51942152.99989173 -0.03859682801630271 -17.22990502920246 -12.29732996769831 -2.0035094508288296 72.09401815285943 -18.84427266368681 7.527226854835931 -138.07889046613315 -294.9605594107244
3217 98695.58411502838 51907075.98823841 -0.01662016915249609 -17.224764899254797 -12.305327577456794 15.59569102084042 99.14468218195722 -18.89252631519895 7.353277479328199 -138.17429804973125 -295.3184834419841
3218 98726.07055711746 51888851.19083288 -0.020200428975318374 -17.209672921563048 -12.297694825542472 -1.998287143096391 72.10459774415187 -19.040761974150314 7.108216464542124 -138.30848567828212 -295.5552471647335
3219 98756.19251394272 51909677.13872545 -0.027601776936403866 -17.23755346541124 -12.300973954264045 15.599742459199334 99.14535134711174 -18.94727882982278 7.345024574021068 -138.20367771182958 -295.32490376198984
3220 98786.90327453613 51900831.97316908 -0.004515810996803538 -17.19968545733316 -12.314925954389956 -2.010806308812448 72.09093563024203 -18.863561447710936 7.431768892777825 -138.18594871954622 -295.5541480423128
3221 98817.25931119919 51893689.152300894 -0.036718404719124464 -17.22422992700773 -12.301482795770575 -2.0016433281047625 72.10443324789468 -18.881175617779604 7.391852766505451 -138.23956281903463 -295.62922600021284
3222 98847.41202545166 51930142.02819994 -0.031197335079671262 -17.239536827497744 -12.285356338970502 -1.9952179759467583 72.09879415030511 -18.837397944640827 7.50358543968963 -138.1239553981489 -295.27867423124235
3223 98877.7922885418 51917924.55527126 -0.0091379701173544 -17.212698400177494 -12.28210449949703 -1.9984202822631119 72.09902856810776 -18.823925840661218 7.461882497478257 -138.1684696564124 -295.26161760595573
3224 98907.78039550781 51903931.04325236 -0.026909939088071155 -17.217165594073467 -12.298184067069997 -1.9936460442699797 72.11218881380377 -19.065807002477243 7.022721063100562 -138.23526870880175 -295.2230236109983
3225 98937.82152724266 51904952.12974533 -0.015462085730039377 -17.19197141576978 -12.340917453804941 15.582733772204193 99.14541113186746 -18.86617015913987 7.406740977652305 -138.1594205782099 -295.4806012529664
3226 98967.52113771439 51876572.25203499 -0.029255330480495445 -17.206297876730524 -12.32055063297964 -2.00368418683685 72.10664584273121 -18.996305168973265 7.180630121252136 -138.271285448222 -295.81545046415215
3227 98997.84352326393 51888048.82188417 -0.03749324543326438 -17.230432114980314 -12.315289953588199 -2.004976809878613 72.09649819982157 -19.06264137324058 7.01575093020017 -138.3013603112587 -295.5042752596609
3228 99028.20921230316 51919794.12003689 -0.034628853976794716 -17.20824700549403 -12.304701371780958 -1.993469954874783 72.11888261835706 -18.914759367345766 7.404334652985142 -138.1295882370888 -295.25197675970156
3229 99058.03624629974 51916126.75476602 -0.02803379547509266 -17.226831954686784 -12.281562234215379 -1.9923250662330076 72.10811317779266 -18.82091963766402 7.494933974255446 -138.10846371379625 -295.45400069823324
3230 99088.58853960037 51893043.88907388 -0.028388396364004365 -17.203590300675376 -12.299746061850833 -1.9882482682743188 72.12534357381475 -19.016462899719897 7.132431932531006 -138.25242770616666 -295.46438361594073
3231 99118.39171934128 51914006.877305664 -0.010966715197660903 -17.180816773138496 -12.311105880164966 -1.9986870710132365 72.11761177762139 -18.935417810666763 7.284221766915266 -138.18107126998348 -295.2058892836256
3232 99148.91855835915 51896010.31723201 -0.02529345157016394 -17.19417762917233 -12.317435504834314 -2.0078071816987375 72.10593988068888 -18.943027929314496 7.306045492751593 -138.2322022137265 -295.6097328863632
3233 99178.86886358261 51921941.793773256 -0.01592479204279229 -17.21368849678685 -12.30273015764741 -2.0016328538590784 72.0985397522073 -18.844052880263234 7.482989284681878 -138.18211205957738 -295.1950264163833
3234 99208.91042661667 51862537.26237193 -0.027465342378491187 -17.19474946238831 -12.281636498434835 -1.9723047110747984 72.14809905980178 -18.92920734692376 7.24313194565309 -138.24950055635276 -296.1370003326182
3235 99239.32562708855 51888427.515340745 -0.04190738566891383 -17.222232330832497 -12.303594308067673 -1.9937873044272862 72.11867274765481 -18.97255113969345 7.2460217982627455 -138.24594926198364 -295.6395203316663
3236 99269.42280173302 51893024.05554017 -0.04461475753509703 -17.22739691554166 -12.296598938831544 -1.9906782464683914 72.11771862741405 -19.00586062646221 7.205412001412753 -138.26927392765805 -295.62597519226904
3237 99299.42484164238 51925240.44400017 -0.04911519184381419 -17.22910482606902 -12.298084493350679 -1.994267840593153 72.11363196195198 -18.864366072085318 7.419912735883543 -138.14132335542638 -295.1183898726841
3238 99329.81792831421 51920051.75680393 -0.04641490707649609 -17.22734718840573 -12.303669091272376 -1.9962035245692107 72.11397008258837 -18.932539321674028 7.278856744410291 -138.17148192679542 -295.10082467499035
3239 99360.3684182167 51879650.71363789 -0.03480069271848052 -17.21940596480719 -12.309668400003957 -2.0087569135047545 72.0995840988945 -18.99253157332538 7.169647756835161 -138.2853256483557 -295.70632920494745
3240 99390.4944319725 51908065.823596835 -0.0328884474090998 -17.23644886660584 -12.29378595742574 -1.9991499644200417 72.09732195782735 -18.853349889351875 7.485785405804791 -138.22444571555621 -295.4758195627825
3241 99420.42733120918 51912510.17979899 -0.03650438879804696 -17.218099062026297 -12.316282634999581 -2.004419783283467 72.10460776188486 -18.91286310167277 7.353792480946311 -138.17808581815387 -295.31486654536195
3242 99450.67586445808 51901809.905026995 -0.03774641467530415 -17.214910070586136 -12.31879672314038 -2.0024233421945183 72.107911529647 -18.99065091510198 7.258861984034695 -138.2351945238209 -295.4928700651918
3243 99480.59751057625 51907599.59797885 -0.030701783437329766 -17.21511019170522 -12.31311472648963 -2.001794245281289 72.10653367002432 -18.848582606102923 7.438264111362287 -138.15438826643145 -295.54373384082487
3244 99512.52116131783 51885306.27680336 -0.022089914875977 -17.213355565785935 -12.309787033203207 -2.0073462656740446 72.09308851320066 -18.963413210495162 7.264268229314382 -138.2762823686769 -295.68839986577257
3245 99542.696205616 53563055.408794686 -30.623052089872544 -71.89549482786755 21.173737449531835 76.74011401137125 194.68550160003605 -30.91986095879821 57.46529728183657 -147.22689296120035 -295.2997574097751
3246 99573.02304625511 51933464.78182411 -0.04538114258772907 -17.212679408001755 -12.333571434836486 -2.004575571039922 72.11433589384899 -18.921028640186023 7.366489917468186 -138.10871562144655 -294.9200645601764
3247 99602.97058105469 53996941.035584025 -7.502184595922834 -30.54873630350784 54.790067774428856 13.82740789708798 74.58032196736227 -14.958426619868249 17.117830682116164 -132.379586294639 -264.57819210920036
3248 99632.92767572403 51882364.60473261 -0.07177988245956968 -17.237181624736127 -12.291590536756111 -1.9797303509139539 72.13669986173383 -19.022161304972713 7.126534517249297 -138.30956905158632 -295.64993536647046
3249 99664.50381398201 51911178.67408204 -0.03275244845637104 -17.230192867836458 -12.306861596050325 -2.00623312257504 72.0964572542782 -18.81033871171178 7.565197624272287 -138.14236180857472 -295.5663984066244
3250 99695.00898718834 56916399.778669626 -18.847385798623744 -50.852563602604405 97.32078436768802 56.16328049940883 141.53062407133322 2.8924348570456004 80.48383045578169 -118.92841805708571 -264.63629261979645
3251 99724.9609978199 54891419.39731578 -9.298996052198085 -57.4273572017842 34.06490448440069 39.67942903973362 78.71173406944513 -13.614709388099072 23.401226358717622 -130.5502389698695 -255.476638955864
3252 99756.18361067772 51902954.36260424 -0.055866157430852326 -17.235307705469 -12.322848575596709 -2.0085494123397893 72.09995340949666 -18.925158905575074 7.350394691204485 -138.22479637338176 -295.3983085017619
3253 99786.36320328712 54862447.408420295 -11.36702947202268 -37.46766119384559 30.259849378317845 40.3471904024979 139.08954868157915 -0.8841472607269907 71.0868015386477 -124.56689740443113 -295.1940709357506
3254 99816.3590669632 51925303.43188301 -0.029393596243256326 -17.21430817849709 -12.313033397218739 -2.007853757041204 72.09849147595138 -18.823346185502714 7.604401985499351 -138.17270596064066 -295.32582148392225
3255 99846.84024167061 51877776.832538314 -0.053465597625606875 -17.227683728324436 -12.314515470322796 -2.002168371411983 72.10875724004582 -18.9745547324394 7.278838189185308 -138.27280855365865 -295.91595062048907
3256 99876.59736990929 51895654.90698943 -0.021947641177650468 -17.21083918001185 -12.308547022852913 -2.012138668168234 72.0896165563795 -18.887293985538918 7.367832676230762 -138.1992344721034 -295.57896239610443
3257 99906.48770737648 51871989.05268479 -0.01413820545861455 -17.185767162679813 -12.328134900444113 -2.0150359692135993 72.10012302990305 -19.022949119417717 7.075668819719738 -138.29615058795167 -295.8473983023267
3258 99936.67704749107 51938219.61214067 -0.020397001301375894 -17.21307501267403 -12.31887882656671 15.59037217052996 99.15092390102302 -18.889564080909622 7.403041478615535 -138.10006406901385 -294.7691182101366
3259 99966.99578785896 51917969.789562464 -0.05086535806391268 -17.216929948863637 -12.314935227217333 -2.0030504945468834 72.11253431273404 -18.900954351071277 7.380059515778271 -138.15319437258574 -295.25809636818144
3260 99997.27141213417 51939574.8798194 -0.018601608439229977 -17.19685788466188 -12.330448195317807 -2.017340414379987 72.09341388232983 -18.847002829967835 7.506043421222614 -138.08179219715885 -294.9434718196238
3261 100027.18111371994 51906479.21562576 -0.013747469888524932 -17.200030402609876 -12.333223446872339 15.5858826755982 99.14874535161303 -18.872960822034884 7.518873180860112 -138.17309264218278 -295.5968198773601
3262 100056.94676303864 51900230.30740076 -0.012459905394109683 -17.199785987219684 -12.31106635448537 -2.0129297880882433 72.09186207461137 -18.888088124351214 7.285045458351078 -138.23010235928842 -295.45735234607463
3263 100087.32583475113 51914604.555580616 -0.025085289229565433 -17.175473497341613 -12.360050211790458 -2.0284543113485682 72.09634537838294 -19.05289759591045 7.137027685348585 -138.25710934273906 -294.9530680005431
3264 100118.0735836029 51936250.50628363 -0.04136459627061484 -17.217341879978626 -12.326489321825733 15.59005082202853 99.1563840378643 -18.925393926326024 7.445885036039726 -138.1582796181566 -294.99437249320147
3265 100148.26365947723 54916296.37619124 -9.294181565269831 -57.419371649548594 34.00798864127229 39.661073310290945 78.70412835358059 -13.617092572530908 23.43641042105253 -130.48260685343155 -255.03539490714684
3266 100178.29744172096 51872179.8842198 -0.005321533997527439 -17.17867903674993 -12.340202694457808 15.580473299136514 99.14761788380244 -18.983758622346556 7.193391802128133 -138.25004610490345 -295.91887927220023
3267 100208.36860179901 51904755.26001391 -0.02720876919942583 -17.203343064817172 -12.325283465878044 15.586190663410974 99.15207901866629 -18.845712499498177 7.512544812382544 -138.20622626742136 -295.60199302147385
3268 100238.68250203133 51903813.069299564 -0.027249674904570753 -17.226203721340497 -12.311010183440573 15.594943025165605 99.15257853532047 -18.883993770191182 7.473018579871564 -138.1571715772467 -295.5699592218643
3269 100268.60069489479 51916335.49464577 -0.024505108813560383 -17.204193243387348 -12.344589481185935 15.583116971619276 99.15035034223331 -18.845767120294568 7.564878170062627 -138.1512448287316 -295.47964905473566
3270 100298.70631074905 51912272.20433623 -0.009719096208961275 -17.200907318272428 -12.325218130731983 15.58582419971384 99.14706797666409 -18.976997479048748 7.22338590003335 -138.21606992222962 -295.2227575073391
3271 100329.40829229355 51914778.380361654 -0.034094625733938955 -17.217249590592267 -12.307359759178347 -2.002491865409084 72.10613858960681 -18.815570493454118 7.546293230759545 -138.16166036629198 -295.5813217388496
3272 100359.39602446556 51896474.35596789 -0.0044682058759768495 -17.17985656607461 -12.344368237542874 15.580299292615166 99.15172147567485 -18.86807617309529 7.4900531903675756 -138.1489747811372 -295.7282001447294
3273 100389.61945271492 51907261.65234565 -0.03380197083104264 -17.179734704927263 -12.361513660538286 -2.0286390660874503 72.09411101194365 -19.028442194746617 7.157683793321723 -138.2430129158443 -295.16816486655296
3274 100419.83197641373 51920262.96081269 -0.02831444810030348 -17.182314038175647 -12.340136731796413 -2.0124254951330585 72.11298656553768 -18.867263279373276 7.420284133404209 -138.13729860572687 -295.3009141869656
3275 100450.24427962303 51920342.97922199 -0.02470894435855442 -17.182605819630275 -12.34418038216213 -2.0211110453378325 72.09943403475877 -18.938820092225342 7.3737402230459 -138.19946385874124 -295.16072551529317
3276 100481.5179502964 51925992.146272145 -0.018245504450540295 -17.185397921765013 -12.328687202240516 15.583744854560067 99.15619850761725 -18.873112058374375 7.424056312567075 -138.11302605473753 -295.07422474100076
3277 100512.81576561928 54859885.17515234 -11.364568208938117 -37.46815720861994 30.212269837527217 40.33156318818284 139.07336359639478 -0.9115157171755754 71.09974117370984 -124.65936898670583 -295.1854179536547
3278 100542.98169708252 54841735.94388547 -11.39062076425068 -37.49870785718705 30.168812585615406 57.92771968007442 166.12308252548553 -1.1051494878552717 70.71859855984667 -124.78602255416325 -295.18162001604605
3279 100573.36371803284 51864821.32403392 -0.02247690761461385 -17.200463249075003 -12.301274349042068 -2.0057987649895495 72.10408011367427 -19.043527458701476 7.057604255915351 -138.32121189682312 -295.8031505868462
3280 100603.30853438377 51903116.308979884 -0.010167429936878136 -17.14370412205371 -12.351914446801594 -2.0185697436906196 72.1176551025871 -18.912476395847023 7.324449761217352 -138.20133015189873 -295.4344213884873
3281 100638.25320410728 51891671.40884566 -0.03301585496520687 -17.18852776998365 -12.356910743604836 15.578084299926317 99.15173839253805 -19.049439261017824 7.165285012123377 -138.26859611628407 -295.433345967406
3282 100668.61230039597 51925166.06444623 -0.01710978598394064 -17.174104681447062 -12.359886806720539 15.573915828147975 99.14867422513126 -18.950322104417978 7.309163676554704 -138.18022843004246 -294.971179378546
3283 100698.7331032753 51922971.09140209 -0.045729098961381 -17.193015691123787 -12.35855694941663 -2.0223222480809966 72.10065220267859 -18.834013735677104 7.504689660252097 -138.1483679502141 -295.24370529695983
3284 100729.18611955643 51890880.868765034 -0.02324199279217254 -17.20896480542916 -12.319924501844056 15.58867114333394 99.1469214755368 -19.018989791811237 7.169137131761488 -138.278654288052 -295.46083679255605
3285 100760.6912305355 51907632.19957096 -0.04945391193080795 -17.205826499635954 -12.324069458933714 -2.0055739767360166 72.11693055284671 -18.947534556292567 7.254381892726542 -138.1696350752589 -295.37750061942734
3286 100790.72141194344 54840102.36939033 -11.370402101857298 -37.477265432994685 30.146104120986223 57.91971739626521 166.11153108911145 -1.0432685867586429 70.88043830747893 -124.7661406463078 -295.3644802712467
3287 100820.1951649189 51900817.72924363 -0.02736366580257865 -17.167946231261343 -12.340131383235352 -2.0157574858095018 72.11554478098394 -18.954636909183023 7.2645514010123975 -138.21499290977727 -295.4040880440883
3288 100850.09576797485 51916246.38094836 -0.03431290334916781 -17.169099730237804 -12.342623792346409 -2.008937795782259 72.12579103511753 -18.997676910682685 7.243134758536712 -138.23745781378722 -295.1459403124636
3289 100879.85022616386 51894026.10935524 -0.008416846160749003 -17.177451136494966 -12.33737182473213 15.58008717783467 99.14879512517568 -18.828986675896033 7.5405076969949505 -138.15612594646097 -295.90543749956834
3290 100910.0028090477 51873766.06628672 -0.04044193634844362 -17.208022236633603 -12.341359928125726 -2.017398288796855 72.09392240928636 -19.028302027472307 7.190164455860213 -138.3092870525437 -295.8855616603659
3291 100941.3182952404 51893998.27450144 -0.016090755402757395 -17.192476576358914 -12.327633072356576 -2.014758099657172 72.09719367353311 -18.99690000680357 7.177951719354098 -138.23401537395688 -295.5016014195831
3292 100971.624106884 54869010.71387449 -11.380822862181134 -37.46511421428562 30.159716215757925 40.318785787097454 139.06609100014973 -0.8881705462610512 71.22804236449417 -124.57161507385234 -295.25384010038397
3293 101001.54879641533 51919908.485073656 -0.047699105933862285 -17.21221449542124 -12.318884155360387 -2.0039952585928376 72.11398501501431 -18.886303124695758 7.417598030177146 -138.14140822079128 -295.2831190833631
3294 101031.94336438179 51924752.158959 -0.026070133099175052 -17.193684386232736 -12.31150711105684 -1.9988757250131783 72.11824833790516 -18.9148333603668 7.4024264438516525 -138.14903359410886 -295.0993000144049
3295 101062.63739728928 51876473.12383473 -0.05399370351643995 -17.16996913503819 -12.354051929239901 -2.011981726398446 72.12515427737308 -19.0252762292306 7.244732426523967 -138.279930833572 -295.78062002956403
3296 101092.87670278549 51938838.10905218 -0.021376952505953284 -17.169312456425306 -12.365138852247298 -2.0287546063470643 72.09582599008743 -18.876429443268364 7.485657157441153 -138.13885741916414 -294.84179217473445
3297 101123.2063844204 51886722.48955996 -0.02280062744484468 -17.158715370226204 -12.34888507707641 -2.019287711065715 72.11123688442713 -18.99808609126461 7.1671019596045085 -138.26579792802784 -295.5794361705167
3298 101153.65226459503 51907711.55781172 -0.012011729879784383 -17.15884874729099 -12.343491523123333 -2.0170089532695954 72.10920415209662 -18.912268449787348 7.389104834807597 -138.2031083043929 -295.3724321831062
3299 101183.61358571053 51917793.02634385 -0.030451626789790964 -17.17777562881187 -12.33414670763107 -2.007464722789905 72.11917088295327 -18.92536637632827 7.350347890005651 -138.19070275355818 -295.24880403074894
3300 101213.72027897835 51883786.597441904 -0.042328764786596196 -17.198699794408476 -12.33384138319925 -2.0068296802247403 72.1134448288159 -18.94644587178118 7.311047985474374 -138.2332031638059 -295.8094783444053
3301 101243.79150342941 54025635.65409859 -7.509634228305927 -30.551695965617995 54.75897891371363 13.82807964275618 74.59414789431649 -14.867483302408061 17.284266251986764 -132.25785741669318 -264.2426627815083
3302 101273.98120641708 51879133.4977869 -0.025753894787882814 -17.187166161835812 -12.358390707409832 -2.024091500792295 72.09114637705333 -18.89244637511979 7.464958962629339 -138.2493695260079 -296.0216413970762
3303 101303.9266910553 51912448.43573942 -0.013826846713545393 -17.177641919597978 -12.340636643680348 -2.0174455278661156 72.09990153494228 -18.915448253423165 7.368882033740988 -138.19480112368723 -295.3572310281951
3304 101334.05369973183 51918542.167444386 -0.00568878392245864 -17.19314582460155 -12.326277215057637 15.586174978921832 99.14783747227138 -18.856362329534647 7.4715390484892055 -138.0971113534257 -295.22994116604843
3305 101364.30407619476 51920074.82373742 -0.012511873692318431 -17.17362108590375 -12.344860894378492 -2.018874185104835 72.10162275866674 -18.932584489339774 7.376934217061091 -138.1935850957658 -295.18515480439726
3306 101394.11563444138 51905969.07225906 -0.017739888144699734 -17.171571811412903 -12.315853041952337 -2.000833694243582 72.12041147236502 -18.956133291734545 7.24814936366613 -138.212576113958 -295.2828367727556
3307 101424.7997815609 51906037.987037756 -0.032169397956518964 -17.181088062436082 -12.331580157302952 -2.007538757606312 72.1177820895375 -18.92289670358514 7.353356280849596 -138.18574520420532 -295.44915870452485
3308 101454.98546099663 54893539.06857597 -9.286973853760646 -57.3905157639202 33.98400506447291 39.65992224470173 78.71499023590412 -13.633648496684998 23.413422157531613 -130.59231509298075 -255.3521445242598
3309 101484.8318734169 51916812.032148495 -0.026783603306384407 -17.17804782313027 -12.327049694222204 -2.003155361278729 72.12430477176517 -18.927650896481452 7.395901954446288 -138.18708861819886 -295.2732782247027
3310 101514.63026046753 51889576.201228015 -0.029491491581179474 -17.195816167885507 -12.302433211793165 -1.9926725014817066 72.12490661318472 -19.07510700778414 7.032681595241286 -138.323734450507 -295.3576340603952
3311 101545.58897805214 51865452.41467289 -0.009864375438795037 -17.188220458391925 -12.340418505709707 15.582500550210199 99.14799033060737 -19.014913021473376 7.127395852784048 -138.29316742462822 -295.9956388693628
3312 101577.43067669868 52227535.55928392 -12.94840820923421 -40.303011689862245 -2.9976431021466468 19.589902951826033 105.24059014417324 -27.65498728640955 21.20948992810486 -144.80225800045503 -295.3062940029576
3313 101607.10948371887 54834369.37829675 -11.373996545089174 -37.47481770913767 30.17835824558948 40.324464658156415 139.06639596455224 -0.9493543797573238 71.01362578308965 -124.64696052922511 -295.6285936996994
3314 101637.5017156601 51923475.840108976 -0.019242699099070393 -17.20557734108818 -12.306593696011738 -1.999478595902886 72.10792599364221 -18.90896880948395 7.3064014436369575 -138.12183930804855 -295.11599522926934
3315 101668.77209305763 51901908.5793358 -0.023533928428197015 -17.186425017142806 -12.337845254878196 -2.0112947295456536 72.10775530641763 -18.90475337168425 7.3770221648383085 -138.18701996541193 -295.56961027414974
3316 101698.55359101295 52224105.771577395 -12.96300612562953 -40.3387403157211 -3.0064380260618435 19.582086149327452 105.21932170697107 -27.749933140781593 20.988581743689565 -144.8123989171214 -295.2967066111921
3317 101728.46863484383 51872488.512307376 -0.036340953480408444 -17.184893660490513 -12.359529269972455 -2.021549018101936 72.10052956499902 -19.08763562927834 7.044463838965896 -138.3307019433068 -295.74877470439867
3318 101758.56959581375 51918327.090880625 -0.03169810581276522 -17.201059554225928 -12.318763845808249 -2.0020339791853132 72.11200812221982 -18.904164159895004 7.325170024053932 -138.1532186767978 -295.2072709242167
3319 101790.4137005806 54010953.801782385 -7.49491938436924 -30.54501300241656 54.76532876292928 13.82059834414666 74.5765696386612 -14.90884576255678 17.232645949779112 -132.34609477419752 -264.3400250404508
3320 101820.58115673065 53204119.54966546 -17.640130686955 -48.66535179125299 11.794031111580097 55.12730771916547 161.5735417089708 -22.493724301039606 42.95577477203233 -140.88967436757076 -295.3937980933423
3321 101851.80484819412 54910274.89375472 -9.281491677314964 -57.37839980055624 33.99433091791213 39.66998643625823 78.72734543447687 -13.53797374204862 23.589467006718223 -130.52043691022965 -255.2461563253311
3322 101882.31943464279 54819842.16133826 -11.385979870400323 -37.475216206454526 30.18644203989612 40.32939412613203 139.07604098545374 -1.0808321962526861 70.72511868666572 -124.7072991262857 -295.71871893819423
3323 101912.96047353745 51906580.4932735 -15.361037930741599 -44.599622536356804 -6.010695619452179 1.0928593304752923 76.84071982821106 -32.76503307544152 16.78709709547502 -148.62991404633533 -295.63027999470296
3324 101943.99936270714 53204850.201266125 -17.597157502878662 -48.61777613516768 11.876538585393384 55.14528638901177 161.58633176492765 -22.33855261404028 43.176201847196694 -140.7639630372288 -295.53474079197275
3325 101974.53235149384 52215176.097054996 -12.978643321662304 -40.356228458622454 -3.0038890131389024 19.585083508427715 105.22183654649642 -27.781349961120384 21.03942290380337 -144.89185402275842 -295.4742475470465
3326 102005.56828713417 51923466.30431074 -0.051845506016857 -17.219822677792784 -12.320007718638351 -2.0017381020643796 72.11299594812779 -18.75259183047467 7.624057702730795 -138.0512827573329 -295.4563102346652
3327 102035.57837367058 53208368.7859535 -17.624526109420692 -48.6628896983612 11.850759539952655 55.144963419326615 161.58082321082182 -22.53521220733046 42.81404355662414 -140.9189983469808 -295.13710710957935
3328 102065.67962145805 51905198.47105589 -0.035592672451745244 -17.199830527786343 -12.315238276408877 -2.0001859009223466 72.11859913715514 -18.93511895682525 7.29187152489061 -138.199766925966 -295.4104323439861
3329 102097.22364425659 51893964.19576468 -0.032383112117958746 -17.2020795338159 -12.313595881287753 -2.00922877067903 72.10267675067865 -18.9215726386264 7.288981555265536 -138.18316032084783 -295.5809328700698
3330 102128.65434980392 53215645.81074783 -17.57022323257131 -48.61083239744129 11.883221750064308 55.14614778252114 161.58324478841243 -22.21246105293352 43.33873710315618 -140.71693517298132 -295.5423692961693
3331 102158.57628631592 52195623.66399054 -12.979646618638466 -40.368212649500926 -3.0080214488120376 19.580843586833197 105.21077928361652 -27.786482115654564 21.00142448091856 -144.91481685793354 -295.7549433686604
3332 102189.60034370422 51896433.94282373 -0.012337674821726097 -17.186577650333273 -12.343197004993797 -2.0196121072407323 72.09382513884886 -18.990106388009167 7.188137635232067 -138.23341143719983 -295.4991114248483
3333 102219.55373573303 53196824.51430471 -17.604300043393096 -48.63177589590572 11.866161822147284 55.14354130164649 161.58607656351217 -22.396145850940115 43.10641137654147 -140.81697320539297 -295.7220312578083
3334 102249.70163488388 51906291.416657686 -0.04062940561805206 -17.207381272181113 -12.32764158688935 -2.0092357551659035 72.10321794200999 -18.903599135367585 7.390157211464725 -138.1602195273312 -295.5063949939523
3335 102279.41545391083 51916436.44014871 -0.03823175466582285 -17.20261638943031 -12.32656333103445 -2.0092587900332006 72.10538800997045 -18.87974183089517 7.441979334942346 -138.13661363332244 -295.33895639704235
3336 102309.088711977 51889717.18795235 -0.03868229581512139 -17.19777280729853 -12.332469962066781 -2.007286583593725 72.11113208302822 -18.960912822301395 7.251005954343839 -138.22420027773762 -295.71060825786986
3337 102339.13408470154 51891285.66283899 -0.02833094329367114 -17.206765286785423 -12.310935509551484 -2.0021230603936573 72.10754728916027 -19.063467475256402 7.019202402442488 -138.25477053308498 -295.37516816800496
3338 102369.66404867172 51886561.51102893 -0.021700697064353847 -17.18474836594013 -12.342673553453501 -2.0135109710790857 72.10405805116926 -18.937390900278558 7.331466777790354 -138.22892678294085 -295.7859827887553
3339 102399.65248155594 51924805.06877119 -0.021003935713686417 -17.188523649877585 -12.33397241977341 -2.0110206820623375 72.10710335430755 -18.981218924558732 7.155208578346787 -138.17816732099527 -294.9626891062284
3340 102430.47263622284 51889644.683293775 -0.031430517965223004 -17.19122208126988 -12.32245425780961 -1.998711832731857 72.12754432616732 -18.93697361052159 7.336321802030625 -138.2381555553917 -295.71744861745054
3341 102461.77948069572 53197885.44243421 -17.613959099017265 -48.642177566397194 11.823363170607287 55.13333525054932 161.57725779629513 -22.477526692797596 42.97353203227442 -140.82911449954673 -295.41151471304903
3342 102491.85648298264 53210859.749048084 -17.647840918942542 -48.68740722529668 11.836017714550536 55.142746174850274 161.57687548008946 -22.401222179400463 43.19880220511368 -140.81440316793294 -295.50595952154174
3343 102521.73297476768 51895950.63294366 -0.04100736732946331 -17.2052220754524 -12.310243982665128 -1.9995498379066987 72.12042583097193 -19.080989538930055 7.0478693549486024 -138.31908736202678 -295.2272706078744
3344 102551.76527285576 51883649.78153719 -0.023832360695315913 -17.19185014801779 -12.324535779132482 -2.011166408137669 72.10528575060958 -19.138697865895438 6.893534233863193 -138.31472413756404 -295.46649274398504
3345 102582.18023395538 51904380.26171694 -0.02869694371603515 -17.202996995358372 -12.323362509142122 -2.0057928360834154 72.10701527094577 -18.861845675565405 7.412691017831605 -138.15985959037363 -295.579982622987
3346 102612.38123226166 51909800.895022854 -0.016075949669161815 -17.194560745424027 -12.325636976382164 -2.0131411849045975 72.09825945935363 -18.952056382267813 7.322580382840613 -138.23278814976112 -295.28678084226647
3347 102642.22784805298 51909368.264259085 -0.026306079098784352 -17.173864667780755 -12.330814646382045 -2.0022469916657997 72.12660681156744 -18.933186365141978 7.370759211132508 -138.18997419319714 -295.3678679604857
3348 102672.20261573792 54038837.57582726 -7.5001054980793604 -30.5507345435482 54.78170656646862 13.822582056477543 74.57704919298178 -14.919846741652293 17.18592220436028 -132.26212747541268 -263.88189440309196
3349 102702.20505571365 51914155.525493525 -0.03423533488502528 -17.20296066029379 -12.326752226170093 -2.0069210647410927 72.10815484534831 -18.90248900068002 7.384724999170771 -138.15445326728423 -295.35449557179595
3350 102731.99938988686 51934920.28540578 -0.020985079095510173 -17.192307868668365 -12.328618857303404 -2.011357442919774 72.10295457782959 -18.83122162928487 7.552422378163612 -138.12957168395553 -295.06510512785235
3351 102761.7399802208 54902952.823612265 -9.299558001591468 -57.40945801507816 34.01501488386377 39.672734376989226 78.72162221580732 -13.730652734906414 23.277259244354013 -130.5959176913343 -255.11394212434874
3352 102791.96679925919 51946243.461334586 -0.016531531739595096 -17.19306988382303 -12.324012818824698 -2.010516067247579 72.10041081947446 -18.784733023889714 7.664097031532151 -138.1274428355681 -295.0145279416006
3353 102822.49884295464 51893163.06839955 -0.021425152112609425 -17.20946162572212 -12.313598993232596 -2.0054757618704286 72.1004723434836 -18.87266355031329 7.362230581482208 -138.23042873916575 -295.6237680392927
3354 102852.1808822155 51900383.28248293 -0.02200357278178089 -17.205106856936187 -12.303834913304385 -2.0012524181559996 72.10969329753073 -18.823590361055437 7.466411847404004 -138.14834975013412 -295.7031463658881
3355 102882.85563921928 51882780.85353319 -0.016370403751846396 -17.207450124136706 -12.309300417001829 -2.0063768026751205 72.09871187803158 -19.0023133406861 7.170878947350957 -138.25137209570352 -295.73862903933696
3356 102913.43566513062 51924637.802989945 -0.019924453390427033 -17.17703721965517 -12.335122918909548 -2.0097822181102742 72.11581016347726 -18.909805504213352 7.310389081975188 -138.16326599299128 -295.1494069284164
3357 102944.77554416656 53198218.72183587 -17.615568609076544 -48.66032164979878 11.87344557735922 55.148270292130135 161.58222882905605 -22.404762166263367 43.06268193961546 -140.81428323175902 -295.66922011513543
3358 102975.72382903099 53235981.0494704 -17.61748552188754 -48.65522063319642 11.856615023614147 55.144776653736926 161.5814288713026 -22.29580331241118 43.37634276308552 -140.7145751316043 -295.12223697253313
3359 103006.31212949753 54909415.04754274 -9.29611081123235 -57.40824226958489 33.97817308821496 39.658355611491984 78.71119820448571 -13.584025561635656 23.50898094139575 -130.5332576596433 -255.2844066589952
3360 103036.48517107964 51921528.4892437 -0.020659598511201693 -17.20228490659258 -12.31825479106034 -2.0087123069803283 72.09658215477351 -18.842300087545652 7.491766677254816 -138.13542523095208 -295.25221093992764
3361 103068.30763983727 51903008.5317123 -0.010934155165259085 -17.204227562751058 -12.329566880654916 15.588007819798761 99.15044349810759 -18.950475358001142 7.312318599871617 -138.22749097069823 -295.4256581465064
3362 103098.25598168373 56178296.65763097 -26.887763022989105 -88.8658962493086 58.18830018209348 96.8181546945475 168.1920359952804 -17.19349412615503 59.07658096064665 -133.25542814211855 -255.73932011110065
3363 103128.2628121376 51915874.28481588 -0.04123918312823349 -17.206427500564324 -12.342359809289903 -2.016181458061183 72.0988540491051 -18.924972134529696 7.365338693072715 -138.17700724218844 -295.18972973404817
3364 103158.35780882835 51902702.510235764 -0.02416120792275933 -17.208754593891204 -12.304806565149498 -2.001126397084363 72.10899330383475 -18.98355028150047 7.154354181969325 -138.20918122948348 -295.35740664606703
3365 103188.4245288372 51895296.372384585 -0.023728340765153177 -17.20876277143628 -12.321771216402482 -2.012973878834586 72.09254279140052 -18.97152708512823 7.2509255802196435 -138.26522252267284 -295.4412321252332
3366 103218.75517058372 51930637.63178021 -0.02582143177654217 -17.199415963739757 -12.315029750927373 -2.0016611873254675 72.11390922718415 -18.904529448058156 7.372398123882078 -138.15610091853375 -295.0559390592109
3367 103248.46596693993 54920060.30451268 -9.275656489945707 -57.39774411901678 34.03458540201402 39.67175405001262 78.71182818957324 -13.42311864529188 23.812696106065687 -130.36149771183108 -255.47502909753248
3368 103278.53886699677 51912806.21529786 -0.02614803414312661 -17.217852151962123 -12.301738405373506 -2.0022012024122375 72.1036597895614 -18.833820543513923 7.508847700589627 -138.12490533444384 -295.5198392906891
3369 103308.77966308594 51906620.096904844 -0.013132027192689577 -17.190578785253308 -12.335440323231971 15.584004710797302 99.14682528002223 -18.86028250361943 7.482554802176821 -138.15475689199894 -295.55059014989206
3370 103340.80176830292 51932912.42316374 -0.02975201524484916 -17.20732859517627 -12.309059145053304 -2.0008358612624164 72.10794906462209 -18.873656479879287 7.398236659571239 -138.10551704400467 -295.0131677811718
3371 103370.7035806179 54813048.812998734 -11.37208708553758 -37.48674374542733 30.19638376080139 40.32931128365638 139.06604809827616 -1.103900384709732 70.69831489476542 -124.77793525460748 -295.70085314703203
3372 103400.88764882088 51894558.691204496 -0.007637950601058208 -17.192943911328243 -12.310503314434534 -2.011283386842166 72.09401644385183 -18.89987241709224 7.3314396653697145 -138.19341871672577 -295.6130767954465
3373 103430.76374864578 54903622.48895409 -9.273541218139904 -57.4101697431968 34.036856073720635 39.66953025738678 78.70443705114042 -13.63031951652232 23.420337046648342 -130.5753869814552 -255.2778891761207
3374 103460.960116148 51878459.87580346 -0.0271073143551952 -17.201034512146354 -12.335706201369852 -2.014635436355462 72.09941802458236 -19.06540860255535 7.047086380590713 -138.29930004819886 -295.6475610133241
3375 103490.85916829109 51866909.14069159 -0.025583415203907833 -17.21032508464406 -12.317971807684579 -2.0099672075516537 72.09578435154796 -19.047136202380045 7.032370304002143 -138.317845245623 -295.89477768387235
3376 103521.9380311966 51898797.74668633 -0.019039440169322575 -17.18345524498763 -12.340183267676679 -2.018626232877452 72.09824417822139 -18.96711000423676 7.248098029586231 -138.22423392338624 -295.4578613806066
3377 103551.59790635109 54891685.84921496 -9.278043541410657 -57.41018670335693 34.015443865213236 39.65981113596145 78.6958864374689 -13.637290630655343 23.49413689142159 -130.6011035556179 -255.53636271981682
3378 103581.96111106873 51920448.934971415 -0.02106707744652425 -17.20917943169428 -12.32765671763974 15.589028494219988 99.15149582762987 -18.955900801217638 7.295217032513278 -138.1951065169963 -295.10861638559004
3379 103612.41436862946 51882983.34854246 -0.013013926618537397 -17.20099837602768 -12.333760138665198 15.587153814242285 99.14993681789878 -18.894675871335323 7.4205265630760096 -138.23235932641097 -295.998630083555
3380 103642.3405661583 51904028.12590761 -0.007315957271181617 -17.202371939901028 -12.298374540887181 -2.003068130073146 72.09743081588596 -18.89715840712637 7.329742022762616 -138.2281029387853 -295.46243652261455
3381 103672.30495643616 51890742.8609507 -0.033292869809045555 -17.21827678142678 -12.317625210008003 -2.0066539708861484 72.09888285277192 -19.054055675397365 7.055384665699933 -138.28687792277162 -295.46212945699193
3382 103702.53444552422 51911403.30210851 -0.009367187795344734 -17.204434856172124 -12.327140694541619 15.588114984625264 99.14728086444285 -18.880418243684687 7.361463112761442 -138.14841182997424 -295.38538472859454
3383 103734.05887699127 51904223.74665302 -0.012890870485747996 -17.214550882127277 -12.329367246537132 15.588437159480506 99.14717746781511 -18.87331897454618 7.467175490021589 -138.1544586420399 -295.639637545518
3384 103764.2431819439 57875088.227907315 -20.62739384487087 -77.68417772760981 76.5288744697331 82.00233998644019 145.67402596898953 4.4343963730919995 87.23579185531787 -116.84596826215119 -254.87271778077803
3385 103794.21471858025 54908806.84051529 -9.27906491041097 -57.4043514532785 33.985386069379956 39.65424765463514 78.69996425697477 -13.587854902096922 23.527461916992593 -130.519202576736 -255.27338691028785
3386 103823.90566253662 51909494.38964961 -0.03515603751123919 -17.219170253680975 -12.307373597038499 -1.9983394902179157 72.1106017255431 -19.020549296560205 7.165571199411886 -138.21031809065562 -295.2601915370646
3387 103853.962495327 51913666.95513846 -0.040389276385987216 -17.22148340993433 -12.315433340012774 -2.0044146638080633 72.10431060442819 -18.793731938236647 7.611817990584086 -138.0830430998824 -295.60773574445443
3388 103883.64405488968 51897905.30859346 -0.03648737179774031 -17.213633045041437 -12.318819983983964 -2.0088600230183005 72.09890631323255 -18.89876200592994 7.381194627358866 -138.21632566481287 -295.594000960575
3389 103914.14651918411 51919616.842488326 -0.03531080589730706 -17.22293050769288 -12.29247489180807 -1.9942007143359461 72.10928598527983 -18.948322594432625 7.217886355390931 -138.2053101890147 -295.07562499484766
3390 103944.75543904305 51912576.31018384 -0.02849481564033951 -17.193172063150108 -12.326446060605576 -2.0044249730184163 72.11349522806579 -18.914533225056175 7.307934119346271 -138.18278981779207 -295.24838543677356
3391 103975.22266697884 51878959.89031525 -0.009491981776459824 -17.20652661846022 -12.323323325191005 15.589137386605884 99.14512089818581 -18.89161619253531 7.4010910747695675 -138.21964970010055 -295.96660179741286
3392 104005.17900753021 51929166.0477716 -0.017285417706013106 -17.205144138040016 -12.316698999818534 -2.007280576039051 72.09995244937829 -18.82277180969669 7.567395935752984 -138.15805400954196 -295.1337745082839
3393 104035.23479008675 51908870.34055243 -0.02788028738805437 -17.20717601099393 -12.315519333411984 -2.00539895775718 72.1018870569627 -18.961060180489426 7.270953506730791 -138.24304899014965 -295.35099527684235
3394 104065.32231974602 51899517.98997207 -0.020281270982444255 -17.220806769877843 -12.304142016484775 15.597291781976097 99.15126630965713 -18.93526964992435 7.379497010616888 -138.28193127586928 -295.6436708626106
3395 104096.46467900276 51906745.860404186 -0.032857120341958534 -17.227258725953906 -12.302445968471297 -1.9985084197731453 72.10255349159992 -19.041662326737423 7.081184292503792 -138.24660202357802 -295.2453494116944
3396 104127.16253042221 54874952.02189118 -11.370385754616805 -37.46772797387885 30.24407437285462 40.34348816755788 139.0868865840936 -0.9152782909640109 71.08085413524793 -124.55805706368 -295.0296154635004
3397 104157.42090654373 51903494.31629562 -0.038099283636213954 -17.211823606718347 -12.315070172568241 -2.0032782003494845 72.10733707658679 -19.004522869333357 7.185911101387603 -138.2162978526173 -295.3497668875992
3398 104187.3524441719 51915226.91178642 -0.0344070787124906 -17.211609188060887 -12.333372103663642 -2.011783207574524 72.09563885194412 -18.943562201179475 7.308264878778971 -138.18943852038655 -295.1279132361585
3399 104217.51020908356 51909740.08240534 -0.039061189270562124 -17.222759463188897 -12.314494693591442 -2.001898893606409 72.10621839542911 -18.926185414304882 7.368407507076313 -138.18120308126765 -295.37606977356984
3400 104247.51518464088 51885232.88795135 -0.03519495301874542 -17.23035801958176 -12.3112237350281 -2.0043653250315003 72.09508185751778 -19.078614108861814 6.967842566422291 -138.30044330317946 -295.50101216977305
3401 104277.38190484047 51897978.04900608 -0.014518708423597815 -17.20028375606868 -12.331370651949761 15.587818115118537 99.14948613316695 -18.890687820447965 7.4649642128626965 -138.20982810278997 -295.8517415095925
3402 104308.39833188057 51885652.7784184 -0.02392242614414286 -17.205118727050603 -12.322915433382931 -2.0108672424678105 72.09630512822795 -18.869846910672436 7.4461277172962355 -138.22956967123798 -295.902622611306
3403 104338.45318055153 54913686.62853518 -9.28429697198051 -57.40578354357136 34.054167228633446 39.678395254977076 78.71757789769778 -13.557704009176803 23.615867482861972 -130.53906986650497 -255.22311726178214
3404 104368.98565173149 51873521.421789795 -0.02928274623683791 -17.22232701569758 -12.302796760652605 -2.0022277151910117 72.09967325069785 -18.89833354993368 7.331400028241717 -138.28308010220047 -296.062388270288
3405 104400.38489794731 56982955.00944112 -16.74825175964683 -70.75195488264055 101.11874555006247 55.49392098567621 81.17204600191599 -9.595322800303904 33.31952992074878 -124.75698492096944 -224.7962347726766
3406 104430.30121207237 54853439.18788538 -11.366060614330955 -37.49383748296922 30.278745700354563 40.355696790046224 139.08331370011828 -0.8890087289861413 71.09210951068303 -124.60102663977153 -295.35321392922924
3407 104460.56243872643 51887980.093636274 -0.03300060188449194 -17.213556162214537 -12.32226979875145 -2.0095687832394873 72.09714725420672 -19.136921737139687 6.943268027811882 -138.33278664814299 -295.3934260738748
3408 104491.02827835083 51899319.94588017 -0.04121844761107951 -17.22149772475931 -12.328729745911197 -2.0117003909689544 72.09367981117796 -18.821043103815782 7.520649024167824 -138.17683573324103 -295.7360541860131
3409 104521.49150943756 54882238.07175075 -9.291282148832554 -57.41379444709625 33.99630622877337 39.65954179958999 78.70141596063934 -13.598032086062801 23.51104789717681 -130.62014308018928 -255.78159952067514
3410 104551.72440624237 51912486.96258938 -0.033386636051481844 -17.218293003821643 -12.311328754615815 -2.0018754643006247 72.10347196216408 -18.942844169183843 7.35418203437564 -138.16715961148145 -295.37461290539386
3411 104581.76303839684 54052168.88817551 -7.5107685026296025 -30.564075828030592 54.77666410086975 13.818461807963558 74.56750944105146 -14.739497323485864 17.568757781848262 -132.18353092743138 -263.91762185009236
3412 104612.06428337097 54021935.1125374 -7.513632168705826 -30.564996608020124 54.773165715660454 13.827952308212346 74.58125281646143 -14.899613591529885 17.206727555745715 -132.25902101569835 -264.1262499736996
3413 104642.31037545204 51905113.903921954 -0.030876637059176204 -17.20587094925576 -12.310943550997287 -1.998776511742534 72.11352723682614 -18.913103657690442 7.324395767510282 -138.18059569651905 -295.47171221630236
3414 104672.50431513786 51892138.07795503 -0.02328463758046695 -17.217421483221294 -12.327400374021856 15.591762540796196 99.14742998718168 -18.88188316056329 7.462373302510173 -138.24111439461524 -295.72384090415665
3415 104702.30484890938 51926325.29395543 -0.03561348445447621 -17.22416741080659 -12.314031579407228 -2.0092095348312 72.08979008883178 -18.817837929074642 7.599410863549565 -138.1357239813571 -295.4023696487982
3416 104732.49796390533 54040375.73336701 -7.495476273251917 -30.57034196159603 54.80228200951121 13.821523679562176 74.5610757514444 -14.748431886390904 17.548021036751493 -132.1904780650882 -264.07553778662657
3417 104762.50853204727 51870432.035857365 -0.039022620275414255 -17.23023284281367 -12.321362623959565 -2.008295205744375 72.09332699136546 -19.009914260373534 7.160116501842708 -138.32403799676104 -295.8653393857259
3418 104792.69071912766 51907577.86443412 -0.04168301606753033 -17.2395322606254 -12.325633026861354 15.594311935228788 99.14965846124119 -18.88016247199522 7.472375874686065 -138.20985817574257 -295.5906610965011
3419 104822.74427747726 51937672.07756153 -0.054336106127404804 -17.213987132003947 -12.330297857882002 -2.005732466422586 72.11116610358951 -18.720509743068817 7.789882791743423 -138.02559003993855 -295.3159078764669
3420 104852.6528275013 51866509.14565537 -0.02788268567314134 -17.210338683978545 -12.323319528065426 -2.0075797620687155 72.10063745388626 -19.05279324486463 7.086972836530322 -138.35363818285896 -295.97671955616204
3421 104882.7784614563 51877091.53395565 -0.035921344013676304 -17.227046747617287 -12.31592245536342 -2.0041559215206917 72.09655552389543 -19.01755968982286 7.1492999839018125 -138.29764154264166 -295.8445443729224
3422 104913.03880763054 51884489.547141336 -0.03431942577303104 -17.18404803814473 -12.348946900027308 -2.016143009880537 72.10853515862536 -18.968268874088608 7.293705342151782 -138.25007853518207 -295.8256965651825
3423 104943.51992249489 54868660.82544514 -9.292702441496864 -57.41398172873208 33.982345030135164 39.65537400651864 78.69637798326907 -13.658549059062466 23.396897881364566 -130.68432929007213 -255.8497550272341
3424 104974.13589525223 51901282.03852923 -0.04455401250366009 -17.220771341744005 -12.313723481064649 -2.001958545786678 72.10642307607273 -18.933957437765343 7.369053587606061 -138.20436184189765 -295.50671912928453
3425 105004.70249056816 54905802.99811895 -9.279114513109622 -57.418634959666626 33.98642297086805 57.25939527649214 105.75364422811023 -13.62988708260525 23.396013320424686 -130.54043402598757 -255.06600420587844
3426 105034.63008546829 54845254.80200535 -9.296223468257402 -57.42017569972699 33.99315440272763 39.65798068398679 78.69706073750561 -13.695878856493891 23.36569817545353 -130.77079801650592 -256.18461730640587
3427 105064.84126520157 51916379.599982925 -0.03378732403187712 -17.209186151603944 -12.326114607445284 -2.0092930962725433 72.09976065920641 -18.86230733108289 7.442289525437047 -138.12971656842734 -295.34745450572876
3428 105094.93635630608 54921414.84334535 -9.289415041202265 -57.41462955051714 34.01014086510813 39.66367777797649 78.7037751642604 -13.583253112119053 23.476712583040126 -130.48723662741895 -255.00947277369588
3429 105125.30826282501 51889015.62461533 -0.037673329935014266 -17.211405249121135 -12.326963116767793 -2.0062368938364443 72.10445791736936 -18.94038281576968 7.337149380953804 -138.22647712140667 -295.6746480748752
3430 105155.0930929184 54869897.73722905 -9.286296433792273 -57.418066994835016 33.980533528728785 57.25864715030855 105.75247415503654 -13.688705748817029 23.266074191586654 -130.60229767213008 -255.75936476990796
3431 105185.5164065361 51907860.29919249 -0.03802948031034603 -17.2068799632088 -12.326639627247097 -2.0074048139544516 72.10673249025848 -18.906506262934784 7.36765586414441 -138.1715949418366 -295.4144724611201
3432 105215.52473902702 51893239.88470357 -0.03729866424851025 -17.213818434430376 -12.325041271484558 -2.00433548399036 72.1060164919127 -18.85563988456613 7.482443922372454 -138.1695307351256 -295.8847905289688
3433 105245.20343637466 51879930.40373346 -0.04074979462565054 -17.218792488063244 -12.310096324692083 -1.9984375594272166 72.11275306180612 -18.98465435501987 7.228430391895756 -138.25871488363322 -295.8140569042609
3434 105275.52001142502 51877839.612253726 -0.015259844428459957 -17.203712813831473 -12.318618188499592 -2.0112623354845596 72.0922859043402 -19.047241302687326 7.053022262585046 -138.3388689807084 -295.7474625751025
3435 105305.7472345829 54914896.39706235 -9.294411057590786 -57.4101728839383 34.0121376377628 39.67034674361112 78.7165192808293 -13.58639676701091 23.531876306654 -130.48099770831766 -255.17071132685336
3436 105335.86685085297 51884285.588312924 -0.02423046619878022 -17.19800496372249 -12.336691940780959 -2.015893971658926 72.09455045832365 -19.068170005030822 7.011556845384746 -138.28749148425828 -295.5631155538808
3437 105365.88064861298 51919507.05473854 -0.03195343137058515 -17.192511993518533 -12.343781446298195 -2.017965796263894 72.09840833560808 -18.85044544023833 7.479032056528865 -138.1352445880724 -295.2891183084396
3438 105396.26286435127 51928653.05991872 -0.035091213548955835 -17.208850482449044 -12.343268507515582 -2.015128152432567 72.0956426466473 -18.906577957011564 7.40913000091615 -138.10288541921295 -294.99209486251425
3439 105426.6317126751 51874180.474125825 -0.034077823225846515 -17.215095723795038 -12.327335521199714 -2.007851509009811 72.09881160868335 -19.024972744070737 7.130919469941318 -138.28075930853333 -295.8721110105776
3440 105456.57725429535 54918821.84366319 -9.285521209244486 -57.40147653557129 33.994336489517565 39.66546614007956 78.71414880507585 -13.605313110423822 23.53258805959763 -130.47059912007705 -255.20405578992901
3441 105486.5091984272 51886203.699528635 -0.02438920669407807 -17.205508213543123 -12.348552737404233 15.583397230929037 99.14774688026439 -18.998031853595762 7.204309587302134 -138.2843965310209 -295.52863762325256
3442 105516.2137978077 51889004.54726473 -0.02142102393222345 -17.21104515538632 -12.324210463347306 -2.0099931725952445 72.09114630877703 -18.99288437138398 7.175389653384514 -138.23768678124782 -295.6199268512542
3443 105546.29822731018 51883668.065485574 -0.025231054502366845 -17.195474818825456 -12.340025016926276 -2.0165024711517816 72.09724513261773 -19.073716279406938 7.015582763112263 -138.30848421773499 -295.5306956383638
3444 105577.03705739975 51874449.35481443 -0.03325212312861936 -17.21140705209378 -12.329355707307016 -2.010730067112803 72.09793317622437 -18.97007341764828 7.1993956102000425 -138.27865740790355 -295.94937744055204
3445 105607.0840678215 57016998.68452327 -16.76145432127258 -70.76085547462453 101.10232828141461 55.490206489415925 81.17373220323164 -9.614366207474575 33.319212320903375 -124.66900799360269 -224.1208403032167
3446 105637.3305709362 51920398.22738409 -0.017871105411579435 -17.205121865303013 -12.316756830398525 -2.010827438941874 72.09370731557769 -18.845911632404125 7.473909021860152 -138.12590178154704 -295.2817080509044
3447 105667.44800710678 51893029.84965651 -0.01950202791874034 -17.204702226104796 -12.320319993040115 -2.009521124902818 72.09618669958503 -18.84836518676002 7.4309060247042 -138.20984598900048 -295.79379259585
3448 105697.78114962578 54022648.80915489 -7.49690339461397 -30.55371092643414 54.7833933755509 13.825408602713566 74.57638413161416 -14.893972652037803 17.136866113128008 -132.29503553456 -264.042505926124
3449 105728.75148057938 51916162.57212041 -0.022925570469787715 -17.196587907417385 -12.317593446021306 -2.003523937809632 72.11073929774038 -18.92696546522194 7.295826727478925 -138.20780765377447 -295.17125652848074
3450 105758.72007513046 51904413.31716488 -0.018040780564454906 -17.208039339990528 -12.32076456756623 -2.0122101262389975 72.0906285223036 -19.01503925919326 7.078427907164553 -138.24869735027818 -295.34566904537223
3451 105790.06453180313 51873192.71413615 -0.02338975105607588 -17.201316684106803 -12.332567874965207 -2.013789662200196 72.09618260466738 -19.088768117394693 6.970249816873661 -138.3475262859916 -295.73533611302616
3452 105820.33050441742 55341042.129461765 -25.094084325078192 -62.00098963805542 78.95868786016335 70.97317590290567 164.05396930937752 -18.22098971921281 53.405170096067195 -134.8100576526425 -264.3345477039091
3453 105850.5406870842 54918241.20057133 -9.274494521738493 -57.405679866268535 33.98981276379308 39.653953141088365 78.69156525919063 -13.449452742249491 23.700643480438316 -130.43627017627102 -255.2901219670346
3454 105882.27778291702 51924319.189208835 -0.02778900682015717 -17.20111377772585 -12.322832074692627 -2.0064135646731955 72.1065457560073 -18.903294666656848 7.329500489387726 -138.13760769615567 -295.10050154992143
3455 105912.84599590302 57850523.04706931 -20.63069443508662 -77.69486646113299 76.5259106155977 82.00260405883328 145.66752065957877 4.251374530327439 86.91813305219023 -117.05679731277712 -254.96484344509338
3456 105942.54836583138 54022211.987686716 -7.499470981762531 -30.546226974326736 54.776489749240795 13.818053465542178 74.56996638505943 -14.911230393666301 17.161207633307527 -132.28526229004405 -264.0984860799222
3457 105972.706325531 51890946.9145834 -0.02144172979713943 -17.204755060009102 -12.328776870197224 -2.0133710527232864 72.09354857103953 -19.01442341900264 7.087548128491619 -138.28123520144072 -295.50938010247035
3458 106003.2974088192 51866979.31176687 -0.018343693420771245 -17.188661243066765 -12.341865361415898 -2.0152297698106025 72.09983263335606 -19.076756567333064 7.0394130769639105 -138.33241860535003 -295.8767365171383
3459 106033.13991332054 53995919.13240006 -7.4951985768822595 -30.549751340779228 54.770901335334884 13.821892453154547 74.57401495040546 -14.969202833280804 17.09245944150439 -132.3760225314582 -264.5447078488275
3460 106064.60119128227 51903722.37978026 -0.014693916135598784 -17.19438326566609 -12.332954254657253 -2.0145638936779164 72.09570524469126 -18.981378441915012 7.173188528639287 -138.2372051515748 -295.3291160926327
3461 106095.16123485565 54846624.13389984 -11.362061033469171 -37.47074449489784 30.20899398560848 40.3313075403628 139.07046276183084 -0.9811198115373259 70.96841680592956 -124.6504221677738 -295.2034758276195
3462 106125.04908561707 51913556.25865159 -0.01525777122218841 -17.196646173488844 -12.317049240159363 -2.004623628349819 72.10569603309882 -18.963531148645473 7.2519821746732305 -138.19395635074193 -295.26450172104137
3463 106155.07647514343 51920181.07095647 -0.022191827710660306 -17.196885027441496 -12.336657224497756 -2.015017153065372 72.09519789433622 -18.8776567479905 7.411208690356716 -138.13385978221146 -295.238102240361
3464 106184.9737997055 53995234.54524741 -7.500280030356212 -30.564837036695906 54.7918528477344 13.820676045266978 74.5648818739723 -14.980488685007117 17.088634488563912 -132.3797387219933 -264.5109005775604
3465 106215.30705714226 51886979.30563272 -0.0108466733125816 -17.20267068804119 -12.329394244905515 15.590207938980711 99.148892311585 -18.997563171877346 7.170572395703459 -138.2967552580842 -295.5922137368269
3466 106246.08760619164 54906366.82487932 -9.287595670352268 -57.415921766256375 33.98483399875643 57.25882379786384 105.75596449265134 -13.723473088298078 23.255261369589448 -130.53389715181248 -255.11634022112963
3467 106276.75898098946 54036729.80152227 -7.486564832209027 -30.55605992155077 54.788609619022225 31.421414207638435 101.62054716500784 -14.773362897358538 17.521373991886662 -132.23206058223587 -264.1466082968235
3468 106308.59293317795 54036295.831935264 -7.494189784569919 -30.538900047891577 54.76652347725753 13.808944671919335 74.5639789918321 -14.788625589055926 17.45199293168639 -132.21028328564677 -264.0602500022509
3469 106338.72515463829 59924769.06912396 -28.09454872936241 -91.05795462050513 143.61778826175126 115.43129550029299 175.18023680609448 8.216966035561825 96.70684713997673 -111.29899636961136 -224.20558235929167
3470 106368.69701933861 51859113.18089956 -0.01843858605961657 -17.199551789933665 -12.33137660192066 -2.016290304437092 72.09124971576706 -19.172264381444734 6.839887736562616 -138.42020535229102 -295.87366473798625
3471 106399.93561863899 51902682.99306857 -0.01559738974411573 -17.19489278167501 -12.330149856252952 -2.0130047369690374 72.09616920400823 -18.959690679173264 7.2383348669500265 -138.2082454852901 -295.41630010060516
3472 106430.12976861 55327584.15749608 -25.076732724868556 -61.98077326567987 78.96160378162661 70.97018677269156 164.05290174001252 -18.18720034169752 53.405409245352075 -134.81280400360106 -264.51591106827556
3473 106459.89879822731 54022085.22377196 -7.480460639906987 -30.53692294019387 54.78621692597926 13.816393986148526 74.564847593032 -14.755099838137994 17.498134256199478 -132.25635371438216 -264.47109444270114
3474 106490.12832832336 51905037.695265725 -0.019931677952257587 -17.201413132802585 -12.320636474098322 -2.008470454698056 72.1000237017576 -18.86916876766344 7.392656692720948 -138.20941312877176 -295.45317431447165
3475 106519.99584889412 51924239.53875164 -0.021565647460892734 -17.206090424207623 -12.329362883442485 15.589075250456062 99.15166086897385 -18.82637074816853 7.619228055898304 -138.1345651306333 -295.4707804462878
3476 106549.92640709877 51884661.41892933 -0.01936953919832618 -17.203414130369993 -12.33651218239175 -2.0154591469538445 72.09102472959994 -18.992594647035446 7.206426794193703 -138.26411374972974 -295.7025566017019
3477 106579.71209716797 51894284.70031021 -0.002565351885667866 -17.178149126282783 -12.342658989086893 -2.0202126191485945 72.09330464123363 -19.02203795084006 7.112645093135541 -138.27306368883728 -295.5282440673901
3478 106609.80167007446 51890784.55386972 -0.018502470589019993 -17.200938376054683 -12.312772083825735 -2.004149153571703 72.10585940245568 -19.09047221052907 6.994484948417437 -138.29566585681442 -295.3886097764746
3479 106640.03946304321 51915018.422852494 -0.010619462995755669 -17.202003413153086 -12.326360252186326 15.590973364418574 99.15296329537031 -18.950888851087655 7.249632634250702 -138.20778343306148 -295.17370711742217
3480 106670.76451349258 51919160.30251091 -0.013024577565449391 -17.185971157459335 -12.33284815553813 -2.0124856001020817 72.10106052209463 -18.893363400277337 7.373000284282227 -138.14613781876096 -295.26312431364727
3481 106701.33481526375 54027522.77708565 -7.48489305894919 -30.550559062294692 54.782712031220726 13.81712570900828 74.563185227641 -14.772615042386008 17.43061398506279 -132.22381178249424 -264.24175742792113
3482 106731.27755236626 54862889.422879145 -9.26887886922161 -57.4006144882308 33.98994770394926 39.65667088930178 78.69638178967165 -13.663312832723932 23.39242046988511 -130.71830740578042 -255.9986994164597
3483 106761.64442253113 51912132.991936326 -0.014208052482196365 -17.20507360158909 -12.319056594597782 -2.00862051679853 72.0966594978987 -18.88898089645852 7.3765159118586325 -138.20241228056403 -295.27245383785373
3484 106792.499614954 57051814.9365533 -16.729975850473252 -70.73860508756407 101.10586113960836 55.487047461203204 81.16737134924549 -9.456190743005266 33.589240002426095 -124.47507678854925 -223.72765600410918
3485 106822.83284068108 54881983.83319498 -9.274732260910653 -57.405875097323204 33.99334666939213 39.65777047166672 78.6988708046959 -13.627121878282537 23.39230932100122 -130.6292727171484 -255.67963074647392
3486 106853.13671469688 51897573.29085171 -0.010013811278948737 -17.189199981197255 -12.338034804116091 -2.018515456174484 72.09128799975988 -19.024999919094626 7.112147291594397 -138.2708935309567 -295.44676292161006
3487 106883.87979626656 54895297.802391306 -9.26342130021552 -57.39175370264152 33.99076148538423 39.65566666147372 78.69705345845514 -13.622324381475323 23.41238530807925 -130.55952490556388 -255.37921227315724
3488 106914.32295775414 54891505.36819369 -9.27468764394661 -57.395380050397456 33.97248106652797 39.65437070735041 78.70130062117518 -13.620446088240044 23.446580251544106 -130.55393547245478 -255.57417094745784
3489 106944.92929935455 54904401.59140752 -9.271669981485388 -57.40327541147088 33.98283563554675 39.65220027778834 78.69248603592636 -13.627763385986725 23.379010144743802 -130.50699467439404 -255.226744121213
3490 106976.11189818382 54899975.68559122 -9.259776713041493 -57.393163779305226 33.97306869608922 57.25345195426833 105.75158777867661 -13.639924361253918 23.42615196672682 -130.57791261435636 -255.30687981005107
3491 107006.41967725754 54790823.86305183 -11.359900076303816 -37.47480210785621 30.188279882271836 40.32535689034829 139.06040331080152 -1.1523404433479527 70.56827075932267 -124.83906176406572 -295.9348878249896
3492 107038.17305326462 51908037.79455409 -0.0035086820416374565 -17.18437937030568 -12.323694738281972 -2.011315049674039 72.09877864675411 -18.84887782814178 7.4681345117998035 -138.13564178553327 -295.5856364801366
3493 107068.51129436493 54841824.62506117 -11.352085866918365 -37.474676339687996 30.17533617786202 57.92692968942528 166.11606230858857 -1.0553682492652001 70.82569466787595 -124.73006126730996 -295.2725574213423
3494 107098.8510363102 51893941.84960802 -0.008051465520313883 -17.196061868186973 -12.329947529404329 -2.0136822968664063 72.09097512693471 -19.004681047422082 7.137399903497851 -138.26635605507528 -295.5208267193625
3495 107128.80171990395 51901885.843732856 -0.025548175286893127 -17.202111687942796 -12.338719886103249 -2.0150107516671625 72.09446346087663 -18.835661461547375 7.507009620449139 -138.1639178378037 -295.66933605124245
3496 107159.41516971588 51844864.698527865 -0.0073521422526923175 -17.183217418504725 -12.35167110200117 15.582042506222194 99.1515688197608 -19.18612374509422 6.813054868919664 -138.47023282154038 -296.04670009765425
3497 107189.63036799431 57028220.08070169 -16.726766535429153 -70.73427668246427 101.0747952175505 55.476165189321875 81.15971518835126 -9.500725247298078 33.501301275478454 -124.58925650214206 -224.1218952817062
3498 107219.57872271538 51905989.75789599 -0.016075664062000783 -17.195113824420226 -12.332751969156206 -2.012442301479396 72.09921649185492 -18.965160387597393 7.293774377238947 -138.234322203913 -295.43400365911134
3499 107249.56972527504 51891577.8553152 -0.016326244825922487 -17.199409297120752 -12.337595811617938 -2.0137113960195023 72.09497989900552 -18.85856750012448 7.479396047347791 -138.21532526957532 -295.913799716252
3500 107279.90386939049 51870313.6463887 -0.0017245399356582425 -17.190252298572727 -12.321778455768658 -2.0113542218607563 72.09508029359192 -18.925698852847916 7.317451166911496 -138.28498015898583 -296.12242322741224
3501 107309.68339467049 51849844.74407682 -0.013583201477985085 -17.208985810206364 -12.324001765575439 15.592788152260155 99.14936362490052 -19.214300394383258 6.735835621410899 -138.47105622146626 -295.8889791170651
3502 107339.95968604088 51914088.349803165 -0.0087763637161693 -17.175365399384066 -12.34017960823354 -2.0177088731983446 72.09955424554592 -18.89001377479957 7.393510041561001 -138.1643729719379 -295.24906991298883
3503 107370.44143795967 54894897.658176444 -9.271249204526804 -57.401467964474975 33.97632319976899 39.65057538957666 78.69131919887914 -13.710556704343503 23.192917268962674 -130.54426968099244 -255.27670457886666
3504 107400.55598020554 51887500.48514969 -0.008446725021531876 -17.20471013446087 -12.323355750604833 -2.0128041897549167 72.08896930372872 -18.99326402005255 7.1531705130021805 -138.2779530123462 -295.68863514396276
3505 107431.01596331596 51869146.264748536 -0.011614711764700303 -17.203833277872025 -12.320274155888939 -2.0090062382922724 72.09636144855456 -19.106352140212437 6.921675819213874 -138.3459508968632 -295.71956852953656
3506 107460.94044351578 54888226.070270255 -9.271453161491124 -57.38586625450864 33.99032854143691 39.66371927435925 78.71551234848405 -13.604669988260525 23.468135648716952 -130.60552566436013 -255.59060308339005
3507 107490.73306655884 51919823.57979366 -0.011545497705654384 -17.19258821345812 -12.3324243984897 -2.012504470676845 72.09619132886696 -18.939700680533974 7.341140635675174 -138.1833339024592 -295.20293130548197
3508 107520.7420926094 51840830.88066546 -0.012865820951411422 -17.198152880185962 -12.332569141082601 -2.0158377280289983 72.09018549545316 -19.22644255580491 6.725334907032163 -138.47784101269048 -296.06260726385426
3509 107550.70079684258 51873816.85687893 -0.018208571494064074 -17.20197562933818 -12.331319911249253 -2.011732504091256 72.09546941129395 -19.08457745619586 7.006748188361314 -138.33168145300857 -295.70576488075005
3510 107580.92884159088 51884631.98952219 -0.012995311036856805 -17.204901742930673 -12.325241050691325 -2.0126716583554014 72.09083606146024 -19.021766136779434 7.108516101716532 -138.31659539873004 -295.65563233432187
3511 107610.55169463158 51876230.43592221 -0.015979945611292123 -17.201287775514153 -12.329614925391382 -2.014224844564694 72.09209756312629 -19.03837959904382 7.114230615415977 -138.3401556030583 -295.7417067283924
3512 107641.51452541351 51875217.209214896 -0.020735228982044163 -17.19509270961864 -12.328727080297156 -2.0117315144332935 72.10111123170326 -19.14554437274245 6.911510340072482 -138.3569083548167 -295.6469444986643
3513 107672.1980934143 54871547.797654755 -9.273099928474743 -57.41083588894446 33.991846744965756 57.26105647905703 105.75417977781875 -13.74959998981376 23.180194481199692 -130.6322496988467 -255.61407605425762
3514 107702.31230044365 51882140.62010611 -0.00897503418748613 -17.19555914136746 -12.323791096884214 -2.0120627511242475 72.09432423420826 -18.867685168193475 7.445191568901123 -138.1944409874946 -296.06726839592733
3515 107732.2195956707 51894365.08627314 -0.018012000721910226 -17.21412911125052 -12.322393156970065 15.59320825418527 99.14969896847332 -18.98329893085713 7.184757866642258 -138.27859415980095 -295.4403853139111
3516 107762.18649744987 51902768.54000674 -0.02082208068807745 -17.206814761163937 -12.332919356442574 -2.0128796069817128 72.09346517970413 -18.861624296612092 7.441828407194578 -138.20144446106167 -295.5860695390575
3517 107792.31880617142 51883240.53989262 -0.016484025413834758 -17.214961188348937 -12.313626372874552 -2.0074021896601835 72.0936912119848 -19.00360963701837 7.112574656477477 -138.28190164550995 -295.65069856475
3518 107823.45267057419 51905194.816423416 -0.015434578795815668 -17.206736101990106 -12.317732749828515 -2.0104111750743385 72.09437683774813 -18.83869650995507 7.492245125615682 -138.15778372211946 -295.6850270954192
3519 107853.50212478638 53214299.18740689 -17.606842656867336 -48.63496023422404 11.842242467542718 55.1392995845996 161.58301410904394 -22.462085872106513 42.99074049623755 -140.807541495458 -295.1478615129163
3520 107883.26276803017 51911785.19415431 -0.024485896465851198 -17.20923765486895 -12.325271101687186 -2.009176507557939 72.0974605415932 -18.881256765248168 7.418001230447828 -138.15045604285797 -295.36076074562334
3521 107913.54528355598 51884869.84559923 -0.021188860982828572 -17.203422779617277 -12.325326604799862 -2.0118220138350438 72.09609809144754 -19.077252707060268 6.942039153712415 -138.29342401679315 -295.4793204487933
3522 107943.6893723011 51852306.781555414 -0.01893425730160203 -17.20421201783619 -12.332784735126559 15.589383431476932 99.15332940528907 -19.144936352707248 6.912495733427363 -138.38941624545828 -295.97337599911765
3523 107973.54000163078 51891974.88283375 -0.004798364055524473 -17.1926371690202 -12.330300001424135 -2.0157878919844023 72.0899643136813 -19.025197848689004 7.065353805635141 -138.27893509285673 -295.5324332559592
3524 108003.20628333092 51881821.529823504 -0.00919612647732393 -17.198171540066724 -12.327355847079346 15.589841653591037 99.15090251685739 -18.983210231927387 7.239634786622958 -138.28074613660772 -295.7756801629549
3525 108033.09569525719 51846192.51824591 -0.016038388139595128 -17.203265793240398 -12.331425115655044 15.590176231124744 99.1524140751868 -19.204592692399956 6.727817803115556 -138.45189357493734 -295.9626209919842
3526 108063.00194454193 51870099.783940054 -0.018349174001397017 -17.20378475266081 -12.324279293289749 -2.007727692575287 72.09958654675748 -19.017625068590803 7.157877626910988 -138.30893223570786 -295.95469076801083
3527 108093.25489926338 51913026.69273438 -0.02330579471506411 -17.19371214840912 -12.334207442251099 -2.010439912248515 72.10427177289948 -18.90615901025336 7.414883750161607 -138.17257679147212 -295.31503251448487
3528 108123.31135058403 51914520.588767804 -0.005906102621782594 -17.204299047938242 -12.315713729096124 -2.0109003597331423 72.09033400645662 -19.038387464266293 7.095671914925219 -138.2744918321423 -295.1100922802823
3529 108154.16711783409 51855569.06400453 -0.018495579656839567 -17.1987456953957 -12.33602774556902 -2.013452392306263 72.09661005009876 -19.130786127617228 6.930359647707917 -138.39326203493414 -296.00994160929736
3530 108184.59192109108 52206167.92243549 -12.968930296197264 -40.36384385904929 -3.024465486271623 19.568244867941047 105.19612005718758 -27.81413725700031 20.875065451934233 -144.86596560784437 -295.4473867546827
3531 108216.07977080345 51877206.92716895 -0.02125846320933178 -17.20948022686725 -12.326407730235609 -2.0110967093480383 72.09540946472235 -19.045575400915084 7.088832745473269 -138.3372597418744 -295.81423778452813
3532 108246.4504776001 54846138.41641865 -11.374536797015232 -37.49342407333599 30.177109186443296 57.93062564177062 166.11846037891732 -0.9667330082047556 71.00741645040011 -124.6914035293463 -295.3481690153397
3533 108276.81862092018 51881446.309131905 -0.014476699739411458 -17.201762768191198 -12.329720998719132 -2.0137007642534854 72.0927291660651 -19.02157084647007 7.135818800353377 -138.31471217268307 -295.71937397641506
3534 108306.90820097923 51903116.4593863 -0.014157323727236104 -17.201157254143574 -12.315889114703602 -2.0072299334570687 72.10040136689156 -18.87784089137989 7.401555552117145 -138.2369326206961 -295.52816314409733
3535 108336.60252475739 51889416.51803155 -0.0182772073423223 -17.210292611990198 -12.318293498295375 -2.0091453618090185 72.09195115768979 -19.013373536893937 7.132666185252276 -138.28980249360046 -295.602103125608
3536 108366.33600592613 51933806.89890437 -0.018131263342979764 -17.200022603729938 -12.325783397334206 -2.010128840666553 72.09970064363954 -18.811635760852425 7.517050029575614 -138.07714326810657 -295.1710023313269
3537 108397.22538495064 51883736.76432777 -0.012157618587952612 -17.2031548066526 -12.327160999112976 -2.0133045381997334 72.09142706693567 -19.039232682133388 7.106744742145679 -138.31943622321046 -295.6055717433892
3538 108428.77580952644 53234915.348790616 -17.602358772192154 -48.63553312535736 11.854935020041339 55.14307177983862 161.58302820723546 -22.366314783960206 43.177432315477745 -140.74905203277962 -294.9832947757867
3539 108458.74831533432 53219021.959171176 -17.603319574501892 -48.64640644555625 11.872416350932639 55.1493549739282 161.58534552515277 -22.385626938672544 43.10780961847149 -140.76178142194442 -295.2422311878057
3540 108488.77062702179 51881584.16132796 -0.013064724435992048 -17.203469851770386 -12.327880815653494 15.59042663040033 99.15199155387361 -19.033863473447582 7.1045914537639305 -138.28129354838512 -295.6848143416487
3541 108519.30528354645 51870756.94280342 -0.02578575391981275 -17.207898422716198 -12.326696262739574 -2.0097746184048333 72.09831019887358 -19.092824941976858 6.997540941839873 -138.3607112742124 -295.76625296894974
3542 108548.8833720684 51849256.58402706 -0.02136361194149572 -17.201344402490882 -12.325792812382787 -2.0073386846494543 72.10350227955219 -19.109211365113026 6.912299640701065 -138.37487606881422 -296.15538410349495
3543 108580.83641791344 51919989.847385935 -0.014993275383073268 -17.196778319314568 -12.3386864988748 -2.0152359598345697 72.09354311391459 -18.883963186819926 7.3949036783652105 -138.15303408384608 -295.20819617798213
3544 108610.919973135 53223714.98618584 -17.60643864981716 -48.64170814705045 11.85797339053304 55.14477939644547 161.58436299976603 -22.321639141124024 43.226482535707646 -140.72284356751385 -295.27328566118786
3545 108641.00748229027 54019077.53614581 -7.48548634442777 -30.560598346980537 54.7938741856478 13.820786795561332 74.56172625833217 -14.792847830770086 17.440053415870807 -132.26511565685126 -264.39212818904105
3546 108670.92123365402 54009711.19709133 -7.482891204816191 -30.546575400182856 54.78609355934397 13.816445358119026 74.5626563616969 -14.800462938297471 17.43875746625679 -132.28820153483417 -264.54391061554554
3547 108701.40653681755 51918833.88306885 -0.019080038870701088 -17.207637807246122 -12.315706860975908 -2.003477024094593 72.10371418893658 -18.870198244890673 7.396335321599736 -138.11580398221804 -295.41404948411105
3548 108731.60010838509 54036989.04841126 -7.482756034916086 -30.55236287240612 54.786578115977235 13.82208475405234 74.56746169770264 -14.745553161866212 17.512770680587096 -132.1991275750534 -264.1681465882857
3549 108762.37121129036 51890974.04025571 -0.021060825257364968 -17.194518577042253 -12.33260724693698 -2.0098720867650997 72.10445554791528 -18.96707053300088 7.263403674486483 -138.23553849026837 -295.6525565452216
3550 108792.42876839638 53181716.523059055 -17.623050018657324 -48.66237165418762 11.847530579418084 55.14525812988906 161.58318311743278 -22.548357196096163 42.77617308815172 -140.92587694887504 -295.64162032468363
3551 108822.93759584427 51927487.224546075 -0.024778069527968682 -17.215495374544986 -12.316183052489968 -2.0053543723833798 72.09780468540919 -18.839918016815204 7.503748381669993 -138.1048161805607 -295.1958747894797
3552 108853.17117881775 51884418.15353203 -0.007335378946837778 -17.19842885226103 -12.323226312268261 -2.0107913490103613 72.09523017333802 -19.030474829141042 7.058541594503424 -138.2684504825528 -295.58090266688873
3553 108883.7772860527 51885326.66879798 -0.015156519539399227 -17.204712188199743 -12.324546758860073 -2.009170130673539 72.09504097438051 -19.020512761976192 7.129761177339958 -138.29894157913316 -295.6497658466808
3554 108914.50264596939 51920156.826484695 -0.018475895004822718 -17.204864491272673 -12.31634549798239 -2.0034435445581806 72.10478110723453 -18.872285972016982 7.424443880586125 -138.1273204211575 -295.29965428379944
3555 108944.78391575813 54873214.83718094 -9.27083625379441 -57.40196060807202 34.00141332023531 39.66006703181742 78.70001218073484 -13.68215588642255 23.322539334249996 -130.65020921027315 -255.8013064365291
3556 108974.57999777794 51912325.799663015 -0.014642059494129 -17.202078042679016 -12.320058329018423 -2.006571394827972 72.10065943493974 -18.969465161995856 7.267460151612738 -138.19778062252294 -295.27438809376355
3557 109004.52202534676 51907035.754406855 -0.013086082243969344 -17.203365034761507 -12.32096917186528 -2.008032049326715 72.09814413565843 -18.97535775945073 7.20059139179773 -138.21349300115833 -295.33955867902273
3558 109034.52469229698 51887012.97757376 -0.006282428057993172 -17.197677619508816 -12.32265491272134 -2.010820184768477 72.09419224138107 -19.030487758842867 7.049249030421663 -138.27173575050034 -295.60368742729145
3559 109066.18800234795 51903427.635535076 -0.013405623541530076 -17.202347393061014 -12.32212692857982 -2.008445131175179 72.09779237520786 -18.978046904411144 7.207910682483487 -138.2100249259165 -295.47085882732415
3560 109097.02584934235 53233078.61062513 -17.6079679237567 -48.64649494176413 11.84625178479277 55.141884774811174 161.57927955728542 -22.319838491246173 43.27315159901525 -140.73748085136305 -295.07702339734215
3561 109126.84395861626 54882321.77232504 -9.269409988614772 -57.40446020863473 34.02241762813017 39.66506787602776 78.70089818191498 -13.669859441973472 23.326243161882303 -130.63903730387318 -255.66369606827368
3562 109156.8688454628 51888594.11842462 -0.012574285748232938 -17.19552752297971 -12.336233128013141 -2.0154481977060215 72.09346580271905 -19.01888072437839 7.116220630200871 -138.30345557172194 -295.61928466165944
3563 109186.56180858612 51918941.774486385 -0.006817119536194127 -17.19350432525542 -12.325846791808075 -2.0094718591558234 72.09896547235928 -18.91123803956907 7.329770545246333 -138.14310608751816 -295.2612787066711
3564 109216.60522723198 51922981.45149544 -0.013572546036115796 -17.197267387619444 -12.32550907218588 -2.0090985278948494 72.1001799092805 -18.81458303818954 7.491547018606582 -138.08174036048064 -295.3514402478659
3565 109246.64566612244 51911608.370269075 -0.009601392861767977 -17.20343513931182 -12.31279148258492 -2.0055580153271535 72.09719703700942 -18.870041797773354 7.40956699428034 -138.1920206478274 -295.4501941410772
3566 109276.4420838356 51864570.3908543 -0.009323579301828033 -17.204036150126715 -12.323760357432349 -2.011754677593146 72.09129511551915 -19.142451658498317 6.830798135119494 -138.37690598290453 -295.72171627339543
3567 109307.91767263412 51896993.28279913 -0.014542489608693643 -17.207350193139714 -12.312005930177676 -2.0030086872132102 72.10172957831861 -19.05697427202091 7.037375527174504 -138.26680509936205 -295.3876008997107
3568 109337.89003658295 54824973.53638809 -11.356843496482561 -37.47771599581674 30.207638668764574 40.33239334513772 139.06569548080185 -0.9954302524610625 70.86775350855737 -124.71100868657271 -295.6426666710064
3569 109367.89940547943 51868978.23909806 -0.012145207634137734 -17.201267642119653 -12.325409086681873 -2.0108623536706034 72.09510860245317 -19.122429621076606 6.894524271096543 -138.34480838961957 -295.71132572601135
3570 109397.85739374161 51872284.87467378 -0.012153565547500023 -17.203972139857214 -12.328969326252633 -2.01343236433884 72.09079744176591 -19.02968536805139 7.079949352320568 -138.34073139199245 -295.8050991390437
3571 109428.4036719799 51902701.45898736 -0.009667158491364347 -17.198604310847426 -12.319718239071179 -2.0088960413329175 72.09823867285887 -18.88771826136457 7.39530709670521 -138.22815862345328 -295.4939423490612
3572 109458.42227339745 51892437.85332134 -0.010811937859756426 -17.196121916344016 -12.330544650286797 -2.0122584842061 72.09688193879948 -18.98603712857124 7.157988020778532 -138.2724549034948 -295.6110936676927
3573 109488.24297237396 51901561.47987697 -0.01148254956446948 -17.200450256136335 -12.323051022222344 -2.0087267035771816 72.09744759771205 -18.982804348075092 7.205746979249454 -138.21119222341952 -295.47868839356425
3574 109518.40815019608 51892250.65781325 -0.013858843938812981 -17.19713439365345 -12.330506543792914 -2.012889929055973 72.09556619741441 -18.97195137699407 7.217933737666158 -138.25570182137687 -295.62484560068094
3575 109548.55515909195 51904826.82095053 -0.004491424150174339 -17.20055663076799 -12.32344745971222 -2.012512424444779 72.08994675476254 -18.886545806349545 7.344090395086823 -138.16504402487323 -295.57019997932423
3576 109578.82313489914 51903122.46607804 -0.010064674366464743 -17.19964269704775 -12.323167372102297 -2.011655343453995 72.09424407517173 -18.851862408060015 7.481348626697979 -138.17317883576334 -295.7395407084748
3577 109608.7790427208 54024758.59891046 -7.478243375556399 -30.543167790561554 54.771196732176996 13.817059053641657 74.56701861172843 -14.780327974723946 17.44712854325371 -132.240110559983 -264.30231062747123
3578 109638.7786552906 51906603.411530636 -0.0100523949871274 -17.204169421152287 -12.322684696999232 -2.0119776150102098 72.09058952016015 -18.82944264762682 7.472958160777409 -138.1558871920489 -295.6538853803298
3579 109669.14535546303 51905262.781953394 -0.010398127770368859 -17.207927069826603 -12.315297723938343 -2.0066304129344843 72.0957017045772 -18.865478006061892 7.386703838665994 -138.16523700270767 -295.4667642936977
3580 109699.51194787025 51887451.46259689 -0.010469835619549173 -17.1981812478165 -12.330309720837967 -2.014000893737702 72.09230737670644 -19.007051632285766 7.1406267558191985 -138.30087495654345 -295.66021430961325
3581 109729.68831634521 54016056.599162854 -7.475576203118678 -30.546455226572363 54.78123371035781 13.818962990090256 74.56565054114515 -14.8020815826211 17.393652366017022 -132.2805472976474 -264.4825258972294
3582 109760.02046847343 51862898.67487183 -0.009853732034045493 -17.205201431766028 -12.322178095767498 -2.0107192391695747 72.09240808687191 -19.13017125717886 6.852414851054732 -138.37962451904372 -295.79315890654254
3583 109790.16891765594 51898985.5928722 -0.010776594831561681 -17.201472729005438 -12.3270531341619 -2.0112291652665846 72.09394063100575 -18.9394212380833 7.235118754744235 -138.23362754864417 -295.50328982431574
3584 109819.87601971626 51867927.799923085 -0.008906268108439974 -17.202423802946747 -12.322639453960612 -2.010105517126945 72.09435040973162 -19.10580143229066 6.914869598802738 -138.34619986935326 -295.74420526841607
3585 109850.03336143494 51906596.41279256 -0.018612100370418716 -17.21086066814666 -12.316962954200434 -2.0066342852876176 72.09741455693009 -18.93698244945051 7.286552724267835 -138.21043022409833 -295.40508099704135
3586 109880.09946131706 54008077.4732033 -7.47642939565522 -30.550669177130022 54.78504400988167 13.819140916312705 74.56328669969666 -14.829423337855076 17.328070066557984 -132.28378249238136 -264.55975683095505
3587 109910.29086756706 51862614.4359265 -0.010253103951690434 -17.20477280241907 -12.325593684737704 -2.0106941160736227 72.09339871853513 -19.107766959554397 6.915442552678826 -138.36702658972632 -295.844826015385
3588 109939.99151229858 51865486.90491634 -0.009989631006799726 -17.20327944622869 -12.32801581493188 -2.0123260256186626 72.09186274869087 -19.04858882070846 7.0220214103509875 -138.33256683239028 -295.9542166989644
3589 109970.12066435814 51894451.49630963 -0.014039667007050838 -17.20158849518934 -12.330905632421747 -2.0136324425311756 72.09288533096075 -18.969189383745174 7.238795368529395 -138.25669878410315 -295.60362704569275
3590 110000.55482959747 51859219.40652328 -0.011044995944807567 -17.197927640788528 -12.32771739083865 -2.011995253134444 72.09567843161597 -19.16630118214897 6.8544699747751565 -138.39902039506399 -295.80312953370395
3591 110030.38810610771 51859096.27097577 -0.009075484564903036 -17.20460889466918 -12.322728574431544 -2.0104360670268733 72.09216755776711 -19.12769065012958 6.857303312669387 -138.37346114438122 -295.8409869476685
3592 110061.3542277813 51904274.401364364 -0.006321155360030417 -17.202647589224952 -12.323864203920614 -2.012288611854615 72.09030460055538 -18.880046267251203 7.338899216753532 -138.16495882219954 -295.59108123318725
3593 110091.32323861122 52200507.01793735 -12.972427725634311 -40.374032850707636 -3.0191401861826677 19.57384226712709 105.20110406953269 -27.678117118050693 21.226710400025695 -144.83978002636906 -295.76884002997417
3594 110121.32815027237 51902409.35283483 -0.006793418992810274 -17.19832581346386 -12.327756982307527 -2.0141895044524887 72.0906739889059 -18.850899435245367 7.435599538735971 -138.17739596627587 -295.6968664479864
3595 110151.09475541115 51890539.48158846 -0.0077278689474375994 -17.204241596345838 -12.326505771148113 15.591093202209706 99.15008801758393 -18.987061798224033 7.166648887165195 -138.27533285348096 -295.66306350843894
3596 110181.347417593 51894602.13917763 -0.005712149676877942 -17.200331869680777 -12.329247966173483 -2.0147441255637375 72.08843805105309 -18.98847061121836 7.2254208913580555 -138.27418937456196 -295.5229453282336
3597 110211.56547880173 51910993.22034218 -0.011090307408291977 -17.205383896013863 -12.31753776237457 -2.0072877710030212 72.09690728087975 -18.841844093126724 7.434363824330717 -138.14658890593068 -295.44002404538116
3598 110241.48460364342 51906391.680993535 -0.012400258067959413 -17.208293880450135 -12.319315646944197 -2.0065144568239504 72.09711244958027 -18.975377627122384 7.20735597060883 -138.2063154662722 -295.3798136691197
3599 110271.55082702637 51875060.00252266 -0.006680529211884334 -17.20596337373549 -12.321743927277574 -2.0109737336060505 72.09078122979882 -19.019275346669474 7.085549930707089 -138.31736402176426 -295.8216260349477
3600 110301.54777312279 51880008.60682662 -0.015468198087599916 -17.207653359168695 -12.32192791968886 -2.006866244430867 72.09828645023508 -19.024110546515146 7.122977164611768 -138.31353855966802 -295.76384609396536
3601 110331.86075162888 51896252.39799339 -0.011965696036025264 -17.201433440139535 -12.322909935127711 -2.0090380938731727 72.0970158498002 -18.9893738677535 7.177706899781413 -138.22702352728226 -295.52931260793804
3602 110362.67489266396 51867579.33970198 -0.013191405572399617 -17.20910096361391 -12.326706608025454 -2.01195492311129 72.09017554968197 -19.06786291417012 7.014908717802371 -138.3371605057855 -295.8815815743077
3603 110392.6425216198 54027448.223077 -7.48095195319204 -30.55590867137781 54.781295147163036 13.817183789075955 74.5590957783291 -14.783011838056723 17.43479782158272 -132.23696769866433 -264.2334668683285
3604 110422.61268496513 51875786.11155268 -0.011097398955239868 -17.20691773775232 -12.323819064186715 -2.0111513583391343 72.09172393802413 -19.03475122647211 7.133974969940141 -138.3307465620672 -295.8302406280378
3605 110452.68346476555 51893545.903052986 -0.012734496018172337 -17.204444123833234 -12.328264779321529 -2.0125237830743004 72.09239190233521 -19.001028214645828 7.1762827238506475 -138.2850212899296 -295.5075973367934
3606 110484.29271745682 54026814.183675766 -7.473102938459196 -30.547750176751542 54.7860194548664 13.81664003965733 74.55901151258415 -14.779809589709544 17.384886336256272 -132.22250365662518 -264.215719861573
3607 110514.15579509735 55352601.0667702 -25.06649259435674 -61.99701319392151 78.97779210719744 70.97874674414143 164.05145284854837 -18.196388874716945 53.33619109671963 -134.74698675241245 -264.1095096238571
3608 110544.23445820808 51831358.61807992 -0.00984468766929325 -17.207331571754303 -12.325663659335063 -2.0126976502406677 72.08961679963116 -19.2274584662552 6.652303982863941 -138.4877489928324 -296.1485661704561
3609 110574.22544789314 51871440.53960753 -0.011727504561545032 -17.206372631831897 -12.322684050769922 -2.011298280935918 72.09195927926271 -19.0536449199019 7.034995014312017 -138.31386264884821 -295.81516989630876
3610 110604.65269947052 51851989.72182566 -0.00916399800078338 -17.207475179008714 -12.321712168418856 -2.009958750137315 72.0911110146116 -19.132450670048854 6.846110373522151 -138.39811699249123 -295.98629909996623
3611 110635.10152459145 51877107.17035375 -0.014083241764708987 -17.20922016918408 -12.327555685031491 -2.0113039218165483 72.0922010051492 -19.06735659330468 7.0514432414450425 -138.35344085796163 -295.7076187055162
3612 110666.51402187347 51860248.60296933 -0.011697399292266653 -17.20496260464406 -12.32317550121639 -2.0089853824309927 72.09483719022039 -19.123197300377 6.9044131573929235 -138.37052641766758 -295.86628058238495
3613 110696.64276480675 53218513.086850375 -17.60282823793305 -48.645555128664824 11.860791347699738 55.146258409185904 161.58226242529847 -22.33960287920553 43.17933366618047 -140.7473173506687 -295.3435869312984
3614 110727.73771429062 54021614.82911592 -7.4703706750974135 -30.545769596125933 54.782573394066056 31.419236481221333 101.61839426714005 -14.82522067168253 17.354971099389786 -132.25663548447665 -264.3950429641917
3615 110757.85609221458 53219463.138186984 -17.611249401309056 -48.66208831247705 11.860772532235167 55.14884259461205 161.58090930321123 -22.366362128313654 43.11152947225776 -140.78788088177407 -295.18528213555106
3616 110788.04536247253 51862207.083411284 -0.015826947095760602 -17.207250955998298 -12.326031908454482 -2.0115915820722563 72.09203808935358 -19.05975010745459 6.987344050228785 -138.33305580058328 -295.9933342320409
3617 110818.35744309425 51847515.37648208 -0.0069301204643004155 -17.2078931594534 -12.32501909074633 -2.0121379359537315 72.08786139695358 -19.215509727899928 6.744254399940303 -138.45481305298415 -295.97564976761277
3618 110848.43888425827 54892461.4686962 -9.272497994065258 -57.40922738739731 34.01326537965597 39.66169033623892 78.69668589127302 -13.64622703667169 23.334804999697553 -130.61080871986582 -255.41726287986012
3619 110880.1214363575 51879839.409140274 -0.010476310190433935 -17.206162554771897 -12.321903014666795 -2.0104807602681376 72.09176736374988 -19.02074176408695 7.161975630774634 -138.31911981289613 -295.8135307798919
3620 110911.66136193275 56179579.85068315 -26.860014860497653 -88.85120378809451 58.20546728907448 96.8206278668664 168.18486343273437 -17.049888712487018 59.29390895273832 -133.2382821273672 -255.81488341625655
3621 110942.03211665154 53193342.07083856 -17.593552508698163 -48.64278244077411 11.869148392524934 55.14838367267821 161.58124850821557 -22.409269720126417 43.00882322083987 -140.83411692700628 -295.64076071522425
3622 110972.28837037086 51853258.6186936 -0.012426765246459581 -17.208810288750144 -12.320035022482386 -2.009532789645121 72.09284447105122 -19.126471319722953 6.857474584450927 -138.38835765885125 -295.95524873849894
3623 111003.19148015976 51885746.06249004 -0.010339242863789622 -17.20164555678145 -12.329175610262375 -2.0138013749698445 72.09011380265059 -19.026842876022386 7.093475540055238 -138.30503525841522 -295.63101607755783
3624 111033.36362743378 52211433.086390354 -12.96795155094632 -40.36600754689926 -3.0270199443520838 19.5681944313541 105.19700581989319 -27.754591632921176 21.050447336680577 -144.89417920383664 -295.33463689539894
3625 111063.29703474045 51860578.491226494 -0.012649779107736236 -17.20990781437392 -12.325245035991593 15.592859154854594 99.15058916719369 -19.198746235273973 6.79120295731758 -138.44310568365285 -295.7818822613177
3626 111093.39731860161 51883011.2766478 -0.011519254634972498 -17.203841580588726 -12.325142570192575 -2.009851025565794 72.09479780742546 -19.044528266668692 7.087224542038712 -138.31281140790503 -295.6614416839095
3627 111123.69767713547 51867770.75056911 -0.009521014568818487 -17.20634974247271 -12.32717562612305 15.591714562692303 99.14946936602045 -19.197069617196746 6.747726291385504 -138.41382348216558 -295.58258545098425
3628 111153.72185182571 51884833.15074693 -0.011579033663419835 -17.213158422139635 -12.318154606845162 -2.009354673806243 72.08996752313696 -19.032748920809638 7.078494844806471 -138.3094300958499 -295.6091330754199
3629 111184.04639673233 51873975.110222064 -0.012756787414648585 -17.210411356172603 -12.324287509809054 -2.0101209868656724 72.09132972453159 -19.066771237399507 7.045770743211847 -138.3592368381452 -295.7714692327852
3630 111213.87413549423 51888858.32520094 -0.010733418638356085 -17.204907687133137 -12.324333322903378 -2.0120234495810365 72.09099161026707 -19.0323515693741 7.091797202857379 -138.3103370546837 -295.59495328097375
3631 111243.94140291214 51872164.85504843 -0.005460335093143698 -17.203862301475503 -12.327207361217177 15.59144605468532 99.14914843314712 -19.19937442384156 6.7357596613761075 -138.40191357794362 -295.53732165254553
3632 111273.96765899658 51891023.307324596 -0.015453604806573651 -17.200962935014807 -12.333719629707616 -2.0154394074221784 72.09152256145362 -19.02837190893422 7.04442965022298 -138.3122070825649 -295.49078237797903
3633 111304.43246531487 51849585.85311399 -0.010672605222165288 -17.20362183445311 -12.32765832142929 -2.014051272979188 72.08917112035995 -19.20998299392329 6.72697826944227 -138.4536836956064 -295.9370116549518
3634 111334.63542318344 51878593.98387982 -0.012277168421778839 -17.21215577112348 -12.321994319232068 15.593608964418678 99.15044989968189 -19.18621384687873 6.766699170681477 -138.3873731667801 -295.42770566105406
3635 111364.60445308685 54029216.57627928 -7.4823835965399255 -30.553126632614116 54.78230836713008 13.818721993426465 74.56304398218649 -14.792449949627382 17.418604289962445 -132.2178384044787 -264.23211910378626
3636 111394.44804620743 51895956.416934684 -0.009226882322185048 -17.199686586843622 -12.327168156517644 -2.0131356482134635 72.09203704669568 -19.014330804366068 7.127327976333049 -138.275118096413 -295.49549902681053
3637 111424.143607378 51886969.59942156 -0.014004936812561652 -17.203017889882002 -12.327358247424876 -2.0127842271790826 72.09226395519192 -19.005687441595057 7.144823682222864 -138.30450304119432 -295.66206946671997
3638 111454.25036501884 51860771.36492141 -0.01397759340282434 -17.209432071155376 -12.322535608850998 -2.009660609118157 72.09323319632804 -19.120492006973734 6.883483845327248 -138.3735385832568 -295.8377082423338
3639 111484.00522303581 51910566.96768482 -0.008663755158178077 -17.20394061148492 -12.324960272827006 -2.0128134128315764 72.09040032454725 -18.87094775841672 7.437475526417984 -138.1770261957202 -295.47824869458304
3640 111514.08371186256 51830490.519900285 -0.007737408985150296 -17.20360861017319 -12.326522502851851 -2.0128812169661074 72.09020258796858 -19.22761044729316 6.679714593740357 -138.4974885982777 -296.1800417363087
3641 111544.36690998077 51837859.56289462 -0.010779145711630633 -17.206111650534737 -12.327403882867216 -2.013275731870337 72.08984626180118 -19.222317451830293 6.715645428359721 -138.48688324818403 -296.07710403259136
3642 111574.66463756561 54019045.78121072 -7.478861133309987 -30.55312018412259 54.78548193629488 13.81893165161317 74.56204356222088 -14.794868021788716 17.391511300926823 -132.2517678106172 -264.45146413041726
3643 111606.40928721428 51902618.75716279 -0.004881538355718362 -17.20976241716902 -12.318340706481912 -2.010208617742805 72.0879748635478 -18.8597158209256 7.440666043689475 -138.1959430400525 -295.60009698754715
3644 111637.56541013718 55317059.121988356 -25.06421252666289 -61.98713464695067 78.97418013835568 70.97675124493257 164.05357977632352 -18.395946789552852 52.955291104471826 -134.92034693033338 -264.33926359272544
3645 111667.40622472763 53210774.929515645 -17.59923318808498 -48.64460178875015 11.862402604965347 55.14696485961586 161.58298091469126 -22.344700591814615 43.142499349995774 -140.80224783521209 -295.5172960090457
3646 111697.64073705673 51883578.257934086 -0.010923439487498854 -17.20307098861544 -12.327812212522893 -2.0130684837837407 72.09158194455462 -19.030496242091715 7.090844923730003 -138.3103472661948 -295.66615685580496
3647 111727.9880259037 51857727.357006066 -0.007961794439765413 -17.204309882530954 -12.325911397773773 -2.01130808780772 72.09150498186636 -19.18401245695128 6.7906199334914845 -138.4218932017635 -295.82640905295546
3648 111758.10099196434 54026416.06563089 -7.476990838298949 -30.555686132129445 54.789037908808396 31.42209262683879 101.6184919132482 -14.80833501378794 17.34076399916023 -132.24596865799725 -264.25098670514325
3649 111787.9972474575 51875990.7208395 -0.008683915779347018 -17.204990304356034 -12.324265048837908 -2.0118481652583995 72.09086916443795 -19.039163579424383 7.101769777680204 -138.336821094593 -295.7916661754772
3650 111818.12745118141 51859759.29792672 -0.01171118757175904 -17.209400673565103 -12.322224826659763 -2.010573709286348 72.0912918548957 -19.0617415088567 7.000450778076072 -138.34173653562397 -296.00687957522143
3651 111848.05399489403 51885915.37560406 -0.005774634543566748 -17.20047518120419 -12.328044372905076 15.590630104558315 99.15125383113343 -18.997262053327916 7.195445225981814 -138.3004809990759 -295.69064462769853
3652 111878.148188591 51875832.5142184 -0.009095392753778242 -17.206202075740634 -12.3248175811326 -2.012547303322961 72.08926079408363 -19.186375756972666 6.7620532418117705 -138.396379713422 -295.4778787061678
3653 111908.06818890572 51876827.79585286 -0.004500916205671501 -17.202500657520858 -12.325132269398395 -2.012645987008824 72.08962073518943 -19.034940760337292 7.01813415053266 -138.29469054634825 -295.7305830573612
3654 111938.05600810051 51860027.06695723 -0.013902525623368689 -17.205258398873706 -12.32576202420907 -2.010127264344277 72.09539631506702 -19.115175856228063 6.927002056215883 -138.36382750476457 -295.8995243899308
3655 111968.62490344048 51876934.823011436 -0.007207451409005472 -17.202515010046962 -12.324495885318854 -2.0113004853425593 72.0922333401734 -19.026701186153275 7.139957151269925 -138.32437436239064 -295.83880681430526
3656 111998.71974396706 51888292.99897514 -0.006616188891346297 -17.199042448590113 -12.32876227176476 -2.01383373881508 72.09058382684526 -19.03265236757818 7.087776585431129 -138.30624207514262 -295.6087039136029
3657 112031.10956215858 51857322.85119995 -0.012957892195686327 -17.208745452415123 -12.322722251505617 -2.0098668233796246 72.09343421214174 -19.186917000975086 6.806123931401032 -138.42595720540464 -295.8386401473134
3658 112060.82738924026 56180646.077165 -28.938644616422295 -68.92231725636587 54.39359881767581 97.49162767209401 228.55181206959338 -4.280003370780207 107.09002634408421 -127.09171550392153 -295.0586265283499
3659 112090.52540779114 51877326.79160721 -0.010851920415063887 -17.20442774223732 -12.32383259343242 -2.0109203208373287 72.0926739706252 -19.02409291965745 7.139350874370336 -138.3147676416869 -295.79404079925405
3660 112120.56588721275 51878038.63041212 -0.00714135818174455 -17.208160295461134 -12.324302285651598 15.592832600234544 99.14952086743554 -19.191171689521695 6.762058745690069 -138.38942501891097 -295.47419946738705
3661 112150.82744932175 51910623.469042495 -0.014232084105824327 -17.20359991428904 -12.326470158954564 -2.0104006312226232 72.09511712491889 -18.919442904677624 7.290022598563894 -138.16407369511302 -295.3880012877569
3662 112180.74159407616 51874376.66439607 -0.008503942249475926 -17.205746052272623 -12.322403513910402 -2.011397870152706 72.09095530640346 -19.03723279259748 7.049686710995445 -138.3244020082205 -295.76802004706144
3663 112210.86001682281 51886452.88670709 -0.011761265300986423 -17.207401614413595 -12.321303496403367 -2.009871362977094 72.09360698884768 -19.012240336321213 7.168083441856993 -138.29309694567274 -295.6893165965678
3664 112241.0562183857 51860493.176526144 -0.012935993985419003 -17.207929117139788 -12.321747131847808 -2.009534048248483 72.09373991791757 -19.0519407688588 7.048205385624783 -138.3280862410263 -296.0594920673088
3665 112271.34200787544 51838406.08768591 -0.00679890542281214 -17.197986420777575 -12.33114900749127 -2.015272095461043 72.09034257682181 -19.21554845033029 6.68950043413264 -138.46797579393217 -296.1043928046431
3666 112301.40451669693 51919644.297921196 -0.005410434821698118 -17.206338957161925 -12.319711779669369 -2.0096311142028895 72.09205023427593 -18.855282179236667 7.450848876222437 -138.15934641796207 -295.38669292201075
3667 112332.62103796005 51888907.30192282 -0.006901266747700419 -17.195781298631207 -12.33092256212845 -2.014646310379547 72.09156408343398 -19.02498950537705 7.091405656373013 -138.29904881549106 -295.619403001126
3668 112362.60169768333 54838961.44205217 -11.355363875691665 -37.48777199782605 30.219334203479917 40.33615399170485 139.0644903728762 -0.9765757459849169 70.91387344404836 -124.65443335878484 -295.4637164441599
3669 112392.84354567528 51842809.50767729 -0.007950439226867445 -17.199778508221282 -12.325768634114446 -2.0116016605420555 72.09328717113917 -19.192875123362683 6.783399960652844 -138.44351800132972 -296.0587132718401
3670 112423.27291202545 51855880.76988672 -0.009235844629692735 -17.20508067502599 -12.325978582032057 -2.0121319759561374 72.09091309379318 -19.07676900869859 6.968985562878174 -138.35439453757908 -296.03670934883274
3671 112453.33380293846 51876031.3967413 -0.008557285542639903 -17.20298748145393 -12.325272241103896 -2.012050196413668 72.0917536686492 -19.026972516725777 7.148470840654056 -138.33135795800143 -295.8595024675735
3672 112483.77944207191 51884481.403412536 -0.007162275082031044 -17.203355238279578 -12.323819788825396 -2.0106453043030257 72.09292589118063 -19.014841913001135 7.159265276714336 -138.2974049330624 -295.6851263281061
3673 112513.94976449013 54010211.804114364 -7.475306186607003 -30.548203868556875 54.78088454076458 13.817760898731876 74.56276698439127 -14.820338265897249 17.351559956400138 -132.2675358425886 -264.55247460677475
3674 112545.68264913559 51902443.16299768 -0.0053035938484882195 -17.19984783367299 -12.326075531313393 -2.013353242753496 72.09104262966714 -18.888019442529412 7.328652995767811 -138.17483461810997 -295.6256548184924
3675 112575.58651256561 54830678.27758841 -11.354213574765065 -37.47738024925498 30.21147328805835 40.333200505231304 139.0663714534618 -0.985444475993063 70.89186236915043 -124.67773177023946 -295.5939165069757
3676 112605.3024046421 51889968.87573984 -0.0037356195264486303 -17.197519932575233 -12.328946486284956 -2.014132464788503 72.0903960718156 -19.046139433978055 7.069832059936232 -138.31985132858586 -295.5142007609397
3677 112635.46871447563 51859370.31872828 -0.0076161706539998875 -17.197537136023975 -12.329332330252818 -2.0133164418486444 72.09277303511446 -19.1180733817975 6.879758564616395 -138.36881958729617 -295.8742967585357
3678 112666.2008793354 51902463.02935262 -0.010616290533693729 -17.199539342773615 -12.32684178805971 -2.0107806665101293 72.09629316974346 -18.94130945049693 7.267920910719226 -138.2226773606506 -295.4864518565213
3679 112696.29958510399 51862801.01186197 -0.009103646823870548 -17.203955737467943 -12.323882272471273 -2.011587538341658 72.09188440144574 -19.142043608021993 6.84283190211886 -138.37939852635907 -295.7867370063568
3680 112729.22655415535 51873267.23432967 -0.008168316857616986 -17.19705248175335 -12.330267092013116 -2.0146133234005106 72.09168526039483 -19.065399191649647 7.010805894536418 -138.31348939796982 -295.7738224308188
3681 112759.35864067078 56142309.69238921 -28.943186092797852 -68.9227933000791 54.3939374422185 97.49022958812216 228.552352020324 -4.521158752909969 106.54819831409213 -127.27212091703097 -295.2478667738735
3682 112790.52999329567 51873638.38565074 -0.006764923755838481 -17.199343503465816 -12.329125414995104 -2.0135463270189007 72.0911045184532 -19.044906729122715 7.00427296676196 -138.31050979037457 -295.7607972227032
3683 112820.29921555519 53237773.77534164 -17.604947436172402 -48.64970592874484 11.86082598966766 55.14712524104233 161.5827121648691 -22.32480246159247 43.21583688138276 -140.7008426092437 -295.01943136696633
3684 112850.44622015953 51886401.98158331 -0.00814539696069616 -17.20130692428165 -12.32739711128238 -2.0130390622713463 72.09055403576794 -19.029684963462046 7.095076485394202 -138.30502534704095 -295.62306209762403
3685 112880.53345608711 54003915.015974514 -7.473010145823675 -30.54730457289495 54.78421620223061 13.81715377765535 74.56059367735922 -14.824238838282952 17.345447352152974 -132.29862808272634 -264.6738183849949
3686 112911.17505025864 51868870.16910841 -0.0080591495429303 -17.200379912253453 -12.331800651826505 15.590069028560947 99.15153013603447 -19.173952347888587 6.789341382409191 -138.40870596510058 -295.60578373728987
3687 112942.35796904564 54026103.8530067 -7.475296772571156 -30.55175872043288 54.78736652026756 13.8190825412982 74.56149726747354 -14.787253460841441 17.405417468622886 -132.24077970489964 -264.32000066887053
3688 112972.42918920517 54832233.21353308 -11.356032603841658 -37.47976960905842 30.19739337819412 40.329558012897564 139.06175428899556 -0.9981343222257806 70.89703338380957 -124.72604646425998 -295.55269514725
3689 113003.03713464737 51893311.08895278 -0.011087100974883413 -17.200852075343622 -12.326915006659675 -2.0118510566667993 72.09392932458675 -18.96814885426869 7.247344196827498 -138.25226108920424 -295.64481777480034
3690 113033.61196374893 54032360.99716283 -7.472984180686524 -30.542152474705713 54.78045631100523 13.815024035943324 74.56065453636772 -14.773469921206129 17.458828692154157 -132.2267046257918 -264.224651683909
3691 113063.48493981361 51876709.35785341 -0.01051457668778255 -17.207268775032645 -12.321698479196918 -2.0105516606549685 72.09126848970003 -19.018988712161388 7.147227711494168 -138.32731367838636 -295.8524991080658
3692 113093.88647460938 51889141.32004016 -0.00944164148159743 -17.203844863660674 -12.324052111083986 -2.011336511547455 72.09229714695272 -19.027972702187583 7.1347696935876 -138.29747085120704 -295.59023756188367
3693 113124.48993301392 51881401.39305191 -0.007498782800826831 -17.203099496198547 -12.326163846340151 -2.0127540860871704 72.09062137762844 -19.04630846540249 7.113520043426945 -138.3308607466024 -295.6916907427777
3694 113154.66620779037 51889508.50846419 -0.007527840038996203 -17.203659435253194 -12.324311252323653 -2.0124674176644817 72.09004030826608 -19.02393833522916 7.1028829414862 -138.3024987732407 -295.58951834566096
3695 113184.43156480789 54019704.85854783 -7.469870219858038 -30.5457531609716 54.78191825060557 13.815343229228375 74.55780862505777 -14.793390603793227 17.415814712408633 -132.26759950912447 -264.43821405544156
3696 113215.44622397423 51834034.20998756 -0.011193788044298714 -17.205633374844403 -12.322520592734108 -2.0103837356015646 72.09332608007783 -19.207034050591574 6.761479126406186 -138.47288787399208 -296.1952027931916
3697 113245.36414813995 53226758.86414348 -17.59822552089287 -48.64480630293513 11.865055317726345 55.1477843809555 161.58268812463933 -22.343167929809056 43.17695048198709 -140.77800872488382 -295.19863723923254
3698 113275.7718360424 51901245.97159561 -0.004733104417454115 -17.202816328473126 -12.32409229997814 -2.012665346393547 72.08904545114594 -18.886773118409167 7.328246868613746 -138.1840666836947 -295.63747193407784
3699 113305.73964262009 51859548.78447272 -0.009499999345674581 -17.20589698429197 -12.324479556587036 -2.0113915434969414 72.09070721715736 -19.062709470719653 6.989856465288824 -138.34371152753977 -296.01354868482366
3700 113335.87698221207 51885523.753939226 -0.004546149746143868 -17.205780880354407 -12.32331928573658 15.592613483069144 99.14921033819975 -19.026374388404633 7.054369977784177 -138.30884741262787 -295.59958856050764
3701 113365.92439484596 54022038.742913194 -7.475754954740982 -30.546193707159254 54.7808375339993 13.816470991253837 74.56141327324457 -14.79449759844357 17.41091924869704 -132.2592982635278 -264.34947891268064
3702 113396.22615814209 51886024.82760404 -0.009633380101593758 -17.202336332658714 -12.3258437053926 -2.012367238084579 72.09148767992832 -19.02546720307822 7.102867951673545 -138.30678711289193 -295.6536582998206
3703 113426.57712221146 51885694.27894736 -0.007609966668216117 -17.205160075439515 -12.32440532246919 -2.011978464157238 72.08946324541672 -19.024511580649403 7.071742676724682 -138.29163822390905 -295.6058207787379
3704 113456.60965418816 51854863.4896473 -0.013596047615855866 -17.20891204468168 -12.322175795307693 -2.009992160540932 72.09243779916352 -19.12504133735513 6.880879123632212 -138.40097339193744 -295.96615517522855
3705 113486.58936452866 51876398.78182017 -0.010592953770370173 -17.20623610511732 -12.31895015878046 -2.0084701513654295 72.09483743227298 -19.08511887339222 6.945096538477401 -138.3199751249624 -295.59202903428314
3706 113516.86170244217 51894685.89198414 -0.007016770766739455 -17.203592594484295 -12.325396485466648 -2.01260693927253 72.08970129496193 -19.025249412534095 7.095980084854091 -138.2934793116503 -295.4547927976058
3707 113547.23402786255 51879543.27910889 -0.00973697649206784 -17.20435144022268 -12.325312726290363 -2.0116584715268573 72.09216982067834 -19.020568396446322 7.16302605571326 -138.3189275564501 -295.8157759706934
3708 113577.11455464363 51860434.006581865 -0.00810998958770881 -17.199254269581157 -12.326252716615798 -2.0118543108101363 72.09348471554298 -19.123817378817307 6.865752704078318 -138.3682393031932 -295.8268914709954
3709 113606.90037989616 51858301.34740073 -0.007534519607634849 -17.202967171827318 -12.323685798716006 -2.0113987365784 72.09133994105574 -19.14264508745447 6.826457631782148 -138.38935036446094 -295.8431913665653
3710 113636.63763928413 51872300.8752826 -0.005410960791518704 -17.198754489980388 -12.325854762173343 -2.0124335714871364 72.09218996516364 -19.04850854395869 7.03584524823259 -138.30739895750258 -295.83213218941927
3711 113665.85289144516 51871215.74141151 -0.008475572657538066 -17.201840664228307 -12.326317682465628 -2.012825655853746 72.09098341487352 -19.063841884213332 7.010506894773357 -138.3162671129714 -295.7871121482469
3712 113696.31522512436 51883569.37894276 -0.010608242629000841 -17.20759706234154 -12.32110506961395 -2.010277837702162 72.09225854092799 -19.027432307835 7.13299971116885 -138.30764272974136 -295.70663893553353
