1 31.72704768180847 6.575498639383959e7 -13.931372811062861 -50.33689164210764 -48.61949009325899 -1.9950187673091335 -68.43028809560832 -1.3206659901024977 -13.40733325979437 -5.992205123856024 -2.2914217543998916
2 62.44554257392883 82927902.69996388 -82.15006855566811 -95.0526892557837 217.7570571924761 221.35925782327345 62.11419744571672 82.22865092134816 183.14034565681175 124.69938420781091 150.48869971773172
3 92.6165418624878 89523675.58575046 -130.6872022931705 -213.42442779156573 245.06072789323537 365.3668605943276 206.94067600001804 84.01519047376826 361.48877605368386 133.84158220148277 155.32323965367857
4 123.95745968818665 91075242.12740742 -53.56264294776142 -131.46043836550552 217.45006802377392 298.93562555506145 189.1896396507646 91.17110608252847 293.82414694659894 182.34882271480956 203.6644951880378
5 151.60700297355652 89165962.87093373 -7.942237728675121 -94.6057435438673 149.7720542465556 219.15771054849205 41.574357040005516 83.21675704430777 113.09137807540128 161.94789122425414 190.64035235312906
6 179.41498017311096 88813803.79015686 -105.97636899202546 -163.1105766002454 184.5642395996373 272.04687062832755 122.94174118817125 35.05432256985523 187.91004599213989 150.40658204254737 183.01084129376022
7 211.26800417900085 73837734.5053724 -138.29693942541715 -179.21158890092335 136.19052991253602 296.5331507461276 170.70365261666618 12.93438845016567 180.76805760060972 60.35100438902725 77.92122509156695
8 242.22376465797424 94026140.58538602 -188.22209217371758 -226.6802746724694 358.89469788001503 424.9710882801721 235.9850265502143 85.06942359106108 368.2117617274845 200.5208714223162 234.20543265598997
9 272.3455696105957 109642331.95867528 -160.1972223738226 -219.55552577344528 286.65875762357655 336.0968948256378 154.16934390772235 146.24717118857052 456.8703936016634 294.6525078594733 343.51399834546316
10 305.9791169166565 94696533.68938603 -5.686467668147732 -44.17874429612146 305.48376028905057 192.3892112114358 5.355833009768433 127.7172971437725 141.88237839978945 257.2504509077796 305.00785215962776
11 338.7842552661896 143489712.2218771 -88.16369896291158 -183.64008838192072 485.97118984375766 285.7742509412668 111.77396593715399 219.19368134834917 561.7985741320181 633.5916458252123 734.8500213088569
12 369.214697599411 142227520.4117181 -130.5194657924615 -231.50243405446568 433.6941706699166 360.6161802168706 218.57178142419448 222.7766312251258 671.4029744322554 586.3324027410952 677.0143936385978
13 400.15944957733154 95638441.80460072 -4.927372069355226 -23.50084187070766 271.46761559679504 261.63599692687626 108.61895226110101 151.42148971898257 296.38633959518313 251.79728752383028 257.2940022839257
14 430.91975235939026 101440654.26513237 -166.43511802760537 -240.22476755904594 387.2776910959046 412.1212492968979 230.76192160057477 100.20380567744598 420.28034941113685 250.86631485829514 297.6452005890362
15 464.56949853897095 125219828.31019267 -203.0687144129145 -250.23112254460077 428.86907191801726 468.0222161308327 262.554323868715 180.99729873373565 590.3741023291504 469.17176535417946 531.6105772638066
16 495.1510853767395 108774641.1146627 -189.91569428869064 -251.40765439198796 499.8909102863594 413.5886296858194 281.2159359093133 151.9750635751268 569.0658065223122 312.36887892012726 355.7276395138638
17 526.9336431026459 93607748.2220178 -87.16610965274765 -147.04904869647953 219.7988066617553 284.1537179327751 119.67522908596474 160.00516916816025 354.37056787708536 192.56817987285012 231.44498343201917
18 556.6525616645813 119146736.07784066 -108.6933180750407 -122.77062512890794 421.24843632361797 379.6157741723786 182.17911316424295 151.10470428236852 390.4824280459128 382.04032200565064 429.1432154199563
19 587.0152497291565 101290182.44047499 -148.27916007081546 -210.03601381693423 282.3814783586699 318.86897519655867 145.80690173415883 74.89718281636738 329.8828026138714 269.7022757537752 313.58174422661034
20 617.7714986801147 109255183.08081071 -132.5095289405092 -200.9932254117572 306.0464746471577 316.9988915888782 163.0160072131307 115.2197048840535 407.71863419778754 337.85563585994305 388.1375850386271
21 648.058616399765 97857266.39913279 -60.461241279717065 -123.92964602605531 317.94012226522915 260.3485186367673 83.40013622447627 198.5945415008041 400.23504463793074 230.8818186124422 272.63825632694886
22 677.3605663776398 89291958.67541029 -159.06935914523766 -206.51856058459583 288.3094755807085 352.3891598567054 182.4132912982969 65.95873354164178 299.7912491542621 185.24504188189042 220.8860658358949
23 705.3107998371124 103277373.97260204 -159.02404316624367 -194.2417991875689 392.1780321860743 312.13444880842087 148.8636112338519 116.1662023072322 406.30627641073 258.7966264426185 303.58968238518696
24 737.2152647972107 98886301.12709002 -73.73433895908343 -77.28771257275523 314.44073769373654 284.8584276308974 94.74919694747601 151.29664483032536 327.38304012238257 263.5011670586423 261.6702142792244
25 766.6283059120178 112195449.47959854 -0.7500668538103934 -55.842961811923075 300.7100852658991 285.36935957502124 94.58116691734418 200.435308445288 338.14735022613786 377.2410424052438 426.4696412898106
26 799.040736913681 103699967.16155823 -222.58552870341632 -264.99241830581195 419.1768967765481 433.3291804447661 257.14042827841416 142.52409750798495 553.5443875359549 255.50923979014635 304.310349829076
27 829.0638482570648 124138277.51686272 -143.00878626128585 -233.26769418195454 447.2684186202556 428.2585253235344 224.66583491454287 207.30137411573503 627.4631440246696 426.6287100416275 500.05040383742653
28 858.0554785728455 99412025.7179365 -157.5644863769874 -207.65000539916937 349.99407948714264 348.91106719735643 202.95910410598427 189.81553162784053 590.5941654613687 227.51704357866515 232.74310432491347
29 892.3711628913879 91874843.26011488 -152.44438979157218 -195.32764906248389 301.0223866456955 365.3126807562194 174.13853422112547 83.26950944113764 327.6354504753773 176.93955689669917 202.391688022906
30 922.2589068412781 120169483.25209913 -229.34849919647627 -284.0475766544583 678.3202708379496 515.7519915032839 308.4541138866301 279.2704616808529 859.3673794976257 364.312751252823 423.13551105425006
31 953.647004365921 128009027.70801014 -246.8498984563845 -276.1853424090896 549.3085238873807 512.9695595912121 276.93758324160166 211.03244541627032 679.9324717458876 490.68459105328134 560.5130730853105
32 986.7750720977783 133124708.43496746 -113.8429641066404 -164.54670218950307 544.467626335429 366.5123452487462 180.9003663684567 301.05736670165675 735.9253709789491 532.5710409879325 562.7885967123921
33 1018.6134824752808 100441610.65902019 -8.489007657373229 -127.47325339319707 452.06918843363286 339.38868033107934 158.2649774124515 272.4414053800358 552.6256321125002 259.85266781238863 308.3743772453947
34 1052.06711435318 145282091.95141762 -182.4324780327803 -245.23481344882725 482.98236182665306 363.48023493055155 183.53575451770186 264.96670612158596 744.4810252800701 627.8841639218554 728.6032176721505
35 1079.6635675430298 103633403.54758152 -191.7112312745873 -264.20944620781535 523.5341988717581 463.1211410168574 259.8165644223802 206.4611438739629 659.7789302350234 223.90961123609247 260.22823845868595
36 1109.5303139686584 91710456.58555718 -175.80549140184277 -206.42918704511055 307.07208145886227 339.9707572168419 141.48332732709542 114.93220852121613 379.7030362285776 157.22381014840573 187.00734669724238
37 1139.0310492515564 111312008.23075996 -79.62543138612024 -109.29157769352332 449.8122039244047 331.5825810933057 134.2910988678439 187.45467201562894 420.3811708621813 395.860342376454 435.48381733908377
38 1168.2473855018616 160355315.0852938 -236.16717368549425 -260.63219948594326 856.4451526992863 426.2708855536909 226.48267177590952 319.7906888984801 883.9509778105232 748.8693316411941 856.3555017286146
39 1200.7148172855377 122440368.97018395 -146.76173503115066 -62.40011461079203 567.7579442071441 378.25390273942605 181.07140102211545 234.38937989737974 489.98021540153024 460.1037441825772 524.2990322699566
40 1236.1635675430298 163509965.42099282 -129.41555146190296 -223.10253728148678 649.4444437904306 409.8893595001888 220.09273921372878 319.1033509371913 848.645552030928 788.069992046677 894.4717219491545
41 1270.5738906860352 110857265.30770202 -157.77603659342154 -212.92738776032516 515.1623929133098 492.89463771672104 258.62012783499995 156.05274172211216 514.2401045039367 345.16193214942166 366.04401195398214
42 1299.0931465625763 164286212.51644143 -142.71572580980904 -225.9237667637431 776.0341844867291 371.1938850176594 162.36613474287014 354.08966596988864 860.1059208160232 793.1238396038393 913.4167969773985
43 1331.647388458252 117665715.40108837 -173.880086706828 -208.1614461559322 323.80091217456135 379.2094014984416 202.70917768771687 184.60634194863894 555.3568185224765 370.4855949612504 435.2313437428236
44 1360.0238251686096 112300122.48293245 -177.51276582446158 -237.97056399603952 475.36176275708203 417.46626696330617 222.86849502643537 146.51883693156492 490.0223151615171 298.6171910133776 351.0451999772224
45 1393.2104046344757 95467294.31846143 -170.3710087747601 -206.60053476152908 400.3857490368506 428.06850443312476 217.67810389371547 134.09272374836507 453.8746062499648 222.25022776301364 243.8422808601308
46 1422.8542878627777 123491045.07760215 -85.8316920012773 -179.8428405314748 519.2555268382794 418.83377118715265 232.86062768164388 198.69199827375883 542.343319293414 432.2921283967918 503.3794170126622
47 1453.4738142490387 138599544.67746052 -142.94341658032766 -207.78411030665796 473.37778013062405 365.86585479088563 209.33607773124197 248.81141743765897 686.8290370321647 584.9124273350856 664.9867492834812
48 1483.1081657409668 118494550.3306713 -74.2206262083544 -103.06639192308207 451.7130652468927 343.53931402583265 162.37892271942232 218.928399681511 506.0331758426273 368.5328333954669 430.6922456442512
49 1509.2914979457855 100398958.61701588 -46.33947259058246 -76.34880424270837 328.5466850897441 304.54287907693106 132.08773245859473 265.9654703214137 601.4926988412219 226.84981908218697 168.63711118586264
50 1539.6806602478027 97512065.93337925 -218.6120178819113 -213.00456702594255 424.5764537162223 416.29053010183907 178.808806225266 105.23362415775341 368.98049292777387 251.98049427609487 295.0733233616851
51 1570.6242489814758 95237976.5133361 -36.20674051156659 -143.72761129548792 435.8505430977612 424.1464558552353 240.31001480087198 220.6342725778668 587.6774209247076 211.21922206427496 240.7401788976415
52 1598.257283449173 117958372.3879463 -200.15014062091709 -274.62184277312633 430.378742747076 482.6297828088434 245.83042671900247 135.99615979698706 524.8843311904213 324.7226279457549 381.46565569662675
53 1631.0968835353851 118960763.48153603 -156.30141831104697 -227.40867609439263 496.71941941988734 443.74834346139113 242.48057728512407 160.9167031249765 516.4528576818917 415.77822734270524 479.049543722634
54 1660.754599571228 173519204.09413534 -96.85367946282224 -209.9443765434568 1455.919086863629 468.80159793676 267.2848162196182 399.0213576230675 991.4478693838421 862.6590714260935 985.9552837946821
55 1691.483444929123 95302467.07619579 -153.15461771524164 -217.6127627505531 381.6672060375682 358.18320795256426 182.89622782531902 103.44467364387526 418.1568375632854 200.8091239545114 224.56582025830483
56 1720.43807888031 153594170.0110445 -127.62617796227082 -153.58554739135292 537.3842166485103 351.2251800495294 183.25858935516322 337.33113831433775 805.7016673550158 711.9871940545997 784.3159516231281
57 1750.2382173538208 133685467.13403782 -123.99256340302257 -175.7529122485931 436.92692696981896 366.8440034606516 192.32052688667656 234.9111808157229 636.2224894915912 513.8278653394574 532.2779110456036
58 1778.372342824936 130876074.92314732 -195.5615750956876 -228.68070752298718 462.43983843697185 436.5932693439144 241.33443240312693 204.94911696816553 598.7680024606539 502.45702498380285 582.3395152914097
59 1809.837174654007 110418153.67824648 -82.62208147146798 -76.41342609742911 385.9463878239428 296.4583840347208 101.55616565436164 184.10457167305174 410.5400768809891 345.00955384353585 404.51675835146955
60 1837.663306236267 111994957.2118461 -139.09802653660003 -214.71525286980795 410.29225883016545 454.2792591639968 248.110452648967 188.99902932892348 589.093576600452 237.80062787374766 281.49821657934524
61 1878.0796179771423 80505567.5609084 -80.38167103102005 -135.06832108282723 129.41699293192133 217.7126889932863 69.60017172633059 65.75409872898467 157.21465541467205 104.90437619854117 127.58068439053432
62 1905.1850833892822 175984769.6581929 -135.6400162353164 -257.7738317406407 973.7818132406211 542.1364904794507 337.04910139065873 492.3011305024162 1257.707868817578 820.7281267400458 938.7265115393982
63 1935.1388788223267 106854528.99213696 -191.92153098542326 -251.6704578787632 312.7493017591577 405.85351980631594 217.61148605699466 133.57769750913667 484.2161850937566 292.85784123463225 342.0264644330747
64 1966.4048900604248 101199865.04511301 -198.5040564999529 -255.0553977047994 506.17746692488356 423.799304336354 236.56196379521592 171.75887884078497 565.5773901686305 270.6552765113779 203.61941484233023
65 1995.742573261261 145842608.82431468 -82.05149259072923 -166.19204339407915 552.4834756479605 376.7718395141548 183.13294482341925 312.52307425356355 738.649594619545 632.7806977233063 725.3375548173588
66 2028.8759388923645 86220768.76639323 -91.68080792419222 -119.85963466546112 239.14184285920135 350.7387756202501 161.0689731144364 107.52446335083937 317.237570560872 145.58350172594612 109.23460247924538
67 2060.808023929596 118208372.82697842 -125.48768727097985 -241.5832421157241 389.82519063413775 386.6121874730875 187.39187904643555 159.64775424411255 526.9453204525898 368.7749088564709 433.44519659211005
68 2088.6085345745087 123444344.52334297 -176.80493519770914 -252.09206938357121 485.4191608584601 434.6289341902382 255.22511445150877 232.5033057697292 710.1903004288858 427.9864210513782 490.8104356287191
69 2117.733835697174 117816053.7941011 -161.78151149202208 -209.27042998528137 385.66176271218484 339.34934207608876 146.18579711796133 177.69103531805285 502.5972630234264 420.78449946015417 491.30938284131014
70 2150.4341819286346 93862686.6097588 -225.34748804990417 -272.72557255889586 429.7019879799663 494.0761530076854 283.6022690666194 117.00178564868293 505.09608110951785 170.0991650377323 203.85858077384546
71 2182.2213892936707 136827338.9246877 -160.069174792207 -261.662796121562 643.2001257349822 440.3819622670463 241.45209039319255 241.82835526039582 707.8559794466173 555.6932645521392 645.4315609175603
72 2211.9889483451843 111039065.63130195 -167.07898150726123 -262.82340029328003 590.6111892469842 548.4655605711757 333.242675305676 198.914501406485 653.6817159437978 321.143726047771 374.59952343232237
73 2242.8844163417816 94833552.01708429 -135.7267775675586 -224.017151258492 292.99930460366346 343.3436000278139 158.12796425134204 126.08448545140061 443.9737398226026 190.06801865163106 224.32160061241927
74 2276.137056350708 92046115.2584678 -105.47965488797574 -170.53463524410645 304.76610724279954 327.5809196592585 132.08985228733164 153.0016223917521 431.22049928994625 169.11431920398047 195.52223144833692
75 2306.0244863033295 119574998.94127564 -132.76289967741326 -242.73080324405666 463.8902416076822 395.6866966443921 229.251687149321 257.0889944253928 752.850396414809 365.178644753012 412.2531903852821
76 2342.824985742569 91340315.64720693 -228.18656024584502 -278.7674128498401 392.60405128301306 466.2864744643982 260.0361473348146 128.15614386068398 526.9320642525272 125.56894585740804 152.61291748729855
77 2378.3581190109253 112535757.54708575 -161.7759126641485 -274.6103844662494 515.5684312883602 461.5826240059779 230.8297980892709 249.37899040287164 738.7235901993299 300.95253152362454 352.64439769144246
78 2408.797417640686 113852270.8939324 -167.6524281153901 -253.05194381914797 509.0535241541025 464.6124895848135 274.2245820844456 146.82348770005422 543.8949864447591 294.09762663345043 345.62157524812517
79 2441.6876788139343 146989663.86425737 -234.65312214698267 -303.2382867761612 880.9498692468529 532.4607010920215 290.48703090249535 253.6962503621778 777.7092646328672 624.664658035741 724.553985696178
80 2475.3528282642365 98578217.4058807 -136.0848913291905 -217.7441331218156 385.0502195259735 419.4218887499116 184.36824162900544 134.8953966426967 420.017334643176 217.69023000365928 252.24912520592807
81 2508.328657388687 113275945.87037024 -72.75448482193529 -196.1857811285065 379.67168159809853 319.6280741277756 166.8124082667306 122.67851175073008 420.23799804022326 336.19578275959805 394.12164393947296
82 2543.3305151462555 119305523.86695881 -36.75608952599598 -188.89238314211747 416.1554994951957 370.7652050442774 203.88699696355704 198.82483999388762 573.0408438968977 409.6409609370347 467.76268023852515
83 2574.329116344452 147636642.39320657 -224.74735813810315 -287.9094513769213 644.5225251271005 531.0328784613444 302.51546154646377 310.50813469714865 866.8484934311969 606.362536027214 658.9332849708353
84 2608.7557594776154 92325058.09234338 -154.53135653257542 -188.96817161064286 338.66930798579347 398.1566417200146 160.44053247275886 102.96103287760775 311.7847233383427 190.06699996792486 228.09053736942928
85 2643.3341348171234 144482445.84981334 -159.54482290252201 -263.6002392154788 556.9905098688084 398.3795681438239 207.94454842731923 236.3825147323886 725.0291780576522 551.4072653039314 640.4897600192476
86 2677.4296555519104 114556678.53240289 -14.12614616587403 -170.11047349851356 460.7659293874111 328.6464095323169 136.39742564913038 196.93958807977992 478.56709467725943 347.1893860017002 408.6678241206372
87 2714.183619737625 100766277.90590116 -209.21410396952334 -273.38679292400207 516.4781396082441 484.4883515187479 265.17662695245383 271.36250603147846 814.2309205879906 191.19272591429433 218.95933468182284
88 2747.204377889633 153157957.34088978 -101.0717468944694 -257.82716368435297 710.4951865175892 581.9506870868721 347.63864387778955 340.2194599856866 927.2488170248541 647.4615619577919 749.3330190657182
89 2780.013709783554 104781169.11246774 -201.78458190132272 -273.5849601041217 490.0043554266654 482.655934994075 259.7430970962322 125.14197514828447 504.7249548154457 242.47874967308405 284.4479064321504
90 2812.2227964401245 114132086.6785343 -155.0101808776384 -240.24492666758547 404.60288028105947 468.0270235864556 249.24138126363206 209.72755136963906 651.2703245526461 293.6601783657294 341.77044342096053
91 2845.571184396744 115145235.2877515 -177.96154554995783 -219.05652175924374 618.081022740751 424.05689384621945 159.89550985893214 211.41328111745293 581.0744758476569 334.14255277326185 372.0806074685678
92 2877.693264722824 104204953.42529875 -73.75100312644332 -162.9440006042798 554.2622325703294 391.6047770332269 191.86443816165266 257.9961102341408 618.1950257140488 243.56586619491657 281.85929925940786
93 2908.849510192871 100674385.10283388 -231.4096506313683 -281.14591265129815 600.622002682238 533.1901424045814 288.0200770529613 181.2216480608521 631.0628691466316 225.61180046088964 269.25964478819105
94 2941.655229330063 79426457.61669333 -194.4763290848245 -227.99076427815737 272.9134944535217 441.20650908787707 226.05824441892972 45.90413625363499 294.2696905493872 59.77403206895258 68.44284464819293
95 2974.6539359092712 125616470.08521633 -240.59529601750185 -309.4091526122833 681.9926470481067 561.7576311416435 306.4986627498009 276.82942865410314 831.2558877917797 443.26286175233736 510.1925269865858
96 3009.3474538326263 110419387.44930556 -97.55418170952227 -133.00165340655093 472.32700069826404 392.2523411252823 146.32622370978223 193.78811353804986 432.2785470834431 294.4707379307275 341.6532874656194
97 3045.7959756851196 117318718.36416751 -6.041213952378433 -13.945938010878105 544.7070353968214 366.99040946400595 161.91932014476464 288.021422032493 450.31503264755565 411.615696105996 480.71430082924667
98 3079.376340866089 118318703.39369301 -261.80916441089624 -336.9016761180099 714.2727747186827 616.3983968183368 370.7679100816275 289.0754781564416 925.0508749005296 303.36589776975404 353.1986151245944
99 3110.9950065612793 108369423.54164563 -165.4434559250592 -256.32262877052335 343.4385626063765 431.6309386040904 246.37242078201442 119.58787317802808 473.4430535584079 293.539465008221 338.6438408735986
100 3144.785587787628 94900145.2434001 -193.15746662693272 -268.7837390788753 386.5160742605551 459.34632564765894 249.30816425883052 88.50888206226011 413.2289392578259 183.75459725081646 183.56053572214205
101 3177.976835012436 115064572.16186547 -175.11870805898795 -227.55185476487623 466.6878232983574 379.6268702871205 179.64751172417678 251.03619167957515 690.3497458256368 323.8538635513703 367.31258511963006
102 3209.0670444965363 140083681.95766923 -197.5120887319964 -264.75241939612357 632.2966394288032 432.6633017575396 270.59805961761026 279.19934297971395 836.530237915171 519.9020817836602 606.8161028152267
103 3242.326511859894 88130848.24552031 -166.02597419370898 -228.90195502875787 320.8352751795076 390.4601159838961 173.6982139196224 80.55253425350668 341.0395922032403 132.9516028418234 163.97995942289947
104 3279.718819141388 99806660.50071801 -99.62620602362024 -183.06434229428785 380.7828371490993 327.6809656322108 128.5286189583427 183.84289325324903 496.6916403389124 221.44143729444284 259.50496121931894
105 3314.6191890239716 113656911.02611513 -61.125025741482595 -199.2809774394206 536.6976980382888 425.8843746747498 200.78019545309127 240.0770254927961 580.6927662227158 300.25922627571197 313.01773177677705
106 3347.9611093997955 139786155.49212873 -59.92038279040874 -69.6487968498874 580.8660963954046 473.5061266702857 236.045924180122 310.8122074292827 658.7052508647853 413.3582345930279 452.692462121281
107 3381.182757139206 101558858.93195468 -24.764041680685732 -125.99867873333423 196.47625917518866 259.84489589696193 76.40253396655483 138.7035830676566 302.35645920330944 223.92808938413884 266.480858913319
108 3417.3386838436127 135692584.58978927 -249.1622758301732 -293.74402234432233 637.9879508690381 501.1669142586859 281.40877495435046 272.6367300765721 830.6800417820286 466.419376679784 541.7216072837518
109 3450.036758184433 114366320.0861332 -84.43926100347869 -216.03105042411337 364.7555506210305 325.74744359076414 145.8144115273148 246.12283083307966 643.3097489877778 348.74421276376097 403.5645244351135
110 3486.5611157417297 107798079.69573471 -76.00754404603008 -179.7355800253147 302.7965177369809 360.1331285476599 168.0011471986104 108.77045900213284 370.65905187148064 179.69206028683777 198.534793862843
111 3518.444669008255 127663402.45144649 -94.86531101838445 -227.65360576889634 535.2874591072851 372.97595232700047 165.34854668186674 278.507824612641 713.5847882283208 406.3338807208223 474.8139202891299
112 3548.489334344864 141925895.0165457 -147.16388512847746 -242.08058979903217 2513.2985978610227 444.73465049967785 239.29899182423804 292.62410848483773 788.0815339578533 562.2739040536956 653.9670953078141
113 3587.5411925315857 91071990.66320379 -13.73578471761893 -16.80929387266113 139.78627495831452 120.98731161294309 -34.08077591061441 116.87188932874881 165.46789903716115 125.96251368853245 155.40931962285833
114 3618.791328191757 154536649.13191092 -44.71769538475676 -165.70963421793547 656.1232699823613 389.2133315041783 151.50099752522624 402.1639683664289 822.8789635179864 646.5620674678391 733.6246908364187
115 3652.5570254325867 87333350.22604379 -45.22693926009405 -120.32520435308464 222.9374561849537 185.27551288576512 27.82886256181136 191.11548662055668 413.00092946561426 113.23674674926747 139.45868665121134
116 3684.7351183891296 147833086.30110526 -57.43061786145158 -161.64193419910902 899.6132883587726 306.93440236053834 120.517071347911 317.329099840151 730.6088338266077 601.9007393892919 690.7408403681598
117 3718.405496120453 134263158.22463647 -39.40986317494604 -168.7472854748936 287.87390097958894 263.3432769537911 78.50624001492942 233.2911444167662 547.2312075804666 497.3047239764761 572.2582568326343
118 3750.850112438202 104022846.04367061 -138.93691090115047 -222.3807663551079 387.24872616170785 337.4041797882874 163.4171140560683 175.41775901215044 523.3736294601296 218.44533319916934 214.5441680221843
119 3781.171959877014 91423939.80497779 -114.76152012185463 -193.5153519316167 425.87761226197415 345.9397677237757 160.00046956757114 178.29530313857174 543.133192877378 74.30244212035029 87.51779989855584
120 3815.9757788181305 78666025.0770264 -91.37186121578966 -160.87295514435854 108.99827355276165 268.4511109994507 95.76474303543581 28.99747864429446 162.12941223386167 33.567262031318705 35.68132503052573
121 3848.1811938285828 101019147.35132723 -88.80918569973606 -200.62370092630348 390.2698999260623 402.74920761374347 147.56875434803672 206.5945066836357 508.04909911496395 235.03140446776683 271.4268966320782
122 3877.961317062378 79154755.76479888 -149.86106373062694 -236.49732889576597 259.2495854539147 350.97338323981637 173.8375587967949 68.26620657204705 348.63717268100515 35.39175978167714 44.95168293586562
123 3913.8491604328156 85632600.02996825 -139.8665910744665 -118.41185012099808 220.74957694769844 322.338528388678 154.37644466890617 115.15195684067749 328.4497622760533 134.86541308941673 156.60693990119114
124 3950.126456260681 87515615.55954999 -83.66888463771065 -190.60120407455904 364.7820437265641 340.87989369764637 120.18651855433603 180.4275214521807 453.87603520796677 108.47333764132759 96.43980208539233
125 3981.651818037033 121453643.00166194 -21.27287889044259 -128.70885963355542 482.8346149640123 378.6230912036897 185.49383893758457 372.7363643276192 720.7411799248287 426.62376688360325 458.6779850991469
126 4014.9791650772095 79221763.06750187 -51.688059002363765 -151.62062896525126 67.31845544291154 169.36514777979298 1.8234004391951508 22.29538099586773 108.73365881306552 63.6835805551392 83.71522470333866
127 4046.411369562149 84311660.4609587 -67.04642147302613 -181.515795925139 205.91356501265602 383.4522607140916 172.8159665404637 82.70628869139728 273.2232397585253 69.16041133552608 87.30407407473945
128 4079.6427097320557 78983796.02837956 -80.53245956068238 -135.36800015276586 197.0431544435523 303.3412274397381 120.4549316295778 96.86364543938805 257.7563094827375 66.41672617366225 62.47176974547665
129 4111.354804754257 83441200.7304612 -80.16836242421117 -185.12463040004874 209.86136472242563 290.45639772395936 116.86508147635544 78.79411099243441 336.34807907422066 46.82641313222689 59.198373280082365
130 4143.774597644806 95989218.18489736 -87.65484760110566 -161.99526965077584 238.69278461001062 332.1227726729304 126.16961927739011 88.09380769579911 290.55904605703154 135.35589470990396 165.26243344635816
131 4176.952121734619 83421319.74936908 -90.79346244144827 -194.02146838000587 223.0466064068271 349.89113079019523 149.2634782428603 121.30271413016828 355.64355703330136 70.47408149863315 80.75558319453069
132 4210.771726369858 80878854.33331911 -36.06989899174407 -100.12556966620338 229.17623684720826 254.8812534079162 107.6500878302333 146.62795292586372 303.97426773859934 87.03339319546785 93.69395353812354
133 4242.224816083908 97109561.55054234 -103.511699916655 -176.49409686012982 312.21133161377367 277.8460270191996 106.49306868457631 194.47808905794489 513.0885693075029 230.2855954876303 227.13410788717226
134 4274.190057992935 90934526.72627255 -93.70723081379593 -119.80619883524255 219.60628559300244 271.9640311117752 79.35183827179355 105.64282078617634 285.6374805079581 116.22224975614813 131.04758981222608
135 4306.535923242569 94116176.60177815 -125.51527307503315 -140.93318170840178 415.83642875166936 255.975701738826 72.66936496185582 162.88833882093695 408.5136954144622 241.8829264611943 177.27428450732953
136 4339.348691701889 83088926.1014814 -162.54438779357102 -231.93956684931337 291.5481992208676 374.7978795954785 194.04781731569844 71.23422488726624 346.06819549976024 91.95824596509226 106.66575481145219
137 4370.664647102356 96365282.02500117 -199.76023367028552 -269.8177703966265 425.6659569949434 410.8862881714833 249.42408157819634 148.22397287555577 550.6030752381 211.68276090862832 175.90444555194392
138 4404.605721950531 84737752.45573409 -220.21223263183086 -229.7667533595527 399.61293216181207 445.5689207117514 255.32777952570197 170.68204755837246 563.3597037397872 80.40464533723821 62.06051318233369
139 4436.13446688652 79502327.04033084 -29.963930084245906 -174.1370803385975 163.4791562111593 236.62992256692553 59.195826188473845 75.31760194904427 253.1729947062371 47.18763168903649 64.75640328747568
140 4470.817356109619 80367808.99361435 -170.33468880654357 -181.06908512205518 276.17221001635204 336.0806702280633 171.51196937004696 86.0627679783986 332.4052158063538 91.77948226879244 72.44990839912646
141 4503.17142033577 92886065.10829264 -103.97102506925664 -170.29369141706667 380.9146564954102 287.73193737004823 108.69508965842978 147.8003677149036 410.64377343413685 165.94797502370807 97.73563035693542
142 4539.748222589493 80009156.26787227 -159.63122515877856 -221.84090281861992 306.0252302866689 341.48667414442934 156.61498560189594 85.7667934405655 348.4525744461248 64.99724674696154 56.569601017716536
143 4571.603250026703 104429375.92873731 -134.96379683580696 -204.97596162522754 533.9719228223179 414.2916083626236 195.600094504628 196.4397719105525 577.4406223910235 234.96412071100485 262.3350110567741
144 4611.403013706207 86122450.70386225 -126.73396824221267 -179.286485995274 246.0739980067762 305.4646929432982 137.31819404963665 96.14981918667513 360.4057062110139 76.22727640001938 98.4518444749682
145 4646.661799192429 97710710.15050206 -47.578480869894115 -199.14563959799128 415.50932321515535 310.1933905064794 129.83961465712454 217.47431801425046 552.037662790666 166.35437342654052 163.7681072540563
146 4678.902695178986 84468605.44608237 -83.12182643709784 -200.9565146037262 286.8593527870249 354.61209333183695 162.9281861505051 82.61849690706856 287.26673175694555 103.06770242933999 112.0860946618601
147 4714.116597414017 98028843.75524138 -205.15175466353304 -278.2191455996925 386.9659933128703 456.6192021297581 264.2516320085754 109.66588652208145 500.56288642353695 183.85528947131604 222.0819990688268
148 4750.151328086853 83319906.29414849 -83.82062583273266 -166.7315328011407 380.5113721280434 378.70775003280266 207.05769925476324 204.15787676829132 498.58341764543434 98.55495880102023 45.60736824247101
149 4784.176044464111 100765451.81044684 -26.872971607853387 -139.33120656620474 206.4274656874803 302.28468112656645 173.9967078481284 119.61151498374022 381.989087654484 80.56309948124317 82.17152286076293
150 4817.707984447479 79283191.26207013 -45.45077939082814 -125.8824344051409 180.69045329962904 263.5338860069541 99.75315592151301 132.01164665535907 323.76525565909833 54.76003990403399 72.70047134155448
151 4850.887172460556 101306240.95597772 -95.15877087054281 -79.00108741589436 311.4850741887873 343.8424394191733 137.60392092641007 162.9488436888447 378.0529192354545 238.88827582547594 284.99023962013393
152 4884.551826000214 82616325.33641648 -146.58940866282893 -234.9994569339192 241.88970741727883 380.26544670623184 226.83765494325533 75.66010718310974 381.3667081795069 83.63448129355129 61.19918841893207
153 4920.842875003815 98360358.79672225 -95.69614571747474 -189.31619092124734 194.8510603183052 325.0232875328984 134.40246047332755 107.27082022943966 338.62736898388073 187.09924358709736 219.7564008313958
154 4957.698954820633 112333141.3499821 -188.9621051611596 -294.03185289975005 381.44092020238554 469.5761477096196 260.2362965174517 148.8441322905021 574.4039126869934 301.3095306017708 342.8171453031608
155 4989.325704574585 93549606.2839985 -62.421217957769976 -150.94009588229952 446.2245700800236 435.53239422435144 186.4803086480294 241.65806343294253 514.0176921108382 139.43979010119904 96.24070876264318
156 5022.248314380646 84910767.43450648 -104.23721659780293 -208.13301094088067 221.91067609510884 303.9614886929737 141.2161755731435 70.89370752084176 329.8769408417486 83.73480098405162 104.96521095676417
157 5056.764580965042 87167845.36834483 -138.35205877457634 -242.72552969415557 239.283861537909 369.0721191378844 181.98442107181245 49.13273800841557 324.04073267911724 74.4814520162547 97.45712752521376
158 5090.84263586998 112609445.457399 -198.83193505011198 -274.3542583561665 376.43320391317735 471.60373045242835 290.5877631331228 161.13072330506986 604.6456377146555 310.3139798326233 354.4555244256584
159 5131.924034833908 95382875.11895311 -131.24645912392768 -231.4517386412335 332.9365641672693 376.8743755636985 210.69751946734766 146.7950142024173 522.1496287224179 169.52783285829753 205.28943418205245
160 5167.279331207275 152537733.6724793 -15.604739345964028 -160.93289283879943 648.3888069949107 470.91745025777806 260.8576338499109 503.09336234377156 1009.4892575556751 607.2732524191915 704.9507284793194
161 5202.431105136871 93035758.9768701 -217.90119772512065 -255.15261363431728 505.6859938006201 502.1904270105363 319.3064600138005 197.37753361189175 670.121174312621 127.0708668992803 102.88449240208581
162 5236.817966938019 88189294.84943157 -29.16422128421944 -124.11453815651714 318.07776769109205 404.4590866122811 222.9957468046347 213.2245348732829 390.49735161285923 155.8604031872893 151.73717976922035
163 5272.3197548389435 104421078.30179836 -123.08236295053591 -248.1538607829148 304.81903144430635 393.5052066348626 233.2198743605241 120.7348283123224 488.4893083023693 234.6429041227542 278.50839244836993
164 5306.932097434998 91630869.03172626 -11.395871227784529 -65.88338350992727 331.9894466730632 332.232518691465 202.49928243439376 203.04681368868626 488.06161298764596 160.93443307307928 156.68131914823823
165 5341.065649271011 94058692.61619827 -129.13464929597566 -234.23351281824665 283.2603484451238 316.9534677143087 150.21365843396003 146.47106629744837 532.6914546250341 137.6145050643304 164.5377329415071
166 5376.011518478394 121519803.4749533 -97.24871083680458 -197.09609540024852 382.29854713468944 383.38110062618205 245.5243149420044 220.3237635443495 651.5799989435334 398.0101643365309 456.5417083001222
167 5412.309349298477 114116874.39201601 -104.16508748519543 -33.08797657860707 471.3937039582757 380.6518831507022 196.12212950750242 285.8090531892901 574.896701847978 372.8487663353221 354.2735800460713
168 5446.450362205505 147807486.1783411 -156.35497034375527 -257.3312915373174 591.3382207629436 460.88375022504187 268.1845167275508 349.17169129649926 943.3122832049544 597.2938819886881 682.6492527090286
169 5479.326822042465 103615778.87911473 -92.0530128879978 -217.1905984483405 244.61398624504358 400.5594096186136 240.7844873587681 90.45825932142384 417.1236845036236 187.10297937033693 220.6326472905438
170 5514.708038806915 109091913.25556725 -153.87031795422217 -217.83372931483893 418.4579108764775 438.41680146412506 243.9946908244435 256.38957748222253 697.3160332639595 275.066990667382 319.6095155308842
171 5549.369917154312 92401980.51745035 -9.642297609218563 -171.39236812311387 211.9015683859937 312.6885399321354 146.8572159772211 133.13657509927884 389.53008252821155 148.800202883059 172.4457800864136
172 5585.147004127502 102594232.14899611 -133.2854815815835 -189.08753148927116 420.83864970659243 361.2735925162899 175.41978140504048 198.86771466962364 571.4625554975476 198.05697974064833 233.02017982609277
173 5619.556168079376 132038902.55842781 -181.03085807514333 -268.059901816741 486.1223219551433 396.7447337207764 249.15818347359883 316.5117975731431 918.0793149953372 448.4594379892558 521.3162779055853
174 5653.943738460541 102331039.57906891 -212.74284512247633 -289.4879338673148 422.620868683119 494.16696567545426 294.1781417225972 147.49155190120587 592.506767085551 206.27666720151944 219.53410220820638
175 5688.842558145523 89663032.08490402 -158.36134864677564 -254.05186265003007 421.0391175469491 474.54620519754064 255.7793798011457 140.86045700694262 486.96055883266536 136.2788672589636 147.2291529767257
176 5719.188965797424 104734749.55979829 -104.64641533516345 -221.0632500618778 437.71304241149 398.66550252106987 268.86763232956815 219.82214684859844 688.5376514399218 199.22210468943445 229.4471066398338
177 5751.117612838745 78558154.2476197 -130.99234433851427 -205.7873123375083 167.40930741587917 294.7848104359857 128.96781584375475 44.46905062472388 265.5597380053383 10.757590193457133 22.264251704571848
178 5785.867315769196 85404272.20541972 -120.60373746694519 -230.19942122592923 259.8508406874597 368.0831612745723 190.8760842460922 106.45471656546636 439.1109836714089 82.50506052466483 91.69754712545637
179 5818.367144584656 140002473.2135924 -80.44548134646402 -215.36461814914978 530.9431234120354 314.0288279469902 136.3716390443951 231.54210329956868 649.1269110085439 551.9215149734887 637.8183652626394
180 5849.3850128650665 83574037.37403147 -130.6045637166064 -226.6281117124319 257.5710392559757 340.6748546536505 189.60051053319927 108.98523166898735 458.1527662390789 16.20196245805937 26.448327948913175
181 5881.536911249161 96763950.85371949 -184.364792984656 -246.464049626994 377.5552178303859 381.7855748183109 204.4074575084625 106.71979590674346 440.66721872099345 205.21287227441007 231.67277939674307
182 5914.076732635498 107389621.94605885 -178.59883294296654 -275.7346703338544 352.8798365293456 427.4070463610416 210.27994307074545 131.0618477282918 517.7948861002474 259.79842926209574 308.28635613185656
183 5945.933312892914 89169253.5225563 -120.32298198063879 -174.02566939943532 232.90873779195311 279.73861135964836 146.21372997191065 71.03536366084757 305.6395466244103 82.63513093624965 79.17076265910498
184 5976.546214580536 92120241.40377447 -226.9964160920475 -248.34094770097406 385.73312441443034 455.1239906404779 279.24829724451394 127.96699297486032 521.0978958558894 157.09436411512627 157.28605818926826
185 6008.312268972397 76828359.4993531 -168.13064186165235 -188.3074326827997 187.54442129518333 314.5454458144458 178.2392125603923 38.989636661535656 265.807881245049 48.17907015263461 55.15632513475725
186 6042.941159725189 80418970.01141588 -69.71351561947691 -92.86585942525383 207.291888706177 252.95022116522847 110.04733568713637 147.24487576888407 385.0433086295683 56.79115986835063 73.06860057023857
187 6072.870173454285 123401524.01849043 -212.01896393191555 -284.5760843595606 480.84481861375036 433.2286837447474 250.4874369654877 267.5256961414085 816.0411285572134 411.22664034349225 453.6449735628229
188 6106.507370233536 84101768.20168568 -186.95296577017083 -240.20414311249684 273.3401555461271 387.21500833801986 187.11169741563228 72.06437048377836 371.8813425225105 64.73646857337519 78.72140606527967
189 6138.029333353043 96919073.18421794 -37.737250041563634 -173.8007386057333 295.48457141611124 350.0892413399715 165.32268064943028 124.54657101025896 352.61315601115416 204.82320409036117 239.82112819341478
190 6170.059438228607 104678644.71673569 -179.00689123763456 -263.33141654169816 347.10941723240705 419.6896374735294 252.4697771265051 146.88293947064506 566.4976230728057 249.90445454533506 295.72246515249867
191 6202.895565748215 83739285.20801724 -106.49395784388109 -181.47559280533608 323.94567444722907 327.3211904790685 168.0875607637672 144.96179833751899 485.22080928471166 45.057408719823684 59.29688975627437
192 6236.721300601959 102751063.16006605 -72.16123117825458 -58.00414051706964 264.29855993808127 263.0428757107707 111.76564841335018 139.66299888937635 334.7650054551294 265.7590966082214 314.667624151936
193 6268.396655082703 102403031.590147 -200.34741641301156 -266.44874248378795 368.62022480289835 389.29000079231963 235.58875125375954 145.42764621234437 548.4245066304936 255.60145953648134 270.3341601280049
194 6303.096731185913 115611437.62069663 -101.59695531039316 -64.04768448186304 382.6775761763011 419.09326136975255 251.1373170594518 232.1376502021858 531.2480753475666 293.5763922160869 291.44494353296636
195 6334.760345697403 81296826.84215237 -43.10115024860197 -154.49946274142744 258.18151126417365 258.3556691894134 129.5804947405141 149.74416372441738 440.8586846805516 37.531149658504546 40.531911880615326
196 6366.191432952881 87465324.36166035 -117.10001057140047 -159.66566379036357 322.6431934259213 379.46577902427236 204.7908489407963 169.0075315631151 531.2122577462139 79.95506352078826 91.31454758633731
197 6398.3193900585175 83331483.58082685 -123.4392947322876 -215.44156954218545 265.82628552868414 373.45215373555845 219.90568272419924 106.5257876199156 444.62927520577557 42.13466684625621 45.82283899687911
198 6435.311524629593 84905634.98929615 -189.9779877492074 -207.13722350320933 412.0961130846698 395.8531858063176 218.9279392743037 156.06721227401067 525.6183115785927 93.77558724502535 73.93222214451771
199 6470.078171491623 84635705.72000556 -3.6581459206645057 -146.64467040849425 220.54411689754062 308.6476725159648 165.5840151126653 113.9998236872733 290.93184417822397 100.69445350026126 94.62576640949044
200 6504.795164823532 87454888.43872358 -35.26997036063627 -137.66449241343085 282.0236573354864 381.92176394423115 232.11585207146035 142.048468661259 444.51193621171956 71.04359380724895 88.28207264290143
201 6534.142871618271 96087915.15649678 -2.7694881271594767 -146.14690054092532 249.0964431317023 317.18611573982645 157.00933634430828 129.33864524487547 415.8290130022299 144.82601059711658 156.57652091374416
202 6569.894751548767 79600280.83035447 -122.18495271517337 -165.4359215924136 154.77744067911112 239.47009641822518 114.51210512090327 66.4349336839573 308.8709764787636 7.2159270036852945 17.338572313718032
203 6603.350697755814 138236431.88508895 -191.36381419655373 -255.6919033963074 562.4310972379187 437.0783962487305 278.751954122025 326.0714241728705 919.6151568682535 533.5823835424862 584.2668294980242
204 6637.166219711304 87395907.08747086 -189.37894823383778 -236.63908659090052 391.4356148319281 387.83712388145 233.2346514822583 141.33530210321112 525.2254445375111 101.73552954384002 48.94058856095148
205 6673.5070106983185 103811354.33949573 -126.77700496393808 -218.7582605622496 218.29263354236062 304.4971022166783 165.4962712290502 104.588091673789 415.17135422859997 254.1223872863187 301.48788418400227
206 6706.644349813461 91931829.49861807 -179.09002339528777 -256.63976032817146 506.58897092217023 420.66697274352657 251.02577286938052 221.16538045727998 706.7152490316857 105.23918458496075 95.98017655297292
207 6737.844240427017 80777447.55711795 -32.31154528523332 -121.80145738063796 168.48002124040428 221.37640513036933 70.04516036877757 106.71454054458718 281.47652038855756 80.88555424984861 100.17628256680337
208 6766.5634179115295 91422512.91580522 -198.92036656252765 -261.3323234374448 281.19560152990846 407.1085402428544 226.10443817635564 90.29110798300235 423.2772111102646 157.59147393775686 155.19030693108652
209 6797.797111988068 78528623.5453486 -187.06441232669434 -197.32560347834 225.12271036796176 326.216507606791 205.31630062192178 77.87586018482261 362.2016704360474 54.21064078625682 59.32993317132161
210 6829.296479225159 86455568.00633365 -10.556564562432746 -119.94193070162221 82.36648655889016 169.6850070946848 67.70700563130211 52.6914731712651 205.19693187180087 131.10363930367373 155.75928559758108
211 6863.276343345642 76423308.00417294 -151.38294077422842 -180.04046278874145 148.55953238319108 265.48530493202577 132.47106742399896 29.09160662503041 229.4169921772642 51.88365258258352 63.058770049731606
212 6897.982285737991 80131525.58259678 -170.88726079058685 -222.41384243778177 346.2357300693966 337.7619748448998 175.03838656074132 185.3528032119823 593.4074234821383 16.308638175446276 20.678922764471622
213 6933.615987539291 89244470.14324705 -49.37880374365994 -183.9892828036444 174.97505555954956 243.33688851359491 107.36883991260635 103.9211782958347 352.0518276491782 125.04665839349241 140.7588649438959
214 6967.719693660736 99485737.31761132 -57.921663319213 -150.22608035437895 433.70491845699803 450.4250772993856 274.53583580085365 256.5072516129884 675.7420682096615 178.31185947280608 191.06462268389612
215 6999.655318021774 84660555.38562323 -12.010480392206183 -108.0888353070552 92.26660808875702 218.5015790293197 70.09975771147857 67.62652203677305 193.77861346551447 67.83855421178816 87.29219079914674
216 7029.674282550812 87022871.94948743 -165.902266055063 -183.02597747867725 279.11516093046265 359.9060322816888 226.61809095845877 120.25268400236894 449.28315389209354 73.90472635841058 80.67406588186805
217 7061.38325548172 102053052.1074743 -193.4162014926655 -262.2420110981481 359.3529132816838 374.00474278329426 195.3373833490916 143.2709649694158 527.3307903046391 239.3226586826638 281.0961704240225
218 7093.509316205978 84875807.09059358 -108.30499392344103 -162.7366198317871 179.58630478417052 302.53283003315835 146.70706454833743 63.851621145598074 292.33475195568553 74.80349911144856 94.07831077028789
219 7126.836476325989 98644302.73574908 -161.4446514649182 -239.803623958168 235.82560883633565 349.6173348560858 180.22458507915815 85.78398159231006 382.4994839113955 231.12909638395365 261.2269560764855
220 7157.481106042862 78715845.15073 -95.01159485958715 -149.45136669762906 185.77982035690331 243.90679645030735 103.31925743464801 134.5606974303647 359.47022310569696 17.396901641090494 23.807782840644336
221 7191.483191013336 88228259.76461236 -145.51988087637937 -168.09548648674098 228.20581743177522 340.44111606244786 155.7748228638786 63.36477643989326 266.4024388772476 146.13507092565737 174.9689784548383
222 7227.8004376888275 88420146.52545513 -41.812836283548044 -193.16052158216786 249.87792905460395 365.85237550707814 199.65398464387778 111.74686980700267 419.8607679109208 77.11196368160029 64.54283346126886
223 7261.166089773178 96362940.6922241 -57.61911147813736 -203.09255883954413 338.58033881659134 364.3780164856984 221.70630189493662 197.39787652291182 603.3774069413059 152.67408520061701 180.22635322942722
224 7295.719245195389 93582655.68994933 -53.037615218622825 -195.02905554194214 195.8593457001298 273.4039359366005 149.29442655268903 102.77530215094771 400.5028636950815 121.91014735214276 123.05376280188716
225 7329.518704414368 86092978.91281138 -9.439185787557083 -180.39472621640542 161.71446671646953 250.60024872395167 98.49902680726063 44.24062993734003 241.59887195907743 65.33185319380857 71.4664653297192
226 7365.224688768387 87096507.90649295 -141.8816836953536 -244.60500962057478 298.2106674095535 332.85744727964953 181.001262055752 124.97320134946426 484.49984991074143 112.51197294233418 99.73090330987532
227 7397.682528495789 88876997.56743118 -39.5971880842885 -173.86014753374266 204.52696963567735 261.24848354054507 124.1100367666975 113.06157618341786 335.0897457882397 146.1046722560003 139.94693269422078
228 7431.739482879639 125590383.02466162 -189.5080564775109 -266.2920065961669 405.64283851639175 425.93666863481025 247.61361939596227 174.06896123567424 599.2976665135664 456.6057935316742 495.41342020204127
229 7464.435014009476 79996045.77915797 -93.37488206997787 -205.12994251435418 203.27874131924665 328.787143660505 163.40089436921446 68.95091184162015 336.6593141932078 14.76815338260576 17.861948956634706
230 7495.106768369675 87455337.41237248 -181.4259863860863 -251.24644854446754 331.44248577516464 420.1341566571777 239.9812809295074 107.38159687707582 467.17553569771985 106.87108190549998 114.0332961573846
231 7528.9592916965485 80502795.88577585 -152.45809605456637 -203.1158910597899 240.9993243611283 324.0923493856854 170.18853879857448 48.757960714276464 292.6180385631018 54.81643964798434 73.28083681773035
232 7562.039203643799 86332497.44915667 -105.1489935104589 -191.38245833979923 245.81913682692976 276.12635288572983 160.70514721924965 86.88552478096187 362.2529829373408 103.74981555964212 83.01719143499213
233 7594.357294559479 88915419.30784684 -102.13245160044268 -182.74702371256896 260.13358465280623 364.96074605853977 179.6277826398975 103.53525821685946 380.2245468597166 74.43617140828565 87.4520938429655
234 7627.987278461456 83892132.93948863 -3.730919738059155 -153.47854580420596 142.88769290949017 273.03947382768547 111.54325978405949 45.45746689282328 219.38802200012947 75.03987498075799 86.15247362962566
235 7660.793807506561 84720111.8679704 -107.9626024357576 -231.3511587973913 226.97183296684014 349.1354751841344 163.53063153163666 74.91117795522598 315.38536902961425 112.86481073451114 111.97556198165421
236 7697.147520780563 78771550.20311436 -64.58363821905954 -172.94664290415676 140.4223954481759 216.8865166029218 100.97475562730878 48.12469745507656 266.00972667529504 10.010562439791045 12.8362936733497
237 7728.617862701416 127496592.26551107 -72.91494885303803 -218.71831307332153 316.484444586334 325.3256956290504 161.42055718833916 191.2030578849559 559.1924269571659 453.19279833934775 528.0919142499015
238 7762.119333982468 79779486.71912152 -83.5031487838182 -169.46429914945713 176.83277901735192 240.16965871098046 95.4770888366087 48.66737380337679 236.21696503003056 46.90573613635854 59.87680073837623
239 7795.793220996857 93541723.32706356 -45.02333155176566 -83.55574849038842 217.81610443075982 266.4100926127519 131.339656613121 130.40845795480436 356.10122462461663 106.17529478734048 131.0196905935477
240 7830.146701097488 80739168.51186018 -61.40162996452944 -166.63863884091998 155.4822928323991 242.61363454762866 107.24516726848998 60.11465386659563 277.88013188734044 8.526341630127092 20.21574552886773
241 7862.65171957016 94095793.3879823 -149.22566360039983 -244.7884860115061 346.36694674781774 384.7150397145934 210.82450284331853 115.98143143238087 482.01120647250934 123.63447494740831 151.84668628603356
242 7898.362289190292 82215527.1654571 -76.83546054855952 -172.20005449776454 169.7501905195231 249.895556367668 103.30635392194016 51.011214183304105 237.59892452346548 53.522741057298845 64.10017277345423
243 7932.024376869202 123770718.78584546 -64.3913560541232 -223.64307461857518 320.12853800944936 337.75378902159775 146.20941885115258 159.03053569278302 502.1722286476107 394.5353306379752 455.8692461807776
244 7964.90735077858 75953102.83001861 -40.796278087884986 -153.1866084375667 111.13330530335952 222.28956364614783 77.75586362712494 24.145881598729147 168.49864350619725 29.141891417083002 42.740363992834546
245 7996.673331260681 88205553.0656355 -60.55986867871094 -132.19698822509181 169.55369019827086 212.61988538640884 65.44829907335566 48.17925836147754 211.81379531308357 107.44548747717488 133.54066603721617
246 8032.073317289352 76859734.50836943 -135.0123296625641 -198.7061322422047 164.29907709421687 341.4135975114702 176.59888411859097 43.18148560868758 273.3293373120649 21.418148335480623 33.52969942367622
247 8065.1599543094635 84418607.82216209 -62.2660171300675 -178.27111792558253 203.73720869893597 240.95818207101433 106.00607176551456 44.10173417978581 240.9325356258961 76.73393342843588 97.56605424874738
248 8100.325417280197 87686601.2291521 -105.14498954724537 -161.04037060787292 263.2773309090994 257.5567026316276 134.7261037731617 114.27556814194236 397.3707125482382 60.758358601970144 76.96802939211648
249 8135.262201547623 82627875.87471606 -111.77503761955442 -201.35280364247836 229.37547197219388 272.94788150900075 114.99893184361521 73.90388741112963 321.90174717007835 48.98725359621642 68.05441015134602
250 8169.439581632614 96481229.49682263 -21.192788752867816 -143.70840517778205 279.4652427253807 228.90913461900783 80.09813617175605 139.21114995175253 396.08361426359227 115.15335649636677 131.31098391582975
251 8203.862581968307 86553818.6712973 -71.32969160432243 -143.89907814341169 145.92648079182575 255.65666575504042 122.52618313207633 47.31923003767258 245.2357782044072 61.394193040348455 80.1126666625039
252 8244.911447525024 89100818.33117238 -188.94591939616612 -268.57795520527696 336.70819045503345 455.0450746018137 259.31716161176774 117.81968798572711 485.7033898125429 98.09288915280831 123.67864848629142
253 8280.876000404358 93784307.46641728 -18.94892011819098 -181.68707286817866 322.10648317231585 326.43970986328696 176.57868439994198 187.187009401468 520.5679633104181 117.56039016151658 143.505260945636
254 8315.37568306923 104064814.4708027 -44.77906914557494 -191.11712878230506 291.21835232383717 348.02444994475474 185.3045339683851 154.0519007078599 493.208391128137 215.9010159439788 228.94016841346627
255 8349.52213382721 84241933.27892116 -143.5592203721363 -207.39645732290276 298.4755796827511 342.1592108786206 191.5927654910787 154.39658202676935 523.8576541837292 25.349291811747094 40.6301208234471
256 8389.51000714302 87927317.29067677 -164.28505763745554 -242.1930087512578 361.5662155114577 370.74619313212503 219.99846043462415 158.310308055595 576.5647688527042 40.0011725843317 57.162254721494264
257 8425.535002708435 87882544.52241838 -6.942706920768664 -164.18302883443187 307.8642043664538 316.69032203951105 162.44608068254902 172.8657678032281 450.4473504158782 87.81327692860793 111.18541839483794
258 8462.87585234642 104615150.79190376 -129.74487212444382 -219.78282318781484 426.2190776140074 305.72077604650747 172.04761223111575 222.13213718307145 647.0343696653638 205.945047877619 245.19731079199562
259 8498.111654043198 88530888.54149488 -44.42137751602796 -136.54636154549476 400.51615194312546 299.58693561133987 178.60723487082302 215.99540753213898 582.4973877193565 46.38803699617927 62.35204075143827
260 8533.311271190643 95411319.10667887 -66.71138299016002 -86.33392072284761 273.01654716183083 303.5238540076946 152.10065481156408 167.6871508387294 422.1370297290832 156.68581408331977 188.99605786318727
261 8567.817254543304 86404694.26507579 -113.990959703746 -215.045120419408 288.7193997371589 306.246054181668 172.53265923400298 134.9707504499072 482.1032084270282 49.65904495233167 61.01763054743435
262 8603.483509778976 83574717.04373348 -108.88628247969737 -199.16016973155521 255.50880580987715 288.99751479887595 160.22688708819513 99.44374940739897 403.20121918951816 49.69670753378546 58.45264411688106
263 8637.987772226334 87075877.15512393 -119.44496315140725 -205.39957102789455 328.20707771761806 361.9186059339186 219.72496141454732 134.56856028496372 482.3907969089961 72.42874246829786 80.68893903222624
264 8674.74546790123 85402741.84831965 -73.20577325838815 -187.4215319255503 229.89714921678973 363.7817171927333 242.15652415096244 85.49365473986506 371.454740239078 42.05814975203327 35.4711308759687
265 8713.961795091629 84892652.78292516 -47.26822491403542 -193.14918061136467 195.48639795649083 263.65331453205255 105.92165555362433 85.38168548556087 307.7930772364472 71.8423552093717 91.23497246688419
266 8747.992470026016 102761286.06934541 -53.09189398001419 -183.17961907280184 435.40630164783494 324.1210274945668 165.71581446487576 204.28093417050945 579.7326145994509 187.29473855991853 213.35951113620695
267 8781.983639001846 82866087.54100576 -77.74653583097549 -193.32839503662018 174.59044816883966 240.9373213245712 113.72364960526397 83.27337777139337 350.25831235602334 25.09421070201097 31.76125455918691
268 8816.204659223557 84249526.05411974 -160.334082599353 -232.69915276233166 331.8443314968299 413.58804666397975 241.55472456065735 147.2936688502284 543.5534940805519 36.574192098230924 51.45657760026097
269 8849.421996831894 103008353.74431264 -61.56565539380075 -5.340680319967245 216.83307428885706 287.71033729986783 149.10516943936045 180.14952395504997 345.41826792536597 243.88550000321027 284.47277107273544
270 8883.39957022667 94118995.77157304 -55.95235760070633 -143.55461491769722 285.201970741467 328.3221974743077 194.02713061694806 134.42060115566812 457.0784585517839 124.14345706344216 139.79790556216585
271 8920.912021160126 84480693.14891292 -176.20671023758803 -234.92225652250414 292.3068711362854 394.18017942774645 231.83977350710427 98.77537257326856 431.71448908735795 75.17226994324574 92.83062731394466
272 8957.168892145157 110234967.56296892 -84.64421167220335 -226.97851777096844 421.4110276144751 353.0396688798178 206.9961768434754 206.2453494158973 645.8381122386461 251.07881099692145 281.06726649635345
273 8992.029992341995 82675495.1505015 -115.39552377712275 -189.2602667074114 290.90515531267783 300.69298329877597 143.19380528498314 154.3940095138853 473.8423927373011 31.642793427773995 40.16465213289939
274 9027.926323413849 80914273.07194287 -125.25740983427339 -201.04931020498367 221.83639874081473 334.32861132029103 152.34969693240907 42.774502972986056 264.9937441293779 42.906407790789785 54.9383097517383
275 9063.210989952087 101170743.02903493 -135.01363969405347 -248.27807881257402 335.4494229034294 315.13774866776726 173.65753451293006 180.80278652021718 599.8271385967635 185.03463358618933 222.57629085484155
276 9098.72556424141 89248250.75311802 -104.52645927986723 -200.50505925455712 266.48816764416785 289.34647221329453 121.25212702164592 114.61734298120416 405.7770861489553 68.53375735108773 83.49702535636561
277 9132.17474603653 87083433.01931058 -57.31070823068146 -140.79083453164864 219.47131632233538 208.87576832165365 63.38281444127949 101.44805956986932 328.6222727881959 80.5326995654649 104.24941598076293
278 9169.129643201828 87558305.26166882 -154.73684424832524 -206.55770568460542 338.24083109655146 355.14049604284 203.99316277265936 136.73168892877402 480.2739288665423 65.62451025997518 30.94910170723324
279 9203.730277061462 101536923.10608657 -111.56401261741108 -211.01923901420747 326.09505247768635 317.88456357389674 211.30875261876145 190.70802715395337 609.4897105788216 179.86128503420832 215.02113369124424
280 9237.527244567871 87245457.56233403 -131.59103295216846 -234.45149285565236 239.78317196520703 352.17729714618383 208.8072515174408 84.5101313609922 406.65092752568046 74.22263937848038 95.05317039501699
281 9272.003628730774 92730287.72070211 -100.14175696400714 -106.29331334948425 269.50679331758226 354.0301306503017 176.55662300636715 145.9050733997567 383.10410606897415 157.7057776030872 188.70741971824702
282 9307.866724014282 95757780.45169166 -84.42603983604143 -93.13795289478485 241.2989398480395 325.53839665258323 147.6263510661385 149.83546531517788 384.777165624526 154.0353876594727 188.19168186638956
283 9343.932805299759 80104529.801627 -184.48676449563337 -250.2153001680745 347.6702610622891 366.6784594305774 202.4166662222272 109.71651450082823 473.6073360748246 7.921014569575902 11.613652241182137
284 9378.523777961731 112978935.24360625 -124.90139804896296 -56.216531443469 422.2189541856799 388.20250885042964 229.93618510050626 271.40640892617864 603.7083795781971 294.8936491899068 333.6424357861466
285 9414.006110191345 82875202.1830279 -120.54435673681259 -193.24592288373842 234.3507464118728 339.28944782192656 160.46708936844408 68.8702157886189 310.14579634499603 51.64928036629874 70.51174095436647
286 9449.276385307312 81147269.37202442 -73.47695381934227 -171.2195312895687 160.4552628672164 257.00562399511455 103.05359825924072 52.12249515653741 246.1894127590782 46.51451226882739 64.69178868965344
287 9484.043102502823 101946627.0834308 -1.547056775094748 -92.29578785773374 183.2636875477377 283.61123061254665 136.0676817943763 96.31137605237097 277.4787119294775 142.7961458895287 162.64491118192893
288 9516.600283384323 94714694.39293008 -85.28623559115871 -56.049874964866355 191.48540638773585 241.19634815451718 98.38773437826309 118.50311496066729 265.1165325684775 185.19508444739233 221.6939559016247
289 9550.997991085052 97551359.00219467 -79.07179818732901 -72.1642570933251 246.69614917999377 320.36878339215997 133.76885661618104 123.88470227376456 293.2617382674807 229.6731771847974 268.72462447458315
290 9587.622406482697 88841427.68052264 -126.75985993573248 -169.49000126252852 300.3647126033562 355.8704630151525 181.0481622191744 99.52125495985729 337.20403054545363 125.1802359979115 148.18922897283437
291 9621.909321546555 86185335.3475403 -139.22990029292708 -211.9434366575716 396.8614068414162 387.2013677400522 191.9852511493193 167.07549921714417 528.8000081096964 40.68476938723609 56.778053839133236
292 9656.276315450668 84547413.72275361 -185.30717563886984 -272.53209756372706 281.17130487100405 411.61900405467105 245.36454007108344 85.17027007911827 440.52731929707807 69.17211013200051 83.20289621695599
293 9696.61903500557 93341498.5284414 -85.49902622516815 -211.88189127210424 260.217980915772 311.4070063869673 146.2212389080333 123.09882855884757 444.4987187604886 146.97296203288056 175.95564802955755
294 9731.679568529129 106574729.01344094 -8.609581584396903 -96.6626665361066 477.8552832610632 339.4899768067231 136.5934398311218 249.40534058610626 556.0308957110076 269.9009222166327 298.13595098395604
295 9764.936044931412 81090438.2161697 -96.86781655545441 -174.8770007926881 267.7461393787146 299.7109593983612 155.23542997844666 107.12833031489492 365.3620612424968 39.258798152191844 36.80406537129147
296 9800.61771607399 81171467.49937198 -133.38835274036936 -222.12118212465467 232.48782797545948 328.0517705930796 182.82840300749663 79.68851375257191 373.4505217291471 39.61643549128598 57.54588899622934
297 9838.34964632988 105309293.10524942 -36.523117918541594 -87.80423452141609 302.1047590239021 260.76122370782514 127.34025116348822 156.8292201552531 389.88865763146464 207.28781115909374 249.08184127718982
298 9872.972982406616 99467579.59376508 -0.944544751217749 -46.99037379890715 266.7737393492383 282.0851800497249 114.30501861161906 171.68488978629694 326.4573886931853 236.99729309950317 282.6635020898027
299 9908.933740854263 90204962.9685496 -65.20377790021858 -100.4493785055378 207.75774785159174 288.26776132595063 107.44666367385905 89.6135233005109 227.00503957156525 182.42763204558673 219.28134518934496
300 9944.076168775558 81035301.76212128 -16.951540054124653 -133.88835806001933 157.05446290436936 251.4536042275253 82.80375043644584 59.379041691633574 217.08355346215956 56.09501506756169 65.22094564530016
301 9979.49413895607 79179368.38572784 -89.69315613347572 -170.26721845051642 181.11777281271696 252.85355014617303 126.0186618459812 54.906280226225135 274.92772501261163 17.83601598182497 32.56738947207987
302 10017.088605642319 86166172.05956385 -129.40300067155633 -137.96539804757725 395.7159707508431 362.03301573139294 208.11563778411812 213.20257910633018 554.6175139330167 86.1413045111733 76.37976687268406
303 10052.426358699799 109429098.53509733 -26.40727496940417 -34.64762342662099 406.56841307970376 322.65539461315166 136.29846968766498 217.88353295280285 456.35735608908794 289.1091634253338 322.24319729627655
304 10085.751269578934 83794612.1808921 -219.18657910341173 -265.0489806990421 418.5771846489526 471.92143551226263 285.69459404749233 173.58352115240143 618.6065558399637 35.73279922781114 48.6371294071846
305 10120.810702562332 91934567.68151516 -191.98073847722185 -197.13377635474797 366.3501602860904 406.57939212361964 207.18765382555452 131.88201699035005 434.69832158580493 172.52763219123005 197.37743018705828
306 10157.293571472168 109570382.22439484 -96.3898631666244 -52.24516912620258 300.1579511007854 347.1315070737935 159.40915543363496 149.9813748861303 322.86479294340893 329.4997744415766 373.8380845697109
307 10195.086089372635 97608653.10361594 -59.48247124082437 -127.33454656398662 378.666744947057 301.51437180534776 142.7451807241774 204.83605487956208 528.4590079267634 146.9661431343626 175.5064612657328
308 10231.483312129974 85215934.48647997 -29.082350450326004 -146.07098791592279 238.95398836764383 279.98878722762504 92.52676465629821 99.14366835433543 292.38714129325615 101.03245270274965 115.57812681418955
309 10266.155761480331 88491989.4599778 -88.55229986476522 -225.8431207113713 295.4668222833282 317.4757451420422 134.03516968588 83.39193473266994 344.09695584439896 132.12216972388262 162.63010292602632
310 10299.837657690048 86899372.66234969 -104.65431897409748 -175.83956829321323 252.6943068637702 310.61036686261446 137.31558732134238 57.065416064950455 267.5073818053256 96.44883044975018 120.75458419120855
311 10338.182051181793 85692221.78769405 -116.22807784633454 -146.77912902375985 228.86680622847814 333.58349395474096 156.12188472068956 71.12805907102529 274.194862335836 110.05835424833936 134.23067433950519
312 10375.717314958572 90510150.80810063 -63.799997706870954 -129.9343554750971 291.0373633385328 329.0127174546258 148.5135348398402 128.06475381133976 361.22328336555324 121.49935637592762 144.43215833281363
313 10409.12739109993 85925837.04302444 -63.28328077854502 -168.18539173423 259.2457354930072 263.47979980278046 114.26641971186777 93.65307527279424 332.61051168448216 90.35160034066871 111.57280067959243
314 10444.676811695099 95090277.40198952 -165.5096002811515 -260.2772652967317 371.23410815539444 368.3106591572006 188.83562307519261 109.62550469793882 465.6750561637856 139.89444164537724 172.1308388125717
315 10482.337947845459 84377374.95307022 -83.12499546670674 -210.57238241253208 228.9457906085149 320.82251843392925 131.97329400815462 64.60767842302687 292.16492874490916 75.31231291911058 96.39646233699887
316 10520.361861228943 80571545.68422875 -19.498283947559177 -192.56501127856401 197.93371926934623 294.24311967454116 109.39299695873814 78.18944612267171 278.22022805838276 53.56055266133012 71.60403314557891
317 10555.789326429367 77676180.85108095 -10.892802498917662 -155.76922789995749 160.10112790247047 245.0311760726176 66.33700285688323 69.0033068782219 204.6183009613245 22.15243933943657 36.828696062108406
318 10592.061574220657 87476269.69596793 -106.36370497243092 -188.34606196813053 285.38759995794913 345.53768608218 159.7169858556561 94.70141808391577 359.6428041025015 74.82932592103134 96.86971287275242
319 10627.19815826416 82401137.98402406 -93.78807821589332 -208.75879329656664 222.56989031300122 316.4454114488181 159.47920334759263 66.95258568236795 313.8757172152367 54.50065422183616 71.22381966105547
320 10660.981185913086 86139467.16048603 -71.27542351057684 -149.1333398247439 191.82841642433812 265.08585627024024 87.63542964469048 93.32379204284098 307.04090976791133 61.40144851602042 74.36886613283502
321 10697.469851732254 76582257.93663198 -118.07643562759976 -177.76534642197916 185.62587773287677 336.0482042267388 143.3206775833849 50.181012631681256 233.93155589226728 44.26724611169266 50.351983745015445
322 10731.123852491379 85144214.44103314 -35.98618785454388 -131.05758823492138 185.65797652875824 237.89011533883 75.47023861652804 72.27672674165876 220.8880132694802 107.00939639392243 131.1893504329105
323 10765.272300481796 80543684.26635209 -119.59184621572152 -189.37422529649908 207.55961528763316 317.7900397167406 144.7547832815846 48.49352511409245 271.9317103694192 40.452288611412314 54.17267733533515
324 10801.278539657593 83384360.48368096 -129.16821455242788 -173.2780265517485 294.53394880866654 305.82793543220725 125.88968220199811 85.50492263352044 327.4030583229958 70.15963533865897 92.43670684445794
325 10835.995017290115 97667787.37009865 -174.1352245840806 -275.20647608717377 419.7499666678362 452.4704507898686 258.7989689906285 163.303039344558 602.253133927205 159.53670705818388 192.62180658925035
326 10870.863357782364 89798668.84263459 -41.752726925119624 -106.88199046933521 163.81455072217105 227.7734505754981 49.098879435278306 52.27346641769145 166.3518286134132 119.76903310147361 149.23016860026303
327 10906.648098945618 88831158.34395799 -131.4649312432141 -225.3769431475829 281.3756624190237 318.92506896526476 160.8834780424962 95.40051733183782 394.1712113939261 95.7993623212526 119.76942645189331
328 10942.706037282944 80917122.43219005 -121.17169511787401 -209.3988364686801 263.4305712114726 361.0749730603899 182.50370434688955 92.77746682591248 377.28696103014704 14.89436434233994 13.641419074849068
329 10980.765682220459 73378673.63900797 -45.7046769843933 -165.94955117578684 97.59057377990985 187.42582501787874 41.302987066190916 33.277214544173944 194.11210402915594 3.039903184609784 13.990773516447234
330 11016.934615373611 89254248.96495318 -23.749094668307315 -177.61731144113773 158.852235321457 199.2373627703686 49.15026186718985 74.5773784593971 276.1113399022703 132.05718192315635 157.2350189561156
331 11050.907134056091 79409912.12242319 -14.437870116417068 -131.10018002731266 137.04102303259876 212.04895970908333 65.82076317460591 47.25406812335575 156.11827799580897 70.21924300137971 87.9437700900005
332 11088.299527406693 88232096.39746936 -51.07920194590612 -126.00057900443046 269.2869716120329 199.47840306315038 11.031886377052825 97.19581762109306 257.11473983096744 113.97190307310689 142.63540327170256
333 11127.821479320526 88688209.97941755 -90.5867068206922 -191.336997514293 306.6271239326937 307.2903772450351 126.73704762746388 101.46462303647013 352.20499549754686 116.37618083395375 143.08498307123693
334 11161.52338218689 80147072.78566921 -44.67965777995341 -164.58582874758187 241.0888438226376 282.04892954936184 124.78880163861946 125.99761744570606 351.3741146992013 32.35609615607689 42.271052353365576
335 11196.639659166336 71290207.52436319 -103.15113524535053 -176.33945004822937 96.75205314670512 203.0576352555227 68.82675240143807 17.46825678820312 182.83788835076098 -0.09194831789426416 10.956566964604804
336 11233.413124322891 81627781.82805172 -130.51810398120895 -239.48073874497115 220.88673689676492 360.5613363119258 198.99741431185518 56.83329918207801 318.51095834989655 65.86744826619338 76.36271438696667
337 11268.585042715073 74302482.40284273 -26.215877451448108 -149.30387179361753 177.32427092920403 248.7479225382158 51.94504219372366 69.03266605908777 207.24099113243358 31.533800597841037 48.19877107076729
338 11307.398980140686 79206044.69013679 -91.85940291179546 -196.82518842673173 187.0706919857914 256.9686734726731 105.86636751704846 39.42599732757924 248.2559769934595 41.35748385806539 46.289066020589416
339 11343.325050115585 85400686.16348173 -32.99854275070226 -195.0118088465785 210.56465682914458 281.86118913708276 116.81744374726443 108.7107275987371 349.3781301047783 93.94997235369135 119.4638093972269
340 11378.965184926987 105525235.90398896 -123.5562438387776 -253.03648042783357 285.60323781856425 346.13477574599415 177.2946239077653 122.85197366556372 461.0147725162374 268.90739690984606 315.4911827013748
341 11416.228358983994 78205161.24006386 -39.979124596785155 -163.37974865231493 128.00011265027132 195.96290507505958 79.0408796047626 46.290785775386894 246.44391467961236 40.03499984899872 48.18776128217314
342 11452.333659410477 98197636.09937356 -138.58457964033255 -268.7710328864495 361.4128526743469 448.2677655384122 245.91900308208756 120.79756882705499 471.2854385179153 209.38724418182983 238.29933225809089
343 11486.838897228241 82921753.00634924 -34.903588812573304 -198.75716823637308 167.09534937722577 303.13326180472677 126.84674762872014 47.007261681502655 246.6929336102652 66.036628065547 77.1034727918069
344 11521.422632694244 84221097.08116533 -123.81111038298924 -232.05497268859145 193.56331186098515 341.72101361442736 167.89698777367408 34.09028762454409 269.35711869148645 95.33539904253917 120.62282184025128
345 11556.458083629608 74173260.18937618 -48.18801892153249 -148.55074715752275 76.03779725242404 166.21059066744888 26.334875135033947 13.358153080463467 128.5080343607035 32.736300045525695 44.15888990320957
346 11593.494834661484 75337102.09897818 -105.5119935521085 -208.75062518220318 189.8088807135064 291.6100776717319 102.48023925930012 38.76180465770915 238.49860352939652 25.158467315057806 33.572495275965025
347 11629.356374025345 118974488.4916315 -96.66227200013597 -223.48667628763113 367.80729347839207 381.1750344077399 197.43280428451948 187.25658181447545 596.0294584591359 361.0830759514122 408.937525973271
348 11665.009013652802 83820629.22675478 -91.01638962316333 -202.89469340127573 178.93623734664823 302.386661944146 149.51731434106014 28.734867163028298 237.15903758922968 69.73397074192565 80.0419022702032
349 11702.643624782562 88232075.82850914 -88.5808546629111 -223.44359690338135 234.78356389231456 322.1639536760597 142.76240934312594 94.078025526445 378.37310924721714 114.06608330610027 138.63748059437262
350 11737.544198274612 101564898.24004096 -10.085647378717502 -180.7868234291805 286.4198628646884 345.15889744413806 179.55528001999892 153.63432075856213 480.6378670398949 197.16813963176958 188.05713188630693
351 11771.51871395111 80733886.59441686 -155.90246591365508 -198.11872572534003 270.4436031656275 317.30175612502535 183.30838784410247 102.42446143620111 406.92717193128226 50.07133401643512 47.36989640086324
352 11808.070863723755 78151582.15412189 -124.16466806536357 -193.72370842485586 187.3332914464304 229.84891123897955 113.75262245415706 57.20142617046952 315.7334934559823 19.30048418695037 34.19415112729962
353 11843.361478328705 85632962.26537819 -87.45396116696065 -213.45888636795382 182.8950761753231 287.9903967285623 150.42145172300468 58.01542778025237 314.3505189655298 93.64996087433451 118.7260979553813
354 11879.463572978973 83682058.40632123 -19.151436283868488 -173.3973292680879 122.74256476797122 229.49050651796404 78.66123500289254 50.23133605121586 220.98305752995236 91.55644895592684 113.29912079301994
355 11914.211325407028 96363623.59329873 -137.7203697699814 -239.46939959042024 293.29674043523363 352.10625611820603 187.58053671420043 142.15746113134742 503.03985427752195 193.81615082609062 223.84945699067953
356 11946.871994495392 81162541.4518784 -127.51616123670559 -238.09944052170053 222.34895883236373 394.0760959684911 197.09868363084803 52.9719604828897 298.62900229245486 59.69637800540056 69.77789860413282
357 11979.524214744568 82798944.03254144 -121.13788343555775 -157.1566799894062 180.0542148476662 267.7983964273033 105.59395552460664 41.09157255306445 209.9381163393407 118.39927445665398 132.56777065957215
358 12014.66541981697 77400225.2159826 -97.31002925860241 -162.17665183553837 96.2818053638515 193.58833636081204 67.98340673793439 12.154156485652607 177.16274801719487 27.85822200452253 43.728289467564764
359 12052.273324251175 82095690.41907883 -54.82024448240271 -168.99617442092568 143.84884459065563 239.52213823413422 69.48338161906214 63.41920589625113 251.40362453536022 79.86462090099701 103.71950498407648
360 12086.55566740036 95405045.48259312 -71.4594280042449 -226.259143081168 298.4168922549282 302.27376650901607 113.69141767360296 117.91467250964115 407.9804062795538 160.45268410808876 180.84916195095457
361 12119.806106567383 107711594.35475504 -154.16963041318357 -251.75635020768334 337.7296528770213 342.1444015754786 175.7449660101411 149.3844951227718 552.1805872830746 276.9865621217091 328.6050125636792
362 12153.250148057938 86064653.53547312 -81.37245226269339 -88.62656977548107 148.27834405413003 232.43445075983595 82.3435259939199 78.43850741553126 213.15564565547402 148.5544101107605 161.3428302856446
363 12192.52924489975 90634894.9466285 -147.63229909775683 -221.0236771316655 236.68504742028327 345.1987082503685 170.92521854762188 71.5270751058448 354.71831686449275 138.18178579869834 167.7696798013361
364 12226.98213839531 97557851.28628558 -28.047831219642468 -209.09426709005467 301.43905211341325 378.14439142251473 197.86281543083217 163.98093347462293 464.08870312405486 203.34342401187564 225.9048321597246
365 12262.579262971878 80209037.90749271 -73.28382691530415 -176.75477935598255 96.23022108992292 172.54860914795844 41.71549246668837 31.468694328848756 216.0066515766989 50.06158008019895 64.79161478421236
366 12295.042475700378 76695643.93163905 -58.148698253113515 -195.9121380375158 114.55142108481657 235.05205913267116 101.36473713845041 25.098803846008877 215.00496112934536 38.98774788400567 55.58999798636785
367 12329.421607971191 81543804.65658236 -107.82220814446507 -201.81802524570998 156.1836478356098 255.9454127091609 113.34109121106928 53.21248810147506 285.1631558288882 86.58876631084229 110.77072311688255
368 12363.416578054428 87456749.76761578 -145.40836372578798 -248.73109823980576 252.0771625386498 331.999723026302 160.71364538395042 43.8300405800486 312.17662243930954 91.92395325781467 107.53672864301666
369 12398.136954069138 95360808.28676571 -139.90969141542595 -195.92111220944045 255.2077594368377 299.99927274944855 160.05999447524587 136.56652350193133 451.11267151228856 202.87536818226806 218.9422900417719
370 12432.470802783966 76142882.35938606 -19.642413307188168 -164.82874337130977 100.60044869261503 200.60491351003088 52.25909726999845 40.275093870786236 189.56186496331236 29.53845464309711 40.44011270641215
371 12467.12758231163 86684985.25521183 -149.27745755961246 -233.59047116447118 224.40036042827995 324.552969519794 193.47112267182 93.66187414721287 424.5703094963435 95.69958561726708 120.80840519319236
372 12501.957998037338 85147460.05991852 -120.54894443304593 -175.94017432554102 229.9709942658494 325.9302925447565 164.32589396709042 73.10705102456825 311.11273007199645 91.83162860816037 87.53199914736138
373 12536.022495031357 87950549.37784392 -16.09331739429841 -110.79252611177802 173.76121612024173 225.5156972273786 91.72869353668895 121.93112062396949 349.6613594555264 124.87521997490683 88.91196532701451
374 12572.041458368301 77033215.24652243 -56.270750455309376 -157.36722829737627 94.47192362122976 188.8603559918091 72.74587546391498 34.1711473639906 222.41688979243077 29.326101458723656 28.887568493247954
375 12605.004078626633 73671099.65898293 -15.104176547185057 -142.36306302960514 66.13647185767672 212.61969700806495 62.852711383605936 27.599519058237888 141.29533009450597 23.456277712584892 36.53200322133421
376 12638.19576215744 79337019.52624445 -69.01510758780691 -156.8804648261801 113.79260549663152 244.2164803777948 71.02899249986568 23.347415279528946 162.33849163716332 71.22011884305675 92.87193525004864
377 12674.55082821846 83551497.02356167 -161.4687709125019 -184.08553161771223 235.9302730097841 328.77287711090185 188.2668352588509 76.68929492383927 337.6377232131284 87.88173038183493 106.571592237873
378 12708.740234375 95429516.4389685 -45.93103357827857 -198.30072248013192 233.36488530281974 279.3830867736729 98.43411979345464 73.78202650558183 295.7062993580836 177.98036197531144 206.01829708478465
379 12741.607966423035 82503129.8686813 -60.589127898014354 -162.65410333180992 147.53057754535132 206.4501215196002 52.05905076528443 48.2953993954784 224.39823705195465 69.01954967533243 90.49405591803657
380 12776.29046869278 75843391.96497548 -81.24999809689571 -177.45830993313243 100.12953044198534 204.13183682990558 65.8370597556818 15.475541841809445 176.7010841111287 28.039614285308062 41.75668184797587
381 12813.266065120697 78239160.62101531 -28.21107989940004 -121.33655597167598 98.98695324090818 205.60230260777956 50.38585202121766 58.15333335440266 219.74950515242028 71.80356896424018 73.55254534208905
382 12846.2332072258 95342288.14780146 -57.22429314293174 -201.65348124680028 219.50052423108332 284.3214628213232 122.5523554637247 101.0965251634808 374.25311910175435 188.16702168479856 221.03589050479877
383 12880.374180316925 85201415.4366122 -118.78408273059259 -155.60828963730924 159.34282359131822 281.1919117083413 152.74349307493944 76.76825432934345 322.82868681313744 102.29613652557498 126.34893626394876
384 12914.99141907692 88752986.90054263 -64.07285203744856 -181.1465015796073 178.20383238349183 252.62242657812152 118.13060547285639 100.58367916894281 368.06244432880305 123.41251893766525 138.4513759619872
385 12948.814558506012 82488538.03521012 -88.41589807396163 -199.6509880274892 161.6225478995861 259.0664843658054 116.47739873708917 77.81201104982426 315.91140838097624 99.0501336672952 122.17030284980933
386 12982.109780550003 79141909.95392062 -22.36037282015832 -112.62076001524316 71.63954854131201 133.34721364699496 36.56142447419822 46.79247929890539 196.1487107572358 73.97873448650228 76.78562544896931
387 13018.879671573639 88569837.54909274 -169.55538946285222 -249.2551559620154 270.19695343051757 396.6363676967869 219.42049449678998 89.84766446267201 431.6016768242406 102.4497787993156 128.64926971062926
388 13050.995145559311 86245503.13024122 -33.51186333931413 -171.4258787517901 166.04783406293916 250.20442316979975 94.98091228187563 86.80051551561507 304.86236156252596 114.80202491830664 138.2359583910261
389 13084.772817611694 71704021.51149423 -86.26955070479774 -146.6044459626422 49.72785786173043 159.3262526012482 49.02475538911495 13.063095599209987 161.65473715139785 11.962929995081197 23.768092538103133
390 13118.548514127731 81906856.22665915 -43.806711495887015 -67.87123981550803 190.40540498476926 238.5008917215937 119.80144432074303 142.29031177372838 359.6907848672855 96.31663361694939 26.536483591326032
391 13152.41626405716 75383752.89029458 -98.65033194048354 -162.40629460134932 108.1743923888994 205.23599033099075 77.06274187633923 27.952206526224586 200.14509226204962 15.42608219129238 28.39334789155521
392 13187.56335234642 122737266.75607553 -115.83760600983288 -206.90360453156234 261.499190429863 286.28457287856673 158.15189466188332 172.8933167113221 557.9823882284804 415.9157781807428 486.8847985151632
393 13222.56824851036 87850806.8172713 -152.54029594655705 -231.93440850245298 238.34601984710062 380.90712740543665 223.03142143244597 89.8710140629089 432.27979523727106 80.9835499614934 103.92199692347799
394 13255.624141693115 74785444.92129917 -88.54132340721605 -181.8740849977937 123.20014067155466 233.8302771522039 89.12380037181939 40.52921196160514 239.86978198146323 21.323817892827947 35.98048308505952
395 13289.418755531311 75992713.3558867 -106.46674798872539 -153.90533763369166 98.51414766077474 202.86285578154275 106.63819052467005 22.06002373739193 211.08595689680385 30.874943527808 44.44408760984163
396 13323.5097053051 79381247.18165495 -117.76652707534679 -195.89134974059132 152.8249869635826 255.2521457787123 117.22143864252017 59.255563408850094 308.8383814085986 20.39069283049548 32.56865817464484
397 13357.942824363708 81416369.96435447 -127.9374489876201 -169.79518183392747 187.78661170028136 294.2010349247938 170.10841708787274 67.7184481519771 322.9892700872159 69.17272734872256 82.5290007264224
398 13392.342937469482 75112102.37322342 -54.7655440407957 -157.28699406707187 122.43973859432663 212.42681145589034 75.5774152043537 48.19760403993814 208.96425143170143 26.53016870499266 37.98983782491109
399 13426.308554649353 73976941.84178738 -128.53908343668854 -181.18167818427773 161.95462742805273 233.53235254362338 107.35956087359098 61.118192386549254 295.867838023314 12.016472640535994 17.24760625845022
400 13459.831073522568 93957195.78649925 -127.3455055100747 -202.51802722540967 242.05859562201314 313.74570371544087 194.18738933302245 108.92588219362858 455.10835270028804 133.16335228516573 150.809681147849
401 13492.868824481964 79406742.38384838 -98.59370961332537 -175.71819641593723 156.6404873791238 259.25702240476045 131.0382314171372 55.44320282691797 276.2369943069002 31.689154167109336 41.99660671478648
402 13523.724831581116 81984300.50810488 -27.340578185062448 -98.44030113315254 61.09079336689063 127.39791861725266 23.088594861555947 38.31306417518192 159.1139927423867 63.471736075083754 83.7495460392845
403 13558.670994758606 71823060.04915698 -111.80661552520849 -160.2025154507513 76.72739886080329 203.96403763708383 103.0639783286148 21.545671144776065 190.76255287804906 0.6962932913951363 9.973433116459375
404 13590.748893976212 72837319.31340773 -13.493486250739577 -122.36778181628567 98.79988326489587 173.37911038975113 80.94762151451633 70.21074300898238 227.24998506551458 24.543010975378934 36.440361929594474
405 13622.978407859802 83528528.41701552 -43.83516674136707 -120.94898737879777 100.50708210628653 164.99889339762808 40.50425003509162 73.93030619769411 253.0921091633104 100.06302539311025 90.47682633559748
406 13655.06791806221 78979617.50947592 -119.91421030187819 -184.46517463929953 104.74870980519125 233.01337539328853 149.96929045398682 22.480863969902657 236.38649035076742 58.9100031887574 74.44148324414721
407 13689.482599020004 75588868.81980693 -106.08672619521462 -152.03945383189995 122.8543222428849 236.1057256626508 129.61324936865284 49.70641262991933 253.88956061433532 21.587140495014296 32.914634608978986
408 13723.603974819183 93463279.73179297 -70.16124857688187 -179.4593676526679 181.28616236746137 268.0135356317218 117.2289683791422 76.88436606455241 320.69712011077706 172.2941948716782 203.17637617570358
409 13757.607442855835 76264644.85222863 -0.2529387675625472 -133.37501366178242 90.19487210484289 183.13666637907073 58.427413654139116 79.1300541417263 220.0852512091842 15.356950791569489 27.349971392943644
410 13791.823541641235 77169573.4634202 -10.106206762491592 -87.21306608279802 105.57785053723882 139.1432238050949 37.77236084267197 94.05398421318057 250.81622395471004 34.03128949837969 48.29610226734815
411 13825.875767469406 79531371.20573893 -78.49178193742273 -137.85547138286293 197.71914540607187 306.64617859874403 139.8492847836399 93.03822541407112 290.05014644288565 61.33412194821085 71.6248880390948
412 13859.643808603287 76240458.03953998 -72.60845439845599 -157.4922930322045 175.47604856393275 218.8011914015139 73.5479274660142 97.51752971447002 329.5131581861949 13.543256969666118 19.7944930400771
413 13892.473495960236 87979981.18514603 -7.872243068996542 -101.24809973566065 171.30385029313837 190.36799474737697 60.1162449507095 110.9569132859242 289.5650320320559 80.14091560008524 102.03862759726371
414 13926.832609176636 80156510.18423206 -129.8291882823601 -170.5385890813396 171.58111729869063 242.12524804141924 120.79817102316056 66.40110531323262 306.17090702890516 58.31325578703297 77.05577352109299
415 13960.73045039177 80921398.1116652 -62.123962843301285 -131.86123562104183 121.75656431363888 196.7423469756149 82.59743705857494 60.98496919977799 251.25378968918744 46.48840877205009 61.87364377513677
416 13993.892669439316 81227706.684723 -129.47680158565618 -208.5240310099828 212.1878060595519 299.38186714306585 161.20698064541287 93.87442841624534 394.1406738670861 27.440202307665572 39.335623334509364
417 14027.74340558052 77916120.13220188 -27.07613323285987 -112.86609195349659 113.15181664343656 131.30685972116848 30.382696430068 79.15927701996532 260.6837226437982 16.600224753734096 22.115680293044534
418 14060.897800207138 83191633.48874809 -94.51803102259998 -180.9202602575009 205.26970186376954 305.4551691636329 161.7158787882094 91.71868914284937 343.03762111343383 92.62763028869847 104.07414166792421
419 14094.22507095337 77932014.55873407 -69.17135491476166 -148.627205667437 186.96740262783817 308.48610931661665 166.15446793639504 101.88106716807442 343.12879624139873 29.457987008194777 42.48760737987493
420 14128.775818824768 84081420.64715526 -138.26157910813973 -228.37101503815128 206.3872951916316 328.84035328770256 183.07687740224046 65.09604416929199 345.19807031390167 62.948718087646625 79.75185046124523
421 14161.180370807648 88657874.41128309 -119.75549142076791 -170.76363474445904 277.0347288681447 349.64207785313386 214.76275128130703 149.2352854812258 474.813385294544 106.56978068666342 123.643825831134
422 14194.914398908615 80089179.82020187 -110.198980031086 -197.53224491222952 166.55252185219658 255.39944707829747 104.56008842276295 42.21109167167185 250.46125010066805 50.71716383922387 66.39853730079676
423 14228.258397579193 82387684.40214682 -43.42515955362389 -98.88438874696865 162.83207014139973 222.46746806519002 87.42461826394394 107.05216401807661 303.9439299690699 76.32378172785764 62.2455837326786
424 14261.53389286995 84399463.40892376 -81.6493172121796 -140.33441240503868 166.64287420769054 256.5766638685071 133.59013566839423 55.46602402891983 240.35181048784727 78.8543013722574 92.79820654114997
425 14293.991520881653 74969617.62300992 -28.72460894333829 -137.74901874089966 98.32720726572549 119.0267480514171 1.3988569148743069 72.13290497027663 227.128633324088 2.930430805861306 10.970479621310517
426 14329.911709785461 80995907.17996085 -79.887077333612 -116.63173740108739 144.19607060033928 220.0388377962817 99.59523389761394 74.08997477479443 264.93769701797044 92.19537115234834 114.59114092745006
427 14365.196424007416 77976450.60932319 -6.264592480701664 -143.3771159956794 99.70888916660209 180.04260359185184 56.05778190213928 56.98143862696611 208.480288360979 10.759751089429415 23.714645414800657
428 14398.390338659286 81920770.44307782 -28.07203354190285 -158.35665302934024 135.62145545951984 206.56623684050513 77.13431693657364 78.3387039787425 278.44574170561975 45.898488513080224 56.612114865695276
429 14430.575035572052 80736566.0250556 -73.10768070785684 -186.4824147493512 131.12973301918453 243.63436159152207 106.8306253708402 42.744906092748465 245.38913012223395 40.63511250914803 53.9669201813349
430 14464.633685588837 76861891.73525418 -105.72689181096912 -181.816904245033 148.48173361960232 267.7406658923482 149.22207091761143 56.737987811134985 285.51718320063867 12.020273197027905 21.811393517472197
431 14498.82394194603 79065218.69438878 -69.95186911697566 -142.18724316526794 164.73362533764902 183.38847362781377 64.16617534205274 94.93427290078603 322.5545824681053 27.38950578576953 40.45685039961768
432 14531.753138542175 80144150.50965841 -74.98059962164179 -188.9430338843525 134.34598395349846 212.68729691269894 78.6319070326507 46.360568919278876 257.83592201516956 59.184148066947614 74.08585270226376
433 14565.349246501923 96606528.05547923 -18.330740486546407 -43.1135149534716 144.7622424434475 243.79581217121194 120.30316720610404 123.79645331071572 274.95756205660416 149.48078414875886 181.0343499731531
434 14598.651158094406 84012088.10570556 -41.91098259053383 -152.18554297903114 162.27914099602916 230.5015150644175 100.06039897830098 43.88544018938592 211.67557506236506 100.67980075596324 97.02413804656658
435 14631.819849729538 77923590.0532811 -38.43545777421198 -141.2120507911169 106.84290155861423 263.7187845298255 128.59860013654372 36.35566554607817 192.19111759632244 28.883615729428357 42.32312305666835
436 14666.303816080093 80884941.90004423 -35.240325598374966 -118.36036673111549 84.67066330352301 145.47696287950828 36.05344698221465 47.41826143785636 190.74945450142593 53.89836119584322 70.01373073243076
437 14698.5903506279 93252299.96245754 -151.9270949625715 -235.13382054561896 296.1659490960231 353.8697836672955 212.5933767798508 114.49625536408871 479.86994493711484 129.3279379554367 157.75824710779295
438 14734.975186347961 82110095.02176912 -146.86593562739893 -222.04046346673113 194.4440811296501 320.8679722665948 182.14891040625753 71.58055568508689 365.76538921945394 43.30631362420718 58.951657827482904
439 14767.960633516312 105342799.9906668 -94.11319965761948 -223.18496415713952 211.3212399461001 275.73869170048357 154.09167158507188 107.79995120272065 421.8728059986681 261.43953170476425 305.58035401459654
440 14801.664133310318 85260229.90664472 -144.7471767348967 -245.38020536842396 201.95218552425 300.57094943806 140.81935859111275 58.50702502719787 346.9884522107569 69.09480856824553 87.84714015471582
441 14835.61468243599 84315413.18334632 -19.94781310601455 -133.29094250614202 96.97856662184338 164.91855395342355 25.21272628528987 63.90706729658018 225.69476289878992 37.57561631406304 52.7891906711551
442 14869.409543037415 90096686.39705426 -111.24270763078854 -191.31800415570024 242.8590526592833 319.20325280083205 192.75193411464437 105.89767977572853 416.8719586564988 115.11280896619655 131.13175260872708
443 14903.749500989914 81068398.76836729 -38.26745403612611 -107.44266130763476 184.3314861045755 297.669204140207 182.86411482095906 123.91270271880398 363.3329917598478 56.7594160877793 62.634355446652876
444 14940.369028806686 87007546.8061515 -115.76541768149445 -206.9953142323439 177.17209309082327 284.19919028303576 146.9425956384788 50.02855315390275 289.2527506985281 124.92500863360067 142.41301820104275
445 14973.712456941605 82380590.89722088 -23.127480456910984 -141.44538597633039 137.7863354381732 205.8789906089816 78.1460369543721 90.99409602230207 287.4121395422319 43.85662328102342 54.719120390684
446 15008.165021657944 96913334.74514827 -54.66147112432023 -22.583455608110402 168.4160422098258 183.06580243701313 57.34233039196385 140.04582285098013 293.4651311327725 207.44385174371234 246.84466493742013
447 15041.248975753784 91960020.902875 -26.38097083553769 -67.19768062650714 139.35973184312155 154.4763624608385 1.028199926009119 103.34652395272201 235.9744021000721 131.93740934179402 160.15860094579193
448 15074.52213191986 89396192.73537023 -38.90107994910244 -82.37648338635807 156.18619344590167 211.43124931005505 86.45923172841168 133.14216184239092 358.2610919249887 114.95605760452509 127.9718660072408
449 15108.888637542725 80219536.3287238 -95.11914401856512 -174.2640211234642 146.84947831244355 176.24140808532223 35.38459409896058 51.97986783610918 253.58272473686293 30.451957369737784 46.107822105238824
450 15143.144960641861 79543157.20151803 -85.48003513449049 -202.45234008326733 140.10374789609273 218.04147417090508 87.75439140141143 32.65476545280467 233.98120678818304 22.058186488460592 26.058515274081174
451 15176.975709199905 96195651.80455159 -165.78253767579312 -238.98728687915093 311.5978058992772 367.30099890862084 233.3684707993026 152.9163907216655 563.8160054920083 144.13183567591875 173.97624274085786
452 15211.219439268112 80404676.32095048 -78.83695490706278 -180.04341315727294 163.8798208886023 206.4988423602377 73.383153285446 58.46247431088 286.4076458048122 36.11760828964145 52.91058574732892
453 15244.445469617844 90491233.60197182 -40.972980511436674 -124.80683227248097 190.4903941384303 247.84052834106149 75.69509917787349 105.76525000235256 292.39860392029766 106.78196282452473 134.27313635964924
454 15277.88007926941 85217986.11490792 -13.722565757372847 -95.8103760788882 127.5574308285087 174.2022015389948 45.54475237151622 83.46754237177129 224.58985183234927 74.40365908879642 80.86125385557887
455 15312.880158424377 79808310.78691976 -94.03845613085275 -180.43415785420942 143.48165811416612 203.77749169645415 67.79387895018398 42.899225792916354 252.63023826694257 7.838666904849163 21.147757918828916
456 15347.001813173294 88122408.43279149 -145.85810828238556 -240.4176224564756 293.7486307631612 303.0445501822581 191.64537783132468 132.89800909974952 518.0010106146157 78.99562144564595 95.7014933298733
457 15383.176804304123 83490820.74023674 -105.21223910557674 -190.46511975517353 196.6537478519885 264.2032013723112 118.40571480529051 71.84131722736652 329.168982820697 41.586074371195764 57.65999861507839
458 15416.32086634636 80872329.63165203 -28.692870376322475 -157.42680111069916 127.02804747442923 164.84958300474227 32.785852810970155 68.19358321621951 261.50952537250123 24.695629766553793 39.720538905379954
459 15449.751406431198 83948348.69997166 -48.21946825533954 -106.68126733560644 131.04275518044312 192.52362278681295 88.08070505191428 68.50016023009198 251.63295582677824 64.61876308124647 71.98217488484238
460 15483.4650015831 79548612.53894638 -66.21638974003541 -155.40812708005527 169.53796293057644 297.13643155965525 159.72417686799483 70.73303965676655 286.09021038613093 34.233395639565174 47.746551199333
461 15518.44325876236 97237909.66378146 -86.35537369795856 -70.67146427527287 235.9717508903865 271.33669433868033 133.5643249397463 155.28114197243656 386.209956232854 200.32430363866013 240.7428664052594
462 15552.054492473602 79631192.54801215 -85.78483895392507 -133.09914352629733 192.32597539309816 265.31754373791114 121.8828294406124 72.19172834953281 246.04334773352787 79.56320152398234 90.04129661347008
463 15586.212139368057 79128721.00481766 -67.26032471255596 -150.74155375909456 131.14704223057421 174.76740509852493 58.37269555439243 62.222751990944744 267.42417620744686 42.90702404281251 60.61861750672335
464 15620.154927492142 79910366.20787945 -54.086886517507025 -134.25248656713427 116.30134779501626 157.96953978830012 24.05046342119165 54.36734057796241 223.9035805887371 38.9717702187462 53.012250091008696
465 15654.368503808975 83274775.7616242 -125.95227735672593 -211.40017986993584 230.13331908468035 351.59816557826946 169.24601137509984 96.7756416891533 399.55437903635504 34.056440069040605 49.686805420322344
466 15689.280563354492 77430118.73056653 -31.829758798034856 -148.0190937655818 95.11947604656977 152.82757252690396 34.17154474095714 60.35327282443177 242.31313746844512 28.282713026003762 34.48658252371138
467 15723.839913606644 90580493.78977552 -73.41004464149319 -181.57554472257297 209.78114526794946 317.01308644170933 163.52130953446925 100.75757577812408 383.0612858150016 123.41638076405695 135.78685212229504
468 15758.809817552567 81604349.8541399 -125.58938661928677 -221.02792442321098 230.7830700897595 278.2001176661749 131.51185623396472 88.90235321198986 402.9560118872424 17.468340089843196 31.35491820417269
469 15793.14651799202 87290326.4190059 -53.23654165479299 -170.0091257430578 264.6623534902795 280.8204243181096 130.9721191890948 92.01658966986884 334.42769370064354 47.96563959521609 60.015827175710115
470 15828.351264476776 89412759.42513613 -166.42080061843106 -258.021893331748 311.6884037432486 397.11467958653583 219.74752900518638 122.73331376732256 510.085913311922 68.07066482119853 82.83496873126751
471 15864.006390571594 95458878.17825843 -17.14410471784802 -106.51857147025228 173.07004782722066 224.7962943102986 88.3030089250661 104.17076337631283 309.3747187965878 98.54298598609284 115.4377399048476
472 15898.567968130112 77792814.57469165 -2.00700319737906 -120.38266730197091 84.8322163990218 124.4359024356983 11.407790911893493 48.843597783631594 186.9803065587862 38.05180519400062 53.58152306529621
473 15933.35402727127 81190550.47193785 -92.79184490378985 -193.9029799177448 212.06508422681407 249.49526026006495 108.41741437492654 86.79218635974178 366.98471718126257 11.46729614133909 21.33771639654583
474 15967.71422791481 75156316.28891799 -29.323545377496295 -157.65181197375338 128.79784003605133 152.78860251483104 17.99272190750322 57.847435216498184 231.03325970986555 10.810232279184845 20.637101061796102
475 16002.409888744354 83826538.56247646 -120.99662314373748 -201.37799523419378 226.88946728171567 284.11342796867945 145.1154182286979 88.60126686777937 385.42040472539554 64.96391404609619 86.45151580338359
476 16036.00908446312 88815004.20272776 -3.4619220782587687 -153.87751319497465 158.87551761307589 243.5186554694091 96.57093974952106 90.31574320868594 295.86268467932257 132.32559137683813 150.27353273986546
477 16069.791263103485 76514737.98696329 -28.742156101994738 -119.3623223746071 70.95823123716144 133.30826692726512 14.839588115451825 37.55006191458642 172.7429089376285 30.804919009562127 41.00442146181672
478 16103.966100692749 81830583.77106725 -39.52258048803666 -111.42882837734078 169.77501526190872 190.44425869447895 79.51045893590431 120.28786049095618 358.7425985023401 41.975932718563286 26.03766293396484
479 16139.099640846252 78871313.69638391 -64.9085385067653 -166.0792209038393 139.9858544430979 169.37544763418146 54.79874459696623 77.5125798588133 323.757352342594 15.977421242469518 22.904924191596592
480 16173.11241889 78455884.88565454 -21.36455867005437 -152.31526328944082 119.78982927682759 196.67470284001433 55.14274117397599 69.68131347716098 269.1548712176656 37.12968438794678 37.99221209872405
481 16206.512023448944 76496989.09667775 -49.80245301333209 -151.08738627969362 112.73428582652843 170.61890542559325 50.5548514205577 50.32468791698602 237.0784098322065 24.012214451390037 37.2461369227982
482 16241.03820848465 77918271.59048755 -66.33338581791995 -153.8331325872951 105.1068130607687 153.17900516418374 50.23871919388866 40.148645138665756 225.29035709213417 49.44208814286435 62.056008244051895
483 16274.703759431839 80593464.90491888 -73.63661700774774 -203.00435190150648 181.0193267482798 268.83374532521185 119.02784422645863 42.117092497637714 272.36320650268215 36.03177407942724 48.942843303829136
484 16308.807076692581 86037361.38447654 -81.62075141722694 -169.37715494723216 224.0502546626257 297.5001510919442 132.55413699739245 89.80662095954438 346.8259964183251 73.97396063607414 80.91702114984878
485 16342.808406829834 81232418.05638175 -53.93958078089343 -126.51672053788334 158.68924782696797 170.97634985956697 43.76889698368404 92.45184793349586 324.77963009050757 56.75662457126714 62.60000788730861
486 16377.12522149086 76084662.31107616 -32.14790605188441 -169.33748430755827 99.43167460344563 188.4993390478076 55.83593265342393 34.30629020716901 191.33585118880467 22.915347403990154 29.161927634040126
487 16411.624262332916 79650573.9561938 -0.9514911811011206 -80.43647037271185 111.69659643698023 118.55967208513374 15.545308288788824 98.7905289341827 274.24920561958015 49.47625682106309 36.35445400443405
488 16444.521056175232 82813074.25685474 -31.750553586097354 -150.2177787556586 149.4468114427055 211.9553578357382 74.10447255751235 78.5877549841216 292.9339307115805 59.172813856574976 70.65646936667645
489 16478.754875659943 76726025.6392088 -37.92905340853066 -97.53195623332252 66.72651701356591 169.3724871650594 44.545485756615626 25.062297133583115 128.12957155366644 70.27052080303656 91.16781901953573
490 16512.561740636826 78211259.04757741 -19.203073784657146 -124.60852583837332 124.9895145278196 157.24925340430573 42.1385256001613 86.17615962775903 285.4178863121658 26.057674454674725 20.67659299436957
491 16546.8755068779 77958555.1799876 -22.52305591663287 -168.2436898776436 96.83779231410662 168.79013237798353 45.04122441408065 39.54593130523472 213.06139713991877 28.842000479405783 31.88818499903016
492 16581.503165006638 78913460.07898651 -78.67974167131723 -199.20126377221334 180.55350750348754 247.87015181988303 100.23318553683603 70.89861215040185 322.36283669421687 38.640748691250906 46.691440819291415
493 16616.02633714676 76332374.7649727 -41.87761735635438 -150.92655826406843 63.859933069043265 155.9834158091532 23.206945603888407 8.624446370887597 140.54199938413672 8.442671891103885 21.080131204996405
494 16650.36578321457 104568170.63737383 -135.5386358687874 -213.22560596870377 259.2491081287154 296.3162926464483 161.08598442821113 133.3593213175917 477.27643137798043 247.1802760260507 292.3044794897079
495 16684.178045988083 84111037.57511997 -15.294424927188462 -124.28337317246033 103.29934263878678 161.54326938074547 27.888572548229423 50.91816531511279 208.3956519446823 92.38851415789429 112.57203882415922
496 16717.312665224075 78294050.65478714 -77.63447227787609 -186.82813902635246 124.04928516223143 229.16038246620712 91.57524839100903 28.012114789183215 225.3191647929391 31.77442665452918 48.73419099668729
497 16752.63009428978 84849978.2204919 -189.76828107948734 -261.63930901700917 250.9755087460441 375.21764122109374 215.98734407028465 81.36298065826168 424.7164282545706 71.11116156496814 89.39335969363833
498 16785.523495197296 89194648.23525451 -71.23753100295943 -204.74439397472705 170.77723781933534 263.43973963438737 119.08293715130515 80.71610665501441 356.3607698969839 118.85634379338376 145.34569220195465
499 16820.897334575653 82208308.42253365 -104.20002918191763 -187.64392478216206 186.3413495183138 235.0545949492506 103.27560636265808 54.65442981352146 291.0138224635283 58.42425746648621 75.29990838042056
500 16854.282608747482 80164113.0039777 -46.04977091901264 -173.95217499679765 100.50844253152584 163.29839112888726 41.57042270288934 27.52466778827238 200.479851476043 65.92314254926782 87.71385023721666
501 16889.126886844635 82360934.3016522 -81.30985915461878 -182.6188051400857 146.305983066048 230.67758075616288 87.75436386271558 77.81494549094077 327.5102392902893 69.17085829052814 71.89600062334443
502 16925.59936785698 75850788.49283049 -59.92120557606991 -196.31592707454956 108.09922851803604 251.36016754859787 83.85780677600872 16.82988016119259 171.3647893986016 9.619849788075953 19.59227562947933
503 16961.53771519661 82316873.15868379 -98.5525165215754 -215.49632093158934 166.51232152851335 300.80932779822876 164.80326872783613 41.27954304792877 284.56557285019585 56.40563426287247 71.03114188668553
504 16995.871891260147 79641054.32032171 -94.9298560736643 -212.09386738882796 210.48651600721152 270.6683703412757 105.86341296687156 71.27503140242061 330.2656708099852 20.59790668557764 35.67835128424349
505 17031.878665208817 89694282.36835672 -145.31039411795732 -231.636966631412 180.86693314154795 283.86730236978974 142.11295361874357 58.225666093573636 335.2493475172604 130.66360757292568 160.07141613546287
506 17066.897690057755 95354731.54677038 -55.55326543216431 -177.4331745602775 168.3924554529426 263.232952412145 88.82629584329142 85.09616858206039 327.2257644909213 189.33070461786087 228.22205590045428
507 17101.389987945557 77229193.23813884 -10.332713320269773 -116.52479114661128 27.706490519859013 102.62940337375332 -14.082165150191173 15.246284676805885 116.42285674683126 28.286711764829874 44.053635406981584
508 17136.253993988037 81733075.79389507 -64.58796853158547 -134.21736923908688 149.48825349895537 213.74098142753112 62.96326521352987 55.120157436283534 220.56010943777733 64.11488340523601 84.2414357368026
509 17170.980419635773 81945122.32683115 -86.79590797268015 -188.38659322807788 113.45043996197944 208.99027918189736 94.52113071489607 35.122938299101975 244.7894043774836 71.83901673386106 93.0330777777549
510 17207.855168819427 85841434.91553597 -96.1826975776947 -212.70382360140735 165.39552696014903 250.47166520135536 82.87435528725382 41.22884996913183 254.4433247786145 106.5624595188441 133.45422461617216
511 17241.901798725128 114366338.17565952 -79.48371428252923 -228.41746942432158 294.01207945381833 291.8750287196506 135.4418874836012 146.67786948261266 510.9236367209304 311.9230743856764 363.59011639631296
512 17275.775902986526 82367414.69389997 -121.70136606856845 -194.2439180052342 190.2915371549515 326.63269197692136 183.88254113053935 57.15217044427345 311.26689248367086 56.8883996347771 62.53406007738022
513 17309.818664073944 87112030.10318199 -48.02361654933772 -126.18536410355259 106.03528246237012 205.68180904008202 51.553795674565315 43.45466690534056 194.90525138117653 74.06623215331217 93.25641854199228
514 17344.948229074478 74634801.5090537 -1.275423455544706 -104.01917672049689 44.32524484083412 125.11771626481612 16.082112890915973 25.99710875062499 125.83977720864459 38.283960402854746 55.131486426530955
515 17380.278235673904 94961689.07591999 -151.70354104576242 -241.6592517013902 256.6230229467821 325.294140871342 198.27901175839327 116.82205634677928 490.5495426201388 145.3210828619832 178.06562175636316
516 17413.776201725006 84174062.44595255 -92.49737099846755 -196.87612810028548 166.24459393174294 281.0222576042173 150.05531607567247 50.594002842272744 301.10275156527166 79.01255429248795 100.07046398196599
517 17448.027829408646 75867495.64533839 -113.5887802344262 -169.86155611289132 119.0379254575966 199.00352399484194 86.25627182116415 38.84741081159916 254.09236853974528 9.247168248732862 21.662404465078794
518 17481.249670267105 78901835.07602848 -124.39615248023989 -211.96832723105288 166.13026204828918 270.5627926941172 143.72927843796884 41.15137853966155 294.5006610445381 -0.4913944538149053 5.444534615825091
519 17515.019450187683 76221358.26003487 -100.79476100620066 -163.3425024000704 117.06540669719828 208.58764286319092 109.36882945376517 32.17035583172492 239.67166486025167 19.588131430366957 31.341352967242187
520 17548.643558502197 81596389.975641 -65.90136221426579 -163.10159142650346 111.35139103886618 251.0920811879683 100.66466086169586 24.955213868834676 206.97691564302318 37.48388607922118 53.90583756071976
521 17582.925892829895 86510176.49348015 -30.285947049040708 -73.86930700311042 79.57647371444594 161.96794275688507 49.294710622464144 45.917634363778006 165.54019419222413 92.31678051283484 117.19528383629972
522 17617.847108364105 77472648.60065821 -114.1445468314928 -214.87941725251576 157.30409573394292 270.0248721714206 110.52447597395876 42.2153449458508 277.6815210532932 10.936102132821247 23.6952914309137
523 17652.766234874725 75327640.4669223 -54.25009805011567 -155.93424390292665 88.42937380729245 161.71332517896536 35.94756468593645 34.16071440630674 216.63997547136853 8.312797260854097 18.713838342636677
524 17686.69236922264 73699977.49542752 -45.23983954581869 -173.5580380395729 100.48524114315923 181.1862794276902 70.82267373369905 28.076571266647306 199.23657514342437 -0.21015217402123199 11.48736750211549
525 17722.07695889473 84200831.87358199 -40.036716211947734 -59.342666266595174 59.5089549701525 183.03718161753167 56.168004606710205 43.31955677031681 127.53071982688459 123.03557961167462 152.66563936925763
526 17755.557490348816 75642113.70187812 -11.974778096975982 -161.34460665726422 72.07630098975443 132.69199514525286 13.95231870897987 30.94657140094307 165.01316524284005 -1.5393100488330447 9.078603625605979
527 17789.281242847443 75355343.61317827 -90.54268269955728 -168.48928073647858 107.74650511824521 201.48172933614956 67.3897315250181 41.33751520954888 239.27767541198205 0.7234843501173032 10.603149506501666
528 17825.158603429794 76846166.29670686 -95.71668596150927 -177.9371856693991 142.75698081495995 210.72207020785015 80.174966179346 46.634166766656676 260.2547529632334 28.951594047812932 39.23662660718264
529 17858.879039764404 75368907.55427817 -14.788328317435095 -142.2055589982772 61.4466385246166 165.042979302206 44.3043935630341 21.835096618628654 147.1828931879288 42.497574078588855 58.15300392921495
530 17894.536027669907 77349121.73630251 -110.40205382751418 -197.734608118604 151.35725110032962 245.607036706042 116.40652032512658 46.97956496433335 293.1317031461747 3.8980217180213685 14.11079841787523
531 17930.905115365982 73549434.78399843 -15.709252939244507 -154.7530812086896 98.82422649423901 169.54242344504704 20.443209804522773 54.86480022026376 200.53746375027254 -9.343024537726137 1.2533432420165127
532 17966.867203950882 71611829.56255811 -4.961470224000795 -118.70991556314469 65.48938441384492 119.30840654358752 2.349755895432059 47.7343272758111 158.49668325741345 16.505951576850407 23.44210292756611
533 18002.012437582016 78583444.0339618 -3.9859185745855044 -102.42735812919186 57.17042429323219 97.18577105635072 -8.800214508231601 42.46702380980844 168.4232570654607 35.045931674365306 39.96218577825334
534 18035.85153245926 74557986.62363943 -45.499304871391914 -104.59705757081953 66.88358839658699 134.2258459816861 10.303425707585703 58.34035279758484 176.9205980607619 45.21897650769813 61.32964408977682
535 18071.972550153732 76538370.08831346 -112.70227250643183 -183.59383163887424 136.5572773805041 269.9533090070655 128.35265365409654 21.47700511430071 208.61171029084062 32.32194762025472 45.86471005018984
536 18106.79379582405 73287556.32894455 -20.700440004974624 -164.62180588216543 58.95229436258985 150.61001716817088 24.124995532747832 18.487682630403015 140.45758374520653 1.274542364715387 12.467289641914704
537 18140.607995033264 77217167.50174946 -118.36250052765601 -212.08154010434225 146.86345243022947 285.96330045236147 145.3390063535102 49.98369868675468 295.038022255732 27.51756400691545 41.50834150486742
538 18175.85700058937 72578211.28835972 -51.92809557311019 -163.39501273992556 75.2633181997009 185.6197563253404 45.02035007067287 22.109477979057715 166.88403514869265 -7.8078357331316965 2.191156114113028
539 18210.27547812462 77530724.79455818 -91.085742295232 -191.8046878206353 134.33317712701307 173.83496974417685 64.14897810041887 55.16046003163649 300.66412187117226 14.276715972498096 27.980227404110224
540 18246.1842751503 76413441.39253719 -103.92910750879699 -175.51525203139025 136.37288222382432 203.42137408338587 80.14216652125336 53.02389187190704 275.21726878835693 18.979533759827405 33.02590164803337
541 18280.286279678345 77643726.64670143 -94.05484478125861 -174.69207510372343 175.88598458799694 210.610860077851 64.22160074420586 80.02813724967302 317.868444701282 17.097861652270467 31.787598295893417
542 18313.761513233185 77159717.62420104 -84.37671661442248 -182.12996657537116 135.5757181847036 185.71880383689913 42.87565835122215 52.76794210424828 249.07829371741957 4.188993969718297 13.869462087449392
543 18349.528261184692 75290286.36191206 -26.10963844323883 -127.18067574581362 53.04688814558861 109.50581415092023 -6.2852511557708635 37.281946799740695 169.17451287390338 4.938292254936982 17.97143192851297
544 18384.193075180054 80210175.24464223 -21.98175911462026 -79.16257602090442 112.58495911837707 211.27142094685823 52.65827776363024 94.7910064528354 209.89449325746227 88.51437956217228 106.23312415096905
545 18418.325627565384 78476153.52270481 -97.80370462578196 -193.0163170747773 135.75834607596346 285.42416780220026 138.70631666924507 27.657768777412343 239.27774871939994 32.476963864262416 44.49138344524897
546 18452.961318969727 75412527.41410089 -43.63792742605522 -121.15093474569704 39.866286654774754 117.2825201594534 11.066212553023549 22.175568035101833 138.40720454982068 24.77191381363957 39.301407887620826
547 18487.05740714073 77296259.6002714 -95.72218965760415 -196.35552103696847 147.10359278920856 295.5373403270343 150.05234700278902 49.9196485816542 286.2683264159614 29.750240942585833 45.68063193901844
548 18521.910334825516 76519498.96439642 -88.91784667426462 -174.32170050742772 129.12746493723694 217.5754578411895 82.11439817937743 32.90416484185391 224.2444598760901 15.68038780346285 26.19505425121679
549 18554.538120031357 74775049.95966324 -114.52738946719556 -217.32005388617807 137.30279626943758 282.4840188568594 129.0592725767679 34.81107408037224 269.11660930883465 2.4598197829446917 14.64797197622704
550 18589.10991716385 77459029.9693083 -99.22229735692628 -195.98213265039476 139.496425376121 225.48511915506822 101.52124601016384 33.913618458750534 237.3811161410024 38.435803790673845 56.020352691116955
551 18622.656589508057 75712451.08057924 -69.0612570385168 -164.38579651512802 100.8559190532993 168.18926303803903 50.25855853634601 26.635222025203575 180.41992158603045 8.497363607691511 13.09081757788681
552 18656.544579267502 80375338.05107492 -72.10567978347603 -146.99069872410658 107.84204658068907 170.5798804851654 33.653405701755354 44.12051155486108 200.9626759744532 30.394901288088363 45.21412282333006
553 18690.58545279503 78410996.31034838 -73.42855328681243 -138.07366274475328 137.88108282485746 176.24957432404608 59.86771202560022 71.57426535764898 263.04463336372953 42.649147972684204 44.735129089060024
554 18724.017761707306 76352983.25785677 -30.587077130902937 -138.48975325382506 79.20450103693216 111.45677732170148 -3.1579546522924886 48.89056167076524 202.43697759051975 15.859144716780293 28.771709348409445
555 18758.1192278862 80407754.46282466 -100.80395909218852 -154.0081717734002 178.52324641309173 247.56692561286556 110.6488342328072 86.35254709889887 312.0075300823934 55.85496601547743 66.03867317727838
556 18793.177916049957 76894385.94149424 -59.12901801691287 -140.8876483128154 66.45178212704725 167.35035105552384 29.525534616201206 24.07148360895576 152.5801044204336 26.738309038366992 42.6064597139889
557 18827.614064455032 77394747.94407839 -89.21015321806036 -208.32245651879455 139.29865796521494 291.63045467962456 129.0259339990755 37.99436497566808 251.77767840835293 29.939984486191747 41.37085736485278
558 18861.549446821213 75946403.02167292 -35.668340218611434 -152.46848184387719 80.52597077320328 163.00578538979047 49.11241419594974 35.983480701129224 181.10780025246777 14.711280964151229 18.77352025422556
559 18895.48339009285 75470375.42381951 -70.98174896497841 -144.15602199764123 98.74310116919025 147.2546860351451 38.17953041830523 46.04010373980884 216.80461489730965 32.543443435601716 48.5216797904792
560 18928.564187288284 80927573.3380612 -84.27033075270481 -98.27931927860834 113.73955079294413 186.59321208156078 65.27144691550174 70.70373556006632 227.52799449578447 89.0736705507984 105.90344820156406
561 18965.49783730507 78058670.2459256 -128.79793724718425 -197.28093906606918 164.22190598011852 258.6236440218285 118.8853761808754 42.23864341075944 260.9458944198293 19.316367220239954 30.36173663591569
562 19000.488489627838 79840007.66320647 -53.87665392177624 -157.68624707471668 150.12148639766215 218.14346278388004 80.00825631526791 66.54964729421022 255.37410967849894 26.35793058964373 33.68241953550796
563 19036.067908763885 82883047.07225257 -58.417279688828046 -150.74718092298738 140.04708271127976 198.60579240338248 79.43045616915089 95.26768294448584 338.4578741922775 68.49976854399085 73.6674208865154
564 19068.637748003006 78725769.83593704 -19.09121197763761 -137.350702258438 88.45825328814331 171.32029744783918 44.66643343561469 49.540726113795245 197.7754821902554 29.35570931129655 42.24064879535911
565 19101.976094007492 80072594.77209231 -102.7853977488999 -179.12007694052767 114.39158740085297 271.2304587032024 118.71306730246454 29.72601134145623 206.29670180496532 58.30368480295351 75.81796706851344
566 19136.58423423767 92257232.43491144 -111.06447270253358 -193.5472685653462 212.86537465722114 236.28911869755578 102.02851935356489 104.40585152200549 388.7676622446306 141.30320918374343 166.68941999839797
567 19172.8141412735 81872328.03621466 -104.55293462112097 -181.25265642034645 202.70413636611 241.25608410821965 107.7777408205983 84.81423739150705 332.44505080501153 33.73688734721509 31.337014140903307
568 19205.406593084335 77601009.74599609 -27.705537194435852 -143.96894296613198 88.41753163265098 169.28582924866075 34.208704872787905 36.85623853139771 182.98633619129328 31.566886190579453 47.884288394895066
569 19239.750826120377 78346080.91101012 -144.52341802948368 -214.65062676640474 188.23791280623487 289.37792041138556 155.61089089779446 59.70176054624733 321.8559052789402 24.129492393708574 36.63977543959038
570 19274.486326932907 75464304.1944899 -102.09051872606983 -192.82891301023227 131.69331731900974 217.16898018182246 77.96260307380743 41.04595158557299 246.011271305121 0.42186236122341825 11.064747194895403
571 19309.09174513817 80576888.02407764 -21.33335118177364 -110.32876960997123 73.04314262576327 152.70511201601806 13.405773230320227 46.7403788081773 153.29750692820073 60.83851876799895 80.68220967001321
572 19343.63150525093 78847928.8226125 -65.53632099292494 -149.86606951417224 109.61765632625034 209.28284281063964 81.22469363184851 55.05238793886633 228.27820547665726 42.51026906126151 56.968930792146125
573 19377.864067792892 79375856.7560776 -102.36660197778619 -198.92814643752678 144.83511215286114 262.23915542307554 113.31184210956063 48.25525549087433 273.3158129883054 18.605119955226883 32.381037602483616
574 19412.801402807236 76678396.07888778 -153.88967820766578 -224.58541774937933 194.56757210042463 280.58781422883067 155.490915001803 58.90963547634999 334.87732471331606 9.640013426736743 9.71364618931284
575 19447.106853485107 78824220.32347988 -113.57185372920497 -198.02656250401287 152.72588533270292 294.7908588942446 125.18430784864944 34.84529238896357 236.74188922633596 41.749783216776336 55.5445934170707
576 19484.162283182144 83623842.78067058 -22.273896994742152 -91.55094706585544 70.37658592381314 158.52998304416028 26.210117809123666 42.63990478549135 145.25351514998977 77.62773604775509 99.73944616843096
577 19520.1375579834 78492496.24706016 -2.0363864690971774 -171.1295535075178 109.01190850747305 192.8017057643163 43.45534693095993 35.328684448701324 171.55315938511296 26.977124203242738 42.76004490146511
578 19555.584537029266 79718480.10570493 -16.791369611691447 -128.6748990082816 110.77759794943978 189.8122575069386 45.201147300725175 59.367793041243544 197.5407056899154 31.98969361648733 46.6074305425725
579 19591.22095799446 87413477.52914155 -39.53809156937164 -91.44264969101819 126.29423427759673 216.15275425458725 65.88530653558176 74.14048508910889 209.06202248782313 113.36987461086812 138.49943520561442
580 19627.21787595749 77615677.70405737 -3.683873795114323 -115.46124673151141 38.55106799209956 94.69273033982817 -31.571959858202636 25.622048165580964 117.7313807533036 38.04998796206496 55.091724691877516
581 19662.94141769409 85589989.58304979 -6.6820436833014725 -59.60608360004637 93.07806094244276 186.7525478225319 34.3091101781689 74.25189427441182 153.07706774235282 139.00356039052986 169.85155092144612
582 19699.243682861328 79456054.58261728 -80.55720869998322 -171.35959781619175 139.7352231093388 235.57760943319468 93.69591625597687 59.605698814871175 272.17414308962634 18.399347043250827 30.979051187386972
583 19734.412415981293 81463752.81263192 -61.15673351267951 -153.1062542476507 130.7204870747806 229.7648336241596 82.5573167475287 57.506742123300455 237.94962855118172 55.944183209627795 62.650186343344785
584 19771.03251338005 79990937.76584058 -22.047636611895065 -117.48787357034253 76.17925980093621 152.1406864294445 2.5008923430658396 42.624899394421504 156.9841782279301 53.78533186133279 73.36199664429421
585 19804.635069847107 81648534.30599803 -27.30892446913468 -66.89011755234327 75.76000749705713 135.87304424048853 4.393857286588759 73.45055533278457 182.17030624458766 98.68540034989519 122.23657981511985
586 19839.43120455742 79526176.40139173 -56.31360964566041 -125.69441637079449 97.0625130664699 171.01152830826578 44.26699621709149 55.40909332846434 242.97810058655978 58.36005124368421 78.986655844329
587 19873.676384210587 76986186.91710646 -75.44557272143518 -164.91194700914423 94.96100894007378 187.3269066909978 72.3739834290418 38.2183611842363 207.5360357212802 31.577691249633517 39.80534250610424
588 19907.50156021118 88717965.25292991 -8.5924571337764 -24.176141297251217 102.99141870267714 151.86833003463624 6.24336749572086 102.63004772291174 200.02893949382235 167.09645489613945 203.19282392448724
589 19941.967897892 76492750.36108825 -79.46151584052093 -155.23842348138388 92.09882233399304 232.49823279133582 84.77454246983409 24.923711922163193 173.61991780714231 29.519824832182053 40.36709613955907
590 19975.30797147751 76561358.3104215 -47.82743752526111 -149.12133061890586 85.44328452721876 200.70530105814467 64.65384917096118 20.54517607325249 154.16475244001333 34.30248539905847 45.2649788198853
591 20008.99762225151 93906345.00071551 -5.683633031558745 -41.360207542455484 109.42705392387056 165.13086040177095 31.199385153452617 97.06079099669842 218.43956673956768 154.87810191418066 183.85509240503177
592 20045.173752069473 76598575.30320469 -49.45232991600813 -136.88366512394822 67.35301950857375 136.36224955215997 14.72289561542564 36.420623915768374 170.04567128469773 26.739362850221028 41.996778623734144
593 20080.266736268997 78599038.23546758 -55.11226880485398 -158.9789873099442 149.65235681142715 240.66513154962183 82.49115400836541 55.18459373450867 211.7709572962483 50.090839700785295 46.06283660738234
594 20114.634928941727 73925182.92234927 -93.73599927836425 -170.59512067828248 111.12688391292068 199.3545367446797 83.32172274723547 22.979740281294994 198.03124500033152 25.36517637689883 24.47063373718379
595 20149.80530500412 85024934.60194397 -12.332522129874606 -87.32309170284955 65.9544879347524 194.60051086547514 70.21803185198645 34.55272207033477 143.53230557060363 99.58054328762034 120.89740294137891
596 20184.208709716797 79694712.93593585 -71.6543428699105 -181.63776507793776 121.9566923576028 251.98092647093836 114.17933781595681 31.301718002818347 223.00687775263043 68.24704591466696 83.39152640020848
597 20218.063957214355 80652905.26122425 -70.40038026746888 -152.09775296877305 127.82975498685721 233.02816353153594 90.1230432758424 32.79069738734427 196.11347336645986 69.01788543129521 72.41028265381829
598 20252.57133412361 91414370.96542193 -57.79288211486051 -84.89229574249673 157.91642725166383 229.02948553611145 81.1687625964136 98.35231226281564 267.35907486668043 136.44954497579488 159.78829933825148
599 20287.28764462471 77132971.96570995 -32.56399809623588 -128.75692806828047 98.77171631686278 206.1365273558287 60.455429240840424 37.27659054701246 145.0530869355414 41.47377264626141 52.24181895295749
600 20321.006616592407 78391873.83194958 -80.01056760604935 -170.95056323997895 103.36314771919325 217.72905314251778 95.78411506569104 25.062655811354944 216.07199227080343 30.52623940712408 38.41418657115912
601 20354.118748903275 79565372.90463755 -34.52435497358526 -103.38042041471559 92.14544704026656 161.45870696593178 36.21070450500756 49.17534856154896 168.33487368648127 55.60936283524927 63.355818138146105
602 20386.816651821136 80525115.46125542 -23.71761526186924 -80.71231317662789 58.82909212684256 147.88765389398662 25.56358920663524 57.50788032873061 154.33103434631198 71.16221163016007 87.95439214332714
603 20420.5 78268697.05746466 -46.781056420401605 -99.11320467976712 42.83239045229442 113.66628207488031 11.106110039980761 33.03573517603388 131.05935847651983 50.33645384736906 60.58841029240057
604 20455.21580886841 90219912.3477884 -0.026833352921492803 -51.15608502060812 80.27948023169108 153.93647518294335 31.45339654339007 80.56593986410837 179.68362372980914 131.680308034085 161.64602304318532
605 20488.711401700974 78608568.98854114 -39.84220773375743 -168.99702572010625 105.51530145499845 176.97270665139033 54.51705082222507 50.64079621094788 229.0512955254328 27.135704588834074 30.26740019366548
606 20522.942913532257 77887889.40288061 -126.19593323781335 -188.30311917641848 154.8156920060759 276.9762117933147 135.27952963744875 40.56092621571963 257.47544762051325 35.656959884442244 46.66114886935247
607 20555.738154411316 78527907.80385192 -70.1810815583977 -172.0254875401922 113.05513817335265 214.22121796907496 80.92725527635535 54.757876518484295 251.91696427597742 49.29348973849119 66.32566457526093
608 20588.978447675705 80883434.99255846 -39.34334721674827 -93.17393557725423 83.68493662751247 149.55750086021317 27.523293473554297 61.22368929211484 169.29374139854133 76.74579375184942 82.59510525322469
609 20623.154733181 75738510.91403735 -64.74141521498566 -154.9190232839512 63.752373967165305 159.91257492862502 45.68792927315986 20.414765996159872 176.07253702058165 7.351413628479918 18.609904260091866
610 20657.4499835968 81330011.76443736 -33.07413852221491 -114.43965756277687 118.33841333590681 156.96811808136553 45.00384424756728 65.13227184197797 217.38817672989126 82.94130408446347 88.85499985546573
611 20690.87150454521 73405571.23448814 -36.03544956650033 -127.80941584511638 40.967969149053026 117.46843095247783 5.690312996475246 25.6487526765884 123.85027514227431 36.239360903059264 45.48760317285269
612 20724.017146587372 81289629.56190462 -41.12059484868051 -117.83308632273776 70.45486994066712 146.05061338909906 40.11364789875971 47.308651078992284 186.77187094775434 41.55555273878031 47.908868462849455
613 20757.4060151577 77757882.22335498 -78.35364700183794 -150.66961563544544 110.32096055658175 191.54147811143696 55.25622703767837 32.245200061657215 171.58286852716594 50.62704108393109 48.853266095476215
614 20790.238230228424 77058541.83471552 -53.174699974114624 -136.55896800888996 101.69018163856808 162.78538620442606 51.83084031689083 63.5295437945764 230.08028015549507 33.35235794049572 38.79051747685128
615 20824.56044983864 79311910.98406807 -112.36681173295311 -188.70027184665628 157.45811283311372 232.28119697041973 109.14108688749293 78.64156268170143 332.5410678673984 26.268641561455638 41.11011860391204
616 20858.69561958313 77828516.95843074 -91.9281176565803 -173.65955869270368 144.4650760488509 231.66567810003608 113.16535465477328 69.9038730602116 299.3719686297428 8.6566560152678 14.218070594513392
617 20892.678361415863 82385761.03946322 -21.135738216463608 -96.79109836167389 80.46640530220975 178.6466810419529 47.77403796365585 57.30211504167471 167.89217942062885 77.3909948350697 84.01355997218809
618 20927.4979698658 74986978.74557136 -94.39057498576346 -161.99457208761328 128.086025618542 189.6644690785265 76.53911403912579 54.82040731269501 263.61188044036237 32.304613846451275 33.22215179738248
619 20963.1581864357 76499116.0562549 -35.49628316776746 -134.65792896170083 72.36661859221677 122.58433047514916 -3.212516659061402 46.4284157454324 182.57080905948987 29.423677448249123 45.418232348377956
620 20996.096806764603 77539013.5668864 -61.35872584120401 -169.2767424095245 108.39419491049182 180.53062210167099 71.71191658078479 56.04810109457617 240.23562349881274 55.337409608311646 55.42839615001719
621 21030.77852511406 77459551.03259327 -62.16601173405586 -121.2852093786436 65.62068973170412 157.6358253307104 44.55600658296881 33.154618802594655 153.95262041508522 42.61816260508999 51.714931919950914
622 21065.264249801636 77649763.45897682 -50.79983681699984 -121.92779512174567 127.27066232590411 180.51963867502226 43.65859496002237 71.63728343507 207.64855251899883 62.264102297224326 53.56278442837413
623 21099.995591163635 73244837.00330828 -61.67776064854249 -164.24351760565716 66.69684471206239 179.63874758334492 59.21037136474993 33.830943606955316 198.09826605551518 16.928719540329325 28.99971116265499
624 21133.40599322319 78224875.1053247 -73.20258482444467 -169.51180348547638 109.7418748662118 194.8934825427572 62.28383579874784 53.959538000580096 237.89639493290053 17.278998421583424 25.960254872181736
625 21166.64895415306 76417882.69341291 -53.87432508454756 -150.78972411295615 63.5164619848143 138.55857175115392 21.125230617634987 21.807985192611113 155.2828640594164 30.880782643910493 37.83178222436277
626 21200.549701929092 76668712.55899413 -37.0127849337923 -103.75382322731826 50.466165877556406 125.72643967546625 5.352708034289112 33.278268270342664 115.39766372474708 46.006307798767125 49.561618740943686
627 21234.303672790527 82977486.13293344 -54.76801885649515 -137.4170483435847 102.47407360752621 188.3838146592313 50.391614671574786 42.72795024995037 184.71372575294254 63.73268493707826 74.96146239577001
628 21268.609181642532 78011646.05118223 -61.87691872973185 -145.65617892985932 88.21912204112812 174.1453527750175 51.061263761051904 40.397838758077796 194.76355644588705 36.02521104030893 37.433911441756095
629 21302.599866628647 75868241.12892796 -50.11798398901857 -130.3733986792105 71.35167124692761 138.43588968668462 43.885097602041704 32.82681710533757 175.0543586098073 33.16348927759111 36.85497408819492
630 21336.418952941895 77897960.47931363 -69.22046735128677 -146.10056177791893 99.47703105390514 199.51616064797022 75.98873386973895 34.20452681892425 194.03594260825025 39.2002507756124 37.5068968824429
631 21368.71165585518 83497569.80254993 -36.23160128064197 -96.21902618079689 86.14638993151416 136.50611377728939 33.44304121097748 74.63122364303513 214.62372898220121 56.66969468830473 64.45871759651652
632 21402.188112974167 74437272.9119142 -104.78024537300948 -162.0234461306813 97.04623190167703 188.7689479580187 92.76645842527124 42.76597685306797 222.44574859209547 22.16737263623793 30.23500721908954
633 21437.049538850784 81816521.93943137 -44.97121854752134 -132.37671386806014 57.78730243230912 196.08932620199982 55.94394979628288 5.439125636631445 115.02657372362 58.55119095798932 75.7805964908789
634 21472.1284968853 76120459.39685468 -37.00615734397364 -124.90746412474222 108.06502131254553 187.2431839412093 81.11986740895475 55.42399104197841 192.6052301267424 44.19392882237764 32.758592792073614
635 21506.862885713577 73066135.0752047 -3.74663306931825 -125.38466565200228 62.10074226395112 155.58602723602598 23.740036476453994 36.464782496130056 107.94422692107673 33.80980563698063 34.98405519545042
636 21541.7789208889 79561069.14445668 -34.59373514334534 -94.50160942815386 58.375925199259896 162.35690636012882 11.121519769431504 57.83570096580718 153.6269979569688 62.39462877415508 81.2594966389629
637 21575.68927884102 73202518.91338105 -48.23602807617793 -160.94325933011692 62.561581784675276 120.19875216924729 -8.758299662807653 18.553496191524573 135.96103348285976 20.86370205975561 30.215537796399417
638 21609.630964756012 76490163.8740088 -56.691474207668605 -150.5197838343982 89.20168490993618 123.88666289957288 18.7608554065682 31.512188428564173 176.31968793032433 35.59503380456715 28.860942964602827
639 21643.73368382454 80679747.86050445 -78.56415035101662 -180.31326177942844 95.04841662844271 181.04702578969733 55.61844590981896 45.16586308276521 222.35681926933353 84.8462526141152 104.69868403832311
640 21677.54669904709 72726829.99300794 -14.541862293410842 -83.2837195354009 15.777195021030458 86.48128053630259 -27.6955225116629 26.39459874644774 68.4690833186022 42.97277507251374 56.74060463994681
641 21710.69024825096 74731159.91493924 -59.85419113358765 -136.5925888207249 45.9885933680052 164.25951162792967 33.5742665462704 7.5067490409441575 108.17977174743157 34.45745675436365 45.27442918362499
642 21745.821220636368 78341660.29935083 -78.11028176360973 -142.1216240540343 89.47354455452484 228.2825628432824 81.1561519108936 26.284772460953377 167.0090743187634 53.95399549223737 71.2542514226285
643 21778.485617160797 76559694.22355653 -45.090241367250925 -99.77003611489977 84.12005892720961 145.20747671169437 19.836699353161816 58.29861987979643 158.73134098053333 63.47823102877908 68.21327670223855
644 21811.39483189583 80018892.43899292 -48.47797426792903 -49.67665641391207 43.022421726127504 148.3985042117087 30.822608238951123 57.484446474044944 124.7797040401889 95.93349361962214 117.89670855556437
645 21845.82911157608 76225654.42985722 -115.82414692495237 -153.10885604545732 126.90540791192234 220.93343195709815 97.02147267411131 49.54570295743929 238.2111718726709 53.5252103315114 68.93482528672382
646 21879.139011859894 73948988.2318706 -57.830535004350274 -140.54617462479357 69.71581219172131 151.07911849167735 48.69068118213762 29.90633124222552 177.78914489912256 17.117106319380696 27.65794322282909
647 21912.750013828278 75808993.41822134 -79.82280956162263 -168.76277221475104 69.02109284139371 191.184085942057 74.52359668621867 24.21192231382463 189.10296593601936 49.58722786183739 67.90915671116636
648 21947.8738925457 76371890.79391344 -83.56836125379985 -142.01168516242933 98.24139459424634 177.6915288766621 74.42850906675707 48.742312657878074 215.4111312432119 15.392032802219092 23.172409408915883
649 21982.541036367416 77327902.61498922 -28.42998630994698 -154.03550780860076 109.32460797580829 224.37425267105965 75.54670434708176 39.0583458260038 153.10097704559064 69.68920225035367 74.95663390421873
650 22016.123144626617 82388101.52204567 -16.743413161418665 -58.046743028106164 65.00991251898634 145.54012369880343 6.99261194653173 57.634547977848115 105.39178309770693 130.38556365308887 156.1713571883555
651 22050.400136470795 74883258.09919392 -80.70285825963188 -121.8718721413147 82.4619127556721 163.76067194697697 43.629044086237 39.382339317907054 165.03832492167965 59.34533553530275 68.32182506021945
652 22085.567548036575 74540282.39491424 -80.82293820412978 -149.23722231568544 101.71642686899214 167.16288025975246 54.261845771597734 33.953354802536865 179.47839160533215 37.60798697412304 32.423102994114856
653 22120.71176290512 84373553.03118299 -108.69122137580159 -127.30953384307706 189.45073696965983 318.98167354848476 168.43255883705373 106.88079205110785 331.2683063224647 100.94460771675563 109.9648861718307
654 22154.996898174286 74685664.41532952 -43.60438150152612 -140.313996411707 77.48442702333993 188.901084182258 61.91222826003608 50.54974678326971 178.25478427944972 20.529614945122944 33.51832570792487
655 22190.101390123367 82578094.6206271 -98.97998386243881 -98.72379383095948 153.90522146230822 238.75659246713636 115.15283750560698 103.03741606968367 262.0031744711183 98.91070650293125 108.19123321386655
656 22222.928284168243 76387558.70322807 -96.76978220871095 -178.1369375368594 127.7445561096844 237.08456885897925 115.54293059541521 40.684251114473454 248.18990224795323 22.9387190593161 30.522244166877044
657 22257.053644657135 80420200.37590623 -54.879070106429026 -58.68250511002008 51.31744512718864 132.91314214596602 24.411033230435482 48.00553228854426 127.10325756847419 92.49863855204296 117.74520719440022
658 22290.561824321747 86322352.48442721 -30.195430430042304 -25.048385140571337 65.30036211049516 186.41507761505258 59.5052886928855 92.43754950001244 179.82835724721338 152.294314637909 181.6142884614735
659 22323.623658657074 76989872.16746257 -44.067826896873626 -75.69286498930157 72.86766115423195 145.19809314209647 42.529739774302456 58.09795372234407 149.50950241560338 84.4204064310984 91.31861110665648
660 22356.481040477753 83380494.42696874 -65.34664087777685 -49.50525894523427 77.10587345646536 161.32805361459526 46.23492946442155 74.42399623242136 158.95998120510785 129.82156431276098 148.02184041599514
661 22390.415944814682 78158551.76351401 -117.35241615309162 -145.9638605990226 124.43513175399112 267.32523205842045 122.00428841973662 32.0580531683828 192.7462808476654 76.22163517889487 93.28410107503328
662 22422.75689816475 80024410.32361412 -13.708706246266718 -35.24591918455654 41.124065280859824 154.17256152762366 55.02859770843842 51.01399758383468 102.96292416708025 106.01826612096556 122.1736716041969
663 22457.94129896164 76399067.24402013 -73.72283824050622 -85.65293959393038 63.13828676977417 175.836275947892 63.91680999836497 41.9022532931441 144.1801437723277 67.48642540675769 83.26745763893666
664 22490.906589984894 78200356.91420805 -45.78913554898012 -100.59928432044113 77.43218242058742 201.4945802037746 70.95228880721315 40.33164710579183 133.254138457836 84.82552434448132 96.9289372373006
665 22524.033797740936 74230896.37286286 -111.7365652933218 -164.07224897110927 110.38729634952995 209.72278750473671 93.40613150197753 29.87256495316558 196.71780256296404 20.7490231534656 24.554394425003807
666 22558.108328819275 80144217.7172594 -115.42586584812516 -110.50760954866325 125.94212477863422 256.030915944908 136.30767902214816 52.33823507505895 214.27348829561708 100.48542516673581 107.04768268603289
667 22591.14295721054 74153566.38341013 -79.80026838306729 -160.27663942761285 61.44453173173082 175.16326688846436 59.35802069675665 3.3964042792327973 142.9770631086618 16.399624369598314 26.66432856854715
668 22625.120970010757 72949521.75648513 -60.701003526668224 -139.91656468741274 72.01985607429066 160.121954794097 37.02466732572724 38.45869613229115 159.1803043922605 12.955255954890276 18.65759724708289
669 22658.274683475494 79447664.76962017 -14.769565797095714 -62.3860019636423 41.55608055764712 136.71361858706265 11.289120230567388 42.6696183343563 86.52562417708612 88.81502321894061 112.67934711132466
670 22693.2690885067 78015026.15231326 -92.13075545887213 -152.37581144074161 109.62459366898787 233.9609990782464 98.11507671724132 35.07087229553031 176.95168858819125 31.74137346903433 41.05483446251901
671 22727.12296104431 71359431.6341056 -36.75420401465783 -136.67443566265484 31.71259786757368 104.75477371229431 3.7012747962908703 16.25106268847776 112.76855723979645 0.9964777010591774 12.677928570579525
672 22760.629675865173 78599850.9469738 -28.991807027648562 -124.91846274470895 76.01391497579618 186.67861433841608 57.90847077276609 37.90067098743032 165.55298405352835 48.971460626052476 65.8138077646554
673 22795.88293170929 73171071.47997543 -90.66950268663456 -161.33506407637333 82.95461020264403 163.9805365536563 48.0287399270679 16.129525332466187 157.3906862910062 29.539066835063068 37.78657275608555
674 22830.376880407333 76400855.32228836 -96.14647583117149 -204.49826502068578 112.81844677313066 188.35555366902736 83.35018878998221 23.204883661952522 229.48280891131958 28.9150435732314 36.25248877936667
675 22863.405740499496 82266682.93774404 -34.10299940041179 -35.33932788471717 61.261567299495425 143.85120536395107 46.38581846598637 85.13521554079091 177.25006150755337 97.67491741652339 123.59177371387773
676 22897.745608091354 74614472.52475701 -51.22218861265607 -81.09410771414484 37.96473844496093 138.22148013980026 19.646392831364775 23.33475431093416 79.07140088769745 63.49623456626966 81.49443784777714
677 22930.91671538353 74124269.6295472 -55.78120177302947 -150.75516376570195 67.01026031348744 203.59714705086742 70.15542471827884 17.427249056920346 150.57872760084672 23.918363871698602 34.95086567499868
678 22965.19487118721 78532780.20954816 -39.815308072827555 -88.72563302836123 27.96258451290695 175.47449161734096 58.69872803675872 21.914704516808797 109.34554510404871 44.27308293098133 62.16347268286859
679 22999.385548353195 72572925.4174245 -95.44812977577733 -171.9697851570586 84.30359197264988 209.54588426806185 79.4584100771128 14.739808518017071 158.1694413654942 7.980186626331886 11.386470730269593
680 23033.018758535385 71733380.22360544 -39.252324819266974 -141.78134664302246 26.267688209279186 135.67601912538532 13.78035389818422 0.14561624003118823 78.83583638510447 5.897391590996449 16.440875229151743
681 23066.830517292023 77238126.19365557 -117.47377454702512 -183.01315873950773 150.78634508338484 221.18959149694285 101.81652209840905 59.086024636368165 270.37654386782265 37.37041775022578 47.94774356664891
682 23102.493124246597 85087511.58108892 -44.103413114140295 -111.66459676061348 75.08291764162799 201.67896088602933 107.53943068983484 32.65481175332934 161.1968054809014 54.47179379875922 67.32624811255005
683 23136.346170663834 72272543.24634844 -12.092231322908761 -113.45977798024656 7.77006915197655 124.82437996631944 10.332817518792702 4.759107707932856 74.98479581717663 5.950340521027499 18.1580820686097
684 23170.406623363495 72479529.39782077 -79.57526912264447 -154.29224125791623 64.0293908663032 161.0340242092587 65.13646524345499 6.247512076097792 148.3039804885018 4.074461104861825 13.30389327596879
685 23205.39889407158 69874768.7208498 -47.58228147120562 -136.7295127804074 43.346830024679676 122.46532141068062 19.103818666098896 14.817833157939845 131.3866579665371 6.084306003855431 12.10921977557416
686 23240.499725818634 81755828.9790399 -81.59689911718597 -177.72019228253043 105.37928372667992 216.58662501736575 82.94551832210581 41.04219404759954 221.80002723587188 80.05287257870339 102.09055791226729
687 23274.47178888321 73510901.9072063 -43.801246327200424 -156.92554718808094 70.28840066281737 157.68939873317277 59.54220712007248 23.159205132742272 189.59135907407904 6.680105496310432 14.121982507929715
688 23308.716163873672 74737282.83026627 -33.1060733387699 -66.75662508379503 26.88653161091207 143.36117657446204 27.636712319271652 33.396450128489846 74.36381843586275 65.28923407727291 81.63661302418313
689 23343.65451169014 74595807.51119451 -26.475558596064232 -100.51737308219141 24.99813968403366 122.72263175929355 13.511555667597321 34.53199588267148 125.75941507989057 8.636805488933646 21.545057876096052
690 23378.371691465378 73754538.51311295 -4.391540208398215 -135.1598445136567 22.298464303767794 90.77449420654719 -28.595294140474454 11.555710345955276 101.34924492774962 5.032063255771789 13.421316303103595
691 23412.062430381775 72173011.54681359 -26.23030457747225 -103.48420791757077 22.827413814425224 89.43291028603107 0.14527366870450886 19.640638415708622 118.83062592609099 -1.9585290860442228 9.078991178397189
692 23446.30384850502 77119834.52303089 -20.6465402560081 -95.98814441842802 19.041641741392993 126.20529340014694 -2.1080113449362328 11.239643152097415 56.933904152107516 42.98205838753893 60.57503717075201
693 23482.50075173378 75392585.8869858 -60.22640290651532 -168.7125360206576 62.47698061080733 148.05127475793395 19.041650146366557 21.409089197636717 165.76419989998988 8.580205548527545 21.232671558972243
694 23519.11327290535 82850751.08821993 -25.602585202057142 -52.56846513899437 94.77517626123148 212.55362119405063 72.6122238130861 104.6672607015878 220.32676963662482 106.08986713971444 132.67983319167377
695 23554.452579975128 74648927.40683104 -27.822205719681666 -166.92837122641652 71.40811660922293 208.06559226194838 73.60351611283825 12.041226975480981 143.2674427001474 26.659549821520272 41.38125752117139
696 23588.71405339241 71806522.74052905 -38.57405559265705 -142.98668373969144 46.33285072858729 163.87620162516987 41.53036324131598 11.889309298186845 126.71301830662821 0.5568799981784309 11.679252244997485
697 23622.27077627182 89210941.62558027 -24.128399528650714 -43.17946422511844 81.37936587791992 193.55413748846584 51.92389632003983 68.51019698493485 151.70000078941757 163.32413064492653 195.14893065068156
698 23656.528104782104 76376280.82412247 -78.3509953784072 -153.87321622913575 95.09877966860519 182.2906723645118 52.93098882451467 26.281600791159804 176.8303134548445 23.782847890564994 38.02916856001286
699 23691.494287967682 76702070.83690555 -24.488646822636625 -104.44270055016528 33.58854405772684 76.30693408345435 -22.441656927091223 22.531975935301148 118.38242799287707 24.3474515251537 36.84203073322794
700 23725.666540145874 76367062.98325448 -92.8749859693549 -169.44288267568675 110.25055877665724 208.9170807704849 71.24388011292783 32.86037709903553 202.35661750392273 11.447853116727174 23.02364021125595
701 23759.357392072678 70638250.47139068 -12.559120574716207 -122.60342691702228 -1.85554277552297 101.09335188417046 -0.35911588510664383 -2.18028310306363 57.321095496048656 -1.6951205136431327 9.665448617995253
702 23795.807196378708 73170022.91542324 -14.20550198863069 -82.92816743096381 4.996739494683382 87.68629601088759 -24.37437475997231 17.711688214355945 72.19909145866143 38.699499653579664 52.973523111399686
703 23829.3782787323 82284563.42560588 -2.7994054888099775 -105.49781546604426 43.69220308309891 146.94463203572747 28.446952279178376 16.773240371668862 97.30234942332152 47.66384746528115 55.50281063697071
704 23865.315537452698 71555369.96169415 -27.913158019451302 -119.07922967581435 24.00362496880829 123.97470857068669 0.25624964635020475 16.807552357998475 79.21836038994843 4.776031866161816 16.89974317684198
705 23900.226271867752 76513510.4116715 -38.72369549150369 -86.35788014344774 61.83571188335364 122.24173847111612 12.931221806630022 39.604914166181516 125.26692826767794 66.68309560038404 80.51127877231067
706 23933.46143555641 75603807.03312896 -7.81264231442128 -105.7210437165049 13.52916846958815 103.71132813348147 -5.209614624001144 4.684995058107859 79.71714871458505 21.558963744947732 35.07276846109687
707 23967.09099125862 73365972.80613777 -44.63200059694365 -63.70574639686647 26.75707564640433 133.07282111326998 34.58918005705984 40.65459889471708 101.6339005358301 54.987071714898434 72.12816972244423
708 24002.046584129333 76483522.31602015 -66.53444486775413 -130.6951288360328 77.59183087790777 182.22388687948992 45.9391028779148 24.933685497200372 130.7009752655814 34.404750282015584 45.77612220672006
709 24037.26798605919 72760437.71187575 -14.294767503345863 -108.35422323653411 20.027761516167217 153.11433391013267 36.28846751837292 6.5176970070190805 92.1585474101256 6.055585736301737 16.526735838140667
710 24073.242255210876 74681639.8071122 -9.497025754705188 -142.5859833191224 44.18799108647678 128.04655549176084 12.6212677115623 10.21577784785228 120.09398935455135 10.772512833767678 11.412240175000306
711 24107.925021648407 74178789.90103507 -12.432562178916442 -145.50938781288585 28.164661340002546 117.77439768492249 38.899739754730554 6.6632027440200545 124.95928815276523 28.971297523220642 45.07449865003639
712 24143.014217853546 79570278.18571651 -57.47082510329229 -139.82932401694455 77.64044259108563 162.18810520631473 49.93291031083243 30.627369170877728 175.7431965404486 39.67813219009224 56.851273650512326
713 24178.43109512329 75630778.55277964 -71.28013464805073 -184.6925210214675 81.10996819809696 166.23038135641795 63.54522556117428 17.2167286739201 191.71772636024332 9.256887094949263 20.770366215702666
714 24213.01428103447 78346740.02709204 -21.614249929906226 -156.71295665728408 75.98556040848734 187.52958968353337 68.83685210464616 25.735008083606658 154.83228933675355 39.29935421717312 54.815940534088554
715 24247.840517282486 70235431.1082554 -35.32195800696327 -137.459326615583 27.617649731218542 123.75470347245243 18.09373326426832 6.117443037454109 106.99907700893561 -7.883651152514403 2.6782048429632823
716 24282.184938192368 77286530.69740064 -47.205304093933826 -118.29800305427761 62.93416423709006 143.01500773158043 42.05159708656942 36.03238111394796 151.25250513149433 24.659080531743143 40.726838823915955
717 24317.811226129532 72264572.63091782 -11.476787020446178 -96.75797118823002 25.23003960177159 138.69007162773613 34.00946967108135 22.914825985734637 104.01419470881774 5.531003184503675 17.919723020268634
718 24352.77658700943 75756488.90056865 -75.31033939821035 -198.22231025288758 111.67026283514745 273.2696099726013 116.28285717212194 10.054513833042336 188.11400352717033 21.55791429587589 34.32954430885252
719 24387.077134609222 71278319.78835051 -81.43253075192662 -168.09060995901157 74.17128448500225 172.95583995602996 58.39031804679986 21.274991120731784 184.46365270543401 -10.34732073328422 -0.264161431589514
720 24420.234461307526 75931680.98429462 -125.93228517946781 -208.35450639298656 155.19213860108104 275.6214073024113 151.06673514907612 36.082495915346726 249.7269099112957 21.796833869750344 21.14736739986165
721 24453.64149594307 74428063.40527327 -106.14127453595984 -156.7841879998942 124.35626997223886 251.13238723635743 91.74104518690956 40.94837006958244 214.57872224115408 32.02383238738901 45.52412739136912
722 24487.66751432419 71549994.9088846 -55.46516021768993 -139.1426693105607 50.73801334166902 154.44224082732393 26.414092866649654 21.02070347891197 137.50835366455135 -4.2416879047130465 6.967903034721473
723 24521.968603134155 71937379.81001458 -16.314785410522056 -100.72880404955849 30.09283705606008 90.4589268856729 1.3242877789391563 21.756230135512396 100.30688746499663 21.69552128205089 36.831196925883205
724 24554.99108171463 74019617.01768275 -23.983224972601885 -98.74415575313074 43.71087171918195 143.89914961298408 28.813351943173245 37.31665400109591 122.18393645357605 6.69839348306607 18.267593876211322
725 24591.283841371536 69579168.31530643 -66.81074295359348 -163.66168225124684 59.985160002551325 132.18179010722295 32.99436742722011 21.99585153585997 177.25726296928008 -9.617549010043149 0.8217531075621878
726 24625.661044597626 77719776.36160673 -6.868807826338976 -111.899197638004 43.093425615961095 168.8276923365473 17.159019622798077 22.606648558567258 73.64709526648744 42.08227073084208 60.34314986746517
727 24660.693501472473 77676050.30539219 -46.85355174496323 -149.07186174513677 65.2065894145266 157.619137327513 20.572667044394887 10.339271511157222 124.18269735114472 14.46018389917242 28.377323364076574
728 24695.857610464096 77286638.69833322 -5.302420274660463 -104.61396646983052 51.852722438266056 133.51621819335944 56.171447403442656 29.79952974685216 151.99286579924546 28.540246346667118 43.774916580682884
729 24730.574481725693 75437223.0964199 -38.29007850096018 -132.8963542202635 72.85731187161362 178.9890941220343 51.68987944047626 42.96761594230031 166.05012421145807 8.505799995583573 18.410357589106752
730 24764.494456768036 78571362.58848676 -26.05353911389913 -129.89986108158618 112.18384433067392 224.24292173993177 89.32803720518598 56.88100565177865 190.88184864039977 45.15376456279853 59.57482845080108
731 24799.488278388977 87500427.69420005 -11.300795013020391 -18.812144024796776 57.23179106149318 152.25455414140708 28.30991204790776 87.30808243589047 136.63564941947118 157.86889799703636 192.4402462192969
732 24833.89326095581 72461031.34502876 -43.15058411376314 -157.4702763564537 63.816342427448255 170.91910722121295 42.33992494813807 30.383962375797182 157.0832297514562 6.683467986490939 18.563685538104778
733 24868.602116584778 77749946.44558594 -18.699219090798067 -53.27979881092143 31.733202275718636 139.07480168930738 22.985943832119684 40.97087360999228 111.5249261219501 71.70929568895917 92.83361241281045
734 24901.929333925247 72848071.06347856 -5.5183791025677 -125.95518209760583 26.532633187077003 166.7204762629276 26.390652367820273 9.162194347136165 80.51118615364396 16.496722660878618 29.06795422652499
735 24936.96301984787 75842106.44387208 -41.48249189591297 -78.1765368407333 34.16949212631796 105.35921346410663 22.06620488891101 27.61217225088035 117.83200498014787 59.64497475736971 79.26702345373894
736 24971.883930683136 77161791.26821373 -49.49970270992702 -95.84000650637013 65.05038000980673 183.8831404627216 65.86812368664026 31.119635101251788 129.3309531645001 68.41811838923115 88.4063436834108
737 25007.769237041473 72039103.97813311 -31.748929501865227 -134.53996898657596 48.87741391276738 174.86153012128528 64.03478463903728 11.360783738051623 127.05580372961936 0.9632190961245328 12.663613160858858
738 25043.195833206177 73367366.65347429 -25.066209079824787 -113.97264198562382 76.52417486471674 218.38262559668362 65.67526806440063 66.42884510593888 166.63851037774816 6.472260243349808 17.786929448387923
739 25077.826411247253 73033489.55060285 -19.776924918163537 -154.21712868494345 52.90754181019265 183.76624735064058 53.70494976772673 21.890080068693806 137.20388906278595 9.722638582743627 22.86874827138888
740 25111.825311899185 77310919.02901779 -59.69605781153396 -107.70131197073484 77.3919396203413 144.23443928378052 33.78872878170178 49.119945082354434 178.71757325099225 66.59336500932909 81.1881889431121
741 25146.22723197937 73528587.25458437 -68.68294539506806 -171.5442935304505 95.41031944809302 179.9220771559602 66.6589720626158 40.32988734215735 209.78720590463593 3.174557298093589 14.98347283951091
742 25180.535145044327 74279082.85504639 -53.41171508147556 -175.89975006773096 82.26978589182261 201.46135969205645 42.16010082356597 13.401929179221725 146.86124327224184 18.9580238205466 33.17272572316983
743 25214.909523248672 74257579.44887848 -24.067997174054312 -83.3024600737946 15.523493138784826 132.0909394772737 -2.033477072627133 13.384175497717024 61.57885617504803 52.298156232172346 71.64418514279532
744 25250.53186273575 75486300.35096157 -31.01019116201977 -123.88571333031928 39.58573352193411 154.69300957865528 32.17691270414441 12.41274856342443 124.60064740279074 14.34287337299088 22.627303746250163
745 25286.333405017853 79981075.32972282 -15.525379790791153 -86.74953312104483 83.84104727514685 154.791770485666 19.53227625318724 53.74470575403086 166.3432060132485 79.96213453747953 93.02739245103191
746 25320.640563726425 84327939.83080238 -1.12273152290558 -43.83626498913201 62.5395530274571 128.8716917514008 13.048955388689361 67.59898728691849 151.4538010810346 123.40622780515184 147.1392478406642
747 25355.027221679688 72805719.63538113 -41.64133713043966 -117.49578641184785 38.70834888529829 163.07311267597964 41.66272918800436 7.658404109451624 100.73118106312108 33.87027065931352 47.52046193968454
748 25389.44834637642 76736404.16590606 -70.47649844391361 -149.70093962960456 102.85215922426028 200.80600580127805 77.33948567283804 31.671748206969028 186.6249513607503 29.736803286142504 44.6256958910335
749 25424.212829828262 85895211.72998388 -48.27374614767788 -54.50503177092948 104.84480209879305 186.41960009898997 49.906550498313585 80.7064787999085 192.99826850872637 130.1246740727513 160.97601422307673
750 25459.073760032654 83719955.83406955 -23.526749425073984 -55.87815416690208 77.54517071981644 172.07278726091766 16.4772063043007 61.40914057692066 128.37649818202772 118.80327945867339 139.57166756352456
751 25492.8580596447 75687877.78224312 -71.52552183672412 -168.145827062833 99.51723615726104 184.3589214028263 56.901242719077864 26.24671247695221 204.2290740780636 2.4845062619053806 7.22566400714544
752 25525.496742010117 80924188.53638795 -46.23380236275527 -75.12020364530306 63.031333473783484 184.53134761271895 56.589649382024746 52.23288053374836 154.0007036586503 98.0439275073038 123.79760886761346
753 25559.714783906937 76316859.42155561 -68.55944710970272 -104.43833715231682 80.21068558037484 139.34511504596964 17.957308479494596 53.2103012422906 178.9138392152479 58.32803117387948 73.9859633110749
754 25593.20533466339 81356271.56523821 -39.96471687690031 -75.21485558940387 88.4252159495651 216.70099233914237 66.17233882134106 59.01111552746886 168.19264778955994 99.24621169730324 121.72271512596205
755 25628.149963617325 80096342.3934995 -74.31691530099513 -101.93607647121856 81.09068626845121 212.88857779747792 58.00064519191753 36.444893471845376 141.03713828958166 85.80029459512218 110.2496588762973
756 25662.34647345543 79799928.92320791 -50.24171368991442 -99.69362197172104 64.25628156821784 186.02331401981257 70.24312565583163 30.55904547893431 135.11097632492033 80.94257349077066 104.32855736168574
757 25696.281801700592 77232584.41153315 -69.88687365535739 -109.74167860628596 86.88995801392198 213.27580187914614 87.70655830993265 38.85280273631247 170.20589923228658 60.280831514508236 80.7904175224835
758 25730.82828259468 77273698.3497223 -79.01343926817145 -167.11331038569455 117.1478290857614 262.7667340610461 106.40231390644826 39.4303631998356 219.53587618566655 20.997832447852716 33.93000901642438
759 25764.332875728607 76678835.32370403 -75.92312966109859 -139.43894393416187 114.04417904451199 190.2986502723613 64.84375750064747 51.18580723587911 221.91308000545325 53.67528565736632 72.33340805216426
760 25799.345600128174 82779353.12756696 -67.73176180636295 -67.30330300125708 99.46535932313401 212.3911750790732 87.31616025140212 88.10846792867721 221.8532585834481 106.11999191921836 132.35492582174913
761 25834.504851818085 73689655.68216674 -63.49913580059528 -135.1738919773462 86.35991356748973 176.4601813866077 48.92989011521173 44.82843408214933 197.08717074913943 22.104625468937684 33.93881954607696
762 25867.981703042984 76108455.19003825 -52.918545936171625 -136.95633754204607 86.75779156962328 210.6791704779539 55.896643529235334 25.487808742213815 153.9224273451208 42.30789085338847 47.68390519761999
763 25902.56824207306 75363571.22365843 -29.17524798871065 -83.08458989289055 32.533326437575795 117.13849865178963 15.370548481538908 21.90268210345232 109.96794439351208 58.42092110930389 67.38017747707056
764 25936.40794277191 77792178.67863405 -26.332212767636978 -66.54603108046979 52.65168374259323 119.53510903394204 4.8354693106734645 46.63860247198795 136.58784687505158 68.60319258428444 80.94997478378355
765 25969.452687740326 89022632.49522808 -48.96992988658317 -65.38147588840997 105.13773350122926 210.0707222191489 66.38254380207285 79.06416327965087 192.9857451291531 150.1060568289247 180.60940658858158
766 26002.938186645508 76010321.39259712 -80.73922823373216 -154.44983737346632 85.39099715538 222.56682444554855 59.883015347217736 29.039611679102222 174.16120107752715 22.333687628277403 36.9347767632695
767 26037.073719501495 80971357.36362323 -49.617371674908114 -48.93398736272026 79.53459311857387 146.09878358785778 51.568160800575605 83.57265440488402 194.50497488301164 93.2785693349449 118.42185162038538
768 26071.507421016693 70300082.23621169 -28.049660131656662 -106.80826220196626 22.75114398524387 127.73707524966537 14.476441515358747 8.386572164668621 83.34647297113497 18.61057439670651 32.82479657499425
769 26106.18273139 78602164.90776819 -18.402363827731197 -74.99263468226678 73.40990520971948 182.23575516505434 46.00302879569836 54.21259657775124 150.67153123802711 75.14474726847038 73.76169338047532
770 26141.07745051384 75236975.16721098 -66.7917020313189 -139.3557439523891 111.62166561863773 206.49677268496765 61.93098911385336 44.638463188471405 207.14504383648818 35.03960137148147 40.86247064997906
771 26176.677802562714 75922347.95154744 -6.417429828581458 -99.7108265155539 72.41796949343679 141.61419635346547 18.344069812804335 54.0976164561348 186.02821215495385 38.000745651026705 30.388768260163715
772 26210.336674451828 70799608.23480986 -47.04892424046929 -124.10948436485263 56.91399892310862 141.20792961520502 27.080530622361444 27.309069590602803 140.50966901215895 13.683024594029234 27.544297109152353
773 26245.084344387054 79203084.68142743 -44.38720609776997 -95.16696572852904 98.14297225461934 147.29947096374647 15.301481821125059 68.86120565804617 213.82121924680234 72.2854582671905 80.52043974229866
774 26279.889411449432 76507697.46837156 -10.811407378603828 -78.76112684037247 43.16344171648071 125.14628431578193 3.0392775505709038 29.337983564586693 92.41640503759561 66.1063181370281 82.8335010063264
775 26314.621763706207 73296069.35590068 -19.346367848759954 -101.72993837587303 49.32457009561032 117.7188811362079 12.704643604069926 32.382551980565154 143.1201361214056 25.89322456168202 29.49489947339316
776 26349.577077627182 82780798.42683281 -79.03491102411317 -111.08145729617236 132.88134223388903 277.0973181135048 126.05512554099641 61.62404663316909 216.26721595141976 94.63991465280856 115.47104214960575
777 26383.71991419792 74626253.36350608 -36.14492066020634 -141.6611091713962 57.579744639791386 159.15482967188055 54.190645612095196 11.96358901789796 153.5541509839934 22.25658136803213 20.631709679582286
778 26418.611956357956 84206805.90460952 -63.16350103419583 -87.72529054168245 109.72490747763763 206.66313737301135 86.52824538719193 63.63416220168051 207.18961711575741 111.67730614092807 137.4631797582906
779 26454.034833192825 78712860.36346579 -37.45322101568921 -97.04836554442504 76.6301346229356 183.67180242967092 67.29250095960974 37.5060819896313 158.54959754151855 67.27388956756135 83.73311526638543
780 26489.0781621933 76024225.29585077 -43.294617002721694 -106.5924731192373 92.93615193548494 192.48661298931614 79.9093034631058 41.26124996259932 179.35920078680078 51.3185131618834 69.26963190438732
781 26522.89670586586 74474572.66925393 -28.023270933490274 -112.73609699681715 57.11480264175462 145.37157480225454 19.748264635164595 25.949142101721577 108.8322060467359 39.19238076316606 54.127637584437366
782 26557.087902784348 70973773.57687874 -25.703389846108102 -104.31687620866381 12.974211426435964 121.57045849897088 1.5689654625472311 -0.36878842528312816 61.58165729856137 29.756172697479997 42.77268019581663
783 26591.77132177353 74241899.74553007 -10.619023936172127 -91.28053447963167 44.15520331512934 97.19286065963317 -4.546305829524462 33.753532397218464 139.24593258156187 34.343316383919614 37.86460278008201
784 26626.30627465248 78515797.01898363 -62.71751364518549 -170.59971809989327 140.35857382489237 257.29554141229704 115.08602594039638 50.33874981089059 241.4301837711073 42.33178436934952 48.993281522579764
785 26662.505427360535 71843724.47798637 -22.01129728529609 -87.70017543031706 40.43913055108162 129.23778571792698 -0.004239661431287622 24.124964709007145 88.79529040733405 33.52611233766174 47.68238000709971
786 26696.470220804214 74349874.78877138 -28.38490554691465 -135.68226928864567 86.59806955362305 149.10899924470436 33.98920921422754 44.81883405985866 200.464097196093 5.7594158150049 7.337499849140727
787 26730.419650554657 75506557.30864944 -51.708066103153804 -110.8790254862358 70.91897267716237 136.69362225494788 26.38363374424279 46.73346447233905 165.02433902260168 56.576827983219914 73.32189100680648
788 26764.19725728035 72518298.47228758 -51.06182264066452 -141.3192748873253 41.61105989160255 128.69679471407278 15.992963384557253 3.438960777881107 114.49113331874582 7.759861472145815 20.463545129075897
789 26797.8887090683 76176694.6955403 -21.764563447855718 -74.47100728489245 49.87122618099229 139.58684430998818 32.00909259378263 49.216261050343974 151.68028297839942 56.20721075308745 72.0220635390375
790 26831.080461263657 71413312.23576842 -12.370579154574816 -96.37886816221597 18.528783603897125 78.85168403893034 -25.841849871877905 15.812752650239418 75.1764086907018 28.726808939319767 38.527516706731944
791 26865.297029018402 73991797.01791243 -66.61926756198605 -133.66742430981492 71.90712162224565 177.80586945657717 53.96682348159227 21.675578506008378 151.72152481560954 38.10772205075318 55.4732526145184
792 26898.95074224472 72029364.94119692 -3.49502583172403 -96.08446754900127 44.451125595223736 112.72650613446632 -2.0823178305820775 40.10379866898825 137.4769961409496 24.253106757641717 31.202942812069068
793 26932.555133342743 72375997.43377508 -66.12085965905051 -162.22475498868707 92.65261042941566 213.63642596032582 82.25901724429431 21.143874939445368 170.39306290020124 4.913985671186538 17.077739375071474
794 26966.60219335556 74382626.58558866 -53.606938607432085 -128.43200604789985 66.20179727889148 192.49185976083132 43.874631748870456 27.066311498278196 145.48299579446666 47.50673790138012 63.13510386196526
795 27000.502100467682 75739719.99455866 -56.9101131909805 -125.8754116610385 89.48609679445794 189.74655857202225 53.77639094269279 23.95837835389807 145.3420327008189 50.17587111409921 62.773279454031126
796 27033.78399848938 71078112.80529505 -38.43024319165747 -123.06858952107225 53.73335501496157 188.50377460207005 50.718271271378796 14.085907482577909 109.2690124713123 15.502022546665557 28.426090551482275
797 27067.610471248627 76348797.35171965 -48.72815280731825 -102.83645069033315 74.25958513802716 130.8097732430024 24.625565534924224 41.86044220299618 165.87082205690206 54.86437291638856 60.151884668687785
798 27101.766252994537 77393254.81698702 -36.32278325691316 -156.54142334720333 99.82389231821641 202.18945762200173 63.55292485416298 33.29718317331833 188.92388160352152 36.85556297499522 44.148124787467054
799 27136.330791711807 73552715.15975104 -28.205495784657458 -98.99599096736536 55.840842953753665 118.06989348514105 11.718039545656046 36.337391299671935 139.81004643698532 42.02338578146521 60.06759866803543
800 27169.860169887543 76332009.38183542 -26.36838477834972 -76.66193420053605 55.03916889382039 155.0682602285736 58.77489464965153 50.45778556844243 161.3964455862067 61.515036487179714 82.37458729785862
801 27203.228840351105 69938957.33525386 -27.471108796317402 -116.75400186701164 20.4163141286888 123.1516132734315 13.967907125467377 2.5255347272345716 81.20766249867859 4.671672532021603 15.695082417395838
802 27236.9855864048 72420021.63070576 -39.95453161778067 -126.96890247564987 70.50380699151353 183.52208831064834 62.68843378174834 29.999683650943894 158.39445000964213 28.955570501207035 44.626137229719575
803 27270.988234996796 75870899.4672635 -60.8832711042267 -113.49149634056448 74.35416097218015 165.73216999124008 18.161874769903044 35.41749282060448 138.08513982448483 59.13029630629501 79.639850187859
804 27304.173324108124 76167057.4768812 -52.72243321328322 -112.77440344065829 97.40120457909809 181.12950028592124 66.55506241510139 57.2635970282588 220.2366851075509 51.34110158075339 56.4702527677573
805 27338.860008239746 71110802.86031926 -30.185891774085114 -105.26713253787213 28.68516494483628 105.31925536907697 8.852508078581733 10.900800916467063 104.47777038407969 16.82026985471748 29.482290193049266
806 27373.32680463791 71667428.32484601 -22.498167354753914 -110.75596876322457 36.5111824414325 104.42368659381633 10.967492002587148 12.993574578010794 119.85737334055216 20.404007420765765 29.81765857762514
807 27407.865608215332 73853650.02471682 -7.976733082126778 -76.34753205188181 50.17626277546567 130.9050635351091 26.68238889994808 43.80986235432806 138.0856916647915 48.24100994294281 66.2657724087004
808 27440.771456718445 74076222.25789163 -36.920795269251165 -110.8475403358457 80.57629127670376 181.88172973556073 77.72712218389597 47.59180521313692 190.3980153580942 43.63186277611578 59.65231333686074
809 27473.62500524521 69448867.9556075 -31.875991908366817 -106.56190920924645 15.359529128291477 113.20910553137004 25.0758896068904 7.044522940568925 92.14644266502285 8.693571993772593 21.309457016178612
810 27507.116724014282 69427450.40155253 -47.17385777727983 -103.04193822738812 25.902249976195865 80.04615328497222 -0.8794202758166922 11.708022644953076 99.59937033381368 11.285257678388973 24.505187299435306
811 27541.03510403633 72927182.58704934 -47.882403545956066 -101.89897387128916 34.51066597345657 109.52321577526985 -0.4884766390905577 17.240519069254674 98.07767291788639 31.635227489012095 45.265339580596674
812 27574.375799894333 70300281.09333791 -43.23595495970014 -118.55833707336254 24.155138004803813 110.98828072885095 6.199147506960682 -0.17164417941103238 83.68912488505407 19.336216117475033 33.71374303667267
813 27607.91179394722 73541404.9873849 -42.268346776972585 -102.74350205052689 35.53046914100198 142.2011889951828 16.512141161409744 15.132287304577858 99.40335860560015 40.045487377083305 50.73642879531485
814 27642.525748968124 73334736.71611726 -15.945912117589334 -108.87682693297688 37.301974612886575 82.79711241982251 -5.544295862410643 22.775876964948452 136.89523282256187 12.750744872697396 14.236874132351431
815 27676.98494386673 77765407.88473138 -32.04762179254594 -86.66066272823743 73.12333518222435 150.0131213432776 32.76232931221314 42.29827982793495 136.38382990967398 70.52512493157076 92.2184220194556
816 27709.098025083542 75590834.22824566 -38.20850902966198 -128.5371203862459 60.94083834747832 109.07935308108037 20.72508285865477 28.007408670253085 158.11994780453347 19.83803220769005 31.55187873603836
817 27742.555488348007 69859424.60018663 -96.36923976798155 -149.35837278763663 62.920770157542364 168.94950553868108 69.32604864478984 15.629846838227763 163.9458478546179 2.194292381383093 14.09431353655441
818 27775.88835144043 73391307.97438802 -70.37435604181276 -118.144208305325 69.65277577041195 163.6502389355736 61.83283755569675 24.01474275603823 142.37334976854322 27.991983911430225 41.21726935445088
819 27809.9414832592 68112740.61091083 -9.360715252147989 -95.80374744189801 8.353020398536433 92.20454235063892 14.066162047515505 5.4788232850636405 78.84225220504277 1.8921078004762535 13.238997086017207
820 27842.71593260765 72981683.76763949 -23.35309736497227 -130.97256861484513 53.27309000634232 131.16608489058996 17.05155334987117 9.853967367509085 108.98666390489666 16.082556193303162 30.262249064084813
821 27875.829721212387 71031574.23318021 -80.80736546500081 -135.64565425238314 69.56689119370645 182.94059267178204 61.39872329431143 22.30670552036338 141.50777260246105 17.343868362826242 29.771481191570274
822 27908.16392326355 69519280.38786027 -53.778364952049984 -131.58263619590338 44.203594211807854 141.65855476024979 30.907535360877677 15.854547537071085 115.60484283404992 8.486307756784015 19.77608690951115
823 27940.380527734756 74310510.7562276 -65.01232023093054 -103.66263713606872 38.631767913345 107.08421506113288 10.444367403057356 20.504663207063004 99.88067740874249 41.60215495961677 59.47183049842931
824 27972.737780570984 69782471.39935817 -81.91865495570984 -129.735828049523 44.62254974657821 127.86125866992259 31.996376096052217 8.65829743257035 125.55464909694831 9.151912058709286 21.31551321856398
825 28005.584518432617 71529525.39063966 -68.7231266728985 -114.13339290062007 44.54331787630325 117.46850318111657 6.5948626866840305 12.865105792497275 100.38455830036378 28.093305464789978 43.22242073592861
826 28038.57165169716 70528748.43352738 -65.74698452256314 -120.84441992525247 60.233074082892635 152.8522017921166 60.01253827793294 31.572832907527868 151.3571740190639 11.560799672308463 19.34749576616889
827 28071.307488679886 70593201.26811647 -46.351620445167974 -100.36643320811618 17.783382100145374 103.94773920349272 21.149091908577635 14.875715502811317 96.97022792077985 15.854682689237507 30.00684136602399
828 28104.486071825027 74843604.48607889 -77.80125890034748 -112.5994295663449 65.82777429483 116.35126081206727 6.94360822960541 28.47442863912522 131.86316605698062 41.37943869185631 58.72276392010724
829 28138.10656619072 69708583.42173173 -18.927503454815046 -82.47084909283178 2.040209211635254 57.92182589192715 -40.48889880748219 18.989627716142763 71.52744781558249 23.656694954774707 38.11951890171679
830 28170.951583623886 70865229.74261877 -50.81425102659708 -117.50494832276922 33.509849313106535 91.7746631416758 6.937608888458364 9.90132453197009 119.5869331091451 17.306618900688704 24.801704181461673
831 28203.35379743576 70149939.2676793 -48.661645473804654 -101.79565955327719 15.558710005065155 83.76465654124348 3.5660045766432606 6.1814481887452075 89.6636198362379 18.39639155395014 32.044966231235435
832 28236.128808259964 71647978.50141034 -111.92830327542278 -187.31646059572685 88.19209923244875 220.13982927790727 115.32300894331357 15.442459583662753 205.70659009254064 4.220879534330322 14.07899011361394
833 28269.38284754753 71332628.85243805 -101.20459408247983 -160.3689921486093 96.39238666426678 190.88368654442002 80.49669220888903 30.940559856279265 206.4758714927441 8.475386978219888 19.334621844336084
834 28302.561378479004 71030264.82620153 -20.051299189529164 -87.93237188464643 34.865341711803964 100.62798522214041 7.62535441723503 38.64432450965592 127.77205444275387 22.78998831253989 36.224942797027666
835 28334.65508890152 69822685.8707856 -37.56861367626286 -134.17506803353243 4.448354310620804 84.9669804430645 -11.035782612631571 -5.275480065924967 81.8539558908194 5.4767800166154075 16.994984953938
836 28367.387441635132 70735008.66784652 -91.43497650902518 -137.03308097170157 66.18852609749494 155.79248383221235 62.683786310501894 27.007750243943974 179.8605245808078 13.56819559214307 26.49617630256057
837 28401.033035755157 70488537.90847579 -67.28147468519094 -116.73824528284122 19.711320662204542 86.19140675555063 5.001439272731486 1.324055153310951 100.0061307975941 18.26271434167552 29.465385532343134
838 28434.059690713882 68924826.7778671 -12.309056176714904 -80.35863644732858 -5.288097469551275 56.69745169420495 -29.873513326778316 6.321506218654406 44.13414084813439 19.176297378302593 32.371171369778494
839 28467.78098344803 71120153.71813112 -50.77638583030513 -113.80039154020754 34.85976737843491 142.99129662238352 53.94357262565004 9.727393943961886 121.23323933092138 15.16518013302857 26.35526509465683
840 28500.637192964554 70004453.73136933 -17.90846715250778 -95.45096440844819 42.93597263060973 142.49176720445342 52.506973874843226 25.552694709968364 114.80461011248951 11.9980550868911 23.276891857154055
841 28533.758677244186 71085928.45035833 -73.66535963432587 -161.40639442122782 65.1234509622299 136.4778301848424 42.366814040864746 21.723966764125862 165.41998606626612 0.33066967311089 10.205366842342755
842 28567.510719776154 71511102.46310505 -28.239382314060943 -104.45223843216401 33.27397695454348 107.51269325320989 6.517899890133832 23.211048456916274 113.54722619291715 29.069933440998625 43.331469854040506
843 28600.367474794388 71234406.93533354 -19.93380032818545 -100.43877299610865 51.849517793746415 111.25850453045884 15.700458924953947 36.599611728809236 133.1824406585497 23.146222896176482 37.73679952162752
844 28633.343826532364 71188053.39431064 -45.3106363294399 -89.1248560765982 21.74555892993801 104.30841237908841 12.48906542442637 18.64538209476268 95.29449379537346 25.07145664354573 39.47363103835755
845 28667.03520178795 71090151.41615611 -55.21104377314434 -103.64369306013148 20.450966224861336 164.08620183739 49.332834690021656 2.533644348120788 92.614649438215 32.89662962742182 46.44890792444539
846 28698.95663380623 71213525.5095685 -19.837133706251098 -108.30940247826088 11.220683573978004 102.46093901724882 -3.72519017973309 -5.002949532472826 43.16444740990937 22.229169522713164 36.01140400092186
847 28731.548631191254 72103146.05668397 -23.69570807599183 -62.628181877691176 -0.8047422103749966 85.45663337264078 2.639714762205692 19.636696944707296 73.3418187100242 37.526147470786555 51.44111988940085
848 28764.744036197662 74276158.73060173 -52.65292464280192 -74.55111245878273 23.76109472669235 86.03412750269275 -13.629380462647944 29.029553077270748 104.75792827888154 50.229814261594925 65.91825003956887
849 28797.66644334793 71380150.7434404 -92.02164557465969 -129.60114168523685 55.20744301752467 112.30416234677473 26.917782336431515 15.61940445989353 137.5449706235654 19.341715360905482 32.789427530691114
850 28830.13463330269 72634711.75897628 -81.96916848174997 -143.06108367634272 77.6449788526983 175.14258307455847 71.00648646237894 13.822635398046032 154.4294808414927 20.332819548565567 34.31383933749794
851 28862.799968004227 71722892.39284977 -41.08932048071971 -108.47396279805474 12.953278925440735 107.35066248083214 0.08870712787708235 -5.750706898729959 51.114646556954426 29.63630160115656 44.89016019275198
852 28895.522540330887 72829492.58746469 -32.755573481537695 -109.6045388680269 32.157117868647234 130.56066209580698 19.744752825863138 6.031601638009761 72.1579826401229 39.21891150717147 46.195144183993534
853 28927.203334093094 71119885.70210937 -44.65185796171558 -109.9625528059418 26.456008767456876 117.8627026061348 31.807657381509138 17.6627593075159 121.19547417684782 16.954109311110642 29.008939414144947
854 28959.56401014328 73728151.06604062 -77.79933664036004 -115.96847463131304 63.37124091555209 147.8054894395708 30.382500310502895 25.92499044516444 143.92012873832164 46.19531990171549 63.944352465003476
855 28993.680705547333 79594177.29402785 -54.63483897787691 -87.9267675374764 61.63874709563664 179.62831786024563 50.418956748127464 29.593637150601808 111.36891855037823 84.92009352741479 106.8277865882452
856 29026.467220306396 75489546.64040859 -55.05912514797378 -140.7365823606338 67.38921025993852 156.42695009703135 54.24090541136675 18.999926799812897 152.4581863505539 37.97581698711474 47.65785854643332
857 29059.131275177002 70047522.8532772 -53.26401633865836 -110.23716421407248 19.590228101964282 116.1426811215776 10.63715905462922 1.500405208374275 76.6244186966245 20.58116892461362 34.32904201078293
858 29091.611344337463 74888490.54535307 -15.86599588066709 -51.08630922659056 0.04268447940297193 72.83381404626158 -3.825522150378978 29.114742187614297 86.96558729918115 55.8140928299091 69.1072854341511
859 29124.5810046196 74895363.30409056 -56.93469456314305 -94.45429115848727 34.54766294822201 128.3396209177261 14.322917174744504 13.498995225591898 84.89967354740179 55.497943029909834 74.01218973205005
860 29157.048868894577 74565608.75719355 -20.897492052903974 -88.8059594526962 17.8153319109228 96.97899556684669 -29.906455405350037 9.516242205155265 58.17394219237667 50.79088332529352 66.44401715903973
861 29190.353886127472 72595617.42150551 -64.06861031459631 -143.76807082892583 36.78789829026735 128.44115243249092 17.316897113375198 -3.24802496776681 111.80252586554536 3.6080571562361 10.531075459447777
862 29223.177416324615 75821758.9221154 -61.965462399703924 -103.24598250860255 55.49941386733541 131.22161011074462 32.489264349611446 35.06423590612303 157.28720453570907 56.33697787837514 74.56271352471879
863 29256.93888092041 73927524.73656824 -2.642802692253337 -55.656851068728756 -9.155110512678881 28.006342126296822 -54.34681382292769 28.32629075409693 73.6206912927862 57.218265963751946 68.55069082292357
864 29289.796183109283 75108111.61449961 -64.4625195557242 -151.46553465223997 76.64737398186757 182.4301674535718 73.72186223562707 20.01689503119735 165.8090047164111 30.271300538481455 44.32789367309351
865 29323.09706234932 72282364.16635041 -47.904713576485534 -132.6421228797325 36.723680592261324 148.42364103529397 32.987774478578444 2.9077443888747325 109.01708649895568 15.918509705990118 27.0652047950025
866 29354.944942474365 71698625.42743698 -36.042275366527704 -100.0655378589394 26.63033399476267 101.77137193437017 2.2963987472459158 6.4237264455678655 72.2332820938816 27.87312483176379 43.34595373035586
867 29389.474115371704 71021792.84490645 -105.13373343422114 -146.60691267791938 65.41608768694725 181.39906479906196 53.92436863106462 5.671797265488124 127.04188660776208 16.00243784394206 29.371124100667203
868 29422.592843294144 74102698.25257324 -45.893671319816505 -158.06984284761782 71.09314604752701 137.26169643718154 20.7356550377582 18.720770574789867 145.75283943157854 22.64404753429403 35.73464248534492
869 29456.878758192062 76720890.4273596 -25.04401461418807 -79.62973459085431 28.63831715597538 88.23383498833331 -36.12653337229952 20.16014905861698 73.83611447635417 62.694908450705384 77.75293704049807
870 29489.749698638916 71687152.92674088 -13.158282052366365 -148.5637674803297 36.37783698382356 129.48697969087047 -3.1113912201243847 10.88347974838598 106.51163799610617 7.352525712114016 17.999608272547675
871 29524.29395699501 75230533.65697476 -61.33242791426032 -138.30208555007155 78.88067127442213 133.32364872149464 37.545361393697135 42.09104961357343 208.53121381612073 21.01707424690835 31.168689464370345
872 29556.12093448639 72435052.35300553 -11.365520019930555 -83.61984139716326 12.78184629135409 41.51362513126232 -56.55733323148502 19.357747423222236 79.89562359278068 29.1903846654468 38.843382876186524
873 29591.25154018402 72618611.21221781 -49.92176337203495 -124.70539969662617 19.13772574515071 96.15501567759945 -2.2446716020993365 -7.478311673713961 74.89951956845812 16.213823915426246 28.655787389955435
874 29624.90709424019 74739940.40125675 -32.035402657582544 -120.5190598610442 74.21747992053659 139.06296530002848 15.902853606923847 39.98389845235647 158.21891741817979 36.04328219185038 51.82532978708241
875 29657.18826007843 80075983.51052119 -32.33587553371948 -44.5059837609047 9.894987629504193 108.18868154922342 3.4758589300683926 28.697200035437618 67.6837837499886 104.55612714663175 131.41921367093437
876 29689.507539510727 73345738.7271035 -81.01719905829441 -144.6287875089761 58.57766763091612 168.8228219103529 57.37943454171768 9.170463259817495 147.88404096277748 11.346970603406362 22.351501833023235
877 29722.128967761993 78357152.83121493 -29.4565808692403 -77.0651832680997 57.30777188542864 112.51745727035362 -2.0001949064017523 45.10237719588588 130.82417042403188 75.6279362059787 87.04062907904654
878 29755.21244072914 69449496.21140182 -46.37037568522586 -108.89804080412253 -1.3528849216018202 52.61421341000481 -45.06540855005931 -6.655954402845168 43.69889596665098 14.170657527959747 28.179596073720177
879 29788.8776409626 80881279.88859485 -11.474502621226454 -33.868016806737764 5.484854048400852 94.02336117313068 -14.208060723453599 26.835277197089567 46.774816316553824 115.84523185981311 141.93364210530353
880 29822.191656827927 72128848.9357101 -59.22903506667811 -112.337679165083 48.60771245947995 142.4027309602046 43.67795173579177 14.280544259089652 129.5401239292488 28.69599624763839 44.62835688733287
881 29854.937185764313 72765818.3146991 -42.253222042769536 -146.28512841393425 34.555205495249034 91.6125097869124 -6.137824346988815 5.292207594512149 115.34060191265417 8.79234879992714 13.203566494820961
882 29887.69877433777 75699244.68802965 -5.459018697830331 -60.91537782751812 1.8076462560765805 78.34383696420609 -18.05710807098553 17.42748933002656 58.83807362255379 60.254557890766364 62.70338939245676
883 29921.02741241455 70874893.69066109 -51.455377155494446 -106.89612510839746 5.969732335492157 106.14434077906921 -2.6837987199351874 -5.659101186115038 65.79022091790227 27.59849029326108 42.13973480904258
884 29953.520559072495 75147113.52690785 -40.226380927571114 -123.5473694897702 26.603851867215692 113.38236586944727 -3.8465085074479104 3.558338090907057 93.46523542590774 16.589377435598294 25.66918328168697
885 29986.063722372055 75238735.21189843 -59.74814491243976 -90.63247778105081 31.630962998987552 126.72431641213387 13.602748374968606 12.154087026814295 79.98755877022506 60.07457028096144 79.47540810732073
886 30020.287840604782 69192667.82788202 -59.057607630566345 -116.66178290984872 9.998784442257225 99.19069209251316 -8.276958416929364 -4.610833700594867 63.25418561376375 9.559797327328681 21.05837825820697
887 30054.24431371689 71833443.4373959 -26.44960726632265 -141.89061935497665 36.53811223259213 73.5099286976441 -32.02792814274837 13.743625444852455 124.22936962142205 -1.2699431443596154 1.9823554807075539
888 30086.768334150314 75412567.46082155 -59.87574981675769 -118.67128104404965 76.21508541379504 138.61518901994992 11.800689125172086 35.023330099125246 154.1769464456586 44.4525904264068 54.454354895317124
889 30119.85446023941 72898798.93978298 -60.1390007738991 -121.45883845202192 37.354320816514615 118.03978880036755 -12.916370827556971 1.440002099626497 64.79466538495001 41.65288762431044 57.978377525188534
890 30152.254379987717 70583123.09614503 -56.254322899879575 -150.16233150005326 16.185235885797503 101.03038581680183 5.432877827613359 -6.886265527681189 95.15900173959835 -6.425368579203621 1.5675121769249358
891 30185.570051431656 75657419.89824979 -68.2932263483244 -96.68029761971738 45.832651160039525 170.90264939024053 77.31510243339287 25.02402499784114 135.52596930522338 55.38741359438029 72.9591450412097
892 30219.235178232193 68344049.78648934 -20.258306814848435 -95.38578445689728 -23.18959797324873 72.87408875491526 -29.82512536583282 -7.872568478454184 26.280279251665434 10.33882298019978 23.475415463974173
893 30252.736629009247 70784777.0547514 -42.29165558080999 -142.65724836477915 10.246889175348471 95.21886509305007 5.639497479443419 -12.096209480734274 86.34680304870801 6.633645245907758 16.697331232786837
894 30284.973725557327 73262814.28947814 -3.6316031462693523 -71.23019759902819 -8.58336381226048 78.91871332851338 -15.886732473919501 8.081807582449073 57.6904955698119 44.104200643926106 60.552618315160885
895 30317.095349550247 71616283.13621868 -84.44766076041876 -163.18208879310703 31.99398052851644 117.42454101879652 27.400870898243376 -6.488255891522385 123.14340578702149 13.864025353226907 27.853762689985956
896 30350.180812597275 69498724.12457697 -73.97728408971754 -125.1673113837477 19.603629593722644 81.09236343631211 -16.317367546705327 -5.92177372264257 74.27202049089613 10.024919755303017 21.450178279008924
897 30383.0944275856 74104583.19837777 -80.95331775277084 -118.2336532221851 66.96099632124726 162.52074449852034 53.33793588037832 32.344307612404464 172.4437990362709 39.88038367939839 57.38991421521746
898 30416.204083442688 71061733.883738 -22.114470344812304 -98.86530124517992 0.2997533585036578 90.78062672716237 -20.70927710811084 -0.9134710413551943 49.17735619144423 21.34183926863716 31.498790550131844
899 30448.75431895256 69750409.54064898 -44.2098602377607 -127.7759965196201 19.296826627090017 122.86479311734826 -2.947465949932491 -7.792252900283756 56.694106175222146 14.4120944558573 28.44081520084592
900 30479.849309921265 72269013.75101006 -88.83414317030767 -177.57651559944844 55.64870612084903 182.12425050321121 60.898807117980354 -1.3415284265987566 146.59633626313075 4.365641809903991 13.529021468030464
901 30511.959787130356 72068975.63235496 -74.25836312746263 -101.55403025690211 8.838890309673591 88.58462777028825 -2.02938882270475 -2.171129684325706 72.69678700278155 32.30632494325255 48.424323541600074
902 30544.927952051163 69141604.81651913 -57.044908470182264 -117.07378770239478 -2.1300221663155057 93.74701686725254 -6.5244712254743105 -11.647702673706874 52.41023652268177 6.179421650406425 17.392530196451617
903 30577.990911006927 69608510.5728812 -58.582609841423555 -122.38644534312408 11.082969887031982 134.0824436107813 16.615053201077217 -11.165876626910347 63.585300508843716 14.761877510883437 28.409175455547597
904 30610.22521495819 69363963.72604407 -44.290303246474934 -120.6569969946402 7.553017333086629 88.20833404252997 -16.167547908511462 -7.030273197496399 68.01837307680216 11.439961162910322 24.987594689248795
905 30643.07022690773 74062390.7780238 -47.825066852947195 -88.17249859773835 11.32459105732751 120.17681372588444 24.520518918198754 8.895112424461729 84.78709905241499 47.0269147601349 64.25867269666537
906 30675.858616113663 69879274.08208857 -11.265546132764769 -95.91403543795056 -11.45870847844649 33.11901930739367 -72.93369185911459 0.7985831871563391 43.30094533099657 10.487007571283243 17.13971349114877
907 30708.679352998734 71441271.29000938 -65.02370643590622 -151.34601176478915 23.44538668743308 134.4857014220503 41.374026676285695 -7.199617745573846 120.87030114210017 14.00365800964937 27.834323392678016
908 30741.884271144867 70791539.09222646 -59.60774121987696 -117.39632439860344 25.774716722999308 106.47652714502907 -15.416625865113776 4.487852435132027 82.0679516806573 16.86160416152859 31.055528141541345
909 30774.86183643341 71976495.78242502 -46.91058787837145 -147.5591068374097 19.42058266762206 125.38034230893913 18.901748703267756 -2.733664859062685 105.39722420516307 26.790929276369525 42.096955731016806
910 30807.559540748596 71603501.41063538 -43.80420433511498 -102.78017704064511 13.745162731728051 95.0580872109778 4.536238578718619 6.810661539678449 97.77093387922332 25.2203595491153 36.35336594954799
911 30839.533200740814 71661121.36202821 -12.773336218687003 -83.65383529222935 -6.413148582739645 68.16366100115727 -27.290743556705443 6.558863154643689 61.04492488555218 27.07272183549162 27.158232361553587
912 30872.640914916992 67756985.11064854 -62.128854502853535 -142.97906572323862 22.066212429566484 139.26178543663264 23.325197162131072 -9.275050873044336 80.40370728557798 -1.5792813486199861 9.169741750274056
913 30906.168130159378 75989211.01839936 -58.94156831249506 -154.43317421367917 47.51982596966866 168.52207691044998 66.47682985947608 11.36736951893215 166.33130919411997 47.586164350184504 59.969258895685016
914 30939.64831161499 77219050.4499176 -27.690455702084215 -69.85338136970098 21.55465361149203 99.14150762920083 -3.0683259184858525 27.250068532684395 100.65867357356888 64.71819792717486 78.45248135531324
915 30972.32942175865 68974066.98512517 -83.31085505547388 -152.24219748866713 43.3055311019671 142.24494271407224 39.69418138112218 -6.013136162170383 112.82524810332154 -0.6716270405579507 11.117373486456643
916 31005.677462100983 71374764.57803476 -71.4378083498319 -126.10767998492982 23.18101044293417 123.5014672907053 27.531342268693763 -2.2140603563034915 102.90703159117936 11.400925501147071 22.24098724860005
917 31038.071920394897 74756171.57186939 -49.0983918778671 -148.6670671749079 71.5599500496489 159.74796108137193 53.90486444469898 31.90841411021563 188.48648525113504 10.726174736586984 5.611682725607693
918 31071.02927350998 73829513.45999418 -53.95144466814597 -114.31500143195508 49.85920234564719 121.3588881175495 2.706642159757651 23.456331499415114 120.20002284613417 41.18518234714395 57.867972638642186
919 31103.650892734528 71198403.77239151 -32.65091230092011 -109.70631223229377 12.245040615874828 57.989604440335825 -50.87671272919842 3.6256819333951853 75.32209994961511 22.397921332786837 30.485694445411127
920 31136.700682640076 70097109.51162818 -66.07624809824401 -123.93773858767082 26.43220118484318 138.68396809006651 22.4303387792242 0.8274757258640761 95.22936234664633 11.66938171076282 24.04431611321695
921 31169.832571983337 68882550.37373696 -98.57409646112312 -153.71673184349154 50.747739896155856 157.6135870432039 56.722773018468565 -1.5012422670844217 135.44839529581532 0.46025049448695654 12.55329870796254
922 31201.283506393433 70901266.3340776 -72.50561285101611 -140.64571862595687 63.9263805043227 179.91165316765162 79.48128521763269 20.66142702078605 168.5963332693757 9.871562962323878 22.18150429484524
923 31233.75629901886 71946596.92472313 -63.829925576587094 -150.40976501599323 27.016569546216964 125.62732558804336 22.236492768252415 -1.2230009515558322 114.97615428260315 8.763506973415417 19.956232867138965
924 31264.38620877266 72696718.58072461 -33.13354601176512 -106.79443322633391 26.542441555061885 127.3508639788197 7.779337723905578 15.298363632431347 100.96659956778888 41.79080479099355 51.49821325613766
925 31297.28923010826 69279932.61849248 -66.23999077826821 -109.83834021746225 -0.5662571253145501 113.68534535658944 16.795280654134466 -6.385004488011816 75.33143548123417 16.18118133850396 28.925745192269346
926 31329.94339442253 70225406.36964409 -20.834407936973506 -84.08013291140142 -16.160541886879464 43.457515844614996 -48.00769018732558 -3.0116776835009205 39.57273834134617 24.88659270644621 38.41520947877234
927 31362.467767953873 74790688.79627056 -70.67300119917617 -110.37540296602668 45.57549320365567 135.123375830203 36.402567581965144 16.546065647926184 131.12716642993144 49.524346836804966 67.62209257507845
928 31395.39061641693 78696625.841401 -44.99799546046188 -77.99365272208765 33.16988123502252 125.78193626655573 30.364457102850313 26.125290648799364 105.51910152381026 81.4679389877358 102.27889056158688
929 31426.96511363983 71080874.03547534 -72.70457116666428 -131.65421896530347 49.011069047519854 165.9105675388759 62.39901273226556 7.758109809921791 139.95768673679504 16.08247743129357 30.02752299199767
930 31459.285885334015 69897142.93275732 -72.42050164709836 -111.7279005808021 9.181036244975864 99.74945122629674 1.7052939533347988 -4.99326166571575 73.61086985686848 19.38825738365574 34.074835719106204
931 31491.719700813293 68804751.93908846 -35.96745228449882 -106.68415781198745 -5.91973807014331 101.19961897128655 -10.898903026340221 -9.544015140462477 50.42072049579815 17.03215104420974 30.849541910074322
932 31524.221977710724 70068534.61700112 -46.27723985058751 -116.3489518904407 21.102204994442467 92.58664626217202 -4.549631930049967 1.9240724919217769 98.81087189915445 9.780445662891395 22.0381603880154
933 31557.8366253376 72820885.48405483 -48.74354446569174 -103.11573714989612 26.834444875693592 124.08656134337747 2.8413538810508756 5.6372521392816 74.0716889008437 36.341315076125056 51.703290034559245
934 31589.487608909607 70292745.6540757 -32.1703536392177 -116.33801843327119 17.41016767150468 105.28697130958712 16.902179129145438 0.48033629398264566 105.43089021115588 16.25766727625603 23.534174389357077
935 31621.459811925888 69856498.54105853 -43.354622591611886 -90.91922256653837 4.495483143422273 93.01320343151465 6.308844408523697 0.9992737779077174 69.86193167798888 24.43622279823478 39.74978341137353
936 31654.343274354935 70812940.5636784 -99.44989456419154 -129.59461830008402 63.190811208959815 145.0097661195561 58.47391327402233 22.45874939245607 180.10112668232875 13.997585380208534 25.584979533503656
937 31687.080054044724 70080859.89067706 -38.7635894465018 -112.97087365753856 21.889628396297937 120.3063961449041 23.27078078965108 0.20335610655740766 81.28908726742486 24.69283909731473 37.49765056757883
938 31720.01639842987 68206117.96453717 -27.375776473396975 -100.1094512590089 -8.107413932088235 99.79000541341372 -15.298043558989878 -2.60389720422188 40.10249204229615 10.147193880772193 20.99071514337868
939 31751.589247226715 70010617.09494355 -24.170790088987246 -92.64572846986431 -11.800979797371248 90.98458699451464 -15.739922062875426 -5.678232152496548 34.0644741941004 27.08232982943923 42.77094848736613
940 31783.063371419907 72301488.40687467 -96.67841703886461 -127.23340224758394 47.994684914662436 141.37688499305557 49.37362484869462 12.23246966582758 137.31138843992335 26.337245379323463 41.46485786927235
941 31814.169020414352 68889052.64847897 -44.997278395475035 -101.41340331983396 3.2239230190981374 87.40096854472539 -3.60700670901286 2.2884088203628608 78.35762363807771 6.165719574567106 13.277516010478166
942 31847.167033433914 68599402.60665992 -52.753234502587745 -108.30449291803366 0.19642041910035601 120.59487178490852 32.49656638959694 -5.700075249356985 72.85495199908019 10.023040108497923 21.430808922358665
943 31879.465967655182 72442759.57630986 -34.447528826852746 -90.61305857140971 14.634867252748663 81.9630989867643 -5.441305924992026 15.47390714017422 103.9279188596721 27.18511828138287 29.53830720809367
944 31912.897561073303 67520319.70491174 -46.83581159910885 -118.57012621548111 2.523392758663995 136.5205993933364 26.640200727431697 -13.117248475713268 57.2628944373522 6.557532916329137 19.219969541489945
945 31945.2014670372 70026377.45086803 -61.7906049016686 -140.96378897263466 37.349772992470086 131.81106483292703 20.65246695387785 -1.3291567444856014 106.42212705650093 4.284404684596723 14.849439727489653
946 31977.843257188797 72498372.37504953 -41.89793960018285 -109.85773474312126 33.48007269029472 122.15663670244751 24.058190405013516 16.17097294444261 125.91228761147852 33.297126627959074 44.62647862981703
947 32010.578641176224 69131945.96717198 -75.13721558431024 -148.0097172093209 48.68134253446479 155.02019229567165 31.622539530752373 9.556876275723994 133.230194798537 -0.2862781389747511 10.569568807974633
948 32044.17515730858 75227531.05797927 -64.26267363528375 -110.47552082293774 51.068839083753474 138.87994170602002 12.268632535248702 12.38321805729231 99.70164312951795 61.079449904069634 81.39228257858235
949 32076.38086104393 72878366.20594364 -27.901430084718896 -117.88779790443897 25.846956502594907 113.64333169126385 -15.087268334507119 -3.6177824023297944 61.854954001538545 28.236407323149137 42.30337675639112
950 32109.20523738861 73068400.39626488 -10.162116771263543 -72.42383486972614 6.486538568851472 71.22477149821515 -38.83601700650574 9.51406663762367 58.63500187679267 53.3734262621374 66.04700142469721
951 32141.45397424698 67941474.33796898 -22.018503791140574 -101.23044451782401 -18.49658149744908 55.43810690755623 -45.87674711787786 -11.075488155880407 23.79708579083774 13.257667246341953 26.902374794906336
952 32173.326142072678 69772216.15728018 -24.483491635877627 -108.5970593114659 5.023133625964817 92.21891982729981 -24.9571448427655 -10.10375437116437 44.716416459275365 28.137523086797955 43.889591936124816
953 32206.008011579514 68626161.49043024 -68.53820726398227 -99.31550754023468 -2.982468624654686 102.24184434368922 11.1766318423943 -7.1223313744151255 54.569744330519484 21.265321684564128 35.50488083455468
954 32237.08927178383 67741110.45143361 -66.1589528075367 -135.9721712555212 15.53674617891419 110.87772156594879 7.398705777251399 -13.54319263935406 68.6706808106585 3.1829865890514384 15.361705450748673
955 32270.904207468033 72093912.30457671 -75.90115623512283 -115.58314927442112 35.06521331826333 116.25585078890042 9.697962408337398 3.0146004335236967 92.22221015851551 35.41211629004715 52.24962542070307
956 32304.522066116333 72993878.90245762 -30.30144082694928 -110.90281087696772 39.32117432576119 106.7827153930952 -5.563998479680153 7.206373829265317 73.39270980593437 43.93983807259269 62.357835714791804
957 32336.759590387344 67317725.16243985 -8.071424456422239 -96.69657676063443 -19.458152510094195 73.21008444624144 -30.116401334682966 -4.822520984997766 28.141476492403285 3.1426229684264513 14.403324310139851
958 32369.86501646042 68874137.44449893 -33.78305136873364 -102.49033636519235 -15.70303969887454 68.19565576341611 -38.34699465740937 -13.481506729165005 25.594642321225024 10.024369829618479 22.942794767337773
959 32403.543541669846 68903958.81114018 -37.3756268144252 -118.26611655321763 12.60799303404804 106.20373858921653 0.1645792658295342 -0.48946880177510366 82.3452787952732 5.503024291095699 10.963249296801905
960 32437.07542705536 70760185.85723212 -0.6205952353272739 -97.11712554197723 27.976298975889954 119.58720601267358 8.099479926340582 20.548408866352815 80.85089874291066 23.123608545325965 37.3325795284436
961 32469.576963424683 71519681.09324121 -3.1347458893811666 -104.07364072061898 7.819122655503037 87.52719645127847 -49.745709422794114 -4.332072532525444 29.161326145338876 32.127022717036425 48.54251215198178
962 32502.766047000885 67367252.606063 -40.93049234413001 -111.44123432601381 -3.8558047701502716 90.32307268242161 -2.3706951018546745 -9.934112717290873 55.9905110947949 8.123321475917123 21.162153185036914
963 32534.788290977478 67151380.74213268 -20.823452715727008 -100.84923888434597 -20.585311969819564 61.65760231085461 -41.991084570887004 -11.246543166066033 22.889949666027178 5.76518816091027 17.68570049243749
964 32567.95545387268 70908317.1374217 -49.68526536716318 -111.81798207561141 11.57306478812168 114.14448774049157 14.721266644343777 -8.432029182489202 62.714018989720785 27.588904410844066 43.45113312987962
965 32599.822420835495 67463442.48314336 -48.03305495490129 -120.53431185504337 -3.792911507868787 88.18759833158151 2.187436000730561 -12.3235481012793 54.32797812251761 2.7492821664425264 14.945152860786948
966 32632.86108493805 69813064.77692415 -42.133685888115565 -109.79611769208468 -0.8526101380642856 82.09727400444103 -18.010428797969336 -10.084381088858947 48.95155686709688 13.519927064561784 26.15340895069994
967 32665.361087083817 71255103.85189782 -37.08166844592583 -110.23848717391428 18.108512263243256 112.7997109274011 -3.385211769707568 -2.4911730246677166 57.25991770103235 29.07579501513112 44.88723901122535
968 32699.274626493454 71146359.37152039 -32.02550327973428 -97.52370489351068 1.0758998694816135 84.05541098811952 -31.319231488200156 -4.92055354781013 41.98012007892203 39.65401421052263 56.79531611114794
969 32732.1186876297 66471179.005203806 -0.41561402310658657 -98.94326863061573 -27.77868836740612 58.494792335417394 -43.1852046635024 -13.003379130880887 14.581843746992035 1.0555340326853297 13.151027728158738
970 32765.13900566101 71036105.18295676 -34.29300567085898 -113.33272149571036 6.423223299011465 111.75078218694844 12.731688416829835 -6.6109489525977665 65.77963105274102 23.109464735661504 31.856978930620244
971 32798.35093474388 71077500.18329054 -14.43287276149904 -79.8002896884064 -10.252865546136242 99.00647102871453 -16.685739440107547 0.3864431166703639 34.657089822531816 37.82347580403621 49.47343463498271
972 32831.83432674408 68172648.64308238 -13.71458136974292 -91.99939119690518 -25.5539147899702 39.588416767064764 -53.149581654283274 -9.058059251161467 19.97192280035597 13.847656838096668 27.20704821366928
973 32865.752141952515 68265881.85577329 -29.555276080425624 -103.18625923216872 -7.909270740649411 73.213981712086 -36.45300709813235 -9.198635308644839 26.741471860000843 11.57820895422492 25.10360460104198
974 32898.65731716156 69694479.69491805 -21.191235030693207 -113.9235736904992 17.93493897071579 101.46129044955539 -4.873386342241344 2.2366861549060673 80.46674089874955 8.28559772435733 18.155914946798475
975 32931.97098875046 67325595.74436998 -13.567337720527638 -94.7117410563308 -17.517480486507935 50.093185506372436 -37.92629826697528 -1.3242168272529966 33.220656129026224 5.050960134214563 17.663851000427826
976 32965.46317267418 70367381.5622425 -71.57779800686205 -165.10473932067376 30.23937227302008 140.86300943135356 36.88304638291709 -10.379623203448034 105.83946183663511 8.833034817992143 21.985257058248635
977 32998.74709558487 68585360.62242451 -28.54418369107184 -135.03028655022084 -10.656276183955384 90.82060833777193 -12.018328182559369 -19.06260949182206 52.91633989558113 -3.470312741025168 7.315935755476744
978 33032.05878829956 69933176.97574712 -5.8586517111020555 -97.21614258093278 -2.543635568866911 77.06305961462276 -10.930921470689487 -0.6873160185316465 42.570418605457576 24.11016802199947 38.34739345511048
979 33063.895995378494 67279207.12316243 -33.09157522621044 -124.86716854079003 2.4453905581433517 79.80536324351004 -15.70013135009577 -11.772878829731496 58.235545283883766 0.06393432993098713 10.822906312786813
980 33097.42532467842 69754222.72193575 -71.16614182568091 -157.10420402344826 21.926438405312936 136.86762778515288 35.200541831199686 -11.873200737958484 104.36169122797412 -0.9765657689961813 10.243934222519385
981 33129.6307182312 72539763.07881626 -58.86095921876035 -162.9491007864184 43.33896591216585 154.0980481839541 30.33458595710317 -6.376019475331532 101.75832045982463 30.176685985727772 45.94063104994211
982 33161.39164066315 72614207.16959243 -23.826730579301806 -84.0306926042685 1.8044193235999657 82.89103719008128 -31.200636795911883 -0.9008493220346168 36.3160150267214 50.05953880207937 69.0369566039966
983 33195.63652086258 69426358.6539549 -67.15925176292207 -112.03292211993816 19.203001828218067 111.98179712775094 11.351981037267265 -0.43800407786619644 75.12157787624744 18.30110105287099 30.68188753263837
984 33229.12597298622 69934120.88957253 -5.851618072257017 -104.11170436693055 0.4816452013358514 100.99399149055864 -8.546861856034681 -5.596649201098558 38.58064177465042 26.427800328486 42.28028223797435
985 33262.11594557762 72259032.14759362 -46.32427418830581 -166.11428364265274 30.49423913425196 128.84872239349951 0.6225861387606244 -1.219919972833452 109.5827746870441 31.057475641567294 47.392298008516036
986 33294.31583786011 70921503.42270406 -24.44929891082885 -75.15429778309066 -15.204190249887432 32.3263197560285 -52.2329446312105 4.212002280092975 39.69365852756255 33.785333505948984 50.416932539910476
987 33328.543085336685 70179037.48029312 -57.49138117658669 -120.14260416360399 18.691533267486502 119.74964441593622 21.572964693792866 -4.540670966427115 72.06682549650554 23.90398766822534 39.55104983122567
988 33361.99891757965 70415791.42986672 -15.84660173648397 -104.18773010475435 19.837420244521965 65.84997959517742 -37.247737189809655 16.563034060680252 79.79225874340716 26.970012856076664 42.47445525382375
989 33396.04874134064 69579498.43209174 -0.8014081402339013 -83.16621309169255 -5.472528156200646 23.3153201571897 -80.51618990813847 14.401021545844515 46.6521735169041 28.647263394715765 44.131301996609295
990 33428.836561203 73135759.86639854 -40.73063452533757 -159.09774752302886 63.26574376236495 149.0250497268908 28.70661872201225 11.992323159012358 126.99866212013603 25.78460489407314 39.51942634943953
991 33461.98133993149 78865673.91866009 -39.34654281338346 -87.42424825728365 43.75160705821168 141.94479119736417 12.469125758419557 18.02432635688922 79.99557442855905 93.67847255185688 119.04571165965808
992 33493.25102186203 70331191.38107078 -34.422251981179336 -110.65048147269171 13.57823355148087 114.89271190247406 19.22217243063605 -1.298119888568749 87.45193209783122 18.348148748816925 29.388106761636777
993 33525.7774181366 69335031.98026337 -69.96794554325584 -112.92312563854841 5.43397115470086 73.20322203706694 -10.174336829224337 -5.345989800600705 71.89437336439244 15.07965669748694 29.16394779002951
994 33558.38400602341 70037617.20529228 -35.9756128699439 -107.50019761106172 5.300391571793824 63.92055207763477 -39.84089636114577 8.470432221264389 77.37062216473419 17.09215606058092 30.595028896158738
995 33591.87562251091 70857451.07126337 -63.937760122378535 -146.72283916374087 26.378703676873958 114.11558752605501 14.358361202980978 -8.362418531614196 93.12095124019504 7.629322170566866 20.48749515407519
996 33624.875652074814 72795243.88332246 -5.4469905151894285 -68.49918338895648 -10.991436407106654 53.48944850639429 -46.344949489945655 2.900818924574935 25.157096263720632 51.783261247711266 70.78958428010822
997 33657.99743056297 71208852.50078268 -44.44662165263803 -147.83644765717767 27.208751844979265 81.79095869256088 -23.60441577360376 4.045432289480118 105.31013718761005 13.797503328970038 27.4583768559894
998 33690.576765060425 71142361.83008473 -49.750990655795434 -154.0131663483763 36.71746135716774 124.83020851543884 15.386264687649494 3.428584534246852 110.54811039287961 17.558621760617484 29.638618592684566
999 33724.34828495979 72195947.00140168 -49.17482106431018 -135.5605450580767 32.90549743617219 126.73220363729942 19.391106031161446 9.675225816717557 126.52203038989092 16.54958174344904 29.69191236823417
1000 33758.47921514511 73089150.00490023 -5.889612515914573 -80.64354756058293 11.163760188953937 82.47685748572992 -17.41683834530624 22.294625932618146 86.506611974002 47.82507236845208 65.59676111936562
1001 33791.56579399109 72804157.45983839 -44.89274817960956 -127.90898927505616 55.12191842899225 166.13472202710457 50.17709379795564 18.42353018880135 132.3661307040909 39.03728835072445 55.5234439895554
1002 33825.073610544205 68091922.69076052 -17.35405417745728 -89.655513877941 -6.692082606271306 34.0697151780484 -52.05081074441567 12.81934731389697 66.49214146863392 11.886754770458936 25.236983203253203
1003 33858.14627766609 69578051.57687709 -24.390753261965205 -125.43307856071219 4.961865878532169 93.39457101820778 1.0587149791735984 7.6447179161099825 97.99458682342879 9.063920759167786 21.64513632655246
1004 33891.13465690613 69711070.67036507 -22.854717897139434 -107.08276621393294 11.499690260484797 76.91801606004412 -32.95029080421304 11.537857359862585 68.62338817945204 17.01847996104766 31.64101959827542
1005 33924.69704794884 72671064.38172221 -31.73095677738698 -77.10979360784123 8.370221940632014 93.62236424784484 1.926693441211051 21.64240818221947 88.50645552760432 49.46357568303563 67.85124954370212
1006 33957.21999692917 73225903.765943 -34.08141623473919 -118.87474602013559 55.52284650340356 136.1795857251206 10.855232542513567 18.12620702038157 111.75488735976137 36.70856401765559 54.03455840712763
1007 33989.65597987175 69286555.9833047 -18.931556060484695 -69.98870069744963 -5.696381173827561 36.18554899238098 -49.92188826501112 20.83505408303813 70.94364056020345 17.92241782682106 32.44643362967895
1008 34022.45711493492 68692566.9529211 -17.839968885363753 -81.62674421024582 -2.747175115819026 87.84077273232 -6.449844263280821 8.216263615793196 46.59387361910217 20.501850515532624 31.33024675625029
1009 34054.95059585571 70246978.69570082 -43.579401140974284 -136.74593387630662 14.061747122990717 83.9847529197121 -6.473623641149924 -0.49655947488844276 92.60267568749771 7.832321990779121 19.28990872360282
1010 34086.94871520996 69934597.1070349 -23.497576124081945 -128.66686319439404 -1.7221221624360865 60.15386689674938 -34.1730212439887 0.3744490295247829 87.43822646676881 1.001170915132775 12.136026892955101
1011 34120.43504309654 74327539.50633398 -54.18456207011086 -104.49321352958776 47.59234825360124 170.64447579445238 58.97697531344424 10.966694587673828 94.65404856400278 51.74511337019601 70.19941313153583
1012 34159.38118982315 72584148.16452488 -26.586353939820988 -142.8389021262552 32.0224914394876 91.7113596236737 -9.086786612521777 12.190953028064314 116.06980941260588 28.78205605901462 45.22008279380657
1013 34192.30681467056 71866000.14534728 -67.91205162386578 -125.9732531137671 50.480663223057206 154.7155785471465 43.2128502055837 17.47911370047177 138.23037333022535 30.589376277956035 46.79472773590646
1014 34226.17495846748 69802182.00339049 -42.20211899070029 -96.43809785294066 7.999846730693044 59.00754792116294 -25.7560455117481 16.459429583414703 94.26074852230124 17.71392922953612 30.873363709263913
1015 34257.73551154137 70049259.64140825 -26.326435338341852 -134.0372699464412 36.18577421386408 133.42982494585004 33.888145989682606 20.20902669431291 126.92650330501488 4.316952613662465 13.990758755615389
1016 34291.06562781334 69875062.06187068 -54.74374266770326 -101.44599280842017 0.5207130150860024 72.05819924078752 -21.85197478171806 -4.8416222736804 54.20066597365678 25.52971435579184 39.93775675660902
1017 34322.934495687485 68949322.68838754 -20.702538957746505 -99.85041335111424 -5.130485801320539 69.41224128633759 -26.23543134200384 -2.1255638203897433 48.25389601124323 15.757658479224233 29.71915026364718
1018 34355.043340444565 69816130.57920827 -87.5814523584697 -131.6719685729879 41.860977316710006 127.81429131928189 42.34699474886063 11.441767921106305 139.0953345043631 14.539023441519248 27.36283850344114
1019 34388.201269865036 71864880.86340488 -42.19114258110347 -90.91555672964351 15.241877791963347 84.89297685612271 -15.188046509138832 17.98062087676999 90.32719164392199 37.68128309642816 54.18533442481748
1020 34420.66604876518 70710624.4365001 -41.985629778820446 -145.5890046838463 16.83237471214347 110.5697717152886 11.759434444628408 -2.6488709589604014 92.11044306414124 9.64088208666442 22.302134066606868
1021 34453.06702256203 68977639.86881144 -25.88672058150216 -75.04766112028223 1.722250888531434 80.0074407859307 -5.286615310469812 20.20521890247403 85.24093330512915 21.292672133225096 35.492642919912896
1022 34485.199679374695 72407863.96556152 -7.780248332658184 -56.588394823996374 -11.493917705650802 53.631148735197485 -33.09733011893773 22.820501202560763 62.00460321663195 51.98489004748694 70.970883425838
1023 34517.409014225006 67907703.9901541 -58.8829119209261 -112.0956215859602 4.105225914250212 89.52646599258881 6.34716310789392 -1.080071591708247 80.13350353610406 0.6891768435491485 12.302922471266925
1024 34549.7943584919 67931012.15257077 -7.03513777107514 -84.96143501828068 -30.994190882146114 56.06763121730913 -37.564042857943846 -6.46093804419769 18.176727161543 11.751390999222622 25.0601540333264
1025 34582.60614132881 67608094.93163373 -33.38689129205754 -104.44029959421202 -15.764512386793363 65.14526115334087 -29.99965682868605 -12.552043850469317 35.59512780751572 11.378064214065034 24.922474874909085
1026 34615.01779747009 69598941.55888465 -38.86793445067663 -93.33327207529793 15.63656432718059 78.87681268694959 -11.691102445314144 10.889691011415323 87.92825001563938 15.818563060525207 30.041194745768053
1027 34648.17425084114 69050010.69006494 -64.80119805606147 -129.8880966740699 18.943150010086093 143.03053434654902 31.803360320864236 -9.352370659062899 73.64515841862601 3.3247375603561977 15.775815999685165
1028 34681.132130622864 71469777.33088493 -46.00469485539267 -109.34819164034614 26.067018232325356 88.12389336722016 5.327663557478107 16.16285442710148 126.26130491204844 24.602102322270753 39.80207214501718
1029 34714.050929784775 70140324.22331858 -49.012812552926086 -114.16651361040036 28.439466443679592 119.76062566341169 10.171444044372787 17.698925673456074 117.85175392976168 17.90374852995876 23.020443259627427
1030 34745.768508434296 69715508.37131537 -25.144921035660566 -95.80357901385823 1.20279842600619 49.37293567712176 -44.68824601498551 12.641340302319804 80.47347352166139 19.074942001623526 32.7164220023127
1031 34778.35721683502 71172896.4481652 -52.40056022335629 -109.67523075868627 24.523433917264853 124.76719730056345 25.71433075208144 0.9994304690677609 82.36502435127386 28.44953686311362 43.825100092392404
1032 34811.980459690094 69938768.96199788 -48.17292049534676 -107.50476447201137 17.898378090451683 117.56499594761152 14.677338359826475 4.403114990412178 80.53118697624006 18.329955324928278 32.4340864475804
1033 34845.1585252285 71268869.02787994 -66.0385672390252 -137.62521851468088 46.349069457436826 135.366306023943 26.104141429176348 0.5014095136765491 106.60436129053812 17.89397899351377 32.28701797895508
1034 34878.04512310028 71177150.78303315 -19.40410552834303 -93.4442787676817 -3.5607448326433655 88.38839157060698 -6.339118127080107 -1.5730863161662683 48.97310918026881 36.57969148174038 53.98780766323421
1035 34911.25489616394 68858886.43109071 -58.968743088332786 -114.3302559777968 10.847914661098816 127.31980378572673 8.921347261748146 -5.625053931969944 56.59379009760289 17.49388022999949 29.946637466785205
1036 34943.90894150734 68443643.67444535 -2.0566269901123135 -86.74615050459576 -20.888943359422875 73.72747601504919 -28.443641548370792 -0.5991058855009328 25.285091410877612 15.50200049602347 29.495809710112326
1037 34977.622402668 68421702.7068111 -12.750752522049243 -90.44705167374187 -30.837582131115404 56.11343840435547 -31.639786705915107 -12.082386946969109 22.990709171834396 13.807839954595124 27.55274561379042
1038 35011.06713080406 71382488.92838457 -18.059085786090954 -97.3410179897826 6.265987273724143 58.983403935860764 -31.020888397362953 11.021266334852214 71.19324696791205 30.41677679937959 46.0903791475522
1039 35043.42426729202 73806770.02911066 -73.22360001018332 -181.3251271765862 58.78703189716025 180.16693136075332 57.93704175591977 -1.5780451308564238 131.43802757756237 35.98511795016179 53.32863389036754
1040 35076.66379714012 70289689.80966523 -47.46841605667043 -125.68019744283495 22.836236694370697 117.25687657350306 16.491326083377675 8.639594853259553 90.52815283159339 11.657308579448511 23.52182566150634
1041 35108.92941594124 72175797.16189994 -51.064749236171735 -173.17132101074088 35.17975321995492 155.92057872951295 30.770080932177358 -5.641163933296241 106.47695160005105 14.891265052024096 28.760483388635862
1042 35142.80111312866 69241032.80536282 -7.284645237463868 -79.62729973688171 -33.511885826601684 43.07071726928015 -42.87838394972895 -6.987295074040333 21.730589557405096 18.936628032641806 32.983023825813234
1043 35175.33737421036 72672177.96815835 -13.012324708816966 -129.5285017717293 -0.6080266198825015 102.58900416082815 3.1919978980493644 -2.541433946386462 77.59597974197948 30.3258742409472 46.30147357767464
1044 35207.46642494202 67195439.50403719 -16.541957510015372 -88.22648833930906 -31.517527286347523 56.9387354785423 -30.18266180751658 -8.391234157743838 26.27774205346475 9.312338800915313 22.733920940088638
1045 35240.0844578743 67668729.31653923 -32.98664098060037 -100.54963937506015 -18.679943607373836 63.859727803347276 -31.29788930331886 -9.288799607212468 33.21181992784011 5.667444340460179 18.25807960862653
1046 35273.5758998394 70848967.4858528 -1.7779174467583339 -86.45702428992927 -15.831452376628377 69.43015767882821 -40.2815464032534 -5.793140636062901 22.219191197429836 32.8006858587388 47.38170234266079
1047 35306.12802219391 70789501.22863442 -15.636038712533887 -101.8297219905725 3.2343542296979244 123.11858386874502 8.347932475811213 -4.107053515087557 48.89408279735903 29.90225606781837 44.99127165712491
1048 35339.27889227867 68514041.92380874 -51.29518559008664 -121.03413013328823 -3.8847588762255896 68.07799737182626 -15.83388832990174 -12.198947734628405 56.73612581724626 -2.0911294769886695 9.257783137735373
1049 35371.92966246605 69860733.18210088 -23.302685042498716 -101.6739755763487 0.1461057472036984 76.74234095684577 -23.947530820871755 8.238489431825087 74.51453722517374 18.235460273279728 30.841474394879697
1050 35404.38688135147 67597237.81908888 -13.222177722582037 -95.16659931610103 -22.780642713450327 72.52926966434944 -22.30472348238478 -8.012872665667146 28.768024257418006 7.995362012740145 20.807383445006508
1051 35437.23840737343 69069469.92196381 -30.199409378985127 -85.5944269065755 -2.5199036188887476 97.35846748611212 15.420358140481524 3.946485279463502 68.92887020451224 12.221550109118425 26.05182217467666
1052 35469.17874908447 67143906.03652093 -35.30158844711961 -116.77867101567946 -3.900363755685042 67.46417085588348 -30.774508286747675 0.5512935660613039 57.44853000863725 -4.728201752279347 6.1585228302184305
1053 35500.866863012314 68207061.77204825 -18.357185405262022 -90.50427885718936 -31.044648542028412 43.28425540041707 -43.59352159939512 -11.307179405553995 19.909064401763658 10.780513473427106 21.912048729562116
1054 35533.52199411392 69322822.49728663 -38.82296774040807 -87.91236769316818 -10.59364409855177 74.41498103154831 -2.818547387084987 -0.3871797518458493 59.057174011947495 22.321119337498885 36.99985640868215
1055 35567.17633867264 68193068.6260304 -19.187616495179967 -90.86314002589907 -25.18183992794836 47.487384744409944 -40.32928175341984 -7.4280400432339775 22.70039792711532 14.385881118639418 27.864688097720204
1056 35599.74524354935 74447616.34384589 -21.85698476815785 -137.03285821732524 16.746537957398086 103.60993242337005 7.845089924083764 9.460991495945223 96.49026096049931 45.412362627075595 63.92805725737048
1057 35632.41014838219 69109965.09781842 -32.530126376231856 -103.36982906665422 0.23362570292648854 109.539145082913 3.9282340895560894 5.7655940668418 67.73737051378862 17.187690156818007 31.516839016200947
1058 35665.72329592705 69357410.951138 -35.401311627329505 -98.44088235284947 -15.234602990199996 51.722081423299095 -34.61672621713157 -8.104118784417665 48.50458687137359 16.835040942479168 31.198539902672678
1059 35698.294880867004 68339489.6248787 -5.992287650126263 -84.09929859087865 -13.880267830604012 80.43146347621362 1.1499742634541539 0.4116312027391018 46.77815253443589 11.719034474691739 24.142277853225096
1060 35731.3839597702 68497006.61648485 -25.77567415021131 -102.16817261575811 -7.486991287759928 42.41914133032386 -41.121741614738774 4.2252683711610075 62.4716116241035 13.925214699436765 27.290587725537307
1061 35762.76545596123 71433633.2447187 -32.09948686202587 -126.4315211298883 22.64069450661099 87.52423155675646 -18.571268330363793 -2.966783092531557 69.71862730935777 19.062539559743982 26.513511143759843
1062 35794.887300252914 69063498.31723739 -49.81370950605579 -99.66077991944486 -7.5416806212058205 86.6487951736253 3.621645082281586 -7.971120868195953 53.58741654556434 15.360666860171364 29.030305463230093
1063 35829.0133869648 69641358.10053693 -32.01593658467857 -86.58089365577372 -22.042124398704253 60.03317811034902 -22.4568995627215 -5.3191183248279685 36.105535862064926 21.72822181230049 36.69684379951309
1064 35860.443056344986 72829831.95579119 -45.020666196945086 -161.3892786206313 25.767327393919054 126.04087335018849 17.137677002903857 -1.574584465987698 107.54551250273937 19.59995856399928 34.12463536480857
1065 35892.59400844574 68348180.28213862 -35.92556683243464 -99.2329122736762 -19.030609107932023 49.65947424844646 -37.17423472577429 -8.555919893146324 39.78565577818904 10.86418370685044 24.256395895141168
1066 35925.007828235626 68953689.32095608 -18.17243162825231 -84.10237129433911 -27.35619661373675 15.210861603244034 -72.05874593687543 -6.91110444340643 16.326143351217524 21.467290101270237 36.13633243078186
1067 35958.73461604118 68510518.07129684 -30.91705414261012 -96.10045864637485 -22.941962284395785 23.98442562463088 -56.94500231771667 -10.946596327057364 29.82293413964817 13.150285536042361 26.74637310949049
1068 35990.65468621254 67730409.03860328 -3.4814775261728883 -91.66299007256164 -14.477631715243383 44.677819458712506 -41.62390480131429 1.3555990026973177 31.463679614490502 10.661181037548488 23.02540316003615
1069 36023.11289048195 68912150.46843179 -47.98565873420636 -118.44886027192737 -3.590309536275683 100.75535176811745 4.5867833190050025 -15.031763517222998 52.25132704545331 12.308663068999067 26.057583056802514
1070 36056.58617734909 74212489.4835663 -52.58289123824347 -153.52542929285946 41.64705110083743 127.73951871057 23.599814921916003 -2.425745533364193 120.80306779434773 32.92316470572882 49.00143556522221
1071 36089.04890561104 67262054.23765916 -3.525965131804039 -82.01450796486529 -35.56416562103231 11.092297659186215 -78.8679033908401 -6.866741243068702 3.201198894220397 10.439360506945206 23.581843530371657
1072 36121.9190261364 68009086.65937121 -9.312982975112867 -91.40156244845522 -30.113974879374787 45.29774411979152 -43.901680609497916 -9.052664852596536 21.534119403875707 12.043248421764474 25.745824282989247
1073 36154.21226191521 68483418.77137482 -30.935946977427434 -114.86609104003114 -1.7237418706095866 101.38659487297453 7.227593549197195 -7.534188257446999 63.58743584155138 9.386717575272087 22.563590056458338
1074 36186.253340005875 69947953.43714307 -30.80949560679132 -86.2449131837636 -10.071527683766831 63.10274232133926 -20.375989159240465 0.869834254597663 44.36726072998931 32.29888400493496 46.73573055369411
1075 36219.38729310036 70656042.95248412 -70.65776346809358 -135.94764502410115 29.178114535108044 142.34595551189278 17.479737820518956 -8.94141545745515 68.31908523078812 20.07973885643821 33.75721819858654
1076 36252.218982458115 68550809.25071678 -2.717997134827483 -80.09498186034335 -32.61727248085435 1.0211898862498145 -82.57402035022469 -6.367274864608248 6.31310748105841 19.37689820525327 33.83304774941689
1077 36284.51492738724 70278050.24160652 -20.331829015613565 -87.33431535033186 -22.31792315887403 37.04401829717662 -41.53675752393491 -8.324735767901018 34.41972431185752 25.58815317545759 41.058891449713315
1078 36317.50095582008 68291262.83211817 -29.81598076084188 -92.57020436949946 -22.536445480235223 68.1753553312065 -16.866136963571503 -9.258550836244012 28.60767036759671 13.2772421816112 26.620363105012075
1079 36350.67756605148 67381519.94482365 -37.9199121713832 -108.11764306502856 -18.35219355471635 49.95299667719151 -27.028541726490012 -12.459655939766606 33.73058498016758 4.6446063400022695 16.889089229476212
1080 36384.05697774887 69712656.94761781 -38.340881757119156 -120.00208868805352 9.426620574817171 101.76362549436422 1.3090474768361018 -7.499932919439118 54.996603882049726 21.21114506193851 35.36677042931376
1081 36417.7211523056 69043630.3971218 -25.773021318179474 -118.14291845502096 -0.930720048238868 58.12403681628754 -43.6585482088871 -7.819181677742279 36.0659360696161 6.47165631726773 18.9265498672778
1082 36450.40443611145 67992262.4000502 -5.3002761249537205 -93.67173483256602 -28.49645474283283 38.553634585110515 -67.08326462176439 -8.08305846889715 7.515764714695138 4.771998632766838 17.384265133617532
1083 36482.681186914444 69310655.56193633 -4.758150078042647 -82.70302324702402 -32.12945387860036 24.71970885870791 -61.75048137790325 -6.2028021429621845 9.093632181170221 12.30433721947088 25.66492683730735
1084 36515.95778250694 68870425.84199972 -37.22098432871875 -98.31704654137775 -16.619539901092253 71.09099014068774 -14.62189595537442 -12.110169045190503 32.32939826394943 17.914785965692772 31.933318963779698
1085 36549.2983186245 69701169.12362276 -11.608875294890591 -108.85149236237086 0.39644596894024886 81.50323400590901 -27.962507459781328 -7.222676506709661 24.647665802676784 18.226362632825612 32.5622861721107
1086 36582.42826104164 74172177.42380959 -28.17812324927563 -106.89799619279229 29.374330690381715 122.96594750408508 -0.8273393199672097 3.0448136509784263 51.741020458207345 46.618440484372286 65.48619955732477
1087 36615.00536322594 68754682.57444802 -20.94459776241866 -99.18625621876627 -20.292975330577306 18.900053714047846 -63.0258516034269 -8.749799542372841 19.557919925457668 7.949867810470437 20.586441609349436
1088 36647.995418548584 68736400.16259538 -20.98713116972798 -102.04068550602823 -20.65031880036816 49.68627298882184 -38.713253222756194 -10.963005827916106 26.856538209425025 3.109046138074973 15.216591347066583
1089 36681.132309913635 70497802.76024516 -23.187834464566304 -106.4894949484174 -2.3542593722908904 94.8498036139371 -15.246634826190757 -8.193106085155364 34.1794429505228 19.501096233223734 33.03900954347239
1090 36714.6608505249 74501246.49046296 -8.912755932296275 -93.5954891072454 11.781066356522203 69.75845335958829 -27.86254192466593 2.496205083449354 45.95341779420755 50.749037761112504 68.66294017488076
1091 36748.47428059578 68163291.7210093 -34.235421099336406 -125.00150068046969 3.4008857686537084 74.17628979065105 -44.288562634700384 -11.18620230461164 36.73319114515232 0.7375024643512234 12.0892641433353
1092 36781.15926241875 71751136.45799698 -16.483415071968842 -101.10925865606161 3.161969459217321 72.5659990578499 -32.168968467432975 -1.9089405164035043 33.42810704518911 29.151526269867645 44.30586226348305
1093 36814.169424533844 71520726.8363516 -39.830712085342526 -114.08299503889324 7.856406022679078 93.11734780376946 -15.936440158298531 -8.874292939767713 45.4440449953438 22.82668001520301 36.77666762228887
1094 36847.2577483654 68041828.28803371 -31.42704493589095 -128.0082577120703 -0.18020993339332847 115.50814482038479 -7.0768986112117185 -14.404024889874165 36.91771866075783 -1.469409171496693 9.732458819524368
1095 36880.358155965805 69351008.6748391 -27.65786657537212 -101.99640241783507 -13.92573834286604 26.38831561158842 -68.72410319980482 -9.732411278331256 25.405307728245816 13.21313841061135 26.49530655598835
1096 36913.16840672493 68236909.48755108 -4.289142231462774 -90.6472823447164 -33.77923755120031 -7.456954354985925 -89.19495811302347 -9.29163909410488 7.4224092914842 3.623824814717466 16.020525588036207
1097 36947.13621258736 68684883.89951369 -57.67369356186123 -128.26009393121535 13.599119995965289 107.64370170055787 -0.28977815480230174 -0.6709391734381143 76.30394298238616 4.432340960629119 14.79899457013937
1098 36980.93421792984 68133262.2856425 -17.357435680708093 -100.7320600025556 -12.299489081979395 73.50542650241255 -17.64875604251611 -5.773555882764811 25.438729608534686 4.4701159560129895 14.092581568180094
1099 37014.18074011803 69886043.53872555 -6.298253101757105 -87.70282752641332 -15.3301567717605 43.50261478552845 -52.95519483530643 10.387655434632563 43.65482798208404 15.823841869559374 29.951881779333576
1100 37047.033455848694 69818378.96995947 -23.25007686210175 -94.05339992520715 -18.27200656061343 51.68211560750078 -45.79883724883021 -5.498297076556014 20.412490473839398 15.826022969474138 29.458139782661874
1101 37079.816796302795 68215640.11204425 -30.502326755435973 -104.5071317594576 -10.775244007900717 66.2301607372202 -22.762735163690618 -6.878232327815226 33.2630788911174 3.421344437267237 14.310123991027012
1102 37113.22197175026 71459513.8597698 -61.68280506578192 -165.23509485362848 22.93900340123857 164.53893795217863 57.51794424716302 -13.14921737667055 95.40686655013894 9.802466689670837 21.584508450939666
1103 37146.37663054466 68813376.77158393 -12.122189391095054 -93.334708497908 -26.73318877406367 19.362444727268926 -66.68200333308317 -9.500008381479404 10.656617821316331 9.033528986118085 21.77435120650057
1104 37180.29237675667 71221550.60883734 -0.43288764158874216 -84.70196230304298 -21.454293036678543 61.35525597689444 -44.741199852413274 -1.9928094770315283 17.008261830661013 24.102305236588677 37.773957462039334
1105 37213.50505208969 69797873.32955475 -20.250000780331945 -109.17581181769216 -0.9217166537444257 84.97781131161796 -25.808362458049253 -8.96342853569405 30.101821016208305 16.611428610115922 30.847063098552212
1106 37248.09736633301 72166992.74410166 -19.03048978931005 -102.2489916817812 1.2584411993756461 49.54117861504424 -57.317700304511845 -6.668106251442794 28.021164387310023 31.424058266777024 46.01084741628142
1107 37279.87015390396 72240703.53764848 -13.507823341521904 -106.48311686732846 26.85879060849834 135.76712000106224 1.7298738000453548 8.579258300050242 48.86308332060878 30.586018050704297 45.64596624672231
1108 37313.85325717926 70398121.74035987 -50.658003160219955 -106.83600927408652 -8.62450822085161 98.30619977143456 -2.9476760087183873 -7.3889864220627715 45.9316748943329 16.263056130436667 30.760886041225376
1109 37347.782007455826 71602421.14772075 -31.005367894139404 -106.50689661295334 3.4695041824022965 93.9792514425485 0.13876463059033584 -5.2657983071437116 53.27779587796772 24.581973472633422 40.02016671677927
1110 37381.0199406147 70818005.16067441 -1.058020284268565 -109.50874521766646 6.2145169080054 71.36736301658573 -50.81423252040966 1.4880273909009247 44.88454264410916 23.80802641828393 38.78443573289917
1111 37413.48511528969 72613740.71957254 -24.404029373336744 -106.30870523513374 9.097198181593495 61.643666747480495 -44.575373928812496 -3.4635337690420442 33.68449880607045 32.09769554398372 47.978821744157585
1112 37447.61841630936 71959365.38740657 -38.278587449549434 -112.11310811264599 12.324137215194853 74.76715179811617 -18.59527259715082 -6.6516042300467575 47.59649873135538 28.48585896665554 43.512865130489445
1113 37480.876262664795 72587963.68797578 -15.798147561184322 -107.28720564226305 7.100416885545645 72.57576357311437 -34.45335686164293 -6.672076469464798 32.02969499050789 34.17705487724709 48.65882170903046
1114 37515.01784181595 72503841.17260899 -26.883657475213035 -105.1120121131918 6.528362427174152 72.80165148976116 -40.378270156063 -10.363187280858199 26.232178739397796 32.5410360756789 49.14851042527141
1115 37547.79150748253 72991297.35554762 -30.58701120845058 -111.90087414150403 32.75136866097401 106.14952803969379 -33.238351277010274 3.3672805418964344 45.37231512846802 43.9127331635691 60.35958991884411
1116 37581.743495464325 70382045.27763738 -15.47368763494808 -100.92167962609824 -2.536689488696716 67.45899769074019 -36.47055574716539 -3.8549162255548026 24.164851025530083 22.240251516765966 37.071650665566835
1117 37614.50218153 74798403.45853536 -16.734011772305063 -85.89574739465235 10.61579662929222 75.00563676616991 -24.27368816335288 3.5512117624484745 39.494419530341816 55.743574354242355 75.44190499662807
1118 37647.64748477936 73643299.98657261 -37.82478703469559 -107.82274265024546 30.340375964977607 81.83993274750699 -32.001783431139735 14.827859435466621 78.7134476886821 41.80613631383255 59.58798624727717
1119 37679.309587717056 70651276.17747349 -1.355795067483573 -95.4425571045203 -6.758393418448911 53.171708391915146 -51.77026848196791 -3.1901669262279597 16.571493207821163 25.517438963275822 39.24019540946313
1120 37711.63461470604 70778071.97703223 -58.157013356047045 -127.39549115715954 20.2600384333035 121.47052384279073 13.472364219679468 -11.090453493477014 55.941705611317616 18.975261233605238 32.4278968312575
1121 37744.48409867287 73003096.60883182 -32.27402942978759 -104.49090145998382 10.738138694891319 93.48800933143565 -21.247922047007606 -5.170535515948359 43.17167665436591 38.53437019961734 53.51654285085033
1122 37777.75580072403 73138144.97502412 -55.983592979070814 -159.97402040930092 31.95038066247365 108.0294100935293 -3.9522951075087818 -12.424962044776237 84.56069375610946 24.137673879683348 39.886162317746084
1123 37811.78321695328 71798365.76907268 -32.82347169119793 -115.7350924243114 16.466894238968543 84.64502045036735 -44.0631196370298 -7.013621780086112 34.84497300066232 30.95041477957568 47.013205073349695
1124 37844.18794465065 72131990.54353723 -9.871771587208473 -101.23628682852447 0.8288149811082448 6.252779451834847 -98.95745332740908 -3.4447530649642317 24.47803562001218 30.90830190915358 46.48074726327877
1125 37877.612447977066 73211008.12482421 -57.4080720153332 -117.11030975011951 31.536358187352697 147.36506738056846 17.10946567562812 -3.2298500411845907 57.34161215058123 39.44476536642969 56.568358553053145
1126 37911.7780649662 71558677.8242219 -3.799617620041479 -100.93664670043098 -6.257402318012225 34.29376297795949 -75.27076260374841 -7.518099507474631 24.061849501982465 25.16331574668584 38.67855126413542
1127 37944.76475191116 75284191.86674897 -35.6173302928011 -160.34516151582704 43.86408717143188 109.73380489570008 -2.556225027141391 -2.6653914973741166 92.50398862462282 35.94240188962033 52.8018580228827
1128 37976.80956244469 75402371.04551066 -27.324831562419117 -138.69660988805518 22.965275985606965 87.39206791836466 -12.528016447144848 -1.9599278266769602 85.0308619717157 44.8171896577295 60.34960313519207
1129 38009.4360871315 71148967.56633896 -29.650745717815305 -112.86222916865705 9.959917872952339 73.35882257170823 -28.120799060083257 -9.331497864323012 43.95371138122573 20.367816888040466 35.02280884704385
1130 38042.93743109703 72417620.37844926 -19.600862011079617 -94.72344459306365 10.937404652693719 83.57772641691045 -25.240860754187352 -1.9275929112342851 30.740231413753577 43.881643329985764 59.7005041156425
1131 38076.27109217644 70816886.14190575 -10.085186565350792 -107.34806326651241 0.8137283620276925 69.77745815965892 -32.99739766168304 -8.467322012708962 27.660382633843028 22.982400775792712 37.751898880629255
1132 38108.53421974182 71577874.83789179 -23.25302044742702 -120.80441683307143 19.468060729478154 91.7739079499963 -31.378474627136086 -7.057928372457695 41.73846538023645 27.339794910399064 42.408064033066466
1133 38141.36672902107 72786239.50049475 -34.197844170863846 -105.64306453813224 5.932445660447797 70.6712337905469 -27.20504130933375 -8.967807978152564 37.60582199389205 34.21684609637771 50.988334723487924
1134 38176.926532030106 72006940.73897809 -12.328115483172065 -105.49688208812016 5.119539100388934 92.34315152160791 -14.608024009544973 -8.168219641952476 39.50807484146458 31.930095194764135 42.93927234245734
1135 38210.07027173042 71914164.03604814 -16.94491029332145 -101.93737620494548 5.105828535022823 52.39608762397713 -58.1745454807238 -1.3969845049801393 30.742947908869155 30.632356081563103 46.303860865849856
1136 38243.48307490349 74000166.04212536 -23.460331338358383 -99.02947904049668 13.859710121602532 63.02859925753055 -34.051464375653985 3.043916742522015 57.324655210900914 40.02901167420498 49.692710038539076
1137 38277.02161073685 72980116.29180068 -36.14867228727378 -129.62613276601837 30.945321425935457 109.23042705871644 3.6208922218335062 -6.746869572786352 60.30767654534475 31.31976831863244 46.80252901502183
1138 38310.650186538696 71477370.76606739 -52.19703742859704 -127.80201255120703 28.04565945702452 121.51590029244684 8.447747472850628 -6.685624865788952 58.135160123000105 27.948356737403287 42.89197110792361
1139 38344.23396444321 71662120.62317601 -13.868436601965806 -103.46634900688223 9.534725675204594 86.85778016982734 -24.61598284827579 -2.5936327512690127 28.463924641063727 32.81658956808565 48.2173348938353
1140 38378.872064590454 71844014.72521754 -13.483297558249085 -93.16365370627216 -1.542469096606574 49.798396461023145 -58.985110399600735 -2.819420802515822 23.706746290217666 38.24754305135298 55.6444681512977
1141 38411.66281199455 72868168.11650544 -18.5572717510537 -108.3960715522089 16.9549708994694 98.40092626533587 -24.22961301769608 -1.8629147519035314 36.22028984581925 38.872346039810054 55.206406067364355
1142 38444.6518535614 71199423.61445628 -15.340134886257108 -103.81989959576836 0.11938336924361437 67.52457081381311 -41.01992104612205 -5.950081072382602 29.903652253536734 25.74549000612035 37.235470152146604
1143 38478.98682260513 73570756.23986621 -27.801369028606103 -102.3007830480235 8.30026931603306 73.01075629770885 -27.510820897026274 -5.811463673883509 37.50564538274125 40.57538394212497 57.21877832364794
1144 38511.29137635231 72168690.18290046 -15.758505760041517 -104.4453552761707 19.847479781445845 79.58893779041412 -25.15881612538639 7.02509205288635 47.81154258179765 32.27301433076036 47.720664678517664
1145 38542.90235543251 71981781.82063524 -44.40746914699244 -124.38900251160058 21.075161694211403 66.7695887056889 -35.84654342941646 -8.317088579508493 59.21372972200959 24.52315851989431 38.09364856447212
1146 38575.73854923248 73005131.876067 -26.525784933955812 -90.93399118842346 1.4642516080328463 37.25530338219709 -59.92225929177226 -1.0607483044242372 36.16579888126432 38.85626215435241 50.567908883975406
1147 38609.39939212799 73450827.49188761 -31.33818426451456 -93.54495316731239 8.859358390035972 85.91232485061579 -12.241078298831251 -3.7683964395648104 44.17581648901523 46.37474284480595 63.78505340513232
1148 38641.83301901817 76142294.13686833 -55.81726831277665 -158.46106849609555 52.473360186270455 187.5819960944608 67.00062894237496 1.3115115083040791 124.4733780339468 50.76144909214497 69.49627427718337
1149 38675.01658368111 71440808.02421512 -61.32346030187384 -124.31465807397707 30.321891455385856 136.06839934596675 24.212473142522924 -6.123762699197982 67.82006367990357 30.68256554316315 46.17408933951128
1150 38707.14458322525 71502362.62000485 -16.135442807442566 -115.13391019267105 13.74052184349975 81.3934969655507 -33.32499035720883 5.119920563421147 58.22019445665421 23.570657458323012 38.67778913362906
1151 38740.374248981476 72226976.93971114 -36.93028166483279 -109.44199962201836 8.42384685416518 53.0369344505291 -48.17421509623059 -7.869733289471185 40.992640049159945 30.724500148979928 46.180091704224196
1152 38773.61190199852 74299166.52021864 -72.88277367326731 -175.32599745774328 55.51615876298506 157.9240366586543 40.714477288969576 -3.3794219262711636 113.59086412485101 34.77113274673013 51.287898781626836
1153 38807.20621085167 71633123.46399349 -30.637115107507704 -107.0517053037285 9.058737198108936 105.71009180083988 -14.781678088979968 -5.080822763365973 44.08681468226075 33.70593406793455 49.669872515663656
1154 38840.71968579292 73524731.21137589 -18.70041691960929 -133.10898634319764 13.151537191220996 88.29141684727844 -15.674608608065778 -8.426991855913002 61.932592158636794 28.496140601876164 44.14176078410708
1155 38872.666471242905 78689352.53288323 -28.514393877099398 -144.12838473340287 57.91783598022826 119.77163966864603 7.048283493697671 4.137301788841739 93.95456972908335 79.99215986551849 101.95539725362107
1156 38905.23129725456 72514891.56907542 -57.619111099568215 -121.29864968691591 27.03878128103625 133.4214259001608 13.34673854182154 -4.62960500415619 59.21396353788748 34.3473944052339 50.710223610093294
1157 38937.5865688324 73154017.13259351 -31.652793578403 -107.1342464271546 15.964936939841806 83.43203573783532 -20.938856691017126 3.4403826557649495 72.03862126888339 38.99930788198583 56.42921983563349
1158 38970.830251693726 71061453.79799274 -39.32748337875936 -111.57980935162253 8.967888820321939 59.90660815670214 -42.07241799683927 -4.104109724571856 50.44026118302122 16.928560576179393 29.485261191969926
1159 39002.485555410385 72101570.52281599 -41.54570791041538 -129.37054946638182 36.200325545209765 117.45092992611984 -0.7347684434052892 4.114193977277807 89.53465492909436 28.149491951095115 43.96633537603975
1160 39035.30169248581 73018479.84291285 -51.29880204987756 -101.61202035942271 19.542103860677866 98.90673816097424 -9.843629553207514 0.16002174255510226 60.77349654400962 42.75689636414131 60.077560567897876
1161 39068.60219669342 73609312.86665672 -6.0821543509471585 -93.93785659741553 7.76400694543063 86.50880802592597 -26.790658394310693 1.2765038198697312 35.25163997040511 44.85492778524417 60.83643681406943
1162 39101.22549057007 71199016.44128601 -41.07086959825684 -117.13607002670707 15.795902085112814 76.29301570046513 -29.006552479924167 -8.004756149904438 44.078558899585346 21.836121659637683 35.534992609067785
1163 39133.70777153969 75386817.49181537 -38.78709125563891 -93.75577060961615 19.618181320810145 116.66052386463697 6.284000184037924 13.169734355224136 80.44963874849373 55.19788968302544 75.0048269585842
1164 39166.3371155262 76957074.30530106 -79.26141539602617 -180.5317096858623 79.43581156179788 173.53310877408902 62.98598675949045 9.448199644303202 160.96001264164602 38.592516958639635 54.84074132845649
1165 39198.8811249733 72946001.4113167 -25.538879343981137 -100.60701799537799 18.624978514355526 76.2912835308016 -36.079178973199575 13.48426628029108 70.87520773817278 36.917522603575094 53.587731636444914
1166 39231.36360692978 71695427.28331797 -43.63309480713538 -111.06102058568263 11.999159696499444 74.99407974072247 -28.544599661765883 -6.870957381010783 37.23225498475597 30.807640656514423 46.54951712780428
1167 39263.46892762184 72490298.52689235 -38.04709951082354 -107.06292318669168 10.582003750847122 67.67030064877937 -24.74835511717107 -3.681481577318607 50.246136684979206 28.143516928358167 41.587823323642965
1168 39295.67913866043 72216000.09193161 -28.437353323744976 -103.73384614057923 2.7323765679829144 32.856144307006986 -60.13203225187562 -5.093949734973364 40.963277742190144 25.282475705244906 38.89225247628201
1169 39328.26909804344 70485047.75593968 -19.204901460351017 -97.45907740239691 -1.6920634193714648 55.6894668548445 -46.428366243720475 -3.366372285488808 29.131964857697653 28.357431800456084 43.76545350885692
1170 39361.36727333069 71330224.9822329 -45.29129479004108 -118.044529410986 11.223454784140564 92.59850411902171 -8.317168298408303 -8.31084021856293 46.94776819378717 20.44678061516538 34.65805880072992
1171 39393.65795087814 70085558.39545916 -13.710596616780245 -108.24181052869656 -3.635075293141405 35.21190397144006 -64.66523310609854 -9.487336539732837 22.416853196476723 15.9605925752752 29.92033260682672
1172 39426.57737660408 71788595.88001108 -69.6605437065653 -126.62704413190737 32.823063885738435 116.10964627108248 15.140428461477802 -5.565812867494856 72.33705753879497 27.551047277700718 42.83960492751544
1173 39460.495028972626 70865592.27130485 -60.4548006636461 -125.07117773213871 21.24065110167905 110.65744581094401 -1.907222295561354 -9.848005695173242 51.03131302915881 21.87342567247549 36.72815102636389
1174 39492.789363861084 72317904.82599042 -23.182338687135154 -115.86515471435789 15.666238564702788 127.41106492903809 0.7351464637986527 -8.15351041333264 41.91183967678853 30.208059803028732 43.67961957235923
1175 39525.19818520546 75650075.70298384 -57.85802747091434 -156.9399731270059 46.79041109966991 159.71058149207965 47.910934582924654 -1.0451367305875578 102.16516357577632 38.24988460226905 55.58566763396766
1176 39558.02124142647 71352884.37650703 -51.21562968358327 -103.50066525454257 10.011458997894913 81.55373470195127 -11.918628327662097 -5.276103550480968 48.27874224790787 30.415228300415606 46.187966969062586
1177 39590.63171291351 75497824.3295092 -59.86176129475269 -158.74999617861636 39.948945062146265 126.1835368216434 28.834013233821405 -1.3296592189016678 108.62214427679373 34.25680340054237 49.447875912741665
1178 39624.41037893295 70383430.86373034 -39.44807956534047 -114.58335137165493 6.233337634406531 60.09959471437719 -43.27148928899845 -9.084293267804185 37.15333365201275 17.505940450923276 31.58412663008596
1179 39657.62494945526 75641910.72129297 -9.83094857103308 -102.20018627332492 31.025687661479406 81.54925044506163 -26.646470080507008 4.447561025399807 46.07054232466544 57.31075092000992 76.98260391970643
1180 39690.623539447784 73625370.69777514 -44.034363409540404 -129.9737160105574 44.372846028746594 114.17817212566663 -9.90029879929374 -4.710106430304791 64.01897662261831 42.95079230766737 59.2172237702265
1181 39723.51986694336 72521008.14500141 -52.64677790751912 -121.69978377266888 22.058590124516293 60.53633266100721 -42.940128661038834 -8.227465347449765 56.26613325653466 30.30169260638729 46.57021274298995
1182 39755.59809088707 71826038.33117056 -46.68704753264154 -139.32400929963532 36.86402536875869 136.32348660784348 26.792719334859022 -5.899429867239121 66.59748468856753 23.99290924136494 38.727340025357194
1183 39788.97957229614 71458301.23553243 -63.01276957022033 -129.25925040596383 27.439443445200787 131.34152527275998 16.379743736321156 -5.915020836312692 73.79990432044451 18.700005881300626 30.89969418058763
1184 39822.89975190163 69557181.85966067 -14.038700150980512 -111.68407745251275 -4.398981882772944 54.70196970354441 -42.553331937475214 -6.840355332330603 28.554362065701184 10.8676375455006 24.36463753540795
1185 39855.2087533474 71266054.71499455 -26.73856579854095 -115.06320861470114 6.760711789479245 90.54924328556065 -7.534471146137993 -13.288271352470758 45.0277614557624 22.516405824154845 37.11151114228005
1186 39888.66115760803 71195125.69753024 -38.80544541358066 -111.03334690559686 5.198024354718697 78.56709526769265 -14.768037960496873 -7.63964431260888 39.9688208438929 21.41756873140025 36.33032954362079
1187 39921.38280558586 72388813.10695325 -5.11759449471645 -117.37186602415727 16.758610171182966 104.17252713972152 6.095919923270176 -5.066146630180981 62.472612921325094 23.663894876990412 29.19464988610855
1188 39953.93286442757 71742273.97135481 -50.46943546752267 -126.8040329559792 27.33665970252307 80.61178762483755 -23.687612263216312 -5.010569496421681 63.643849328123565 24.02734664790205 39.25752561669708
1189 39987.79804253578 70266430.32096143 -41.92260504736976 -115.6463992185518 10.84375836165701 73.99677536310482 -27.851236234285302 -5.736678871095194 46.61413684731963 16.609108287887466 31.235895227433844
1190 40019.46229696274 69268268.98432317 -6.438014459383076 -102.89992042745035 5.182252391300519 89.89527139383509 -14.40191479126795 0.05264956795286935 25.92411863485188 15.439945805234402 26.63989900566048
1191 40052.915400505066 71227887.41172116 -34.48945846754267 -95.06415579229225 -4.810680247741274 74.13038726482569 -17.717288191454223 -5.748664893773594 37.64358482235116 33.51276810827153 49.04064502703113
1192 40085.34968209267 71489922.69935969 -39.06926171857565 -129.5629525711169 24.970896642361062 115.63067286273342 10.691397361837875 -6.0740752509034905 70.76658193164837 19.04779343053815 33.15803194977491
1193 40118.40287280083 70688645.37667003 -24.301377436811094 -89.91789272077257 -11.9978666845413 90.83845797150599 -19.461818029798664 -6.0396334198911745 31.591518393000456 29.929083032084122 45.54558765033494
1194 40153.560740709305 70069936.61182502 -27.14343477378973 -107.4851029594311 -3.3416935266249155 75.4089509319083 -29.25270682311978 -10.053105096104673 36.29086013771814 23.19245047412676 38.136566899289164
1195 40186.15122771263 69470631.63284995 -34.06276944605753 -120.21939766003925 4.175541046652079 71.0608238032412 -26.600809258354115 -10.101948804833114 37.82089042587563 10.212849725878982 23.388716304238642
1196 40217.9688334465 76518164.73653628 -55.338837509172144 -156.35340873510188 37.51863597459201 115.3208925871029 8.563685488476946 2.9570468878771408 110.08616766825946 52.07949841633092 68.66673810544728
1197 40249.96288847923 70020099.23596874 -49.561642725460004 -118.40897133453711 12.850272829741886 69.80775224628515 -26.95378510073746 -6.372546375365744 45.68615814511679 14.612511994651186 26.672791233660178
1198 40281.94084119797 70921416.25528154 -57.00112104909729 -133.94010120130721 25.417836160265008 144.59847175688947 14.732106381858788 -8.324221408814026 56.10186693219703 18.516751746305772 32.446745981313484
1199 40315.19533991814 70399989.11846574 -65.4692335751384 -143.39548203839547 26.58282291922825 125.93409028629387 3.622122698884045 -12.807698871127684 67.9578028604426 13.07925039988902 25.903472754741415
1200 40347.529772758484 70828324.98610103 -56.46926105720503 -141.73236809695106 35.12327854846862 156.88609327803198 46.20981213350338 -7.490000174131069 89.15005644440316 12.619519785047828 26.032276706056336
1201 40379.65298843384 69866744.04027885 -72.79313932476364 -123.87569281489 22.247297776560774 118.97615671116804 25.150205899518493 -8.73296269080845 66.91107549615037 22.292146737917165 36.095401523272926
1202 40412.87276864052 71402753.31256191 -48.38418971092814 -114.23751516792672 29.739149053581322 102.77953752803873 -13.338568572957051 10.266458020231596 71.24501365226718 28.643734957459174 42.45739277492589
1203 40446.534239292145 69958288.89093 -53.90976318628013 -132.4486372229864 20.39057912452118 150.25112362052994 40.3348079595621 -11.309506938116556 65.09691465732249 10.675698408981589 23.691068892683234
1204 40480.0501139164 69605917.0816661 -3.4548143175367745 -112.90377574086244 16.68691405937832 116.76186893704222 0.0644975167783064 4.312000577200763 44.576615712379635 12.276914382414361 24.16501005023224
1205 40513.69835352898 70084724.18984577 -34.87793493704475 -135.58961734266305 25.820486215215915 152.54955625382098 30.60244399921562 -8.374907858184145 71.30637052306952 10.320991609243947 21.779178590101196
1206 40545.6889629364 69316779.56466953 -21.077131381484858 -111.89153129060605 1.219013605257551 77.24776114205449 -30.51395596397973 -5.257937723273869 30.165201785149407 12.530571953430695 26.134004264477767
1207 40577.72081494331 70315775.25167641 -6.794545510104433 -102.91220076834963 -6.777495838243695 41.028981811123685 -63.41927064070096 -4.81091889358629 24.460076525140153 14.997510963635932 24.534896521989253
1208 40610.88659477234 69689836.53123283 -57.82109494099795 -125.62267488768765 14.273206688144661 146.41412719452717 35.32131455771391 -10.937883956664734 52.41034826458804 11.46213616019702 24.62523545040972
1209 40644.57636499405 69695497.26142602 -9.031090283697432 -111.0321176864551 -1.5815483793840812 67.17716100732075 -38.79527590644358 -5.404757918064092 25.187484377525948 14.65187884473653 26.92014569867149
1210 40677.36929821968 71167153.78708908 -67.79121588059003 -145.75699890369324 47.51964003024024 143.40703407191538 32.05883203584211 -8.920296219338923 89.47569739691119 19.089171233795582 31.026671952822085
1211 40710.75792002678 70379365.20539583 -14.147013236663415 -112.90224238223698 14.130943437562294 106.63473232023964 -7.421191936630406 1.7344143799915628 51.49423012047919 15.18194395970204 27.600540056225668
1212 40743.14062452316 70131536.66728249 -22.083222972733175 -113.74394262661738 8.603962475390098 80.9544732695058 -44.2557819222716 -4.579858352046017 37.533002784735686 16.163607725382462 30.467279124189872
1213 40775.533854961395 71001720.6249157 -24.04567287959204 -109.52323662976842 2.6661262557392646 89.29558178010834 -29.12442217128598 -7.963115075866767 28.323255079812043 21.851675987041972 33.45757408185
1214 40808.17537498474 74182309.829749 -37.057767460053554 -121.92249979748394 43.42247744780224 88.45444890326476 -28.014174779048908 -1.768914894535044 60.643727803059846 50.19031115719383 64.46744799852252
1215 40841.530192136765 69407723.4098829 -25.79239500237231 -121.64306008111198 7.936560385817007 112.38197382905219 -12.51843438239628 -7.102861216283031 38.16620318538048 10.06977879561066 23.281957388251953
1216 40874.52012014389 69563840.83822103 -18.908023852808103 -110.72172829132703 -0.5057246228924512 64.85423903959749 -43.90569452404084 -4.981945537221804 24.50027042587317 13.04640326370884 27.17650570843523
1217 40907.99154853821 68828412.01008652 -1.1628086025097275 -99.12080331453934 -6.575755352540902 43.076525280009236 -56.69925466080382 -0.3433580999339938 16.901555001336646 10.206498429669182 22.521731867943572
1218 40941.59045672417 69668506.43750489 -25.156214880175312 -120.71749002189493 19.766795428856245 98.7219242733677 -3.897050673627411 -2.9466798071201197 53.835652946678124 15.811333536070151 30.138652819291337
1219 40974.98588371277 69810072.94535276 -3.859364988172535 -102.64786779091176 -4.697742214642361 85.18751313549545 -24.94519534592723 -2.3110116930908475 24.752395268534656 13.718977804804126 27.370341927206027
1220 41008.182779312134 70276742.60561676 -28.785023350624776 -121.87915475636153 14.021418471698027 85.03562621844782 -17.055351729568525 -7.98408938042121 51.19505433065399 13.56280405385553 27.399537620807223
1221 41042.43485403061 69136172.62353425 -19.22804069826105 -106.71000673540816 -1.4120385535635194 85.01671367935752 -21.622916859782034 -6.840581472957979 23.921970223854714 12.732378299881589 24.34418551093222
1222 41075.0114607811 72558539.5618838 -17.4027107823324 -118.23273736718396 35.996534100480105 89.35758583864245 -32.642265803429645 2.902765580708717 47.23530641252739 40.1389156918101 57.30659503365803
1223 41108.54620361328 70114714.80861528 -35.134696139149085 -109.13364509779186 -0.9598161145387678 52.465416986160626 -54.39771105574871 -6.722908920595955 28.446927737308442 17.546672943226667 32.156277015666205
1224 41141.60740685463 69245588.33364177 -32.66648377713944 -130.30466245384795 22.619908044743653 119.61197407639374 -14.399725180244864 -1.878650559170353 49.14133131724873 10.873495369216641 23.740610770102762
1225 41175.4635117054 69476205.71275885 -18.199303597602203 -103.35594611332432 -6.3270149807452825 93.73334080744382 -11.796525893737858 -7.092066296714279 23.584577327409193 12.874218992678493 26.234052582379263
1226 41208.28839111328 72925074.55037834 -3.4386401620186184 -112.79909664409193 31.55472412862351 84.02953209892597 -26.241849632805256 5.96976774474291 45.94896493908152 41.00699569942685 59.163333107173685
1227 41241.7006983757 69022501.86178516 -25.74142311580161 -112.96874331614772 -0.778449668855032 89.124299482591 -23.339627459298384 -6.122762071540137 33.387723450086014 8.059206462435895 21.048575641887737
1228 41274.28192925453 69707251.40675339 -44.14546925285299 -131.25056294316352 26.59159958002652 117.01193474620224 -4.0194770184997815 -3.6686591064596428 55.93269903616908 11.880793656225023 22.889736989468474
1229 41307.68704819679 68800759.0063164 -44.3369398107093 -123.54681636398769 11.841594564612063 95.28928387164527 -11.073660238875924 -6.426395307519499 44.90111275205743 6.442546905057043 18.570166972628044
1230 41340.695966243744 68961051.94708595 -30.198016041632627 -123.23014392248156 20.268878822697456 88.22395528112884 -37.49530394188426 -2.3485050656410067 39.966328468067786 11.819751658445568 23.229349485012108
1231 41373.83090591431 70046525.47769994 -20.649766494421403 -110.12612561524523 -2.81769355534189 57.45868560577832 -39.91323852236 -9.611488394223045 30.70194619812719 20.362714717800486 34.93775997599187
1232 41407.37417769432 70195010.8099381 -50.11337098978617 -129.41122831024128 22.641326193588277 128.33631038054673 24.139899302613472 -8.886880114635176 66.7449132699112 13.457941636344003 25.935674991573364
1233 41439.344163656235 68487545.50976086 -6.715485869843839 -93.41061897560246 8.551992958983362 101.2403949926643 -7.491321891485437 10.292263185005254 35.924703093245284 9.027594653198776 16.816614920952134
1234 41472.57476568222 70637255.33135231 -45.19279557429133 -114.50686662988817 5.963464095201886 91.91395085910924 -8.559922761808174 -9.271163230106993 39.61533684275946 18.252172960792564 32.63043121710166
1235 41505.64889073372 75529084.01020484 -34.58241548188079 -147.62767421115234 29.13462628574925 111.33823630635335 -0.9037872105428213 3.2431175228225015 91.22962932472308 46.543165271820385 65.36904561762412
1236 41539.12055969238 69668205.03163037 -21.38817581617736 -105.10406640325746 6.242587222420738 69.10895091185711 -42.07550869150094 1.0836308827124412 30.398068250911933 19.584851894225608 31.60378560762922
1237 41572.291176080704 69182127.2704289 -22.93935260611021 -111.96634084474836 -1.0014787692671874 76.24866134724724 -29.352753380954958 -8.023470942305494 29.569767253931218 10.890677221636452 23.915006872892945
1238 41604.65834712982 69192584.15747587 -19.4903187525098 -106.60003150236612 1.4317911661768719 77.27501831773458 -21.04699315076176 -1.3133122729037723 29.19534697112283 12.36917220577584 25.420077647435846
1239 41636.4604780674 69230589.15334356 -56.589274125018136 -127.2852226308048 15.131516900916697 111.72570272557894 -1.561918022949537 -10.31075708468228 46.82367918332113 10.733201991330759 23.05461953118447
1240 41667.86110520363 69985286.3509174 -50.76476422600764 -118.5432933856614 10.307633676365771 121.2551950359252 16.092532362859167 -7.568675278514149 45.315031936894684 15.103701758549391 28.005764619195816
1241 41701.42647910118 76633367.44782294 -74.849194717207 -173.40456342671047 60.55138510057003 141.10856399971237 34.23224672778801 17.099240986165682 158.3026285511969 45.85285188049647 64.41352093764385
1242 41734.1319270134 70399815.78981586 -21.27504128447115 -120.87014498730275 13.97566890075202 81.35061580810958 -25.445435322683668 4.377631749791533 62.56086868456748 14.306012565065998 27.97625771011883
1243 41766.11279416084 69936744.11201046 -37.988891083394 -118.17223242855438 10.788472677639497 111.84751468024047 7.06308389444141 3.996281236317486 74.56126393142301 8.919519735511301 20.856346657544464
1244 41799.58202171326 70129644.86881232 -53.28855007785234 -122.05986259759082 12.976120082698408 115.36200887095757 7.490280314031027 -11.119645362892754 54.21362841104121 20.484973807408323 34.89993682308966
1245 41833.13217496872 69188987.87295094 -9.046093196524648 -108.99221504919792 -4.128507642131531 74.564363656112 -34.13756463890582 -4.78614799015412 23.72525380453328 12.14899047152096 24.99374509362974
1246 41866.21576166153 70310664.04549961 -17.940404830592417 -98.8998517395031 2.5970004706272825 106.74698503031908 -13.273551360620878 0.9739991054038342 28.20945919674432 24.28955294342768 39.086052045824545
1247 41899.031131744385 69230470.38343515 -48.12271190656526 -137.59371008914275 26.329193646655142 133.95417559462314 9.685037365139754 -8.593124392894197 51.65556566185626 11.65172058887731 21.21825025480416
1248 41930.29820013046 69764419.25326279 -12.521745784297782 -93.88816705703375 -7.255945771770961 63.59641513141891 -41.51137609749857 -3.8113579996731346 24.06807876008827 24.2993783963459 39.35005329034652
1249 41962.79789876938 69821014.77040932 -57.00158608291265 -119.8382052413659 5.893337851056952 105.2694782386633 0.06077238089121906 -12.574508179410088 48.3652642772214 19.07518052982232 33.78206424408222
1250 41994.98915886879 69874862.78889784 -36.56591098446048 -122.75059292225562 5.123173119470938 102.9026572212656 -10.26803360002704 -11.905750197039424 40.56855675271731 11.394175399373125 23.72241429070482
1251 42027.53301239014 69626031.83952953 -58.9447131857203 -123.35677928694433 14.593881066264927 84.8306119891918 -20.795503604450815 -10.773754668143283 47.39165522484302 15.80090507329453 29.232568375456935
1252 42061.86453652382 69978641.14977716 -31.66280078386515 -118.69438397053804 18.09621997478547 96.24273983110294 -18.026568285284576 8.40060458578273 69.41106356366492 17.295218916380463 31.64760903095305
1253 42093.690460681915 69448100.29474252 -4.724896515671409 -108.12831476362952 8.325650070785976 80.49887229090675 -29.219714672093392 10.627436635812956 59.62332631863069 17.16511508368808 31.18810204744284
1254 42126.587872982025 70817919.63063522 -46.022806353245045 -111.88953374273372 5.272947016848619 92.1362353445898 -0.05075971648688582 -7.844878474928976 54.82782127959172 22.81724843541258 36.62435725056423
1255 42158.83022737503 70714795.81048442 -2.651943579690581 -95.829328410091 -8.264535291086148 36.80557892033763 -65.97509185003433 -2.8492274535758497 31.59601115814405 26.304219699894816 36.58806451846431
1256 42192.22221684456 70679416.77341019 -40.21652121062833 -119.24630727219582 16.961067193501663 130.84096687265642 2.305348456326943 -6.44674726183348 54.95399534762612 23.229162502659392 38.65834984209391
1257 42223.559384822845 71564017.32387255 -28.192107483947503 -116.56293553314971 19.052720763082664 85.99712366302242 -25.22684565588243 -1.285156542055006 53.48453387866755 31.466662253945174 48.153146349851454
1258 42257.15096497536 70973621.60653254 -34.525794893824205 -106.39866848517939 8.958296137509016 94.18049981825772 -17.771326077306277 -5.130573443823039 50.07921785643032 26.394566611734263 38.96052722508068
1259 42289.125864982605 70848396.15094316 -34.63429520164569 -127.34818994222668 22.697728183226644 152.1357644328962 6.764910827236346 -6.4561700384285245 54.66913665094046 24.446317574877185 38.83232848767807
1260 42321.3492307663 69850863.71469519 -57.82967977664826 -139.0233000441129 20.538554364332064 150.40442228260721 17.270797464066217 -12.65897862646699 64.24077322784899 8.201283124318138 20.915615146359073
1261 42352.472314834595 69906004.4697714 -48.52001898496517 -120.56759286197371 6.4473169935291 85.39872511597845 -17.434275584446933 -9.74415444746353 56.18366142171692 15.619044649849684 29.537716437778386
1262 42384.81206822395 68308937.89297393 -56.1794672401896 -116.12859835408754 -9.71026674171074 117.08529916225108 13.505173051919915 -12.472341632992482 52.5504772218228 3.964061729666753 15.545100695202564
1263 42417.80678105354 70597428.36847827 -40.01852185936836 -116.13612121842876 10.990325561091918 115.40005880335477 -7.196301809211766 -7.694244657174522 47.57643066105993 22.66377926062887 37.46164504091007
1264 42451.23678660393 70620874.68925783 -30.962000936424882 -120.93181324458858 13.353717677768895 69.79526472714313 -38.790210586606904 -0.27845157885849403 61.38319635374262 19.374623676261763 31.635692133285374
1265 42484.18399190903 68932619.30717488 -47.572765299485866 -134.90661404422073 20.1426495805672 119.90745790768116 -6.222851065070268 -12.27269725802688 46.70020166504764 9.578858557716956 22.915677883570993
1266 42517.50438165665 71545783.27999608 -4.140987776248165 -97.1605060761398 -1.4353726276090342 65.04441233068722 -38.34307470699053 -1.9354813520353105 45.42800186951115 29.739538161998325 34.18670332732074
1267 42551.239280462265 69558040.9916202 -5.654258236818462 -106.42802004914557 -5.143639942911136 66.41449580763401 -31.33044344467159 -4.46097563293165 27.623957842421873 12.33296385661788 24.85940958492108
1268 42583.88073849678 70241721.06951286 -13.784793011323886 -111.24803753716363 11.299349957617924 71.54067573119582 -23.73898209966666 -2.0961650473576015 50.77034846966171 23.64582675634199 39.04113349584827
1269 42617.004340171814 71499890.63603972 -14.617891400787629 -102.55395714119169 -7.696749799350464 40.819260969933545 -46.39453191806379 -7.36111508552284 36.88373704051753 25.515085932483657 36.305303413142724
1270 42651.290147304535 69830489.67431962 -6.310320359039199 -103.16255327705613 -9.982280773307217 41.110356085258026 -54.743019182113606 -5.986848587079635 21.889482988506415 12.831144918937298 26.260513822833445
1271 42684.77619624138 75535740.45392801 -12.246917708560865 -136.84455484354666 27.08277251834184 112.76530218422178 4.882656060192278 9.853350382736494 89.27598119395384 53.975585813059865 73.27428090078001
1272 42717.89300584793 71006620.33552872 -23.35080021822218 -106.88105837328744 -0.3331261172574287 96.99992898535442 -5.500699229558191 -7.996487420647327 43.53712344584528 25.024179021695545 39.27382149098173
1273 42750.23898816109 70689895.71165691 -32.11550364671111 -106.41760167421418 -1.3282657840706023 95.63843190885609 -8.440092704665128 -7.992919502001712 40.98619466709397 24.178180737567118 38.725063876028
1274 42782.61584377289 70031816.70797297 -27.29520833437797 -101.46528239910043 -3.265541687562923 76.62679991989891 -18.686667296366625 -7.424846250002076 35.63664541793969 20.88822679941495 35.09755252544994
1275 42815.577657699585 70448549.90090482 -46.83233031946971 -105.62223564446995 10.828487058496925 76.21349566524405 -20.880231936238992 -2.3277976285319824 56.02495902208386 21.476160376117036 36.066862679525
1276 42849.53894805908 71064795.84215647 -2.2762716025579 -102.62555137099885 6.701372616913499 78.52310446132012 -27.820451606606763 11.453475804688424 67.30489942206032 25.420482840007594 37.23973044825641
1277 42883.0163872242 71103257.93625408 -1.5458684574792976 -89.84637439968827 -12.363043610168035 72.09163064643762 -39.87801179781238 -2.6292513858467146 19.877944400360775 29.01683852037354 44.526560359333416
1278 42916.324561834335 70407843.02725458 -10.191327928822794 -106.63050122442202 -6.711399728526935 42.33860363256103 -47.83498515227071 -8.36010921347497 30.223727806324746 21.731594547217696 35.86438760611679
1279 42948.3431494236 71388936.3821889 -32.48947426372649 -124.13597894206224 21.265781208310248 94.1830670144339 -20.227573322132592 6.069154449629423 79.97262137408052 23.891174322798634 37.57803005991195
1280 42981.06675028801 70924614.48563008 -29.765604939328504 -105.3035093883127 -1.2473216250659789 76.24962648694587 -17.4489272081781 -7.587313610190222 40.27519835574071 25.98550963470825 39.278595083872005
1281 43014.592190265656 71853287.4310295 -6.777688902583144 -94.89541054295657 -5.11322366974381 19.456517309055247 -69.14923311380525 -3.0890157966593392 33.03429551963484 30.08360880826808 42.768756375244834
1282 43047.99578285217 70669959.37909782 -3.8580626942838823 -96.01274700761259 -9.197279747170285 98.7919212986534 -10.861672481071366 -2.450651107362944 32.478483900838455 18.776548018669473 29.28505429887582
1283 43081.54129385948 71134906.11698708 -34.198906027259426 -123.4393115317368 21.261951285712758 106.80505122701116 -4.983215045013023 4.98228499868668 78.81615250810148 19.2140871649284 33.84436483883303
1284 43115.16595339775 69889874.21940085 -14.695367887963721 -110.9268595632792 -0.9931270039397049 57.08308756075191 -40.38972801575693 -6.962687956191985 35.76392587204407 13.032741951329967 26.175321289181852
1285 43148.51238965988 70233205.54093766 -11.479765770144526 -106.74199411489076 1.0141152770608635 89.86134549810575 -27.930513265892948 -4.370602147923478 32.054431958605846 22.31265386560824 35.90766112758331
1286 43181.59903669357 77404115.16181901 -35.774093962977624 -149.45055593270754 43.20335253763491 127.669647819768 13.530572098152257 11.42975704515726 113.56686401410582 63.52900091875722 84.6936570087762
1287 43215.06452059746 70052425.1214444 -5.8299127847396655 -96.58346578894239 -10.233415633116515 53.12628474173388 -44.06454789153857 -4.859319707363454 23.28332976222589 22.965550419788542 37.8705948231609
1288 43247.53274822235 71193902.7335466 -13.575243142695731 -98.70148397331747 -7.47967406077823 41.94044876725783 -52.61640241397663 -7.771972894864973 28.85758356934093 26.239151896762337 41.793114684155626
1289 43280.62213611603 70716706.9210216 -39.98721858030938 -112.41000671630553 6.061788879766386 92.29807663546245 -2.064983583690191 -6.782752857526134 54.48453193674459 22.077292020118534 36.804216409144715
1290 43313.991324186325 70394918.48668301 -26.042176456804015 -117.32223184003838 -0.01959072657137284 88.80207954466866 -17.496675172750535 -8.018003921468562 43.66875221336829 13.409633427420545 25.632935775090232
1291 43347.104830503464 70661305.53052498 -24.761494876278448 -107.60666383576965 -4.795272724405812 74.7542523704778 -19.179236293928405 -8.13601658852997 43.625827470063655 20.61411952978517 34.588913954680606
1292 43378.76469898224 72432079.00307503 -7.603880207974788 -101.58937545920851 8.914344740732457 63.53798660660753 -35.21038832014649 10.398489716807205 64.89517697666145 31.430455315558902 44.4059265469956
1293 43411.38534617424 71904015.84493254 -43.374666870193565 -114.17888184071089 11.203253244480106 70.27117727701015 -18.060743930767025 -6.56802786845418 52.66053759215333 26.459986379345082 41.187704926856895
1294 43444.88424515724 71302806.86629792 -33.02361402440411 -108.15406249872872 3.8346777719891847 82.36264027980036 -20.555197544273565 -7.6314797574112845 48.434559505319726 27.03716083217364 40.76934988719415
1295 43477.68947672844 70773682.45503631 -19.386308259025128 -106.14433147368672 -2.5435314635246584 56.04841542559839 -46.99900916747526 -6.713447339878769 32.78040649109357 18.66940487906811 32.22267803568968
1296 43510.0437541008 71802715.03944702 -30.32693629812017 -110.60067784374465 6.50479534181607 47.68637503010997 -41.595501031156715 -6.85588140306362 40.54713854682973 24.479882949891817 39.8475713734033
1297 43543.47587656975 70885076.63540237 -30.277773942526938 -111.32481512057149 1.0464728586787224 89.55599328180081 3.569681564078295 -7.332594696947297 51.821107947955625 21.51106801107153 34.781707044238374
1298 43576.27606463432 72056893.34358357 -15.173974385446417 -101.17447613449856 14.511076065686304 109.56920013646591 -4.141985551205968 14.334343211991722 78.36179720835469 31.15673274298217 42.94071820457077
1299 43609.12483882904 76216098.42217387 -37.82225736961857 -143.0009864911128 26.62846031964709 100.76689867201047 1.9121685559430492 4.0008379524802535 104.40191806569953 51.70129602463339 70.97170731506424
1300 43641.43818092346 70617159.13375068 -34.60150635979351 -109.4486704673924 1.448172839342007 66.45495941338288 -18.527460527493606 -10.657202491642806 42.779894923470124 22.19653112284584 37.023493705921624
1301 43674.338186979294 70460908.47334106 -30.155465923554594 -108.9283512222592 0.6914503175108209 78.19993780078572 -20.232175604543812 -5.02288598621999 44.90362601531956 20.790077857921005 35.83967350846228
1302 43707.062261343 71944551.10669361 -25.50252483359337 -105.66246834656653 6.824699993148947 54.57824584672964 -36.55405029065264 4.982132029663319 69.29602422305788 28.26699261906151 43.63114252070886
1303 43740.72048664093 70862108.37037112 -32.24634270585537 -116.41351425909525 10.60050808482768 61.71598616349594 -33.939589452517744 -5.732685814750766 48.9474957562926 17.681770233293605 31.747045848704374
1304 43773.59412455559 70048970.88820407 -36.94937884093649 -126.69231852772289 11.11078835949467 75.29060199492567 -31.392189058505306 -10.95616409427737 42.770508225490744 12.842253806614735 26.199687491286568
1305 43806.7542014122 70416911.94076487 -24.767490588637514 -103.06310065108931 -7.6528004847263915 41.873943764256595 -52.65222447791188 -8.576659727114816 28.92385857399995 17.26119216972279 31.35188652488
1306 43839.97830605507 70430303.77176562 -21.816928263067087 -115.38755753200684 2.387368833715332 58.00395817305379 -45.911921171297664 -9.593458137296523 32.14352206353374 17.431813068418364 31.778922492996344
1307 43874.23399400711 69796627.34255658 -20.827974064532704 -109.79432664940174 -1.3724406182347266 64.20438345538642 -32.95507292745118 -6.848754062762509 30.109389531209104 12.62152415613798 25.874494414746437
1308 43906.69179606438 77668615.7833383 -15.558839643759086 -150.61257177002696 53.25234756679086 149.47298149303975 43.855321634206895 17.592408177986044 114.01061038261173 58.766895696381084 78.93550758163974
1309 43939.22121143341 71015731.87434112 -40.90298526640807 -110.38189770694703 4.144267521112511 90.37352470869575 -2.2324706478608762 -5.778813848973243 47.78560356493574 18.555937755289847 31.903811435743933
1310 43972.58697938919 71003809.55908082 -39.11894799631975 -118.33907358647336 6.942452136846271 59.671213344162304 -29.395283570015252 -8.728727194770443 51.376677862371366 15.060540375554638 28.907441261164422
1311 44004.948852062225 70906835.68812007 -11.481060210780733 -101.26204634978951 -4.621291051255419 30.45097369639814 -58.719158848732555 -7.117231653604279 21.066887545686768 21.996195399463318 37.04828888503437
1312 44037.50655031204 72039208.96287337 -42.51747768158517 -112.42102397821827 11.173983118836375 89.38678144566614 -5.202927920696918 -4.072199205087145 63.42395378989079 25.410745009729226 40.47316021143854
1313 44072.22227835655 72700352.74181172 -35.871060464799896 -117.24850745986224 12.444182230014206 88.859506913276 -13.068582890576387 -6.056788020269039 55.431196275049956 25.688238061195193 38.755074369414956
1314 44105.54880070686 70089335.94832635 -8.193884141996335 -110.06390479112807 10.736917335108853 81.24846534611365 -11.332192617007092 0.7184888258197475 37.49816762349997 16.495504829364904 27.482365910494764
1315 44138.87324643135 70227270.28658354 -25.336595717515777 -111.19492222150986 0.9761615507198513 65.37058165429103 -32.298023382738734 -8.064564173754889 32.688704688263556 15.90030767823248 29.736026102196547
1316 44171.56657934189 71964329.49910504 -17.659209642745857 -106.38683447106565 -1.3271192569578005 62.61337456973534 -28.25375335242446 -7.077267056264475 42.48296793019915 20.768915512470016 32.66137813846842
1317 44204.62111520767 74270946.40310565 -45.71293274729281 -118.40370457963753 46.79669553366852 91.58634191080665 -9.997516047368734 1.9542277371464252 63.685966951712544 50.406148265828165 68.23046190553305
1318 44238.185381650925 70797331.05695714 -26.585158500222917 -107.16233064292086 1.5204129287767643 57.52679638927278 -36.54161191135421 -6.51739417466149 38.575152954857 18.63244944932842 32.98777308726267
1319 44270.800639390945 70764894.66946173 -35.98626712143331 -118.58146838871743 13.830722116171493 90.47727041349782 -0.7385164548493766 -6.981805681474896 45.612454618622564 19.77284772755695 31.870885114010093
1320 44303.147030353546 70053493.2472346 -24.648420060564987 -111.05230171799045 -1.3965550410931513 67.49196409058986 -34.732631064720515 -9.661432446295123 31.211385178803425 15.5667608691939 28.726345027735988
1321 44336.5575261116 70663330.284814 -53.24484278335012 -119.70207388806566 14.673537357208751 96.43079589220676 -4.540185429513156 -8.915293128030271 55.34257398267823 23.423962283182163 38.585970812651794
1322 44369.59653186798 71331383.27111007 -16.73631629333905 -109.62169170240124 8.076665697040948 61.699476463359744 -53.94744891811597 -4.453888083454672 35.8198085310878 22.42940571027509 37.53188267690962
1323 44402.28625583649 75281057.4508367 -42.19987107412646 -125.86095929413852 52.94679452753397 82.07778575925494 -20.280028814859822 0.3464075234307984 68.7251299185026 54.798989893896874 74.73367468366632
1324 44435.39011287689 70715014.39990665 -28.700817954857328 -123.39816340588693 13.108456491767722 94.7628777420739 -18.778637477814502 -7.973567739915495 48.45673291270589 13.301501004995089 26.043117914881236
1325 44467.832298994064 71101676.33897977 -14.311691891926692 -103.72741796849682 -2.8516871651518514 42.016259551437386 -51.6390199434417 -5.52888852012336 34.87934553490879 20.3699502979091 30.953940487004274
1326 44501.18096470833 71384985.07336503 -47.33971483587453 -118.87920660150851 11.320301723602554 92.46811810221745 -1.4885868700185325 -7.351218422244983 58.215418447212414 17.53726345413145 31.024208060956425
1327 44534.382650613785 74227315.55884562 -12.810094190747254 -103.5958160816813 31.219235737832932 51.99525769261339 -47.54597349560842 4.485693910870964 46.761968503131584 50.62748121059485 69.72402699628924
1328 44567.00739455223 70476017.48974046 -35.29688486634049 -120.97342319432977 12.481846931161659 93.8708077473117 -4.791428915616253 -8.594107343866767 47.26177434049532 16.375741371007848 30.060171370921353
1329 44599.41375494003 71485029.25959428 -53.921977815981606 -120.14646152365344 19.799292970545913 96.86674781010595 -2.990390285619405 -6.240558064092113 62.405881751224115 20.45507995699961 35.04674174818433
1330 44631.67953872681 71222841.51621221 -36.56909262607949 -108.67656239793648 3.2885909700991114 58.22407959518337 -36.5440459045744 -7.5520603473930805 41.3917533509773 22.012364269906243 36.21272506771129
1331 44665.98821640015 71294260.85379478 -24.34983673800697 -102.8463208662183 -4.193290812692219 63.44777056837617 -21.79469387024944 -7.577755085539707 39.341074721488326 25.53416235840723 41.0454941508209
1332 44699.06651067734 70407495.73673096 -30.458294253545652 -112.32985058942145 0.9344884734208101 57.07127320733228 -36.1767793848143 -10.506728629628753 40.065020831657876 13.676609135218541 27.39317536641738
1333 44732.58123230934 70236962.43778254 -0.27465272528349516 -98.44246093892414 -2.7963886913029015 66.42833967032227 -35.18406624865756 1.2790882631934437 24.640241982128032 17.84522792127825 32.146899664636976
1334 44765.693588495255 76255570.15511043 -30.345185410096832 -146.9917231486395 24.751991579730756 86.9273705118904 -4.413890466090466 1.0567435693504308 97.22187312628455 44.36710493664418 62.342479149834276
1335 44798.60681581497 71058809.23781063 -28.7307547098572 -110.88769787761949 8.47296610950221 59.365096846627814 -42.20497393620888 -3.424325635475384 48.977636285982385 20.75366930211885 31.12903680437296
1336 44832.254143476486 71375007.95892708 -43.952216760505266 -126.80907727658939 21.84261973096639 105.14317028340565 1.5270359982420598 -6.185872248234034 69.88019135051957 15.835086998642623 25.699235374336126
1337 44865.32504487038 75946868.73880447 -27.08487077681429 -143.8364106007724 38.26207389297565 79.39983462449442 -13.594402088681596 14.275841805381788 111.85470219225226 41.36353922704541 58.45991098196316
1338 44898.178612947464 72626929.9340687 -7.152427714186478 -87.75873195119051 -8.008745050210322 40.32347316857597 -44.88758569400708 -0.594349482046141 40.52690446690383 26.441305910806932 39.43648541959669
1339 44930.82621717453 71161808.43210389 -19.969023914908895 -98.34649288621705 -6.7139547779637425 53.38843170363215 -40.55529845876543 -6.042293733159738 30.134265040920695 21.75971416144273 35.64019908508578
1340 44963.39351987839 71046302.62656038 -28.475568302281662 -107.59784053324852 -0.11645048457191365 63.920214128443774 -30.41013265949773 -9.012789629464578 34.18736673974945 21.592364629578924 35.603324762841225
1341 44996.239186525345 71895298.2482864 -12.592488342521465 -85.60293313183203 -11.081098587049688 26.988254179131154 -57.50888137309703 -4.075227795433534 35.04304806108098 37.45709647595561 50.964281062803366
1342 45029.476311683655 75717459.02284558 -24.912996600782556 -138.312239848824 22.496112843830403 80.6600361923913 -19.787618450323826 4.3818885062135 91.49760978082725 38.85220194883834 52.579688078539675
1343 45063.05457901955 71497611.79066445 -26.518558284652947 -112.87398380962118 2.33999914344065 44.709848450050195 -47.84275121581206 -8.520137163315326 43.573793159839056 17.918253478781594 29.68352934871507
1344 45095.72417283058 70588771.79775421 -4.078306947262018 -96.74181173581556 -10.401468937313886 27.56729959003339 -66.24182148146893 -4.594786696025835 22.806946541182924 17.366420260136465 29.72862771783116
1345 45127.96195578575 70795217.59947978 -26.99825058723838 -111.22939198285509 -2.7393891580012664 62.30245101997783 -34.910804307814615 -8.063067535750747 39.80805167441463 15.613191233125463 28.964283543099782
1346 45160.7561275959 73235928.71517563 -33.16791604560355 -101.10374254921392 11.75199159315763 68.42549904487282 -21.141619833358597 0.5010949866821193 60.29854302932847 32.02537782884542 40.65259612839179
1347 45194.60819840431 72128575.82530904 -12.823616731206867 -95.85291375922932 -8.320831490912312 35.10990015231008 -46.66146757955134 -6.6205821966549365 34.391761690991984 24.518215009653204 33.746810993379995
1348 45227.626432180405 70406263.41196069 -7.33919466618198 -96.56430693825635 -4.917055253782486 73.49148102511411 -39.19307369485367 0.7583688875941448 26.260427298989384 20.319314099197072 34.42156760287571
1349 45259.827545404434 70965970.20575915 -16.372663359332712 -108.30516876090124 1.9754506894764319 63.95631325305928 -32.85705519299163 -2.7831030229274916 44.08645634983361 15.419847812841226 28.441384695617444
1350 45292.32469153404 71795496.28857999 -40.8499004916938 -119.06077309403467 19.07313530749787 103.03286667483982 -12.761946743344136 6.24735102763259 81.40785589926463 22.371386291917474 37.06451621477049
1351 45324.75594472885 71873751.92637816 -43.02254699661233 -115.53221341190546 16.669922343917122 102.13907843058433 -1.185724369623113 3.3107922861125303 77.89001593149578 21.928605770988156 36.48381037661591
1352 45358.55027484894 70889612.85885367 -30.4551458087673 -113.47120820602215 0.9887330683050308 56.04667189631647 -33.23613959436562 -8.369178048972685 45.52043097192677 15.642968377881743 26.812226705117496
1353 45391.59720206261 71723664.1046145 -14.255351536113343 -91.20788771500291 -5.784795248933406 73.12790759249994 -23.9880711930658 -3.6195176699263243 40.23641863391879 36.306648438159186 51.323795149128046
1354 45425.26671886444 71621401.85800968 -29.643978331703604 -107.8467498351455 -0.2699641594773752 44.614693924394444 -42.28964307233054 -9.82615770819848 38.972585596280965 21.129512953112794 35.717860240135224
1355 45458.17513346672 70757939.46182154 -0.5869243717434021 -101.63201567106097 -8.130938939214289 52.33484876858886 -36.942318748659176 -5.44647386624132 26.22401560954677 16.485574628625272 29.39937142152462
1356 45491.945776224136 71895612.08680598 -12.07650813571318 -102.77964052620665 -5.574641220012666 53.58336638008623 -45.28177349595487 -9.636070621572742 29.18640296341721 24.6787215261254 38.07912920987178
1357 45524.38549232483 70644464.15071516 -11.105116979894975 -94.2582875874589 -7.549707997363086 45.902046959993704 -54.83547001007801 -2.7547281719475336 19.889480378581766 23.71689315968763 39.08126609084991
1358 45557.031235694885 71010191.67435686 -19.750883086016557 -105.79523906746056 -7.076359005089664 52.693659042574296 -40.808432452844784 -8.29850929700126 33.89778494506777 14.988091484281767 27.969625588668464
1359 45590.65772938728 70742335.90246986 -31.00769581717597 -114.69169083037961 -1.2412803098390128 67.2218681306172 -27.42903354332069 -12.13187546911081 38.77177788264362 15.167931306848914 27.37416097056814
1360 45623.453063964844 74714592.21439014 -4.472235268484097 -104.31011255254631 28.76020921798055 45.42563713972195 -58.49903873416233 12.41326244167658 61.954231442657374 50.81119644801845 68.25265603101207
1361 45655.749713897705 71269511.40065734 -14.30475235346685 -91.73917782375331 -7.227562483659426 29.32466539348963 -58.02391704272385 -2.4382971596558605 36.10088530726421 31.785698787578326 47.65027093729316
1362 45689.201296806335 70672681.08718307 -38.100077801554654 -114.54498204400524 4.0786298612444725 69.96340663012984 -31.685627130082292 -9.788065722812235 43.303363088379115 16.806893448054893 29.90066481755798
1363 45722.18751859665 73333210.5926325 -7.678518404129198 -104.0511591561641 15.569766452189405 21.450574457670328 -68.0059358281881 -4.015878633724412 35.860698593898974 39.959049512210754 55.82824165658349
1364 45755.2471203804 71235956.61116762 -13.46820287800381 -97.15816496014297 -8.318593770816477 41.02285733091268 -46.224808531781676 -4.9825781526030255 29.611158377080756 20.731657256909784 35.074370790188254
1365 45787.80289745331 70155765.49530765 -27.51064173029511 -110.21347137237785 1.0368683278304474 68.70167490036884 -33.04441083607107 -5.9390760852813855 39.22063513024807 14.830015388277957 28.421311450252915
1366 45820.963439941406 71239872.64513527 -22.712812533605167 -104.64911924939103 -2.7631371623988485 61.99551001498564 -34.949758685233455 -7.30296967117647 38.023847569524264 20.908460810663883 30.803225435815193
1367 45854.2383286953 71088551.15142283 -21.753944736377676 -112.29447744656959 11.72921975539714 92.18387750914701 -22.298760520767566 7.5465857888862615 62.55150294874511 21.362952120266414 35.40765385596433
1368 45886.79282569885 71698833.32605216 -13.8146836187176 -101.45302490831615 -4.763534985937952 41.644323402509706 -50.316993081263746 -5.789859057093793 37.442726333336964 20.395579630991847 33.30865555893047
1369 45920.01632833481 71033975.83190797 -31.54919989884877 -107.28847758648342 -0.45545989950004184 56.86736067607327 -37.554747958329145 -7.645182658264957 37.577388431673626 19.213954970920554 33.644711137210834
1370 45953.58609485626 70082682.2654929 -17.305983734678783 -106.39920400685553 -6.440166548592657 54.04027441046436 -47.81196376582728 -9.107537249418044 25.320723381923244 14.252914826562687 27.970139279577097
1371 45987.039867162704 73092399.20304058 -45.30927987491555 -132.43534029604876 41.07367340867856 112.54065442146933 2.6506841979120175 7.113505534930255 91.50451039044492 30.351527815033364 46.44071506854732
1372 46020.03946185112 73065649.59501135 -8.645739271693285 -107.55879487148816 9.580427765651049 55.14310984143655 -33.19554174435149 -1.7729140953137517 46.488752365623554 28.190470469915454 41.484925934679495
1373 46053.19017291069 70730835.56365941 -18.87974461531249 -106.61426375180817 -3.02566337665035 43.149833741123985 -52.397333443943275 -5.367707822481748 33.3257343679802 16.54034936004291 30.42799025096656
1374 46086.38941168785 71451221.08942248 -19.711033883462584 -103.32746118592244 -4.625607601221951 41.98179724885472 -50.2108661685503 -6.971718975271301 38.1074002327199 19.453117501113297 32.385945937813176
1375 46119.723485946655 70407213.04397039 -31.844307864206414 -114.20656352878947 1.9317557647857981 45.640161886274385 -51.44966755134152 -8.891936816829514 35.283041569887814 17.708597458578083 32.152904388739216
1376 46152.405369758606 72373658.85244173 -10.482428124016005 -92.39877870528764 -7.095655762387587 65.33008515991517 -30.59479125244377 -2.6275519863197587 33.06142482080418 27.7480668145256 39.76632511331593
1377 46185.45151567459 70710032.34141031 -10.060156950982126 -87.8834817025371 -9.917554831288832 28.62960870454315 -57.845722641991266 -3.010872934905933 27.582114643200157 30.800562192274924 46.6602944451073
1378 46218.8352599144 71451783.49658753 -17.221193941810075 -107.0674106957956 3.5106226176401414 65.90672570312546 -19.047625027802567 -6.3545532979104 49.731731981673875 21.47812413887368 35.35391525771911
1379 46252.35788869858 71068830.38582863 -10.629754830834004 -105.3659898809719 -4.520183386462719 61.02183465011946 -41.33504499238494 -6.193386954975381 34.97852568516953 17.048481895559803 28.242433309522426
1380 46284.4331343174 70846852.89438762 -9.853901492793241 -100.91265101872112 -10.954030615796029 39.425240515486365 -54.28307601097825 -7.701748908912009 28.999548803637026 15.294766356524974 28.841533327936645
1381 46316.9337310791 71018180.56515235 -40.81886439053096 -114.344134860777 6.265902649991737 91.34217981151508 -9.61588857771385 -8.08050853834601 43.33058393814156 20.11498831908648 34.958645413795466
1382 46349.66908288002 71464647.52702825 -23.977068500394488 -105.7629349657913 -1.6058230520809005 43.47596952324666 -52.06437307095262 -5.222820556351621 37.74605043910503 20.265282626201383 34.3145085579672
1383 46383.12745094299 70649870.96630122 -12.01280808778811 -94.98869203232339 -9.675211613372923 72.99076442550466 -26.73652821145503 -3.289935767075349 30.370476471541224 22.282186301153274 36.83947698276609
1384 46415.92388701439 71631083.79361765 -10.182300325433085 -95.60150498421257 -5.256259415876123 42.4712624658267 -45.617553878172 -1.097559152193469 31.757350301858878 24.43254589922708 39.52792402044315
1385 46448.25709319115 71200886.98212822 -8.7622274859213 -100.82374152311185 -9.195797133629036 27.756422607197166 -66.09655102200682 -7.674395089471034 23.648795923331704 20.005055255225898 32.5960611424116
1386 46480.89122104645 71093185.14182477 -14.559976767989667 -101.86300740677804 -6.5514651810175835 41.52530821920564 -47.21154976874402 -6.404668680620091 26.864320392317836 21.003980980809388 35.282366827274245
1387 46513.996693611145 71479263.61094204 -1.8910123208925977 -90.58222693057144 -12.59608910657569 50.007811617414305 -44.1734831789982 -2.5218600436872975 22.720696964265244 23.916919261940393 37.763338984177494
1388 46547.006736278534 71232820.41912016 -7.830473079214434 -100.19726533913759 -7.162535079013772 28.68008399993066 -65.83909032395997 -4.107182001089029 28.146587589856153 19.63323659554237 31.554344493064946
1389 46581.167701244354 71090323.33241187 -14.690428856033593 -92.79829330344342 -6.721125628079797 46.87878538398007 -53.31550597736839 -0.8934674027962615 25.85451227115402 25.64319523876759 41.08975308519598
1390 46614.02481460571 72873050.45988502 -8.364798647771552 -103.44247471105375 4.424800454554266 46.7225042692727 -42.82193092742919 -4.090357859287792 50.8347237523152 28.66785003043742 41.242979002290554
1391 46647.68636393547 71095583.40420282 -4.6751869962177395 -98.3624111814934 -9.4957105263967 27.636936460684623 -65.9055225067539 -5.756109368591865 23.822284532545495 19.044878310906256 31.91836175885601
1392 46681.28933262825 70840237.51098953 -7.173445395868024 -96.71980513541601 -11.720659075859338 38.76362062402634 -56.98749207167679 -6.080826368789815 16.909934509159143 20.210074137336733 34.010534632894974
1393 46715.00915265083 71263955.28012769 -33.60725482212894 -126.29403362008294 10.334819725230801 81.33355244141197 -11.185023426948066 -13.086400475468679 59.150674051825604 14.090363273263847 26.834515401328076
1394 46748.672245025635 71567349.85840254 -22.21467717680578 -115.87713246044495 6.940148241830997 86.88181930631276 -10.05832127159087 -11.51055471181553 49.1189292913848 19.973003318087308 31.719728698048243
1395 46782.33644580841 73508585.38811678 -27.93117390619023 -121.13637606935588 25.472077075445345 126.58740707084209 33.85830655441487 -4.684973627557042 68.86306284346506 29.999154706077206 45.04090515902362
1396 46816.06195807457 71115062.40369451 -30.85253995016744 -124.67022748052983 9.629447318413426 68.7765532023476 -24.840930516546695 -12.377426016659285 55.33389682744621 14.741279689383418 27.657190407756616
1397 46848.769058942795 70975500.80264847 -15.318417653489178 -101.43315214809235 -7.666880961490996 41.93522699460418 -53.91275832538936 -5.8374965614819985 25.17725345674694 20.012358122198066 34.67903559306933
1398 46881.95859980583 71262368.60183752 -33.979015148285406 -114.98155412616275 3.799693041031592 65.170667855534 -28.319974436269298 -7.862114738153309 47.46643136583077 16.6213402263852 30.253796545743285
1399 46915.2668466568 73243542.40012115 -18.37985876479849 -116.63710756628753 21.647930790026656 104.5082802654621 -11.34111198393908 -2.313676095359142 49.85814595161003 31.853214789084063 45.71152597076946
1400 46948.95765042305 71359938.2997643 -12.261001398450691 -92.68367886885015 -9.031390991068932 51.47048438458896 -41.88067398903677 -4.191809543381169 28.690639961716442 22.96334284795239 35.05758083804642
1401 46982.760429382324 72911841.8586518 -19.14090141149739 -109.08248483899416 13.900195297370132 77.22023243973322 -30.448949731397107 0.003615195886879974 47.13393889738188 30.057171693070245 45.95046289721961
1402 47016.585629701614 74244388.50600673 -14.603076012976194 -104.31288201420513 15.878959273739788 57.04297776119786 -39.05858449632263 -0.2127330848428528 47.20072436369264 39.338671503069804 53.60279805791879
1403 47050.03582763672 73417559.26171999 -1.064041782281027 -100.09880210435499 7.331314572690289 66.13921948491601 -31.188409953978656 -0.23990082915565836 34.72620064264049 34.969442964850145 51.07106800027327
1404 47083.02946352959 72463231.88716178 -14.11333878594652 -101.93168342162652 4.046494386916184 54.267762554602996 -34.31858885718162 -2.528881309043072 52.38769191171639 29.03325722478087 40.80570153978147
1405 47116.29591703415 70906218.4716775 -18.47399934152636 -106.6748745892551 -4.083091004011884 73.8217113718342 -30.403015980891155 -6.2597729789036975 34.79399488439071 16.558789818976038 29.722130810037015
1406 47149.0523891449 71505058.3464216 -6.729945863362872 -92.09151508609743 -11.874885458425254 38.772340244517025 -56.58076100490944 -3.9793205526743236 21.822715352787213 25.596153062234407 38.08998182050573
1407 47182.93549132347 71442561.72710745 -12.081616016648983 -94.01390685081421 -10.135503836066107 39.59089780764954 -55.080927017126776 -4.122369326204819 23.94949238184381 22.34560273721695 36.36253333762693
1408 47216.20103144646 71276123.64139976 -21.432730262900474 -112.26181813086478 3.94674489771813 78.72226182486474 -21.94614961787474 -10.275450923709741 42.207471483379436 21.94452852643633 35.76115817130528
1409 47249.625123500824 71455727.79257469 -4.805532907643796 -94.37272877453705 -10.894976261802682 27.180742124729267 -72.74320747712765 -3.556568796418219 23.790598695676522 21.801120126916544 35.09181269329508
1410 47283.168926000595 72008308.3960875 -6.939196304043717 -90.83931853565231 -11.008330628616882 27.193684818095996 -65.83997003901354 -3.5258609177936933 23.589650109655167 25.68507883637278 39.74369758923024
1411 47316.88834857941 71352591.8864337 -6.001682838257151 -98.49149365532801 -7.824252862246055 28.045362525613257 -65.90953382730105 -4.83482168783155 26.182150333879008 20.78387726342305 33.32122464902602
1412 47349.61818981171 71645485.71640643 -6.877891199589968 -97.96718309490416 -8.285412403852177 36.135360968995805 -67.87236009421608 -3.534231089727939 27.862217526397444 23.0423887236916 36.2706142755751
1413 47382.284729242325 73423935.61425577 -18.888272757286067 -102.2199390447199 11.651462616620183 80.5833781879756 -23.220037861392186 2.373914141466855 46.17145489379993 34.485543353919866 49.61658905066713
1414 47415.49105882645 71339932.66275534 -8.855623784989119 -91.62850790194804 -7.730795830679739 51.99973072946324 -49.8981927413935 0.10118708285045841 31.16798119649991 23.913120823368672 36.08295492580396
1415 47448.6125228405 72329239.56710391 -7.851902936158037 -90.69466252010606 -9.993857759997482 7.928688775496752 -83.21246586793795 -3.2438332027109595 26.969342365737702 27.526291933828475 40.543453600381326
1416 47481.48569869995 71620316.9996125 -24.332821405341257 -107.6019161408376 -0.17755319193414465 75.21123506056179 -22.81969293961211 -6.087118946794305 39.48617971201247 20.214124898573118 30.917691398126863
1417 47515.27050995827 71137796.00433806 -29.63945264497063 -106.2889962598288 2.1662003169050053 76.90808383489451 -23.34769189424118 -3.207541645276706 43.536102813086245 17.831426525840357 30.893215765390778
1418 47548.3226108551 73397048.74833982 -8.235016552914944 -106.52270275728931 7.295509613874572 54.77368138750195 -42.75686100891617 -2.2182133661008265 40.84611387664802 29.386918251579118 44.79263480308862
1419 47581.99231219292 72689937.613462 -13.172618022241977 -107.25994646557238 0.07550196816055177 52.584182004572504 -31.159676308748402 -8.520786970463405 47.80119797126201 24.693531085609607 37.16768199164676
1420 47615.05167412758 73692621.77058014 -8.147295484460864 -96.26987482153358 9.093111428795481 35.80510707279427 -60.619438301239825 3.0170590413975447 40.08549458896289 37.05194157799701 53.02753889089843
1421 47648.07178449631 71201529.26197119 -24.287893433437656 -104.12558838092349 -2.8289063848179765 43.413838060022414 -51.9647381404863 -6.077085152792563 32.01488147939892 20.264840273643017 34.82451029284414
1422 47680.88575696945 71141392.7498532 -3.300420771138114 -90.6556591562592 -15.203159917497757 37.74168292712206 -64.38873504677503 -3.963507038569162 13.61148389784455 21.75681480030505 36.16084802831165
1423 47714.03708386421 72962232.3433627 -4.0129681932097725 -82.60653268412283 -11.172014653244446 27.68400222654844 -63.87470066341771 -0.42932995365077886 34.38581758676037 34.02039467205873 46.91377480233143
1424 47746.79736971855 71641515.8638023 -11.794730204027216 -99.15751293303346 -6.667594111052381 48.410531147095284 -42.77952583142169 -4.480803788471292 34.73636341054089 20.305384643347338 31.79455652266779
1425 47779.45466041565 71768554.84963065 -26.000859904669376 -105.14691583248171 -2.8279947334606277 42.6287089591473 -49.33651635256313 -7.340164506549854 41.3921416589036 19.731764650114428 32.00888469327208
1426 47812.37776041031 71889452.9039463 -14.275344179539314 -93.74902905226186 -6.700754060707027 21.840500028054525 -77.16754957244224 -3.219638546427234 26.968521221055198 26.632623136236475 40.24111667010607
1427 47845.07626605034 71838930.98422432 -26.12314363517899 -104.36123277192515 0.11244665399320297 56.18763083625481 -38.672889259198485 -5.4526270641904375 38.35056735306546 23.86370989258046 37.77954691665195
1428 47877.59180188179 70947740.98630919 -13.349504180620674 -100.84878782732872 -6.74870647005924 41.024832452905265 -55.08637773346403 -5.010335564141144 23.284323505454836 19.977854450048653 34.081761086429765
1429 47910.12431931496 71431846.38461831 -26.59056552735955 -92.98183218285953 -7.911827549372838 41.22800018202938 -50.67234650785089 -2.8448075693033843 26.234090549474445 25.696297122005603 40.194171992552924
1430 47943.617564201355 71302687.46813183 -23.237623553579603 -101.12102085836553 -2.559370160385292 31.64669500479861 -64.97372420873904 -5.929680273185511 24.921824084011973 24.554874412179856 39.89030587617037
1431 47977.25546717644 74018968.14203806 -8.374256209066607 -93.60285786723317 10.417778789915133 56.21175198149726 -47.68538699821561 4.649190679059075 42.5438015309461 46.25965969219328 63.066150584082266
1432 48010.499811410904 71931155.58266936 -8.496236593033617 -91.93784644347244 -9.880699260981487 47.11347799267354 -51.39648663910391 -4.308910756954447 25.678648644135933 25.282502487696092 38.97713455608414
1433 48043.57856273651 71309129.8098026 -10.51185163266739 -97.10829100574443 -8.839630006763493 28.011435868086764 -65.95467528826651 -4.864398389710232 23.643759698215604 21.913238429135504 35.02676089145484
1434 48076.80960059166 73736584.22453858 -31.609205536146508 -109.90025379601695 21.50769570733806 72.916211849474 -25.60322032931908 -0.36856196011871134 50.97324820036317 38.45528235444476 55.74469343852036
1435 48110.254610300064 70955499.67874973 -16.5023321510225 -94.72096953565767 -8.927465385176681 61.20691161159104 -42.721057455202676 -3.1998333404443997 25.199489919266625 21.081632150150313 35.70048545704458
1436 48143.64702820778 71997687.62592292 -0.170456514171077 -82.36084041474682 -13.283028268893375 18.9565884065669 -74.63450530020327 1.4920485332490898 17.876080519202674 29.706233878530156 44.898892414104466
1437 48176.94093608856 70601569.17134747 -19.779761207080774 -97.3663455904431 -6.825494593291637 78.28574361847618 -37.517980236309455 -2.430587321724488 22.984732267525033 21.171881319031627 35.88928435762318
1438 48209.53506684303 71005512.20707344 -14.973605517329512 -99.98979320993952 -2.300208861333431 54.871641846356766 -41.011101710470086 -1.081475520952722 31.555198805238206 21.3903601787448 35.626370903779275
1439 48242.19896364212 72009835.47732382 -16.225955123666523 -91.62982824584826 -7.5996719602544545 33.69519462285778 -67.31770962480142 -2.774852855069014 21.9572691984946 29.537818856541207 44.74530827157423
1440 48274.73212170601 72138368.10818386 -2.6891655340444878 -90.28893565610741 -12.61944781151967 18.980426408261557 -80.24472178846497 -3.084105072045304 17.371714023695972 27.266799458595187 41.37270068068278
1441 48307.889060258865 71920374.06667459 -22.850715264282737 -97.30085338093028 -3.884427800273265 62.37268941848155 -41.142884866152464 -4.2696725708012195 32.66337723556421 25.402737152903114 40.450929726253094
1442 48340.50008940697 71115882.9805389 -31.534292601374688 -108.71837724620109 2.5140956531332677 69.97446369945612 -40.217653758631634 -6.180653389991903 31.47679688653284 22.30637495022347 37.27960544859343
1443 48373.64600467682 70787161.73092578 -35.36379474900366 -108.57867492269398 -0.7231538334191967 56.394595714128315 -46.22298539142064 -8.929235581322132 31.941303998061358 19.170054805820428 33.65124554674844
1444 48406.61350893974 71707555.22523597 -1.5279496930306227 -91.06327306160426 -12.086626045838067 26.115796421502136 -67.73090176457632 -4.240336356630735 17.310139026585148 25.49886953481598 39.055806398753816
1445 48438.98472046852 71798286.21798107 -22.81246815916346 -108.24260715466947 3.872338864446352 59.01839291025528 -45.18797778099284 -6.834503486484209 33.11833791716015 24.48460556209102 39.15938254873697
1446 48471.44193029404 72020350.87145734 -34.91091183769979 -105.27665451549233 1.2840110311567052 45.04728727997708 -47.511437869243764 -6.675422508856855 36.856640325225385 26.437621908273968 41.67421791856884
1447 48504.658148765564 70979503.96626797 -37.57943251647443 -111.43512698139605 5.912127584844903 59.76552023904782 -43.08603559068721 -6.255771701628078 41.6590390221653 18.65494727064356 32.422051243686724
1448 48537.70821261406 71537973.65515427 -11.54491737960754 -96.3087128653419 -2.2644553950907493 43.27000313288961 -51.68163641089355 0.07179860623227796 31.504850260587318 22.904688355183453 37.840977343587724
1449 48570.806557655334 71386932.61022343 -31.66562883654705 -101.05410752284357 -1.9212318397129877 24.24238773000404 -69.0363532836884 -7.067840981967208 29.89867788317804 24.07449118605109 39.05053126061978
1450 48603.663113594055 74878350.1278917 -14.203182659871784 -136.60340391653511 14.25023543424247 82.32071776305003 -18.685253534740582 -1.3469067213887342 67.04837352688355 32.26594609205017 48.021963934764244
1451 48636.23319220543 71803967.51992801 -21.10907324303212 -97.61572121139298 -7.559421265045955 29.169041585200578 -59.202731808706936 -5.365312775861014 27.120506904306808 24.567097224456802 38.92347650137981
1452 48669.848428726196 74124707.41047375 -44.775266187792866 -112.04518867675807 25.14770302923547 74.891789115378 -22.71156772871289 0.29096279076503606 61.45864728144795 38.316454125987775 55.60780249313996
1453 48702.37363243103 72200267.4032294 -19.944324674735682 -95.08631287171774 -6.0767315287950865 53.938303070015806 -51.392593461414734 -3.697615637958961 26.219087707416293 28.536076310413932 43.60894579953617
1454 48734.94712948799 71945767.00005054 -5.4421151034936415 -86.96986087040912 -9.179949534701478 39.29828764361746 -56.46133672960644 0.04000096258249641 20.148472227625575 30.05679908174693 43.16158053544484
1455 48767.37686085701 70085612.9124991 -28.033847818753898 -108.17795858885744 1.3826613311702936 45.12772463897395 -59.219472488984884 -7.578528177412409 24.259835125110953 17.97585308016312 32.442348887012486
1456 48800.63557267189 71081564.71387282 -11.403197118539849 -92.38513354308674 -12.572359180823582 50.27828507316073 -51.061273449087516 -5.791871690678249 18.028032917396786 22.930045864544013 36.40225745234636
1457 48834.31215882301 76050421.40311147 -40.87215815253646 -154.29449730673122 37.63365462226532 156.8247267494549 34.07969591834823 2.4394860022233047 103.27962833910738 41.00587901019742 58.49859679135125
1458 48866.732669353485 70541543.12573072 -6.381194242522602 -90.1146986008981 -8.607714485309465 72.91309861656309 -30.90445623058853 0.776063530441661 17.976439418726045 21.677433885003097 36.13306241188843
1459 48899.0254611969 71178747.49587917 -22.495188155663456 -104.6760694635317 -4.595634462176875 41.813256457920325 -52.84159108321433 -7.248435266524382 32.406464601828475 18.34158954177326 32.1878572030065
1460 48931.32857513428 70844533.77868932 -30.215404037958724 -107.97084545582135 -0.30526804653615613 44.98311467385051 -50.32905618923669 -6.6891505523573755 34.17789757704088 17.87184073356525 32.03023713187736
1461 48964.349308252335 70911964.00461034 -36.22286031601471 -109.34568381496955 0.9411513108803504 44.25106429473 -51.007786225494115 -8.286160374821236 37.205543222134224 19.055104377864723 32.82093723181356
1462 48997.06514811516 72021134.42345752 -24.35364083817067 -93.49614224603675 -5.598876557385189 42.34037421082283 -49.745062547191964 -2.3685792108844907 26.339834011336734 28.770318811720358 44.67652498320774
1463 49030.117485523224 71674897.3535018 -38.734649644961934 -111.28664269298963 12.160595463603485 87.1874249661668 -31.514430517181616 -5.324738445770947 41.88018212271538 27.064111473844036 42.625373859473825
1464 49063.67508840561 70811981.20111887 -38.46403076337805 -109.77552769860729 2.24402917519609 76.7819306120578 -16.535135261425786 -8.447628917237296 35.320515718387355 18.897439625495167 33.28855933612408
1465 49097.733538389206 70744005.53529136 -17.589460972538348 -101.63817880313213 -4.587034200383677 42.35745853524337 -53.76145606979745 -6.106507174019896 20.509327682777666 20.90780264958812 35.67700973321587
1466 49130.1558842659 72408107.37724592 -0.8119905721860956 -98.88428754683625 13.802069487186706 81.9676880180025 -24.56044759728335 5.083615087598844 28.32895513860933 35.35681556708232 52.03476398888847
1467 49162.17635631561 70798469.07070062 -22.79514144700959 -105.59083324222733 -3.748309361979743 41.85825352417119 -53.97836110157192 -8.001974241335517 26.241447275791415 20.019744191644122 34.04388085650942
1468 49194.165204286575 71408979.90328537 -40.49236996434545 -108.4081493151297 7.437652981574907 60.39336348364313 -41.892441040956356 -5.803130876453054 40.780184953802404 23.074416553954734 38.092884583813884
1469 49227.30446624756 70788400.05668779 -38.40263290231434 -110.10192850510754 2.864006721317498 46.20943482453279 -49.44507950473356 -7.287311073281614 37.13857389223358 18.873732325231003 33.20865498839737
1470 49259.97062301636 70785110.21898337 -39.944791261336405 -118.20622242973728 5.986365032932042 70.72630934174552 -32.53019734168438 -11.206077000058258 37.51288496372126 18.456624285257817 32.47475150343689
1471 49292.468536138535 71354360.77981263 -20.86322292828543 -98.50561269769534 -5.510576759056491 41.610220049181294 -54.411683187248485 -5.597203463904009 23.789338073235854 23.97891618224628 38.42527365223816
1472 49325.46010160446 71053091.67047973 -25.020708157203714 -103.77624465082282 0.7473416721641044 44.31554028471171 -50.95689704040197 -4.92441749810979 34.879562899851635 20.416594545279395 34.584538851173534
1473 49359.576125621796 71201362.1588674 -21.643629398345574 -96.98886625394006 2.3947775996513343 58.05801617569335 -45.10568282101975 -0.9903558877661567 27.5034234667786 26.71025828368454 41.92340494966709
1474 49393.02260541916 70406494.96562465 -16.731165606372908 -99.5971587069436 -3.514792102183357 55.72360639151101 -46.86597830674387 -2.5112378423305017 24.364296492540234 18.96935535085754 33.11522862953268
1475 49425.5740172863 71783355.5669258 -12.28815142807034 -93.61029720944067 -6.32498464299465 33.68571676582888 -66.06036253869945 -2.8839896524973483 23.706804964162075 27.018187188458228 41.43360741724621
1476 49457.93044710159 70103181.05668329 -34.54732379198785 -114.45726351324541 5.670225768948683 78.93795579853477 -17.828902333920517 -6.677088182408909 40.454058389325155 13.254569291838266 26.74904682957208
1477 49491.53960633278 71734155.23309799 -30.063176116055537 -107.7596475123203 2.6715474611432626 64.28985152149112 -30.289317512757002 -6.172866600440614 36.2695492066598 23.258414693104555 37.65754180793522
1478 49524.825637578964 69853527.9884039 -12.692944434653707 -104.35429429619057 -8.381132023490885 40.58574847913346 -56.42441822358913 -7.427314008662961 21.90877756109262 13.12517209119494 26.65068860643987
1479 49556.348086833954 70945967.9527501 -2.551992155258061 -93.99259708213116 -4.807484284352462 53.90960280111563 -41.32537325921229 -0.16935156321068234 21.403692391499362 22.58316681930762 37.518386187281294
1480 49588.73373246193 70820406.54575622 -24.437666097500262 -86.04718749862649 1.835864096275536 69.2183083932463 -30.83957150176169 3.154317240464195 38.92209576957157 18.614751565816846 32.08652397377955
1481 49621.65043973923 71336483.98648784 -5.949722958746758 -69.29036982772054 -4.33749319629765 43.38436741517751 -51.58698007922106 10.293756941049935 25.661073398548297 24.228970464178474 39.30857855826116
1482 49654.295197725296 72102357.60399207 -23.705641261716003 -103.18686049955681 -3.4407251672110775 65.9141373174887 -34.929691694653286 -8.07227444117899 29.881641299440844 25.633452319183675 40.11095959383442
1483 49686.881944179535 71590288.86753596 -15.092704343749407 -100.19390912094944 -1.4000992109864256 43.08109599551744 -58.02063582432493 -4.532130367726836 28.359115104278544 24.700614881820457 38.183081472858134
1484 49719.05425739288 71234623.61682113 -8.955281524412147 -74.76000904839334 -5.003418918773804 23.63916452761311 -70.50689540372551 6.2333475741663165 20.25017780553071 26.779828626617814 42.16452471892319
1485 49751.20219516754 70423939.87848443 -19.705760517361718 -103.77190374817197 -6.330864897427389 40.866490569293354 -54.64397527592537 -7.0798431007556815 24.085387637550753 17.415170244167825 31.32429159584683
1486 49784.03109407425 71043077.02294317 -22.425902929882753 -97.47110663917468 -5.191581725416732 42.51234936825404 -53.04733940560316 -5.358157927269701 21.12431694209488 23.746031586247113 38.72381182443155
1487 49816.84326982498 70933529.94346212 -7.388346501744033 -97.44621474655658 -7.988711778398539 52.163145229479305 -50.10618453446716 -3.637818724412284 19.494280216753168 21.218164508485756 35.06144601858773
1488 49849.727937459946 70756515.9044285 -17.691865760634343 -99.11568727151712 -4.992096776929429 42.412337633028 -52.93389370046255 -3.814817328893753 24.838176497356585 19.925249448935233 34.473910973916304
1489 49882.2955288887 70550018.16765343 -22.977149633252125 -105.28733119636027 -1.2040215417857993 56.08379726517055 -46.885744541651356 -5.81254031984713 29.149708843362305 18.649668215754104 32.955070638121924
1490 49914.52989768982 70716256.66612098 -26.89866579651018 -97.22351272914524 4.145767229748905 59.67134868373438 -42.954665304722056 0.3122295925377898 36.80200305030337 18.649678639100784 33.10845130256257
1491 49947.12213778496 71812359.1882783 -27.693013515001162 -98.45256325680784 -3.765718731670802 73.95271254806575 -19.04699410608608 -5.031585027005065 32.30417658755823 26.796905827808132 41.60528012213672
1492 49979.8578619957 70368117.91089937 -21.574745028688312 -108.38506004713881 -2.0282816164046267 24.139132096541307 -73.97817496247823 -7.241427088224157 26.521153330276093 17.62521860747745 31.943075334299806
1493 50013.04210448265 71031063.02407901 -28.493810144624483 -108.72647312127116 -1.587432581301364 43.86448859645801 -51.68495758464031 -10.097934128319196 29.276076850662434 19.996404609759225 34.85292738573071
1494 50045.8346118927 70074738.53572594 -4.044631479408178 -92.59638806035164 -10.354618208594658 51.37779147219056 -50.3933325408803 -1.7994643982494267 18.432583507154277 17.346517182210732 31.03079191009863
1495 50078.9783449173 70614125.50158794 -10.31972940665695 -79.17278609697843 -4.9850779778201115 50.975358280257815 -46.66091931408694 3.833051721722427 19.371099245749974 22.170363852682726 36.501107369197825
1496 50112.25881195068 72783045.12349075 -22.11983523020036 -106.5945371373906 13.772945808350176 69.38871407304089 -27.987932469445308 -1.4634170665900115 41.89094628304895 31.150790022824708 47.482917498940196
1497 50145.079642772675 70777033.38848722 -21.090947968974632 -101.38151738786536 -4.363638000820089 50.733533315662356 -47.51052072566677 -5.157385897990025 23.57489110104882 21.471558034605323 35.883120275332544
1498 50179.22806787491 70313749.07722606 -6.702341547152688 -95.6628031749178 -6.81689631575972 53.03869166260265 -49.44940922539902 -2.1383199916006106 18.883763571950908 20.324912702253982 35.00164655415517
1499 50212.47050285339 75367380.81616955 -17.926430639636195 -134.8605965946493 13.779236912151852 93.4765455345143 -3.9998639898376727 1.0191398770857631 74.62801576339211 40.12746719068889 57.864636704750524
1500 50245.313972234726 72715404.43438584 -36.14788785913304 -119.07620020883864 22.351038704979363 85.12001450483834 -12.573992804263774 -4.032932120581165 53.08730346790321 29.597346988925665 45.650018004160074
1501 50278.58394527435 70820165.10300186 -31.55077143750725 -102.72619857671272 -1.5324486371050057 72.1106428465087 -23.509394157327343 -6.661138846730239 34.807710314047654 25.291139417201634 40.41061811879342
1502 50311.10648608208 70111959.01064941 -6.78207796169376 -100.04542148195873 -2.6666859456121657 43.61772947273587 -62.745828949763805 -1.86520523197305 18.74485121257328 19.913620909996553 33.46936050290515
1503 50343.88325881958 70734582.12139927 -29.91904915423138 -108.61993221883033 -2.1772194313027313 55.18636805449357 -39.118451022384704 -9.184737012119285 33.06098338544541 16.99106372274764 31.037925112852577
1504 50377.63630270958 70208599.7383947 -26.078080359591468 -106.48360935753553 0.29016629259550797 33.091005001170146 -67.1658206795577 -6.127688324130588 26.43361188636095 18.57033540473367 32.700538936830526
1505 50410.96251320839 70320973.20402057 -10.378067779575938 -102.4533433051289 -7.566315955280054 47.83078319504673 -58.08675514941866 -5.443958398158372 19.56023532430845 16.512374296780536 30.538234882537836
1506 50444.3892660141 76100220.88018668 -23.740116485752992 -142.20174564168678 22.572575537962603 104.49325349774162 -5.243121042078935 4.816287296758219 86.1922325607211 49.10434315061286 67.67068279649334
1507 50477.112419843674 70621087.78556018 -27.919997764154196 -109.12546081682552 -0.4106494896140518 44.641944051767695 -51.908303151293296 -9.544910972910827 27.074159707049944 19.71246609240609 34.143653055344544
1508 50509.956333875656 70565468.60483558 -17.88552578365144 -101.36052477332971 -5.558431508920322 42.35906952277645 -53.25669742905602 -5.212733982292264 22.87649910651089 18.180633396577264 32.66895360042304
1509 50544.101566553116 70825905.4644929 -24.95990527471359 -101.78287539476034 1.0037291360241305 76.80214736901527 -19.78380858681347 -4.9091406176432315 31.35869055102853 22.185847399243016 36.657369397762636
1510 50579.51973795891 71518063.70434824 -10.588993134172062 -106.95632912027749 9.943175653043639 49.516890715579606 -58.449466242642416 6.506976263528884 63.16147350128176 23.639068494555318 38.696540052631235
1511 50612.14241838455 70898129.72205782 -12.153263540369242 -93.14252372223538 -9.26729479305149 41.2085096824232 -54.08017650059365 -2.4484018746861125 17.883262736356528 22.16578863882387 37.094833505324345
1512 50645.417878866196 70853831.91794369 -23.220409159966906 -102.9261037249427 -1.0277671742228591 63.957472463402055 -33.696882097618875 -4.56980623015221 26.718884594448355 20.666933735930684 35.08841893368606
1513 50678.180743932724 71005601.82859801 -12.448983811238893 -98.96391521584655 -5.187371655073498 30.2626321811645 -66.64025376933793 -3.8408646782450546 19.618942806419113 22.649526770242915 37.67977366029527
1514 50711.62076807022 74400428.57943732 -40.63026612808564 -145.63433212415492 22.198823237501188 85.98893957541074 -14.284277126501365 -0.7632112155790196 85.88369514225053 33.69908850775187 50.5346397899051
1515 50744.34492516518 71006482.91883585 -40.067976756040494 -127.8590970359308 24.295731768477182 111.51992065904454 -8.077822642897758 0.39246683300279983 79.17226166626392 19.266144002770602 33.680654033350834
1516 50778.02158808708 70371379.03593314 -11.927388176471348 -90.23392426237349 -15.436055965731377 37.974567435074704 -55.97254148188544 -6.794191330054673 17.02870363275167 23.607377314178052 38.2986933516122
1517 50811.29658436775 73916783.86509633 -36.02434409443524 -131.85214405557926 51.772783400040936 135.22677666521028 10.317858668401923 -4.3400137291044985 71.88021449922155 43.70131017066171 61.88804139309775
1518 50845.87589120865 70412933.24372618 -18.755563144871992 -103.32467893170984 -6.419371280645834 29.52724315986885 -66.5214951873598 -7.607831585526867 22.041380364842666 17.83132514507804 32.4414894529441
1519 50879.78433895111 75400490.17830418 -39.3577020753049 -161.7554444808986 37.39404872390498 113.53452786569623 13.58781733715635 -2.69895590343873 105.35013368580042 38.51086138821984 55.84322674461589
1520 50913.34137368202 71656699.18458262 -22.805102806342482 -118.01270967301673 17.437510023950466 66.97500649188292 -48.34189820188881 -6.051599695913978 50.931106955752625 23.402033241133154 38.590962164483926
1521 50946.36424589157 70548221.81896524 -4.237221622856978 -95.10749498686187 -11.004018398833438 39.19500510032017 -63.26026352194038 -4.177205524967064 14.740775758285054 18.967413840952986 33.6237779782839
1522 50980.10707783699 70600861.56477354 -10.828408674455071 -97.01855151597947 -6.5726495262309115 49.440145671158724 -48.32531487707476 -3.0536905866942448 19.28724635157164 20.395109241958153 34.4326050243568
1523 51014.28976035118 74458169.47253363 -36.753513684699136 -153.86790736534815 31.765648476304573 122.7429563375619 1.2322493454820105 -2.0592885616590024 80.80582962662902 32.787082166688265 48.93011127304476
1524 51046.96349143982 70220600.33096609 -7.93249991908856 -104.91054292473952 2.9595545101034766 66.30024425865135 -48.79530073519982 -1.1118392845751828 24.91399057107992 17.84209951759135 32.09749073425235
1525 51080.12226986885 70792634.86865632 -19.14828630820149 -84.2988709391695 -0.9901319584510091 45.36048188064582 -50.62547007914436 4.20833052429407 30.86008735933285 21.206843585619595 36.048594228572256
1526 51112.37099814415 70565507.20798396 -14.873329280434529 -118.21556301151273 6.631486618722537 67.65506762549703 -27.49930994397258 -8.31114237757157 40.84558394306009 16.74283946195351 30.44932724401997
1527 51146.13470244408 70241785.29372647 -26.49490318485263 -96.68095944203266 -10.880138095169116 63.90144848807149 -36.02477501271588 -8.51058537793756 28.0689933429004 21.27527877506543 35.20689924057274
1528 51179.01009058952 69830570.87485443 -7.111948337961067 -98.24234891468711 -9.794296730063962 40.14544794339062 -55.24094540955654 -3.9714684553056827 16.631617183113008 14.22880838178719 28.02994471161935
1529 51212.69429039955 70982415.87097296 -4.821635201844183 -95.52951734556183 -10.474765178315891 27.60490288894224 -69.0261479445435 -4.915282196808505 14.159133217064436 22.63835957771812 37.00942618532213
1530 51247.225328207016 71039912.33216637 -10.915327604121421 -95.52789900591944 -7.797555979153813 68.52040657602893 -38.61981266024429 -2.6766137050022394 18.708328325645766 22.507010860536298 37.25979199169217
1531 51279.50581240654 74637918.48625678 -12.854246644980908 -144.17263806779738 19.503783923256968 105.2193588305955 -3.2422257005211 -2.952084946152752 81.11966037206219 32.25808531157918 48.48561962402448
1532 51311.57269859314 70578052.79345015 -28.895247866589386 -107.43182598380346 -2.2169110341508045 43.47342688149172 -52.54803682899986 -8.586330008115056 25.74274118932601 17.58663128518981 31.898801467745898
1533 51344.599702358246 70383013.86354715 -14.332943472651992 -78.88742526548732 -10.160062610185207 40.5157619987928 -53.891496002043574 2.837580239030615 22.69333094886781 16.935930881882996 30.680471808809784
1534 51377.55549764633 72131029.76251683 -21.276551809520175 -109.86689537707271 18.479792711385713 95.29144496593344 -17.253831359277992 -0.39951332957724617 38.6090984081203 30.91585182384108 46.68966907537822
1535 51410.89539575577 70687429.49699305 -11.396964397925796 -92.9096536632009 -12.072284120628773 51.057264517831385 -49.620379798367125 -3.1831715665588263 16.40318164911139 20.385236377424235 34.942284073696214
1536 51443.96607923508 70705643.46839795 -5.405496929108079 -99.86309356835277 -4.9623848681204095 53.41014871010872 -48.313251026594216 -4.204071002114006 17.780544933110036 20.420899142161716 35.03508914539361
1537 51476.62752652168 73329194.59510098 -3.149254552910863 -80.70119979008682 19.266042891444993 106.1650787603208 -9.049576603823503 14.512657106629717 45.87861747823638 40.721514397260876 58.29222822324937
1538 51509.52029299736 71314680.63370472 -25.967100937430104 -109.73343331996335 2.3409787510216162 78.53532572096316 -14.840329204100208 -10.39878671786198 43.03852963181282 27.091433329630604 41.94563095634999
1539 51542.321481227875 71012358.97726662 -17.256000292247247 -95.34088236792806 -6.931074009399929 10.531453248777744 -83.95563460641898 -4.682758820687525 17.64488588841982 23.880255269708528 39.00369535535947
1540 51575.875227212906 71813224.3299394 -26.217414988072953 -106.63676341128905 8.766741555330245 55.38492732351209 -44.5391141857809 7.25308332322993 60.32159711790405 23.907752484416733 38.89579027843581
1541 51608.56323456764 70577069.78008686 -19.749618811873184 -109.29164212222426 11.435207430956154 100.16407696095798 -16.432524951660373 8.275159976004431 53.64879802001212 19.73262837586526 34.00524578601721
1542 51641.60971021652 70721200.94248725 -16.177135546687808 -102.75363896701774 -7.182390963066794 40.904835089578434 -54.65241101637283 -7.727623743465472 21.542906583030913 18.577540091522224 33.15542727831905
1543 51675.1142373085 72537140.22867294 -6.372238544410697 -98.5405693210459 8.957969453912078 78.52322682926538 -26.212478661510946 2.91725055226658 30.514073318878786 33.84339853284314 50.831317924532755
1544 51708.607617378235 70632204.32090992 -7.752683766297958 -98.31832898185596 -11.85777201450481 27.17584253562111 -68.28605019117173 -6.745268307570825 17.170413524493256 17.850313711097783 32.12894199743755
1545 51741.688353300095 74094520.3295867 -18.271711907177774 -135.88235452782624 12.442683515908001 70.46765706792732 -29.39937526700872 -0.9657223154310941 66.7783881198319 30.875130044448724 47.23625005557551
1546 51774.41214776039 70990324.11349766 -12.288124464960926 -97.06091817055164 -10.351983767995023 27.69220997081647 -68.02426483622199 -6.2318523851616305 17.459752727466594 20.75471267412297 35.32006530250237
1547 51806.61052298546 71654186.50006573 -0.899125675741125 -91.53277591541541 -11.821055639842427 26.321270391983138 -67.46347173046827 -3.5733031412660807 18.244514404249458 24.187725019463755 36.785874712985105
1548 51839.873192071915 71600618.89310655 -0.21014342926851626 -66.55910191040216 -11.395657255558987 20.676349285696134 -78.75360139882558 6.144467199919916 13.972267564910226 28.3690165693572 44.25026473249534
1549 51872.59180140495 70977983.91826637 -18.023959476086375 -99.1806538306282 -6.610800052927154 29.834237159181754 -66.56565351023804 -5.695688771782329 20.086807395440815 21.91449281008647 36.75948597797617
1550 51905.217243909836 70846702.73203318 -2.9128843801422644 -91.6514138495447 -12.198138395049497 26.79639061116879 -69.44046658223385 -4.126223528545722 10.126902172212226 22.773206694450664 37.724465018862816
1551 51938.68017458916 70447666.66517887 -28.978656648296038 -108.4583063052295 -0.5885589551956301 44.473536285454855 -51.19824360937675 -8.908562428036817 27.16265502134388 17.728552774281752 31.9243022971516
1552 51972.20316815376 74464809.80678162 -36.71957155386551 -147.18801287899856 25.218648528778104 88.07665474986484 -12.757389599800794 -0.6459682910571587 80.73215079317845 34.89749069054585 51.72490676471739
1553 52005.59951353073 70456848.47363348 -14.624212727491111 -99.182223466925 -5.631247006442891 50.27670040931313 -48.13042244809222 -3.0231937753046054 18.514439170496644 19.020620626989512 33.23893405818319
1554 52038.92093014717 70664333.40664555 -8.54847560055734 -98.34794846085155 -9.723111115948662 28.332406037381727 -67.76582304088046 -5.205002951965014 17.811599637245536 19.73950249339191 34.37372943153355
1555 52073.03195285797 70758735.21434166 -11.912624105793446 -98.40430747560221 -9.455754678644404 28.043819044119243 -67.4189988541562 -7.97623286811114 16.807889135596042 19.816609147247732 34.326943473978645
1556 52105.490247011185 72451203.50005262 -2.4260574693841885 -102.14617050957455 7.985015604313048 23.750201579754393 -69.47585582229276 1.482681459782384 30.20531813657226 30.003349650089717 46.12497222506147
1557 52138.78065800667 71392739.65125094 -12.286510555079236 -96.83764118320958 -9.40049086573459 39.690763736958274 -54.99476494452643 -6.413671325487542 22.311784615371607 21.566792814421888 35.72740125779637
1558 52172.60539770126 70867170.51516446 -5.875634523368385 -99.07651768363314 -11.793813412187063 7.116664547881896 -90.49385869732194 -5.717933829259039 18.060074663997398 17.54599258469966 31.052364189176842
1559 52206.03059220314 78760888.56320505 -15.275159473928111 -140.0243672455282 54.32820533264882 112.26270910414397 -2.642937254896773 21.9210004280244 114.09715455529579 69.88921356436083 91.09420074062109
1560 52239.417669057846 70415888.20514713 -2.8578054378841635 -95.95582522180433 -12.22393468838915 26.885373848535945 -69.47412780786823 -4.21103300706136 13.242640178360375 18.50687568505498 32.756135384463846
1561 52272.969757795334 71625168.87684284 -6.228211995201619 -89.71897025872258 -14.112483363687048 26.31091562882548 -68.58641794257639 -5.184332086095139 15.120612969039485 25.512612604466312 40.70078254746875
1562 52305.451375961304 70559271.80344391 -16.603259283499533 -102.96503141047287 -5.759610046483445 30.051909342869937 -66.29212663205848 -7.42894476882816 20.84975426299036 19.086580830420075 33.51035808595657
1563 52338.75790119171 71155904.95541911 -5.833994156457637 -92.4151356180815 -13.202271539797529 26.851152351455003 -68.28616882211531 -5.611777294790841 14.176322106041425 22.3925476380291 37.59001189702667
1564 52371.83578538895 71001479.66357158 -14.866709157421596 -100.34288672564858 -9.398734629802952 27.479291935786417 -67.77103104579452 -7.334625873276877 24.41722131642723 18.52331630744243 32.12165382202522
1565 52404.928228378296 71022842.9719816 -24.528201751523227 -106.32604576614055 -2.4928200237678055 43.510447478625736 -58.385765139696616 -8.312218536169382 26.38619211435389 20.558880436420395 35.20813877906255
1566 52438.933562755585 70771753.33875263 -11.776777379283143 -100.01056503182859 -11.766096814330773 50.415494342294785 -51.05227858977035 -7.87236043375907 18.536304246473833 20.151332825798022 33.527941886217945
1567 52472.25990009308 70103310.92200188 -7.769302250363159 -98.06737256741205 -9.551477323892613 28.40873989708318 -67.93248586660187 -4.759918981982935 13.870505807946984 17.179126590011833 31.4703201404767
1568 52505.5318300724 70612538.7761867 -15.769366731227898 -101.98892640088974 -8.187702796521613 28.67672301120252 -67.1367478730224 -6.948569313191058 21.28944204768618 17.361846698862337 31.445220239206606
1569 52539.271054029465 71259727.35886288 -16.049544819676147 -101.89730495779442 -6.213631588277565 37.56307929493599 -60.10220019442866 -7.458108399400601 23.595419628661375 21.629638685055966 36.574279660298544
1570 52572.280644893646 71398712.18003024 -5.417237296015667 -92.35891272209356 -12.279857462310034 38.685372161348866 -56.540565986090925 -4.126505454977405 16.588879948515682 23.556264431345085 38.10288971212367
1571 52604.89507484436 69863595.76018752 -12.004292915685589 -105.15853360503445 -7.3550092298277505 41.25687330402297 -57.01417849181767 -5.8190436278518405 18.88576811598864 13.775808872472226 27.604119590400387
1572 52638.03582859039 70817965.21825926 -22.092097241489505 -102.21315896266962 -4.800438102101737 30.351580022161464 -66.11162646240766 -6.639297443653447 22.937005851170625 20.375981000288107 35.11695860577868
1573 52671.58568787575 70217970.33413419 -15.09150807862828 -104.94132720646199 -7.695740328325655 28.741805865278717 -67.79886040891735 -7.8118519968670626 19.533584762847568 15.07337270989774 29.05313233417428
1574 52705.063166856766 70028196.08584197 -3.424852783634927 -101.17883945430107 -11.555995620703591 38.64841700250628 -59.31821449997491 -5.874635257675891 16.216657516234022 14.3133620790353 27.84123837933214
1575 52737.6184899807 70695957.81662665 -27.435399351118868 -109.6522339432752 -2.2013982574063746 51.05802128955438 -54.21778465461121 -8.130549898209722 30.002121359653415 16.516067296309416 30.66985080949837
1576 52771.16262936592 70559026.36459495 -19.519634575524204 -108.42333853459134 -5.0198950538819105 53.39138051242196 -43.62854174105694 -8.737450058187278 25.39054576389117 15.80332165129039 29.753853046359154
1577 52804.30479478836 76303438.87632868 -16.648451833450697 -136.78578407170258 24.22453203304015 54.515998065322435 -48.79211987846654 13.541182731762547 84.00137872090306 54.011800019821976 73.67188252272149
1578 52836.68173575401 70309281.32839796 -12.227845308749274 -107.04868781791261 -5.1922454790772505 41.943723081008784 -56.246575384400614 -6.994142919137346 20.903184263399226 15.538964695574009 29.760255636683723
1579 52869.618324518204 70455213.09013923 -31.84945972550772 -108.28488603701982 -1.8634799057971705 55.709171094584434 -46.69822880878839 -9.009737638725426 28.758407890095327 17.03994572582269 31.131536732983932
1580 52902.62440037727 70379751.65331331 -15.804075252554094 -104.25588416936364 -6.813499200399576 28.67379592320045 -68.01515713365062 -7.404744719987264 20.73286832352653 16.46158774009666 30.100179205872223
1581 52935.26773405075 70638072.16075657 -29.461449216814568 -109.13671063283115 -0.32804649516910445 43.87591289646415 -51.8071135830448 -8.469721926220984 31.28583354000341 17.440216237926393 31.001127918349766
1582 52968.04748129845 70950655.99713059 -26.20285681612631 -107.3025255562074 -1.7708590635916508 50.585472594253616 -44.187714033998915 -7.988412420013162 30.226459031526133 19.242699376248083 33.02550527897688
1583 53001.924325704575 70694836.69587252 -18.708980124176307 -103.28482980383792 -6.684787324724141 48.893769840490975 -56.66797591624568 -6.979295920717789 22.155139529379426 18.675250158713652 32.837848148134185
1584 53034.13972234726 70543080.24857941 -28.240555052900397 -121.14722623663391 8.984067542287995 61.830771449080345 -52.03749158909347 -11.934062399087736 42.66144216890109 16.766182391182497 31.087530593684164
1585 53067.15240764618 71044180.3419575 -17.99378819295184 -103.43920969915231 -6.2593901298643 40.82034120477587 -54.788281668701075 -5.750245845099471 27.926108863135937 17.908666480797592 31.01270330139039
1586 53100.25491833687 70239439.71847095 -6.896488169861415 -101.22431621933758 -7.101548231619667 52.59216270196075 -44.959576429673355 -3.217124763030654 20.425830154130608 16.03522197195582 30.080267340922774
1587 53133.096596479416 70985909.6013998 -1.0318204954355856 -99.02142875366222 -10.94300053131331 38.36614811355837 -59.25793408982689 -5.800939708205874 17.48704039264794 18.93182652787766 32.388004513585315
1588 53166.373787641525 69866779.90714936 -4.929137408321353 -100.00882176421213 -11.1600268520871 50.928081224996546 -53.692270448566575 -4.577578685187916 16.244634812979825 13.92043192637459 27.309603332024494
1589 53199.41345000267 70448871.22805326 -18.252028617974407 -99.63858004254092 -8.372949433881807 53.47358425963025 -43.124412164932096 -6.429654470490277 24.794317343328885 22.111571708025394 36.843354902702
1590 53232.30285382271 73844082.24804759 -19.5441993637183 -105.77711159577838 23.795994106441654 48.80633739079144 -50.99518629392352 -1.1985850303532288 35.1538790718389 47.45856214414573 66.11420237885159
1591 53265.52997088432 70575449.98351002 -1.493780142929472 -95.03562389628568 -14.460530249376 25.261473053020005 -70.35075811555024 -4.868322985955331 13.853525260062383 17.369663847653214 31.280397035465057
1592 53299.51592206955 73831652.02090186 -24.11221691309749 -111.12132827494418 26.58890500437532 37.437645905260005 -63.29838702605169 -3.2946812057080592 38.8770848833085 46.74304658855635 65.08978131457684
1593 53332.571425914764 70599654.10956973 -22.203251480327992 -119.10900144239959 3.40918637508333 70.35812134553439 -25.735846538266642 -12.34186255345486 43.27803439936952 13.564318843110755 26.813675206061134
1594 53365.3470761776 70289468.2765546 -18.71099456646794 -107.44017121420059 -3.793040818376241 42.236090749695734 -53.911166889687166 -8.003759511513806 23.384342206915335 16.008496539040152 30.051348559160147
1595 53398.698481321335 70060427.0511513 -10.748134909900708 -104.44887079145265 -6.119709819817807 41.67238459892502 -56.88389181234566 -5.408582061205038 18.96511208915672 15.541512619430591 29.590452384273476
1596 53431.514590740204 70476618.76443236 -16.475268112250028 -106.49763892576658 -6.68195408809126 52.484058388604254 -44.699431859686555 -8.74155145633938 23.052361866622164 15.388111214892092 28.76536234858645
1597 53464.740681648254 70532963.75649387 -8.598976783908823 -101.92118823043201 -10.557722746919325 39.45754929409848 -58.09074156857562 -6.244778969412209 19.34707495215673 15.851467342455635 29.540712928679454
1598 53497.86938357353 74519854.28975606 -14.712759140853514 -119.32090379707253 33.20166939224745 84.66178788672963 -14.85611382307991 -4.797431203411122 55.124766453320376 46.79905977927706 64.19698641017783
1599 53530.888812065125 70404241.5473638 -17.707085260803133 -106.33997885035835 -5.103400372705707 41.58530910988752 -54.384371758039904 -8.314110331326901 22.4916770978798 16.231756725862056 29.980830595619636
1600 53564.05876374245 70550981.1497955 -6.140293858251683 -98.03920461933404 -14.200205381636508 37.231941503150445 -59.27685412515668 -7.351975558787558 16.017032528210848 15.46247414582615 28.50524403736597
1601 53597.12145805359 73774231.96070766 -18.996045256255172 -109.8453226940771 16.12084003483362 58.23238025726735 -32.785931142958106 -0.6728195075023109 46.32514596787769 33.56025235444838 49.97616817579899
1602 53630.31474304199 70401658.77291563 -10.914308624965189 -101.14932762163832 -7.314979957672385 41.025416688008086 -54.68829774656281 -5.695067915570462 19.00719747123651 17.12012563302187 31.43641662457287
1603 53663.14967799187 70227323.16926363 -9.248583599276063 -101.6055347036439 -10.46585928190727 39.26202640694433 -58.027696093717964 -5.95065611574455 20.713797025780536 14.484410218547282 27.70612308598129
1604 53696.24294543266 70180449.45675845 -8.929243701214203 -104.81633289136103 -7.7169166780469 40.3958392964228 -58.3852968372537 -4.787068380475148 20.054991952436126 14.479900045883596 28.038383990294165
1605 53729.77083659172 70514843.90472078 -13.704474794681573 -103.28259073442865 -8.210361236649078 40.51406585493656 -49.3469192179761 -6.543557208871448 22.958953113369375 15.241031938409378 29.164141124258663
1606 53761.95996212959 70617793.01484238 -10.538006842555106 -101.54689414464744 -9.175047580674992 28.165177199284983 -68.09039856537423 -5.665777637085057 19.452080748220624 17.39717428882409 31.63651963950599
1607 53794.44527029991 70477157.90717983 -7.204449352652624 -99.44343468423635 -9.955368023152111 27.869048892374433 -68.61980484784092 -3.712805816491425 18.569071288526857 17.2010958488122 31.527001734964074
1608 53827.19949436188 70791241.59011166 -2.362555985035838 -94.65581586189761 -15.100677220876442 25.312748466573623 -69.76027652460547 -6.034153810054079 13.731725291607745 17.94434490115907 31.803101930277535
1609 53859.99198889732 70854795.9949761 -10.174595134349245 -100.77999575602918 -7.245698813563386 40.60552951273266 -55.003737072224254 -4.850691078248985 22.757418114307484 18.672765192971042 32.91107522045536
1610 53892.46788644791 70626854.75951205 -2.4454843218167976 -96.2143023725496 -13.974714987066406 37.393449547852875 -57.43758395755837 -5.587368443597768 15.57926174370084 16.338597569467197 29.087748047324794
1611 53925.74557471275 70739164.01891543 -9.720129207337392 -96.92847366519193 -11.551949400185869 38.92786949504765 -63.28036109534309 -4.868287440639108 18.982832823491208 18.155542641146894 32.31676920241762
1612 53958.891070604324 71247077.33097148 -19.31646466677853 -117.3032240063506 2.6746883170295206 70.01019289999597 -33.02111412117321 -12.652291222562155 42.455264456975556 17.56666975609096 31.604060923194538
1613 53992.064101457596 70559276.07590503 -15.210554141556035 -102.45589385258806 -9.198504471197303 51.86273183072194 -44.283024681310806 -7.032210220635193 24.346118543074226 15.371486072605876 28.694858252474774
1614 54025.70465350151 70539068.53304543 -7.8739958656647495 -100.93362128335647 -10.817207889464633 27.31930500189549 -68.2590090146154 -7.136105631118255 17.847706626903232 16.629839243133915 30.872780508640744
1615 54059.00469613075 70267847.42422305 -14.181505600525277 -104.69778874856875 -6.591042772187116 41.29072748428166 -56.85236300936681 -6.1626931983699365 20.324905366742428 15.545785161064714 29.63367067923582
1616 54091.895371198654 70926730.14650255 -4.602921132334096 -96.56546235648365 -13.481553409833595 25.65403926752782 -69.57612475431522 -5.203880155041986 19.796428792246957 17.53190145482938 30.685190196516146
1617 54125.514065504074 70161352.50920016 -19.576741135817493 -107.71045294463721 -6.558681704094944 41.65606491935009 -55.96254584655139 -8.54604527606341 21.99393402166845 13.3440794525294 27.09022109579223
1618 54159.11368227005 71253925.35043967 -9.18628736010022 -110.03748122648268 -0.5072335486595989 44.7248069277728 -50.344546048097754 -9.884066901413348 36.30010053990043 19.264843821755335 33.00354666239923
1619 54191.98647212982 70045492.95407473 -3.2049262962953673 -98.1234388722175 -13.328932356602863 19.16210990198615 -79.44002953437051 -5.061399809102454 14.470061598704774 14.270568834563164 28.00241103685437
1620 54224.63327002525 70693899.00064178 -1.2628282016722725 -97.71556093987537 -11.973687903970777 7.542604215829442 -84.66552565897268 -5.310173406740546 13.71489199737266 17.72373586559297 32.088554195962274
1621 54258.380111932755 71070125.56701997 -16.79801782917631 -99.73650439179852 -8.3007058495093 28.641515899017158 -66.7224107964942 -5.660948653861794 24.000232728235687 19.407263547315665 33.852089806843765
1622 54291.46295905113 72618234.4951566 -6.418089143119014 -104.10363750186686 9.943358183430234 67.22431367950882 -30.42628449789721 1.5508956021981248 35.21997519891079 29.202679171829004 45.03408630208571
1623 54324.125455617905 70278585.27719088 -12.86633428330281 -101.9457206357259 -10.006808136446779 28.33987338788802 -67.06683565321094 -6.7319483750138716 20.23845329295591 14.960998224068362 29.10669615920517
1624 54357.821081638336 70860904.34012489 -8.309109092887539 -97.40359696082915 -12.999594353590716 37.71973216986501 -56.218353862662575 -7.512958543547143 20.04507274418154 17.045686606381878 30.892290735355118
1625 54390.78770518303 69749941.24103345 -7.913701595334604 -101.96123531075385 -9.516696942701778 21.285100589112794 -78.45157047831657 -3.675295455507012 18.07246591282194 12.67969202416748 26.147237872513983
1626 54424.901742219925 70304267.70091301 -3.5844455831488737 -97.83812478532325 -13.82497969635184 25.851482394191596 -69.84319091613773 -6.365018485838618 14.195971710846607 15.690179937600988 29.208086424967973
1627 54458.222687006 70173950.21321617 -5.708254263429598 -100.56399516472682 -14.042410434951393 37.917570134839565 -58.72369177758906 -7.716584311692884 17.00662334866911 12.728753739728177 25.52246144838307
1628 54491.28789687157 70023881.25501874 -6.6878244514609975 -98.9779502193197 -11.056583330592801 8.432884210477305 -89.30100244040577 -4.4898416980443585 15.131963412606865 14.479255587943612 28.16835016426944
1629 54525.32961678505 70151230.60208605 -17.099042466462144 -105.92768645152347 -5.949206757247296 42.05258429199179 -55.50895785509367 -6.8048532987809836 23.262736878375563 13.759039969947366 27.44001793590894
1630 54558.97203493118 75595100.19407779 -4.903542872733668 -131.99405064512484 13.677464242847734 49.52797275042488 -53.08833522732987 9.403294186601613 71.3803694018485 45.93362699102374 64.2131870401281
1631 54592.611702919006 70370239.23790313 -1.3937926491665475 -98.14116875731101 -14.20735271267425 38.05918236983531 -58.998654487829036 -5.491541197570712 14.693246484871452 14.885872672933374 28.63189187614273
1632 54625.83464169502 70285099.51220545 -18.80748360902559 -106.06534490394783 -4.6619893154157666 30.590938818830246 -68.61309181699907 -7.316697097358087 23.670774286885035 15.565087145001257 29.047255721405463
1633 54659.822117328644 70949682.70923379 -15.369273056078026 -100.44135396661964 -8.857570985368966 28.69586561476761 -66.39319559586868 -5.483443868463496 24.501279700846112 17.375394388426002 31.55810128159999
1634 54692.84600639343 69910095.11553313 -5.066303442121075 -102.46033973213332 -10.984189578561278 39.96789947914783 -57.67221515059887 -5.502703430067015 16.87434619787564 12.501283944147644 25.914683594939902
1635 54725.610431432724 70339598.44187447 -15.094895766526768 -101.31328517129141 -10.054191100362203 28.34211846406622 -67.27660675288351 -7.189694341482607 18.878272147484722 16.248456516967394 30.15459160407886
1636 54758.50174832344 72644568.55890077 -19.641126300263835 -111.88622951793346 12.645986383489152 68.6180160933767 -31.450210713623612 -2.1214418990439867 40.98551654867367 27.417015103311996 42.6951017457626
1637 54791.892374277115 70241472.53686298 -24.043488144216404 -108.36494236144162 -3.914020643770435 42.971920406495656 -52.32753096019759 -8.223782103151848 26.9250874398341 14.070615057276314 27.760993606752095
1638 54825.699840307236 69826452.8477996 -15.343751133624469 -106.3234891750855 -6.686258916095028 22.48830146719582 -77.0494785881354 -6.889170952917993 19.798805382628416 12.31316146482925 25.955693102530176
1639 54858.97348713875 70375837.82217094 -10.349737983693617 -100.36914438562535 -11.065698422691213 8.296662324766856 -88.7028203682611 -7.541380119505504 16.172717090291144 16.227624485636852 30.165815769400183
1640 54892.317036151886 72799291.935225 -16.697495881092312 -104.74049809106745 10.305995687124184 55.96700575856151 -41.777860637848576 -1.2598309625375919 36.955987977278596 30.98915984276698 47.52131502514021
1641 54924.89815759659 70485257.34733611 -15.670619290485742 -103.2955224785901 -10.046559573207226 27.861221925374792 -62.17366800970361 -7.80901795465536 21.304931131750095 14.817564917996378 28.693797241517814
1642 54958.23110485077 70291962.86320776 -24.00496032369454 -105.61295585983864 -4.271305236796316 31.018936333126156 -67.56030291225035 -8.437509897416248 25.34428286167781 15.499754168574782 29.025576050055633
1643 54992.19794559479 70559695.23469968 -15.759064916817948 -94.37245891223228 -10.428321191055048 9.548721240195775 -87.52366444934182 -5.506971150098195 20.196926236504623 24.393455757486095 39.75805292689438
1644 55025.433530807495 70535550.13968202 -13.463515218865886 -111.88697780240985 -2.067399059736694 25.42764014967828 -70.43126654179028 -11.353032422322144 35.29668808888209 14.495741232613796 28.4360033481031
1645 55058.31261563301 69842720.76763442 -11.013940010376592 -103.33061413788243 -8.923612953555853 21.42948452353139 -77.45641075611339 -5.909106211254823 20.047905856219927 12.765460155925894 26.209273402338795
1646 55091.39398956299 70132059.99027954 -22.850475367857086 -105.76126692495268 -5.06672997643544 50.38660328611117 -47.33079017232512 -7.123072028424701 23.89908216156084 14.844936473755524 28.40118398521122
1647 55124.69054198265 70481223.87596376 -16.861248546436407 -97.57597920767023 -9.73516882280822 29.37345674132369 -65.66451893710831 -7.0712424539091785 22.664703281065954 22.612789509802155 37.72202822801876
1648 55158.2961730957 69623474.24623066 -10.486190593087803 -102.01453511295547 -8.261682031191341 21.977382288159678 -77.18253908515285 -3.4284266076318772 19.78497689880885 11.388874652754964 24.886340147404667
1649 55191.69450187683 69727497.01559669 -12.049174984606141 -104.46757459659669 -7.553942030313799 9.888994703286073 -87.90270076579654 -6.31994596090874 18.961405319262667 12.694002119269726 26.067254625130317
1650 55225.41917657852 70097179.58134727 -7.4748507643090925 -102.37550410478609 -8.301393290094992 21.66876706852376 -77.43895802188993 -3.6415229032876937 21.21922575992585 13.666141799767274 27.296563232979906
1651 55259.57992362976 70027790.48700361 -15.418555957867023 -105.19887954973258 -7.641550617150244 21.74587055003907 -77.05048795598955 -6.980091352162788 22.220609751392544 12.623780162399612 26.08861715326009
1652 55293.02117538452 75331725.11031616 -27.22366911584441 -144.20917342097889 24.361621804888493 75.29793445150625 -28.924990782183375 5.277852883385037 85.77555766916271 42.907432715364735 60.113136884867686
1653 55327.335874557495 70222961.32232915 -13.601890303890992 -101.80075961328822 -7.679282576479331 29.45942256823977 -66.50746082376632 -5.453427011285896 20.446262428180603 14.942748775732184 28.95522493116414
1654 55361.04482769966 75534832.27580388 -16.55978349677508 -130.06413569414732 17.453744094289284 65.44196000600132 -43.07592902884667 9.016571745790827 79.99599494303516 51.9504723547326 71.06647632029365
1655 55394.193627119064 70129392.13847582 -8.502380234074192 -98.63946868745269 -12.395161074211273 7.944570137665622 -88.80541549421545 -5.496708614818942 17.35081389769755 14.237985055864442 28.24110322441595
1656 55427.459725379944 70197492.0987345 -28.95216774625422 -111.26003415997542 1.4470322933489719 65.19888049842432 -32.4909329646972 -7.235681533233048 30.044967060292947 15.458258592318998 29.072181750205573
1657 55460.36702513695 69881453.43527555 -10.621025859470018 -99.98379496019794 -9.401359893657158 9.395623774708099 -88.04899370914649 -5.372708256008309 16.619438905320067 14.300932626735857 27.788815579376546
1658 55493.64180922508 70096856.71736446 -18.102381375589893 -104.20532235570073 -5.890392632039443 10.925846635741564 -87.02464209225808 -5.392927011102984 21.75771553944753 15.079444597152133 28.895576276417728
1659 55526.92012381554 69624721.96203233 -4.160142890009018 -101.75629179030045 -12.654514330982884 19.671404957712202 -79.02595250926416 -5.982287627583446 15.40655831592835 10.557954234331476 23.884710143262055
1660 55560.79419589043 70268974.08145227 -2.068095004677904 -96.95402498239048 -13.32765929724782 7.055969246090406 -90.44025814034961 -5.7861888414743134 11.35938264742623 16.523316768268273 30.522299263853938
1661 55595.259942531586 69630551.01960564 -13.129293091453839 -104.38136804504236 -9.211373413197641 21.503608375292465 -77.52980316458651 -6.581638196546692 19.33938160884054 11.549997998684375 24.776632345112603
1662 55629.181997060776 69869954.99174094 -1.1491707694256768 -99.14433370586143 -8.936546056663481 29.106264884965544 -70.17200683417434 -2.5025911027213397 16.381844286477417 12.486718012016354 24.729178827351006
1663 55663.56605267525 69961545.04529005 -10.143584745814547 -100.21106000257652 -7.7776446460191195 9.97262397438756 -87.71440259455386 -4.388302841642314 17.781240437187535 15.328905544718168 29.17741654810459
1664 55697.26562833786 74943444.55430648 -21.770467969744416 -142.54885163189917 23.01243235312308 74.45880832872423 -30.19204571034336 4.655353008350346 79.05560355297007 41.749183674175924 59.25139466677024
1665 55730.94292640686 69736761.55015595 -6.972105707807568 -100.72322724113151 -8.771485201467172 9.774435385099487 -87.80449878044544 -3.875127250861169 17.87286992941199 12.672701527791219 25.97114204264392
1666 55764.69697809219 69720955.10735784 -12.860743131256585 -106.8658565869293 -7.963002217361499 21.651832586409526 -77.8428511169631 -7.521662822033306 19.64419199406484 11.903883076852765 25.17847862494409
1667 55798.285274744034 69738907.09855777 -0.2771239693594829 -98.61089957973354 -12.148255980317401 19.697867735139717 -79.17771788353937 -4.429906731458459 13.694425117916467 12.839804536188694 26.559083031120394
1668 55831.37225461006 69318806.85026662 -5.589946959814025 -104.31892946958031 -7.797345970633025 41.495635997806936 -59.789268400219306 -4.5931904384125914 17.423463740076272 10.779282273778335 23.313563874554006
1669 55865.1656396389 69774551.1575183 -22.887300091733593 -110.95269697272288 -6.297356674843698 42.091253743746634 -54.95669248484985 -9.851560377944793 25.818942149783197 10.662639387136153 23.845239557658715
1670 55898.4848484993 69452979.0269088 -0.17577818373313647 -99.37290098581461 -13.228685986592168 19.527972275235516 -79.93939404001144 -3.5645328593978434 13.008582121555833 10.954581069251446 24.103437887314612
1671 55931.74092173576 70113261.89766175 -19.48188009227544 -108.6732365490642 -8.236502197079687 40.82202535895124 -56.174367832818284 -9.831277858591363 23.64176417886472 12.397681983535108 25.968382693664353
1672 55965.734056949615 70099840.93657736 -11.086324116471372 -99.85338733982299 -9.846803386643273 8.81208159773798 -88.51249652980516 -5.879648060840623 17.05013806347415 15.55227738078645 29.55847412818423
1673 55998.86172103882 69984085.79798764 -10.65085310463795 -102.5017225912777 -11.080025778102893 -3.7634033827556053 -94.36449686808336 -7.289179132767572 17.607835431037643 12.790965986197762 26.18104779057751
1674 56032.23545503616 69687581.0565651 -18.0212659148648 -105.96860620027394 -8.577989859935812 41.0029490814572 -55.938112070419656 -7.771606887447263 22.587188358744697 10.586598054583078 23.686365648572973
1675 56065.590099811554 69861031.83103082 -16.851612134751775 -104.52820705832939 -6.150150465023415 30.41230423844006 -65.6352403108178 -5.668093725108349 22.24047240660923 12.96072614104537 26.51453367259262
1676 56099.03221321106 69673926.37982051 -12.192191886690747 -104.61044254026449 -7.470947357826326 22.419399365237144 -77.14685558176373 -4.6816071259512455 20.078331836296115 11.913483249591366 24.983441214195977
1677 56132.98880648613 69854917.22122195 -11.964951049153932 -102.57980668484157 -9.854914610686606 8.98333191088782 -88.37883229152722 -6.75140313906445 18.30128171606816 12.747783323975113 26.317139894843194
1678 56167.160863399506 69770184.11222088 -10.630730621508778 -101.33761914614094 -7.588760705068978 17.75105323087684 -71.46320118679289 -4.556559381216687 19.336605109146717 12.896053070639027 26.46504006064731
1679 56200.05969309807 69449909.91580428 -4.453523318014886 -97.31151509654593 -12.496256480240383 7.904475355246049 -89.84045637707393 -3.9376052062185636 11.90800060276382 11.906192756633004 25.176238577599975
1680 56233.40316724777 69680660.38485447 -16.207706454245532 -104.63577119216133 -11.023203906074059 27.555348802497768 -67.6308893240346 -9.94349721920679 17.677170910597738 11.264869952770425 24.24686953417904
1681 56267.15217137337 69747817.16810293 -26.6910106948577 -107.79507997556635 -3.169394687017558 63.27463739040495 -41.655979053608796 -7.503352703988753 24.27331268777243 13.54875327361799 26.96276488473609
1682 56300.9991672039 69533223.61722818 -9.208370414802562 -104.65131924806036 -8.95996224157804 21.434826109714407 -77.88171351937075 -6.372286788730207 17.099569408993375 10.889192325650072 24.085953997631805
1683 56334.30112338066 70179543.77530076 -3.4669761413996962 -91.85093641198348 -15.924773343976966 18.81660484856466 -78.97092621769093 -4.636542801253199 16.65042946397216 19.85208385796352 34.467838679947704
1684 56367.711144924164 69738794.6663508 -24.942481043236544 -110.74796872092033 -1.8706672142425589 44.1881235085047 -56.83121466638386 -8.742622619052327 25.543158631572283 12.444808882955158 25.272313430497547
1685 56401.60764980316 70062832.01006031 -16.276314779180318 -103.56690546369043 -6.1332129132019375 10.795282019630164 -87.27197982815449 -5.054716679412593 21.110145425002315 14.476376661345398 28.277709398327715
1686 56435.36998081207 69957063.2383212 -20.66971979554734 -106.12877426586083 -5.4666457959850305 30.695588187250472 -68.42333081998898 -6.983076587724099 23.788527409071207 13.182155813121426 26.7984045266968
1687 56469.53711795807 69693316.55967826 -8.786824445878064 -100.28142163394608 -8.393893251575001 29.187808748147848 -70.07207316835228 -4.276428009415042 17.69288841918683 12.728683331886486 26.227899400807587
1688 56503.30534029007 69746374.44189687 -0.40649525185996893 -101.36032668393196 -6.269183926145715 42.21557888868612 -59.1316177365005 -1.404976214226508 18.740046478354884 12.346809195450646 25.087008587052196
1689 56537.02928233147 69378675.52698992 -8.182348768271273 -103.25684542770718 -7.620804641537113 42.04155725182581 -59.12010179782361 -2.427793317210785 20.381517002629153 10.052505075706904 23.06230249675332
1690 56570.644988536835 69994762.92467394 -15.968336031688395 -100.44480354584468 -8.660264463521948 9.6700688607894 -87.88730916030272 -5.94821173883264 17.829390405353024 14.823286291896125 28.68509075869531
1691 56604.09479236603 69928577.6557344 -2.006388441876357 -96.04108178018292 -11.90566234231725 8.130008038054818 -89.37687569103812 -2.831966714013163 14.106976597642074 14.25616510591567 28.135451904675392
1692 56637.73384332657 69953812.38473763 -1.3657683768973587 -95.51305176950618 -15.634961627100928 6.317709109403658 -90.66559705756991 -5.340508959073759 11.13097315428314 14.537535411815611 28.082064587615946
1693 56671.76748108864 69875755.81761537 -13.508807679120991 -101.96807310525789 -8.15321646962174 9.646567026444863 -87.88526506891569 -6.045743213863204 18.429769342623672 14.001438540261006 27.57280227370677
1694 56705.992352724075 69905252.52037053 -4.728270003866983 -99.35158380507036 -10.078526302888633 -2.8952455333257845 -93.8980393628079 -3.5065636220129477 15.230020800605416 14.181125086512566 27.70773423550645
1695 56738.85185670853 70027309.19945973 -1.7157215534389536 -97.83492956527901 -11.451427108191822 7.836006581194987 -89.54698821596678 -3.8103043316607454 15.97195936978153 13.72862042093061 27.363718274569578
1696 56771.98323869705 70111072.87715915 -15.597544824517204 -102.85267374859508 -9.737358842102282 28.27241723993374 -67.72825893650605 -7.246772902425107 18.73359172900416 14.163998369918318 27.833215863812597
1697 56806.22047662735 69828478.6509353 -23.06069068423013 -105.542113915645 -4.614391391064579 30.92271681842478 -57.35028760724818 -5.864845640733677 27.408957924924493 11.883436110078435 25.079004008543848
1698 56839.74062156677 72361248.86969504 -7.839579177652068 -103.75901870611163 9.046705737512688 35.84836537881225 -64.08928486196255 0.13025354326032357 31.804614444218714 28.810845154264825 44.65351793557363
1699 56872.878487586975 69931135.24156637 -9.142597311583025 -101.29358686278846 -10.163150632134673 8.830080648360003 -88.62758568026554 -5.297454441562081 18.784609230781598 13.14690394917261 27.09471202279269
1700 56907.08706307411 70187164.00022858 -20.067111172511964 -110.22483115175837 5.722402892291512 54.51724929054407 -55.81076604922779 4.53733473597913 51.228494658504474 14.796299389232558 28.203484054323326
1701 56940.40977048874 69618001.6957897 -1.0112866045389328 -98.46330118680825 -13.007937321403467 19.203806875123036 -79.83159333655595 -3.68961883442455 14.385519205452738 11.225160991844461 24.33499150423006
1702 56974.575313568115 69744029.24228224 -14.306554139837997 -103.02035335772823 -10.414167050392258 8.584143422988532 -88.79797565458281 -7.57227641461435 16.716452415765616 12.357426548269359 25.74262064997083
1703 57008.113723516464 70489025.4603989 -9.456875860708978 -96.80784626516942 -12.59521894174619 7.569126308279493 -89.4417875134834 -5.585435273858252 17.15777119066604 16.246795684319522 30.17526271538395
1704 57041.85178208351 70614256.11362708 -16.744297578332866 -102.70608081451371 -6.171885432655884 29.802610217308743 -66.07297623691599 -6.187276874219606 22.866865814809557 16.892639878935597 31.065442480922684
1705 57075.174896240234 70187384.03346397 -3.0150255747926415 -97.2950761012334 -13.033469773460212 7.328254769070632 -89.60802609232074 -5.878123332797543 13.606677553254713 15.122902519184777 28.95252522866474
1706 57108.806898355484 70116741.46338192 -12.71515834250923 -106.57773047457553 -8.67328061575121 21.531684541812982 -82.1505153801457 -8.845047410246366 19.339586994877777 14.167707976029533 27.950635120164293
1707 57141.86357116699 69861492.71952653 -20.74088154934389 -108.14364048456689 -5.811689769960687 22.83297487590658 -76.44610676449345 -8.111748320421555 22.393480787760495 12.593771807043481 26.314673248531335
1708 57175.55335235596 70140939.45390052 -9.929969091982988 -100.5397688625012 -12.396206183584127 26.75334733811065 -68.8005997354108 -7.867865123637216 15.113443715604262 14.007136795601696 27.594030724555864
1709 57209.039391994476 69546350.90991108 -2.756905274126014 -99.18103890601178 -10.536493290789203 -3.2936430211801877 -94.33967007437808 -3.7697072718935942 13.88322579437363 12.133098570634502 25.666281240466446
1710 57243.09878087044 70256902.22688076 -17.391740936390864 -108.60317656182093 -1.153292612434477 1.939204595974303 -91.30653496040756 -5.746978281017277 22.15729666615823 13.074001934554644 26.64913427658962
1711 57276.4756026268 70343352.2390952 -2.4571958890594416 -93.97450397299009 -13.03164646722447 14.961891407480461 -73.91969122259837 -2.7033756949903704 15.28459476617229 16.273180686427054 30.131673758641227
1712 57309.98891162872 69708211.33181743 -18.271529624955498 -103.25296564276731 -8.732021055748099 9.535270349827215 -87.4173986417187 -8.0356813660037 18.919747898034984 12.24284126955979 25.610805676190694
1713 57343.31706929207 69713946.99930449 -5.7910537745977635 -101.79071171506082 -12.84536427224996 19.34551800880159 -79.5160501294074 -6.552618757287576 15.758754860717545 11.049978603763577 23.950383550674474
1714 57376.6214427948 70181847.63774404 -17.796125709683896 -106.0009334581157 -7.566458447108744 21.553122170637366 -77.13872031254333 -8.028131535787224 22.632131763813618 13.040547675056473 26.81524928631086
1715 57410.24166560173 69809528.28186968 -20.544911898225905 -105.36008093219024 -6.0920769243097865 30.432359356412118 -69.02150633032589 -8.034456792761546 19.70854085323481 13.954707616382962 27.551998079604346
1716 57444.086985588074 69881540.70396142 -8.197088452419035 -98.23375295226955 -13.10355270932331 7.176978334227215 -89.93189828486449 -5.532713154582041 15.073789064040284 12.484358209042966 25.995271449566303
1717 57477.97900867462 70151922.03413516 -17.73078586746569 -102.4255700211112 -6.7971575654312275 10.281404944279018 -87.27776603345947 -7.029638602972511 19.439902200955885 15.923169290700798 29.94352728531112
1718 57512.18581485748 70219174.36989231 -7.890092164793579 -104.96691905560418 -5.324316535207714 11.545585464427958 -87.88027644323803 -5.700538225053435 17.6395768049631 12.686256986034095 26.187035585056265
1719 57545.967972278595 69758097.320586 -18.727244897540213 -107.70115516900262 -1.1518050351940232 32.3553981727075 -67.1990288286365 -6.656376848858031 24.15201848335414 13.087980832611152 25.06219300373209
1720 57579.333034038544 69518524.583321 -5.284020668701508 -99.04782601238921 -12.428148717742332 7.764214074624796 -89.31064241937028 -5.06027618398133 14.110889899328981 11.175685126875976 24.379311824822025
1721 57613.60631322861 70002189.173081 -12.239692769486398 -106.06288461879399 -3.1058614227410075 12.65930402545851 -87.41774689724915 -5.202416469369382 18.405913504792693 12.822725928975274 26.202702571828468
1722 57647.34365439415 70203664.70790225 -8.077897427918176 -111.86952416846559 8.84587992504419 82.32610191772866 -53.47347774397476 -2.7059388654138843 24.128434924715293 13.705234285463234 27.501632488047335
1723 57681.55624461174 69273445.34906967 -23.054296073636966 -110.16676199472975 -4.184399270006637 35.68580385933055 -70.58611544298523 -7.823172092763514 23.927000549139507 8.985687177029718 21.784452963789022
1724 57715.50598239899 69589205.49234074 -9.499531060664431 -107.75867174162089 -3.2716954798123297 36.54408789129995 -69.51410059943748 -4.198226318269519 23.52475772543403 10.951087440757078 24.173195419771332
1725 57748.55670571327 69803073.9443024 -9.269263054549436 -102.30628704946753 -8.941709772286956 9.342667709980432 -88.56832344633386 -5.15313774992228 17.140027624646677 13.127049196571988 27.000387435990206
1726 57782.456463336945 69969403.66696459 -11.433674954549717 -101.45958995960011 -9.676152249423517 8.787404852861265 -89.18357758467468 -6.231493443180796 16.88570032273833 14.339729237425104 28.13235446025476
1727 57815.62748837471 69440356.92954083 -12.215747247121518 -102.96491762829777 -8.800173858650837 21.619087488551195 -82.81339094675344 -5.53369930241405 18.70950252021464 10.772408621517172 23.957758585460056
1728 57848.813372612 69914971.55591989 -9.570118803124592 -101.27498184678623 -11.325587279602459 7.981671395760088 -89.14760196198748 -6.465815856332597 17.92537673863717 12.108109391562607 25.54018329355972
1729 57882.1032230854 70148039.26337908 -25.42864419601511 -115.36241601557491 5.84866050605434 53.89040145988244 -53.09482843609887 2.6642271905384973 55.21234589336575 11.463729301071737 24.80938993642792
1730 57915.43488764763 69756012.61736116 -15.88960070660709 -103.76094206044424 -9.510821805209083 28.297803840455472 -67.49129194401179 -9.347577833368177 15.527277216638026 13.031781042563466 26.764909764103436
1731 57949.49249172211 69840001.6365771 -16.16443491739623 -106.93577318006045 -8.116149532487526 21.449912917063948 -77.58748247272436 -8.260585719211235 21.625871058354846 11.696012360756868 25.10276374033606
1732 57982.76093316078 69561661.65992905 -13.23535170590383 -104.3779547376479 -7.552248372735008 9.887849672859211 -88.06312484448758 -6.16304144598638 18.170846770864728 11.479000326140522 24.740601198988543
1733 58016.07758593559 70038508.3236961 -17.799247240245297 -101.33143166166062 -9.521717677699321 -2.813853245284207 -92.83692132341513 -7.3918228311240455 19.87613203797298 14.066661377778019 27.73102801218249
1734 58050.00703001022 69651410.8467052 -14.073423357246456 -102.72512989188833 -8.122903067165446 21.826860300178407 -82.66214257495749 -6.441399393899815 18.24428257467821 12.949188243502476 26.34606397892219
1735 58084.55453324318 72248031.35895656 -23.366981050733905 -119.35097697355299 22.77083686394159 82.04948953749096 -29.787830263242803 -1.0212423831188175 43.868273345629746 24.74683910863132 39.97644912504791
1736 58117.900198459625 70193597.05907509 -1.0092248796006373 -103.9506952889911 2.6377866864264803 52.7209257960066 -54.72753485017155 11.322958670958144 47.798010979128776 13.634151814876304 27.344595249914732
1737 58150.96821451187 70249256.4947422 -22.620489419398524 -112.34239796022607 2.0566932895801564 34.59546409952674 -58.68207920143928 -6.0508770542032835 26.444482650175132 12.419079069224608 25.743021813589735
1738 58183.65426445007 70018662.76098214 -18.061323623904265 -112.83617891654953 4.473891150805869 47.83070667222421 -67.71406965408374 -6.314800224284909 29.37845212375771 12.610931148767236 26.163011009354136
1739 58217.81924653053 69874912.7368916 -18.66054664562445 -101.1208305336974 -8.585529915376647 29.106517260306706 -66.45613821396944 -7.5564001507388525 17.578777738913573 14.59860115389688 28.415874773515725
1740 58251.50276517868 69987639.67991108 -9.726310475151127 -111.07311375714886 2.194721668686107 46.69124405621923 -63.60480152233478 -5.213298687183226 27.420468042637253 12.169606326453277 25.657064963307675
1741 58285.166479349136 69732395.33104923 -15.73369241089167 -103.00495520915521 -8.614590760934774 9.66590909671654 -87.72174180883852 -6.925133862859127 19.636138391797886 12.513459956645079 26.136134837428244
1742 58319.41447734833 69811167.32428862 -1.5293809236543598 -94.81233109006223 -11.96764441624368 -3.581452005029611 -94.2472041978412 -3.175751476857158 10.673475522200192 14.582085322585385 28.259719257259576
1743 58353.23350024223 70075430.00762625 -16.06116094445573 -106.96443593700371 3.43396669100445 67.57825134583766 -46.28182583976538 -3.2300210638646263 28.45310557227924 14.355162992072337 28.190487788656696
1744 58387.77371287346 69842239.36559604 -5.975938022409691 -101.4801097403065 -8.793828687403796 28.752855579371165 -67.11583269337473 -5.055602560353009 19.34241286971894 12.721260495862225 26.222821404213164
1745 58420.97916102409 70356352.40682824 -9.2171382664343 -108.69692111209027 2.908548914179839 66.86333138018085 -47.01337460361514 -3.5518113232408837 29.828032177173668 14.086877689827247 27.61012087269114
1746 58454.68668270111 69660455.999373 -9.280038887247349 -103.39497996372538 -9.28503834150576 9.027743566408049 -88.85694808107903 -6.884974497326823 15.45251291331715 12.611562418045992 26.02771279474814
1747 58488.039887189865 70181991.77006765 -14.409337694409974 -108.00256171699175 1.8934461363712884 54.30151463926316 -52.68657543195225 -4.039440558278272 28.339749488678535 13.164481425647182 26.672358224309278
1748 58521.677522182465 70421713.17292789 -32.52679723468488 -118.83105156489063 9.04074697087832 50.08366721281541 -58.206701181185124 -9.02985486386109 38.493181337835495 14.18668094725183 27.925536887049134
1749 58555.31095504761 69897019.83124968 -10.103760052720148 -102.558876150143 -8.510378557001708 8.993981787079619 -88.68546575123405 -6.2466256593817775 18.137591550433058 13.184967064053808 26.82392416971379
1750 58589.37063193321 69737350.30193356 -22.546983336018386 -107.07930839798308 -4.642428629655207 42.751575105561535 -60.01264008651151 -7.903302999548714 24.166465477262932 12.52757364012416 25.970924718483616
1751 58623.28403735161 70037595.12623769 -4.301335241390072 -98.76119931483325 -6.393892706682713 41.77763659816799 -53.899586527003635 -0.4399376176512533 21.690499272283773 14.287879686616634 28.1074496032694
1752 58657.006187200546 70058759.02153084 -12.88651312008529 -99.81337079295207 -5.8843252277277855 30.70861135409352 -69.03628196025944 -4.6179007641396765 16.452424800353583 17.101175269043893 30.602035899052453
1753 58690.261727809906 70023784.38664831 -4.275170584431034 -93.69340072365326 -11.784138523651734 28.05348357958914 -70.65036218248265 -3.2947393765030597 12.129687157318017 16.391943264643032 30.037816651785874
1754 58724.16295790672 69474964.50087598 -9.965523630184075 -105.86861564872127 -10.291238163114542 8.700093519940808 -83.3201167918824 -8.17457574139155 16.85907239843732 9.536086100653392 22.78594111737891
1755 58757.904693603516 69653024.98547044 -7.555880887747632 -100.67820351599332 -7.698503957452488 17.7204632742845 -74.77985449038698 -3.5058643160165275 18.24869035784093 12.153727530866831 25.05966582798419
1756 58791.65086698532 69785599.29311793 -20.312305872384897 -105.93936136050228 -2.8303180034885145 31.834207175142943 -67.88743018551172 -5.855817523110943 23.33540237906618 14.14670107815516 27.631729277440968
1757 58825.63227105141 69693665.23393549 -6.381228921315252 -101.83574882714731 -8.869510383464736 9.127316165930672 -88.58499353670516 -4.779486340590552 17.799980125516868 11.678209438031843 25.199570141816025
1758 58858.41241621971 69605392.75465694 -11.001562540854543 -101.95925947812427 -8.630202911736674 21.566609924049768 -82.73626007796554 -6.14272157621474 16.5734427650641 12.516136296751256 26.07352356612546
1759 58891.43088746071 70261901.81118707 -9.975398051585312 -100.3327585394184 -11.61691877794997 7.880720696888133 -89.28292087174009 -7.46922191442286 15.737775348234777 14.923181043147224 28.860401241026125
1760 58924.77810335159 69400962.62822449 -0.803432258352963 -96.97231569932791 -12.368720303113143 8.03518311590173 -89.60733025317641 -3.6329221116219514 10.813536161211118 12.035287934006874 25.44824945431344
1761 58958.328463077545 70257824.87577964 -18.027059300279035 -110.26947783458151 4.906141826587891 34.1923942526019 -74.91292373877911 5.019630648056307 49.65402396699619 14.531635009010074 28.264167911054756
1762 58991.50515794754 73139586.93924847 -17.102910247239347 -106.31070416875383 20.546889894003392 28.749956554664468 -79.51986204507831 -2.251909014937212 31.494926995512742 42.754871352761825 60.83466782416167
1763 59025.56683278084 69767565.72968437 -18.441541796057486 -105.68067914122842 -8.281068982962829 -2.748048455690977 -93.27975163215372 -9.711119258691554 19.12721120180288 12.026470202238897 25.403985136255187
1764 59059.256443977356 69473887.48761928 -4.675441988990242 -106.98309857997815 3.453529359392622 53.592700481242204 -57.86824292993327 8.902180854673588 44.114086536112495 11.49391067455548 24.653318227752493
1765 59092.724229097366 69328201.32559937 -11.261517166610703 -104.4392530183545 -8.202755509408192 9.816039254523794 -87.81708586141283 -6.94763893375324 16.698639931590037 10.115426963153311 23.085756862389985
1766 59126.94288563728 69731463.82400954 -18.411472196842254 -114.59489467195414 6.760367620795392 46.999764556353604 -63.39448989407598 3.946875953442998 51.921455414218485 10.8558929818725 24.301383678612865
1767 59160.3540725708 69544672.00399163 -11.901528010286402 -105.27069843994084 -7.629384575659593 9.573814660241851 -82.72740940236164 -6.418123759077503 19.729385317045967 10.893001856017406 24.14644111484165
1768 59194.67616605759 70008288.51722376 -0.003938462682564037 -101.588293882669 -3.1503968773436455 18.59607942893157 -82.84273368861967 6.923109761725527 39.76279865236063 13.421804589090698 27.090178870846103
1769 59228.09878230095 72617089.65809621 -2.7414159226851655 -105.96517730535669 22.844487328859614 49.90335003061816 -55.50843917657808 3.3397270225809166 31.828126746281555 38.54651631791273 54.60903860239205
1770 59263.48026800156 69811115.17037486 -22.31500438931191 -110.14922034626788 -4.277097199328615 31.033678033103357 -63.03041395500657 -8.612499621538518 24.87274126917646 11.620975418946443 24.86508408925306
1771 59296.85824346542 70067053.41494101 -5.746587570690281 -113.16082047359521 3.235318505502864 55.01902344709287 -35.5212885074067 -7.0043073735249095 34.1512408727956 13.131453873519604 26.461897863225204
1772 59330.75041723251 69961298.15807025 -3.071575208338402 -105.32225211678868 -2.6765206043137795 30.546910940596984 -70.15105687548628 4.13098537192468 40.81997203699359 11.70909626949674 25.147602408130638
1773 59364.57314038277 69933243.4043395 -10.974307999144326 -104.43369711878141 -9.706376427065287 39.93838675092222 -57.12195070167973 -7.738750901724472 19.298226917371835 11.536549795647886 24.591581945348366
1774 59398.8732252121 69560261.24733564 -14.193819046386428 -104.91762676226816 -10.448028715924487 20.347277707750433 -77.98131168582077 -9.546813213048665 17.10948848983344 9.695384900705903 22.743079216419233
1775 59431.871430397034 75133063.41020769 -39.497934330473015 -166.49331611664977 48.37924173173076 125.28166478709039 22.551763502128466 9.539845837744679 136.23007122937258 33.878255927891246 50.310698351124074
1776 59465.48553061485 69412362.58961974 -16.553488283700187 -105.8782426089107 -9.908980367064203 8.466236113934023 -88.75828096874534 -9.279067127385929 18.48202050410066 9.62044725291571 22.688779225486314
1777 59498.74405455589 69496716.93650709 -7.917927206579982 -101.81046234976536 -8.371396615106889 9.4082626523495 -88.06520912552847 -6.362085621111305 15.151701053355964 12.2050472841471 25.405093428066607
1778 59532.54624724388 69128171.90294631 -7.018290541537045 -101.5252743856982 -9.655113119055628 40.846852689099485 -65.2934594001359 -5.548062859019467 13.530482727699905 10.018904034984189 22.849522907534947
1779 59565.9107503891 69783789.2717566 -11.172242154637926 -104.452858426366 -9.036886168737148 20.841235009291896 -76.80488791206669 -7.227780724481022 19.82636834548282 11.012503509015971 24.436886662226016
1780 59599.146423101425 69752700.62192565 -12.828675128215052 -102.81817175772392 -9.559945350134193 -2.9132157034588317 -93.33115135134496 -7.722449323378044 17.058336499739653 12.454663221300962 25.782762901485853
1781 59632.90985202789 69304054.65042466 -13.255020401452459 -106.98765616456456 -6.177279082412895 42.1097627491617 -55.2372009264095 -6.594715414955203 21.441074177809924 8.973262319847947 21.900974697712854
1782 59666.357035160065 69610910.8489124 -24.326799310306505 -119.22763418017824 8.17088513089682 81.20529740968198 -38.36361514546283 -8.016053871603674 31.791471447313256 10.794121948225495 23.76002186963217
1783 59700.14059758186 69670155.2178767 -11.030953530299186 -102.14425329813727 -10.944225694092516 -3.558666034747013 -93.97423314282474 -7.77338313328039 15.503983152464457 11.806077711746013 25.023691594628417
1784 59733.78377246857 72886862.21240209 -16.60437714918134 -107.15508865240315 16.40691043964108 15.311090727224826 -78.16938458317331 -4.919522196797175 29.951307525261313 38.58146054927795 55.83416391493097
1785 59767.87516927719 69434231.5646122 -14.778310198816026 -105.31154504664374 -9.486195490169301 21.062320877736237 -75.96156793346786 -8.840251376166293 17.355035109059713 10.837561741189177 24.109767396253346
1786 59801.25971341133 72837071.62845153 -15.226016734762704 -103.72108893059604 18.21278687842415 24.07124932566144 -71.99003865082719 -2.191283350152503 28.605532847187646 40.60444518165468 58.00817752178261
1787 59834.5989882946 69741206.97836883 -4.541677874414811 -97.50071260444324 -12.982753058732044 -4.7569004559677595 -94.90623956311788 -5.155061460692821 14.373929439953372 11.690296458214789 24.95085228845892
1788 59867.56016540527 69875527.40602106 -15.010912088005627 -102.66193985808678 -9.332344106785285 36.304390020815845 -54.47382644154369 -7.871065747326043 16.527945496894404 13.5332372461977 26.87843369029872
1789 59901.02352786064 69532205.0528006 -22.455379409313 -107.20332785387656 -5.994557407193 49.77657912823173 -47.88499781590825 -9.631087015452977 20.109846184505273 11.997483114237127 25.22267892459047
1790 59934.32179737091 69869821.76934983 -17.49654540286602 -105.40937106424252 -6.904518710418223 10.11522705687527 -87.17489164106726 -9.008870898354076 19.57080266316234 13.129402405799738 26.3777949997924
1791 59967.90799713135 69625227.08161606 -16.110337803940986 -108.28385732912716 -7.599219374827548 21.681462869596082 -76.95559076625474 -9.835261494829297 19.683859427203288 10.164225376477305 23.24342666049995
1792 60001.93706488609 70064778.25655812 -15.057240558769788 -103.72737110685769 -7.25126148699637 17.483215632226436 -71.21129686007426 -6.969702748616783 22.13550620877004 13.298372162429814 26.894568655899775
1793 60035.72706055641 74903108.95552127 -27.63179514762343 -147.55440146602726 22.779449134166263 74.2973545261791 -22.44541053240407 -0.6513633671335128 81.95045367341572 35.97739923652307 52.14663667741809
1794 60069.16641545296 69888960.26766479 -10.149717792687033 -100.6878098424588 -11.4647692950441 7.823827314572128 -81.93329754788189 -8.42597876605413 14.955384694046415 13.278457613048317 26.90565381474164
1795 60102.64373111725 73189495.8597103 -20.927328311023555 -112.13754035232252 23.836899833329213 49.72439240291106 -54.76358982149065 -3.9624304117214706 36.85975520697252 40.38149606903664 57.20160480382367
1796 60136.0358171463 69467579.1846021 -11.695172922961985 -104.02532511885134 -8.078129834455929 17.408943675933454 -75.30130143542414 -7.226092910872467 16.114920631562654 11.332608924539215 24.462490594396968
1797 60169.49132204056 70262385.96275938 -22.46580367886265 -109.92418930465121 1.2592694818801249 38.67401232821895 -74.77775200338188 -7.559840084925554 23.436979470193137 16.408334946024638 30.192696660213414
1798 60203.474049568176 69849591.03936522 -18.26641888433239 -102.53254774117104 -8.258373093368284 21.55059899595337 -82.49653737515662 -7.704805344773945 18.911893755761184 13.445478167690794 26.96685964731398
1799 60236.68604230881 72658197.0208809 -14.240017677736363 -105.029539916035 16.56409218426355 3.3387671155733685 -90.89365368131661 -2.588309211284752 28.641200289862127 37.90602999603345 55.22042006307015
1800 60270.59596133232 69942537.50342755 -6.068988516937656 -99.13212502678414 -12.148070343874451 7.430783611909746 -89.2795646054418 -6.9037276054854715 12.660415949259118 14.075313659387007 27.619673676347475
1801 60303.86182522774 69676740.67719972 -9.102022742498345 -101.02617608299273 -9.923135723508253 -3.1046957089375553 -93.48482393169911 -6.0620207410100875 16.860781869984862 11.888218399352866 25.37853128974291
1802 60337.61365175247 70124187.6484141 -0.25845229133178194 -92.60474658844794 -14.351697118107822 14.417482567301775 -73.88564128430754 -2.426849342775597 14.972717974126112 14.623969716267425 28.220965574562115
1803 60371.41901779175 69396803.1989872 -7.352639585037622 -101.93833649383296 -11.277772182451628 20.175380120985793 -76.89989917373079 -7.064694353073719 14.274354670930052 10.753311649223122 24.021856548173787
1804 60404.98473572731 69730677.88567561 -17.04061113762244 -106.65231097329277 -6.491464591213365 -1.7128982361263425 -92.5250203841487 -7.788871982761407 21.778698566598564 11.438474760712381 24.916332473474426
1805 60439.04946422577 69667098.21650732 -19.30486837091422 -106.4990027149366 -8.417576692433293 -2.6080046177308205 -92.86454124528316 -10.435702935264658 18.159841275007466 11.571640184437399 24.960060668202914
1806 60472.00541114807 69682859.36276618 -5.126569977106307 -98.04217249768307 -9.895263969264086 28.756042637670415 -69.50378893398485 -3.848525191370186 13.952743613467874 13.368346770295375 26.95568810686484
1807 60505.61747813225 69714907.6955585 -9.561740674574752 -99.6417433858442 -10.165830202310744 9.098632019527258 -88.65540537086572 -5.441817739335363 17.300886093241388 13.5502529512396 27.060621563858035
1808 60539.05230927467 69647959.30879995 -15.024265341936072 -103.9467107388715 -9.712023700352887 -3.2807586421530175 -93.65224134369191 -9.381342110251467 16.17422104892387 11.451471894821793 24.57500093343242
1809 60573.13369464874 74756673.25067598 -19.287532683569836 -140.46616506382017 18.43646766176783 40.90711699235766 -54.25207105664936 2.6841805152198503 75.65841722027108 37.36751190827408 54.53719877672279
1810 60606.43272900581 70294088.83147317 -17.023043921071597 -119.2579054153151 14.171830580997984 83.22527080636559 -28.695209551883615 2.726322078037356 66.63325296296762 12.516041409217792 25.93511243397643
1811 60639.90990400314 69930298.8011641 -20.473643510014853 -105.57328232679845 -4.1759866791486004 42.849760116278475 -52.75602758019346 -5.437536475733111 28.30036037886066 12.63746537106033 26.44429712620922
1812 60673.13368153572 69696636.65520905 -8.861064989141335 -100.22888984227258 -9.738649075408318 -3.0406358871214536 -93.5244590041661 -6.177363160785376 15.592205166528743 12.918103485950496 26.28845983086842
1813 60706.716208696365 69823503.26380947 -12.004556022520317 -101.08892580984197 -10.594916328137856 -3.7707825687836376 -94.32090753706233 -7.192998823530331 16.422172828905104 12.250801749151492 25.549512204738903
1814 60740.584689855576 69703135.55260926 -20.70065526355085 -106.8583626506676 -5.247074635986451 11.074638919612617 -85.63077593468809 -8.791551610540523 20.185610086362203 12.448983285125905 25.91270232335455
1815 60773.67322850227 74599489.9115578 -27.189738570727467 -144.39480928363105 21.929317068648494 62.27205991632047 -35.23141094983784 1.0551633518346648 77.88818078055306 36.42071249310197 53.36624886081222
1816 60807.73642921448 69638085.54538028 -12.61980498907664 -105.3039919191407 -8.131158294698054 33.426064430628 -63.63273455880104 -7.722027483098941 20.289966440036096 10.567863821986975 23.75306265729148
1817 60841.46989274025 70009850.15145898 -19.12672895258223 -111.26804410564698 3.1344913161175967 59.32314969407729 -61.853823461890805 -6.5043801160702515 27.990159909252498 12.943530288956026 26.501982442254644
1818 60874.91979432106 69198536.26513627 -11.607433642836073 -104.85215328247759 -7.409350894517935 41.70517815658795 -58.03710112956971 -6.135093880728618 18.354255168073337 9.374463602826552 21.77392737067555
1819 60908.711002111435 69695670.03452703 -9.137289509110333 -101.63819368937112 -14.177834366099496 17.976067976150176 -80.22634611209514 -9.620676189788412 14.189582062665522 10.455924102753329 23.022829224498423
1820 60942.14853024483 72972561.49911395 -8.50825258508078 -102.54424798356902 16.304650640112293 2.922109278188813 -91.277377050642 -1.8665139331106957 25.837934823005526 40.45411714580587 58.367291292629716
1821 60975.339743852615 70348019.88938642 -18.299455353332952 -108.96795893828806 5.313764425414796 41.93921229350381 -58.26760777620622 4.844942105258724 51.252943019307736 14.85450618219977 28.3754768966661
1822 61008.920268297195 70028254.46094385 -5.344940251690719 -99.07071028841327 -13.889106849989723 6.366963999159637 -90.72641439764476 -8.383147593766012 11.009158010802025 14.315249455397975 28.237642056195796
1823 61042.366799116135 70278566.11481322 -21.27882226195057 -108.65823849426522 4.104580578201588 41.55536671154286 -58.5753734935022 4.10058435021034 49.435211397541934 14.512164754291462 28.307623827085536
1824 61076.871206998825 69788446.96806899 -18.11744707773228 -105.74742514827271 -7.876124111840923 33.54835309604149 -70.3769005716599 -10.069286161740308 17.25751832846629 13.201328042417572 26.821632833609442
1825 61109.90148973465 70257238.7471996 -18.27099684048344 -115.3530778553261 2.438888402711534 46.60524569901722 -48.048317211662685 -10.88432310799584 39.588233229951015 12.100414052098927 25.62878873638897
1826 61143.59991288185 69900213.04609491 -20.02028288984152 -105.3279938014741 -5.543123639823712 -1.1851184204044003 -92.21252293874794 -7.082791296136634 24.569628119659228 13.400789872006726 26.8034793458188
1827 61178.13734745979 69823023.2967151 -7.016361441761809 -99.64928299811463 -12.144524499865632 7.570535691661142 -88.32377725800723 -7.181584860953592 14.226851593986225 12.585722993081049 26.11436843810793
1828 61211.79891395569 73748845.4115364 -16.151406031744557 -137.70266332513566 14.046404449751027 63.432534568158125 -44.671486865889285 -0.03233869951458246 65.11832853480803 29.45570839196705 45.364272485499896
1829 61245.05313849449 72905062.34245563 -17.14234118753314 -106.10454540582371 19.178486375080727 16.396448246313245 -83.75368988946241 -3.2030978262476424 29.506121024836716 40.19067023823766 57.68136174050221
1830 61279.26984834671 69977594.04835337 -16.00571313551101 -102.63623197754019 -7.699052561318368 -2.192369932434815 -92.81080808331374 -7.603435293431119 18.712175686159412 14.132305544447604 27.828084409106282
1831 61312.59721779823 74290075.2428453 -3.730492340497973 -130.73075025448617 9.18574333914004 48.33502829422206 -52.17490759002791 3.434908968600155 63.7313937929398 33.17942807306565 49.663228387806384
1832 61346.37512969971 70061632.63275886 -14.434046998009041 -101.96524261098378 -10.962160979393978 -4.23432675716284 -94.35396537369607 -10.050510804841224 15.492561815374756 13.338717334812713 26.95024237081077
1833 61385.21341371536 69874334.25556691 -4.748059625416403 -97.84430187541676 -14.121127881260598 -5.563733969969455 -95.49452083484651 -7.433267794570156 12.35620666409909 12.510101753975732 25.711434511804327
1834 61418.59099984169 69704883.69349274 -6.318089910016152 -97.66290284729536 -12.44865193206217 7.635665021348117 -88.1854297691308 -6.6969152420476235 11.983982349237976 13.011377394389797 26.488906816054737
1835 61452.784898519516 69860688.28875531 -17.452315251731214 -104.36117816134572 -8.650891621717939 28.49026573936722 -66.87446155320019 -8.278560820439338 21.44665378537843 11.502195792863347 24.563400598520616
1836 61487.39426255226 69697809.07716148 -8.244132207618458 -107.77205853889697 0.9199973087419799 44.15884347624852 -65.95187795040052 5.375911031841213 45.32873911746526 10.683606068786673 23.747623803758188
1837 61520.87180352211 70184556.53041063 -4.538096177767356 -110.3456961170894 1.11307930780697 46.190355274458796 -47.45529985434894 -6.472715083970513 36.94202685645462 11.397892701385615 24.763000199247358
1838 61554.088866233826 70158860.23612545 -26.71929456207881 -118.45948568993145 3.505173316916334 35.536574453528615 -52.388443266249 -13.117628404059076 40.698422650518864 11.941795454422277 25.3061617557845
1839 61587.65596485138 70141435.28815241 -12.735383642372188 -101.47268925098986 -13.166085339093883 -5.662782160032506 -95.28039848532916 -10.543563693082262 15.99150845946042 13.243164401650233 26.405998939976598
1840 61620.729420661926 70417979.90794834 -14.51672394621017 -113.35044832762082 -1.68554755776686 44.61005338546953 -49.80727217402084 -11.92388829541386 35.81942180874228 12.795839285351576 26.015069772495394
1841 61654.24280977249 70161440.72718821 -22.27726763551229 -104.0026083802082 -9.406374760316659 16.058242766638873 -72.26452201128194 -10.341433512452738 20.54776538392332 14.255776078578606 28.033731266633822
1842 61687.50607395172 69813036.58018276 -11.151837006137276 -107.63036082322967 -0.10942288648200815 31.811051751603447 -76.64167127261784 3.2142017465685626 43.017055952199485 11.388219910814598 24.639385321682994
1843 61721.24348902702 69895555.13093734 -15.125139564745007 -103.41163849190163 -9.872980110301043 -3.5155781087632647 -93.70428799699849 -9.195889983664642 18.011025115718212 12.72670277968939 26.09026843622371
1844 61754.89232611656 69747143.08842364 -3.2785155666323362 -96.60107548549762 -13.746915702579962 30.908208178297606 -78.90842294026177 -5.901897873382552 10.600998851849226 13.252719290586924 26.764220234122035
1845 61788.239708185196 73775242.85292867 -28.398909183809987 -121.15440197801868 33.323030495087615 74.09017247605185 -22.66764499934934 -7.933983120177686 56.46271153470934 41.86241701415349 59.40200580006501
1846 61822.268619060516 70630600.74313922 -25.189936709219538 -114.41592307265852 2.534832987900643 46.68435721233146 -47.689829328450315 -12.692797732027998 39.02560456040078 15.573117024557632 29.554792476947455
1847 61855.98479604721 70494980.33488455 -16.23113345768598 -112.8046977085673 -2.0949730235041812 32.534301778440735 -54.9409493742331 -12.791018109243112 34.48739766454048 13.64886386970602 27.157845581595325
1848 61889.108618974686 69925717.84496316 -8.483411002598178 -97.78902386986739 -12.080205058309609 -4.237741831538678 -94.2887640324811 -6.762734689855506 13.725213693697924 13.404468681733078 27.067178440240355
1849 61922.4876408577 69943587.09012574 -18.075197720943954 -105.01737852684722 -8.382621582840017 -3.0141435617188037 -93.44496037700615 -9.844330691435573 18.873042046462615 12.786473599479791 26.388506998003777
1850 61956.62287425995 69800718.9754057 -10.402632439063535 -99.32737478774277 -11.546771330874208 19.841179278427386 -83.04878646370624 -7.944411973845774 12.63998215037941 13.529681384783657 27.049627875443093
1851 61989.850541591644 70558578.456062 -13.271477099437691 -112.33589181445701 1.616900289172456 53.73653753614112 -32.290935436460494 -9.267406120961141 39.34982279015878 13.445291738951937 26.99074739624689
1852 62023.451506614685 70019227.80019635 -13.789242403702486 -100.0654142512152 -11.134376390418517 27.594610030590452 -67.3212568004976 -8.033183291793819 17.056044957347012 13.554614550085148 27.17232640915688
1853 62057.28145766258 69840168.78396967 -14.249693956342323 -99.64710160636363 -11.089120091939733 15.638445270031408 -72.16897112174986 -8.370717622809195 17.608350250294848 12.510362904934254 25.91378537844082
1854 62091.37189769745 69650779.00151744 -7.791813431467899 -99.51535390610937 -11.909807946553386 7.772934008669516 -89.37313653880304 -6.711978381768802 13.989019718248528 11.795599391559506 25.32475515115732
1855 62124.99558162689 69887322.36962898 -2.85540589140448 -94.19460678353136 -13.102209730628104 7.4816733654797645 -88.14573965189285 -4.564327731902267 11.776683411149293 14.01209788334927 27.70084216119369
1856 62157.87980937958 70170534.52291718 -8.345291049219442 -97.62255915843396 -10.646230999488694 -3.61776767247175 -93.80300312801023 -6.123953001139398 14.827702243984731 15.116326654526233 29.111428130838476
1857 62191.92853307724 70249206.48696984 -21.479943746135636 -103.74995659085985 -9.091669297118123 16.154861401603885 -72.33568199945987 -10.571397354597707 20.121245063916263 14.380402246149288 27.952335091810255
1858 62225.64451241493 74229107.23320685 -12.834804195748747 -136.40772835427205 13.440419370674242 50.6002396696847 -50.38255838190125 1.0918178995979702 68.05354032526645 32.332908891811144 48.39812120548959
1859 62259.30548262596 69957727.4916211 -12.006320054863107 -101.60261541217716 -11.268597087336957 -4.072624607651015 -93.9812833230289 -8.380272149358689 17.02467449264168 12.409409270307037 26.02369122664618
1860 62293.56037187576 70165738.77517077 -23.754156375987897 -106.38405374463075 -4.764686586885119 18.229665982800448 -70.70394777366914 -9.239684331975525 23.346529086319947 14.298361779771767 28.0954239622082
1861 62326.994567632675 70161837.18651754 -24.691121642891595 -116.2707722043626 5.704974310510057 75.67796070464435 -12.263266202031726 -11.144309475666091 41.00432547628475 12.835180511765543 26.124502882919273
1862 62360.293949365616 69932016.41792902 -8.915823422745868 -99.78372012912033 -12.711606221597258 7.226879763678205 -82.19874061028138 -8.68625704294459 14.703615868212978 13.045995457410186 26.444414380701687
1863 62393.55540513992 70417811.87762466 -16.115277102803056 -103.9761951295113 -5.167113134978166 11.315068091193218 -87.05610061151992 -8.610812670609164 18.84086746708067 15.413443228335268 29.463639459252136
1864 62427.27886009216 69804591.74981318 -15.645150538644229 -102.03660932815669 -7.858340710421864 53.050474240585835 -47.74612336291156 -6.938121145225125 20.08484373217732 12.300746568879617 25.426064017822114
1865 62461.30133032799 69780704.44927634 -13.352008058791892 -103.70717972258569 -7.654186686268616 40.88527098693617 -52.91791042062799 -6.737894810537227 21.415048600012142 11.211142027447352 24.42031625171387
1866 62495.49243783951 69920810.09064429 -0.49436642929850194 -93.80143817857262 -14.797182343049151 -5.374697044589865 -95.24485769799907 -4.829463529123757 10.11584717307602 14.134799810801496 28.095155144038472
1867 62529.55655121803 74956294.62476014 -18.951013715321384 -140.1501227427151 19.078346116447207 84.25950878892218 -15.348312877256989 3.9398744138337634 79.75904004834672 38.34126248309633 55.55199633991572
1868 62563.867800951004 70026137.56581154 -6.339751978231758 -97.17221434865634 -10.839323607022123 39.83863535479954 -47.284331421636274 -4.049824401107628 18.807802386510275 12.891666194408003 26.455607634823537
1869 62597.31373476982 73879541.10353984 -19.82246642383287 -139.15086388579556 14.87339934684698 52.01227160917229 -49.96783815728865 0.9983339856571547 72.4889337599601 29.406539713215352 45.20794029879312
1870 62631.66929650307 69683419.55040674 -3.10324747927098 -99.31862403075738 -16.109754474587476 5.5071859467757065 -85.91023277000376 -8.937552854652779 10.243419154866672 11.002288703822558 23.773937848569176
1871 62664.98919415474 77650967.79029511 -8.97164358398026 -134.3551343860278 38.80972755905398 44.07583645544699 -54.21577930615131 7.169428151516058 77.30807483822161 63.09616544998562 83.70041748624874
1872 62698.57905101776 69844198.62254226 -12.578595393857253 -99.93874113438287 -10.9108062338561 -3.654400355550102 -94.12543887099643 -8.225928905199908 13.484875560505884 13.736903981118303 27.392520949736422
1873 62731.66543483734 69874238.2305295 -15.963774363575764 -106.11598429228803 -8.666140287983978 8.935182819230583 -88.44507179713202 -9.288788184843781 21.930553201500288 12.144990886650476 25.44272344658691
1874 62765.88304591179 70120497.90460283 -8.021715819023296 -98.6936574201149 -11.69932152946344 7.957208632459398 -89.69712173621497 -5.945615613041639 16.92659242531829 15.159011646360568 28.65743757320695
1875 62799.690209150314 74547967.22016633 -11.986915693949163 -135.92744329488502 12.214719762865919 37.99076890539114 -56.687985962696445 2.0875901755413793 69.67399820435787 35.097344207606056 51.73554375653714
1876 62833.08571624756 69618706.53324062 -6.211104917932305 -100.99976801120847 -7.549497083386768 29.291382195305342 -66.75808547291847 -2.851623991168367 22.533618680714653 11.531343565917552 24.74062252691226
1877 62866.41628026962 70470091.08251046 -6.8191256743085535 -98.40871900748928 -15.35561847286688 13.162890610500952 -74.84688802305749 -9.590887916655845 14.47166885746799 15.100950278625078 28.294991029705216
1878 62900.33792710304 75462887.77365515 -21.26596483881399 -141.27961733615143 16.664884618685257 58.86661352504906 -34.117973776943266 0.1978335137571321 77.63723362688734 41.829718460594904 59.38539858598517
1879 62934.26964020729 75313376.27451569 -23.98178062984688 -142.07018108263085 18.412028266388106 40.219595956828286 -54.5326521489035 1.2341129610359758 80.30840597516578 40.920706686972494 58.51538130859694
1880 62969.03909230232 69984757.31954858 -5.501222352481891 -102.40705275675307 -8.599020716305176 9.673708462785626 -89.0632989877771 -7.507462025079974 13.337462768522983 12.941196712294754 26.236766731970306
1881 63002.732835531235 70175412.87495404 -6.734798139293272 -109.52575802241783 -1.0071924649175088 57.12180445488259 -43.67510599748847 -9.279848323420822 31.056263595373252 13.228295921875429 26.82371110140923
1882 63036.282598257065 69389749.89106902 -2.801372730609277 -99.6544858733152 -15.14989993600561 6.200777253770475 -85.48947065351507 -8.123918309347403 9.463305701051468 9.640862314352603 22.809907216024726
1883 63070.7893807888 69738743.27353036 -17.77307736883275 -104.7104255655609 -8.611158631305095 20.98555412912426 -81.90729719905403 -8.979409955481799 19.552815996958657 11.868572782616695 25.065800393733525
1884 63104.30741262436 72731335.514718 -13.181155874211079 -123.7505490252571 25.993057595665647 76.36278949352516 -22.79898124781694 -4.546680045650817 55.57922652025604 25.85103418771314 41.20845001639725
1885 63137.21873450279 69991813.6344527 -17.488306009012575 -117.99614815619191 -0.9450508277466341 45.195129907391205 -43.553033558460214 -14.59054311706359 36.08210324539277 9.226618751399599 22.151311290504736
1886 63171.3675904274 70023958.67791247 -5.01681884713911 -96.71735422664533 -15.946799949561694 5.319168492481083 -91.33628833623736 -9.199849898246043 8.589209857574872 14.298330353137544 27.547449745322183
1887 63205.31808447838 69709042.16334699 -1.0665677572782393 -111.00141659069763 -4.128433590366058 44.00107736857069 -45.393693250705994 -9.218210103680747 30.06812285702938 9.058032900900287 22.018685326757236
1888 63238.964753866196 69424227.10020556 -2.436399632545413 -99.72836396824691 -13.57366238777211 18.920794518010364 -79.5278736670186 -6.399227736401485 12.852901102849728 9.452247132777984 22.358620535289447
1889 63272.70113968849 69877363.23255049 -4.49951779671173 -99.83831743694581 -14.366459146732325 -5.776182126395703 -96.1200344371529 -8.326618408809338 11.561681115888916 12.853315819958993 26.19673394605354
1890 63306.255185842514 70017597.74700455 -1.9840553910211813 -96.51165741398474 -16.543714849496823 -6.922426601149951 -96.63317355180766 -8.986763896765012 9.368189386788288 13.161768394804426 26.40250385422678
1891 63339.85173869133 69835758.06261322 -11.245427645880898 -100.22339014106998 -12.442352227126563 27.03826470846471 -67.91368822418204 -7.673820482974008 16.98994893392637 11.752942035764931 25.002667490564704
1892 63372.55877161026 69537180.40052807 -3.3303199278611437 -99.3337225989275 -14.447397797472178 -5.298138873449112 -95.51225127787359 -8.601657631038336 9.03799152811223 11.567630538774097 24.747022615772835
1893 63405.918805122375 70193815.21949543 -17.542998274991007 -101.61581785798441 -12.697250941976435 14.830293849001755 -72.95007782455984 -10.774955290533057 16.847494519030533 13.552446577148771 27.129149812831542
1894 63439.82748389244 69456172.52634883 -9.110274550698191 -99.1557974730168 -15.249517740539552 17.984013057811325 -85.0476524702833 -8.397497652286575 8.457763790546437 10.870076324899287 23.879006002219626
1895 63473.59857392311 70319729.04915762 -12.886287688417644 -106.61466986374889 -3.100950595542578 12.25728855346783 -86.62522270540887 -8.670818195364348 19.889476331731203 14.767340281645374 28.42213152837803
1896 63506.91952729225 69554359.63818991 -5.134591294226915 -97.20590063811606 -16.43810572917294 5.721981212556521 -90.97845554537717 -8.375230807224568 8.621385625858352 11.78607337216863 25.209332360916164
1897 63541.37654352188 69895407.40695396 -11.677919445714672 -102.92696565743154 -9.477561571328863 16.199059139631892 -72.00399628888673 -8.808525125076642 19.093124609072675 12.079123890948154 25.294016580072366
1898 63574.76179933548 69438185.88027623 -5.041233282065107 -102.72158396772772 -11.404859575991658 8.109385571487756 -88.79093595910507 -7.228483878587099 18.79197163180811 9.36641327435467 22.328490194328083
1899 63608.35085988045 69577019.31935439 -1.9742619955102878 -98.83156536642772 -14.856677943818504 6.335581024608203 -90.60050883184073 -8.097896937098938 9.695732364668629 11.847315477704 24.999455544133752
1900 63641.80683994293 69528304.18418084 -1.893626982612611 -97.63402613501455 -16.4866202311594 5.728105120796073 -91.10653940205474 -8.40977730878086 7.664299554352112 11.056052161651223 24.304362161820336
1901 63675.280356884 69578350.50073326 -12.914505947145507 -106.63989077065848 -9.453252551439299 9.069528354823369 -82.9003966502356 -9.167916645654316 19.69427689726342 10.053603414049633 23.13944525788338
1902 63708.88385105133 69862051.15129977 -8.239941229643016 -100.94725926643177 -13.96044214555696 13.960885387373882 -74.45440948602759 -9.952110699347031 11.870654172341176 12.26186372977304 25.47842886625301
1903 63742.50053739548 70286790.31571347 -12.904208166331136 -107.66069562086795 -2.6994326833079825 51.97398716778693 -54.277182354339494 -8.89039165355797 21.948158574609124 13.973078384668838 27.461612172326227
1904 63776.438643455505 69638553.29645757 -7.418177129722986 -100.63066903555173 -14.57706990232984 14.152270011488916 -74.2478298871653 -9.417626306025511 11.665018442365351 11.176924682286824 24.475642924708836
1905 63810.205343961716 70190159.46225688 -22.581059025600986 -118.18711914639451 4.338784978136296 47.77706718273919 -46.98822267160748 -12.860400634294933 39.100693238710846 12.863610115585288 26.49974538204583
1906 63843.933185338974 69949550.82292114 -8.99784986215655 -108.17543408459512 -1.286202782684036 57.171288214318935 -64.85149201265659 -7.432791417392991 20.40455003390514 13.217246599577493 26.939629636958443
1907 63877.5323240757 69932363.53582011 -13.958799442865056 -109.22231652690691 -1.3473890840131304 33.341197551598114 -74.66963145275875 -8.686716476847494 21.199266890732247 12.472073995840333 25.95219120086506
1908 63911.57949209213 69769605.81398767 -4.94217156339951 -97.44072049125025 -14.837432909691671 -5.546510854638221 -95.52754460054773 -7.860595254983366 10.24297878236382 12.63800261761503 25.948236479861862
1909 63944.694133758545 69505667.73723389 -6.119120031920424 -99.0730678664623 -14.891031808006659 6.413121469275637 -90.58463587402686 -8.989916419677911 9.994766339385762 11.38464341482512 24.473545180225983
1910 63978.78660035133 69779643.65313858 -7.9453969329589125 -98.37961985326899 -15.443361571700663 25.52273249907414 -69.39108376350013 -10.028967511587382 9.733116374932251 12.641523985740491 26.0035964478069
1911 64012.828580617905 69788911.24287707 -1.7578415946596255 -96.06549451130489 -16.322321167015843 5.58374979160898 -91.46523454022052 -7.350486867608993 8.697304978017144 12.695926874740508 25.934045990620916
1912 64046.278438806534 69644810.55516045 -4.104141167032708 -107.44128128749497 -1.783772606630194 30.997736504115423 -72.12135332029973 4.051016392395013 41.667173157687444 10.198214803337748 23.338186435471243
1913 64080.15712714195 69992184.75910546 -8.907801148374569 -105.68826142816499 -2.2009859262433906 31.0330809272696 -77.10357579319452 2.94669017047687 41.270910280381145 12.902429020144837 26.328818245535786
1914 64114.106133461 69352651.87734671 -2.20098641801542 -100.34309197194783 -14.106212757451459 31.033984976211098 -74.26281021886402 -7.775860063692392 10.150206396710132 10.11939695391112 23.33559213807746
1915 64147.29015159607 69909045.9744906 -4.247180916997118 -98.57072154014472 -16.531199165763454 -6.741070635849475 -96.54632720928858 -9.826906280443836 10.15642392015701 12.347544597732508 25.465640975704105
1916 64180.563984155655 69564198.00693256 -1.2634141181938503 -97.27136887422773 -16.304013876590624 5.670976181998583 -91.44012838110928 -7.625687453603007 7.625514632913962 12.073109667056201 25.47886012698268
1917 64213.839884996414 69413310.87818849 -12.837685415153326 -101.45852186181686 -13.71830211380587 7.268206357377956 -89.40457053542661 -10.681243630988149 11.421576269129957 10.349794871253778 23.42358230573177
1918 64247.67324209213 70197322.39119107 -15.634838536096478 -109.40046597369623 -1.4711938839368628 64.27042205689533 -41.4460054093047 -10.29430793514905 23.495181796530346 13.159988353796507 26.553559976155725
1919 64281.35984659195 72581930.92949626 -12.977790544715104 -103.86760031864698 13.698108424506984 14.195550579661209 -86.039930743537 -5.068653835971361 25.106694534050575 37.74733715565628 54.856173074439084
1920 64314.768231868744 70360380.36570974 -11.606957840665224 -105.23896344571035 -0.7782193704664735 31.412154015868474 -77.29106357409452 2.0674838923960124 41.61066396640115 15.692471355990165 29.012612151072403
1921 64349.16024661064 69667774.25890271 -12.951784440431164 -103.19392083397065 -12.81697828696749 -4.695534956129677 -94.54308986694373 -10.190551025570073 15.504502193923713 10.7696056271688 24.03696800895318
1922 64382.339696884155 74474043.20620103 -20.201474950767448 -146.33901479046781 25.39894995183281 74.55663406084834 -38.514417499383136 10.899641839218589 100.04542485895263 33.43676588495964 49.74239777305013
1923 64415.71516227722 69288670.60707825 -5.296161364275209 -100.01525278183311 -16.044090958695918 25.53933555272627 -69.73028679520543 -9.361913291685028 9.033450158240157 9.720486163481894 22.72662270595538
1924 64448.80574584007 69574726.17025295 -0.2695853433837687 -96.38346319945127 -17.068141904052517 5.452729228279416 -91.19403115095285 -7.810403399337247 8.293199953792964 11.49381586574873 24.762173052734852
1925 64482.051765441895 69792814.4157979 -3.174206552952782 -95.39241199231675 -17.04591457196488 36.710648137234706 -65.16024753328958 -8.608521161336455 6.7811258121278115 13.36688129582592 26.42230418867382
1926 64516.02573156357 69733433.88330998 -12.593457797617686 -111.93030692513229 0.4964821460972715 69.96462488084987 -51.66267794791086 -9.134753580090319 22.855333533367798 11.265709200669448 24.55360070076449
1927 64550.05081605911 70211234.91357534 -15.064068916001283 -118.09518231174232 14.384215222904302 71.08347586039731 -56.06728130974934 5.292254241141791 58.94973344719665 12.349678565285217 25.477796241707097
1928 64583.683537483215 69538487.77581343 -5.877946157818839 -99.573231520377 -14.742990497729231 18.461329264987803 -85.28383278778064 -9.723432511277394 8.57728863904589 11.639954369964812 24.70223919280761
1929 64617.13415646553 72623926.3666989 -7.780560823190061 -102.6016268610674 10.535125248943217 24.518271452084313 -81.64340573790375 -5.056434544642343 22.6177625467559 37.011481334852306 53.54980319144977
1930 64651.34957885742 69702878.85769668 -2.7108983827484074 -96.92209631086955 -17.478686990872497 -7.000980457421662 -96.72986716768591 -8.896621895933777 8.330728470244708 11.603116492626327 24.461691779293005
1931 64685.55324101448 69783510.40022656 -2.230393887607324 -97.67061174146562 -16.146648658304642 5.392658206992991 -91.44680853270465 -8.792600140213665 9.27966473335448 12.55190491814858 25.634612315877007
1932 64719.14484786987 69553379.48348568 -2.7803800811600237 -96.87432563867118 -16.943955389893674 17.26977980308166 -86.05377408251724 -8.596702137466309 7.740252902273824 11.644541491765551 24.693859799690927
1933 64752.1817240715 69852653.70429201 -15.539169042642124 -109.78346729106906 -0.6167919357524241 45.63228227833501 -69.37442371591911 -9.029261487124302 22.632328569745596 12.133778100200288 25.573363054823176
1934 64785.33170700073 69457419.40133925 -10.274921621786495 -103.00251320071901 -13.37058613815875 6.851008458325964 -90.0112106989079 -9.974914950654465 13.410845382347702 9.523336710074545 22.40123790918517
1935 64818.74058628082 69814992.53433438 -1.053345760484678 -96.14049876815874 -18.77530387370944 -7.822848454342562 -97.36634125959708 -8.81696603407346 8.22654231628104 11.896929528117482 24.847235090455115
1936 64852.66380572319 70020012.90378594 -7.504948660670676 -97.41757046191242 -16.893345244601996 12.861490769661202 -74.77759342947198 -9.477302691397426 11.453415458920801 13.059061501798055 26.284396626810462
1937 64886.099561691284 70369383.44905277 -16.563942196610796 -113.06667751910118 5.0277497958374155 60.460351693760906 -62.940580145738295 -8.210025164154615 26.575063779863626 13.65964641050823 27.115486151159757
1938 64920.443271160126 69552954.09691757 -15.893032966947445 -105.29002389418326 -11.780589897909309 -4.052089036959359 -93.61726886015094 -11.39597244960487 16.820542190797028 9.250027823372534 22.366521268955466
1939 64953.76769852638 70527996.85656807 -19.95084541940517 -129.13978594212307 23.203959955649218 126.92735617717346 4.191656924562582 -0.16551418607838286 72.80059266179308 12.643900794054957 25.918353790301126
1940 64987.5958006382 69448956.33009355 -4.83894593651303 -98.57490908818947 -15.314444813066011 6.260561236208353 -90.44226867887198 -9.033634841498895 9.602109664241993 10.956730402162407 23.988270035121673
1941 65021.158529520035 69986216.99468085 -17.409430740179218 -107.9768891594681 -5.512402441245435 23.144766122113662 -82.1361751040024 -10.640907043912932 17.620453571100597 12.455729030006978 26.02975462036295
1942 65054.58163666725 69492303.61068158 -8.734667708815271 -102.10727447057874 -14.53747695853744 25.904404550646444 -69.35454503411044 -10.402909553792142 11.039732671942488 10.212059861700595 23.31943467276176
1943 65087.40201282501 69544799.21859798 -7.687883867195312 -100.83756303985507 -14.358934776589493 -5.754158624912833 -95.77635692919486 -9.728514794334387 11.328336793981293 10.229255957322266 23.291793893652766
1944 65121.11527943611 69790257.06703936 -12.623720049673086 -102.32568443379903 -12.911439384477283 14.512879888086047 -73.95190425982403 -10.434460750707046 13.992736624159306 11.857089471327697 25.135382822495444
1945 65154.790798187256 69812144.87445295 -11.788237869071951 -109.6704906577509 0.0035878114527747584 33.840341748298556 -74.51819899798109 -7.026422278624125 23.064290291555494 11.309882595313638 24.890524379470207
1946 65192.88639473915 69896024.80484034 -18.73237834185637 -116.14923813891335 0.18690535361314176 34.13490521130375 -53.68854138713795 -12.914724217427363 34.62366106718184 10.974749038629398 24.119019118622873
1947 65225.51550364494 69852019.1720096 -15.287497119228425 -102.1402149319916 -11.0413267138063 27.795083289449362 -67.92943128422527 -9.326825499718893 14.552980875335379 13.509761263390942 26.92406005020723
1948 65258.4579205513 69573805.93624224 -9.042407724807433 -102.48026978227784 -13.530970041083279 6.802711484046881 -90.20118089216368 -9.507003339934272 13.260053406155748 10.421626125773628 23.371880599703218
1949 65291.31606674194 69877211.3707398 -11.803943610343401 -102.75424358901361 -12.525134652244446 26.305369648463362 -69.0009183498476 -10.737228295595685 14.14539632552362 12.502809943595253 25.449728466804117
1950 65324.6181974411 70047529.51761103 -6.875860793616194 -97.76266809073464 -16.022543842217694 12.803678964015546 -75.21743737434268 -9.85425076257468 11.155941013677705 13.598744760243676 26.604568534917576
1951 65358.33459067345 70144740.08454978 -10.684448135689534 -112.20711160389678 -2.618289829766951 32.419423020991495 -55.0387284939457 -12.093984634543688 32.19785729608668 11.978075779059452 25.669669895117863
1952 65391.21797084808 69910069.14080103 -1.8660155751014287 -96.3340351524665 -17.0612114614851 4.647314399081338 -90.81513934087398 -9.186629261735732 8.74206395777378 13.063678982354645 25.93680142300991
1953 65425.603116989136 69456061.4062047 -11.524129643925814 -104.37672948741898 -10.876086809519649 27.526928716999898 -68.19137835469293 -9.949045014958926 13.387173887433391 11.12663695434668 24.131145341553975
1954 65458.59847521782 75224076.00261024 -16.04134759851369 -147.260628378131 25.128066653350213 99.96845180279375 -19.26982935959515 1.646960905268429 81.94646168286283 38.67488554374415 55.87191256401786
1955 65491.9537217617 69668397.93470167 -9.88009482015072 -99.65143665558774 -15.068921870825498 6.13635156944801 -90.54714832672592 -10.043059015840754 11.956535169979759 11.530619108126416 24.575929008326966
1956 65525.0233438015 69708701.97985634 -2.545286766932268 -99.24647875128754 -16.159766077141676 -6.554893553871622 -96.50131325435875 -8.830510163822112 10.42267186240366 11.132626341726052 24.399062459539664
1957 65558.16318464279 69672656.2110169 -5.437214168911934 -99.66451908246059 -16.329488431235887 5.140856901840515 -85.78964413080666 -9.676484977428629 11.389358911046315 10.42412280229945 23.293775445266647
1958 65592.24916863441 70092542.4598828 -14.253622197538338 -109.26447591334576 -1.0705631796115114 45.03667341305532 -69.9426834036966 -8.28241865256831 24.70665216705811 12.357682312317479 25.096701910889237
1959 65625.73559260368 69851292.82193434 -11.742610795493169 -109.98781432286255 -0.85711279393675 69.05065448612692 -58.672296570190134 -8.006516659207762 23.01992343684674 11.464774970348174 24.423440245431948
1960 65658.50166082382 69537133.71671118 -6.4803795836826925 -102.6704940142938 -14.64922447149079 6.089734361399117 -85.34870373104941 -10.471163158735749 12.312982779079448 9.758833340433682 22.344335598866678
1961 65691.91926908493 69942068.00648755 -15.232141861297865 -103.20599766146482 -12.058727732791247 26.86924026837047 -68.51576762289405 -11.465066631579134 14.892417520842741 12.884892513122963 26.001889989466235
1962 65725.30642294884 69580297.48932424 -15.66692607192582 -103.40184342945588 -11.4484595113952 8.046754330441424 -88.98195946927758 -9.526721296957021 15.792762467034436 11.199518658146701 24.483062117014356
1963 65758.47263002396 69951939.56738698 -9.41667954000457 -101.12128320381885 -14.889841528487125 25.670344503773734 -61.88364921060678 -11.018441276291298 12.843567830632537 12.010514084521219 25.20727590405238
1964 65792.12799501419 69752595.99296439 -10.215324169009346 -101.88219737322676 -13.406399203063629 26.26043338945251 -69.21080402075297 -10.256264412831683 12.555077282373077 11.63660896934823 24.596297410367015
1965 65825.84833908081 69407556.82201141 -9.096602889906212 -103.95901499974558 -13.51471665410044 6.69130293538354 -84.74051624519673 -10.992634972885412 12.33841187653968 8.933902855683982 21.686064927009284
1966 65858.83431267738 69584108.30784193 -5.42195192699716 -100.24623571498407 -15.864366194628957 25.158324100147375 -64.44725937564893 -9.90517043124504 10.564499542626663 10.425178774978974 23.446375236736685
1967 65892.37353849411 72905186.75873798 -6.764133702921624 -103.12121280995014 11.190139281709293 36.03567042842089 -65.04424960272544 -4.9094959375386225 25.126737253999522 38.02776649972111 54.7155093813077
1968 65925.62213253975 70224122.80289847 -11.340713448878583 -108.71848205917252 -2.672026374557227 63.231251451140544 -49.81467449369268 -9.829890818782644 22.702826843574826 12.890321931337553 25.294325832942263
1969 65958.79569745064 69907623.80964148 -1.8386305748937737 -97.50134846372849 -17.304786893859244 -7.087648320427299 -96.60561218030773 -9.46449940104128 8.998459132727874 12.32835565335904 25.470002534200376
1970 65992.6925702095 69856567.53633718 -17.228549561845547 -114.65803209852379 1.7388125596311639 58.092164137590494 -58.59484271916218 -9.97358330710398 27.53046084764219 10.63060752260725 23.809039331308327
1971 66026.56860232353 69510288.81106092 -3.202951295856492 -100.01252719886662 -15.22944110662364 6.248905242855159 -84.89385939776523 -9.428760859134798 9.866045273265343 10.135202530104493 23.29965351191811
1972 66060.1988992691 69678194.2308489 -6.030195097520293 -98.91376468209972 -16.145636065983894 5.5414474890382905 -90.8570211874968 -9.584185002925551 10.284075107481499 11.423174115572863 24.590281029105086
1973 66094.98251342773 69887762.40248674 -5.877625405187571 -98.72515700681963 -15.278358223343034 25.25816401487355 -69.8187807476502 -9.377163318467353 10.49112135903539 12.84224885432468 25.918867726865642
1974 66128.61083769798 69862774.7166425 -6.254750235218911 -101.91078836269149 -15.256001323296793 37.060958435245134 -51.92216122299262 -10.7296903494518 13.609909687873824 11.142612706543105 23.85355629155174
1975 66162.58585977554 69389924.36577535 -5.475906811832781 -99.85446203591692 -16.30462059117513 17.30734768761945 -80.63706258977514 -9.828916585038712 10.025564770167136 9.61478522721876 22.52590467547509
1976 66196.24202823639 69774913.2986104 -7.906859889572008 -109.59828975626336 -2.855988667454511 51.54420498233668 -54.96485502038969 -8.661820526128622 21.091356483251957 9.889471654507815 22.753155070700018
1977 66229.961632967 72739887.59074676 -8.370937983306428 -103.75705408452457 13.822886176374585 13.686319733679174 -81.55179007896307 -3.9822878170633658 25.190707806328646 38.32636004167023 55.50590765371203
1978 66263.50062918663 73203815.08379936 -2.5376463522778643 -107.72747561415831 22.867178135266997 49.72323452738773 -63.17293057921903 -2.9507724193136937 29.664550154530502 39.66839588337052 56.96461036252947
1979 66297.24284791946 69736920.54107673 -14.506357724777985 -114.42268251508825 -3.215702258082878 44.06689117376736 -44.74824189698542 -12.743574077350445 33.164884413241566 9.67882992201828 22.509142983279048
1980 66331.12957978249 73152945.87704904 -19.24796452527214 -115.36529994510096 27.555250668520117 51.980206172917924 -60.942932015990635 -6.174264639539899 38.165899914269744 38.220431135210674 55.02609191840611
1981 66364.79669189453 69621630.31854436 -3.5657078227630237 -100.82330173559747 -16.750373788866106 5.33896315155441 -85.43858495426049 -9.664974019693034 12.7865666829681 8.894406636432109 21.760102468858236
1982 66398.03860163689 72793379.45202841 -6.176654968528483 -104.04002339736647 14.389410892953798 13.72648388860928 -81.75008323753569 -3.759442634735933 24.06340779224297 39.11973866085907 56.30435898792541
1983 66431.8003051281 69556225.48114453 -4.419028529355893 -100.92728350793757 -15.81894229412488 5.934375483632799 -85.24110001887547 -9.64276025739133 10.840295400755735 10.051647206960979 23.12251067292641
1984 66465.7575700283 73115821.57692823 -6.2434362758528135 -109.65861954337008 24.195564693658174 38.40489392385828 -73.3537588919906 -3.195770351884903 31.853624984340172 39.17276766867735 55.890805594785434
1985 66498.97534680367 69580331.85983595 -8.375535964848126 -111.64968674788963 -0.9942938127617325 44.99521260860911 -64.78184844143462 -8.428275246371072 21.750305586024183 9.399102518805478 22.373213686495205
1986 66534.9583106041 69767924.77183338 -17.34598609403033 -115.32081202203233 0.4957151313575636 65.36776676039011 -42.48321693352024 -10.549020897557568 26.535154324747964 9.39189165866992 22.623992674501324
1987 66568.64195871353 69248962.4290518 -13.954715100252765 -107.15510100796352 -10.797602625762039 8.369763873699753 -83.20234114317476 -11.198240567648782 15.868762258590436 8.275067175053437 21.229443263077883
1988 66601.40677380562 69540910.12294745 -3.480188936298628 -104.32875079913661 -9.099069604470507 41.15865897702399 -67.43411538969757 -8.374470149331614 16.039806914043652 9.300942079869571 21.861807982150708
1989 66634.50142550468 69325299.99814263 -7.318316169324822 -104.53211422250773 -13.144485969419769 19.03351646828943 -71.96106673422376 -10.843726951733856 12.692840126731198 8.764018419491663 21.752908455738975
1990 66667.3646581173 69720522.07970658 -6.188130085369982 -102.12632450640687 -15.17083131013652 5.949163556301926 -85.0641089281905 -10.432248106977909 12.858387188596794 10.058763431600198 23.163907483021262
1991 66700.98198509216 69912273.18934532 -16.252984384602982 -109.66649905165976 -4.061519381923482 74.55190070807404 -39.28017265683566 -10.705047910117742 24.137408525232104 11.4141789789972 23.68430967616837
1992 66734.77390527725 69988090.04766522 -7.868033692966508 -109.41316961624389 -3.6458761676081437 43.45841416826533 -65.67235924362396 -8.767802429137362 23.687514894321907 10.19969413783599 22.765671950550313
1993 66768.1726937294 69430459.30311716 -2.169635760613774 -100.83934047420307 -15.867025595518243 5.735476832095756 -85.71239410097023 -9.39618673342477 10.155124829035742 9.867220797705954 22.765129049170014
1994 66802.37270617485 69680077.83506018 -5.176778061821448 -109.39198832736268 -4.4653885932979165 43.42640087153936 -65.66304675197823 -8.837242166115516 19.89919253956043 9.099505341257043 21.937233079682755
1995 66835.64412879944 70110926.62332486 -16.532895654390636 -126.56252124150242 10.145878773490832 82.75741725205737 -24.230469654882818 -12.952284338085747 45.72704247791444 8.288895243162585 20.813858391425242
1996 66868.89438486099 69468637.52127647 -2.1142835463948586 -100.69394583009444 -16.259561848698212 5.484470967946237 -85.53205260523774 -10.040972114376814 9.885198901881267 9.117719188824026 21.87174024505191
1997 66903.29985308647 69803423.97490521 -9.081326947252625 -110.34304542256936 -2.9923452037524783 44.17587487945389 -64.98035475891353 -9.201079464682493 21.878024974990353 9.827100264272815 22.92447971475326
1998 66936.84155321121 69807519.92326371 -6.636064841081746 -113.74017642079811 -3.657688997886268 44.00379107343669 -45.06819746349056 -12.609350157287508 30.23510590757462 9.321336182360426 22.176052691160862
1999 66970.44521951675 69542420.82134861 -3.9912261928078667 -103.58026067218238 -15.23484348839743 37.543221943569755 -51.675797870789744 -9.552826590905795 16.901300004973677 8.567205328614989 20.919936136255274
2000 67003.333340168 70354637.86935532 -3.5709571216367184 -107.583449559368 -7.490609070056358 60.612695426938615 -26.039904386243215 -11.331332738252286 31.171244312378576 12.449847723934454 23.486699806465822
2001 67036.85927128792 69377440.38135767 -7.212289146335154 -105.02024562442789 -12.718979661219208 38.87125243347475 -50.636135773768764 -11.239157744329532 13.12334168555924 9.303320400444136 22.041414731183977
2002 67070.38372635841 69497297.12892522 -8.690759319910804 -105.25049837190278 -13.56859676972553 6.876586343809102 -84.18799062855638 -11.427881256697162 14.741429956123966 8.368354724602511 20.75741193831277
2003 67104.19910407066 69171296.42497149 -0.8482233829016952 -101.5481377910079 -16.504378669676726 17.569841233484546 -73.12569834465666 -10.153530041205045 8.879465380078102 7.632568256369495 20.419604670106537
2004 67137.72971820831 69453780.74685775 -5.848822382198827 -102.26046404120794 -15.105418187454994 18.180666978040914 -72.52920889187429 -10.42119932469194 11.947901531618356 9.365491955176822 22.481652554273523
2005 67171.48532128334 69342525.54256965 -3.724549183087781 -100.6501378282227 -15.698393651576922 18.011287358562925 -72.46130551077094 -10.152843176762019 9.336268671981998 9.350100511506582 22.425376838765146
2006 67205.34332680702 69929402.5969629 -14.114070334143388 -117.75176927385151 -0.02442106363734098 45.70630365075425 -43.063760489206196 -12.939440206400093 37.377581748681564 9.009279619617587 22.1178685343109
2007 67239.43031072617 69382096.17413682 -2.4483873190001066 -100.82224872740653 -17.3383637240417 16.95469208519022 -73.33539570740236 -10.631568994502175 10.316583924926363 7.864581647899172 20.50853500725168
2008 67272.76201915741 69707094.57313764 -17.267760391649098 -118.75290565568305 -0.7170538024376043 45.72308658558234 -42.903232671433 -14.3460169627391 36.66013224838184 7.572013653990439 20.41409244216436
2009 67306.0162267685 69718011.90335944 -6.8001271308105515 -102.31330347931154 -14.08449962373303 30.547222958012735 -66.84557112380101 -10.652149616192673 12.753992536904093 11.182903108413825 24.52813717398135
2010 67340.10014295578 69533305.0802991 -6.757289066637151 -102.49419466734122 -16.407231936663813 17.73125996218334 -72.2456355474406 -11.974990038084172 11.848000709042594 9.058972654826448 21.993408257640226
2011 67374.17511677742 69719707.87348932 -10.010556573723074 -115.80861054130973 -1.7172073933273353 44.79408050733855 -44.10715997140633 -12.375567024601253 34.21276937361631 8.181690294128828 20.943712185696313
2012 67407.71853971481 69540941.26050225 -2.7413502937024408 -101.69516189425227 -16.123701860853245 5.550613710498027 -85.66100987913522 -9.76197103664822 11.573359457134927 9.361839224863047 22.075096850805153
2013 67441.02060890198 69700162.77350599 -15.09763603346431 -112.05345103815323 -0.7007464369734606 50.845229076259145 -49.89229259174418 -0.19231047003131607 45.58793367071121 8.962091850341551 21.890565778154155
2014 67474.89227747917 69060742.40161051 -9.531697355331474 -106.31174476421693 -12.566121052899057 31.479710847915676 -72.67562941492974 -10.825916313470145 13.415041251311777 7.117575918670752 19.892544832847875
2015 67507.9383983612 69278210.7460291 -3.961084550075377 -102.6999867650529 -15.766830716323959 5.745410791141666 -85.41119610635896 -10.592154339406989 10.776542895781176 7.637095969797485 20.236512781222814
2016 67541.1979393959 69517269.05278796 -7.207101223584912 -105.1173469873391 -13.56189018477351 18.962938422306706 -71.8519724594806 -11.19371652771531 13.782058295952766 9.302270154043583 22.341299054069054
2017 67575.50206518173 69537817.89806886 -7.216244390118469 -104.699472309199 -15.630451539702285 37.46470602250119 -51.06213418687812 -12.366389026495256 13.478398012838625 8.1009751144191 20.836934590882038
2018 67608.55212521553 70255604.034483 -9.36477503140771 -120.28942710477199 10.003463168328722 68.54929572135964 -31.848493359981664 0.15777747896760275 63.60330163118681 10.347157137901604 23.508039605229214
2019 67642.2427072525 69518896.58842635 -10.405320859319236 -104.53227165309232 -14.732925783159082 37.56730540733084 -51.21240317629384 -12.314764709987287 14.76238639208691 8.487208941746701 20.436476884245167
2020 67675.08673620224 69341203.55582933 -3.106143325873731 -102.73444314765793 -15.833186652045683 17.94349332208111 -79.12793529677896 -10.156831162549565 11.207370692491054 7.882408998587152 20.50775523287166
2021 67708.25991749763 69574309.89148217 -5.1067573454105055 -101.56021057924369 -15.426515843078583 25.5766964782889 -63.663034108047206 -10.244802798320336 11.410193690762014 9.291896145366763 22.389172626493178
2022 67741.32403349876 69574546.85229301 -2.613504588313976 -106.48040054032086 -4.936727295404168 53.433925389560954 -55.04450510845829 1.7697580746855692 39.848235651574896 8.807644439356523 21.522561116145994
2023 67775.7092909813 69269284.36183362 -11.720268284177397 -106.45896635634784 -12.274255933248185 19.643217581739986 -71.24487760733413 -11.463003122946532 14.48682079951368 8.3579537591757 21.525111292867336
2024 67809.58567929268 69685179.75492819 -9.12556596253672 -117.2473720967404 -1.499771448221665 45.00828315422286 -44.05050038077327 -12.704912509120277 33.38559129600674 7.672476434549196 20.381407646816115
2025 67842.73691344261 69834042.96570341 -12.180589362497033 -117.29209499567372 -2.009961600460656 44.80984357334821 -44.08336540619937 -13.64664103278119 34.839971572456875 8.305809118448678 21.012937534904495
2026 67876.74177598953 69455732.27933145 -10.583287645655634 -105.84253209445085 -13.497482229813144 6.962507573859824 -84.10390015097093 -11.876085545425667 14.506215810374783 8.105487355747528 21.12819314844512
2027 67910.66660690308 70067546.68652523 -9.087127469534376 -113.33240554599153 -4.340299561756886 43.45405635916424 -44.76693003892206 -13.666301872216422 32.47550310269048 9.228370329056304 21.817680932286294
2028 67944.87784075737 69504955.67975134 -2.9294119226442827 -101.76900909451905 -16.826503120855662 29.118281064332507 -67.12425747012126 -11.104453606987363 9.67679508598519 9.076645909585807 22.013378737377025
2029 67978.34725308418 69658534.93403146 -4.070538692370306 -113.44271111044802 -4.589010260478048 55.53243525949972 -39.10937244477769 -12.403828946697047 29.742648948227725 7.319679902552991 19.603785948290465
2030 68011.19862484932 69194809.65824151 -8.032628026634447 -106.39121041369602 -13.170096500571375 7.486285113973608 -83.82308131049226 -10.412226864437855 14.791200835355198 6.80828487894189 19.43488169385637
2031 68044.50693655014 69413944.21341331 -4.702277140804275 -100.34083125347264 -16.765904408661335 5.246594053280482 -85.69539078929546 -10.668444745295517 9.700375527440485 9.054466352831469 21.808478980585164
2032 68078.37358474731 69165702.48918296 -16.595361019072854 -108.86398043863264 -9.795843601585325 9.074587251783683 -82.32462428589217 -10.998883274154252 18.158781006242634 7.350447154151766 20.03889698912053
2033 68112.6190700531 69406604.36429667 -5.462000565749172 -102.86341067490807 -15.082001418354707 6.1653402466777365 -84.99686082870171 -10.231052471358794 11.997073120719676 8.751112753264579 21.595114235181768
2034 68145.64735031128 69380760.00008129 -10.92289995613597 -105.99897507661933 -13.35453592978378 7.192971322128805 -83.99870681532916 -11.326274324012616 14.755825529401818 8.47440727232555 21.533714836537342
2035 68179.45458745956 69418869.04681568 -20.79897723233737 -112.79748774252394 -8.694554160335741 40.79601747609917 -48.33422074161063 -13.76527500507774 21.813346316654815 7.242201138186658 19.985062298724188
2036 68212.36998343468 69378725.92768173 -12.110793928291015 -105.2358611021349 -12.610126754954315 7.51079354231868 -83.77191542237321 -11.292629517152818 13.59037429955913 8.505969133197254 21.594605285959574
2037 68246.26455283165 69239711.81847483 -9.374589207657381 -108.29176913494629 -11.992209376571026 19.871381735731052 -71.21943685721173 -11.214316246093631 15.476075165312523 7.150520711199363 19.818728806931176
2038 68280.18821787834 69809221.7901709 -21.57802272647598 -120.58677842979978 1.458209466396191 46.6020545799631 -42.0861299127787 -14.860799437361663 38.87776313902259 8.34747609230709 21.29179889080308
2039 68313.63835382462 69178031.61448172 -5.252198777656012 -104.08885155510914 -15.063308814418058 6.440126584163615 -84.56091944119765 -9.980471274932654 13.613381184553305 6.555046075034966 18.8840446623625
2040 68347.1831150055 69395089.05180287 -8.441623887415586 -106.6386552089677 -14.228225377557273 6.579039028125706 -84.51796329234968 -12.253095058273232 14.323258533428316 7.470415638728696 20.00087353783647
2041 68380.67860889435 69602034.80538793 -10.574309180873989 -105.90833438199199 -12.69371685661794 7.092413251669093 -84.30548866593107 -11.175744971590973 16.22337496065063 9.05928786246011 21.56539794053026
2042 68413.16031265259 69265940.5102545 -7.253609623759539 -103.06157120169486 -15.062443639876626 18.344956255936008 -78.56687679148439 -10.344344131783373 12.117289064239571 7.296040460967731 19.790530879548783
2043 68446.34886646271 69457371.41494451 -9.252259145851989 -104.91838400042806 -14.922282533481578 6.394003391783471 -84.25384538939547 -11.516517053503662 15.05730296371678 7.616899036031043 20.134783213773062
2044 68479.74530434608 69077349.3415439 -8.526432376815205 -105.57969181857942 -14.033640953855816 7.080176731581616 -84.05864529200895 -11.05170914107731 13.08924635337496 6.585772346635451 19.185011509602532
2045 68513.0617749691 69231905.00274737 -3.7427403054598027 -102.18223217929216 -14.879608954074008 6.483096267520736 -84.5455638852832 -9.72686425031219 10.800288769435213 8.059869014321748 21.019137786062856
2046 68546.54615879059 69377666.195138 -7.891309868562363 -105.20535173514487 -14.952556044910736 37.573703277052964 -57.59885178364743 -12.290097413522858 12.755164703169385 7.5559179118956195 20.325540288506772
2047 68579.82981276512 69322659.62687 -4.669063194371562 -104.99720038973607 -15.15772387332838 6.1091596785769084 -84.98132735234562 -10.740187315430035 13.972727412942845 6.772797921512677 18.97288814550484
2048 68613.17970705032 69278021.69872607 -9.942675154384549 -107.17436435443133 -12.163724039398446 7.959465785181301 -83.42360456566891 -10.994103971213576 15.308999562043027 7.4620685041752495 20.367144129002895
2049 68646.77426099777 69190168.36321758 -2.9278075554422838 -102.57066758222194 -15.558303649033185 6.182790666322738 -84.9148616329069 -10.239946340072038 10.068484009945792 7.290165492333756 19.938331471852166
2050 68680.30890536308 69697071.73256187 -6.274720622025443 -102.28709775119752 -17.093505589968274 5.0931853079820755 -85.4863921826342 -11.179151768612144 13.609941030272466 8.795327147146224 20.70583776980652
2051 68714.00433206558 69531955.8862508 -8.183969915290286 -104.9307114347029 -13.932977605747631 6.676541278194307 -84.49565661196934 -10.96848881109861 14.548498546017413 8.880652886809855 21.48928888744024
2052 68752.76492834091 69243768.75417669 -10.08775402175278 -105.78635065083665 -14.066862969828854 6.832805561864191 -83.83609613432048 -11.89480361545617 14.746319008744308 6.608653974204117 19.101084124672184
2053 68786.26300621033 69159325.16419016 -7.8349211511369035 -106.24563970663152 -14.815888703845289 6.375397439389296 -84.52870179323251 -11.836691886346387 14.222680993306085 5.45237186615941 17.91568955517755
2054 68819.7892613411 69213837.9889421 -3.8818764975934847 -102.99773178517405 -15.379177591231823 18.2812521123117 -78.62708745606969 -10.120308213891747 11.078375817886581 7.329747364824641 19.842899627127167
2055 68854.21151804924 69247139.32122342 -6.134637077939498 -104.64154246606265 -14.042096674020058 7.010094642160944 -84.03376104922332 -9.701920725042726 14.66306704311694 6.9946271853269195 19.568840141433157
2056 68888.02020645142 69397871.13973302 -12.343864932571929 -104.6955163663388 -13.068346511893687 19.151596142542783 -77.78525460663457 -11.573663441825033 13.4698028737605 8.786487319023706 21.776921792700477
2057 68921.70677518845 69296580.24244207 -0.2699283874064342 -102.06092944178397 -17.085945741327514 5.475797066362411 -85.51282851742455 -9.683518959518722 10.007163993002735 7.671141934583261 20.513535914082695
2058 68955.65771794319 69263861.22442602 -9.429858186241763 -107.39782275065873 -13.386483080164261 19.372852379431272 -71.17887824434844 -11.724115117466738 15.390748182244465 6.668522762923715 19.592430589934565
2059 68989.38897132874 69132868.66913028 -3.6352671277332664 -104.67698364896172 -13.392960641559874 19.378053976153073 -77.76693408621477 -8.848688709097985 14.392447439758485 6.3313078183844596 18.858514000577998
2060 69022.72563314438 69395213.14731036 -4.347803524154266 -101.56300569657789 -14.359303419292104 6.925553863211832 -84.33333893922864 -8.648921701606014 11.077846387075567 9.385050407925348 22.55567316174381
2061 69056.3045926094 69390246.66915223 -10.40838807325283 -103.72617105707882 -14.205709726647228 6.533598427171263 -84.05951293795613 -11.225607552137035 15.093934897878057 7.488912829271044 19.85439126236963
2062 69089.10194659233 69157630.61783174 -2.998930443401985 -102.69103833223984 -14.603833735502086 6.647428163640576 -84.55801615543312 -9.90429546476986 10.218716537872126 7.777964693472086 20.83746350637898
2063 69122.71440672874 71504285.59680203 -11.230023540823645 -114.8527466044608 7.928836498758372 46.824160985729876 -46.4900618599871 -6.3162408671683465 34.37634125020247 19.95665998095683 33.92308809449332
2064 69155.99312758446 69167158.53726973 -3.199690488386068 -103.80624488219722 -15.79984335436697 6.087592095462789 -84.88598341673546 -10.854981069574706 11.607378875967129 6.544322341933935 18.89300142473337
2065 69189.4580168724 69307998.25002246 -0.9348715490608193 -100.60285923262921 -16.43396323380872 5.649972563579638 -85.44967804298375 -8.924812391158866 10.056845732576107 8.761680856502323 21.723938410632513
2066 69223.52752923965 69151004.92681368 -8.02230573175656 -106.2281597135354 -13.84369513491351 6.965240456099458 -84.19813966750436 -11.57321863343185 13.774904494439852 6.905687276245089 19.488237152506827
2067 69257.56446671486 68980133.85657309 -1.0163261363054605 -104.0223302279381 -15.144443931023353 6.572649921084576 -84.73153445783952 -9.006033508464157 12.076223205653946 5.869704826596546 18.416944336035158
2068 69290.79484510422 69581552.77907468 -4.1595437868374905 -101.97460702769548 -15.145389826672535 6.170897603583029 -84.88989665126796 -10.054720733634497 11.708143284464711 9.798439266536946 23.005650344487435
2069 69324.22348022461 69298352.76495323 -10.885865259260944 -107.46001901617774 -12.05378625542501 7.759219179779194 -83.70368197904324 -11.272868740918852 16.333535426394292 7.88332122624405 20.305115296977988
2070 69357.85665774345 68990102.84413946 -3.300980418615012 -103.61522006367541 -16.255138412735526 5.958554321218017 -84.87026254110818 -10.581696061671778 10.882474979668302 6.071357556519956 18.424799331639747
2071 69391.06353998184 69058461.53578022 -0.10554949699360705 -104.13182724607782 -15.68195656311498 6.351540429288683 -84.93525353101656 -9.886273735016005 10.91768241905038 6.439537686710082 18.85955394495511
2072 69424.51808023453 69072886.4349084 -3.377133730422555 -102.88004146135978 -16.38499179709642 17.943624729938396 -79.80070357704373 -10.02545461882903 11.132952148932702 6.3930894119325785 18.9247953422431
2073 69458.77687978745 69350195.69761959 -11.150744249361836 -113.3303024738431 -1.2133720890746673 31.38551242987792 -71.21631432737315 1.5143388914568163 46.64135177922219 6.424659540246353 19.03872651314839
2074 69492.31941485405 69266149.17491022 -2.9820629151921523 -101.39253390281326 -15.701621685451933 6.171127525737859 -84.91294828638375 -9.659225997269687 10.294073452695557 8.153369297362474 21.160532954131213
2075 69526.08148169518 68883286.75283232 -10.502035157799074 -107.16469527147152 -14.325294813645236 19.254588310533347 -70.77447660062234 -11.998723418618567 15.225168349820706 4.458080098042274 16.793675742757046
2076 69559.75180768967 69187261.66230801 -6.285481429185818 -105.36302476457391 -13.521676284786778 19.23369497608806 -71.2951585806117 -10.184940146083079 14.37042799366634 7.203460989120856 19.828930784936574
2077 69593.24364423752 69041885.6592011 -2.076631953270084 -102.25647272032882 -17.394438680441475 5.4620388426604976 -85.04119147488099 -10.450774695441964 11.281480144933596 6.101870593866124 18.398916784892094
2078 69627.13057994843 69060778.60250615 -7.888408933246964 -113.50211530240429 -0.8398692385117528 43.80679054149375 -65.5684813104742 1.3433817743247118 43.72037981760593 5.5265097364426765 18.001979410403692
2079 69660.48548984528 69055029.31515299 -1.0265809879645431 -103.77207688399905 -15.733826588894509 18.217348793076365 -72.28532361594414 -9.583422691463682 11.97937760917199 6.150986910539132 18.689141917381107
2080 69694.17131376266 69311383.28736688 -6.880277017477754 -103.75211368749368 -16.399870300825356 25.311475777373957 -63.81317220851383 -11.507373535921886 12.64619049929479 7.548319428182367 20.019226634028882
2081 69728.1639688015 68959837.92705539 -2.845421645891676 -102.18548381323019 -16.55553316655533 5.880549152242189 -84.95186549338266 -10.461537444866622 9.545873902096389 6.076782835029235 18.646799649455716
2082 69761.91807794571 69320254.68821926 -4.0656328383064775 -109.10158396171782 -3.4840892803966312 30.475181580275933 -71.99291970487025 2.494812836948711 41.415310383818905 6.7460380401829525 19.28207149549769
2083 69794.95495867729 69059621.35003132 -0.8075928541544943 -103.0205147364815 -16.172743580003385 6.111600749265158 -85.03923557299704 -9.693907219592575 10.614153100288036 6.291880960943388 18.7633760008747
2084 69828.66426897049 69356026.86928514 -12.492237731820909 -111.9626714230678 -0.833974931388525 31.694046359518786 -70.67627896086407 0.22421707465360896 43.496281317438275 7.347475112824611 20.153642218795994
2085 69862.19583678246 69153385.50079936 -10.889854746765984 -106.72426037063701 -13.556133790424035 7.374001832968219 -83.30907606436566 -11.927391010830547 15.564002057821995 6.141960921331133 18.79512255731902
2086 69895.91093635559 69194538.55798051 -2.6553133052014104 -102.21517658987773 -16.667442887456318 5.599121152420167 -85.05733434198024 -10.499820867836263 11.359936312173886 6.829948148813855 19.463263617075086
2087 69929.86298942566 67055332.90047575 -6.487253830364994 -101.8408376588686 -34.8507908942567 -21.369248566222737 -96.35949356295728 -14.43053499525331 7.093901905952407 -9.431797163241754 0.9759098231835424
2088 69962.96987366676 69122935.19195871 -3.354131124757542 -103.47440966604137 -13.897576184956726 7.141735056559824 -84.03977586017322 -9.098255178269255 12.367025730121554 7.227348881372734 20.101807992684485
2089 69996.80615949631 69141287.73734862 -9.849748847434151 -106.13736244888042 -14.674025804063582 6.742229079721234 -83.9686483079756 -11.903265654052063 14.528668146153905 6.214221390754915 18.715549742894154
2090 70031.41429138184 69009058.28277898 -5.098971191449088 -106.87359053091309 -14.245482623679436 7.193722165240608 -83.79084546561748 -10.508672203931326 15.37201607305451 5.095749894548419 17.456982822432792
2091 70064.93238449097 69063510.0879574 -5.528459768558783 -104.56511742782449 -14.848353330564557 6.95047821060858 -83.96129051308002 -10.287043693385272 12.853678503163792 6.337231522398326 19.258589739744593
2092 70098.5078265667 69055213.2442477 -2.3812771756729756 -102.7938334279894 -15.814215117412878 18.31004277640089 -79.71553782071224 -9.578961376417055 10.493706915390135 6.777600675489282 19.415364239048586
2093 70131.84988856316 67328770.30176038 -3.753272344569396 -97.56358115390096 -35.670336294790296 -10.061150393043441 -91.24865440201103 -12.97081721670554 6.01982126113262 -7.504338753153263 3.0606384125283057
2094 70164.70563197136 69002703.20441765 -8.017517809910633 -104.80063654153203 -13.861577884718287 19.286375243429834 -78.59725433039686 -10.535190545402827 12.7729657297715 6.493120821234754 19.058788470269064
2095 70198.12766504288 67188034.866245 -9.630034251407643 -100.56336120932154 -33.55474440823307 -21.072964425664146 -96.06706116743455 -13.96184024953692 8.407554893570477 -8.566337005503271 2.013189525720122
2096 70231.78795099258 66935270.22277482 -2.570404739274178 -100.46934741459451 -35.80813858991799 -10.015441628639756 -84.55902919874474 -14.483992540580118 4.5585846004947825 -9.916601849958965 0.4162736938086482
2097 70265.54113698006 69005958.0051835 -2.247673091405444 -103.0789818294975 -16.337857925781883 18.073274158106955 -79.71705750007284 -10.228835849205382 10.186039664113423 6.2898441254535555 19.020121672636947
2098 70298.52516531944 69296862.78937927 -10.931886195401376 -116.63408068639778 -2.0921353088960615 45.159728270843445 -63.87867934994885 -10.004079556696126 26.034807824972972 5.856204372855302 18.3590167572047
2099 70331.86956000328 68997854.1576234 -10.430998578643907 -105.97135868402371 -13.563079547526257 7.4574332395611975 -83.3413499806984 -11.080753046933353 14.969534684585255 6.055349820847596 18.483430512284826
2100 70365.42810177803 66997902.95816946 -11.401789833448854 -105.27458144356618 -31.676539575721904 -7.9416388846684995 -82.57606132529123 -16.021441526029548 9.289802910917786 -9.722961167960307 0.6930564247265352
2101 70399.51606321335 67408986.12692785 -8.57235397817785 -102.05333074220994 -33.215662290898024 -8.966931643541308 -83.57800428792513 -13.717718864708274 12.577328784799647 -7.99656195900252 2.254251111660551
2102 70433.58516669273 67006362.559375905 -5.819610840334452 -101.46369996548898 -35.26762965776143 -9.721511894455176 -83.61588643101616 -15.152449863113304 7.028299777531231 -10.152180557890972 0.13100265711153725
2103 70466.29500889778 67261838.42751177 -1.534801222617185 -99.44349048625581 -33.25826335471838 -1.3187808250087016 -74.5266891159967 -11.714174347898108 10.67366327614775 -8.889162092976733 1.5338431178817586
2104 70499.46908712387 67227507.54256463 -3.655584100937288 -94.90986207526534 -39.880323936012964 -24.537670870586055 -99.09745024547426 -13.955925892281527 2.6638567355154237 -7.411771730942746 2.008053866787634
2105 70532.55503106117 66918203.22012641 -1.0758475011196236 -98.39753927456269 -36.40469339026164 -22.162029609818447 -96.94060154040027 -13.574109112615588 3.5865048141464513 -9.629405959035012 0.43602145927764013
2106 70565.93543481827 67167735.80140434 -2.4603075489990562 -99.1154874988646 -36.30139948878262 -22.500398084634305 -97.12995200139976 -13.445383725302406 6.738781488987058 -9.602549076802632 0.5922225166626163
2107 70598.36391687393 67260858.98120704 -1.8093024564381235 -105.92880015897465 -22.022986618264113 3.008446534071197 -83.70215910027557 0.5217891884348091 36.655831173090974 -9.189535302502861 1.1285330386984924
2108 70631.29842972755 67093158.42678797 -11.808037271021487 -103.3318020591318 -31.90212178840779 -20.17843823794422 -95.41250728456573 -14.958727293414597 9.01499952634947 -8.881045556412175 1.5307522664648445
2109 70664.33989906311 67264569.64739616 -9.023763653438273 -101.27328457273038 -34.93763320070892 -21.788614380810422 -96.55138770110678 -15.091577411775006 8.19195826795476 -8.880626616243262 1.5191323207536698
2110 70697.99616932869 67159072.68130298 -7.029923992298768 -96.4331170177652 -37.933945455198874 -11.672506104862578 -85.70602270770155 -14.554987573917856 4.834904423218688 -7.7151725885624955 2.009449843353025
2111 70731.13712120056 69236809.64897828 -13.186173880818764 -110.04467542162595 -8.73594041391047 8.511103275767042 -69.48340258555746 -7.663023931975374 28.31944547951184 5.407794604018989 17.726149032840453
2112 70764.67587304115 67227432.3996226 -5.289436444349759 -101.25044628852521 -36.152190848562064 -22.43556861318889 -97.20099594107475 -15.343832322282822 6.411741140899267 -9.39054198071284 0.7473429278678054
2113 70797.57913374901 67450503.3518573 -2.910333085954891 -104.42839115505846 -24.791205716309527 13.268589508816099 -72.23914784323027 -1.5700904885986802 36.30488038950091 -8.643943644690125 1.4810410411203065
2114 70830.92042207718 66729955.65012509 -1.0039610549242575 -95.96175556301719 -38.316944161454025 -11.268130241353099 -92.8970873771691 -12.633532778966128 1.896040116397785 -9.706353914585918 0.36258324881811177
2115 70864.74033117294 66938596.79193468 -7.321058292365176 -100.71204263960628 -34.28126999184039 -21.236629385859544 -96.21424868761876 -14.12227123805684 6.758155306942001 -10.15251757638407 0.09679365108058846
2116 70898.11713171005 67017547.055048354 -5.288269737962247 -100.2357317947702 -35.304309095665786 -9.857826015594917 -91.71427980417593 -13.85336433554943 5.81679282023822 -9.028001522061686 1.1721325022149927
2117 70931.25950598717 67142955.70699097 -6.827432779648982 -100.23194744924591 -35.43403406008592 -21.87159602050314 -96.32429388501488 -14.747679822496707 7.071529103181604 -9.199260504931203 1.1640591157663494
2118 70964.50496983528 66977461.231150135 -6.290405737853797 -101.28118410049633 -35.3632155477305 -22.01991934991169 -97.08348650126516 -14.214405076414323 6.875930643667914 -10.008417196650043 0.14923633416833582
2119 70997.42488861084 67117778.066498 -7.079176308726296 -100.33892628855915 -34.48131143873163 -21.466203250628276 -96.4143116855141 -14.144709638778238 6.7256858325959 -9.36569482677038 0.636568510997563
2120 71030.51101088524 66800259.24780019 -5.955458310284046 -97.83917425587893 -38.01767036466573 -23.32965739493853 -98.12354723826962 -14.0262930702375 3.757213401597255 -9.525482633842785 0.5853864166484186
2121 71064.20074105263 66697725.18810731 -9.698846889332328 -99.71542396020573 -36.00560668191119 -10.167876809408519 -91.94958520387821 -14.195629557756718 4.7778495381029416 -9.764100663411227 0.5097388478143898
2122 71097.71823191643 67357166.6360977 -12.81121374150417 -116.07642238979163 -20.85220283995094 29.465031784703005 -50.319060512095795 -17.497482899967792 28.91028078988802 -10.074422872746709 0.023108046284619377
2123 71130.84610080719 69346053.42218567 -19.358608789930955 -109.70307737680673 -12.204953750019826 38.00018884087327 -45.02067642395493 -9.941992302634958 28.713515057311383 5.1368962557235704 16.943163729975936
2124 71164.56470704079 66971987.59865362 -9.928049531629421 -101.02846399900561 -35.07573221019338 -10.033009834674559 -84.22344829485709 -14.541378333986074 8.77945977778927 -9.349140200744955 0.20757420068923693
2125 71198.0211148262 66920243.38877627 -3.8966958242069865 -95.4425898892569 -38.28574953729748 -11.536065761465409 -93.56047289191446 -12.799710205116469 2.524121397181716 -8.183657508676504 1.4241745631666163
2126 71231.83611488342 66827051.230477236 -4.965927831308564 -99.1464739772456 -36.48731193793801 1.2603584034483575 -87.41740019665734 -13.566959066381003 4.987208902476368 -9.472876492038267 -0.15209923266360192
2127 71264.84830331802 68984145.69404513 -1.738718797702182 -101.72395553280019 -18.56629855358767 27.509535558236166 -63.374795602477064 -7.506668473516129 18.03638007762197 4.8305843842196055 16.765116275798164
2128 71297.87516760826 66657406.22360702 -6.322724678383091 -99.10716896709422 -36.802843171858065 1.4655630074810873 -87.63118784965206 -14.19160827049734 2.2254639560589453 -9.759815691970118 0.05314947980900797
2129 71331.88971662521 66838632.6137218 -0.3301466808818212 -95.92918340788749 -38.3055554824802 -11.410192365300396 -93.45761030810185 -12.125140927111431 3.5182126383772925 -8.916746694243784 0.3299689784829525
2130 71365.27318739891 69779773.96077856 -28.865700096214738 -126.13453443580907 4.329566171679627 89.80894542365513 1.944672125795683 -13.091058857791666 52.42689268173933 6.664104705789612 18.83653376394011
2131 71398.7801194191 66747992.236612365 -7.07984772182918 -98.78596391523544 -36.23997488249288 1.795647284486229 -79.81463512346834 -14.315772152498823 3.6843750848001946 -9.100807863302975 1.074579886681022
2132 71431.98565649986 69273387.45861794 -14.536776654811987 -115.72391926456805 -0.6567792666033796 56.1415206234308 -47.008394137955115 -6.404141225084402 34.61436086456865 5.739569621797386 17.493477648395583
2133 71466.2279446125 66796612.42884075 -3.2861393388558415 -95.1327948696827 -38.29238954348417 -11.141887485679732 -93.15121695497085 -12.28199041994037 0.5207955965805127 -8.696599389073356 1.7645834951482584
2134 71499.50680327415 67610942.26841162 -5.193828879065558 -110.34367336714499 -22.541856944669426 16.548301442856328 -56.25744553782697 -13.517182102015227 28.261792515500588 -8.595374808028055 1.5624408804603718
2135 71532.8807747364 67252962.19672705 -17.291100783621268 -114.23610398188076 -21.895954560824066 40.518748598643406 -46.01096335146935 -17.16622591624389 29.23520784365246 -9.756775176815893 0.10909676355288411
2136 71566.72694087029 69174270.24619204 -11.736458659767996 -106.82176166578051 -13.807754819838586 17.552726140248854 -66.93856634347327 -8.413625113119394 25.201213815445044 5.259753880398421 16.94781907756692
2137 71598.97651529312 69126894.74899857 -15.736133941875996 -111.34135031267867 -8.794458377856628 20.906961764115408 -64.40998330589285 -8.533229532619089 27.44181111428611 3.9923320076779305 16.200929278754302
2138 71632.80626702309 66997277.91127683 -4.327446157833309 -95.12679513549952 -39.617371288893175 -12.35192900065831 -93.99254556806558 -13.685078397364919 2.3297367632518444 -8.022484656134793 1.5433350132034889
2139 71666.10666203499 67073905.569343396 -10.30493165678333 -104.06951173664297 -32.52473808218758 -20.64630976665859 -96.08675336439926 -14.696744490282526 9.43537809363471 -9.549457000373195 0.5449464657900762
2140 71699.855301857 66878146.17180811 -13.112489114569714 -100.53044427496077 -35.56376166487001 9.393592061152006 -70.73896734605444 -15.50072462715599 6.446107168786341 -9.07324062466779 0.8885335402637793
2141 71733.21856808662 67876225.06686276 -1.7622878393131156 -82.78458750900147 -40.29520173945839 3.213492924943715 -60.07208733178096 -11.074605537339323 8.74061580716733 8.74322412865979 21.334789444334433
2142 71766.09446048737 69248208.93204413 -7.284385358476484 -104.89914876211282 -15.133142831909353 17.00960992606657 -67.68361750435406 -7.8755942148546865 21.561173507626677 6.298311922028915 18.208940920065515
2143 71799.22609043121 69087365.94146705 -9.349757637643888 -106.84697212294414 -14.003536325401797 29.82597010425073 -61.67306903451504 -8.456683514291115 23.397680256407853 5.161449874068069 16.912252797822248
2144 71832.73173356056 66725331.01558003 -4.728032804131843 -94.18601555762265 -38.62861450832748 0.4728478274173824 -88.01095783413963 -13.105216716642872 1.0344664380740483 -8.97095453222579 0.581705123741358
2145 71865.69898056984 69190119.51833542 -12.777825375310359 -112.48719669619163 1.1907101859378386 44.85753836592028 -64.91994299632312 2.3998932429287834 45.11360332689526 7.354332166829693 19.817983636722488
2146 71898.95717000961 66777327.56057114 -2.859139938163068 -96.15621450149706 -38.70107388461935 0.39854545373241024 -88.10559329824174 -13.473305383127808 0.9601117533949264 -8.479261471625762 1.7230359117318699
2147 71932.27513360977 66696466.881589964 -11.893200602419473 -101.84055157974613 -34.77015830623968 2.3880848909431833 -86.35316891577058 -14.83467638763301 6.47713327187347 -9.814896564492301 0.1770243631132189
2148 71965.61273884773 66759777.00688794 -2.739443586652188 -97.22681497881392 -37.34210290083466 -10.831435969106089 -92.99556508984075 -12.273062803076016 3.043575253828351 -9.578049242648774 0.5486017490227937
2149 71999.11774110794 67061345.190928526 -3.2887972410988144 -96.2249437236422 -39.3579811449904 -4.493732738123946 -77.80423586532939 -13.624736018112571 2.932813245365651 -8.338275896969037 0.9456065950350876
2150 72032.26733851433 67192343.70892064 -4.229492133320935 -97.75231657417199 -35.50666820285728 -21.92210895413367 -97.3304949985522 -12.179774246929242 5.956503990918748 -8.480277778043614 1.5622814581578837
2151 72065.34881305695 67106252.78621989 -9.037129020124194 -102.53098041627398 -24.445558593791247 13.778732956266587 -79.24869338744111 -0.9413512415971468 33.77600582980733 -8.240950695605875 2.3558891135064073
2152 72098.44867110252 67236247.66761447 -12.244741827516638 -105.46432603326238 -26.970638665549572 6.327440955362654 -83.92586190634957 -14.52712294354859 13.083183038263996 -8.007418852530861 1.343339700494539
2153 72131.25085520744 66697226.68514758 -5.064030705687433 -96.05366643440625 -38.446425098101685 0.480745445236046 -88.17680473807533 -13.400217377079628 1.0525186946497342 -9.019593904813746 0.8990902258755682
2154 72164.9005727768 66809233.34848126 -6.356181409805059 -98.51354419486826 -37.872293211879885 20.19658346042648 -66.86045306955293 -14.675669567378236 4.0380778394008985 -8.955804924381425 0.21940947638006492
2155 72198.0167067051 67272640.49690922 -18.775310599643532 -115.87885127994423 -18.391790387379167 54.58394772798307 -48.40216550818591 -15.809393536966184 20.874691684526056 -7.967799831029595 2.208821671181056
2156 72231.24385595322 67316812.83296119 -7.933271405942248 -95.18312217818473 -37.81649539485776 -23.62720337758892 -98.39867413741852 -13.55761153080175 4.6989459596506435 -6.986900793478924 2.6804937073882797
2157 72264.60613560677 66794139.7751911 -6.611463825161831 -97.95350326087363 -36.92671471595585 1.3312840245683688 -79.98582055588759 -13.698797578163521 3.6186238322513873 -9.079426512108455 1.374120998008948
2158 72298.43571853638 66854873.58574665 -4.1679741410928255 -95.54453616835008 -37.91597945042363 0.902718618779879 -87.54331369330214 -12.426132568597211 3.140773135027075 -7.931239554897047 2.2084715415952587
2159 72332.90988254547 67527638.52481283 -18.95850924548403 -113.34530805526157 -22.508673046680123 28.02611453075576 -50.620299894041274 -17.520438835697064 30.03359828695409 -8.505688393193736 0.7326499264017912
2160 72365.84332108498 69018972.59796135 -0.812670569588045 -102.48108321092833 -15.73085736885377 28.91446256469375 -62.34981534240975 -6.385341172210758 20.90774699824135 5.4528842548085095 17.52820409190315
2161 72399.11672496796 69815108.21872689 -31.88595333857787 -126.54920131074745 3.609670519678403 65.81121106071993 -8.272627675570062 -13.782575805681859 54.07770123648845 5.700546861316354 17.56337942663754
2162 72432.45459032059 67611315.00546265 -20.941165919799417 -114.72539957614298 -10.429570137755313 51.899021992154886 -59.383687212037096 -1.9167171774484473 48.76164790297571 -6.968626631813038 2.6039912470862987
2163 72465.86291360855 67249076.02762413 -7.250124748421083 -101.42616450176709 -31.18888420210832 23.644349846154352 -63.56501890507874 -12.708922897605134 11.652135601004204 -8.120461671896294 2.3694287727186634
2164 72500.09632444382 69252409.87334438 -6.849837415802488 -104.84486210019143 -14.819916536096585 17.178901586860402 -67.54806016438063 -6.998455366905205 23.472367015686018 6.676321464947307 18.813629193441216
2165 72533.71918225288 67288043.6922146 -17.440007888506287 -120.7033226835724 -12.703031745086726 45.956958062499424 -42.50857287492963 -16.85580010818512 33.6166908989527 -9.755295708194012 0.17283820427434193
2166 72567.06119298935 67053538.232353024 -7.0044177790969435 -101.57429993044376 -34.06230190845546 14.867386661540145 -81.0765793330218 -14.598967108316742 6.303479655449905 -8.340918439923996 0.8887899297756121
2167 72600.36836695671 67046597.80965936 -4.533219696383284 -97.52229111147072 -37.737966713475736 32.12651391505992 -53.79877909175225 -14.949180513688475 5.643030579477852 -8.383015216446552 1.0363562850392327
2168 72633.02058386803 66811120.694190405 -1.2933869301782384 -95.56126774183524 -38.76817992655131 19.77853520174118 -66.97444897010845 -13.036123201366252 3.723147948231258 -9.119810405677754 0.3275414869090696
2169 72666.32280397415 66911439.297238916 -9.506124971788715 -98.45451515397104 -35.48069292441403 1.7898675469689707 -86.80071727117225 -13.44774341075896 7.023181318098295 -8.709269999565663 1.0287725638154939
2170 72700.1158490181 67174964.7667694 -8.679639773107388 -106.8844718503185 -28.799934482709993 17.719566873383357 -71.01215928158102 -15.276874811251162 10.044504416166149 -8.226629028784373 2.1728008259693183
2171 72733.6923456192 67223176.41498579 -0.3088156746331485 -97.06750353776825 -34.86666284474881 2.1567020510739 -86.88504359269322 -11.378328901446594 4.975629437408486 -7.546342427303443 2.882752718163374
2172 72767.37806224823 66840125.92807204 -1.4928722589841161 -96.31089142384663 -38.653524421696154 -11.447210691447644 -85.82972464153788 -13.569362609927566 1.469410041759886 -9.079948594318637 1.1009052741570144
2173 72800.4343111515 67525659.21358678 -3.4949259113577416 -105.06285960780133 -28.714157178986213 25.340385999174476 -53.62376552115927 -14.859132365736627 21.539161192298934 -7.090241742843091 3.0592309342754334
2174 72833.9698832035 66818478.09560482 -9.46010198347897 -101.08669117051224 -33.66812248271031 15.01814310243536 -72.65055342998305 -14.136722508096227 9.933396766033752 -9.766856105043189 0.5277074777477537
2175 72867.41538286209 73694883.58849664 -5.415390642293014 -127.64005415519092 -8.767161977544504 19.898795452040787 -65.13298144613204 3.5841486609460844 66.85339420227956 33.462065278934915 49.39086408820822
2176 72901.47235131264 67088531.02467339 -7.689277938013122 -98.1453582995615 -36.48537970094776 20.66714538838985 -66.17593964782307 -14.246887292629879 6.852112933977253 -7.52774510410427 2.268247810868388
2177 72934.49833202362 66972606.948849924 -7.865000552318859 -109.60921883603218 -24.399355770579874 39.50274892564225 -56.61041996792613 -13.993417237075334 14.91005550795444 -9.509802785482236 0.4451391627022758
2178 72967.59571552277 66685778.74851611 -3.4731125910214633 -98.18995050405444 -37.85220227144782 13.085014427304763 -74.85335629116291 -13.963566100498838 3.0762187826126706 -9.619164168651196 0.48713694259384965
2179 73000.32278633118 66735883.659968846 -8.11284958889607 -98.26417456679694 -36.656492721250444 13.320471900419953 -74.82013911910778 -14.683966846546525 3.156242904785188 -9.606623934688969 0.3535434554732433
2180 73033.6262421608 66743486.96814585 -1.6018677302067932 -94.78380479022815 -37.544440326730765 1.0289122534470962 -88.13789559926573 -11.297770177496318 1.0099220915629417 -8.148798128655528 2.0069469534266773
2181 73066.73095417023 66787720.10152179 -6.757164127320069 -97.56823962090073 -36.21498739467066 13.63918752787524 -74.30041759925658 -13.089285028397853 5.285288455943601 -9.13967533970515 0.9566961588690219
2182 73100.09418177605 66878514.78467457 -6.632052068361244 -96.63525850661065 -37.837279334353866 0.8620695788152091 -80.06296738479062 -14.019189717566405 3.2977962187467824 -8.782332524861488 1.4268646633513526
2183 73134.6259405613 66787283.708855 -0.29088892140914346 -93.3775535068783 -39.15105358303552 12.22816881894736 -75.76495155160558 -12.51352575771108 0.21494057702153668 -7.888347427113274 2.0898424691335435
2184 73168.24718904495 69357944.16370638 -5.01301019797082 -105.91716000571165 -12.35230604419575 30.592999516779216 -53.601068515941904 -6.94232651529552 24.066539237719894 5.866982124522622 18.291501552105956
2185 73202.00404047966 68807137.32404874 -2.4355687450231063 -100.49021904902648 -19.88124353990368 40.089959246878124 -63.31486375000096 -10.526162069203338 9.40674983656686 5.760200934450495 17.64885654756779
2186 73235.8026945591 67171266.64642976 -6.526037116556623 -98.56726101986828 -34.55156086810206 -9.373620431565321 -83.77255559396289 -13.334834248278582 6.451280381518131 -8.02289574840313 2.6143497891739003
2187 73268.85528373718 66966811.57961687 -4.487171709176575 -100.18734915257012 -33.63289288771327 -8.804979348302936 -83.84998064690417 -12.943460850936845 6.01087091868493 -8.997346382928924 1.332479746090712
2188 73303.85318899155 66738588.7588673 -12.23013104554093 -99.27228699948337 -35.523883847942734 13.98582849660237 -74.188153811263 -15.041783441903988 5.096968537257908 -8.914987199562063 0.933206547431837
2189 73338.27670526505 69141831.00913024 -6.0649416958695035 -103.66498083778588 -16.0081936952082 28.53234595878617 -55.59088468557264 -7.720196098259919 20.486022490210416 6.014383888254315 18.030335935805624
2190 73373.41066288948 67099625.87228156 -7.578070043325052 -97.42117381929084 -37.06687706319867 -11.130666961075413 -92.94130823590885 -13.696933371733962 5.23410827585559 -7.966860836584942 1.827199914821449
2191 73407.38137340546 67100343.14132665 -12.842674464048962 -101.45402112960143 -30.927090849437306 23.329583169410373 -63.63930311667524 -13.358287114807581 13.425258685393146 -8.266642922270876 1.580780535334327
2192 73442.30934524536 73860603.55545236 -19.52791352376731 -135.08257951049285 -1.421154113873719 35.20943086188045 -57.10877411940042 3.00872202371869 76.4831736332801 34.394889869717645 51.139535192752305
2193 73476.86401343346 69252834.35128805 -0.932744380853876 -100.48640182357083 -15.791831679548146 28.88622021219087 -55.123051685481826 -5.132367366337405 20.936779813188082 6.313408569112312 18.506295539130065
2194 73511.22209620476 66847232.18888956 -13.870735834025528 -105.55452801950746 -21.58963403398983 27.018738024963636 -73.39812759327384 -1.602714797588817 35.531474289823905 -8.895120645976931 1.651120530923663
2195 73545.47503757477 66806077.33133235 -3.041353101053984 -96.94879327092684 -37.29988683114352 13.092611265086695 -75.0935438587866 -12.668001011507783 3.3094732636806725 -8.873963341332399 1.1625568318705177
2196 73580.82103848457 66899028.85592714 -4.32688986601884 -99.28927701333998 -35.89579588475306 21.54747853245141 -58.10777066943802 -13.581633938356049 6.602214980959332 -8.613839107596903 1.8281388698434284
2197 73614.70124864578 74425986.95372412 -16.447952143341986 -135.64877613120703 0.5596469721407544 23.9850046040564 -61.192564235224346 3.869764750889317 79.72156282031858 37.10688967776014 54.266178803623234
2198 73649.29636859894 67194401.63637821 -7.179911222867624 -99.81564429278862 -33.88458592651228 2.934817108166662 -78.30981527051533 -13.592169791104482 7.113917457725677 -8.19596579627273 2.3768375088066023
2199 73683.45993065834 67330171.63014147 -12.297975557575416 -106.54221667696254 -29.10788320532417 5.2949820579836455 -83.88173409322329 -15.243638479735637 11.874923256504076 -8.174574810793047 2.111456092965909
2200 73718.0047006607 66993152.9228486 -9.129544596964989 -104.16029628752894 -31.486646758437317 16.33996577728095 -79.71479580782513 -14.037546092967489 8.897430959139228 -8.229493502968296 1.6447294661150522
2201 73752.5698416233 67108824.74818176 -7.817809269904384 -95.51344597286882 -37.825472143216366 -11.223439006532992 -92.87675119436108 -12.997546826216876 3.855305455232781 -7.501678343002425 2.8355952244916693
2202 73787.01005458832 67255393.58954094 -5.363180426944384 -104.5818287675162 -30.439446423985338 16.82159345240091 -71.97821290100873 -13.72479448966078 9.165776180874843 -7.940695685567903 2.511051225972267
2203 73821.48231697083 66943523.047039345 -4.397903411383366 -96.50777429771469 -37.44612806922863 1.3967185166725145 -79.59333812790464 -12.906685236927956 3.9541740909574514 -8.572742919253187 1.9686095748341472
2204 73855.16549110413 66984903.47341454 -5.96220728717242 -96.8373240904829 -37.886667688514606 0.7724475102949313 -80.37766071151165 -13.774379697548227 3.306217696254407 -7.8349774799121406 2.4788308652227897
2205 73888.2970392704 66972914.890062965 -2.5038664833869646 -94.9788507415302 -37.932975868607606 0.5923476523829834 -80.77165354297215 -11.90795019399485 2.6248482233777395 -7.6270871846307955 2.744219967804213
2206 73921.51244854927 66813961.61182012 -6.446756559682036 -98.8280153921294 -35.69304561090987 -22.085601696276264 -97.37586434230228 -12.527453814619946 6.070746240537915 -9.276114915502149 0.9985619536125228
2207 73955.08241820335 66974700.84806975 -9.434102139243242 -97.51309954572584 -35.7815051978078 -10.226979439875741 -92.24632290129034 -12.802076839503286 6.020707326501338 -7.626972600184104 2.805645118665325
2208 73988.34828972816 66913816.82811871 -5.713553058841725 -100.74139871957208 -32.949175499673174 -8.496093901400364 -90.7287201769733 -11.940416145912764 8.094243971383264 -8.837487968582195 1.4004497294300222
2209 74021.29117631912 67030475.266852036 -6.146181257909019 -99.4701629343453 -33.83204990907386 2.836974175656863 -86.24467957750456 -13.138998560718335 5.845097005754724 -8.147668211177006 2.2965741128389823
2210 74054.36493849754 67106973.59637283 -11.080377648844022 -96.7673694263637 -36.84686599505643 -10.954990131591828 -92.55884209859609 -14.575696253336616 4.1184466681980325 -7.417073513712296 2.733565576481169
2211 74088.24230623245 66937762.60522088 -10.781435150858583 -102.23349271291048 -31.738949524905415 16.03738714804582 -72.55191161819933 -14.143640787427955 8.27983370669756 -8.728856079614786 1.5066199117479755
2212 74121.57409119606 67011770.201359145 -4.73922861333631 -100.62633676461613 -32.55665877061189 42.760092465885705 -42.87424457505347 -11.86678773136481 11.633957671207725 -8.147395059895302 2.385647839015803
2213 74155.62028121948 67138271.55805865 -8.44398938282157 -100.201643952052 -31.007093828426356 -7.738361883443403 -90.18305240699267 -12.007981011711252 7.7970578349052175 -7.081579344578017 3.503982260912551
2214 74189.17239809036 66850234.27319257 -0.03904464479260028 -93.8859477158524 -38.841449080412495 0.3132161812902723 -80.8876828575533 -11.998135402820537 0.983624065102731 -8.311785674030773 1.791549662017644
2215 74221.75766134262 67170063.91334517 -6.027830534321739 -99.8926286916563 -31.163765576243215 3.9023365010034965 -85.40899907304612 -10.80933540027803 9.84134196279058 -8.124413346580582 2.5598067285931734
2216 74255.59992456436 67297614.68061435 -11.438691539019208 -109.78404055856596 -20.9770297073933 21.86351910881145 -68.15637037241888 -13.696766998252997 16.676165940352348 -7.6850149177362255 2.8903460930154665
2217 74288.89967560768 67198357.92053354 -1.0585312081657552 -106.48935859960224 -22.814340396734345 28.372140868581244 -71.88351871293344 -10.50496009765044 13.791953094736527 -9.169612315937684 1.1357434596983467
2218 74322.3945145607 66981649.6383854 -6.326183596605928 -99.94803348640075 -35.02008677623178 2.2257646593996583 -78.9348511468812 -14.471146072357158 7.059004389579968 -8.545462232370767 1.7019909248424483
2219 74355.4217429161 66985738.31960865 -3.072724767663491 -99.21065983647013 -33.645855160096254 3.0767138127186584 -78.48590231387438 -12.260377312173716 5.8783713720262085 -8.758009907100643 1.361223716655843
2220 74389.0210852623 67276394.23362945 -16.18691651079995 -100.24756086172738 -34.399305553909464 9.744658420785186 -70.37435038979706 -14.973780785235022 8.752744106472733 -6.760770032454957 3.7898479643537826
2221 74422.53609848022 67431048.86123478 -13.610681216424837 -109.12006990186755 -18.611773639346296 28.421067552127354 -64.61916176265579 -1.7591127229921426 40.63946866758977 -7.716588162590767 2.8879964340144966
2222 74456.22211050987 67120618.26307823 -6.71175756740549 -95.92436632147596 -37.20482802473514 0.865370737117864 -80.38390947538974 -12.906374647471978 4.514451631399538 -7.588435252491081 2.6365605008816146
2223 74489.33950686455 66911405.101120554 -3.528450020395022 -96.3554498322512 -37.7627967032338 0.8878989671883915 -80.56899000353725 -12.9987379180115 2.43738508209384 -8.067081572623295 2.2337848835401246
2224 74522.78966259956 67123979.64497593 -15.037150937246057 -99.33556921306834 -33.014446260131216 2.9792416061940514 -78.6842627051177 -14.038975647098937 7.326472643719342 -6.509470504190574 4.20859798830935
2225 74556.91532063484 67125412.3714854 -3.281758648745079 -95.72662823465002 -35.941757570472106 -10.252380910371919 -92.08182852461923 -12.25352002226839 4.864000376744741 -6.812411738718367 3.8107527497307387
2226 74590.9088768959 66738713.61676959 -0.24629271977820189 -94.35209754319318 -38.12150211166008 12.728485404010733 -75.37285938534694 -11.067495700244422 2.1361812805968157 -8.849162461620665 1.3738618679362276
2227 74624.92298817635 67007800.56543007 -1.3403977509642946 -97.37649100049491 -35.98881002341701 1.6285755198716885 -79.68349293087265 -12.296344723693267 6.372874419791458 -8.457515537252903 1.7113637938915076
2228 74658.66117119789 67133957.41802076 -7.566025827778464 -97.72471155536107 -36.935337451556975 1.1468148551794002 -80.0625581426941 -14.632655080483573 4.043049569348796 -7.380469550560122 3.0649449651435816
2229 74692.30103325844 66973363.43758425 -5.208216151868514 -99.35029304499791 -32.213862302428524 3.6679604835017443 -77.94460952722176 -11.136946078038761 10.276081137387337 -8.520430386909936 2.0160488564832804
2230 74725.53720498085 67378225.9557353 -17.04361831474975 -108.13330783633576 -20.575166664527558 46.538401234395536 -44.44511044289765 -3.3301288871707584 41.358324105942756 -7.786721272351031 2.51962472530397
2231 74759.01611661911 67573237.40000089 -12.43291637596339 -106.76775924603747 -20.69177586432277 46.76158604180125 -44.53001751123577 -2.569329964603014 39.93679450367813 -6.055727185818171 4.2597373540716035
2232 74792.81703472137 67021260.66964098 -4.218867037421152 -94.1087155105107 -36.94153463009926 1.0979542914566522 -80.3583982868534 -12.154209635620361 2.1138912344736127 -6.736881316839629 3.782020913903125
2233 74826.57765650749 67144375.84519239 -0.8867864833223162 -93.11447977265982 -38.57092464236902 0.2702011271640643 -81.0959232519174 -11.550918966023232 1.6279617194620641 -6.41250628734025 4.185864720740426
2234 74859.5200381279 67229310.39049476 -7.57171649924843 -103.0199190762118 -25.177412395910856 24.862595567188933 -67.66188471837819 -1.9000820679335106 34.555121704301314 -7.7702152637423865 2.3245170108382354
2235 74893.785405159 67313748.4601703 -15.894235306660336 -108.60605723022462 -19.12181137221026 47.7051969432881 -43.396880031159405 -2.752637557380581 41.759064341106864 -7.362390047020938 3.3842982182725336
2236 74927.46924901009 66891894.66780209 -2.5466561209755696 -96.22641096747176 -38.12824480414449 0.8038639860155641 -80.58897628061257 -12.775896276462106 2.108211848863391 -8.047523107371035 2.450474330925829
2237 74961.28590941429 67025851.370052174 -12.735889754133414 -106.7813184786938 -21.901477818124945 38.7492302804395 -61.10278060648197 -1.5363009691654952 37.723507844615256 -8.46187801100018 1.616975176233609
2238 74994.97192025185 66932870.790814966 -4.4300001294770155 -96.94848251951427 -35.74849686082052 1.870421430706429 -79.22594155799577 -12.474588492497617 5.165269136181962 -8.21886776340017 2.379516261339859
2239 75028.75847291946 67006043.089441806 -6.651100985669357 -104.88953990555582 -23.16453123766555 26.117220619735757 -67.08679083829674 0.048293745178000336 36.02938666744217 -8.97088481978841 1.0583639736370287
2240 75062.49390172958 67072845.60933463 -0.5499849875730458 -93.93365485148297 -38.51371467970737 0.4960760854887667 -80.8480298288865 -12.02538787031034 0.8702682553296768 -6.946752975558866 3.533852000672198
2241 75096.80051875114 69086071.8445292 -11.241691116550276 -102.90644486346694 -15.539481929349712 29.97854786087018 -67.283114288548 -10.698555469186488 13.176269598107979 7.625438300824271 20.285300089500538
2242 75131.6072986126 67360484.14898017 -9.439615151220128 -98.97214046921029 -34.97796857240418 21.328382062944147 -58.23059986283655 -14.185900284743695 9.440936413529585 -6.52445574876424 3.6956001828947365
2243 75166.93018603325 66877847.54359166 -5.078467624260567 -96.57152244502504 -36.94671406962324 -10.726890294545441 -92.88406475682451 -12.649355577993845 3.0438904062185657 -8.360983904391617 1.9978903270939554
2244 75202.26140785217 67185777.95733176 -3.570694449376127 -95.57890537928951 -38.07011478019231 0.46324206580563043 -80.93413511179992 -12.761732957456047 3.4428487271007953 -7.108004871224409 3.065729608485924
2245 75237.71542668343 67065530.07760586 -5.629962507846368 -95.27240465724432 -37.84788601684519 0.6957164076823261 -80.43966435704961 -13.4645380247876 1.6778138474767843 -6.867426318482785 3.9451371743627988
2246 75272.76595973969 66982912.64590001 -4.166446524139687 -96.83022463318673 -37.10665938028732 1.2905327149766066 -79.96037573444617 -13.430140134275405 3.4660894334598424 -8.337715918191407 1.8916444710359883
2247 75309.02267408371 67142813.05310306 -6.574020593863507 -95.68060052283468 -37.553857130369295 0.8702802629595183 -80.44472934098013 -14.139428416163867 1.3149835295893126 -6.895116315777955 3.8100110082937135
2248 75344.49579715729 71315021.38186386 -8.021619410759651 -108.01636658016056 6.4342316294737145 58.19267477902024 -41.854022571464974 -3.30830925747307 29.575793245828663 22.756952223068993 37.76495820874811
2249 75379.9895453453 67124311.64700459 -7.51270834699319 -96.98450105755792 -36.38458309457521 1.1915694049455254 -80.30975282627294 -12.893519951257929 5.309459855258183 -6.900608689151397 3.283426249631191
2250 75416.45605540276 67242346.49547988 -6.921556256586699 -98.05527356804926 -33.855483579978625 2.5495566761250146 -78.67324050578587 -13.381061659271722 6.062516934130883 -7.361902584877782 3.4011146543386417
2251 75451.88458895683 67188347.03740603 -6.801364316768815 -97.527653993874 -33.867800550053076 2.8918372171920126 -78.3388582114591 -12.976688421072424 7.114087427920367 -6.267781202394701 4.369903071818385
2252 75487.36562991142 67042786.407585986 -3.508501021629801 -100.99342544399961 -24.439720627666176 13.722342832404216 -79.90950147440672 0.7295047856771362 31.795424084708998 -7.6444973170646335 2.848773313152435
2253 75522.88716864586 67152783.97301236 -8.759191895894025 -95.36095901792774 -37.01077115062095 -10.874212833943062 -92.63953740518998 -13.893662170628374 2.3630962408752225 -6.559022001570725 4.060808977993588
2254 75558.22089266777 66981231.99437381 -0.6371782793332503 -94.1764084102359 -38.00215999119464 -11.229517643748252 -93.34890870585963 -11.252444789603373 1.6257384992804305 -7.6196655159151305 2.7157345129188
2255 75593.84415125847 67241509.21864562 -10.293678012258866 -98.17212485955416 -36.144131843273584 9.057557019163717 -71.28457733130679 -14.3129273694434 4.8134549002037375 -6.563883030555132 4.0623896925014265
2256 75629.50489735603 67202286.22903563 -3.448444137720257 -97.04884597004384 -35.115244277526266 2.263136429172256 -79.00853403944164 -12.03589005260784 7.660098890129291 -6.915857846189397 3.433067193773752
2257 75663.8404071331 67014416.191371314 -6.205257713000085 -97.07763139826805 -36.69396948279322 1.4161717662567241 -80.00678166623739 -13.446007551388163 3.9451832150705854 -7.838519809646698 2.548394509874015
2258 75699.49439787865 67131588.88737161 -8.835060102017016 -96.92421769640927 -36.35780860347656 1.538286573007916 -79.85275372657901 -14.274191323232117 2.6555173764966185 -6.70849189850901 4.092962635123456
2259 75735.10290527344 67094253.58801572 -5.196603421308261 -103.80138747650228 -26.429805189608814 26.708965636739336 -73.12335347227975 -11.701410453676829 10.055900683032803 -7.348853166815559 3.362237130058304
2260 75771.02229952812 67264972.91347386 -5.338213981784154 -101.96040508543639 -24.423007886266873 25.5920007080915 -67.33715133281271 0.017605794582152612 33.55227291583924 -7.131800952281594 3.6372132611136863
2261 75806.81040334702 67057481.06825461 -4.205739212590808 -97.58252380920086 -36.245711201142775 1.6069515888708352 -80.05459271252656 -12.328993792272342 4.62860566814777 -7.782226281576413 2.6396426108184414
2262 75842.1806781292 67203595.18639651 -4.554217459484507 -100.71117874980887 -34.393170067012925 2.7864505605341776 -86.15933023389653 -13.974466701205927 4.849352517079865 -6.6437891929224975 3.837218568867911
2263 75877.64995360374 67254235.42199355 -13.092375040830433 -106.41393226542799 -21.609818468331547 14.629944938488133 -78.86909209475363 -1.5498506344184193 38.1152827128974 -7.857732275044441 2.407245425782264
2264 75913.36073875427 67207766.51527499 -4.610477618379932 -95.46745431829915 -38.20742060184674 0.485835874911011 -80.72971021945214 -13.806353058383138 2.4644853263502 -6.775263485451603 3.2957206936781063
2265 75948.5597717762 66953574.17956555 -1.3396661134142729 -94.31210369888534 -36.75849608853329 -10.48155278625645 -92.82036319080542 -11.260052762055011 1.0506944911300025 -7.002534647652681 3.636143917902814
2266 75983.76282978058 69282462.68278003 -7.672644430715856 -104.21028749309798 -15.951028696611651 29.006728257695816 -54.887213576549804 -8.576390262420375 20.813001650099295 6.038690342216967 18.479364556465953
2267 76019.25069856644 67150840.29487982 -12.180303935502101 -98.09503636714274 -34.950101282335325 2.0211252340659698 -79.39756858934354 -13.897983600246619 6.067818905017418 -7.000680736442291 3.47644500800061
2268 76054.80228257179 67131675.91816564 -8.113965557763281 -96.63556072385184 -37.35016930865688 -11.153085962358404 -92.97212462219109 -14.082230990860523 3.162654336782566 -7.22855753995583 3.4180961140817203
2269 76090.01126003265 67129741.95821553 -7.45300543793166 -97.44553436023189 -35.684737069532495 -10.032579106105239 -92.01163566833675 -12.952822609329871 4.726137576678298 -7.083289837598727 3.5141207966260595
2270 76124.98834872246 67045880.42112568 -4.618907223585497 -96.67925962332573 -37.64093202115075 0.8323227717336863 -80.4664362406987 -13.389564968200489 2.681986938725231 -7.9400731466244 2.3761328918280356
2271 76160.78096914291 67018395.44351709 -4.634683528105446 -95.76782292232485 -36.16246204576619 -10.154603273813791 -92.37767650710329 -12.302875770362675 1.7662773735011683 -7.0274658451830305 4.033187629438032
2272 76196.14718008041 67078743.36473997 -3.82222744075313 -99.86459964833058 -32.769317670442774 3.8334450211253284 -85.68294507396226 -12.57994866880307 4.367510212523371 -7.276181758401833 3.1774399275632845
2273 76231.70519828796 69563677.35029154 -15.118655992792927 -106.86429038597792 -11.258119315375424 30.799739314557716 -53.44874729336361 -8.742484076505605 26.138645945039116 7.827220117639854 20.475194431811474
2274 76267.25868701935 66972956.88433836 -2.2556571483685737 -96.76868336049962 -36.99911621083399 1.2833939452055318 -80.55030147985619 -12.171739378440861 2.993259637184167 -7.812314080861029 2.5603652265867254
2275 76303.69781637192 69021211.46650442 -7.213877400887977 -102.34129742162116 -16.045353230601556 29.928205405306265 -67.5164752960761 -9.839800699259229 11.205019189877646 8.333522291271038 21.153361965255954
2276 76339.72284460068 69357941.2417924 -7.293974487081236 -104.50285010443862 -15.016422915506347 29.24346921295385 -55.00741150426059 -7.956760570316646 21.686516347957195 6.040022590151921 18.45200133666185
2277 76375.81728386879 67002798.19666638 -5.839510680384638 -96.57550864527327 -36.796534297201184 -10.537375918942942 -92.60312998180451 -13.124606620439977 2.2377784820852753 -7.009093493068519 3.7093528876500272
2278 76410.56874012947 66805334.40492287 -6.350485003049068 -97.94179022217166 -36.30662307459784 1.697519196508722 -79.79971904009322 -14.032839442460215 2.6770245555401857 -8.70412121364103 1.752926333002165
2279 76446.51068282127 67105822.72097167 -8.577037351526112 -98.82449758995055 -35.7851466934233 1.782968962774838 -79.93046984571266 -13.923555203604167 4.978930028073137 -7.538491350607671 2.692624484435555
2280 76482.30711245537 66893139.04152638 -5.807136326811369 -96.77359289026458 -36.25652521854297 1.5378870401282256 -80.04049776188789 -13.02162870914816 3.1007147904593353 -8.156107841297228 2.2716620540896315
2281 76518.45118927956 66895427.17317297 -2.0986671366742513 -96.51694639341699 -37.005145953726654 1.3941467541952974 -80.20942050451603 -12.64965495419267 1.3422400722998873 -8.119062121894558 2.719828928348875
2282 76552.68222689629 67297544.56083871 -4.194696275338913 -102.49413041635377 -25.009605016086986 13.158469264184482 -80.01183173898896 -0.3665958672173133 34.29080865462504 -8.146150263968138 2.095197191101988
2283 76586.45536470413 66873632.19614678 -6.689025274524644 -97.69291028952031 -35.72069585326655 -10.052863345259304 -92.34566684498239 -13.185273521179056 2.998420725832318 -8.028897684049412 2.280429296428906
2284 76619.8637650013 67032394.45297815 -8.09722353284195 -97.88253850840633 -35.75443035975416 1.9553590922202488 -79.45983169325055 -13.737493430473648 4.045096852598817 -7.310697737974124 3.5321522382566855
2285 76653.68935608864 68885500.0064163 -1.10353832635764 -98.7566912653376 -17.570351856522215 29.19020440055255 -68.22733195859503 -7.966731949190887 8.18699245443156 7.732668519129675 20.538312311932714
2286 76687.39694666862 66975392.02867752 -7.4996357592326675 -99.69384763867969 -35.25621967087006 2.2032847449727413 -79.638700895566 -13.546357893721222 5.006860635266435 -7.709741214575615 2.735662249872064
2287 76721.13409948349 66812083.158802085 -4.239509823414378 -96.8931039446975 -36.942996312307336 1.409833971084879 -80.15776093261738 -13.871333142062099 0.5158900764570831 -8.059976929644051 2.5117508886414726
2288 76754.9453394413 66798082.48764618 -7.413298785552383 -98.11593680435229 -36.3845767782556 1.5574131869651424 -80.08008107683173 -14.278536377898433 2.3697431440925243 -8.395393838599432 2.111013631466335
2289 76789.1672987938 66843202.88587069 -6.603585447954453 -98.8392475555719 -33.69562824962757 3.0642409377708546 -78.89682665295398 -12.520662508001578 4.379234544498388 -7.62141014976811 3.1113848883304627
2290 76823.2671866417 73479515.14504273 -11.672588320045472 -131.90538155777182 -4.766283056377617 33.9970394104453 -50.88072062040018 2.7511929989261716 70.19622395531383 31.857665192373133 48.123345607523675
2291 76859.30346894264 66982398.53193247 -2.771360284908427 -95.9387388048265 -36.69707515207058 1.5300026585096091 -80.23123931327783 -11.758805436174384 2.420434082459849 -7.4142679835135255 3.1473167905819537
2292 76895.64372324944 66829528.03529131 -3.8756671182957447 -97.4339656097342 -36.549707912676 1.5706624991320552 -80.19461807355408 -13.072539021883529 1.7117290135229268 -8.05798015212332 2.623506125919903
2293 76931.54747247696 67068315.95542143 -6.824340447423369 -97.91723830645134 -36.02327719653933 1.7802546648082895 -79.70350368809507 -13.784755078530338 3.9264556125193053 -7.263807220927788 3.4925590416702335
2294 76967.68721795082 66917636.631585546 -1.0855912450469365 -95.8343062229924 -37.1443550676943 1.316547216429548 -80.39756464094344 -12.32655178918958 0.5576254153205014 -7.820250169037024 3.0001530848253424
2295 77003.8504447937 66740570.25428866 -11.533597782641003 -102.94202682549393 -33.18558693916875 3.261820666077007 -78.80090525373764 -14.528309186937918 6.486367540840831 -9.263755795702082 0.9869721110584351
2296 77039.91677331924 67019758.951423876 -3.1874658106712044 -95.51983052026665 -37.73002914721438 0.8598016472199461 -80.52727245087158 -13.037401184484281 1.1596986542980403 -7.516234331894452 2.882270147032955
2297 77075.865275383 66833657.20426254 -7.466825244527435 -98.97866619510305 -35.39707355966933 2.1146399734585586 -79.70851923835215 -13.613863702239769 3.5449316267390714 -8.247179781404895 2.0125578598729135
2298 77111.91632270813 66932372.97319436 -0.05206307408377775 -95.18641600695503 -38.81837986220227 0.4781465600177839 -80.8593076011399 -13.182451858352977 0.1264690767750949 -7.746446471747731 2.6496995452926626
2299 77147.80658960342 66869433.05571101 -2.1104312492355337 -96.35614887205762 -37.82163701909801 1.0433764293664112 -80.48053593964859 -12.871089535971805 1.3938233939700808 -8.378275511126503 1.820546766561904
2300 77183.90240216255 66844942.84358794 -3.9545831150325945 -96.61260268995873 -37.69803797658179 1.1077090065846846 -80.22862415473692 -13.551806252415588 1.5491530489225624 -8.445269323603554 1.9257478620788788
2301 77220.0596818924 66866256.57372842 -4.014898975885371 -96.52322311971331 -36.4103146988414 1.8042366257061957 -79.87145780942073 -12.58420604799511 1.7185071281529076 -7.699015073228907 2.815207036438096
2302 77254.94845509529 69259500.69550225 -3.5358448193227137 -102.496051067411 -15.80350916188415 29.083945250976733 -55.03517574051523 -7.282026579763453 19.030267709817963 6.846461659691215 19.62377425668535
2303 77290.41676306725 66923725.39183153 -10.395476454058608 -98.8127264626243 -34.858805952719884 2.1762477070610657 -79.46529517298548 -14.28161583581084 3.9568413165622474 -7.527633507401106 3.292491038773221
2304 77326.66620922089 66916967.188258864 -4.175719853345576 -98.09479877670735 -36.51145258785115 -10.431382779945544 -92.75772580173137 -13.064202757034991 2.4196866671424573 -7.9036870468311236 2.7239484765333373
2305 77363.42939543724 67033457.688149095 -2.9048542743309795 -95.22994683330624 -38.27704778150506 0.5360614896565679 -80.82016314894811 -13.702906174737336 0.013503464418477051 -7.114145128980738 3.572561595199545
2306 77398.98304748535 68955903.29886788 -6.294846330366143 -105.32434811735132 -13.834064450580215 30.091524598691986 -54.508189636721625 -7.354265655310996 19.885840965968328 5.593243923557623 18.23411764197715
2307 77435.29781341553 66898500.310282335 -4.109684305603295 -95.4696552486518 -38.25287067802157 -11.581231997995445 -93.69601910967161 -13.110561956344725 1.0815427144571004 -7.9475739519390345 2.2157620280073047
2308 77470.72524666786 69151434.35862799 -9.860933049689926 -105.31770399884904 -14.886826594784758 29.703633808428386 -54.2460757172586 -8.513613836359411 21.662077185714338 5.608809227719917 18.094532572238904
2309 77506.99035668373 66986141.544125 -4.418044548405581 -95.72606055982918 -37.39264043344271 1.1620042011406042 -80.20147492726839 -13.379888624315356 1.3190303214084338 -7.294877298595566 3.482823775554607
2310 77542.46650004387 66938753.765274815 -1.2421655738539776 -95.20941690023777 -38.22483932984731 0.6460827816341066 -81.0489951438886 -12.607667991816811 0.14414621964868957 -7.646554015784147 2.9241033932847245
2311 77578.88923573494 66970572.97751813 -1.4857671144319546 -95.24991806529945 -38.17957505730898 0.7799429514975031 -80.68581738921613 -12.370104931951289 1.136158871349778 -7.726995806240211 2.767344059809659
2312 77614.90534257889 67089491.019565076 -6.030094773368267 -98.4968507716371 -35.44294831062724 1.918194014346433 -79.33205549755924 -14.244780918473964 5.675626157686509 -7.559525536931972 2.9251212532219597
2313 77651.35356140137 66765176.05967259 -2.625979029533317 -96.78887693734872 -37.1285846982845 1.310182712210107 -80.61009912937332 -12.820628209862377 0.9254795322054861 -8.19938863025709 2.451383854285723
2314 77687.39797329903 66921983.55166683 -0.4132223941697042 -94.5918489220729 -39.07634155895058 0.23226813419216796 -81.24936193448971 -12.64031096904074 0.07368076446084615 -7.626951159665282 2.5222059404226798
2315 77722.07687139511 67036420.30317445 -8.413649958126548 -97.1862288781233 -36.2908463854936 -10.44070497326365 -92.56859818988217 -13.226398265148248 3.419793661616211 -7.313236368515618 3.4529540955307993
2316 77756.18740391731 66944576.58041969 -4.622283435306569 -99.90228839814195 -34.241039483520986 2.8704001517395383 -78.76363079056324 -13.343386702547434 6.46612434708868 -8.085458235898216 2.6292432764593627
2317 77792.62778496742 67003068.82990793 -8.883301374146706 -99.03968341954152 -35.426010659575994 2.0219142199534943 -79.6975995023629 -14.59301374757655 3.577647122370479 -7.998630077610642 2.3171663155906685
2318 77828.34653615952 66876317.04843853 -5.040508714079682 -96.89736656039179 -37.24855898522724 1.1586495063242523 -80.42402090730953 -13.404860862322266 2.250857012810627 -8.101977358678823 2.3864612274692263
2319 77864.93084025383 66800175.99366462 -3.5472177647497123 -96.65977797991644 -37.34039609032324 1.327182331725318 -80.16199395720281 -13.11986564387513 1.5901825742608935 -8.52644687748949 2.027901172021302
2320 77901.21784925461 66987569.84640537 -1.7301515627498958 -95.33869867770417 -38.48597147329643 -11.412542246768425 -93.55060869605872 -12.607165741499728 0.6311070780979549 -7.233492273500929 3.254702900367988
2321 77937.12494850159 66873955.74837415 -0.7325732606682411 -94.52750533785891 -38.85862982107026 0.2924851816663008 -81.32610849658585 -12.44575498481197 -0.5092340497522514 -7.624108671866281 3.0536956128466954
2322 77971.36736392975 66849646.59793368 -8.06398926500114 -97.2122470519733 -36.24127047067731 13.732818523910328 -74.60344954410164 -13.935983277566834 2.130215693246953 -7.814408703905713 2.987271983966025
2323 78006.06569290161 67207586.59245123 -7.376037181658088 -104.01330750896972 -23.992265733922537 25.752764058086484 -67.25952650950265 -1.3864652028406113 33.30190530505422 -7.403500008693641 3.4388269235391817
2324 78039.26194739342 68844852.10551348 -1.7489581178875842 -102.6881240638162 -16.68221947038714 28.775370414368513 -55.67494531489241 -7.211584458344078 16.796080834377335 4.541492833383302 16.69210538208256
2325 78073.19731640816 67112711.62364724 -8.651005902143533 -104.4926082612013 -23.486636866225084 25.867953527969796 -67.34119248089394 -1.405566208871619 33.80507337610345 -7.708558798088518 2.6850517190181904
2326 78106.71011805534 66833020.983232506 -1.9703741005625037 -97.23021245510814 -38.0246925142901 0.877882740103999 -80.63428918336547 -13.269529817974728 1.6352394029606785 -8.56834482993537 1.7583729594849729
2327 78140.26350688934 66811686.124251254 -3.003410460227075 -97.68915570327472 -37.533864649226885 1.2343900000973065 -80.23538649437927 -13.719848531672426 1.5888037435267393 -8.69298256453311 1.8447276124982181
2328 78174.36844873428 66977551.34281803 -6.022878311565879 -97.85343675691198 -37.23633088186064 1.2423249960812655 -79.99103546580088 -14.394801705395253 2.9358345146405327 -7.610119670907125 3.0547268246999693
2329 78208.18820381165 66870441.207571946 -3.5418327694690657 -97.43551243354939 -37.30300091143126 20.72130094604236 -59.25586344912904 -13.091249552400598 2.520957378175922 -8.33583008587118 1.887878237247719
2330 78241.25669813156 66906144.28501179 -3.726906758997126 -95.85034303007919 -38.11745418963441 0.6014475370524508 -80.98384661903356 -13.475343345315594 1.305605125488455 -7.94640490500683 2.2313151058140193
2331 78274.91017770767 67018345.18812467 -9.324552374762677 -106.52564055963492 -23.23990056165477 26.298983304611223 -66.8024282016028 -2.0542760106699802 34.999164836201544 -8.885947710715982 1.5276044975504988
2332 78307.87401533127 66752464.51402011 -1.3542212022892262 -96.22016946560743 -38.41963546469109 0.7648184399219886 -80.68843552770672 -13.141568430520806 0.40097301660767926 -8.797039205999567 1.7379907838083568
2333 78348.69197678566 66800031.952830955 -5.04373472723324 -98.10787926689024 -37.17830115700521 13.224352545720247 -75.20520181133423 -14.12108244412849 1.5939971924469774 -8.51861542258274 1.8943600807844518
2334 78392.16629290581 66915525.868703574 -10.22325968740213 -106.92290187732407 -22.43795033953065 26.682542339287146 -66.3325595780439 -2.1732884113465616 35.659658679384506 -9.337692898394266 0.9032780702032142
2335 78427.27816128731 67112281.6656393 -1.0316698036165999 -94.76287650961999 -39.10782441084527 -11.771569033194318 -93.58240193104182 -12.74964366144502 0.823037310826578 -7.324021165143336 3.146746414950883
2336 78460.4982304573 66936876.70765806 -2.898318960256148 -96.0424627441626 -38.383685587939425 -11.423530107216905 -93.4540089211594 -13.376930793257827 0.4979160119593189 -7.8089631982009 2.7534473507656685
2337 78493.95841526985 66813142.710686795 -3.7561873708207507 -96.59860004025681 -38.13333564873217 0.7549917421731749 -80.75996463291033 -13.494173467697578 1.427840986890601 -8.766388394227533 1.3592221602945642
2338 78527.03862023354 66823250.064923465 -1.2374800992668558 -96.00602078593947 -38.54004307230482 0.6025282561083287 -80.98692655929138 -12.52606500459575 1.361126054276042 -8.349152798270325 2.08373709090165
2339 78560.50261211395 66868892.58608563 -3.6223263895312936 -96.0013060349864 -38.07908979664728 0.7892805895431678 -80.7686513696423 -13.300835282901119 1.1676338263294497 -8.132666359943244 2.1078883049502224
2340 78594.36083388329 67153553.80054487 -8.591963707602577 -106.96944519524484 -26.178261840564062 38.50125992885171 -60.8602707925255 -13.438076326397265 12.85359610906005 -8.155124487632065 2.06061274311395
2341 78628.28745007515 67243725.11944015 -0.7697390423667532 -96.42434362384505 -27.5971732655348 44.687069504578005 -45.79054710415962 0.3094785648175389 35.15327070949297 -1.7631427247067109 9.520025305015054
2342 78661.80487418175 67063762.96814513 -4.290544370257017 -103.69826445819554 -24.746325490714824 25.490742386474217 -67.41116653367281 -1.0751122539348898 32.59676869071927 -8.630199138526052 1.927806873993461
2343 78696.03399705887 66900177.810487196 -4.812495212267315 -96.94881978999216 -37.69562163008845 20.469011588196068 -59.49482276071942 -13.989652415277078 1.5011398090739476 -7.8552220316545345 2.1535468543182787
2344 78729.58747720718 69156685.00063337 -8.857044750827868 -112.22916095844532 -2.0337444688554953 54.18643163632798 -41.67555663758474 4.830224497353186 52.3112825316565 4.2107610134655715 16.544331478119034
2345 78763.88280797005 67035149.86117632 -7.077773068294668 -99.1455083026195 -36.43053441330333 1.6328796352661357 -79.85863604330368 -14.46441299225745 3.811566640268836 -7.560559585002181 3.128745988252092
2346 78797.46335244179 67039515.89224657 -4.977594994827911 -96.87251007005557 -38.0754448261683 0.6091302217656747 -80.7540456537188 -14.038856731034514 2.300975327002618 -7.786802208863037 2.624534106892554
2347 78831.71375465393 66959726.73067193 -1.5707801897672908 -94.2018097811677 -39.09440949594355 0.25565115227793456 -80.98471593998077 -13.062082191162858 -0.0815556522445604 -7.378603670116888 3.217683976542503
2348 78865.29644370079 67148931.5646135 -4.949467382641846 -103.4487747421225 -25.464188730647216 24.97684282697224 -67.91963340890061 -1.0423853911512424 33.55292845580482 -8.22137540219154 1.9303536024420396
2349 78898.9929523468 66978484.31483434 -4.6487205275645 -97.96409387537025 -36.60998864666629 20.968011640094208 -58.60441328352124 -14.141850755334929 4.911026108463034 -8.167919819048052 2.1463114671236667
2350 78932.75698256493 66954294.5687605 -0.04215312995480325 -94.58007560440636 -39.36262533302011 0.23777688229606753 -81.04548929439227 -13.240782294377482 -0.1707507388238696 -7.857401760617165 2.7298707689799357
2351 78966.51772522926 67026324.1443643 -4.3916505157725805 -96.11288212353517 -37.81143494516987 0.82861319564757 -80.62995142759067 -13.48309328200321 1.7401057237785267 -7.0888437997890605 3.898797656319914
2352 79000.97764325142 68968385.35110743 -5.954480125683089 -104.63768889857924 -15.589049158747656 29.392890019054626 -55.10331535929322 -7.487514354873156 20.017879628704918 4.549712987727673 16.923579441221023
2353 79034.91285443306 67106697.99718454 -7.204177572005795 -103.58015321980805 -24.280146771412007 45.062091060156334 -46.33280721580294 -1.2608537627750138 33.41226396981847 -8.09508277513254 2.569474061026824
2354 79068.74175333977 66826816.24352465 -4.373492877975803 -96.65293571515953 -37.54482951044305 13.068106247988862 -75.30713986331328 -13.41750523770105 1.5052131217831857 -8.19304439655889 2.2902271388570625
2355 79102.62626576424 66945293.55126601 -4.6863000001872965 -96.76629793334595 -38.01828092379804 0.6927975898320398 -80.7839975736423 -14.187887719241076 1.5208812741869338 -7.865120327001705 2.486345281417755
2356 79136.55952858925 66876040.5793219 -1.3280543801522722 -94.78518043697008 -39.225157928892564 0.2830200921068027 -81.14594720066633 -13.085724326853665 -0.047800648354836994 -8.00837423843916 2.1490035888554644
2357 79169.60404157639 66900464.05659275 -2.9523282307292966 -98.12754676936551 -35.59492116061428 2.140633691290283 -79.37226775387171 -12.865820294165076 5.990904405499805 -8.454583595037093 1.7113366611364995
2358 79203.29228377342 66926659.10999205 -5.161329555232985 -97.11300462756222 -37.6457992729713 1.0264524430039188 -80.35621806817298 -13.79815172259947 2.3240828004848026 -7.979085823296543 2.47183492671428
2359 79236.83070802689 67180439.27434401 -0.45444813278792573 -87.61329996764265 -42.9275974766838 -12.612851969598957 -93.81446632720713 -12.023044772887488 0.8674075050945476 -0.5333544775023142 10.787901888461136
2360 79270.50753545761 68914880.47474746 -5.449122039264488 -105.08311854687071 -16.11598181910724 29.10757409857548 -55.075382560786586 -8.264364899280736 20.282506306076584 4.181175245342104 16.25142065661089
2361 79304.70128321648 66750085.87266697 -6.4269332200027165 -98.5442347260952 -36.967106520838364 32.834036290743256 -53.879815882440404 -14.401334737958962 2.4624946492739923 -9.151405446976526 1.1065446864116666
2362 79338.50935959816 73904396.5053816 -8.625051525790004 -130.14738766326582 -5.963428277564809 33.38528547163321 -51.21672258919097 3.658831426913082 70.34400540036052 35.42874929069637 52.447758116562454
2363 79372.5395925045 67126287.11131473 -4.28983786116382 -103.30111525022814 -25.231864294977797 25.192179772187394 -67.81401525805057 -0.8477070513301328 33.07126985117213 -7.975964577621312 2.3215231744819107
2364 79406.00215578079 66944633.83388661 -7.220935517107254 -100.62622206397549 -33.77709624972083 14.913328130196199 -73.65355053125162 -14.018754261236893 5.799655153988397 -8.790821172949848 1.6159693803322739
2365 79439.80597138405 66916178.135422364 -3.8447113804624795 -95.96432810707095 -38.351272724261065 0.7471467241037288 -80.57538595576008 -13.465954936327591 1.4604350604977299 -7.970664103553418 2.7932536098652463
2366 79473.29366827011 67030456.38168756 -4.350914411871475 -104.02966339063974 -28.245670582324948 30.237765812367442 -66.45683614982083 -13.461076726169779 8.779400356849578 -8.219338067280887 2.0916908133787047
2367 79506.13178014755 69028109.5121625 -8.220243443447432 -103.57900416423695 -16.133802199157742 29.18649220651413 -54.925864051927746 -8.367589987023166 19.605075825247013 4.797899434394878 17.32920646330399
2368 79539.49949336052 67198701.91735472 -3.213355145601037 -94.56485074427366 -39.51174949923735 -0.12095536775132132 -81.17225720962564 -13.82315645910927 1.1555297981068406 -6.729841005047604 3.4834949485743323
2369 79573.26802563667 66876670.031570144 -1.7286344744498692 -94.96429579137772 -38.77352655715839 0.3883845544008224 -81.08227026204919 -13.268343074387474 -0.11787967245254549 -7.769225480149487 2.597806957606224
2370 79606.77415299416 67042485.805277675 -1.1466428626934757 -99.97842650363941 -35.11724770595485 14.531069978198389 -73.87006412826975 -13.910271158821331 2.3611082046217007 -7.060003687087999 3.7608193124877403
2371 79640.11710238457 67036502.91962427 -7.211524012008017 -103.1533068394341 -24.47983746473163 25.510937585561177 -67.36162631256676 -1.1577176097486017 33.33854022548746 -8.07749622423637 2.3876827272554806
2372 79673.68046426773 66859590.44181527 -2.203486363574294 -94.98330713421387 -38.68114034951422 0.6077524323938519 -80.70450905730993 -13.140132870479931 0.48115316782025275 -8.100157605547622 2.31516561996807
2373 79707.03827118874 66868161.80250532 -0.9983444554448511 -95.22457719295775 -38.55228419467 0.6208881632720633 -81.00829588077906 -12.783313849268382 -0.015833602423015236 -7.599805750417829 2.9175419903233433
2374 79740.24004626274 66964856.25088738 -3.7352654361601356 -96.79060770346483 -38.06438797152596 0.8266071768649113 -80.58549380846343 -13.420417242711494 2.903092990347261 -7.616152301443435 2.62156966489664
2375 79772.96072125435 66856764.9563116 -0.6302604610512148 -94.98525646470881 -39.35105227386848 0.1838982409174008 -81.18772111826584 -12.9765789037599 0.07663619187297854 -8.148600241209294 2.3198613189464368
2376 79805.55782151222 66801230.40385123 -1.4690717999766534 -94.76426553325248 -38.857176586917454 0.3873351194816621 -81.04321430580211 -12.815373634351317 -0.09286692451041745 -8.476271125342066 1.9756257712730303
2377 79838.5676908493 69186372.11122465 -8.508629949963924 -104.49176892669045 -15.196572126289915 29.40716401335414 -54.78265694411928 -8.00487510478979 21.510099198452735 5.992624155590988 18.551870060789383
2378 79871.96278905869 69101463.793695 -9.376561288633484 -105.16146054898711 -15.117964828326308 29.396942172486032 -54.90193564782791 -8.766602099854481 21.05838876845189 5.380346176843091 17.497661582960973
2379 79905.84482574463 66958834.09665039 -5.501593137830499 -100.39878364115232 -32.475712177633035 3.8225255365112147 -77.94150916721655 -13.176146591775591 6.058279606322969 -8.112116568738315 2.2955436168329015
2380 79938.80832099915 69070120.41276471 -8.920171964370326 -104.72312812924864 -14.593733579920269 49.31137095372187 -33.350575709107986 -8.0079405356758 21.294054276804673 5.736537943260828 18.351217774737506
2381 79972.03210902214 67090883.59416451 -3.9616043888523507 -94.82104727758978 -38.34065853862894 0.655524514963922 -80.75233224071296 -13.026491882063794 1.9063342989295506 -6.306304730136162 4.361596724728315
2382 80005.65866875648 69217879.50451621 -13.40364914067324 -112.75991161385211 -8.495819838020275 44.90089440873548 -46.901336905307474 -9.163174136704754 27.09698354743705 6.049663254122265 18.212253195292647
2383 80039.49444818497 67004109.1262714 -0.8998312989007893 -93.82321043506833 -39.399410261052275 0.20834529448272576 -81.13936429053203 -12.534186922952813 -0.0914382458005889 -7.004634374122702 3.5302239203581394
2384 80072.14645504951 69156709.17519724 -7.605507653362739 -103.7997461142064 -15.561401540408148 29.040027789639044 -55.132911414727495 -8.336938809632045 20.166418975527904 5.943342771420646 18.088510050926402
2385 80105.19956946373 67003207.22197754 -7.5755112716229185 -97.50749879631654 -37.280868369704486 1.1208912526911945 -80.11359877201353 -14.690078370689719 3.221736034523701 -7.553404858531621 2.839422676733875
2386 80138.88893842697 66876779.08954232 -2.1896512640820855 -94.80555669066425 -38.63146006565886 0.60714954642539 -80.70269815378248 -13.191140258218468 0.09945190521699487 -7.820657869221179 2.7494279493564022
2387 80171.86742115021 67032943.42216521 -2.148474334090997 -94.7006961608763 -39.14239924258368 0.2326036137961509 -81.08780221032949 -13.500922445521212 0.3527177332509268 -7.251939900832838 3.2153407063132136
2388 80208.09080505371 66873956.00293341 -2.368581038756549 -95.5156963445292 -38.93984056747052 0.320674816321187 -80.96788517572467 -13.513787174217384 0.6121430203988893 -8.02804759921878 2.3283702435700206
2389 80242.25515604019 66848623.47665984 -1.8207814578750394 -94.22513841455147 -39.49232407012648 0.13432557009386414 -81.05801973565126 -13.18232045699142 0.010852350677851064 -8.345420562214201 1.9012486568158238
2390 80276.98339390755 69179116.83166863 -9.429023682758578 -107.60371828577053 -11.569648069335415 31.44575052577276 -52.9741523680933 -8.28325389346702 24.20107372058169 4.788083321689612 16.914090296474797
2391 80310.58961868286 67112571.33305655 -7.860605112507276 -107.14129567307258 -28.354224010549274 18.065254954352618 -70.83221570624303 -14.563524836722365 9.790435612017404 -8.063759755893727 2.527471464445739
2392 80345.08087682724 66821255.560339734 -5.080119742377585 -97.31430380844945 -37.274715690318764 1.360868839617595 -80.04972835399872 -13.540207284390647 2.674869615248383 -8.48400307324647 1.8989129886949172
2393 80378.31077051163 68999112.34365231 -3.9732831873672705 -102.73429148319545 -16.856884465548646 28.743124728479494 -55.36413455416365 -7.339277366909471 18.674474980664513 4.868642148709853 17.16163648625718
2394 80411.69696617126 66853089.70451809 -2.5702749812171266 -94.66349287106914 -38.88259716498759 0.30360432603472987 -81.09469350998322 -13.35486396563158 -0.26014134067139594 -8.001940620409584 2.195442312731018
2395 80445.01794600487 66977042.80146964 -5.347039543427911 -101.67413766400914 -33.683409011691964 15.283578668600853 -73.31488970197307 -15.259591668483438 3.4903662020350907 -7.9663697911442455 2.3627207780216963
2396 80478.6782605648 67106432.97454552 -7.425601954397822 -105.3080762534585 -28.871498071642613 5.770499257745463 -83.70415055303087 -13.98020205045816 8.27328975503957 -7.568773810714674 3.0398829013662407
2397 80512.41136980057 66990964.04975029 -2.775388049607212 -100.68997869868055 -34.00248672477175 15.157352744171053 -73.51859737562923 -13.60289885051975 4.030155388417768 -7.8882909790483495 2.3441662772706877
2398 80545.83004641533 66939109.065359816 -6.567807945238171 -101.11492041007735 -33.02014186088386 3.516538229042368 -77.98131072499251 -14.042563438841682 6.120464068675062 -8.6905187547639 1.597045927365059
2399 80579.32397842407 66916419.723247826 -1.0657004063332547 -93.76918266047664 -39.54936925814342 0.05553098434668158 -81.21658855735267 -12.910366543601526 -0.36073765147875747 -7.450851837777066 3.14206274987896
2400 80613.0013434887 66931150.160525925 -4.509170134606597 -97.80758992454669 -36.81879094244074 20.77733057149611 -58.76279755758277 -14.046880328216332 4.685085359235018 -8.354827363694824 1.879632653493502
2401 80646.66453528404 66752527.62074066 -3.6392118164831846 -95.81458645731925 -38.442109394249414 0.6017468850015746 -80.72878401044355 -13.749413850111125 0.26342140435355077 -8.99082273355748 1.2850579940267153
2402 80680.23070025444 67029124.39852852 -7.938154709752764 -103.44701483633568 -32.44828562630306 15.885255064069149 -72.80413271866693 -14.763162510240079 6.517339083867682 -7.983612120824375 2.555221401979395
2403 80713.9408762455 66881766.42391989 -2.126410109328299 -94.72362748228852 -39.71753651657997 -0.14300193921796733 -81.3017484080741 -13.751390061933648 -0.19478599316181544 -7.853470258181801 2.414589664943776
2404 80748.31299424171 66889808.19433335 -4.271878172314251 -94.9916874962967 -39.11610065315909 0.19548924411397195 -80.99455462382488 -13.859889129375688 0.7240768706196832 -8.034871553039068 2.1303744557581012
2405 80782.66762924194 66755777.289194286 -1.7741815204627525 -94.96160482366855 -38.28853611457016 0.7936162374803075 -80.7291918914096 -12.75112931574182 -0.29488460379752723 -8.652202128107035 1.7178690845028655
2406 80816.56440067291 73883020.22353315 -10.07199622422804 -130.35000276020446 -6.464734979035271 32.8635242249331 -51.858040272946496 2.59937345017147 69.41192281338056 34.57018351268448 51.25411059933742
2407 80851.2941057682 66960357.29944039 -0.7689448713669282 -94.65403924693237 -39.61852308087618 0.13336735344488915 -81.15044214418475 -13.151238820160188 0.19514974206106217 -7.62381371272096 2.7344775481305987
2408 80885.84906196594 69205863.67402115 -7.457651599068614 -103.68998063041828 -15.690259727541772 29.281910067684287 -54.81264773910902 -8.164560353703052 20.280572761768326 5.9806325584198134 18.44912854113511
2409 80918.3597202301 67138618.342065 -4.24781957310684 -96.77208776861661 -37.3202395450855 20.599368351177233 -58.794384029530406 -14.48848600169623 3.9044726776340326 -7.4127237033898155 2.9827075646953745
2410 80951.5000705719 66866528.71061139 -2.7748902729056173 -94.20497708187096 -39.343307073528365 0.04438352844736215 -81.20570231863823 -13.749228332724499 -0.7372396271613297 -8.182741920818273 2.035627057751242
2411 80985.52878808975 67028506.417515196 -5.335359035279437 -95.40450594558122 -38.092670657610576 -11.247699045129998 -93.20889004802983 -13.216826126341516 1.6439504758702697 -6.840458255054784 3.5323409537060115
2412 81017.95401358604 66936900.55826632 -4.559172725696836 -95.7440419609211 -38.34589920378775 8.216819862637038 -71.93942037546299 -13.502885837978397 1.286050031295133 -7.652026099470163 2.9280774311297364
2413 81052.09083914757 66750186.80294043 -1.0874220412595736 -93.28540410416481 -40.37308826556488 -0.2862409497555731 -81.2284429413006 -13.098347749893662 -0.7231783191917316 -8.899685366076142 1.3147253104576748
2414 81085.4105231762 69152141.09941664 -10.995302066294945 -104.97158578286103 -15.260392630867486 48.9009431756278 -33.554271501790986 -8.924887267996553 21.729295395723966 5.481938810754741 17.63271896089975
2415 81119.12676858902 66854857.19614009 -0.1930330381661136 -94.34848301739397 -39.345033952780824 0.16731209471773667 -81.13322965186961 -12.976867592350686 -0.514251922350752 -7.977381964550659 2.5333521411747597
2416 81152.5925848484 66988355.5776693 -2.910915784666974 -94.65694359820077 -39.4690684371335 -0.04999715002035998 -81.21134316794523 -13.560549761553489 0.42701902804367364 -7.765300807244444 2.80952147565705
2417 81186.24190664291 66759909.3435254 -3.049462303693163 -95.79687419555943 -38.222715934208296 0.7170374962969674 -80.76871249324167 -13.036947730056681 0.7504338043109442 -8.463464647775254 1.9573344453558548
2418 81219.98436069489 66855906.966742724 -4.310239151045852 -96.81823744026137 -37.59070471663846 1.006646635276681 -80.6140867886831 -13.570241347673743 1.5039679218889432 -8.145072907036933 2.149010210656911
2419 81253.69583415985 66878383.958957106 -3.552698528563159 -95.43205774193096 -38.67120047495616 0.5419029653570604 -80.63666123304753 -13.906172220323072 0.4712826586786605 -8.126396606427818 2.464387104524178
2420 81286.84828901291 66869868.02903006 -1.895464522031718 -94.13336648661006 -39.14857929714017 0.22744823621794552 -81.15263167369243 -13.038683500276989 -0.6409021571030848 -7.855329376465988 2.5967647108998335
2421 81320.93789863586 66900056.92235558 -0.0006633915105922483 -93.70060542934822 -39.77283817999158 -0.1496642912382029 -81.48228278430355 -12.814812717008977 -1.1752892413774703 -7.599741564071451 2.969352137507485
2422 81353.75986170769 69152600.75793378 -7.687090137904178 -106.78587151858676 -11.015194748382036 31.715444263449882 -52.89074529713429 -7.305913770712721 23.07752028914399 5.17458754227988 17.45992087329296
2423 81387.61198306084 66897479.81521936 -3.0767343649908536 -95.87797509933537 -38.602827156621366 0.4493914284986431 -81.0016036769079 -13.457099098355116 0.8713811164107028 -7.854586896741409 2.2703229503244415
2424 81421.84081983566 66824258.03211747 -1.6776958527196637 -94.76700589050739 -39.601599919174205 11.98183640106619 -76.05864126236025 -13.242965228346748 0.05430903845467583 -8.135576144479046 1.788613548887895
2425 81456.10562777519 69248543.65709646 -11.14250753691053 -109.52577197438401 -11.385029347864823 31.41369713208157 -60.358127236308626 -9.333690956951557 24.01669548891789 6.262733741720865 18.38822537422027
2426 81490.22321200371 73677664.24716878 -12.87185117309343 -131.28301598278424 -5.94625310390844 33.30189245556403 -51.356816204002314 2.38110857912784 70.06748426533727 33.48240408243498 50.16008176963112
2427 81524.53059315681 66822672.16676564 -1.16908498142576 -100.83939450906443 -34.75893273153293 14.762336509335636 -73.76473009200873 -13.658737750678256 2.5639104042961094 -8.537327870388708 1.7937534011231833
2428 81558.85564661026 67013436.599599294 -0.9507247253457773 -93.87874277237782 -39.394495197751695 0.14299924759553306 -81.13891379380732 -12.556116026928919 -0.059899889101302506 -7.116916294594944 3.7466659600582943
2429 81592.89680933952 68870450.45905194 -8.340162275821315 -104.64338132003934 -16.00359681093635 29.200379898561945 -54.89567458689366 -8.925297375155026 19.53888289714655 4.408238305789155 16.449905795200607
2430 81626.961217165 66807053.62883292 -3.7259195462672583 -95.37985859379025 -38.692308060614465 0.5782169507171631 -80.46136512552167 -13.38043876111982 1.0885012021875013 -8.390713752776662 2.0108329389343
2431 81661.40176439285 66934180.6225563 -3.0441490963679794 -94.21154571793463 -39.19662595353393 19.62191815398637 -60.06786286619755 -13.210360092833525 -0.22732921866895595 -7.434582066604946 3.377622714623328
2432 81695.12337350845 69219256.7586864 -9.901987171557865 -104.95447269646708 -15.476067389186767 48.853731805835395 -33.648243766305846 -8.80511628715044 21.51749566842136 6.004606033121888 18.398404563890608
2433 81728.7931675911 66747660.28134895 -4.942555848048581 -96.80117637836588 -37.79309928912084 0.9588498127073848 -80.4855112994303 -13.582143880213039 1.8187757337177004 -8.781874822498025 1.5820431078457204
2434 81763.08897018433 66642245.37035665 -1.4249148795639144 -96.05805687241875 -38.707526296083905 0.5861811093439684 -80.7454772832311 -13.151957626727324 0.42473444328521737 -9.40124430981075 0.9500526579487882
2435 81797.63536787033 67015825.70013534 -6.337959896512926 -102.12170045033142 -33.91403566393982 15.09244580385996 -73.15993651933874 -15.038785973588858 4.733731131327033 -8.10872049489626 2.353989260538299
2436 81831.99211668968 66731473.04725645 -1.6907114904514664 -94.79674771761262 -39.238691803617236 0.27170156517085786 -80.9224576994719 -13.107803181768702 -0.05336814238989973 -8.807869453004741 1.4795263846294233
2437 81865.8785943985 66550120.29668246 -0.6287052648115541 -95.53448854966469 -38.536383702674186 12.766141358160318 -75.50942819139544 -12.694093768533037 -0.5013318051244937 -9.223963702512833 1.0507258083270017
2438 81899.92372322083 66849780.31889661 -5.963452484734457 -97.31862609851841 -37.67513734438519 0.9627603373528757 -80.34506587417417 -14.100433461736543 2.3636510120517755 -8.130730626423656 2.2929671753183243
2439 81933.8772084713 66825398.59834599 -3.2369122923344325 -95.19105439332593 -38.67147127783912 20.022683810586344 -59.73229650534134 -13.708778801724407 -0.1311737921838585 -8.248561691060274 2.1503830958906747
2440 81968.39129972458 66842788.634733655 -2.977761471537457 -95.80968855518063 -38.66803309887211 -11.551992035698639 -93.48715403193191 -13.282255234429442 0.7796058750702173 -8.023691669712662 2.237281556443577
2441 82002.29684948921 68937686.46189588 -6.427720718073601 -103.95708436867767 -16.29659874434173 29.048774619059348 -54.955047131837446 -8.108025841542997 19.49511696003981 4.294892046642929 16.758874634850827
2442 82036.80515933037 66635680.53355031 -3.235911152890722 -96.06926525572838 -38.796600569423205 12.522887228754264 -75.44182680058036 -13.39300584686481 1.3285711627818841 -9.48933191348624 0.5752322330458242
2443 82071.1529891491 66870507.51247802 -5.306283165151333 -96.87621819231384 -37.70317721522399 -11.129389413865482 -93.04262770363007 -13.892658546001485 1.4072889790369345 -7.9078694743244 2.5989093483082115
2444 82104.95722985268 66716034.62511675 -3.7106155821737445 -96.86369610004742 -37.955565492687164 0.9955902103976939 -80.19985817025433 -13.671979135826348 1.5811290261487443 -8.72768229077991 1.5142428975734106
2445 82138.29105520248 66687860.06783746 -2.7447238726646948 -96.95123748266694 -37.79268038418638 1.1008587198490503 -80.33682769517327 -12.888845821618872 1.4988574833715234 -8.982787735944157 1.8582126127709557
2446 82172.30155348778 67096413.417565465 -3.81237947779017 -101.537169454978 -26.860801853683206 24.367551855081754 -68.0802874672184 -0.995094706539362 32.246532531572484 -8.311574426952632 1.8457194441358524
2447 82206.55648589134 66718288.699906945 -8.54030728211219 -98.94960001094147 -36.434424064984256 21.169584262518153 -58.56434116817384 -14.810346420181531 3.379426896864004 -9.265029793801432 1.0634092989672013
2448 82240.52460551262 68877232.12207106 -9.697637174359658 -106.25957225959927 -14.586535542636007 37.336646735654696 -45.86105451111833 -8.42754015439749 21.464803892165605 4.272886808514102 16.75686053220909
2449 82273.87741875648 66651171.82740386 -0.5915315934552883 -94.18202680465846 -39.046659847364346 -11.5988571698907 -93.42016714396169 -12.291217950552891 -0.6336959693181257 -8.800504561999333 1.6134916138053654
2450 82307.46226787567 66758914.45421637 -5.348324076129014 -97.28435098254371 -37.66839188573551 8.54161769825324 -71.69202721466563 -13.638688504081756 2.356196726645692 -8.558416250931543 1.6586588069205277
2451 82341.09033918381 66780662.03962709 -2.1611245553263316 -95.03765782499283 -39.268182601524735 0.22161418096652596 -80.93338301563335 -13.409271538716439 0.0168343440553258 -8.537683562612813 1.8347263810433674
2452 82375.6724228859 66746171.77253735 -4.504177361871934 -95.80715126165944 -38.240625682016386 -11.320509484100555 -93.12765914213443 -13.658904668867422 0.37700297391677395 -8.656376308194183 2.1065904365770507
2453 82409.2648062706 66723411.7162788 -0.9002424352284848 -95.02106253824176 -38.96316066274546 0.452547969067183 -80.86576328229408 -12.801279494859273 0.02556895385066582 -8.83382946944414 1.4382464765222949
2454 82443.18456363678 66745708.619945236 -3.405043840482975 -96.47910573029698 -37.981128632314935 32.33731843301669 -54.35271629925069 -13.09907744440136 1.1913058714022782 -8.406998062238188 1.8494903184549116
2455 82478.20439839363 67065152.23796953 -7.189557984077043 -104.25040674892459 -24.579421133169028 44.99838834719112 -46.21570739967654 -1.4400934844574067 34.198689107121254 -8.249537800726955 2.354186269263664
2456 82512.48173165321 74555674.33349237 -19.37638104166768 -143.25861400406498 9.266818501832937 64.32623617926363 -35.96252600043513 4.469306641378239 86.9037665412909 39.34453762224257 56.83410550432632
2457 82546.33311462402 66707081.08824441 -1.150656234446675 -94.58000498437306 -39.00822667393063 -11.482964405463044 -93.19747746898832 -12.602260064147572 -0.40433628607240735 -8.522512773089318 2.2226187110482556
2458 82580.88672018051 66830722.91492219 -3.452942804438388 -95.93660211527467 -38.7182320046401 7.974963644886721 -72.1616161667214 -13.284668258410704 1.540967631014155 -8.335233908844543 2.1793622623738997
2459 82614.23647594452 68907922.52974746 -4.917118790981833 -102.60029787860282 -16.76455997850774 28.644170952135312 -55.368635671683364 -7.7094358673998045 18.42045401575001 4.769456183500608 17.231697049803074
2460 82647.45312094688 66576151.3484502 -1.5778945202197328 -96.11755701211028 -38.67231690263873 0.6256819418406181 -80.52473616430025 -13.595822283615064 -0.13619773060798934 -9.684379515386354 0.7175768086169683
2461 82681.13980793953 66709648.23983254 -4.2915093424114 -95.37871698750845 -38.55874683788591 -11.358037680830272 -93.00339757215065 -13.431281460607636 0.5771351734288714 -8.787073339863241 1.5264330371480241
2462 82714.83580040932 66628030.38066289 -0.9767608886325085 -96.026259557197 -38.48321342664697 8.115648499043353 -72.33247188149785 -12.938976002692357 0.020995964514440857 -9.647058021107227 0.5509467266616639
2463 82748.19881343842 66691074.98697622 -2.0580547228552355 -95.31468488884883 -38.61436110345521 0.6124392834927548 -88.10605198260343 -12.479877005356457 0.5117166675567546 -8.697670491825761 1.685896086687137
2464 82782.53861379623 66995661.274949074 -5.00655518131199 -103.34850828918204 -25.474948395946235 44.567877890045466 -46.559305554768414 -1.5814382259623017 32.175671211184635 -8.744673170895794 1.4567431407418212
2465 82816.48250412941 67133587.3347705 -8.48148726236045 -105.09159924690753 -23.758225604989534 13.841631316181644 -79.56968703128895 -1.3726098034684355 34.98808842156052 -7.892670846220483 2.7885013912326713
2466 82849.1105594635 66810414.32584412 -2.2248304469276405 -94.41643470895592 -38.006478584114994 20.334629332108417 -59.46225378400697 -12.635901716674596 -0.5043633938477114 -7.646197512685035 3.059578726178586
2467 82883.6858227253 66717148.4323203 -3.8349010533698085 -96.05220091556734 -38.2656332953703 0.7594945818321435 -80.51980878492984 -13.405393662200709 0.8424486902047761 -8.840822352255316 1.6039165997815985
2468 82917.02478766441 66635684.19518523 -3.47128956127883 -103.79260691787827 -24.05737843487389 26.105745456473567 -74.3193947111906 -0.1031156122851371 31.175134101770595 -9.728208197773597 0.5264685866195578
2469 82950.32413649559 66554744.652779736 -2.095472473495617 -95.77470782581472 -38.33343246762091 0.7935562285823465 -80.5107992369073 -13.048136051023846 0.039838612216613 -9.496571912955972 0.8125954960918875
2470 82984.2010512352 66734769.73634137 -6.344043535045994 -97.33266283462672 -37.473301482008836 -10.935759313090749 -92.70100667486798 -14.18388232176909 1.8146711366047157 -8.792802826981529 1.7631487161187351
2471 83017.660323143 66609097.933684364 -2.1809623700893077 -94.88576108532244 -39.099655833341245 7.896219449841162 -72.27813125267625 -13.056250523685662 -0.5881193109121909 -9.507381744960526 0.8530035315451983
2472 83050.61311388016 66710066.79903427 -5.0576323893267965 -97.06396622790882 -37.537134781632055 1.1754515267907664 -79.96107260247886 -13.920309052067694 1.3486354214247172 -8.76446539973307 2.032797673286666
2473 83084.70475745201 66651753.72255873 -8.548645635607143 -99.06909238599927 -36.18366958223083 21.346426742936043 -58.38634960123489 -14.198136079655114 3.8335132313713416 -9.560799569375433 0.8574606522446402
2474 83118.31180548668 66544577.526493125 -3.1670810311514916 -97.48844273137526 -37.83313606322658 13.115645008280836 -74.97302150273714 -13.244992855917303 1.6219193269226935 -9.66509496367604 0.5799230318901323
2475 83151.66865181923 66815506.94977107 -2.0347079020273213 -94.95592660726793 -39.136792629612614 0.30607136909925714 -80.94533254206826 -13.411990080651378 -0.3377622633017836 -8.06330713577978 2.4747724588195865
2476 83184.78068780899 66564826.62069342 -0.2633376220783745 -94.51756859430215 -39.195960395221526 0.2964902044839093 -88.34737062938912 -12.547363232938835 -1.244823339895163 -9.04918631987664 1.2497174067804622
2477 83217.90602183342 66652806.5903727 -5.12196088284424 -97.67578361074317 -37.26838783644008 8.864640646888589 -71.36393842996608 -13.564005406995307 1.9638186206261707 -9.197432710298244 1.4598231529184886
2478 83252.00930333138 66668361.86296078 -2.1160392728945396 -95.65606412567358 -38.42573494994921 0.6504153251206617 -80.70346228707649 -13.269241419983018 -0.3021715311365938 -8.96068624735642 1.3667451288999928
2479 83285.36513233185 67138929.88012289 -11.177951640450424 -110.66460934916982 -24.136792030498682 27.80607579733846 -51.583412159891466 -16.36179858428966 24.431443957497663 -9.222355312327693 0.9992898411501869
2480 83318.05016946793 66693694.90819974 -2.912500818277387 -95.32057852408971 -37.99930569069168 0.8054183758619544 -87.94688088872137 -13.261678101227062 -1.026142496502473 -8.171873603793813 2.3031359566385845
2481 83351.57715058327 66632380.03539079 -0.1451723047111404 -94.75472325239382 -39.33842981453434 -11.739821433328054 -93.4428052859598 -12.591819834144758 -0.3920343972669116 -9.03574007604999 1.0000380194374543
2482 83384.93696975708 66673436.70398674 -1.380348534990194 -94.9667846106647 -38.92864522121664 0.44327228417589737 -80.85401223727493 -13.12776425888751 -0.8533408059984708 -8.705056721121935 1.5709294381957761
2483 83418.1057100296 67106888.8992505 -11.380660602106124 -111.06516828674086 -24.26723850720643 27.923133556055234 -51.260501541445194 -16.407808873659917 24.99557195126249 -9.201027548076581 1.2667650375850599
2484 83451.24148654938 66585139.25569547 -1.5631810577699365 -95.4662190453509 -38.22155491199391 8.388236602529126 -71.9116405661735 -12.75203671700342 -0.22144622292967142 -9.203613312076754 1.0343452076689346
2485 83484.6717145443 66714476.539729245 -3.0017133321993867 -96.19080975416826 -38.911515798842466 -11.607517925433541 -93.25329881350052 -14.009489703047564 0.1823221646843649 -9.356037843624335 0.9538761563839557
2486 83517.36364269257 66591478.53362024 -1.8950454863197663 -94.65395887899244 -39.22061719712866 19.86249901538669 -66.98586278790962 -13.172860492299947 -0.696879790475009 -9.256427455865492 0.9896885275693421
2487 83551.5771420002 66682636.138543844 -5.43006544336213 -97.29626481660048 -37.02535301221234 -10.593048158832396 -92.56389120610613 -13.313458990948675 1.7695842674737605 -8.660581649023584 1.801860996061464
2488 83585.13542723656 66972098.63778275 -10.227711036572751 -106.65942290408208 -26.389885863532292 26.464862578104842 -62.533899649205054 -13.674833534976358 12.303442654795617 -8.760824928427098 1.4541951717728807
2489 83617.96978521347 66788372.32136848 -5.304938029209106 -95.38121079828352 -37.89298364369641 8.380317067152873 -71.8083088138134 -13.330918163335241 0.9084517393046099 -7.827931868975327 2.7812515283226276
2490 83652.04898715019 66770061.99568523 -1.4234580420780603 -95.36169527736065 -39.28180710676545 7.704294635150234 -72.31939583335127 -13.34650796966821 0.09484750900094241 -8.583776093839276 1.9212317913126071
2491 83685.19489502907 67506400.13109134 -16.63320140346388 -118.25537236349967 -10.893784875951745 71.79110675784699 -17.576082982957015 -4.856597681643052 56.65042778157704 -8.020728792756586 2.1217698445768747
2492 83718.68891215324 67036866.45759607 -3.718992680406295 -99.51597230903229 -28.087143422227783 11.664323240474374 -80.9733787542603 -2.3810209352644165 26.289100886566075 -7.877222038121715 2.5169926411377332
2493 83751.90432238579 66961608.04625989 -7.836809848354148 -104.90990178133501 -24.142007786617107 25.81132855625506 -66.9414887679769 -1.754626478220871 33.984371145844875 -8.612898846866926 1.832108371619313
2494 83784.96034622192 67268166.53700002 -14.413474325722621 -114.38678170380243 -12.534800114334857 51.32971420501681 -49.03554353462578 -2.287083000939333 43.865575329286 -8.66746034575226 1.7601970437049772
2495 83818.25051474571 66637853.896297 -5.408966785134 -97.21607979604428 -37.47753707492836 13.246900387944965 -74.7498845022204 -13.933571616119877 1.4771390513232063 -9.07494562738708 1.5048958290026349
2496 83852.57260274887 66683649.01158767 -4.449530937435366 -96.47280058657067 -37.934161525438064 8.428559450643704 -71.70779397549936 -13.702051123439617 0.5533862553735389 -8.893635932509142 1.5243425071506067
2497 83886.21122050285 67509127.26698937 -14.328091121278536 -121.37322934175549 -6.716085207001221 54.5911522935908 -36.6438180245914 -3.962241928064941 59.57886870153038 -9.387129857715706 0.7915198526654308
2498 83919.88982319832 66728909.30777626 -1.459307746307669 -94.84416020557109 -39.45723732557962 0.10730304808057411 -81.06269134527601 -13.471701250000478 -0.45408435970341543 -8.902248425970242 1.014689359717181
2499 83952.91441512108 67320162.89164418 -9.53957421925921 -109.50143945611694 -24.987782828632376 27.33868785618008 -51.960283421557364 -15.857023275172253 24.067570814432997 -8.194165605124851 2.535298629494207
2500 83986.81848597527 66679981.26708097 -4.2206437056270225 -95.61796395256088 -38.16321217628804 0.8432912203339384 -87.70348370972118 -13.590549062060404 -0.1413570113655851 -8.588531764952393 2.196420623132383
2501 84019.63733148575 67091688.33034188 -12.254024087307227 -111.20113183964536 -24.387528867562423 39.6740126057756 -46.67332121193104 -16.402592020211728 24.829458099211365 -9.30168885500916 0.6681428974287655
2502 84052.58372092247 66734002.30783486 -6.115029091623077 -97.49963550064875 -37.071056832347935 -10.611162391727284 -92.34527709941973 -13.997405789860238 1.8981666658236804 -8.654629509738072 1.7339140592293916
2503 84085.6480281353 66842059.201094165 -6.686886533058278 -100.48261745441363 -33.18960012600524 3.3510109510886963 -85.59406034032628 -13.882447757507578 4.525077044446391 -8.650685922383218 1.6997278388149084
2504 84118.66471910477 66863301.60532698 -2.209804356133855 -95.04940458003149 -39.43017470037018 7.545035151250282 -72.55420575834846 -13.847950839687144 -0.002292033735386667 -8.308626572205753 1.8529126671955964
2505 84152.73217010498 66584633.66250997 -1.6508704814648247 -95.33958550452266 -38.70083475532147 -11.356582990245116 -93.01407554678788 -13.188288544844738 -0.6250980744070489 -9.313980629389732 1.179477479391835
2506 84186.6240041256 66787001.60286619 -2.438259697120847 -98.65769043268249 -34.52117882282075 22.238936852229415 -57.6115030571817 -12.974560949605632 3.6404710531427327 -9.059103984703597 0.8851354158326217
2507 84220.43384408951 68784145.65396932 -4.668150800032841 -100.16988269829592 -18.32290803053133 16.996414542116764 -80.61416083218573 -10.059146316572821 7.97412887835651 7.114991469348865 19.816228861745003
2508 84253.14246273041 66718823.71698155 -2.525765235460341 -96.18359952096063 -38.619321318464635 0.6490798176945489 -80.44595351780694 -13.874050263605739 0.001115284934940064 -8.752156541471834 1.7043505342273875
2509 84286.12774324417 66858333.18082334 -6.726020604322324 -96.71726060455623 -37.98232515905426 8.215957683413727 -71.59526317606797 -14.434082722909864 2.287742807869506 -8.903857997615091 1.1987714901726463
2510 84318.75955605507 66762577.30698517 -1.56455802729886 -95.18886711301056 -39.601566518392104 19.54983821885091 -59.77749381502361 -13.88385780383095 -0.404376828897 -8.8332311697975 1.5236637651361775
2511 84351.60631895065 66887047.94654309 -2.042381647549906 -98.00187599361831 -35.2188034000018 2.386830091618755 -78.99862401311786 -13.260374193255245 2.967160121243637 -8.554971747636898 1.780419137115416
2512 84385.68584609032 66797068.0148508 -3.997652868023291 -96.15253333220856 -38.47550967836988 8.232060646559773 -71.91055246732672 -13.891689835148384 0.6994348345596109 -8.655699751532438 1.8845601701326586
2513 84418.96907496452 67219013.7885065 -12.657802420456072 -113.505584979005 -20.627592483216645 41.674491074261475 -44.8968423178098 -16.421091130849447 26.5345481674442 -8.968300311439407 1.2552819255083705
2514 84451.55553889275 66831784.7943002 -0.8997510663598369 -94.44742627617075 -39.89364252448354 -12.05992336434452 -93.55883855963187 -13.54443622929341 -0.9212149053004737 -8.244768189949468 2.3328576755769745
2515 84484.8326792717 66628917.72626417 -6.209245025822545 -98.00012429513592 -36.81136399942502 1.525889317035805 -79.86268946415525 -14.58025883351246 1.0088761932891543 -9.066359203867819 1.302588319382096
2516 84518.5156891346 66632499.77681508 -4.222502569608578 -97.64934887132166 -37.578686781643306 -10.79963149441894 -92.58365296877163 -13.677978000832923 1.6262870965184675 -9.386664585458675 0.8865649379125102
2517 84552.23438382149 66644326.75170367 -0.6796552898678492 -95.64086927666251 -39.06937240121718 0.4211060619180671 -80.82704655061845 -13.456321666014674 -0.8170840260203249 -9.195134222955915 1.1796146503004934
2518 84585.47135734558 67231642.97619072 -10.748928356303818 -109.23010407178995 -25.6840921485799 46.58252204520916 -30.857456355173454 -16.973689058333832 22.85882493341603 -8.402100880587284 2.089969345949669
2519 84618.44001817703 66818501.51155916 -0.787034462963236 -92.95044673935439 -40.81189844451823 6.922371024476774 -72.80110225677709 -13.534369285307662 -1.8901407332583062 -8.231706514469977 2.1218980906144793
2520 84651.65280079842 66850326.05977384 -1.035133380095198 -97.82438375045858 -35.28848577994612 21.88996816671071 -65.33440483779046 -12.911824280995518 2.039378440848168 -8.58715615377838 2.005573657401669
2521 84685.50512599945 66723945.10461062 -3.029996700324686 -96.57309592985001 -37.96421852916931 0.9854755242279083 -80.22188654392042 -13.434028720308277 0.9387701738983196 -9.15318094050781 1.2208394479506524
2522 84718.1024916172 66821967.49038563 -3.439171005845351 -95.96056063923625 -38.37902546044967 0.7395711440666446 -80.32658580619764 -13.91202590529275 0.36498330851270566 -8.55911017946147 2.161341455026502
2523 84751.92990899086 66754195.73353378 -3.2356635638251454 -96.34509939208266 -38.73430388650269 -11.450283010183455 -92.96840695117152 -13.532542596495603 1.601926974942728 -8.881261046727161 1.4240136477284864
2524 84785.23440527916 66533276.31530203 -2.487358354279813 -96.50587040251247 -37.12081914765586 1.3664227498199537 -87.44801496244413 -12.86374452697197 -0.10320511093055984 -8.94883101943276 1.8013891491262939
2525 84818.23351192474 66661275.839947045 -0.70497887222208 -95.00957209148058 -39.30184543101304 0.35852925523563783 -80.72643502081472 -13.139026127604495 -0.6658369605807479 -9.00201707485553 1.2699455665400023
2526 84851.48054480553 66696576.41104434 -2.531859518455816 -95.29780544574788 -38.89408193829523 -11.501460920760508 -93.00359680232894 -13.83268910796528 -0.7017602728967631 -8.747613047938785 1.6876423697929681
2527 84884.89675974846 66749206.93109804 -3.0882703414644137 -96.69738666783212 -37.64130473489093 1.300160869624115 -79.8666957000923 -13.478150829734261 1.1052278221325196 -8.638264671920808 1.8063135042125396
2528 84918.05369567871 66705203.87382674 -8.525764744419218 -102.32398836771006 -31.736483345928285 35.7605844415523 -54.39526266340308 -13.882500866641863 6.774085972972955 -9.327009482493736 0.8083929457809518
2529 84951.05864238739 66810141.375419565 -1.9796384643895735 -95.8089312446336 -38.86896644004146 0.5025338377276185 -80.63370647480316 -13.51060272924201 0.24626244232320005 -8.002374291478475 2.685568620840911
2530 84984.60479617119 66634726.60254977 -2.1470200743108414 -95.78934195944574 -38.85910140173961 0.48263633412936713 -80.52139701017308 -13.73328972546102 -0.06096306668615625 -9.061914508109737 1.2609051514162957
2531 85017.73371171951 66589943.65217523 -0.11762449634824712 -94.93092192637619 -39.433457067501884 0.2326817865322468 -80.85575855587551 -13.192756339628431 -1.3392042700313027 -9.431506936297922 0.8577220031644401
2532 85051.87731766701 66769004.199892774 -5.494668264748896 -95.97467855391116 -38.295022490378834 -11.399222815874943 -93.00281234651962 -14.309975123407526 0.5271566530253722 -8.761484205772149 1.3208831855911853
2533 85085.74638175964 68873937.08666396 -3.7396935116243313 -102.98555431080396 -15.749798495867722 17.15490690055928 -67.45279619265146 -7.162651214334062 18.441433138247703 4.8861392099269665 17.334291841580807
2534 85119.22832918167 66829114.873511195 -3.382065963824653 -103.16435938725313 -25.317302611872336 25.362890735015053 -67.32636896915051 -1.2878588853241126 30.999112760199182 -9.186333451964344 1.3966851447000863
2535 85152.56530022621 66802832.300142884 -2.233310920661621 -98.0270461995751 -34.992606936998946 2.526709784977193 -78.76707372120886 -13.140649307089575 2.9583635784762237 -9.14755106305222 0.9893603196865115
2536 85185.68928813934 66726501.20260714 -0.6034461885694302 -95.28891964040031 -39.35561411064526 -11.705277504905823 -93.32311239775512 -13.429633953708105 -0.644706995315687 -8.890004226128667 1.5963234741422525
2537 85218.76131129265 66667841.88981762 -3.8005518647235252 -95.78965250302983 -38.9921500755324 7.8766875411648485 -71.92534881818962 -14.053221400600592 0.18026087168522054 -9.246188146565942 0.8559874116539277
2538 85252.6579349041 66599681.77670128 -0.3416898747431034 -95.11790477126284 -38.66351041076391 0.6993944449016425 -80.60212602439276 -12.947462843233723 -1.1954033609418957 -8.89224143276175 1.5616739084771893
2539 85286.23601579666 74191670.82735324 -9.42976396055992 -130.5462220949953 -3.28879272696863 41.527069154790894 -41.91414569135213 5.478800346587491 73.51000343395378 38.648189282696535 56.0731217388402
2540 85319.34492588043 73757067.25179952 -10.247571758262314 -130.56442863509454 -4.980156261316729 33.55434797496998 -50.87194654395676 3.508342102496613 70.21030164445187 35.714589811629025 52.560099981879034
2541 85353.47597718239 66511975.271317884 -0.40237992021704727 -95.9041925165442 -38.95504044304656 0.6223107964759933 -80.42532849434464 -13.657340715500425 -0.9203884054061291 -10.120114385414979 0.2943940438912023
2542 85386.6051979065 66836996.470585056 -4.32084771151097 -104.19879046394703 -25.736500874112544 25.053197656889637 -67.41417004867617 -1.9453870361722352 32.105591163405734 -9.735152546747145 0.5569507715290456
2543 85420.80538702011 66625542.49513834 -3.0786048821889107 -96.6477461342584 -38.24467155178102 0.7105022698692522 -80.40921575657384 -13.849414886476495 0.37449334372746534 -9.148030631970414 1.5541421464251357
2544 85453.83440375328 76357113.5013318 -13.881590607152784 -138.84243490434997 19.484349498856282 50.53384609245321 -37.29283988136811 10.643194544505434 92.50778821953475 52.61840802324048 71.90265257171416
2545 85487.28599619865 66844005.126866795 -5.760347975247457 -103.63825187727203 -25.22411750928289 25.340653255107693 -67.22582160563226 -1.7864571654664587 32.03509925980768 -9.267339510359875 1.2259025098063034
2546 85520.2324347496 66789577.877039626 -2.309038237722392 -95.93175055470105 -38.57860186919856 8.184804480028788 -71.95409942643163 -13.254112178825949 0.25441056528222816 -8.408795818792271 2.18957660458733
2547 85554.530803442 68786887.11392206 -5.788251302133503 -102.0665422952314 -17.903978296660924 28.092524760143064 -55.83605524583077 -7.930610911176473 15.279045631601889 4.489266060188811 16.558103750398118
2548 85587.91131067276 74373786.66096997 -9.232568581226431 -133.3299632358634 0.4150271861916863 24.034396271963267 -61.44360521178964 6.313683189507742 77.0342209006194 39.55257287117604 56.620514479907456
2549 85621.22027850151 66945684.26578449 -4.132393499975173 -102.52759470353705 -25.602904451009444 13.160301046794473 -80.04136292497078 -1.2263525659913057 30.858048855304105 -8.31462499124541 2.0493781518177343
2550 85654.63111782074 66733026.6906723 -2.365993557156841 -95.81754647984013 -38.60821136336871 20.24869027389779 -59.12403367280842 -14.031602552815627 -0.3188567705970513 -8.647718741307301 1.7235026583264812
2551 85687.99148797989 66518903.30227493 -2.4797043872344293 -96.14987308858252 -37.95573189303612 12.99255033418007 -74.89292955509168 -13.668133866749713 -0.5798133034676312 -9.680583029228615 0.8390149636899196
2552 85721.11691689491 66732658.552203625 -4.210083136289402 -99.59105095135257 -33.04057999566214 23.1338850695258 -67.42982628739456 -12.953039893077573 3.976093443775085 -8.680750634085086 1.4397373426516538
2553 85754.57857322693 66597899.49382638 -3.179313286274059 -97.41223514014658 -38.043292449751824 1.055552439480394 -87.36085359547336 -14.140176240801622 0.499334820938941 -9.539808340462741 0.8119246160158013
2554 85788.29450511932 66601573.430987075 -0.36965941011079195 -95.92902545798314 -38.594073820619876 0.8396435076122231 -80.30354453013454 -12.923192445434836 0.04434551891387173 -9.063424971649681 1.644893399601358
2555 85821.1725230217 73820052.24270478 -8.500828305575132 -130.05914732470592 -5.377743317921315 33.372736398477414 -58.51780125553148 4.172828934442464 70.01450110167502 36.05591970861644 52.82096694756956
2556 85854.2633998394 66828002.574699916 -5.022392642116742 -96.70708706102171 -37.95189189302114 0.9290297631838982 -79.93884128629793 -14.196689253717409 1.4278286226612522 -7.956764206743912 2.819487695996372
2557 85887.54635620117 66748940.7934263 -3.746640837836919 -99.67671910698631 -33.20222397410405 34.988898226802206 -55.02189473377035 -13.502067857609404 3.4972658657611078 -8.56374771869099 1.8297058344612651
2558 85921.22302341461 66458779.48024742 -4.389674591947845 -97.35433516248789 -37.92249958641117 1.047978426839876 -87.17882130996573 -14.196312086077853 0.6771738188832046 -10.320542771933674 -0.08299847542383532
2559 85954.40186214447 73950163.71825665 -10.779522491015598 -131.29860592542155 -3.811480057827282 45.87362793218758 -45.44362442229535 3.8668476576808075 71.8671677033235 37.42481474211286 54.42548547650949
2560 85988.9144051075 66587332.21609624 -2.680548766638264 -96.9631308076025 -38.22684485641088 20.4254273382455 -58.95854256780326 -14.101495639523193 0.46136210928989385 -9.544819452294632 0.9036580081537409
2561 86023.07093572617 66663465.733846255 -2.5314201151924607 -95.71110967885338 -38.73258875543183 -11.441120806289021 -93.03035246417448 -13.719894311512064 -0.4581012682485266 -9.338684488226647 0.9745851381634338
2562 86057.7090268135 66814853.863794155 -7.81912724137085 -100.81953597311576 -32.570196044164355 23.149021265822835 -64.00576181232915 -13.962462820718883 5.531851001794848 -8.631700862225046 1.4510815513435773
2563 86092.12263417244 66830958.22264229 -4.815412609008858 -104.3614848536843 -25.50442037635544 25.25961209696789 -74.59528731584886 -1.612755782794693 32.376529734565906 -9.68350284267973 0.6999522208724898
2564 86126.0499253273 66717206.40619099 -1.1869615656861114 -98.00089760817671 -34.31001963133412 10.499207096601829 -73.2693832647724 -12.211394820155192 2.9039571981616064 -9.075951333195917 0.9734318382789411
2565 86160.34153747559 66692317.616945334 -12.440363064576594 -108.80824016555276 -24.63232070401905 20.054825577626854 -77.21910163516957 -14.704150303343397 12.14613789444877 -10.37857378854892 -0.09674093643286596
2566 86195.1496899128 66853174.40916724 -4.314100478382548 -102.84103081693507 -25.740599154689626 13.160009175575077 -79.90157035929302 -1.4381364986415974 31.21724349595013 -9.52610699448519 0.7819298127945444
2567 86229.63699507713 74105106.28777894 -7.489779603342022 -129.49319329168748 -4.222068097562229 21.650166167640748 -63.361622553577305 5.571349920597413 71.59361372462513 38.680887023770424 56.24506678749424
2568 86264.39636349678 66588762.68863846 -4.126886662025095 -98.07890418387122 -37.91123193323103 -10.944459152888143 -92.53150154415498 -14.168248250183808 1.5469352682306408 -9.75922508085472 0.6875284063915501
2569 86300.54649114609 66680829.27456326 -5.483524126460571 -100.80266994956658 -33.805930435113204 3.1258541328047613 -78.04027222266988 -14.074399022637863 5.252791577549488 -10.247705526515915 -0.1364844001021197
2570 86334.08885335922 73927327.54885414 -9.7920924525597 -130.65585524844536 -3.4257469529192264 34.302445766622164 -57.58482719445292 5.373096102883096 72.10086838580537 37.551303522254784 55.16056309376336
2571 86367.66184449196 66468527.825419664 -3.5605237094203 -95.97407768165309 -37.42320083412257 1.4680243536467117 -87.06672840933037 -12.477202695225287 0.9623831693832017 -9.900222596926312 0.15670478254185127
2572 86400.9268193245 66464597.85857076 -6.908642214348154 -98.75542494892684 -36.75370260743382 33.141314340805685 -53.38409872564763 -14.573814545018763 1.9917275101357177 -10.1411231466775 -0.2122677257372061
2573 86434.8751244545 66702540.65592738 -5.0796596473256415 -96.93365203545568 -37.77014660293172 -11.012503244716406 -92.64446832101724 -14.277576595175276 0.902402448817611 -8.781524825833628 1.5826181400205996
2574 86468.87978076935 66421343.40452239 -1.9163514039251783 -95.8538320070689 -38.76504514291563 0.6616793063043716 -87.86446159627606 -13.531751689406747 -1.1082852846024593 -10.120861329513048 0.03572589424754824
2575 86502.93242955208 66556588.50814335 -0.36605213949911786 -95.26231136388692 -39.44936299529735 -11.692894525080256 -93.25348052711757 -13.072408147690453 -0.4100350960229662 -9.794175878396345 0.25006108088530254
2576 86536.82395792007 66498839.24264069 -4.072368963780912 -96.74089442947997 -37.90778189587154 1.0578074058230058 -87.38482956012949 -13.561522688796288 1.0777568406552973 -10.112161303779487 0.12467738082398228
2577 86570.71760582924 66636531.367002726 -3.49116118758813 -95.37480867673325 -38.7126280190798 0.6941993079211883 -87.57743137613193 -13.453668673944662 -0.029898337638826433 -8.943383065822786 1.5948775793982009
2578 86604.3475086689 66505565.77665114 -2.7936301826200207 -97.33339957262052 -37.26557662951117 -10.48183095821728 -92.275875397925 -12.881322192593302 1.672359605368058 -10.349220738564497 -0.16191003054325392
2579 86638.090123415 66529530.49192118 -2.6515879037909826 -97.1636465400568 -37.96555396016728 1.13728323108338 -87.23877646492582 -13.344964243666993 1.1290080039336203 -9.781778353657103 0.6718587600738601
2580 86672.45500993729 74458813.52883063 -12.841568904939507 -131.906929329799 -1.9623094538722654 22.391625341101633 -62.4805631274447 5.746484631887199 77.23205922287798 41.19864394980266 58.82883683959278
2581 86706.82737064362 66556237.63987541 -3.3891781744433516 -96.76205459537887 -37.938615517527666 13.126055331846182 -74.71838968630858 -13.287198073230797 1.5118066610488086 -9.457164740635108 1.0166350714198984
2582 86741.16368293762 74379354.67086846 -14.667932480555752 -132.8386106704904 -1.6684319702727848 22.72907643938647 -62.326818628681366 4.917072204255703 77.2682067942543 40.070046328120156 57.89351485677332
2583 86775.24679899216 66578968.30690318 -2.127081990642983 -95.85614009381489 -38.96677027128533 -11.48445998594162 -93.02892850404125 -13.504844901174977 0.10390893598906814 -9.856497354798023 0.2112017380465545
2584 86809.6723306179 66751200.59822832 -3.9816071387811434 -100.09580135340947 -34.69357663779866 -9.269016073086036 -90.8878135167732 -13.791852458974347 4.784718583083816 -10.030074356433659 0.19801666920210437
2585 86843.41697502136 66575205.40835489 -2.7213576518989147 -95.86123021323992 -38.85271352844905 0.5595295832547222 -87.64680389299629 -13.647370905329183 0.38868525205293736 -9.892725391892782 0.46634622796977965
2586 86877.39059305191 66518701.92461357 -4.421797750762012 -97.75212225469588 -37.9919266302777 0.923688679118662 -87.45488255586848 -14.100296840004887 1.6674515956783011 -10.365391244120246 -0.4501971770470732
2587 86911.2980287075 66553642.20594864 -2.3928834035787876 -96.68631139890236 -38.763388688736626 -11.447726188894428 -92.89580854868774 -13.984319519431779 0.19524851102016783 -10.058779465739121 0.20053420899489538
2588 86944.54899144173 66691337.86404348 -5.798937269500714 -100.12300440003705 -33.58642991298008 3.342004608773827 -85.25861260926749 -13.479616642441442 5.11063663351473 -9.749544842330465 0.24243039274068678
2589 86978.40848827362 66558498.988523 -4.469509558260233 -97.35301491198103 -37.99096571776526 1.0044908298427302 -87.34393274963753 -13.761627049995013 2.0830699063666316 -9.844315818304096 0.35005034637998733
2590 87013.07068133354 66662936.56392622 -2.007897349209209 -95.32415653476677 -38.99680657785072 0.5527100219399301 -87.90058829987333 -13.026892776352156 0.022805166711293623 -8.970801618869586 1.603181463635451
2591 87048.54571676254 66554633.007668056 -1.2007870346678118 -95.0473000038951 -39.163752634661556 -11.595693138477877 -93.20761794732323 -12.973345253800971 -0.3046278009232992 -9.664536796052687 0.7112559732985915
2592 87085.9150390625 66817876.7482698 -5.557917190533191 -100.42728117451448 -33.67079368294938 -8.851153363278286 -90.81176709332475 -13.898583587748078 4.667805460404395 -9.185888746028127 1.12620677176767
2593 87121.4264948368 66623567.93243817 -5.92804094233138 -97.80372927236677 -37.68318731167313 -10.870913013021912 -92.34611175105394 -14.693617845081064 1.797495037255885 -9.78183674233378 0.7576281994044507
2594 87156.44493794441 66752823.18069133 -7.178285568719808 -105.67998732019348 -27.25286718138257 18.686038431708944 -78.46847529762613 -13.547509781986264 9.64224680785594 -9.925829208681364 0.3875754691571842
2595 87191.6444849968 66556371.63688371 -2.781534561583051 -97.07764033591073 -38.473971356491674 0.8624721262218742 -87.58867198250876 -13.661609666302354 0.8821900312602793 -9.486806381762506 0.8532853920792149
2596 87225.12815475464 66790773.51638102 -3.334411846457961 -99.08924479155246 -34.12032594645367 10.66262904371267 -72.88196699255161 -12.657441310271338 4.795378529115283 -9.111619220761554 1.1172886732259713
2597 87259.93808364868 66467297.033734754 -3.036849520599567 -96.71912866723011 -38.3935435606533 0.9150168690969949 -87.46344927407155 -13.608821158380408 0.5604244989476115 -10.379412225757449 -0.11399255993040924
2598 87294.24944829941 66398935.25280154 -4.281133954456015 -98.18166227640458 -37.29114835851969 1.5375081601902423 -86.85280891425387 -14.087930245827806 1.558220502367874 -10.697771938746712 -0.5352475983732461
2599 87328.39212036133 66683057.21899729 -5.550946579740581 -98.0312384536199 -37.52780308218611 1.1345612542639216 -79.92339828018379 -14.30938903833561 2.4205797274807423 -9.17448680155519 1.0027852602042344
2600 87360.94026827812 66602685.048000954 -0.19438154501856708 -95.33611226447854 -39.73497222499652 -11.89796660267968 -93.44620009590446 -13.217412958968168 -0.605767381348187 -9.573896955740452 0.6212758888675012
2601 87395.26792836189 66718000.57965392 -5.429672216254394 -97.19392495485127 -38.238803215961326 0.7811879927751733 -80.1152843422133 -14.508981164505713 1.6652934732690596 -8.916852379771228 1.611896287271577
2602 87429.4463956356 66578570.09891875 -4.207350038155825 -97.15676280560052 -37.95898902507281 13.005583679562719 -74.8302071539998 -13.79390419119568 1.2389704996487012 -9.475235583382357 0.793644516073357
2603 87463.35466241837 66496503.960050754 -3.1336980612212315 -97.44982823529746 -37.863940438465654 1.096774225936585 -87.34171162835419 -13.552052412215687 1.2998888204389232 -10.013212409662344 -0.011140324954851621
2604 87497.07808923721 66599372.324724875 -3.035443536238109 -96.52480595838384 -38.78432044637101 0.6458732530540416 -87.54270338062419 -13.698759540625929 0.984914037475562 -9.380864875700297 1.0544763569224642
2605 87531.66048359871 66545063.84472199 -4.9544279334468975 -98.45849260614465 -37.55769363944811 -10.75131117626183 -92.27367644923496 -14.264182792633221 2.075089970181807 -9.937455416656178 0.5026831659181994
2606 87565.88864827156 66524056.62682952 -4.244564301120299 -97.04820993086985 -37.89975300645101 1.0550326107539973 -87.38991009507893 -13.649637097090874 0.8424763225336278 -9.681798024148236 0.715503234529308
2607 87600.74092960358 66775012.50632871 -5.255742293088918 -99.98652326101418 -34.50497515750002 2.7876609049043566 -85.85552340703165 -13.939989055518083 4.135931046739984 -9.520075685190307 0.7895428350370253
2608 87634.5210928917 66693069.291282766 -3.422015297650084 -105.1762260808139 -28.138960953698927 18.379794048951325 -71.31807022786099 -13.09138025098099 8.685462549797194 -9.839647895333712 0.304296930165151
2609 87667.79895758629 66667135.9478328 -6.328847771526744 -98.17886477871582 -37.12017808060439 -10.46968321174824 -92.03244556520261 -14.035935361043244 2.4465424435397836 -9.379861889173185 1.24590000130695
2610 87701.12402772903 66486297.591555886 -1.8171607790009467 -96.026312206393 -38.355844773230274 0.9458800357140689 -87.43798723094714 -13.263424769711946 -0.5759391943956871 -9.826698284271743 0.725902398492849
2611 87734.19902563095 67159002.97796416 -6.640901644288176 -101.279418665424 -30.56243651092101 17.219820021214684 -80.15476526268947 -13.61520328872956 4.770583658537248 -6.423922978455778 4.323473367757913
2612 87767.63667058945 66626298.60899447 -4.397151576364411 -96.56793397623454 -38.657386452054396 -11.366752843886985 -92.84986466285193 -13.767785512930345 1.4366484972714488 -9.908226648903053 0.23918440944078156
2613 87801.50084066391 66650173.21783329 -5.267270612560068 -99.45637848133616 -36.411056213330625 21.337171637212812 -65.16425740977503 -14.377016899704017 5.2889484768693364 -9.88428959670756 0.5879666321973218
2614 87835.65576767921 66862651.82165333 -7.559003329172603 -104.1588058958338 -33.17607523314433 3.560523885578327 -85.26921951534625 -15.332036254224533 5.861625408721693 -8.966082112944491 1.357818497768335
2615 87870.70331335068 66538199.5260979 -2.631639787820962 -95.797185443884 -38.941128249884066 0.5674332554345014 -87.80536499997598 -13.526389517467578 -0.2524075626055833 -9.657479226300609 0.6602569589759355
2616 87904.3315808773 66726815.2316506 -1.764590029286067 -97.5111005648672 -36.878522168059455 9.132121748059383 -70.75727490487678 -12.972245941813185 4.910983215573538 -9.419450105584133 0.772955082173155
2617 87938.19610595703 66646863.44951224 -8.54703487190836 -107.31854898820731 -26.648931828710154 38.459143873334256 -57.12930314846825 -13.899327759791618 10.859996630536273 -10.493414252365369 -0.5213696668488979
2618 87972.58888173103 66471022.197119154 -0.3061323964960838 -96.2966544300358 -39.51937364376638 0.21299086291671188 -88.12126237286556 -13.445778753949526 -0.07780335138494365 -10.354436466810228 -0.662449356994955
2619 88006.34169268608 66762274.3640131 -4.268093561001919 -100.01303591767008 -33.88921464289922 -8.906800533962297 -90.73919944107426 -13.352943754104786 4.749018495645998 -9.451289587817143 0.9103757212688492
2620 88040.07428956032 66740536.53466738 -8.512986751920524 -106.81495697185413 -26.941422100446886 30.794457693673454 -65.69401688599056 -14.336903576734755 10.24063596415175 -9.742368199727423 0.5181653665693489
2621 88073.45450854301 66549005.609299034 -3.954296455164739 -96.96860419018829 -38.14153232392244 -11.173846522356882 -92.82783818483368 -14.188402857708354 0.4344493227581552 -9.95527247782752 0.19934458358363827
2622 88107.18307733536 66471488.22472938 -0.9681737024643002 -94.87851006982571 -39.398042197211204 0.40333808604037813 -88.03708598168868 -12.79603358102662 -0.8488957949903693 -10.043544323606056 0.18772635232062385
2623 88141.4301109314 68437350.47051989 -6.301408890497445 -102.33162418643113 -18.837686916407733 29.1126873997408 -75.02998119061873 -10.529660703250102 9.517875022256817 4.293564840479746 16.256443815098123
2624 88175.13651895523 66728959.94156907 -4.419582063550759 -103.81301865047685 -25.702763341716846 25.17964934649707 -74.64444992853812 -1.1738987959301994 32.28844596398403 -10.316246013118985 -0.3290138192058407
2625 88208.09532809258 66518908.391756155 -1.4999082952761036 -96.23049308395709 -39.122208877732625 0.45614796041616046 -87.91851267781972 -13.277533691615076 0.3524891832663002 -9.891529562110918 0.10345970623529865
2626 88241.20049071312 66714037.45793882 -0.8449286742937048 -95.27943048339186 -39.90280294036266 7.553227883636509 -72.33072827955945 -13.480242579706271 -0.1246697213113066 -8.920225383330148 1.156557041499127
2627 88275.26580882072 66600692.62501677 -6.553337704111646 -98.28131350981026 -37.32940793288356 -10.763856321011346 -92.21526923002487 -14.286223049018247 2.7285357556459644 -10.079688814356189 0.22153996374197504
2628 88309.08714413643 66500259.08844512 -0.8116551171149684 -94.07858222506665 -39.76700500996017 -11.802368154118682 -93.14899701428081 -13.072017248441 -1.684950818295306 -9.765643371488807 0.6040740262157556
2629 88343.36415433884 66522016.918243155 -5.208202071194917 -98.06297501029538 -37.884442937066844 1.0581981508587788 -87.24374000850658 -14.48696665767443 1.449083107654019 -10.129602133429614 0.10489368883213501
2630 88378.52355384827 66634105.67818331 -0.9137281242008193 -96.14406546477498 -38.87745264956362 -11.44002154582229 -93.08176514689472 -12.776012776559526 0.6076050906129922 -8.998733860390814 1.4098154995419918
2631 88413.47192335129 66566534.05285751 -4.522602080026331 -98.0818869194478 -37.925217464282404 12.978308367263228 -74.89404732338565 -14.596529544272187 1.0815815907199635 -9.741753108637795 0.6032736065956783
2632 88447.69768357277 66595639.25718331 -3.958203901275432 -96.80298276833523 -37.90657806680358 0.9275839743792318 -87.61464049435183 -13.605878243475217 0.7669657674690598 -9.287426158555775 1.2422922306940904
2633 88479.8279850483 66960276.98231384 -11.678793377463759 -110.35139983194973 -25.532585357191103 39.21754392075309 -46.8788650039229 -17.309760730405458 22.68399426747112 -9.76393250048477 0.2965955409543426
2634 88512.07504630089 66375114.216751345 -0.3873241137472654 -94.99966559802084 -39.12386591273735 0.578978662309396 -87.90220178035602 -12.668011608096663 -1.1214343170510688 -10.244053988197606 -0.08931820139315505
2635 88545.3558087349 66490067.85081323 -0.6987749022108218 -96.16505128415942 -38.480364323877964 0.8436721424986118 -87.73743880513489 -12.734409167698743 -0.2818929924561644 -9.678431266525081 0.7479988802415392
2636 88578.14241814613 66761766.71208661 -6.427137745392834 -103.9692475093011 -24.893835614061707 25.623469819956913 -74.21648589465946 -1.2185904213072831 32.834802603889216 -9.632997517181366 0.7365945294456537
2637 88611.26005029678 66487895.03513844 -2.698125105874418 -96.12088592482907 -39.32982206763215 19.816298702321898 -66.63758540940633 -13.96103691087626 0.34238378306133654 -10.295848214274372 -0.00402336861054664
2638 88644.66721844673 66454020.51568929 -0.43289692148928793 -95.1458233682401 -39.114965476421446 -11.49449554636466 -93.10839738726946 -13.119559090291546 -1.6037963635596384 -10.296818022486775 0.20370744445341415
2639 88677.56767845154 66462155.765115336 -0.3413910531758031 -95.54761411097559 -39.66403380723231 0.26977683549360876 -88.08822268136306 -13.38653973902035 -1.3449884774326506 -10.357129174209547 -0.38171523695456244
2640 88710.18504738808 66557911.86143239 -5.256840774842173 -97.14739903932511 -37.95161236046101 1.0440769297981376 -87.36982379992644 -13.757526875376072 1.4474561472232494 -9.640566510630322 0.4230660879152879
2641 88742.39660334587 68483702.12481868 -2.2490685205743723 -99.80096843372347 -19.752538960385998 16.595103873173226 -80.7217941185249 -10.014962358095488 6.648368788760422 4.8255518570693425 17.1124121575059
2642 88773.47569823265 66727090.535681106 -3.820684605547317 -96.6291621735634 -38.64883544492339 -11.314770176218758 -92.92327638398052 -13.62848216291701 1.2904563986211315 -8.951408401975243 1.30180463615784
2643 88803.27883172035 66564172.72742709 -2.2913969973297696 -96.23859215219792 -38.74082361442606 0.7421925581921585 -87.65654232670015 -13.345996428741614 0.245079728741473 -9.501935768999715 0.7609685628655143
2644 88836.03524661064 66674667.5767594 -4.28460830758169 -95.95644606148171 -38.7543071494319 -11.303523932660276 -92.78640453852195 -13.683388801363208 0.7051312057088239 -9.356331288646345 1.1827023259475595
2645 88867.55098176003 66458143.21645908 -1.634091179762061 -96.45106096084352 -38.6766591296526 0.8341112274001645 -87.51268472105136 -13.282549988090409 -0.20429862289222456 -10.041374648145563 0.17030680789883945
2646 88902.03361487389 66991797.77028092 -2.7091527204577464 -98.45839898435517 -32.166175147614176 16.473872474659043 -81.02300561972079 -12.260232428948939 2.0538396386160684 -6.721034019338788 4.028989404212609
2647 88935.12941002846 66930533.67657991 -5.30875020609094 -108.47525092992127 -27.11119269984149 38.53332253597053 -47.53277146029119 -15.664401836448974 21.17428127607627 -9.824320664860124 0.36331726080112503
2648 88968.71829795837 66491967.52264649 -2.6743359288459736 -97.10716496575381 -38.573808913235105 0.6994841348473244 -87.75316128612258 -13.66328056774887 0.4665272172691175 -9.926437298013184 0.19762273902904326
2649 89002.18359708786 66604831.347473465 -2.1819378981034596 -97.21699199708529 -38.47369036587188 0.8606339162161518 -87.55891160033933 -13.359747047599683 1.2383956608651374 -9.320282556118059 0.8812428015630758
2650 89036.06624603271 66427712.77776134 -0.6206900734194729 -95.49705714330165 -39.13921507761126 0.5495932460317121 -87.92124476339387 -12.463399967907435 -0.1616460929024015 -10.32861821289157 -0.2743547236782433
2651 89069.98119139671 66477114.48239195 -1.4983674629987753 -96.21851220739119 -39.128743620986526 0.5359156285596001 -87.71381945026982 -13.36538145983468 0.4281192023959761 -10.742639339937341 -0.6049083590582995
2652 89103.57717132568 66331264.77278873 -0.13584676788772043 -95.98335394211482 -37.78906163673251 1.3947447536169477 -87.47808798347754 -12.138076339055033 -1.1320137356183295 -10.033771324751797 0.3888477757731721
2653 89137.04366183281 66539059.68140937 -1.2784911715567624 -96.62765062363508 -38.79973006569027 0.6733630077674064 -87.79770593054579 -12.890731930269851 0.7619820932767425 -9.74902656487103 0.34497455598312854
2654 89170.86870884895 66553201.212873966 -1.7768727871104542 -95.77808854681045 -38.91709200858832 0.5189578478168926 -87.98246399856508 -12.829577521356953 -0.14071090609320436 -9.511804519132625 0.8497816443387478
2655 89204.49002313614 66501821.336834766 -4.628463623541762 -98.0383408181249 -37.42886547765004 1.435678320805799 -87.19487454496269 -13.199449500920423 2.0853087392833345 -10.009048922687953 0.3747733541041498
2656 89237.80896544456 66516451.757752396 -0.7172453605996143 -95.38582287964137 -39.240564460238254 0.5992235790119409 -87.6543172675898 -12.417966351348355 -0.02350889390760358 -9.547133767090997 0.8552563501683039
2657 89271.19163393974 66531436.871971585 -3.275942146593941 -97.20141303951078 -38.18487219658797 0.9887068422393739 -87.4821829913166 -13.227238001793637 1.7123972795224063 -10.033352592477115 0.14374339511283551
2658 89304.2522945404 66463332.92065736 -2.7159684671010353 -97.72051743325868 -37.7509588336911 1.155707159798034 -87.35964571527299 -13.395457961909756 0.847629396402283 -10.159830818604291 0.18851692311346824
2659 89337.7246325016 66578264.89570747 -4.398858576089076 -102.65723590492796 -34.14031526981225 15.200006372197794 -80.27061405462315 -14.200369764938955 3.986148120009034 -9.771276411937833 0.5757410005861061
2660 89370.90799045563 66354658.47678417 -0.5548515535709679 -95.5192180550194 -39.2939566400321 0.5412016703971432 -87.88714684861952 -12.975386904007735 -0.9079077944937239 -10.722907537755646 -0.4677290155946139
2661 89404.95580720901 66457220.87988268 -4.953009086996932 -97.88843427802793 -37.72468772093067 1.2231682438654516 -87.18761538905957 -13.93510565426692 1.4368382274276428 -10.472864333637233 -0.37494507280064227
2662 89438.25380516052 67225146.75949161 -12.52552632435851 -117.56938569824788 -11.861435425183878 64.27605948181252 -33.092902737950574 -4.122597756041841 55.255254273893456 -9.624951490609988 0.9590666358877229
2663 89471.99300122261 66457724.8156619 -3.9604238153670472 -96.95687231856567 -38.33390177751863 20.488861017619204 -66.34569932833729 -13.613329700654276 0.7916314189134255 -10.348864578344092 -0.15383686885758152
2664 89505.50197649002 66462601.69588739 -2.700154003458559 -95.61058602479562 -38.795630914571966 0.8190818458918443 -87.65399804723991 -13.131084688401415 -0.35725429950281296 -9.915093764839696 0.24749367915552511
2665 89539.12634634972 66426110.824019864 -2.564732551063603 -96.78103153127347 -38.164878019107256 1.2288775747945522 -87.21594893420657 -12.727490549947674 0.9036107097040826 -10.257394680171899 0.08677733871547844
2666 89572.77413415909 66444418.9869284 -0.6301802186973529 -96.38436905081655 -38.63494827056404 0.9027628725456367 -87.66663578655317 -12.875185767455491 -0.5001725338792653 -9.813209872707091 0.5106944775805573
2667 89605.96474123001 66460497.75683379 -0.4087691550817958 -95.53482174520825 -38.81607419670525 0.7616028894758884 -87.62737794356633 -12.57003534291033 -0.5262254901728625 -9.719661926045262 0.7055105128480932
2668 89639.34012961388 66473443.40826516 -1.502829187336415 -95.82204566851306 -39.166891117665415 0.4233092223739092 -88.0451316309223 -13.50632417733624 -0.866286295719533 -10.065626675078818 0.19645030369537153
2669 89672.53594875336 66611292.00028596 -5.995063892669561 -105.78123970426911 -27.05670137208522 18.91921019844594 -78.60339545481321 -12.90451770870834 8.746697520851455 -9.821049819374934 0.13549178331652456
2670 89706.10675859451 66593031.36101106 -4.337953572328496 -96.42556341107753 -38.4131508869001 0.8000463859937668 -87.63370972086413 -13.775203784840755 0.7876146983296621 -9.200869949463481 0.9873211765679457
2671 89739.56621479988 68607797.9652378 -5.562540088160498 -107.56325604435948 -14.60859146929073 43.50677324485365 -67.7992424017484 -11.291892873826782 11.420621011038804 5.059492304399612 17.591959039846074
2672 89772.75612354279 67098244.049038865 -12.199499412011152 -115.10344261582252 -20.250416058170956 42.08874013995826 -44.276238094131614 -16.540372976921788 27.941374384612004 -10.035305199776133 0.39359842864666916
2673 89807.26763892174 66545155.92864342 -1.4150921729192092 -95.91813134387802 -38.90591789398527 0.6412346500689594 -87.87179657283536 -13.231808956025361 -0.8134051766514858 -9.726459305593664 0.7311437740937663
2674 89841.11508488655 74401315.40751444 -10.229521278859723 -130.41504202687545 -2.950873910039604 34.08820616761322 -57.79526475251 6.938782009888996 75.85694931141165 41.49393197145912 59.13008075915923
2675 89874.32475113869 74357766.83491445 -14.887055036213239 -135.34097665882206 1.7781971800193688 36.56191285798097 -55.56259704557472 5.2181626874181575 79.17532015089296 39.5293408288469 56.897119035806895
2676 89907.9091451168 66496232.24628932 -3.8927762384017477 -96.63451102162048 -38.178706984708754 1.073900154046008 -87.31959159553656 -13.473580034401664 0.8496400082027549 -9.746856609485008 0.6789095609978517
2677 89941.74517941475 66978804.676408105 -9.457383156319422 -109.19470083223432 -25.568233789031005 39.317752171239434 -46.856981356321896 -16.05080839183023 22.145420838237897 -9.430181764723386 1.1118028974430558
2678 89975.18651247025 66484851.78297859 -0.5257026073702669 -95.01321199484467 -39.37537500111191 0.48752677064114636 -87.88978209575173 -12.872747262287135 -0.690053332450816 -9.752603825181268 0.4093459851063699
2679 90008.89283943176 66474130.433807015 -3.634782371362668 -97.01877062615232 -38.47584102370873 0.8766881610218533 -87.53567282711181 -13.735925930543885 0.8103194380136074 -10.11680060902836 -0.1033919382243198
2680 90042.26577734947 67021233.19052987 -3.861106750817415 -99.02973786374744 -32.243131710566104 36.01006246631812 -59.650667351202145 -13.379998555363159 2.0356066438035896 -6.57761948485097 4.0690838433196745
2681 90074.87836050987 66464959.12135715 -2.4976619888633866 -96.53936274160851 -38.810682449707464 0.7306430570114486 -87.67877395400234 -13.366494417840329 0.2504058017412376 -10.101511724560623 0.08966728219820652
2682 90114.28014183044 66461334.22805845 -2.9828773450891006 -96.91932179419034 -38.34182981574067 0.9367020365964933 -87.5779022107826 -13.357023522601366 0.9839809744364629 -10.125602302787286 0.06995204494211293
2683 90147.99577188492 66516781.919397496 -3.501201537010891 -96.61321305607852 -38.290553847417655 0.9277415694997089 -87.4720091006602 -13.503391776553087 0.4269296995973946 -9.940055576675945 0.1849885179303783
2684 90182.42777562141 66554260.46048822 -6.274718333666973 -103.6114152450863 -33.58766457316466 15.504748734814871 -80.03463329679195 -14.899872181325804 4.251770854283507 -10.08058573695439 0.1851856735236197
2685 90216.11400938034 74352719.5199205 -12.906520753635252 -131.96315202414155 -1.0990026643806132 34.98243439476552 -56.91112893014667 6.7231531637902435 77.85786948176167 41.110183165165836 58.84754208615857
2686 90249.24441695213 66710259.74998479 -6.868802682562924 -101.90817020161323 -32.86311859371095 -8.290657713870587 -90.1984567593841 -13.881403771920759 6.416224143332158 -9.969769499636072 0.17536382606152756
2687 90282.35283851624 66961696.666982815 -9.877999493659855 -110.38424017042456 -25.19803592933477 39.64079387315519 -46.35782918797045 -16.563784111161226 23.181721972303762 -9.597580699822515 0.7504062520349635
2688 90315.25280714035 66486561.61709583 -3.7193031844907267 -96.58591074506681 -38.74319775965127 0.7572843152363262 -87.48010406129023 -13.721488022733865 0.6554026301674298 -10.164009625226186 0.22504611211775227
2689 90349.21131944656 66496485.92477226 -3.8849812625835334 -97.12693548922874 -38.1539902650058 0.9893043704873179 -87.45648371406918 -13.83373692058575 0.7561613950161927 -10.083245190395132 0.3727829920320005
2690 90381.94080114365 74758260.99207866 -16.307654595691616 -142.98715229922234 15.828462296467631 61.567167409502005 -42.077427953994615 18.336600786421627 112.47411370171108 41.41166488613453 59.24463130812251
2691 90415.29176330566 66419735.18788893 -2.881859364073353 -96.74216195684835 -37.99178324519682 1.2001078761492252 -87.22086747937121 -13.444192403765214 -0.03248218971464212 -9.848824799201282 0.5632826925578343
2692 90448.37581324577 66465379.87485481 -1.0770659671429854 -95.39339306898083 -39.4693445335671 0.4091847638522452 -87.85840408240213 -12.99918713308972 -0.4761635395408348 -10.049225011734507 0.24097363564681018
2693 90482.49874806404 66550801.51933101 -5.358191332304733 -97.30249840727186 -38.086733802225794 0.9933897989502043 -87.34282663145977 -14.3586743722243 0.9779448753496354 -9.572066298303298 0.6731394585202679
2694 90515.29314351082 66921191.48786183 -7.719372310234911 -110.13547256413653 -26.2189268018913 39.08638837305392 -47.17619585224202 -16.104974198676473 22.163518644430724 -9.679530001878163 0.5699284715151407
2695 90549.26177072525 66453221.16423497 -3.8584723346200533 -96.89730398345849 -38.0682097202126 1.1406673665261664 -87.33208680200075 -13.606961875692264 0.40478030059227876 -10.217550751420106 0.0463010049865602
2696 90582.85493779182 68505048.4956422 -5.971046230483843 -103.68183684208242 -16.181043123266157 30.586937072924787 -73.43071856213528 -10.1418916419845 13.331930907904734 4.101056516892186 16.370829008346163
2697 90616.64547252655 68348313.76976165 -2.099271947156449 -100.30338313860649 -19.883680596831972 28.58255947802158 -75.50396112919398 -10.151072880628817 6.199640841848975 4.053518280302285 16.276876126338493
2698 90650.03362441063 66600729.02643809 -5.56992320768313 -101.04556000256136 -33.304701744797995 3.548263973315933 -85.16818251617195 -13.701484801430695 4.777679255757846 -9.99274655181 0.11917221737655836
2699 90683.19418883324 66695983.10484888 -6.7479836029392 -100.53731319716519 -33.543047266989134 22.814579626648193 -64.03492061036161 -13.839291357926186 5.345203151114561 -9.59087349585684 0.6345985123156765
2700 90715.84870028496 66854307.302861124 -9.023351147018404 -108.823336652517 -19.48996578164669 48.139369806200285 -53.73025643320982 -1.3057751857709832 37.716731376551934 -9.937159598718324 -0.024024219475393238
2701 90749.03004336357 66425708.506313086 -4.245463205354458 -96.3119343195173 -38.26918295425605 20.530142492980918 -66.44269965795581 -13.591013181142898 -0.23505210307240532 -9.677785405472946 0.6361998512294917
2702 90781.99514818192 66466162.50922196 -4.447110006833206 -96.72052936785036 -38.829770954699235 0.6338150299048948 -87.6143151057839 -14.173505961784826 0.6907097672846021 -10.211979250602042 -0.39066615649210235
2703 90815.05208134651 66744075.58524729 -6.144445842112074 -100.51210404671609 -33.90617712176462 22.673301210158908 -64.34424779697635 -14.073611183780258 4.433327430285715 -9.239743847731233 1.3328880930224614
2704 90848.39518642426 66405014.691229664 -3.4663004442789056 -96.5242676265821 -38.69608631605185 0.7711020649469731 -87.46489847745124 -13.952821517031168 0.2794214803325872 -10.589954304591686 -0.6313601434944189
2705 90881.99065637589 66838169.15769717 -5.917262999161897 -104.1100341415856 -25.37693052029603 25.318233338521576 -74.35114142176388 -1.8677575790456444 32.71669012653979 -9.50233519038244 0.9086311221386154
2706 90915.92336368561 66657205.48082377 -3.8607181797296253 -100.41848809457574 -33.9283439309763 3.2414227495999413 -85.337079937515 -13.543291308993105 4.044542753631447 -9.497549029752633 0.6466658080788079
2707 90949.85962057114 66532383.176118076 -4.008973575344575 -96.03523818460056 -38.97317082299246 20.11064181658857 -66.48686623057417 -14.10328297233724 -0.04414622671140478 -9.7461889170645 0.618038135493066
2708 90983.72819519043 66380011.37075371 -3.9128283271553546 -96.94526547241125 -38.314780619051675 0.9765547687936333 -87.32777663317513 -13.743243003895486 0.5966672511073625 -10.640374451284117 -0.17232687262270474
2709 91016.69314432144 66912356.96392767 -10.77610918168089 -108.66225641162126 -20.42478286107584 27.891341849603457 -72.04842656803189 -2.4609641540940856 37.35355752902706 -9.948891546931748 0.17858941900340142
2710 91049.99685311317 66466818.74099783 -3.6469194086472303 -96.46303466424683 -38.786772402863704 0.6930036195163893 -87.53697175132723 -13.895105710444625 0.5448445380483804 -10.12243246934787 0.17104164721769166
2711 91083.27959275246 66771621.455685996 -12.823751868617485 -108.3978299112157 -25.890963613435325 19.310332110749716 -77.75362468164485 -14.714769533425738 12.880866960301887 -9.887528484528616 0.23959502037894254
2712 91116.79042768478 66549061.20369694 -6.247230169941865 -104.0574382473978 -33.73274732248221 34.98372361048761 -58.87129813430408 -15.0627564460205 4.919431419135378 -10.186889397085338 0.22164507331700634
2713 91150.29342675209 66538195.58121066 -1.8545238914470765 -95.72254086177271 -39.10615853221241 19.99620273487367 -66.69301670461196 -13.364895329075978 -0.2604737037183895 -9.562541956728978 0.7196548458406937
2714 91183.10768699646 66474641.414598264 -4.234495436410944 -96.57770730127055 -38.78700667988864 0.6800686237128417 -87.53768421823091 -14.278655564335452 0.40633406960824914 -10.352827564826157 -0.1916221431174563
2715 91216.22751808167 66442239.96085792 -1.2707794025372916 -95.31922033799485 -39.44496684790434 19.923608193619433 -66.71020892711805 -13.266591461296287 -0.5158971914725612 -10.04631532180747 0.23242747267971708
2716 91250.0875453949 66522546.617797315 -4.033930956537564 -96.13556272952454 -38.91168292541591 0.61396318268811 -87.5700015465073 -13.98187460145084 0.2289791475751599 -9.727461508606837 0.5920478180316309
2717 91283.0677421093 66811242.84991983 -7.802674961031341 -104.45361866513447 -25.486689528329684 25.267779250652293 -74.28392373004532 -2.505522809922695 32.724225887008515 -9.541621032921341 0.5820628808846777
2718 91316.96223640442 66313559.450802036 -3.916328924646793 -97.30063675690036 -37.937888270842826 1.2549329300314227 -87.12031119725866 -13.865559357266875 0.46542715907202137 -10.747804192283752 -0.521596340628605
2719 91349.71921253204 66387351.679095104 -5.00679590824941 -102.97068857469178 -34.12442839301994 15.299695947444597 -80.12142981844755 -14.848704733526972 3.2855789079097804 -10.72450666191952 -0.5061476914302716
2720 91383.93413352966 66530703.30765276 -3.350195037111382 -96.59220407443759 -38.95369372028531 0.6285239017598769 -87.46156531980438 -14.22318162756784 0.3272479009480094 -9.94424133366067 0.40959214252734455
2721 91417.40233635902 66968382.42738727 -5.088340767841466 -100.22626633237691 -31.9326428884361 16.54132166596392 -80.57057370533838 -13.52951943207404 3.5665994697258157 -7.320691401773047 3.3351979120859596
2722 91450.92150616646 66990535.2224415 -4.543737025870406 -98.93545505469707 -32.34192382762978 16.365611423333835 -80.7665457694492 -13.067323167309894 2.3305113160039355 -6.798496107645406 3.960942443939018
2723 91484.71757364273 66610638.73984111 -6.004745830843115 -104.45762184454178 -25.307243862527656 25.414338530778373 -74.29915601924618 -2.134444010982463 31.864634349821927 -10.768981351213256 -0.6487186699469589
2724 91518.18841481209 66484307.35463357 -2.7817672747050253 -95.77412301225021 -39.29393797416431 0.505985433248128 -87.63432170103326 -13.669638439688015 0.10217717198599985 -10.367431002079343 -0.009252209399903677
2725 91551.51491379738 68673109.19265145 -3.7089096140098174 -103.14999214166204 -16.66235228774142 28.93484225055879 -62.094174999979245 -7.500289709846015 18.192197726902123 3.783202917444328 15.938460950672948
2726 91585.24524092674 66561796.402355954 -5.8216523055659195 -100.5030139991883 -33.82552248393471 3.3443530192940045 -85.22354112890044 -13.890951516065002 4.554667160637791 -10.20083541928733 -0.18497563012073215
2727 91617.06821584702 66479845.80075551 -2.7362687677754547 -97.06550028642025 -38.360561533837526 1.039651475359399 -87.1858683653113 -13.630963968061678 0.6639112487528678 -9.906166946038809 0.7033407136895562
2728 91649.80231499672 67135697.56379457 -5.538883129446619 -99.71674185432683 -32.426705927963404 16.230731101216588 -80.7933551727341 -13.749309046230849 3.5040866726874356 -6.354862970350382 4.229757139466244
2729 91682.7593767643 66701159.062571704 -5.693403647165679 -101.44687061013745 -32.95351455106068 3.753157902332113 -85.09404145413558 -12.75608542575759 8.437259424905733 -9.652022709062692 0.6986807915537838
2730 91715.82957649231 66486864.66577074 -4.044018103417384 -97.19113727616896 -38.53498156216469 0.7791939640101972 -87.45434691337461 -14.406730515703543 0.47553739435284115 -10.39592941050546 -0.21360297443334275
2731 91748.95661878586 66402364.765774205 -3.266180717283545 -96.2426909624944 -38.64433571160512 0.7517882095980326 -87.53889948454021 -13.65573837538409 0.19943476882770028 -10.298872679318492 -0.20986060409433094
2732 91782.37088513374 66446270.41924906 -4.462072306284565 -96.10246044110757 -38.7316103100248 0.7458752661435994 -87.46379055039552 -14.320194998756165 -0.3705599864825331 -10.156856960048344 0.05640551471111621
2733 91814.97815704346 66587147.059103906 -5.745701886561044 -96.67666705246087 -38.651314284437305 0.729321862081413 -87.32421742634803 -14.275968731684145 1.2554106072356035 -9.545197859796303 0.6879054615011455
2734 91848.17145514488 66853496.86531377 -11.94814629096655 -108.47349830785508 -25.816401341011414 19.464771945327787 -77.59538251442015 -14.441805814677934 12.655430566910695 -9.212641379507147 1.2272765218012296
2735 91880.82763528824 66521411.9454813 -5.493356363225095 -96.01976370778067 -38.91196648221094 20.118729019660616 -66.21909103254944 -14.745811653829094 0.3212434484303799 -9.819981294519948 0.3275214103269377
2736 91913.91674208641 66474602.72030307 -4.431905151305251 -96.0224946118666 -38.70957568313851 0.777670906323273 -87.30992161401406 -13.91462054142653 0.32687608021211645 -9.762900504429354 0.4844780012774095
2737 91947.0343234539 66472054.833050966 -3.4528122013396345 -96.02367431408106 -39.18361052843277 0.5621596503690398 -87.56059527621927 -13.98378718724183 -0.0759498309898845 -10.195855884927425 -0.210937166608403
2738 91979.7268064022 66410714.29546913 -3.8180484862167443 -97.25686335009614 -38.355872883860975 0.9261738572396396 -87.27268674710717 -14.327426131169432 0.2539438378727823 -10.67304069977422 -0.7683130656437811
2739 92013.22237920761 66545042.38240271 -5.340717767738173 -97.01662645294344 -38.239733194886455 0.9455900500975503 -87.19847181499595 -14.035787261203211 1.845580867094725 -9.584806956245586 0.7335828698718956
2740 92046.42044377327 66346973.60457756 -1.835359045203127 -95.27019101706603 -39.31921541398791 0.5100241776994991 -87.71080855136198 -13.214792049104972 -0.5656922414588053 -10.455458252522817 -0.4204784481094066
2741 92077.95649623871 66503077.81304496 -5.446342534431267 -97.94111067719894 -37.73915377581111 1.179245235377735 -87.10704643681291 -13.935165973187452 2.4818675520559736 -10.235249838221819 0.05444274831779694
2742 92112.82435941696 66983945.6462802 -4.056036341491968 -98.9002845915878 -32.52464941296632 35.88327968531708 -59.67389627997133 -13.2164037667647 1.8433358871662904 -7.123921518266968 3.6573831140062794
2743 92147.62668657303 66612066.83888118 -6.662614923182025 -97.34487691258796 -37.8625543766632 1.1141313120246323 -87.10018741384351 -14.633513001722179 1.6317125386402722 -9.35099030262677 1.2114325333627107
2744 92181.32457137108 66500571.2127663 -4.83690952325526 -96.82503331694932 -37.98618016584802 1.1341796453952 -87.29391811462703 -13.967003137506708 0.3937818585099535 -9.56484669166042 1.1115168401942697
2745 92214.97701859474 66341749.34177301 -2.4738078725339694 -96.64503676753267 -38.696306873697694 0.9269610584780139 -87.25793643763119 -13.713657850183552 -0.20450053170759475 -11.060528253877806 -1.1459967722341275
2746 92249.07222342491 68511002.51727776 -5.609419703662013 -103.4482451780469 -16.516875236303044 42.42660935435916 -60.963787245748904 -10.706884155368982 12.39209071131404 4.71986867588339 17.30605944737931
2747 92282.30108356476 66381002.765567675 -1.7836733810115835 -95.31879414393816 -39.49666071461116 20.00390404168915 -66.45291564615023 -13.498228366719843 -0.8005978547519135 -10.472611878829184 -0.40661901652254073
2748 92315.68266367912 66319581.76382986 -1.0815699954076443 -94.75312123605984 -39.70566937422793 0.3431805275972053 -87.81601255070731 -13.320721217556411 -1.3258324353088824 -10.745395904140196 -0.8228392848208728
2749 92348.63623166084 66465701.69730112 -2.3523866999667433 -95.8824173029388 -39.01316208819171 0.7353630487952358 -87.48015800969011 -13.517707552284946 -0.2657067348511646 -9.77848608383323 0.3519879644741195
2750 92382.8384385109 66491883.06684906 -4.29678829476995 -97.00212430172272 -38.318777098491566 0.9796712297806351 -87.3018594767176 -13.751595748905459 1.1114314914794363 -9.666180236841456 0.48678761046471664
2751 92416.83243012428 66722693.88851699 -6.845735123730648 -103.37285723276236 -25.812312210539183 25.13318763276002 -74.48074538535172 -1.7146441575450808 32.240217451738204 -9.862571872996341 0.17810251857207504
2752 92449.5593919754 66469906.64226584 -2.579689890716761 -95.74174019111345 -39.30387209966674 0.40989127408957415 -87.78329069358877 -13.826335063785109 -0.4203363304059735 -10.177516085748834 0.06204074677526705
2753 92482.30842232704 66490765.719560154 -7.429770157875669 -97.8362421767322 -37.601419649690975 20.73996041546711 -65.80504917111985 -14.901078937239845 1.643277669942961 -10.300422528567537 -0.05544722735231744
2754 92515.65792775154 66325748.12408629 -1.8106023325674432 -95.03099540474874 -39.57999670035245 0.4682907837568706 -87.70686513014162 -13.379966304182346 -1.3450869891630646 -10.790547892820939 -0.5986094599421108
2755 92549.0357067585 66357833.06199671 -3.3123824333691836 -96.463966523735 -38.210379852516375 1.1127574445336066 -87.25671856814647 -13.507982187145558 -0.1235103321004658 -10.592353760990022 -0.4942338578095473
2756 92582.52557492256 66424458.57432218 -0.18917142845622337 -94.59832545334278 -40.1523331421145 0.08975740172897417 -88.04523382614728 -13.644729557184405 -2.1163616239676344 -10.38088970393892 -0.008053093652961252
2757 92616.27040410042 66706798.30108555 -9.56204217698818 -106.48264110315016 -26.946610429937046 18.936733715621322 -78.02903654981951 -14.563305656757677 9.513670918485332 -9.808773782781998 0.4815815336355058
2758 92649.95641517639 66423848.61387306 -2.044186445717555 -94.75468485805567 -39.37540328451666 0.4778218476592855 -87.71435894092306 -13.618763516504714 -1.5354678062714697 -9.89725562482431 0.3775179735365555
2759 92682.825350523 66404857.132789806 -1.9770929526203656 -95.35302169736691 -39.30237043545272 0.6507098573152774 -87.64210420208099 -13.352701638828023 -0.9018523175249697 -9.998063160959987 0.2059248348130609
2760 92715.5968337059 68047089.82305667 -1.366686866184839 -95.14837119685752 -26.75242033070886 39.93781326725906 -46.30597194951514 -13.125502094933836 22.19866440036958 8.837884278344063 21.80108782026855
2761 92750.24620175362 66907202.22523925 -0.3110290535082889 -97.33903999000096 -33.25610211265245 16.042392262272756 -81.11226276154436 -12.15200561747048 0.5482560986025078 -7.174157588867843 3.266041777870612
2762 92783.82060289383 66939768.6834202 -11.205689270215448 -110.82498416346984 -25.56179041202472 39.396613265559736 -46.38089715443855 -16.939967974915078 23.945781341632596 -10.169068302834887 0.05265557647112473
2763 92819.21610617638 66928943.14619872 -1.5852714549810933 -97.76261709749004 -33.25895603266302 16.036792106697305 -81.0581166756086 -12.143558866259013 1.6922302920762604 -7.104840691116465 3.4892310909199296
2764 92855.29994177818 66462179.73052927 -5.777120646676385 -96.58696973263842 -38.12083708615593 1.0776797594269922 -86.9751965781283 -14.3097588269477 0.6471929705133448 -10.01564359750796 0.4052179681894472
2765 92890.51190638542 66466952.255985305 -0.6982273297487467 -94.17193331520207 -39.9811743210879 0.10653199326780793 -87.96841581287316 -13.509177882855397 -2.039743583843233 -9.732694455393755 0.7363595847414786
2766 92924.50116562843 68987566.58399107 -9.889695990875898 -114.11606794539898 -4.188157449707575 47.30661187603782 -52.660024786484335 -7.774069948960289 29.0288049994424 4.683029287632564 16.910629032489624
2767 92958.19548273087 68827148.828679 -6.344906350997514 -103.78810658818833 -15.490857928443091 29.389524976027513 -61.84099834529357 -7.2722120352671595 20.18529396953727 5.206163073099333 17.638154338821437
2768 92991.66744279861 66439944.51956661 -0.18844582665081688 -94.83408070003892 -39.70664427120643 0.39082570035341746 -87.82685583989868 -13.026053190726486 -1.2746215994212662 -9.841933896113915 0.4191888523692455
2769 93026.09398269653 66369785.43294758 -0.12987909679699072 -95.1054092868751 -40.07983830311699 0.17787863663453152 -87.9349978253311 -13.654082794461317 -1.6860769968668023 -10.732140969582247 -0.8589999141614726
2770 93060.7741355896 66662650.16742511 -2.6283298372535047 -96.91421864431257 -36.75900809585742 1.8647368473617263 -86.32925676937684 -12.997371607675234 3.9011847305104084 -9.2454192770889 1.2392713010502234
2771 93094.85140490532 66496709.839758664 -0.0639407114670636 -94.47398078357327 -40.257394723354324 0.07474568353030264 -88.06387347790832 -13.40873993390045 -1.8567066502408807 -9.886127770700853 0.5141851556451797
2772 93128.69895172119 66443420.88318275 -1.3553069980848083 -94.32679287640273 -39.7739624984777 0.2653241042079131 -87.93437563160826 -13.120375890520677 -1.4313991261479373 -9.974757903957482 0.2799917838131023
2773 93162.09282898903 69239868.88508016 -9.474823416914884 -107.14997237138309 -8.56617230319258 45.34977174354919 -54.63906320809902 -7.303372502158595 22.375814187510173 7.3634036937470455 20.34119245350871
2774 93194.95595788956 66463556.8003723 -1.1045507480197259 -95.06400431069808 -39.66556722525669 0.3643901219655632 -87.86528801215653 -13.451729333140122 -1.3609815259734432 -9.852013736845208 0.3406235266721751
2775 93227.98793125153 66900982.991964564 -2.1515820165936734 -97.68558243800553 -32.97811290730702 16.16461479847902 -80.81612860687329 -12.039964015327314 1.6735104536684275 -7.374818231466691 3.19347377161273
2776 93260.9910273552 66992490.171219155 -3.3538205135569807 -98.69651521739833 -32.76252478653071 16.242110370589927 -80.89313354854211 -12.804648163277648 2.2488990120119183 -6.997647203294832 3.48282272309865
2777 93294.55151605606 66974354.12347363 -2.080406310446117 -97.9931233591097 -33.046888321114054 16.09421340422145 -81.10831187511079 -12.394842146639917 1.1729663411924776 -6.808886759159918 3.9104292094327775
2778 93328.44036602974 66495930.68508817 -4.495317250257655 -98.39822751957935 -35.94118316054096 2.2555286258882745 -85.88424494467627 -13.568023504401083 5.328496604886027 -10.73792023858067 -0.6175643096220824
2779 93362.12970852852 66840410.36294276 -9.469917393215518 -111.32244916048333 -20.62986597417739 22.27101432279501 -74.94579523559352 -13.756404122562628 16.97959045094092 -10.38266795424886 -0.6852466221025111
2780 93396.1315639019 66653882.82722481 -8.191133726886017 -105.77142380074321 -30.274693401896762 17.230112391547042 -78.09952166534049 -14.897438112489965 9.398198248771848 -9.979472759479393 0.3947701359675193
2781 93430.24463915825 67148335.20473827 -6.541789082008078 -109.39463623268412 -18.482509511511445 35.95189121801144 -70.00256366036356 -11.927252101586475 14.622664841478127 -7.172979378106163 3.580635057776817
2782 93464.2400739193 66965103.38737916 -3.6651043206821683 -100.67872113414897 -29.928548186928303 17.76453904305917 -79.30236499509455 -12.652087396123363 6.36274587479096 -7.920896413344963 2.7226251764207063
2783 93498.55089688301 66401435.24863103 -2.6796007432199183 -96.06767162918615 -39.43762311770862 0.40577165001592164 -87.73630733633996 -14.216385095185899 -0.7352163063879971 -10.970319564365866 -1.153270384211737
2784 93532.03562235832 66613676.38102324 -1.541138697666474 -97.14076441916892 -37.37519690123519 1.5513430115117686 -86.4809111620227 -13.486380670612789 3.3622522098010563 -9.492628200356194 0.8332654419445475
2785 93566.24072790146 66362599.72551907 -1.3055489436889207 -95.11066110497745 -39.34767239374923 0.573780609079698 -87.73951545478944 -13.040794393152737 -1.3202305642749934 -10.275156014973675 -0.009333816986725196
2786 93600.35512828827 67787668.80927533 -2.3920031302113944 -94.37984520962267 -30.043836865108958 25.81308924757404 -51.424430626730214 -13.927666913824737 25.346399761757993 6.797136060194305 19.696011243272437
2787 93634.44245576859 66512199.73393644 -0.5647402561252637 -94.06436693347979 -40.12306536394675 0.13321478037832435 -87.90724098201686 -13.23922300807908 -1.8687945999810722 -9.56138423683916 0.9675275275863555
2788 93667.27625584602 66597132.10182125 -2.4955073729617645 -97.30842410874112 -36.69502294760763 1.9778367518700293 -86.15922742001844 -12.723406386071531 4.7412781845513905 -9.808809435476292 0.6743912821847289
2789 93700.46160793304 66420441.269080624 -1.0441255627102635 -95.25902463534153 -39.378974298080536 0.6011016846890769 -87.70133518496503 -12.780751235602509 -0.5972027902394643 -10.24562137019376 -0.09938226100501879
2790 93733.95725083351 66468437.645807095 -1.2752872616152757 -95.2001082518538 -39.576527687084955 0.42255351925054185 -87.80031792944665 -13.207893008244866 -0.9695750018211129 -10.101848961421126 0.019933812749400204
2791 93767.82435464859 66545616.33908766 -3.4583358306273873 -96.11733333404814 -38.991807256654376 0.6778641186338206 -87.54595639960147 -13.84167769967894 -0.11773296653171883 -9.55641206025166 0.623546344589613
2792 93801.81981635094 67045952.15281014 -1.5893667917780512 -97.45368358709543 -33.73786981057153 15.70168316786786 -81.34844334554113 -12.58850701808484 1.068006022833174 -6.683469745975003 4.138869288857165
2793 93835.44923758507 66962692.43166562 -4.687581717830183 -98.94633015551166 -32.714790622202074 16.208664329998964 -80.81045815868455 -13.390854076319386 2.0182020949781077 -7.090885297812804 3.5985223686627137
2794 93869.38271045685 66496907.71331667 -1.2018201795440664 -94.65395996234743 -39.734827641588716 0.3564619646714178 -87.88215688286695 -12.862777347557426 -0.9249972956111492 -9.989964831450493 0.4236536009559586
2795 93903.20990419388 66417893.20505964 -1.2475456924102222 -95.06785944439842 -39.40290695082427 0.6051423842202652 -87.58556148549474 -13.123169440255708 -1.2926798287176666 -10.275390365231601 -0.11702356293091043
2796 93937.78917765617 66414991.63411239 -2.497067243067418 -96.00575622898465 -39.09279825560088 0.6992466576786001 -87.3916821090922 -13.430487022416969 -0.27409461153496295 -10.606537942362195 -0.5081229797272044
2797 93972.23500490189 66595036.39460974 -0.05759656116377343 -96.5327508740141 -37.877951794369 1.3224456822885813 -86.70199865669954 -12.757586527111755 3.434414604389019 -9.816175569709742 0.23659017958016193
2798 94006.3627398014 67093714.919938065 -3.939563864126148 -98.09750433228383 -32.96663101849788 16.017668949354203 -81.03010206637406 -12.857992477505263 1.950182228392464 -6.733878040924935 3.867348294653084
2799 94039.81465482712 66536011.031706765 -4.346915844938355 -98.96726663206923 -35.27148882322411 2.6711675421931247 -85.71985958075355 -12.360179159107986 8.397162104849883 -10.594139602277892 -0.56631864423656
2800 94074.0882768631 66384885.51764819 -1.3975829667805808 -95.05410197044404 -39.847752156273295 19.75354909183124 -66.83309727529021 -13.54268630998024 -1.430778463261106 -10.248969184800956 -0.23598841051216368
2801 94108.38504934311 66514596.92788534 -3.0567518070872524 -95.9258435642853 -39.3584134576831 0.5489020662663293 -87.56423002548345 -13.520700316028012 0.43941999522314745 -10.095111492967533 -0.09895494624367984
2802 94142.24486804008 66920863.037846655 -1.6402687487416916 -97.27932598167612 -33.249143986787956 16.07338076016044 -81.12374347663796 -12.238904328485035 0.2637554353596556 -7.26882748100644 3.397133481124115
2803 94175.71068501472 66475710.42431554 -1.6743188487336838 -95.35217139987235 -39.42838502341916 0.4879213595279097 -87.71005740074752 -13.324555919552324 -0.8688456559312385 -9.812785034645515 0.4897364146610812
2804 94209.18934202194 66663402.00899433 -6.0191100866909455 -103.64429448729446 -25.24413749398129 25.634852807983137 -74.11088519115344 -1.5506885184817065 31.385736964961893 -10.07538397519113 0.18875448990820587
2805 94243.24964237213 66425549.195494056 -1.8570943453055353 -95.9132397281028 -39.02528586173696 0.8280132188682074 -87.51236481864538 -12.847664746026396 -0.12210079252514561 -10.250388762622606 0.19079989282806764
2806 94276.7098402977 66381084.32941836 -0.10448930425400249 -94.65544414185617 -39.89071327595622 0.322073661396459 -87.91917726659757 -13.203610759363016 -2.0482003399218343 -10.577269390420042 -0.4262016916472362
2807 94310.35224533081 66954924.17788021 -1.9670813347040923 -97.75021104447362 -33.29899007355281 16.064396885828316 -81.0041482448045 -12.084481306727412 1.3334315872157276 -7.274024015799284 3.3631779395500416
2808 94344.15376138687 66551321.92590786 -2.9202257968067737 -95.40914399696062 -39.372815319630746 0.41204271977674267 -87.63230906553326 -14.003400893759078 -0.733170059563804 -9.714215333729726 0.688345943463105
2809 94377.56387615204 66359637.378186874 -2.3432364280319966 -95.63311710838248 -39.082303145880076 0.7686181858829855 -87.4350045307524 -13.424789031197406 -1.0588896167372468 -10.882178893461457 -0.6585557360110101
2810 94412.49938821793 66431026.994358376 -2.286865892008235 -95.12035345561456 -39.61260022963762 0.4314216227310794 -87.66545220407696 -13.664186190682756 -1.1714783070879093 -10.453863423959376 -0.15188962408564066
2811 94447.21783995628 66410640.89056704 -0.3115071878533673 -95.00688123645283 -39.66232669495544 0.3283480505331724 -87.93452104294191 -13.163921845817299 -1.4508898755298674 -10.574344593691478 -0.590901833494911
2812 94481.58604001999 66500343.40402585 -0.6685994329483549 -94.91828703561156 -39.80106701864288 0.48864440831874845 -87.64348919867722 -12.787452599668427 -0.8115732545816172 -9.775801216171942 0.7597235292372488
2813 94514.94034719467 66740908.575875014 -6.350271686292315 -102.38790359896477 -26.4570668420562 24.98221692910396 -74.3949449591749 -1.7097383089122218 31.15552292477139 -9.778682378555175 0.48390571830356066
2814 94548.57010054588 66319694.9465715 -0.4474649277509304 -94.77247471091411 -39.67288480183442 0.49975534960685053 -87.71418547112515 -12.895590593995792 -1.6365638349358846 -10.72764896076302 -0.5169700582436008
2815 94581.7629995346 66891209.59545316 -0.568937434044793 -96.82645328626332 -34.01415302898448 15.715131185657018 -81.25794908203036 -12.28773513648224 -0.054677075323184 -7.333880968771382 3.0698477194230804
2816 94614.78975844383 66389927.48847412 -2.4937053628067627 -95.70648213040485 -39.35124626486993 0.49552792526682055 -87.7203595369532 -13.849077039398537 -0.9561232175318537 -10.844721657296247 -0.7382824249058899
2817 94648.32115292549 66318292.63629674 -0.03945701236169974 -95.13011537615014 -39.72962648056278 0.4258159510139947 -87.824170182495 -13.04999264598274 -1.4981684247025555 -11.084787504829649 -0.9983823611907496
2818 94682.06904363632 66958395.796851754 -4.744200470270741 -98.67946279085841 -32.650041294877454 16.236500806121377 -80.87172079928266 -13.028746199796558 1.9180262598972604 -7.263401976816738 3.4280819703159864
2819 94715.89064025879 66400219.33212273 -1.0530482846426885 -95.27775732200182 -39.2821027677958 0.5600299595534111 -87.75618254449374 -13.145288575040354 -1.324336674829567 -10.176229401286037 0.154979551697636
2820 94749.45698714256 67057332.38890385 -3.1127961051286555 -98.47314320611936 -32.856035496113265 16.123608448984896 -80.98350095963848 -12.707566114607175 2.0499319510631153 -6.682723541367125 4.259201228716961
2821 94782.87028741837 66435930.02360797 -2.556067373154347 -95.74833600829568 -39.07610158043267 0.7424069204862818 -87.30895457270306 -13.536151124211017 -0.4616494522919652 -10.491374214780421 0.042238176375747116
2822 94816.92408156395 66445126.88452302 -0.5551839886163457 -94.80089388979368 -39.858417809424694 0.25367506399861384 -87.92184474405371 -13.151113866582136 -1.3457372699295433 -10.131073057120375 0.1328056791645622
2823 94850.52349257469 74584126.1534364 -9.746070494385432 -130.58562732999232 -2.6237969761122173 34.124868591875625 -57.56589584797136 6.707573614305147 76.29268057305671 42.95416735399567 60.95107371326185
2824 94883.96810746193 66421502.1104379 -2.978858274620066 -96.06942022148395 -39.13567906228382 0.5769159376631734 -87.5344885355662 -14.098810256401237 -0.43472115358179053 -10.772802553344263 -0.7538192450265342
2825 94917.21554255486 67029216.741206504 -3.7925372990284103 -99.0398825865298 -32.32713038841588 16.54874235751459 -80.51804571662252 -12.815490235678283 2.4321391240115986 -6.44060328052899 4.457102435800607
2826 94951.10298609734 66364193.63756332 -1.2295783804317342 -95.43966489216301 -39.502139168404334 0.4787593555289362 -87.73535028675248 -13.481279072732775 -1.1301586514706514 -10.735255877081954 -0.6815133201538401
2827 94984.52227044106 68818726.2914339 -6.461303056112971 -103.36585826390633 -15.494051596910396 29.293106150804338 -61.76237370979113 -7.546921605972784 19.293517367959794 4.935348102917999 17.21606790051578
2828 95019.10558056831 66448069.760196656 -3.2957734097151015 -95.97239276046894 -38.957658835884736 0.6428846540603388 -87.48256936338403 -13.559102452983893 0.1502012778299786 -10.344332795358355 -0.042784316551490065
2829 95053.35391306877 66429820.7942469 -0.4747851420570921 -95.58695016161893 -39.303027281621844 0.5640359314846677 -87.62067051532091 -13.35241808188249 -1.031424166479269 -10.183066056361213 0.41143048700115514
2830 95088.1835577488 66533457.72212578 -2.2645631996782267 -95.44075014234835 -38.943300088428465 0.6998493438234945 -87.66256378310749 -13.180548601069233 -0.5573500048171809 -9.41522170804086 1.0460385489867008
2831 95121.90874576569 66441793.916329496 -3.4388625550801795 -95.82108135416561 -39.015747546404626 0.7568685346924156 -87.28777893480998 -13.684442470337729 0.051540437360131364 -10.318564171942967 -0.3538877532262177
2832 95156.14623498917 66439755.85794341 -0.6054183336572745 -94.85053053235207 -40.02848883247709 0.18893598864995198 -87.85100913551383 -13.52418434294492 -1.32791304058685 -10.383256423085015 -0.18466988134383655
2833 95190.41264653206 66476817.96442671 -0.6426689456535666 -95.37935076018633 -39.57370891393664 0.4210347131019674 -87.77293740683231 -13.026615030306687 -0.8076682567610192 -9.830114254834768 0.735472619467032
2834 95223.95053768158 66495783.45369894 -0.46149831288091825 -95.40517172719335 -39.73931504121328 0.31403867604618796 -87.82298383671143 -13.542595985331786 -1.6879943607314658 -9.864230460803697 0.6445037367485611
2835 95257.8585703373 66462668.37125875 -1.2577998757027586 -95.73433038605826 -39.18056081363873 0.6368690225200879 -87.64429369452674 -13.003688207364576 -0.14556982752105796 -10.040694294026764 0.31858653119473956
2836 95291.9684047699 68240793.51791345 -6.367817602440622 -102.29823244211488 -19.56869589306409 48.634091423670164 -53.55291599004921 -11.326687115724667 8.141021694435722 2.841481729931104 14.93210612344103
2837 95325.21735858917 66520125.61933496 -1.392155672171052 -95.64722003302172 -39.541261505925156 0.39769677978984674 -87.60929275365191 -13.749072521120127 -0.46321337388980055 -9.763822347480414 0.749539601897709
2838 95358.51133489609 66387881.29951378 -2.11376664519436 -96.61306642334027 -38.78121183521025 0.8642289829379095 -87.3300175267875 -13.788158375741148 -0.23455812292706923 -10.466839399289427 -0.3451092950874113
2839 95391.37169289589 66419440.58039198 -1.3657340966937195 -97.12552581742527 -37.92583864465759 1.3413063198689628 -87.3436622252604 -12.340113578283706 2.5109903325493406 -10.44378064794347 -0.27343159057153343
2840 95424.4160079956 66641894.91044496 -6.101561146313628 -103.86425933603397 -25.411845176956916 25.555005741606006 -74.08065245757507 -1.6908076010294053 31.860009131868424 -10.420604759170772 -0.16322033966548588
2841 95458.07723069191 68630416.20276017 -7.524232819351965 -108.33081529991436 -6.930391654001134 53.22090639824677 -61.94291781308568 0.7113751249332836 38.59820278055008 4.102714794397343 16.191018783326967
2842 95491.58119249344 66354456.0853803 -1.864065225432343 -96.07991981664958 -39.48300686078245 0.48795462161384506 -87.60979586474073 -13.734502547366333 -0.5059112107832675 -11.001226481193385 -1.072273515670588
2843 95524.82323408127 66949072.77586761 -1.6469679372862949 -97.83030932524427 -33.42315486620133 15.934078498095609 -81.01943738570945 -12.215549033148704 1.7776214214317747 -7.248432465330325 3.513875332891473
2844 95558.10447597504 66430152.229911156 -0.40002052638260466 -95.39725109970331 -39.85264839962378 0.25732902252231327 -87.81751546064538 -13.647802933652883 -1.3051358669893602 -10.461030243570804 -0.06754293616546647
2845 95591.73529434204 66636908.360060446 -2.592130882659216 -99.49240894909788 -35.33324525016077 2.6082146040171637 -85.77467259397906 -13.637994323290116 3.121250721191984 -10.072210514226299 0.12017488830815637
2846 95625.23181605339 66459327.455380924 -0.7329821585652407 -95.0649020882188 -39.70118311738529 0.3625280982982346 -87.74495889792615 -13.53584959581002 -1.4544583595487097 -10.197488301139686 0.08421742140660626
2847 95658.95492696762 66684049.45759844 -3.6627558024950417 -103.29609996791527 -26.02314685379524 25.236663888693837 -74.39624563491587 -1.1312627553364223 31.498781104089744 -10.129786886707222 0.1346208330573404
2848 95693.17174577713 66617982.124332644 -4.471071363686173 -103.23915599740698 -25.965152256315456 25.30978353712553 -74.3543609792873 -1.3999233109109923 31.00011825115405 -10.387374454063263 0.005163339580064985
2849 95726.64062595367 66457617.38941447 -1.8946135102219461 -95.96862160214938 -39.18702753093271 0.5916908478299305 -87.53060121918392 -13.461318190850761 -0.37515905366956304 -10.123052946690109 0.1603632990386359
2850 95759.45257639885 66437883.3544485 -0.5334222357916989 -95.21586072167865 -39.63670374969944 0.4182167703707975 -87.74335130663317 -12.981042178051098 -0.7019673985101349 -10.003288513200914 0.1595800329051258
2851 95793.42162680626 66438778.47756948 -3.633694564842358 -96.98582913104939 -38.93197749927365 0.6021507802068129 -87.48033852417846 -14.471856178701387 0.31746652673530207 -10.727531060200192 -0.7755671265641126
2852 95826.83788776398 66720998.6064678 -3.2204054323857445 -102.64292656335739 -26.410332260969767 25.009587036894594 -74.62841505211769 -0.8327406689077748 31.351264022087435 -9.78548532971422 0.7401112202709328
2853 95860.872808218 66673778.74378793 -7.801609243835927 -107.55792925206826 -20.441179309592556 47.69051368548947 -54.02687098446771 -1.4518657135650415 35.87317794065996 -10.831551970263035 -1.101636176052864
2854 95894.23246741295 66446205.03492276 -0.8622736668166642 -95.68383599479183 -39.64338908669999 0.39782216543186166 -87.7185604030658 -13.540422246299329 -0.7452224903774436 -10.131622959250137 0.20181151999094027
2855 95929.1419532299 66726948.96095679 -4.383171150058507 -102.97343936928156 -26.502089071747356 24.99923191340022 -74.47160377088957 -1.5479360985563062 31.364823446581454 -10.012029618812903 0.2252895320452808
2856 95962.70899558067 66554447.367923886 -2.40422095849458 -95.76368421676597 -39.54081901050411 0.38959729179779146 -87.58635917799725 -13.653459628233009 0.16036006483722076 -9.764442439932111 0.5426179434626306
2857 95996.48732233047 66453245.61167456 -0.7440935689538861 -95.47252695757422 -39.755926741005105 0.33599086197934014 -87.70614675965524 -13.28978132585155 -0.6188162282260805 -10.25062014148898 0.17201940809030702
2858 96030.10134625435 66640869.11300896 -3.367863470277296 -102.4048673868872 -26.49983645800056 24.97444087534944 -74.66177631978405 -1.1892322388929415 30.394288223468152 -10.307720005286285 -0.03833600426179373
2859 96065.38349461555 66508505.30848091 -0.38942703311391114 -95.38697852487941 -39.71479542734307 0.3152977310460585 -87.78132294376263 -13.240230696362744 -0.7546427104840063 -9.991049121727599 0.09478549083536336
2860 96098.93621301651 66413226.636887535 -2.3735077823074935 -96.52819934708907 -38.963985364571386 0.6734184506783478 -87.41717522510875 -14.096482898133274 -0.0029321845345293696 -10.531750546386263 -0.166606258679451
2861 96132.84161305428 66442794.790376835 -1.6641945564270753 -95.90371566910923 -39.52268738644436 0.40773899461604657 -87.65573840015504 -13.917257705589861 -0.6466507594848849 -10.378781624470207 -0.35913460132758246
2862 96165.9727370739 68172295.9527338 -3.4651584137565354 -101.00926283876494 -20.616502537572053 28.679610849029153 -75.05244099855595 -10.586281427558617 6.968547305619325 2.4973717417759644 14.681146744548187
2863 96198.96553897858 66387576.239881724 -2.832448734822993 -96.48094511560592 -38.79979017703064 0.8470313797314617 -87.3459573802223 -13.86862736727602 -0.21238326785567097 -10.324752401467151 -0.1845931226859534
2864 96232.52407813072 66482640.754983604 -2.030608163767548 -95.73227865965424 -39.318539654405015 0.4929325223386769 -87.56485121631562 -13.862372066480305 -0.4468962813067492 -9.990453589606261 0.43400895880154167
2865 96266.33428168297 66526167.94284468 -1.2082300457885893 -95.29650656860572 -39.763560668998466 0.28085252333995925 -87.87335552376743 -13.198994077125633 -0.6826257938976141 -9.822733317023165 0.44384376514750556
2866 96299.26408457756 66447680.09449529 -0.8554673847701917 -95.19352059492563 -39.78604111934305 0.30675459598976573 -87.76715649579855 -13.374661086033484 -0.816450453779396 -10.234320781940198 -0.01668229614011807
2867 96332.49825644493 66437858.278357424 -1.4501452693235173 -96.27435933919514 -39.154917540623664 0.5850986524311708 -87.54106190079666 -13.734214567710751 -0.4065320248612352 -10.337366600915402 -0.05547337835383814
2868 96366.19876718521 66538279.42146368 -4.090516099844271 -99.13605649653812 -35.94046979223355 2.1903176268642923 -85.74461350377703 -14.182464857962088 5.400948950564782 -10.92478642010633 -0.8892107848835167
2869 96400.00658679008 66392842.84620559 -3.0925510312466713 -96.66044239621269 -38.91370853666334 0.693713497457459 -87.3895273730851 -14.015682683529235 0.10797115350260356 -10.817938878264158 -0.6872060834351146
2870 96433.78895044327 66504123.69265781 -0.7652567990705048 -95.86289141636306 -39.232066487881745 0.5972075711658107 -87.52500342285134 -13.207062502358667 -0.46657601029903617 -9.825470775650047 0.5631061019884669
2871 96466.87910437584 66397356.4586171 -0.008260822808539459 -95.76444446934778 -39.43401033703102 0.544050143788354 -87.65736118927224 -12.884559723026769 -0.6608331299267434 -10.45321924211487 -0.22443560863843004
2872 96500.02264499664 66491755.91199392 -1.0935241143394752 -95.31788976498454 -39.744651748699354 0.3842161589492221 -87.61911002524562 -13.32810390502243 -0.4217460847045231 -9.82971650655736 0.41536967259014546
2873 96533.7489016056 66529474.21856232 -0.019912159236103122 -95.50470347741336 -39.90996832485374 0.23203000632183546 -87.8597701612525 -13.269434904459217 -0.5492989449595029 -9.902898079381714 0.3636589542068691
2874 96567.5962638855 68765753.36166589 -4.430570860117266 -103.77965406294216 -16.35698140295851 28.985138366089224 -61.81170652150471 -7.869267727467786 18.944650256577688 4.3552927450232914 16.73854080629428
2875 96601.60378289223 66577153.06069451 -1.1070311505912418 -97.55165702336434 -37.39218298750304 1.5407386933428882 -86.47964554096465 -13.061300154435514 4.564018539679864 -10.358653138896898 -0.07848384809017261
2876 96635.38266277313 66466872.925979406 -2.5031315897935755 -100.01021641782114 -34.227372275395766 3.2242862482215244 -85.26769448555842 -13.223270824093447 3.693614880569214 -10.943482578436544 -1.0419277140990175
2877 96669.69616961479 66683762.64118745 -6.472496038796512 -103.98147836112639 -25.782016981993664 25.248117607169334 -74.33716907651159 -1.6314123076820692 32.92003874174077 -10.420511648445881 -0.42810091914952864
2878 96703.59770488739 66504968.94550194 -1.0582357309934487 -96.94260670409477 -37.21269674592151 1.6264312438187858 -86.50216829293566 -13.273243542438195 2.9951149965164063 -10.577834557132803 -0.5029377272458078
2879 96737.2569925785 67167752.80617942 -12.23970176211276 -118.03927180922881 -12.659304332237802 63.889088754347725 -33.322187152822735 -4.8808061772019755 54.609012161874034 -10.343628756234523 -0.12357189191340012
2880 96770.66192865372 66396695.72543423 -0.07308876268302988 -94.73816375535277 -40.176023692404684 0.12135407211278704 -87.96507180535001 -13.378253519008751 -1.6648579627351978 -10.667182964521203 -0.6481160770949828
2881 96804.08539891243 68334351.73057888 -3.721931095216986 -101.1297566966396 -20.039685431244393 28.776047168782878 -75.0620403194663 -10.741079796005579 6.973382709511668 3.714695128782182 16.011054666051677
2882 96837.1280374527 66785995.80398688 -5.789465256599353 -103.58557547226572 -25.822374124047798 25.229300711572325 -74.37576017544451 -1.8901557625449072 31.56161747605165 -9.541017377943263 0.8427062321828771
2883 96870.98313498497 66493716.03394276 -1.9098648661696718 -95.73481521238197 -39.6131540664538 0.35182343086666634 -87.725719667697 -13.507767147509924 0.08081836559671274 -10.077231473426139 -0.1535587802350733
2884 96905.55390143394 66589004.08836846 -1.9054439185527858 -97.39773650378919 -36.92245961575444 1.7845632402344052 -86.2197470393948 -13.478668511683225 3.739035857243948 -10.168790821688901 0.06807108425095976
2885 96939.13415884972 66432729.20675642 -0.6532657754927396 -94.90795647053973 -39.88628446023134 0.2050390796463546 -87.92882930833835 -13.226827192242467 -1.5256230374045572 -10.123841501597894 0.03417581492271893
2886 96972.9860253334 66548344.357755825 -2.0480943434997734 -97.92304136402294 -36.6065623267879 1.9640931392859358 -86.07027218330184 -13.135617447226423 4.5642075522785035 -10.641600680417184 -0.4261069384430698
2887 97006.49419975281 66767830.27513148 -2.430704144884059 -101.49989080653026 -27.336933371783132 24.44418563976589 -75.1515966070204 -1.3858630973254549 29.35336730070412 -9.243829029044491 1.016179842729514
2888 97040.60504794121 66617531.80472081 -4.193800372042286 -99.69806096869556 -34.88063657448959 2.78497511574097 -85.65912200252538 -12.698237158113557 8.408336967776336 -10.170075283091592 -0.048046164587049134
2889 97074.25681710243 66435143.9566037 -0.8660303629166712 -95.50878779222334 -39.87306207620666 0.23956254706266122 -87.85816781308783 -13.70291897045496 -1.1110176583439966 -10.409464860938044 -0.2712622793759465
2890 97107.74732518196 66548221.12429835 -0.20378419451027696 -94.71367022160965 -40.36905256465113 0.06004435338112302 -87.89400874435468 -13.377178893861526 -1.064782123832515 -9.680187455380405 0.7023695115078112
2891 97140.8789138794 66605553.22381273 -2.9086857622592124 -98.16000775733397 -36.40985359054436 2.021202034333122 -86.08724636047556 -13.780349351928294 4.079938584374986 -9.88029995590756 0.6600008250938458
2892 97175.00209856033 66485071.44613883 -0.0019443610305458492 -95.1896329162115 -40.06261732100837 0.12775754065089018 -87.9934955652384 -13.420364349895692 -1.394257541426441 -9.921122667158102 0.2180089709785875
2893 97209.14084553719 68856425.63725942 -6.895259406477017 -104.41998938660565 -15.725054953408844 29.184237484053714 -61.687693948708485 -8.413509888390251 19.516376311167733 4.799225648980496 17.298121716715286
2894 97248.41357278824 66770705.003204614 -5.8969033516511065 -103.85751961617889 -25.65650506467147 25.340819080602657 -74.26941727374695 -1.9921277351788262 31.62950294904806 -9.754594297725816 0.511826520771649
2895 97282.12302684784 66441624.51473471 -3.118689471738394 -96.63042703129592 -38.82132738043709 0.75133676197445 -87.38977765930471 -14.064774362095534 -0.06709328032889061 -10.433470627080567 -0.18084994148694022
2896 97315.76542043686 66413910.35684841 -0.3179116334445755 -94.94795906382369 -39.928502350841526 0.23938351698738103 -87.91812294487463 -13.209181918168838 -1.5201958495745203 -10.505969534301926 -0.19059928537700443
2897 97348.88469552994 66572884.13913807 -0.33864327258375937 -94.44919305838597 -40.22062896267874 0.038469524304964864 -88.04955080131779 -12.975092940696243 -1.0077895466048403 -9.485912214817972 0.8568784531154847
2898 97382.4024438858 66491233.6061358 -2.95232095052776 -96.47133708146778 -38.94150728086557 0.6576536796111583 -87.53224494242845 -13.859232651127513 0.06821361874733611 -10.150883469647567 -0.1038927138655481
2899 97415.11552071571 66465175.47604105 -1.8957049777271564 -95.87418406962237 -39.44063635599522 0.4313715295875653 -87.6479536194724 -13.599171303750552 -0.4748228763602924 -10.22475004131553 0.10285804543343602
2900 97448.65466165543 66495060.48731993 -0.6617007544188933 -95.48714699813955 -39.92025061439578 0.20047294122112191 -87.85193347263584 -13.49739452939292 -0.7064552935075881 -10.025028596337393 0.13172120226033712
2901 97482.03396058083 66536214.48606779 -2.6131165524393047 -95.78033764225754 -39.622928072773526 0.2830223334500914 -87.77070483285385 -13.760785606730849 0.14432540882137346 -10.021478721542564 -0.10821168507135326
2902 97515.58816456795 66516729.30086958 -0.07859382041587182 -94.65262025666098 -40.036767154081986 0.15871758526257906 -88.00936120425135 -13.219649271709557 -1.7375550244247506 -9.612714216212737 0.6948446996265147
2903 97548.86451935768 66462544.86634861 -0.8569376865499141 -95.34365247201099 -39.787847201597046 0.2672684357749162 -87.84301869891988 -13.375110902486199 -0.7833782587709948 -10.033640199644026 0.20981460161021914
2904 97581.98502206802 66597705.263667494 -0.880634852901597 -95.05269720891856 -40.034512917113695 0.11076130287524677 -87.90956013836153 -13.591867549714436 -1.213544729953071 -9.354634018622619 0.8746509282627812
2905 97615.01281285286 66510214.52388012 -1.4624730362401994 -95.75573365616937 -39.456595626035124 0.4340574937981003 -87.7359970010341 -13.431128731857427 -0.34214698718795944 -9.765119271182243 0.45102803512287437
2906 97647.83701491356 66404823.185606495 -0.545184948695022 -95.25376068664758 -39.898264602160964 0.28436109977270974 -87.75969382059226 -13.73550959261695 -1.8311594077839572 -10.480952593013853 -0.2819440524295942
2907 97681.50651311874 66456256.115567185 -1.2108119890841351 -95.28479595310674 -39.92567359606032 0.15301112656713656 -87.88887434934841 -13.478464244693726 -0.8440826969878685 -10.390360932372062 -0.27013530931162677
2908 97715.00134897232 66426663.69576912 -0.3702728038029548 -94.69930318614219 -40.23478144173252 0.03000717576606604 -88.00027122517717 -13.262569650059959 -1.3655005167764784 -10.429126723335116 -0.39284627411217343
2909 97749.47094082832 66532253.08395594 -1.5784241859819748 -96.03030022210736 -39.38496715383114 0.4361931117931235 -87.70205830765026 -13.580617564651163 -0.4380755131096521 -9.822155820768785 0.49469755338623145
2910 97784.56371188164 66553169.35247575 -1.009871755710373 -95.33644928001287 -39.86375369617063 0.20659916306296822 -87.88800646490415 -13.438764887498621 -0.9621234013766866 -9.544389233872039 0.7797198147520703
2911 97818.75187802315 66448785.791406274 -0.7800695866398666 -97.5484832885486 -36.92822495067405 1.831940953237691 -86.31465977254766 -13.319723578352466 3.005963521442766 -10.754609053973297 -0.7204065857944215
2912 97852.25367808342 66458513.899306506 -0.15540974156846765 -94.76124430948327 -40.1115214719077 0.10208044007046624 -88.00726309587756 -13.199708823341496 -1.3507961876837271 -10.12266708613447 0.17039179516063996
2913 97885.22076630592 66534148.69648413 -3.1057888964563514 -97.91166942628456 -36.809876980923846 1.781434997676996 -86.21884927183518 -13.820664534827984 4.48791333143248 -10.599464515833347 -0.5009543999326524
2914 97919.39063453674 66521575.022865795 -1.2742122416639923 -94.86659682650247 -40.30991304208538 -0.0332773537869997 -87.96797418561744 -13.75030685236976 -1.121502188462273 -10.016794120971667 0.19442139747457077
2915 97952.4117527008 66514103.71801089 -0.03982131118612742 -94.68856738562792 -40.376035775089 0.01376476746369093 -87.97546507274376 -13.233823698195238 -1.2928151753538941 -9.670144810997158 0.7082527558357583
2916 97986.17423462868 66453700.50587678 -0.9027689968712878 -95.06273603733962 -40.16303546200558 0.05143180447277729 -87.88085505263818 -13.708292454871184 -1.280079337001382 -10.300867128709967 -0.3446569410174902
2917 98018.7322781086 66992343.695550546 -9.009322557673766 -109.67593917304528 -26.771093872503698 58.21605499177534 -25.880294237249245 -17.172374512847625 22.05237360387798 -9.946705074686633 -0.013391859462387856
2918 98051.80537867546 66452051.035150796 -1.3273988275207884 -95.08937794254051 -39.93009116789498 0.16409825348441842 -87.86262562232277 -13.608682122363689 -1.2593370335823693 -10.443903359678131 -0.22464987026955896
2919 98085.75363373756 66531550.58309408 -0.18095319164691936 -94.63018461330498 -40.35242639172702 -0.009302252209472783 -88.01010240042199 -13.079296933532532 -0.7877558590379294 -9.673404675893664 0.5838735999850542
2920 98118.8220911026 66616158.5952098 -1.7905348264610161 -97.08973149314825 -37.3532112135463 1.5245828881908494 -86.44788953124143 -13.487258360136764 3.412724049665769 -9.881615701395162 0.38196156305167506
2921 98151.94594097137 66465582.780490465 -0.7275210204492701 -94.57020784699633 -40.323687348610015 -0.024462209212394725 -88.0736539421631 -13.544081836617352 -1.75622790961296 -10.34598015516491 -0.23975655217645908
2922 98185.15009760857 66489981.83665877 -0.5022005830280225 -94.44489231003105 -40.22969773774681 0.02431027246006323 -88.05790174175904 -13.232382012955838 -1.6276944779019118 -9.943108079713966 0.13948170594193243
2923 98218.69508957863 66519152.893403225 -0.5054408387133531 -95.04401983782432 -39.99666402018205 0.06758751827209863 -88.05470729820458 -13.353254949203404 -1.3107448669948667 -9.822384687420367 0.5077445377637559
2924 98252.26491332054 66925093.777463414 -7.038420072535519 -108.5924386959201 -27.394994550258318 38.47116926592905 -47.183403072773345 -16.705926404907927 20.708050025600755 -9.874195157624229 0.22316840910588098
2925 98285.98368144035 66466179.65006511 -1.8341034628880077 -95.6766925051722 -39.88919737461229 0.1317944754975997 -87.8431893532878 -13.879701908774962 -0.5745878881544968 -10.617054374434588 -0.6269528052084183
2926 98319.71695446968 74501127.665456 -8.324782054124567 -129.14957133846036 -3.764107356687795 33.458854717532574 -57.927723554338 7.01400877636604 75.53001030708378 42.2118920924413 59.89571423864038
2927 98352.95011472702 66489366.02407066 -1.3211757978767302 -95.32127444012085 -39.88085164866092 19.723215313857626 -66.69534993023612 -13.584068614092644 -0.9081511639503788 -10.14766215053902 0.09133443353988469
2928 98385.96385335922 66496895.64056388 -2.117853703516621 -95.46549402559822 -39.831639706192746 0.20940899222294007 -87.78518064312134 -14.103333360210513 -1.2537079959564608 -9.985388391543836 0.16223339339205722
2929 98419.43830561638 66751698.33473187 -5.084742510624713 -103.19355950501921 -26.251530609069633 24.967138756659566 -74.5311636036942 -1.6608686019963557 31.66561740944644 -9.945303944845591 0.27045908162091337
2930 98452.14852499962 66856450.834699206 -8.527748624812798 -109.49049888514215 -26.78945804335624 38.74138130756025 -46.94733984924049 -17.33569327002374 20.877207488830322 -10.515764222034534 -0.33790759352939403
2931 98484.99933576584 66468130.40539868 -1.8952883144209718 -95.29073674880806 -39.99943216229732 0.09514062014235236 -87.86175270121288 -13.919122545328548 -0.9033229127981599 -10.421153871316278 -0.5336801718451056
2932 98518.20916867256 66599441.80221383 -1.0870911523488385 -94.7308367251071 -40.10533284773706 19.59438523543902 -66.84374385227615 -13.364918248158233 -1.254137998688691 -9.076684311128986 1.3335656449095268
2933 98551.72665429115 66462115.899667956 -2.5132093972612015 -95.81134599172972 -39.6289330476993 0.3255858299185519 -87.71182761931357 -13.825813770001957 -0.3781065856814507 -10.443549677090061 -0.27361944322149157
2934 98584.38802313805 66484183.75083589 -0.8240725900044819 -94.94007745266869 -40.36028982644557 -0.0703969764810779 -88.01574216402351 -13.760414672958916 -1.281367107655683 -10.31459115872218 -0.19331020782038877
2935 98617.1911098957 66567946.29477206 -3.5235319008799184 -95.7584239773272 -39.500623582232514 0.3194706352964687 -87.64809583289656 -14.118397081451576 -0.2033283236955299 -9.750321719211968 0.4775005267900383
2936 98650.63148856163 66420906.08037295 -2.1757458118261255 -95.8929167024472 -39.5374584879537 0.3464251002306824 -87.63899410724868 -13.87558788382421 -0.32447367909031755 -10.498366202708155 -0.6302764849721711
2937 98683.26837325096 66436683.838884555 -0.5508825160046822 -95.15247159677875 -40.00453715274357 0.14857941890706172 -87.88548381393841 -13.433156766633772 -0.9602183685585715 -10.4839648742132 -0.3284105964301034
2938 98716.8304259777 66419788.925390795 -1.9973312062954065 -95.88070919604533 -39.71076934576623 0.29034144398871575 -87.6760254525178 -14.475960037151538 -1.6324888766936283 -10.688779348644346 -0.5847207639532144
2939 98749.25605678558 66484934.732670546 -2.447521751060556 -95.69473725797965 -39.61033572999751 0.3223784200728872 -87.74666510541823 -13.746322811196535 -0.43111249492727666 -10.442183705825244 -0.20650393698736025
2940 98782.55606079102 66745393.959552184 -6.899912947694093 -103.57713400470232 -26.035296658174218 25.03508758105768 -74.38814971990458 -2.390687816680156 31.522357293159985 -10.062069761558803 -0.10291398977255994
2941 98815.87229371071 68340074.04754707 -4.584579574482907 -100.9732651944809 -20.880674061105218 28.25595810659985 -75.33011429440825 -11.424746572229537 6.927065499417779 3.284960960458477 15.269018072221115
2942 98848.59839129448 66428089.52564274 -0.8076446833965036 -94.6979045278697 -40.3415897492536 -0.07193734032076549 -88.00451231147414 -13.457388479459837 -1.2067493755794203 -10.664992818921803 -0.6306946001357119
2943 98882.3940858841 66475396.38915551 -1.219353926437586 -94.71341408687928 -40.429717787430356 19.415951083965403 -66.85462846966254 -13.919555922597112 -1.5775300478829877 -10.440148237222616 -0.15101940558309934
2944 98916.36077356339 74611084.16386761 -11.86866947767877 -130.7029509948682 -2.822108276334461 33.938153625476396 -57.432879369278915 6.214670081143652 76.99537281740936 42.84272438149071 61.02580928626969
2945 98950.43968081474 76230908.41945186 -0.8605641068598544 -111.79418467606193 11.36985268113624 80.37926247155241 -24.346535336878777 19.137636557737324 80.43674884856182 55.05896147047724 74.79969902757409
2946 98983.8622071743 66802219.01987953 -6.543732370665543 -103.8760993966852 -25.905306919398704 25.151000847433192 -74.41003758349763 -1.7100273693413328 32.41582378654857 -9.496797964132838 0.6581656570303949
2947 99017.84710025787 66595721.48875108 -4.551675369902496 -98.09911037358519 -37.4701971439784 1.4315920630043593 -87.01652744941538 -13.019799016154025 4.313659874530686 -9.742965165574219 0.6191153260651276
2948 99052.13510346413 76973430.5427158 -15.840344218668672 -138.89490168789814 20.696081072038908 62.56025313047608 -31.617530236333902 11.89818380739996 97.19843809355325 57.651821554313074 77.92503376986156
2949 99086.57107329369 74464636.51669033 -12.04399554649166 -130.7505730832449 -3.2187931963978897 33.81561262753526 -57.544854923527865 5.677757006432671 76.27408013787283 41.49610498510299 59.336430654035325
2950 99120.26696681976 74744251.75905436 -14.9065536199638 -138.0707490158523 10.00399848676404 58.45032193182584 -44.347234982055234 18.061345002484472 108.64852592893999 41.88277128228617 59.427380147536155
2951 99153.8063545227 76263708.38643265 -0.6998189829675816 -111.91419405329464 11.424400473320826 60.82149176072526 -45.501600687188485 19.465473585066434 81.05921457008992 55.266376837060875 75.15915576676991
2952 99187.42008900642 66491324.63622005 -2.651314401331529 -95.56657793087959 -39.626045288039506 0.3150018110282673 -87.63584667475106 -13.931151077332913 -0.5632953895402011 -10.082074590810919 0.16810889704498777
2953 99220.8361415863 74625681.23512627 -11.403888116581467 -130.60840815635237 -2.917996769069177 33.90544979162429 -57.528765782569494 6.728920039901595 77.6980742358262 43.002137824439274 61.04064951180317
2954 99254.41351532936 68976233.33443427 -9.165258009956352 -106.71735731165036 -11.577145965172697 64.78140583728103 -46.023200054969024 -11.42548755466396 13.908511704020157 6.815027822698653 19.269155692166123
2955 99287.85691356659 74463240.9367111 -11.559504909738822 -130.3331611687679 -3.54345779030875 33.680192905944615 -57.69043904355154 5.864766457755877 75.96938726064036 41.377269219543564 59.386771843539236
2956 99322.60228776932 74368837.62961 -13.362131159640965 -131.5070460707302 -2.450963097462413 34.323706977551296 -57.11794905431385 5.7320895197228765 77.2540853648702 40.99402408785102 58.5967310834684
2957 99356.57477402687 77338310.51429015 -19.396918147913382 -147.0293807466051 34.946643096777834 87.61155436868668 -18.178694064820395 24.584443817656393 130.63297122958363 58.96346724299485 79.5948930366884
2958 99390.16064047813 74504673.51119795 -10.543477405055306 -130.05274746942757 -3.368318537402047 33.79800314742508 -57.60018290525807 6.384972754080991 76.11401195117537 41.955169170326144 59.64597915580384
2959 99424.29737043381 74730386.70453835 -15.482928159821379 -138.5226142895064 10.254247935022512 58.61725502735288 -44.22424816653433 17.601902165481988 108.2809428099838 41.876372349992266 59.59193321723433
2960 99458.5301604271 77129669.06347749 -19.589984867400062 -146.8083887035905 34.41695764138113 87.4502547518089 -18.187253253946636 24.076063978182674 130.07035786199503 57.122205428768325 76.86405137406086
2961 99492.41992163658 77134947.01523508 -16.237613326823123 -139.14436978379695 21.22143515480544 82.24688991910125 -10.301051465573519 12.266487905375698 98.435297464227 59.14807472111124 79.61531022904842
2962 99526.39618229866 74544674.86773194 -12.053178705803457 -130.88569380989225 -2.71701213494746 33.98158923501302 -57.38451849928826 6.164578551276861 77.3154306771612 42.35927925104636 59.953292648479874
2963 99560.02558517456 74518287.89482951 -12.834504452570606 -131.31886744137796 -2.5864040413745 34.137165713320684 -57.374180009415156 5.884662792467964 77.41333564548961 41.73463498856131 59.609212339442934
2964 99594.16575717926 76977782.58834998 -16.094842333389288 -139.13933726240484 20.73955696187297 62.67477015770581 -31.553451259352705 11.919348862135848 97.33229324571914 57.76396053840381 78.07557210276093
2965 99629.14133167267 74445205.57061422 -12.908293594596103 -130.74131031954332 -3.456844402335463 33.76177419738299 -57.49408859229709 5.25924139833495 76.34275805440598 41.0986241008394 58.57731201448678
2966 99662.3786020279 77849873.12074003 -21.009748421403316 -150.05186711168403 41.13730153390149 103.15461717607984 -11.449328383423428 24.791048517273225 133.0175541765975 61.72555625662585 82.48588223089985
2967 99696.45441675186 74841960.08038135 -16.18848949551048 -139.05988689738498 10.82199528513459 58.77813479056357 -44.09294485614929 17.576057659425373 109.00186998936022 42.80619029872457 60.871411132216394
2968 99730.36729669571 77051163.17340189 -17.160053095967854 -139.56813735739908 21.204113832979722 62.70535577461824 -31.46967014019361 11.791827214614557 98.51266315020996 58.06755229672274 78.25225904046783
2969 99764.69638586044 74980185.55303134 -12.349860104525565 -133.4751018720093 3.2427467650829556 49.53724923404049 -50.769591362995534 6.389254317480493 77.91285285541642 44.70200669743713 63.06369869442324
2970 99798.8512365818 77660396.81740732 -9.017092611380324 -126.47436752959423 36.556819419608125 101.95109364697817 -11.921251861236527 34.5411600524734 128.8628332200666 60.49224909174575 80.92115256575573
2971 99832.58705878258 77243340.4058874 -17.915828896758228 -146.1917389239081 34.20463786618285 87.29240747706586 -18.467635252576482 24.906700011149837 130.07528458998524 58.07630421342685 78.3537091121317
2972 99867.10998868942 77144859.22135517 -20.248295969552558 -147.196683057986 34.63367748898136 87.59340162202639 -18.076631931998538 23.508757458266132 129.34071827040998 57.38031762309549 77.29400951041293
2973 99901.23845481873 79999440.31973962 -32.71695775976271 -170.83351765344213 74.22219698593054 170.24211737408731 42.29508947095445 22.981950893480985 162.91605474260052 74.06757354437468 96.58695814971065
2974 99935.62133955956 77576851.52825482 -24.716317228448617 -153.18164633470494 43.40546309996698 124.01446725098563 10.968374301919305 23.11946224350629 135.69246118531612 59.11866787630504 79.5145400658696
2975 99969.95305418968 77905622.19099611 -19.614041700389862 -149.01290042848296 40.34366627429674 102.7429728006839 -11.783599839020892 24.99424899549456 132.0660158498697 61.98978177905394 82.77604434375246
2976 100003.84617304802 77180788.56609015 -16.841413325686243 -145.46241662061027 33.66813498824419 87.0143505951851 -18.61146170114785 24.825683780701297 129.05959510246885 58.05386053819643 77.89529988215088
2977 100038.48874306679 77286956.74967332 -17.86710220692121 -145.9270326287983 33.952707574035685 87.1893811645471 -18.44625653240255 24.54874354561241 129.25958567578448 58.39259179369424 78.60216910548445
2978 100073.41122484207 78852852.40714005 -22.352881202814515 -152.73499862258484 54.065719048604386 115.89130563584322 -5.472057163964101 26.731853294018947 137.61095556753128 70.30073239020942 91.62733089904941
2979 100107.67036056519 77862015.81767243 -22.006033577402583 -150.59762475734735 42.11834741735725 103.56099881336988 -11.096488132857772 25.089360806246418 133.95555127901355 61.91312905542952 82.8007614577333
2980 100141.53085517883 77187422.11307417 -18.284666792539575 -146.52825851105985 34.87154115002568 87.54669685916602 -18.17962655208251 24.529920324280624 129.60879504991965 57.9047131223997 77.95773668791082
2981 100176.42104434967 77269813.05411474 -18.40381117859448 -146.5116857870725 34.51186654161282 87.32992649026673 -18.34686354184611 24.371422425076844 129.85203529505566 58.642443491119366 78.67472131588022
2982 100210.80626535416 77803331.56436896 -21.702070816891485 -151.98888984970023 43.604774308657134 104.46420348278315 -10.053479473725321 24.86031054106695 137.16183245339016 60.423621411335034 80.76088669039677
2983 100244.73543548584 79919057.99001153 -33.14320387569269 -171.06766802711837 74.42732542765661 170.5278195358062 42.60705544634445 23.496772117441424 163.69495704481142 73.79899966311507 96.16732272119464
2984 100279.81981348991 79919000.39086747 -33.76397336212116 -171.30878433354846 74.0527315454836 170.29169369901288 42.339814498358976 22.793683886618396 163.65023967929494 73.22761899360796 95.41461470044919
2985 100314.93588376045 78384276.03668822 -32.72001300705328 -170.91338132890445 61.77599854538617 165.03283601013177 54.04699626218739 20.79830624817623 163.52543344423646 61.11022338764519 81.95743740458192
2986 100349.46460461617 80101746.22682495 -33.06179752697531 -170.90048304858692 74.01530311898054 170.20661075960803 42.2178983591245 23.20603821196903 163.49772200436064 74.76749136346257 97.32099606637325
2987 100383.39231848717 79295980.1750272 -13.904423067747476 -136.2311795640887 59.68538461138016 132.51475351989893 2.5277689290403433 36.0957581891837 138.71792726748936 71.07650850267726 93.08458779900946
2988 100417.02725148201 79309232.81850863 -27.31410814281505 -157.3324803802075 61.385926418183274 132.07291115151574 1.69900072143031 26.14264692558288 140.551264343272 72.36174457835114 94.36374714864337
2989 100450.5142569542 77328406.34485097 -19.958849721037527 -147.49372797055054 35.23380888123017 87.6489407520661 -18.081462729823944 24.022865296139003 130.87484070073208 58.71988167074812 78.76828658629313
2990 100485.15188598633 79222721.44359943 -13.019322606901838 -132.68448186221445 55.508158762123344 130.30431170620486 0.7357838939404138 35.98119216378541 135.5602937588883 71.76882383553095 93.86230802323485
2991 100519.4892282486 77913350.39486468 -16.872008561241437 -140.95199094042724 49.81490440557343 160.19693361292425 50.18989588217359 30.56594292471425 150.71477406781025 59.54973206345039 79.48869794259053
2992 100554.52176213264 77681979.30013654 -20.45663811282526 -149.76581761054936 40.515209355474205 103.03040944075241 -11.625442733501526 24.30252702639018 131.0660276309759 60.53770949041427 80.98512831053245
2993 100588.72910404205 77541484.67196465 -7.525649871209241 -125.46358756827681 36.62634415767441 102.01270127566578 -11.958275340650136 34.88558044148442 127.80822513567512 60.3701071671029 80.48759330597898
2994 100622.68635702133 79940890.58521715 -33.2894731483793 -171.07445393767748 74.4077573702661 170.58680652678703 42.55818530005503 23.377238344623834 163.96461153362668 73.75730929658766 96.32867971920359
2995 100657.13068842888 78055414.72650304 -15.707520129699727 -140.21214521827 49.32285991203376 140.41060268391192 28.87022954993322 31.231760503472287 150.9136359617621 60.2547891454617 80.66017907882622
2996 100691.79125666618 80099431.47074544 -33.02110303592424 -172.44454223678736 75.64260705314612 190.54622357315733 64.26147021910987 22.763758939357103 165.97761591999074 74.53102652568566 97.04852588025858
2997 100726.90589618683 80178307.27855681 -38.85424779293385 -181.9239151121773 86.4305659444541 188.76726286079312 51.89665796780509 23.176567843155794 174.80343302026063 73.46057124766548 95.33408714896575
2998 100761.01422095299 79744178.77371366 -27.217842497753455 -162.5218321598268 61.066391017829346 145.8296968968671 29.067319925050597 12.465452511106605 131.00688058739377 74.41511791867117 96.94712280833176
2999 100795.37364888191 79901185.27543414 -19.90857355030048 -147.30127126392955 70.37645991231872 169.47255970875102 42.08982917614965 33.82679727398613 160.07888550743723 74.4529100164915 97.02533939741397
3000 100830.10182452202 77631080.29433475 -29.569178026819497 -162.52671003770377 47.944810134135835 126.3610472939352 22.8308388010165 19.610767605051592 152.7983744812326 57.32232340783571 77.37927533313552
3001 100864.8994653225 79855230.2897015 -33.20876800680461 -170.9990368799919 73.76469888922489 170.19444288854334 42.22231481847631 22.87341426248065 162.93968447852785 73.11866375278794 95.04028218900214
3002 100899.35917878151 78154413.09901264 -29.688185351028764 -166.61575868148856 57.012839502515725 143.21239656937087 30.94627286035507 21.085828235012286 159.75555485389384 59.910851969585906 79.56409089821011
3003 100934.13583517075 79203755.20160307 -34.08835898429394 -168.7369039669289 67.52930814000636 154.87458936989418 35.81095753214037 21.64623254047342 160.72396048611574 68.71105089012224 90.4889510500808
3004 100968.70636701584 80164512.26427422 -31.780815592883044 -170.6299031623152 74.14763424729139 170.3795950995264 42.28937495234378 23.733257244305833 163.50372077166048 75.66105215693312 98.5801831154771
3005 101002.95778942108 79564482.3260681 -34.322181141643775 -171.41499292996107 73.08736019493654 170.28617040787233 42.262723460576666 21.68401581081605 161.16331975989272 70.08070671609869 91.78031642198061
3006 101038.0428879261 80138737.41538839 -34.02957433133865 -171.430476813077 74.67240698627508 170.36214185655749 42.5163469385149 23.39698848521971 164.93833342906623 75.17771010242313 97.65197986281146
3007 101072.61543774605 78470815.22019842 -28.90038276573103 -166.34263053038944 57.20173647364514 143.09732990486108 30.838863535878012 21.727440662782215 160.68572999409207 62.25296894929352 82.80518266858667
3008 101107.41267442703 80244987.42082609 -33.11307730607168 -171.35497345706784 75.31216693795244 170.7369592847758 42.71450938698021 24.175649780409117 165.40581031642375 76.3896826750746 98.86044395723968
3009 101142.56657147408 80565923.80726874 -34.41835202126047 -176.41962123865505 82.78818349108897 194.5012165158828 53.14986247289231 24.258736237889934 166.6828722220647 76.25217473707369 98.99236027708093
3010 101176.65930318832 79704414.47868459 -35.18616036925226 -173.00742854968053 75.38091029029658 171.24958780992156 42.73627406605118 23.01330787213601 166.23075976963753 71.18389600432454 93.00724016091442
3011 101211.35894727707 80340706.87046425 -23.473444182933353 -151.71170675133905 75.2411975623589 191.45626286399158 50.92025713806914 33.13751636590189 158.55417009741382 74.62942537307288 96.9902347858964
3012 101246.16488599777 79658220.41897672 -33.142283094385526 -168.6698216101598 68.06805332914858 154.843648187928 35.70293996352772 22.601620237504108 162.57295169900988 72.00275859371789 94.17991106370448
3013 101281.2473397255 80282796.06124444 -33.93397034798374 -170.22938268014565 70.52419132535405 170.43911602911874 40.425045120664514 11.59162230278298 135.15191758297328 75.67136673027949 98.80813162407753
3014 101317.10554265976 78334755.17592882 -37.81505255604884 -179.91357347083644 71.0458501449914 182.15631677269204 62.74439049131149 19.685700357134465 173.3019580593393 58.47070200067617 78.22485940789545
3015 101351.62772583961 97993165.1509202 -21.543686838464932 -156.937024160409 123.10458964459484 179.12428604487891 48.728885420042246 77.08177814119904 254.81859651635534 218.3837219992937 261.70747611881256
3016 101387.4681494236 79694745.41790795 -31.70971300606528 -170.35682228313604 73.37134056022691 170.23101033345273 42.22452366896943 22.827136306228454 161.4400902100773 71.2166826491931 93.20788135513044
3017 101421.94954109192 98990133.76941396 -30.69047172881138 -172.1573396732311 146.53622629633878 200.0416979059322 62.08692893696121 93.09021987636402 306.45654085394244 226.5716762107918 271.3041272998822
3018 101456.5111656189 82265630.41414633 -31.71130325005592 -165.51809833172123 84.58926840751087 152.09128351587484 31.822277298115708 14.797886619997826 140.43465386698495 95.55926825902395 121.02876586174841
3019 101492.18381357193 80078226.16769998 -22.12995421467412 -149.76067701575712 71.83514027179129 189.65816175844355 64.08680516930121 32.75802056518296 163.78852093127023 74.1226426428907 96.61334285283533
3020 101526.12698030472 97609320.77730797 -30.663569747431843 -171.41823394107897 119.93204037926407 136.55678715738884 7.457050970529301 70.90841157213708 245.924183285475 219.67374526762615 263.2283817979296
3021 101562.12071633339 77397533.88327575 -23.59512418238562 -152.40404332027776 41.29834795104135 103.77954257463387 -11.271582106945077 23.6429825761993 134.2466937358838 57.21104272496257 77.12566363177609
3022 101597.08707332611 80091170.2960875 -41.04912693940506 -186.93475631650648 91.1176328598871 211.07014190143144 75.55281993260931 22.867527198969242 183.71452495264828 71.35370918764318 93.56677235129666
3023 101631.64175915718 78547291.4322586 -34.3139413652524 -171.67643814706344 63.47695925797555 166.25785522667215 40.66208441546327 20.364610951661803 159.06950723856437 60.39382925701159 80.55037205286499
3024 101668.06772208214 80106442.01197056 -39.725056261976206 -181.45662096396313 84.91814888767084 188.27579988466783 51.548477628912664 21.537515731307394 172.1178957975667 72.34733750177338 94.945693364867
3025 101703.0149948597 98012870.44694777 -45.53133230382281 -198.53801740820862 143.9625162236419 198.81210050592458 62.57313937881711 80.77681150134026 311.3921569336254 215.6857829366479 258.67339940441366
3026 101737.87032723427 80243003.70350705 -33.41993322515356 -171.3893491747212 74.93830068669817 170.5706334330632 42.52597701591094 24.23746181592594 166.19004069679056 76.0152651891733 98.70427720086104
3027 101772.6787993908 78414248.4131085 -35.29185567268054 -175.60625035905625 66.45781507176544 160.07612964552357 38.92678650272538 20.523169868738364 165.93978640253226 60.80881304990817 81.0133014194331
3028 101807.56375455856 79902503.41649167 -27.47622333189188 -162.24801068862467 68.85183659250069 155.68935091508092 12.021630821794659 26.433530781971285 142.58904806551675 74.05100497732633 96.77416627060995
3029 101842.61440610886 77514669.95948122 -25.33604897854911 -155.34153365919335 46.03791023952948 106.14674871811272 -9.19789610263517 24.566488204094412 140.1971927452645 57.964989477282984 78.30625961670921
3030 101878.58520507812 80233117.27914923 -41.482783741052884 -184.85081468486652 89.07739973152974 209.71303862326678 74.48068878220937 22.068871995867084 177.80760876670615 73.57261192934686 96.2615558706733
3031 101913.42680573463 96388326.42971194 -31.701371399003733 -176.31003100891698 115.76487630608725 153.1843124293145 39.54993320076738 78.18194339964975 282.98895145367635 208.31106292328536 249.7372157941145
3032 101948.77312350273 80402174.81127319 -36.560885655810345 -177.351859136527 83.67391906032972 195.09419732540434 53.54762346492861 23.872624820975034 167.21495499049058 75.2489745362517 97.65500443305189
3033 101980.07866454124 79814636.61368896 -39.218003656461605 -181.83989231069017 85.62834847352354 188.71532943200143 51.76377666916778 21.8451831753232 171.6586339769757 70.59983433216235 92.90856720249133
3034 102010.49064683914 82719704.66991031 -17.2986949621977 -139.3364026053194 89.29857890423887 139.30890907057983 8.652854426568574 46.40678576919311 165.3721793183006 99.0084223554868 125.18408803659747
3035 102041.07111549377 75524851.78158836 -26.069721436397998 -156.5463156454024 29.86897765302176 113.00539178062174 3.436523181467286 14.134804486829239 133.21690142134196 43.59738345897995 61.45397658472689
3036 102073.68186163902 79824718.1028866 -36.63836979673296 -174.65941509106761 72.70328936646132 164.06567077339903 38.50093699097682 10.093885886492046 140.80804012213616 72.76947544678183 94.88771596934123
3037 102108.1446454525 77998580.59032612 -33.21509968468073 -169.6839114253434 53.74199884110351 155.48343300003526 47.50462891840219 7.098247932614299 135.43108397948185 58.02811349508022 78.17522888849692
3038 102143.2208917141 78447269.29963313 -30.50492673894786 -163.4456831247324 50.65309589381693 141.71294429796356 27.619888143448694 9.44035344666355 128.21100599192255 62.18289143653442 82.76100280701917
3039 102178.24041867256 80417596.51516385 -35.84624528987657 -176.64974834553377 82.57616882129534 194.5235468550401 53.17601664229654 23.20750996924437 165.81170911661707 74.93530107446384 97.3356128501548
3040 102212.76770448685 78194504.39681314 -30.75042279188984 -166.77031967100083 55.97249426389256 162.10270149774502 51.449797809327016 19.84802564873644 158.5286794524369 59.62676945597934 79.79886661903004
3041 102247.04021596909 80647250.66684051 -43.19597583185637 -184.53397303884194 93.19962031693572 211.60497019305512 61.269369515981914 24.69504253409491 178.79823639354208 76.60833084861963 96.6639276485098
3042 102282.01792383194 77990447.42718297 -27.372889025394727 -158.7489403731358 42.728268374461095 118.06129081169327 16.95246325715058 9.713028661502335 126.96509541340447 60.571843867070925 81.36133146759835
3043 102317.46407485008 77952348.45977585 -30.092665254610736 -165.3626804295721 54.53419819694484 142.09966014136046 29.528839985175104 20.450271507352568 154.85217256916326 58.75661162682479 78.46632248057415
3044 102351.88903474808 78471656.67446427 -36.27885994603527 -177.83761470996723 69.19882687617266 161.5493227335641 40.487745318320954 20.433628782326764 170.1675365158618 60.52190911668163 80.88583233095892
3045 102386.74920773506 78078685.82245335 -31.927713102986797 -169.4220043753743 53.57080140120827 155.47740395785485 47.44305448748225 7.2996621669229285 134.75231234620867 59.20799730094666 79.27871586349443
3046 102421.4805765152 78546226.78406908 -40.6193259159998 -179.6409077325611 69.88895858628746 181.13183950646874 61.61850594572756 19.100039637032296 171.2559027872128 61.21026977062979 81.62656842405647
3047 102455.63637852669 78175740.04536155 -33.26420150916202 -169.9626666639383 55.5721647470198 136.6525273379059 26.407611731185682 10.200029833494398 139.26070369564331 60.54318387072715 80.71863945453026
3048 102490.08490204811 75761243.99488485 -26.20780526226821 -158.37510894092236 28.122319282740996 106.21440266493894 -0.4890070065457497 2.8419077118246605 112.27795055901333 45.88051947339011 64.2054788375774
3049 102524.44189858437 79684949.71168026 -31.888160186108387 -169.42073924049907 72.29580724298451 169.51777927877632 41.081457477774876 24.468052699622262 160.70429012677175 72.33618038381087 94.21261418859183
3050 102558.98646402359 78050273.83176881 -35.48614914441512 -172.21484228221473 56.54700339822627 156.94468132619824 48.32498170130179 8.279448437808753 140.02709660042888 58.71377388643316 78.95413270825452
3051 102593.32873797417 78677439.84771661 -32.83635654038957 -168.38836620723288 63.72605578304582 166.4263775498927 40.86585708806116 22.20610881057985 161.2414411586526 64.37159784901996 85.54616873832617
3052 102628.01173448563 78072965.32055944 -31.17598102722242 -165.37232276077702 54.79959787208733 142.01202675182552 29.707646855654474 20.152142798870045 155.1291956892111 59.636245234389776 80.2197961218136
3053 102662.6851682663 78567713.49236095 -12.597885289506216 -133.312122701465 30.346533642275137 119.31645239897989 29.07743275640634 12.998731946138832 118.45301630861775 79.011767246359 99.43386824350591
3054 102698.79925322533 78372987.54233709 -37.40366867378356 -176.09523794078322 57.86553084481761 149.95682662017475 33.30896441182328 6.469309534596164 138.43449365323966 61.45819211640605 82.14337159873139
3055 102733.53818655014 93794072.25624636 -28.976306414954422 -169.80271301356 83.95769533475422 134.64458601186726 29.76688404891673 57.0503666572331 235.71191780528181 191.2977616317205 231.2424737690343
3056 102769.23591542244 79958287.35297744 -31.679481920643575 -169.93288967677705 72.81722573759922 189.01787191622992 62.510333636506346 23.611480522966758 161.8072019513977 74.02558928267933 96.14691072357789
3057 102804.90227556229 95683027.42302807 -31.0153893984941 -170.30361558843498 101.91246784092974 129.0371971269088 26.736396630577914 64.81267482653641 251.59429377881543 203.13112431920354 244.46351946767527
3058 102839.45800113678 97457467.42378041 -36.10753135813264 -178.91434755243114 126.08112287897309 157.3075743211922 41.986385113196356 76.91375625557657 283.94412195637824 211.3060084092266 253.5510622789227
3059 102875.38911938667 78631784.98548192 -28.866894529942424 -163.06131381114986 49.36369723518981 141.09810816949926 26.989373121406565 9.639507349493726 127.4274970110929 63.2125723571653 83.89588256873049
3060 102910.97956776619 95696091.90707162 -32.57847055412723 -179.9210922242238 121.86638265431316 151.09809380996828 27.628207112105873 69.3565667452234 269.75240265445746 200.26868780471727 241.08527850846122
3061 102946.64045119286 95849002.95946334 -25.92870662505038 -165.03545878419916 96.24694847913864 127.39088191579788 12.52315781716813 63.2699824227617 238.41087105469808 207.95190220510756 250.268910422648
3062 102981.5816681385 97201674.02027862 -36.90543703695663 -184.49368093873915 121.42307781172129 170.0669084020478 46.05261190103225 66.12304456915945 264.8365314497901 211.84848788472664 254.43174395228118
3063 103017.64519524574 75947960.6331166 -26.28033237107889 -159.05043317897653 29.601215033572608 106.65666148045366 -0.2965286468439441 3.7555197607473474 113.9267294479746 47.41991092206729 65.84607895002716
3064 103051.65685987473 96771029.67340155 -31.890109852095797 -175.82727253784046 115.2753246873745 152.76644642922795 39.287739173108825 78.2973484302612 283.7478073280471 211.0482056064692 253.18588959669262
3065 103086.33991956711 76072418.03159937 -29.147377953026606 -162.67740534884484 33.15671316533937 115.61648287961822 4.410156640805253 4.031076415645771 117.632701295645 46.7956701420303 65.10762992099421
3066 103121.58234763145 75451180.81118488 -21.198592204588248 -149.0958118307642 17.185009076949285 107.95323664873878 11.76954358754302 2.1707331288918112 103.49013672949638 43.874461602908696 61.78659438792795
3067 103156.51635599136 96170196.21302013 -14.526734145447758 -145.4279294266344 105.65509231290457 149.02649915019157 36.28595518554253 89.70259750637285 274.12015863874046 209.25186191314697 249.25433243689804
3068 103191.23425531387 78154232.86014108 -25.803951716601546 -159.96247759658655 45.51911936587753 119.31704508177879 18.038198279731613 9.78444773557402 126.70801237257126 61.968697668574805 82.61293548257356
3069 103226.41822743416 78746535.60429321 -41.87440473601911 -182.49700377928443 72.524066921658 189.78531761490285 65.86658976270809 20.04163928225819 174.43621803968676 61.01716112010456 81.35447001334956
3070 103261.16956162453 78659030.92233065 -35.61756830868524 -177.08486811796007 60.14074194108594 170.21063637965966 55.302451731070676 7.752176759442875 143.49812913376218 63.79177484118634 84.94124297988344
3071 103296.98106074333 78552996.75943814 -35.83347293115605 -176.006526016132 67.698237809982 160.56061551142398 39.38362917293153 21.624924259627733 168.2502812530696 62.6872704128524 83.12940413671095
3072 103330.75571870804 93355131.62757485 -37.92283432592404 -184.02734047038183 104.79857239514641 175.80182259552168 50.602091947222036 68.26352064746436 274.24257193565313 186.1330377561278 222.50735266191157
3073 103365.5653796196 76010832.20024675 -28.1213845664523 -157.34283731901738 31.602015099847435 132.96583294418159 25.246107511459492 14.597567850821065 136.64651793396058 47.32208198331023 66.13897945782753
3074 103400.30533242226 75640028.15464209 -19.843651906665734 -147.83096689715038 17.3662481345838 88.37255930778115 -9.74154483857232 3.9843692852189747 102.51647379986935 46.83049547194298 65.72256741497984
3075 103434.73904895782 75790660.17081523 -27.417879260327624 -160.69161537184004 31.30441782390976 107.86473752571686 1.1297143207984703 3.1874739575810622 117.12601910378305 45.38699776037981 63.32172328956938
3076 103469.02232909203 75887416.01101165 -25.40486977050208 -159.73569760640635 30.200591727583834 126.56182960834676 21.38047432384483 2.9972665754437458 115.18877548278351 46.45242596520234 64.45288330880123
3077 103503.7446448803 75698125.11178254 -24.67629557646166 -151.2726455373356 19.72843800961713 108.85062882906252 12.537579130740287 2.660307782897746 107.65536258072677 45.83647600449774 64.21645459728734
3078 103538.33117294312 78309837.92627458 -31.66964983991688 -174.0631682773716 65.94677306417067 159.90278613957992 38.60163100169411 21.396335627382314 163.70070904930162 60.900805229430034 81.43607067371795
3079 103572.81025505066 78579075.27816617 -30.813591212082542 -163.32770683605668 49.51013706525201 141.1057575728596 27.17527505331202 9.165581328793053 128.04533943666786 62.68285730973673 83.43333917672317
3080 103607.6594748497 76126328.83807388 -24.206270019765874 -155.80598178996067 31.168266446987772 113.00743235945455 3.5972405479881653 16.221046904648233 137.1628495759287 48.19805401796066 66.60442820750575
3081 103643.13015198708 75626261.50276181 -23.093879294934247 -152.22823461094407 21.661767969683943 110.2660162580018 13.89376565549863 2.9472631100202875 110.12355380294139 44.79761927214133 63.016694556286325
3082 103677.63189911842 93554894.15194482 -9.596619242281067 -132.50805136116003 66.6006074262003 82.02460051462165 -7.434679297427055 70.10487578725201 224.6171212700906 192.6195178739972 232.37548386126923
3083 103712.18948078156 77917566.9093801 -31.244869870205527 -167.3651994104264 52.94710842903641 135.62274416606942 25.823526567538217 8.732900782659271 132.45277556292285 59.5224197788915 79.89396662391937
3084 103746.74674797058 75936004.70797694 -26.546012192666915 -160.3981953530757 30.609414796536313 126.71189628517888 21.604281595731617 3.17716540505711 116.43290757556633 46.67209659537798 64.96168787452496
3085 103781.16548657417 75819262.76096368 -21.560533142811806 -148.3600647231097 17.1547096320934 88.10902507878995 -9.810365259570068 3.5664909094004997 104.07502340074154 47.06117440369087 65.61793888276463
3086 103821.08372545242 75771429.65855739 -22.410095633879354 -148.7054533133126 17.589750876632465 107.85952034311796 11.49072566513677 3.4615350294466793 103.90281760686014 47.5457034205665 65.85657089892516
3087 103857.13545703888 76390045.69531499 -27.214774352905522 -159.09573742356437 34.65162330665033 133.98480146586388 26.245424564854105 16.366518733563225 143.1879011618712 50.07727081699784 69.03495639483037
3088 103891.95390224457 94662744.24037631 -20.323563169413422 -158.25465534739416 78.82731906554514 98.83097830485559 -0.3860336350516649 63.74830623338073 234.5468095703186 200.11241191615625 240.84976885812512
3089 103926.4315199852 75526317.29825558 -18.312294223882297 -146.65931359486066 15.445639664796346 87.53726160678444 -10.454811718696513 3.637677097890503 100.26741205143708 45.874804849527095 64.08098959113374
3090 103961.31944727898 77325003.32041653 -25.20713674600662 -156.03551937668806 34.266375293906506 116.1877887886837 2.8590665768429444 5.8116087176906035 111.72981470076661 57.109212983014345 77.2549029925043
3091 103995.85405182838 77386289.14262488 -24.614772516717025 -154.4788359841161 37.1182755249954 117.04254757105456 3.3865718351759186 6.1591383553518995 110.97517849775818 59.7543607645008 80.24807850261129
3092 104029.88182497025 76164700.80284971 -12.82905751003431 -131.26359643842292 21.733392958243154 111.3166528719695 13.002412447871514 14.064983576033114 104.32315757742435 47.99061414785842 66.72951125291229
3093 104064.42696595192 75596875.21906899 -23.529713330468187 -150.82492371240699 19.55523152548576 108.99161593043034 12.556193844677653 2.638336264232464 106.29117610526475 45.53006603931044 63.74339547470299
3094 104098.37603974342 78025964.96027656 -24.788102607438596 -158.06346298802097 51.73660689557941 122.03019344859555 8.711512129431188 14.848976432451877 137.1838275647923 59.74016325747198 80.1040063446851
3095 104132.67609262466 75787502.99927895 -25.999379173819616 -158.30836776026476 28.82195059434346 106.38588972235576 -0.21874680879006103 3.5749771794228877 113.53141063478063 45.88687753348074 64.24721260932859
3096 104167.46170020103 77977022.83528107 -23.93005582089861 -150.75652282739435 37.13489933085151 134.15168887976537 35.186562157783904 10.621323593316788 121.15096837546832 63.89016331772905 81.97052777390354
3097 104202.27590608597 78706552.85789898 -25.047999385412428 -155.99244973801976 54.099423020709935 120.707057036761 20.21624176914181 20.521312583168083 151.06910888479388 64.6141282398977 83.41067603907288
3098 104236.28061890602 78379280.82335174 -28.1621719046205 -164.6984973914657 55.550077688142736 142.16411206489863 29.48223810244222 22.593070045174613 156.99648827157012 63.25124458006451 83.95019806660048
3099 104272.13350653648 75720726.63740157 -24.869131620002104 -149.91371744346085 18.26604628428812 108.2891513292605 11.896883007014514 2.982617136644876 105.53909323171331 46.46376989533189 64.77880132317341
3100 104306.63857531548 96068150.9469602 -34.67769507403587 -177.18482416514806 109.4170453729179 145.99511003323528 22.305499024443122 62.181470669733585 249.6693374854117 207.9714755189333 249.9722838915485
3101 104341.8792963028 75270329.73610081 -17.483392845636004 -144.20642049563185 10.64189275753364 72.38449495028608 -16.627882706465158 4.266873019250568 101.09801524219222 45.13991706064769 63.29219755256622
3102 104376.0915877819 94045735.2957758 -30.546627870706217 -170.56523467239592 89.0011401404349 117.40777034006581 9.445587815168865 59.485283520958205 240.46252329094818 193.18393366918895 233.0087817209045
3103 104411.00711274147 77823429.14344083 -23.593901530099654 -155.37420603097877 39.790340811298705 116.64896073620025 15.798196324039164 9.341067314609688 120.57426519424882 60.84321393313428 81.50405528289264
3104 104446.13684940338 94568484.79758775 -24.896550813734724 -159.8600980375417 79.49406233505886 99.35295962663352 0.2858471913533922 62.07101202275476 234.97974537575817 199.4019412353183 240.13804779580278
3105 104481.48500728607 75618650.33328322 -20.887402709141973 -147.97380801045168 17.119271711259202 88.33794410337488 -9.696685258455505 3.8458105925843142 103.03463988913757 46.494040266072716 64.76036606270372
3106 104515.80063605309 96953975.46026805 -28.238667821491862 -168.50514186799253 103.68313594709684 128.33369614263412 26.09312449852889 68.47346128646063 255.14926326747138 214.69657287348264 257.9117105467584
3107 104550.14111709595 75523988.75128831 -6.858365484791367 -123.64679128729374 11.576552650712948 86.57775535490546 -10.715809391006694 13.69239354492754 97.22645466204665 46.34654692536151 65.08222524657742
3108 104584.45445299149 76041449.16232115 -22.36450267821141 -149.87830123006955 19.16973524757487 108.41949407765998 12.285044882431613 3.5367868655862935 107.82575387361305 48.78095493536523 67.80511583676412
3109 104618.16489124298 77660849.11130291 -23.820775968782478 -155.1408295219464 39.302783695181944 116.39917021097952 15.757999777437586 8.342655468436874 119.5936952636207 59.21995476400673 79.12792137042788
3110 104651.98086094856 75622549.67384523 -18.671293561863223 -146.74986599319047 15.935946483572547 87.60222060776559 -10.102708065433266 3.721131000078117 101.63341967040492 46.30837947550913 64.752611035271
3111 104685.79517531395 77550340.04987505 -8.970518511144247 -129.17733478506312 31.249459434137826 114.87779478982218 1.931594088564137 16.784023847902745 106.21062967828414 61.17133248032542 81.82341301411373
3112 104720.2985420227 75808642.74746577 -7.93530647740555 -123.8340747139085 12.43775160047364 86.69676371712578 -10.548604344689508 14.517061157846001 100.76374155329563 48.15421599567287 66.90227880954785
3113 104755.20576620102 75393375.4701325 -22.794718268287255 -154.52649639363406 21.960806560350072 90.3752775895075 -7.350995496811164 3.5736171970858095 110.27291475159348 44.48092014651775 62.51368653821942
3114 104788.99164009094 75417742.688352 -21.790105097998854 -149.07387146883957 17.585546028403407 108.2746612463763 12.187474241048474 2.3058826049813206 103.74723755877699 44.042772603520234 62.46402480729398
3115 104823.39224433899 75992996.9624017 -20.061939429432254 -147.63962112643614 17.79311031909613 88.36687483870769 -9.413074534564906 4.7426409399107 104.58708982480789 49.71587220185961 68.8430070713614
3116 104857.94032812119 74960003.16733778 -10.120853139636415 -131.72847515012901 1.9367826126187033 48.851283279941164 -51.321483912871166 7.0069645021935685 76.72773523956607 44.41483667366106 62.90291072379955
3117 104892.0147998333 75962327.99891476 -20.325376039261897 -147.70438960221176 17.971023986031483 88.41323577913789 -9.327179275982001 4.6935897465873495 104.82558203827693 49.67637512926274 68.74066179314013
3118 104926.17668795586 75280368.549499 -17.939361523428396 -144.09308943514412 10.259330181642305 72.1845420586583 -16.75246837245634 3.846969433446702 100.51392140716155 45.20086135028589 63.773202800819035
3119 104959.79846382141 75228645.84017602 -17.492357691293723 -143.8043043277289 9.453677743184596 71.8547485886839 -17.04115370259602 3.278962614256443 99.27259463079668 44.259896876857624 62.291582450164015
3120 104994.65678215027 75253020.44776393 -20.856769159876713 -144.95502438122227 10.866729881227918 91.80108693674433 5.079680930796928 1.2018364525406469 100.27848558097628 43.88076351327027 61.732706365309014
3121 105029.24718475342 94855641.9341765 -28.12689586401774 -169.66614270028867 90.9846832805562 117.44282134963633 9.391711848303656 62.550629872473564 244.10363480468936 200.4245178384332 241.0707845611662
3122 105063.46206760406 75349289.1057455 -22.56751674181825 -152.1535217979603 22.88138058894689 96.73219988614316 -3.6307181465226064 14.461453338903425 131.2790564063506 43.47413968376725 61.348779587070794
3123 105097.68032884598 75400168.34225594 -13.1510406333931 -138.5947485868465 10.421298606929263 84.4401592185975 -12.93472550268585 5.4546949159983456 95.84712123069312 47.26164512673063 63.232743094808825
3124 105131.07639098167 75401616.76088478 -22.279212534385408 -151.44888807509037 23.21360039918199 103.52707393591207 -2.838408914680551 3.694296622251329 105.92697101427927 45.22238629523372 61.8279191709172
3125 105166.10513710976 75779878.29027168 -20.143497762282998 -147.39680586313355 16.81590044604492 88.0542747388999 -9.689811413214656 4.358945675207281 103.83050374901688 47.35956754690858 65.98385581733544
3126 105200.43437933922 93461672.82844311 -21.711621154088306 -157.36346231415052 71.7746990746184 103.2768503750014 14.817044892424258 59.60122345886214 230.16728824920585 190.93175843346773 230.26547073552013
3127 105234.52036809921 74864801.64842899 -16.16872932182318 -143.09155129942292 8.0377506084752 71.61501223192974 -17.404111234713806 2.3741990273463784 95.92033270260026 41.30063320852241 59.055585233553074
3128 105268.96892786026 75051079.86492789 -16.64476534258499 -143.15409305604703 8.862213269623645 71.70201029154626 -17.070922417741375 3.220994261800115 98.2407212515119 43.05545597234402 61.19523035708744
3129 105303.04359412193 75776613.65309653 -17.72353474638937 -146.29561865978206 16.18704879506801 107.19596913873416 10.976254640149435 4.534289489917057 102.42405643266352 47.7734713218839 66.49864447351217
3130 105337.61611509323 74993941.94085069 -11.288036669769863 -132.1995022637204 2.2383086634976337 68.48578168611098 -30.088340682976842 6.965241732745426 78.0802619986365 44.69880726529391 62.88740996451918
3131 105372.17747712135 75121584.57795428 -16.91068861001447 -141.51317990448638 7.697036398527139 70.95574200837294 -17.436071441156596 2.288296953060865 94.93447427889123 43.74058323307656 61.968857350361986
3132 105406.56617355347 77773473.65149994 -22.758076671004304 -154.92995562014536 39.085305073715915 116.27781792727538 15.599334129571808 8.79898922798185 119.93141637967904 59.759611185015046 79.87815441756709
3133 105439.88518929482 75524274.32662134 -21.01093059311459 -147.62477057074403 16.475887608137445 87.9778828187832 -9.795006897552623 3.407536497923843 102.27582543667336 45.47112356044738 63.71839217421996
3134 105474.29153299332 75058254.31651188 -12.769856290794117 -132.85645116264638 3.2713960706772625 49.35134932891802 -50.74067561595885 6.985528578878586 78.8943056829961 45.150491957053305 63.462021723008775
3135 105508.85477304459 75262706.21534881 -16.324427770717705 -141.81957189188324 17.705387630386898 94.34250998279867 -16.023246261767717 20.077782306519794 114.66969722603517 44.6991360944877 63.01588756623664
3136 105549.10639429092 76009298.2386071 -20.724143444810533 -149.45010815592653 19.131045930560187 108.29727804837589 12.08482101426733 4.485642903088433 108.03427741412759 49.0880252860909 67.71449530333018
3137 105583.14137506485 77589740.55295442 -21.796599281938178 -153.63741295807088 35.38211296776692 121.18756915890643 31.203237969423522 9.146053684912317 122.88776471631058 58.81312649533845 79.46181799115254
3138 105617.28976893425 75468573.02979322 -15.58872340913656 -140.43591987566418 11.742291693612756 85.11286635892598 -12.41145532948268 5.210630838785789 97.61053081594059 47.343457184831664 63.749530737550344
3139 105650.78865623474 75247557.58067805 -13.318316650832392 -133.3589835480491 3.762632094995979 69.07277393122783 -29.57843002524204 7.585504720238987 81.00601516473046 46.59319533887276 64.95263598685733
3140 105685.05321359634 76007043.20333222 -0.6711031849764382 -114.44663058225024 4.558030230949665 56.23611682484993 -46.62479822619093 24.269390986974713 103.84786473934662 64.64275053662868 83.50701995094255
3141 105718.2161886692 75219973.82118472 -14.494511494523332 -139.7859507417934 16.005985522681144 73.90665026138132 -37.55107762012969 19.14130114612192 110.14232349365898 45.14090584459586 63.20751414200436
3142 105752.11693763733 75239329.1124274 -12.425635232985567 -132.88180689187638 3.4835704063277397 49.30648309655486 -50.90960080363373 7.649949682305646 80.18011908242477 46.76918282441943 65.10575152376862
3143 105787.21504044533 74968823.17499164 -15.294994522197273 -140.2115006692476 15.617114785981894 73.91577389976882 -37.75521470082597 18.167298041814774 108.48211402543768 42.62392579473783 60.38329016995965
3144 105822.66948223114 75373627.26666664 -22.173315777539482 -153.64529844297874 24.70718816536114 117.09840078062616 18.40438623158803 14.4262868676891 134.53283948224612 42.989803739841705 60.55465417797211
3145 105856.82963204384 93992417.19045438 -23.05402563676229 -158.7077901424791 76.26776894931203 98.5122946165148 -0.42477237703877524 60.00527148952358 229.17183244709395 194.32313946464672 234.44601756023678
3146 105890.16286826134 74812630.68957151 -14.60744185206715 -139.34957182229826 7.729107743811742 71.05496612928754 -27.36926167616611 6.462401591723619 86.13346059571313 42.587096995215234 60.683345303767055
3147 105924.09759426117 75101151.45230745 -0.425572366593288 -109.34303751977119 -0.6462228287793437 67.87743569670285 -30.014147258096234 17.726146607433407 76.94308662545075 46.08847366904229 64.24838699082488
3148 105959.89115643501 75387200.45698997 -17.469087645035547 -141.88699349824853 17.67587668130977 74.56024769743964 -37.26236665127644 18.95986962681002 112.55785324129783 45.93611298263613 64.39458407421637
3149 105994.19248223305 75106132.70121884 -12.006418381150114 -132.2647926681908 2.615504054061084 49.034630909630415 -51.04588081016138 6.922523174875323 78.08094361524809 45.57240606210814 64.1477805076654
3150 106028.26236438751 75313253.43382792 -21.723706964697286 -151.65675789004845 23.07922106809143 116.27331553527935 17.66170513669064 14.755873128761777 131.43364316208556 43.22925763776618 61.02445481382017
3151 106061.7509944439 76804426.08460288 -15.125550639004222 -138.57136489878715 22.128128513153683 77.63860850648565 -38.27286367419562 9.57203400128185 86.25803638884406 58.072270108612656 78.08103933546158
3152 106094.93361544609 74900457.42613728 -11.586675502123615 -132.5444579918457 2.633697496186265 49.19953903349484 -51.08991053639409 6.974457597922822 77.85448834426893 44.17756854129527 62.15275063690581
3153 106128.66190838814 75218332.9580758 -16.17505893017534 -140.70343671540587 16.84355042660537 74.24214506152133 -37.45100958706389 19.028624804872265 111.05109762732297 45.089654689990994 63.21614030482726
3154 106162.3849465847 75122226.55831438 -13.322152027304936 -132.92155697243743 3.8091953713427813 49.57310725852491 -50.606529409197066 7.80643342056328 80.2969000238304 46.24259105922226 64.69361148053997
3155 106196.71707415581 75163334.44128703 -17.15668701319362 -142.61808125103545 18.017095497643695 75.11416449602369 -36.9282086065901 19.56176671542869 114.34148681583088 43.94886720694649 62.140780284800144
3156 106230.51178622246 93271353.39243644 -17.985324239128428 -149.17238985930567 70.86692463554627 69.243862677197 -34.56256493711851 75.38171319331104 237.14296680106304 191.74942266774485 231.29849718503863
3157 106265.88584208488 75474820.51904377 -12.317982593233214 -133.30710817421843 5.107856641907034 49.9598371529069 -50.23187885758266 9.179182081776275 83.06871799031126 49.24360399578859 68.18395930493489
3158 106300.15382313728 92863426.22500944 -13.720534122229449 -143.52050316833345 61.7506976866587 59.943226689894196 -41.543508231651366 62.64527396652386 202.27821399891081 188.925572422713 227.9065130893723
3159 106333.96627092361 75866462.76771738 -25.03730440640424 -157.92898812331455 28.3514015669561 106.04645025623412 -0.7162547648542965 3.1503656540781435 111.9621223106252 46.733009262696214 65.20629260914984
3160 106367.64251494408 75417480.9419051 -19.261087481920548 -146.89699847750003 15.542923484543667 107.08031587315222 10.794811347398149 3.077220535107415 100.38045035595303 44.73205233855845 62.7444930322946
3161 106401.19080591202 75169995.73186538 -10.201264166321128 -131.0222176652216 2.001573430842061 48.74271834419925 -51.33261539471696 8.21725229605994 78.49204648300383 46.37863453735872 64.64196414446212
3162 106435.46845149994 66890507.75059947 -8.851553505208813 -109.58792943786183 -27.55105807194971 38.31220347344775 -47.20575111559361 -17.499805714308764 21.342455316225482 -10.751753189699286 -0.6879582732819927
3163 106469.0563173294 75526076.84161642 -8.084796538957548 -123.56615924113805 11.029603823430158 86.15021009053619 -10.827564710037947 12.883082264570476 97.93408023706297 45.40524798329807 63.577878190035904
3164 106503.32586717606 75248909.90916717 -16.209972667734085 -140.76122307787801 16.50906812697822 93.5383745143391 -16.539391921229132 18.664192399261765 111.10565070141615 44.628702957475525 62.71167930953436
3165 106537.26683282852 77511317.12968063 -25.354935739251772 -155.8313913995917 38.40593308985175 117.50432552496085 3.499021391809797 7.135170617074266 115.0521722481268 59.968875583040585 80.61650521421416
3166 106571.4508857727 76441324.3578144 -28.72443704708691 -163.96899627760968 36.87926537527093 110.62184148674069 1.3137681393872738 3.9832577449686823 116.42772794850589 48.5499949421868 67.15223169757292
3167 106606.05643844604 75662464.54041661 -20.699052485750503 -147.60476296259574 16.086830240588817 107.16887189552473 10.801979417009031 3.2125322014807693 101.74311220461846 46.531475935761364 64.88675517310412
3168 106640.3270535469 75760589.7368999 -20.20007793221404 -147.5339376576745 16.644075379077968 87.83910535796238 -10.087663149344877 4.228313187186416 103.3171618272263 47.745811346967 66.49828355170405
3169 106674.24974513054 75121651.70767759 -11.47617708321593 -132.3152447092105 2.5751324513716547 68.55061438868763 -30.07195603545805 7.30023541554192 78.49907474775648 45.95941401665971 64.20959285635809
3170 106708.36699485779 75428036.44713166 -16.489800895087193 -142.13814193322676 18.40582996387522 74.90346165099763 -37.160250271656636 20.540789088334463 115.81019270967636 46.17340977999004 64.64220236009555
3171 106743.10056614876 75610668.59983441 -20.145454039994213 -147.13278843743234 16.08634528541085 87.66122724180576 -10.09414987402134 3.6543597856412475 102.40882408069706 46.330163457996605 64.64671621293064
3172 106776.8338792324 75694328.76570283 -19.050166328836724 -148.54818359865223 18.201105455854037 108.51383950386071 12.306867680595532 3.9442269871527174 105.34228492435159 46.6045508884788 65.10190814842497
3173 106811.31830453873 74886551.692897 -9.506292399305504 -131.03320069632264 1.3447694106577615 68.09679211083821 -30.467704331725567 7.117109526433637 76.24510793594573 43.55398589229196 61.426821292132786
3174 106845.32839751244 75512749.14609414 -23.794221375847297 -156.12522193946273 27.81903673107513 99.26531790365337 -1.4847403505934516 16.147516137925322 140.54747783204368 44.03756919090574 62.17314457867235
3175 106878.79381299019 75581958.39810409 -21.223102197249453 -148.13978021071546 16.84481722508023 107.65939069980928 11.207194408925766 3.134342694662678 101.95289430989851 46.02492939950935 64.35969517776994
3176 106913.4296143055 67557738.60426657 -13.517346501513119 -117.10912599724983 -15.817604993189377 56.79719012750476 -37.94537020188118 -17.307043240086898 28.186596191362014 -7.299029239718436 3.336502464509863
3177 106947.67194533348 78102872.67228472 -29.999391619331583 -167.40381227807765 57.94680487928464 165.19344447184662 26.997569864269426 18.430192074194792 145.99233960380786 60.53910403088946 80.90047368468856
3178 106981.73168587685 75416853.91643186 -12.286866117030918 -135.5577827159869 7.529647131058475 70.92890501738488 -27.82529703102422 7.706970080336021 82.8388708724923 47.23848501592056 65.94681732462777
3179 107016.0059170723 67570844.43325551 -12.47915131017739 -116.93787763402618 -15.780169723573408 56.747723986887266 -38.15695802796608 -16.774889681308252 28.395985769813933 -7.337123246092233 3.27869064970605
3180 107049.46151566505 75399786.85146238 -20.836299898807212 -147.69157975951774 15.897255850064688 87.67550198328587 -10.286124742796927 2.6254457942235945 100.42245315513708 44.694801432871486 62.47445433711971
3181 107082.8961007595 67329364.05512169 -4.896545560104759 -103.74286592950286 -26.53074952384953 19.463932571706255 -77.5556753645791 -12.043476958736619 11.430711206072033 -6.856310673916141 3.9715875114520145
3182 107116.18130707741 66902164.39415487 -8.460365876308098 -108.86111799428059 -28.107185227413616 26.06084296613266 -52.500490337439444 -17.568227626305656 21.01358129846483 -10.607594153373327 -0.6657272657971021
3183 107150.48509216309 67459384.5685623 -10.884447466544357 -112.30472345656312 -21.208724500072968 73.54222636239547 -19.166197014341122 -16.996135317533742 24.11647841936633 -7.120935701126882 3.3389454567593475
3184 107184.97047472 75775552.88480787 -21.207605886189697 -150.90690915926317 20.90723952884184 90.11734442383153 -8.00376506288106 3.5991727514558534 105.44887037275703 46.770028884760336 65.30099432936709
3185 107218.8749871254 75583669.10241011 -19.70237273709194 -146.97961171885134 15.471981072092952 87.42494533573988 -10.344780810945753 3.0146704336466996 101.0191631426402 45.83826522036759 64.13654280574735
3186 107253.42299818993 67387742.69183783 -10.293075840070122 -112.25610172647303 -20.93297476951949 54.11180717006758 -40.39254510931587 -16.679086857999835 23.384212565131634 -7.3758898195303 3.215960833167685
3187 107286.514295578 75861822.33554895 -18.359647057079833 -146.69598425418744 16.518637489420136 87.67533025806004 -10.150316577351939 4.547729088889412 102.7789023824447 48.34071733498513 67.42208531247559
3188 107320.19086742401 68898544.57307729 -7.655882609985932 -105.10698601958323 -12.642323838986286 44.92455520733433 -67.8991000146942 -9.099278422344582 14.341610546007246 6.248936334843734 18.64519731199755
3189 107353.97967815399 67471372.25113758 -12.208421653001492 -114.44829044503528 -17.245761656580797 56.050996391308445 -38.92639487263874 -15.90669798850081 24.56050576053258 -6.890652629740828 3.649327732164977
3190 107387.6130335331 75561507.6133854 -20.57956030257486 -148.31039051194946 16.659968441268255 107.61269312266137 11.105097825165572 3.9084959715545438 104.66907171103469 45.45702882350156 63.50625320612971
3191 107421.0264043808 67410499.98645172 -9.420580340478534 -112.1947497020699 -21.349520373486584 53.94620859916279 -40.496482975768444 -16.88736863434326 22.635105516484145 -7.185593633983672 3.4163199824905064
3192 107454.74381947517 67153063.63725385 -3.1405661722143776 -100.87865990774267 -29.46253850932944 17.955027403038823 -79.02427972583124 -12.397333716314677 5.142997290912945 -6.9918370189079155 3.3971483478177333
3193 107489.40351629257 67438545.26197195 -12.236381098677654 -115.15314765407915 -19.210097036189886 42.726556881672636 -45.28394793990022 -17.160979786051143 25.05962704991805 -9.078396761063004 1.1093305832163196
3194 107523.48125529289 68125312.20058398 -23.849653176688584 -138.0246144795835 13.201442543746992 101.67976828130783 -13.444501696857898 -5.117237272641603 76.23635285853948 -7.216552468473935 3.5004862871537057
3195 107557.98053407669 67688045.92346382 -13.727168668534235 -119.08965303318315 -13.340024182635688 58.031623335173784 -36.59814112320812 -17.082113797702448 33.60827170868163 -7.405055426701722 3.1170769758968504
3196 107592.21997499466 74863349.2999177 -13.13568107345376 -135.07500528546586 3.4409683220245313 56.69774563978011 -33.10085414862375 6.944458415303757 85.46455068635476 42.58768983151299 60.73104741077293
3197 107625.85075187683 67655321.35013789 -15.62720410049497 -119.31223334218615 -12.920317050165956 77.76430212249912 -15.303509254909933 -17.19773306339357 33.57658362186851 -7.7236273272946505 2.7368294344379365
3198 107659.51259756088 66884108.15371517 -7.563111928061286 -109.06812697180064 -27.723125458469802 38.38459964422701 -47.09620426233296 -17.18898347753958 20.660440449332896 -10.593776156823253 -0.2688010088464239
3199 107693.93408727646 69354267.65702252 -14.260501656450623 -120.14505153234406 0.19762939662151524 83.35758739199377 -27.17427831188549 -13.240581149972058 35.774646738887895 6.451136792033253 18.99506397673008
3200 107728.29626297951 75558682.32799192 -19.274464368957183 -147.17544767032 16.01515620157476 107.21185188159045 10.806874639313367 3.5375574886044205 101.1366172338304 45.81560243732247 63.90134473810417
3201 107762.05613970757 67631060.35095333 -12.811197388852685 -117.92591902878854 -12.941469617747629 58.26604021198176 -36.51353506394364 -16.20003719105887 32.699949032277914 -7.293679310734547 3.0180916325955423
3202 107795.60375356674 66545231.126143515 -3.196109600906226 -98.66731068821333 -35.612013422170705 2.478693795350516 -85.65409049249148 -13.512961137794889 2.909521709083208 -10.888027044654564 -0.9315450962736236
3203 107829.40291309357 67311586.45809098 -7.113640625481219 -105.6137298074745 -20.30092339734962 40.41788919658514 -67.69687987680598 -1.0619338909394287 34.43348717457229 -6.909351961399636 3.830093967995026
3204 107863.15336060524 66917659.32714896 -7.825458705080559 -109.2657638302897 -27.983648132785092 38.21674503176626 -47.33713986201569 -17.51662265690976 20.488325454089704 -10.39325640999192 -0.34701275755389815
3205 107897.3220398426 69716777.37305357 -16.257049654395118 -122.08714176655745 3.563507016729332 83.43757850855508 -13.867341192773704 -11.526255879857956 44.83428245694836 6.843232854768246 19.761687980622696
3206 107930.6734445095 75924265.29439016 -19.67834237720865 -149.49346145226167 20.339022176231374 89.61824294054543 -8.238785433150653 5.26906761694795 108.73904648048529 48.64724818909565 66.96645134254095
3207 107964.6901845932 67538819.12465353 -9.045336964368204 -111.54449797135369 -21.50965430371459 53.78621464990455 -40.67048781026906 -16.550758496248136 23.2481004203687 -6.390392769041 4.1830955312365745
3208 107998.83538866043 67161573.65100738 -13.165314772661016 -117.15003280034527 -13.836165838487162 82.74804637537066 -12.688224123561383 -5.7527359084756995 52.926202744347165 -10.129864510138702 0.22052897493728096
3209 108032.56551265717 74578030.50383948 -9.076913374655788 -128.67270262935077 -4.0746763404138235 33.36679280228102 -57.846359012963106 6.998333868010263 75.51816304358442 43.04006059701578 61.10244070650754
3210 108066.09589862823 66877885.40107128 -8.784903045834634 -109.62035867730054 -27.548222107953983 38.37824673010108 -47.131261345557 -17.23221086906426 21.747387049782787 -10.65422634190918 -0.627496905916928
3211 108099.74276900291 66916916.19983816 -7.719650559360238 -109.01013127545507 -27.593119172187443 38.46438669709167 -46.89375151479496 -17.254992719462393 20.906912211720055 -10.064743093689174 0.2903692470535475
3212 108133.38893985748 67203423.858911 -12.871629602375087 -117.46605131163999 -14.04432651933049 63.205966999634185 -33.65608434400919 -5.71627962051781 53.68468724018669 -9.824899641449463 0.5303091219806788
3213 108167.11731672287 66825720.39257025 -7.321798167006538 -108.75578430359971 -28.105546410373435 38.231503375127005 -47.103342420928286 -17.227002191128747 20.83485533021701 -10.802487928162634 -1.0094095475901668
3214 108201.52578854561 67484352.15167706 -10.406869643855645 -112.62637876645654 -20.586354619823503 54.31057619170254 -40.15947531465501 -16.705799495953613 23.999386816672313 -6.716122341272069 3.961672447992953
3215 108235.45085787773 75615749.9850169 -16.96175054319155 -143.62961327005726 10.2686315798878 91.53457589650796 4.378364307223083 4.444063896521641 101.75863655653961 47.670362703333126 66.44985533090016
3216 108268.87694144249 69751869.60460737 -15.2877184876637 -121.47821618749988 3.2389003554281715 83.13532760383438 -14.222059295081536 -11.083649816367426 44.49013599086743 7.420198158042865 20.146514557133173
3217 108302.71644926071 67410113.40776436 -8.243704234930032 -109.67814641617029 -15.189293920940344 43.115144151003776 -65.44733836175742 -0.9387851531834599 37.81012616274688 -6.515775852157105 3.9506688444547535
3218 108336.3380844593 67054167.83714979 -10.357752392529974 -113.30267775104889 -22.945613874369833 40.87765278301458 -44.9713255091231 -15.879583064624285 30.79648119115825 -10.157562965191232 0.06327906951634077
3219 108370.08152222633 66922701.757509924 -10.991896115932926 -110.65135141211952 -27.016282035050416 38.64618257343214 -46.71824335910982 -18.147538691411626 22.495094837072315 -10.515358261236429 -0.39605330161572283
3220 108403.44055724144 66822137.907730065 -7.112507677302981 -108.86637889386255 -28.15145169041157 38.230432684047656 -47.18474080993525 -17.27502248328142 20.133772740112136 -10.853015859020388 -0.5947009639875773
3221 108438.15659618378 66832793.28186718 -8.619241275878542 -108.94577274494767 -27.787320335338364 57.82740423829245 -25.91611425235781 -17.218254032888012 21.561767086862005 -10.739500094064226 -0.6766023591713974
3222 108471.61127948761 75301376.90371576 -18.619084399870346 -146.14202814821974 12.768735027855321 73.64764794699668 -15.249240198523275 3.851932404534864 104.41232289885204 44.71601080157404 62.858509717180596
3223 108506.00880527496 67025321.47236101 -12.480114516822027 -116.67102503929402 -14.571987164345117 82.48204467060704 -12.681929289952208 -5.908697646818098 52.48322551702415 -10.87465285834196 -0.8760059091469543
3224 108540.31664085388 77308946.10948275 -23.111242891906436 -154.2168439959491 35.04146662895118 122.88013868348912 19.59113877333026 7.224200395775483 114.63593823013844 59.42983697620832 79.50135583175438
3225 108573.92799711227 68679386.1277643 -13.081141360728608 -115.84518631696623 -7.678567626360284 67.12752620291302 -33.93901247102126 -14.73461021082636 30.829472919925934 2.7071371810732217 14.488076619313233
3226 108607.74598407745 66997672.656347156 -6.196930406046002 -107.73492901026873 -28.47554958325128 57.43581222140239 -26.207028118066237 -16.70203004015815 20.905799494223288 -9.704510445841777 0.5386555915746953
3227 108641.35292100906 67439815.79075983 -20.646647296227364 -131.93716088465118 -0.7291709484386786 81.97826389904034 -22.30061695753775 -7.192450815642815 67.97065259756823 -10.381139412936477 -0.3428598708859454
3228 108674.69755482674 66826721.5936985 -9.332418382180274 -109.5780761032866 -27.426327938499966 38.46559056142138 -47.014328263380975 -17.385277582424862 21.925548714876868 -10.940368575330524 -1.1146680287117192
3229 108709.19270777702 66960948.15283616 -9.881186750491045 -113.64215966052467 -22.89855704812559 40.90560985411235 -44.95671092488915 -17.20789356831682 25.605933113338892 -11.041584949702042 -1.0333521482630772
3230 108742.60117483139 75694922.04983771 -20.450148883268113 -147.45164372796842 16.960034385920206 88.00310371958514 -9.70633021563119 3.8247386605622182 102.63438511624884 47.7644899905855 66.27921629836214
3231 108776.40568757057 66709062.64970658 -5.220209876665939 -105.36788827911585 -30.448179117061898 37.11126297332771 -48.37571105812958 -15.9308582526603 16.02617361477371 -10.769795443353416 -0.6826888499086863
3232 108810.32768273354 68852229.82662936 -12.71703393395917 -117.2009121519908 -6.20016005715329 67.82219272532402 -33.77269176536254 -13.59096111072256 33.868867647686784 3.7177822860103333 16.12330697101936
3233 108844.55777788162 66884545.46648097 -9.7682819807713 -110.00822982985595 -27.137581661884077 38.659267482687824 -46.8560450351827 -17.491546064627983 22.309369563415203 -10.588723427278069 -0.6381960349198152
3234 108877.7981209755 66965046.8413133 -11.213603290178655 -112.7937653665942 -23.772187826126626 40.37625160504178 -45.09646983987234 -17.43111067496193 27.34351681588032 -10.624389798370657 -0.5094471879214097
3235 108911.47313404083 66710598.948979825 -5.14337249157958 -105.67439027886894 -30.753431857304157 36.91739810971772 -48.46000917176637 -16.592437065329136 15.722152369024343 -11.011857469988911 -1.0316445150994582
3236 108945.44160962105 67033030.96254019 -9.492079530547935 -113.14600508121066 -23.021767334173127 40.87814603213634 -44.855981963768606 -17.078072362362434 25.392740024622185 -10.410240870353675 -0.27352405205692776
3237 108979.61441659927 66841613.84945252 -9.17250396356537 -110.88644065321654 -25.90327997730408 39.43630879575626 -46.577447222344425 -15.912997991530517 24.977142983404065 -10.457286111672943 -0.22930175742294523
3238 109012.85063529015 67084591.43028676 -14.02667016890924 -117.74587813046512 -18.556019247569196 43.03299649135859 -42.703762323877136 -17.463898871222966 33.06958782820277 -11.332205847486023 -1.4746642269942072
3239 109046.69413495064 66754795.358283006 -9.26193113303136 -109.31673015185879 -27.342979463884923 38.557944965642264 -46.70366339334669 -17.60054549866112 21.393981393526474 -11.303853883605996 -1.4208687252137793
3240 109080.41224861145 66808154.86059724 -6.943082566581232 -108.4945538927356 -28.113125548032556 38.2167583928653 -47.25401673410442 -17.243346620960722 19.81262874819197 -10.906278649262617 -0.7191369345555358
3241 109114.00999093056 67736835.51286453 -1.0337617125855694 -93.87727588668174 -31.515786184188407 25.147842957748296 -51.87316032223557 -13.750406793625586 24.997574725212758 6.481493024619226 18.895592229456724
3242 109147.73220181465 68594337.33540244 -9.483245767205547 -112.4271112280467 -9.991658661572473 65.98337524354834 -35.25287266411142 -13.577412177008227 24.99297458527451 2.95261562650893 15.082861606609868
3243 109181.27231621742 67057295.51023711 -2.4944253051776712 -98.94513116070917 -31.391479782746302 17.093218937685435 -79.50713979311932 -11.989540870863038 5.995618742441195 -7.129431837782079 3.363503246671712
3244 109214.6016433239 67272060.85764836 -7.764040340869178 -108.94322164524195 -23.36280235288814 52.990391387531695 -41.34302669103275 -15.607940691288093 19.53090195223274 -7.620370665747032 2.869091266724297
3245 109248.73147201538 66727261.508663535 -5.173042915698668 -105.84383863222355 -30.21291264374559 37.18852492044469 -48.218714664344155 -15.609579236513923 17.58548059734744 -11.189139476616333 -1.0357765448955547
3246 109282.43181085587 69304824.2224779 -18.582297988870025 -127.84346959070386 8.341163219678506 85.73510495146034 -11.307728246345157 -11.224987919777163 52.23203962660932 3.4728275689731163 15.503713064822819
3247 109316.0766518116 68629476.20376667 -8.24422065067576 -111.18933107078564 -11.266651650877485 65.41609933007652 -35.65902818172092 -13.095763555826409 24.84233692466205 3.1752557695022574 15.170135124417584
3248 109349.9401037693 68685239.53270619 -9.197172261029928 -114.78544449873262 -6.4114778790685065 67.93456102904531 -33.440682009348095 -12.906821810021881 28.526145827478558 2.696344774571344 14.55408277773779
3249 109383.31544208527 66682125.1252089 -4.766577796214243 -105.99889496397589 -30.20390470823338 37.28962076843191 -48.11257610393237 -16.229815750676323 16.42257957841639 -11.034374846222818 -0.8350389481693696
3250 109416.93979978561 66879494.93197739 -7.633003916739456 -107.97482222814699 -27.18086211693904 38.728887553902595 -46.553555293696505 -15.921359948341546 22.42123406728456 -10.558669990384033 -0.4575277973872858
3251 109450.47670030594 67098068.95631361 -13.24022177409265 -118.87499028481238 -15.031826321414485 57.138859961907144 -37.15875806457408 -16.331550389440167 32.029751301612805 -9.955508915139546 0.28319377479925834
3252 109483.75446915627 67016956.31718313 -11.468712845801628 -116.32942929833423 -18.86720405433016 55.054793765414715 -39.00031461662886 -16.41738409388057 27.575582895283446 -10.349534554053662 -0.3295503835500426
3253 109517.34635210037 66819090.44147223 -7.859072088768729 -106.94987982791413 -29.11339629937992 37.71123783231849 -47.6787411348108 -16.08771143788863 18.999006388007047 -10.215364386524811 0.007722736240566519
3254 109550.37427067757 67341740.04096119 -9.243581345699416 -111.69974167135517 -21.542478206714748 53.874721692181865 -40.37967915677334 -16.985108001149285 22.832377460234966 -7.844321425828696 2.6168881362434604
3255 109584.32342672348 66554727.48329729 -1.9607889978622612 -101.58159905920301 -27.656552017687815 24.562739848946034 -74.5388881167025 -1.2026256091666596 29.916955319019053 -10.94942792084862 -0.8148982465635299
3256 109617.29809856415 67330029.77757889 -7.89238037231576 -110.64895147593535 -22.02212860939602 53.705281654081844 -40.60508934406606 -16.40902743792094 22.18348232376775 -7.712265846695914 2.790696986851458
3257 109651.21618533134 66869647.3839285 -0.8609377229942936 -95.06429752576477 -35.98261335339331 14.720875784097096 -81.83229899781637 -11.814448463504789 -1.6405603412763412 -7.643835180273072 2.9619094133980752
3258 109684.74382066727 67176397.24628475 -6.687235202663963 -106.83361382285773 -21.18608112680279 34.534194498350715 -71.0028231606501 -11.19024432827598 12.793541817595383 -6.954162191248145 3.752850745139199
3259 109718.31627869606 75132884.90093246 -5.5416796447705465 -125.240938145779 -4.7506843715029206 32.38668666572575 -58.80047255511594 10.66838785790793 75.69886607440537 48.45550617488402 67.50258725862875
3260 109751.97063755989 67674730.11926666 -15.594460042253841 -122.85915887682339 -8.007740111570072 73.05361590343172 -30.002305296099294 -15.627842740329527 36.45417605259365 -7.154289535638043 3.76510697030227
3261 109785.07403588295 66737424.923381776 -6.846410330863382 -108.86118164140008 -27.97150365131111 38.305413340875326 -47.02386736348765 -17.0149036848818 21.007974993680477 -11.60944774112238 -1.7911823916608682
3262 109818.10863375664 66900804.38334245 -0.9235404800964186 -96.97256022820909 -34.61184778683696 15.34551661301466 -81.21347204090746 -12.783142936040008 0.4470632279339384 -7.656787632999453 2.866143607030722
3263 109851.67254781723 66519001.914726235 -2.074344785367405 -98.01005263598954 -35.884644135865784 2.408727476081957 -85.69764627000622 -12.974065312257949 2.6038989746515426 -10.502846907066441 -0.4779665515256397
3264 109885.11343026161 66630277.63270087 -1.7035586494217387 -101.48884207938623 -28.10804436593822 24.24202592659946 -74.87806463111693 -1.1522447871308827 29.862196809743864 -10.8993436373691 -0.8323675080202406
3265 109918.90765309334 67064090.11469247 -10.98821674690098 -116.89796664097159 -14.700148257577716 62.952887985597 -33.88710837094662 -5.560014113776845 52.7287014498861 -10.828356973079053 -0.9271597798194762
3266 109953.51707553864 67336546.79804432 -7.244193902157095 -107.87353022464089 -17.567270399669646 41.85527492867574 -66.043784146534 -0.33927305056664636 40.33085174303619 -7.161823154530111 3.339194127635494
3267 109987.41338729858 76935910.9913594 -18.588771254524147 -146.7249202768769 27.23098974316555 99.59014738133902 -5.025718752414837 7.9390130615594785 104.49033338406116 58.26829801086137 78.46086910183783
3268 110020.89880728722 69062386.2440179 -11.975214467670503 -117.60672408824936 -4.383184398072402 67.13742432426928 -21.048577319582655 -11.885252822513962 40.474412819464646 3.337749559615247 15.359021921669068
3269 110054.1188929081 66500323.2973668 -1.6805827697240847 -101.50330804141593 -27.69822713367332 24.52131901496425 -74.65285050759432 -1.3445522713292348 29.34604842551346 -11.332626056213769 -1.2609851710579392
3270 110087.55696463585 66759669.560267 -6.000848124411828 -106.34305792231469 -22.2776440998273 27.160870608831363 -72.33655079719932 -1.22264355784489 35.75027582861526 -10.853277831954586 -0.854646982512179
3271 110121.07846188545 67048408.96144961 -7.215937116145593 -107.02086228663855 -27.029215285063096 31.31598896660864 -72.83906474035928 -13.27699842224132 9.86059081598222 -7.634596802382987 2.9294164261715423
3272 110155.0468761921 66458978.54768782 -2.210713831057344 -98.63109844214667 -34.96021340252048 22.480436127918228 -67.44915196968063 -12.721882960141613 3.248088272383143 -10.539395881865744 -0.6938902375756015
3273 110188.98391675949 68868839.96671586 -14.131964820154433 -122.63299192530519 4.556524937467842 91.25132730183623 -21.19517691749644 -3.1895037265966835 60.43551095514135 2.135874762605681 13.97948597438392
3274 110222.3037545681 66610252.6855341 -0.25245018814612585 -102.22689886206763 -25.246630498623126 25.925190700278808 -73.6047577993973 0.4267453709758797 29.275138402471498 -10.906347475910195 -0.8127986474486306
3275 110256.10250592232 66530201.75043534 -2.757539255329455 -98.44525813368088 -35.65730417959554 2.504234711107678 -85.36715856764913 -13.498907224303025 3.1131456867156544 -10.760941015557876 -0.6904528977773907
3276 110289.50041365623 68499731.58640967 -7.943805637849007 -109.39455705345249 -4.73605081631564 54.69279563542409 -60.51133981749784 2.120970168877193 39.46711028572736 2.6535918227168622 14.417689837580838
3277 110323.53443861008 66572239.30237551 -5.2228576676160685 -103.05441754313478 -26.477256119283552 25.12635316435884 -74.1683218224239 -1.4520499936661508 31.570828373767768 -11.023634324552404 -0.6408010724637734
3278 110356.8602631092 66689488.47595542 -4.473579423777018 -105.94744603678448 -22.28808684290796 27.294999092213132 -72.29422700195781 -0.6114610528324533 35.041808241991475 -11.210451237823065 -1.2874098371644322
3279 110390.32693552971 68893957.00483488 -7.747534575417152 -108.04404958353832 -10.985866494516728 51.356615311961974 -41.41886812239458 -7.262988811450157 24.857430363968092 4.4253710561378625 16.528268996094766
3280 110423.84407734871 66886767.50931206 -10.662579402730625 -116.67014624519821 -10.46387568952882 45.42689041028022 -62.90443292728031 -1.5364820159776968 44.868925084113016 -11.08566346541204 -1.0668002436514143
3281 110457.49495387077 66476920.54912663 -1.1501671614799278 -98.6146337730577 -35.015251803572234 22.518108491296044 -67.58506993391443 -12.585618335223558 2.6666148319156946 -10.605840474074057 -0.8803195872371248
3282 110491.51615786552 66949132.20668292 -10.804676549631955 -113.65245144674202 -22.04191907362066 60.914697328347614 -26.57145995993949 -16.948661217410745 26.279573460904658 -10.499976394001749 -0.5375548870215425
3283 110524.6965482235 68938032.26377013 -7.731492205579741 -112.43453449909035 -0.8252349386739937 55.07712180425218 -46.90825228059566 4.896801459938104 55.55496282095828 3.441056988780474 15.548663009528582
3284 110558.51885008812 68387755.20159593 -7.3598202274602595 -112.24139303764768 -3.4454058251839896 55.47734773999717 -59.7056411836597 1.0494058462913358 42.00747485393788 1.4688973869173765 13.257090539483329
3285 110592.27049469948 66672843.668350376 -3.616634403616146 -103.02858851559195 -29.99239112924551 25.08818768955558 -65.17456695652655 -11.463394538678017 12.91855471286135 -10.405215345959618 -0.5885577167942984
3286 110626.04522013664 66803357.232302524 -7.4364153449554 -109.14192512208281 -18.903755320816742 28.98023935957751 -70.55162343915221 -1.3101502108069099 40.30778190498086 -10.774713990597263 -0.9306720304530245
3287 110659.93889904022 66404204.665566005 -1.082036560819498 -97.70414617461785 -35.47325611890753 22.312160292058877 -67.51662035408424 -12.292061173789762 3.0918341192935372 -11.115745956556566 -1.2949261513541614
3288 110693.11667108536 66564795.56109898 -2.2274242608597543 -100.2474499480662 -32.62634984701143 4.178169201651578 -84.01455455108942 -12.359402962880665 7.50186641640056 -10.660978023128791 -0.708042280356608
3289 110727.22725772858 66559146.83106798 -3.089021208301988 -99.20692650043073 -34.894548571287785 2.9481535975683286 -85.2086946552112 -13.296440995283717 3.715851820255523 -10.437679424832197 -0.34078850780770154
3290 110760.43870782852 66478181.20723767 -1.3998992681485714 -98.14550536559787 -35.8125864750644 2.487783199065767 -85.54296280674859 -12.748163006211655 2.9434501234504182 -10.891166332045316 -1.1080177962139146
3291 110793.89212799072 66550083.83182406 -0.6151929321690517 -95.62030016215921 -37.94408855753405 1.314220231219565 -86.75917453242317 -11.90909159082679 -0.2560791024492346 -10.172319899366073 -0.1487070697261288
3292 110827.7650437355 66401849.54705413 -0.7348197685100004 -95.71399906396478 -37.87503396855591 1.4317393510300178 -86.57006269024605 -11.847805491794475 0.07406130928359289 -11.230708159638027 -1.3747353039358927
3293 110861.24368405342 66438487.63421548 -1.833680544432184 -98.54846616263175 -35.520976176036655 2.6301435113200498 -85.46411880557758 -13.136946447876369 2.759200569031293 -11.332849418688454 -1.525109581615709
3294 110895.03610301018 66743498.52062954 -4.562630347808865 -103.84483879739895 -24.660741011652483 25.961412395937835 -73.38707701453751 -0.6501547653653006 31.971283734135454 -10.739101453295518 -0.7591089444015893
3295 110928.69514369965 66530962.14217706 -1.907075920576883 -99.28936829243794 -34.3567166126993 3.2587655430413207 -85.18639056355325 -11.415393926364459 6.76462253689283 -10.66582012183352 -0.7575650854575429
3296 110961.44539642334 75705052.499466 -12.340112357687138 -133.75279280660908 7.826690842958136 51.11327725462002 -49.15022061689411 10.503395880423398 83.88401860427041 50.5088457894509 69.22503329331585
3297 110994.77905464172 66443565.310077734 -1.315485764999167 -96.11825379750879 -37.71576324002243 1.5298609697916845 -86.35045180434408 -12.162312850642934 0.39608628869819995 -10.962443233095314 -1.043273927207565
3298 111028.58781194687 66712406.59953324 -7.719867620819095 -106.99234882009605 -25.20143572172268 20.010564592743894 -77.00479859570257 -12.692440775279863 9.504471089803417 -10.235638577036582 -0.032414814382320856
3299 111061.07357597351 68924083.37355241 -6.86196636581086 -106.72208270412798 -12.293428280603202 31.137036839071346 -59.72222080737531 -7.480327658442889 23.672838794617405 4.158129197873279 16.29578766346765
3300 111094.25445199013 66454841.1636582 -1.3194043535158109 -94.99812561881767 -37.879833945579456 1.466577053049214 -86.49240824298478 -11.93249610908265 -0.7715517599825716 -10.604160357636658 -0.5334139476977953
3301 111128.44071888924 66751723.06497206 -7.101566836108724 -106.64827690682992 -21.80696232414526 27.495729036804665 -71.95896166967772 -1.4642657361935107 35.460042320892285 -10.599794013607152 -0.9642798723934334
3302 111161.71978449821 66969723.515488856 -9.956694503663481 -111.49571380314197 -23.843777667793248 40.38446855577877 -45.43322997907444 -15.90812377749279 23.718062172341547 -10.61164881426265 -0.5343279763276882
3303 111195.36241984367 66519887.94004543 -1.1473776656277028 -95.38960918731175 -37.71268599074857 1.4985181116022446 -86.40456491422543 -11.607577962802736 0.491606723777295 -10.3256112464627 -0.18877601317262815
3304 111228.846367836 75093898.62391555 -11.521746176080079 -132.83344771803547 2.2072861053248403 36.284466350699574 -55.185023642538134 8.542749831802496 83.18750002788374 46.09710981410649 64.37860285842237
3305 111262.44620728493 66440229.68530451 -0.732611270934548 -95.49298334382168 -37.683501051020755 21.133535970397215 -68.58173623052464 -11.815846828696579 -0.2721505144850198 -10.6349119528507 -0.8465868282624456
3306 111295.77559685707 66564742.81931873 -0.8368383407125144 -97.60083259920427 -33.120321480671144 22.98593109541102 -66.98730759127162 -11.111221285790123 3.25416930493833 -10.2945039944521 -1.7077983006660702
3307 111328.85606503487 66440152.22150758 -1.503986646604174 -94.96697619420902 -37.61472111633491 1.6112940154453526 -86.31962242342503 -11.955247609577896 -0.6518804772156273 -10.574460152539245 -0.6270991266523538
3308 111362.04804754257 66511423.89327319 -1.180937477630664 -95.77156556819128 -38.223285272018416 1.2253047603184797 -86.6906893272753 -12.27760154315672 -0.0557436976409349 -10.666012762947844 -0.6546471091636477
3309 111396.57681369781 68365437.79289821 -5.163384883388151 -104.01337753401943 -16.932905013165765 30.665625954294203 -73.38579673024645 -8.64128221392275 12.218713470285707 2.5866406824800947 14.46833522731481
3310 111429.85064601898 66857810.42609677 -9.02840592557484 -111.99061609111149 -23.24247705435603 40.88157831141213 -45.37800624535276 -14.711099732549656 25.600432487033004 -11.049072286093633 -1.2665465654098398
3311 111464.09216213226 66520586.36622905 -0.6767954580113962 -95.68063072633704 -37.476887276812256 1.6615162804113197 -86.4286332931439 -11.765140897338654 -0.013672999466223246 -10.16727104876611 0.28358245145540195
3312 111497.99578881264 77439344.29476264 -15.621989236510805 -141.10386666319857 26.753071017852744 84.87188150538586 -11.098972720092975 14.87291229298205 104.33101035023071 61.48594891294749 81.72828075937412
3313 111531.3732881546 75388118.1782034 -14.682191539372116 -139.63773141662716 15.789376753070556 61.005515267874685 -42.26745216756306 23.11944612588934 117.26498855612226 47.027293068356926 65.3768536259388
3314 111564.86902189255 66401439.63868444 -3.468626172484896 -98.25698131432627 -35.93099690565751 2.4218359556768974 -85.43859347893786 -13.569171924813645 2.8881437946637334 -11.642640589308257 -1.8425021079009412
3315 111597.8774535656 66576677.23608345 -1.0211532735771218 -97.91335467984098 -34.41035555093824 3.280384369570818 -84.80051826348694 -10.451139319865149 7.899035276130746 -10.883525004636112 -0.901999758503564
3316 111631.86535692215 66339811.42382067 -1.247485065428755 -95.3032116898052 -37.5245173485737 21.186119039762424 -68.49420462823115 -12.027750346386881 -0.6432732247954505 -11.274457262226917 -1.592241511029954
3317 111665.70490932465 66977051.89440437 -2.29998472702251 -98.34920598932479 -31.052472718210197 17.31077199106063 -79.57524784639082 -11.031916560900413 2.303265839810649 -7.506901438120735 2.8497974764518403
3318 111698.79757237434 68735524.62235641 -4.361506198958814 -103.0466329370278 -14.688815973501676 30.035821197390913 -60.717846001580654 -5.745095790694847 19.398652327164655 3.8728770913126027 15.699829977007767
3319 111731.87436366081 68723457.39135183 -4.685573431792751 -104.88783587259901 -13.031588288413637 30.93197941900531 -60.33227275854524 -5.076183618289122 22.46598025689434 3.382248834216682 15.550230491027378
3320 111765.69768023491 66479246.66555951 -0.31110574153010084 -97.06652651331822 -36.76709610886294 2.0454452268422685 -85.77967828126168 -12.705342308474599 2.190961406450981 -10.945390920731427 -1.0954215451844789
3321 111799.03321504593 66528628.098571144 -1.443371437661046 -97.638358682608 -35.10877874686858 2.9162976184612006 -84.95768255163944 -11.549280463755679 5.026639817102421 -10.918710588496992 -1.2103925965041071
3322 111832.40558028221 66451487.92789507 -2.1400226530045323 -95.5457652589762 -37.63588978862456 1.5776837406327786 -86.42007881371933 -12.104529567981956 -0.07893264708843617 -10.674662817677472 -0.7899078023201014
3323 111866.69139742851 68441810.76440682 -10.956629328633804 -112.37219746544889 -6.323807926744429 48.25505630528288 -64.2119230447099 -10.165522155352676 17.723807114643364 2.56896816451615 14.433704833711204
3324 111900.17944169044 66574070.186567456 -3.0083099487343414 -97.39604626120557 -35.53914334088311 2.627833782747743 -85.77532760674103 -11.008305086974417 3.9397297461924268 -9.976402190381577 0.29744947051477766
3325 111933.42602562904 66976566.49774479 -15.085351904814468 -119.71342040917116 -17.472534415012916 55.779086049360764 -37.57600738074092 -16.672485724822423 30.072031012429647 -10.484444596192816 -0.5547027675562504
3326 111966.56224441528 66647170.38964393 -8.707299433896786 -106.63848364028908 -25.65337071703398 19.789114742967755 -76.99659178677851 -12.907648878882185 10.127921237774387 -10.780694130725067 -0.9322181597132158
3327 112000.18014669418 66320729.71934312 -1.1183745751346645 -95.45569013697207 -37.804569068910084 1.4775278170522768 -86.3250131679438 -12.229003732723186 -0.1547188206119472 -11.407671799555317 -1.6211038708485717
3328 112033.9945948124 67224137.62315059 -7.933658312681484 -103.77363517790474 -25.298005373062892 39.69275927144432 -55.43935763308521 -12.097131381318263 12.657882687712458 -7.359028786738406 3.4642954724708375
3329 112073.23623752594 66453830.61448411 -0.1379560612755828 -94.73359652182451 -38.148677098459146 1.3507754085165757 -86.62938549424464 -11.708033201789192 -1.0600788505567493 -10.525032120040805 -0.5384963300145387
3330 112107.36725521088 66596723.89624414 -2.588857794912741 -97.51856395747167 -36.32543044910343 2.149016313964637 -85.52830531317808 -13.495080922343845 2.4476123395020295 -10.323283792114353 -0.15388698505444154
3331 112140.4935259819 66593183.072721995 -1.9405025881476234 -98.4112159201015 -35.941147913859034 2.4694775349133167 -85.50261821966431 -13.037704769778088 3.0939572292653565 -10.277258717348161 -0.10446014163761674
3332 112173.98315405846 70521702.21244584 -9.196944271520568 -110.4454169566439 4.650156734121147 58.56066010482206 -47.85753629368942 -4.122053597242655 28.106438157702883 16.623907950486682 30.580762906248765
3333 112206.71296691895 66498676.91907652 -2.0554850566614906 -98.08893359569554 -36.15485459394669 2.3462678407735638 -85.6100992750936 -13.005945275388001 3.1116686260427286 -11.094311057289133 -1.2346046320854498
3334 112240.33481431007 66409443.489541605 -1.11586006522605 -95.89801749511093 -37.2816539400804 1.7598183841831485 -86.35423069534947 -11.814989217235166 0.06504484749927997 -10.728573892679549 -0.9045171738943054
3335 112273.44429016113 66441596.74102208 -0.40723241481961914 -94.66963230106245 -38.08415092581583 20.940463475822185 -68.77052094865297 -11.462998588664107 -0.5805230961556731 -10.579909682606058 -0.6450112621042194
3336 112307.18116760254 66421662.463713296 -0.5056327714601672 -94.74012780235338 -38.244153669685396 1.2737640563167787 -86.53088394508691 -11.79891948356834 -0.3324198275480512 -10.641316800157654 -0.8799965515426607
3337 112340.20627975464 66373366.73405889 -1.721518381341367 -95.9902488784595 -37.16690276245244 21.41839958114802 -68.36202986756943 -12.062502299254277 -0.10103195033781276 -10.84953090549567 -1.0428646562087351
3338 112373.47478580475 66446627.800432175 -2.841066593627028 -96.63623162560512 -36.81746929032407 1.968061434814473 -86.01398776904172 -12.570878297837169 0.6577064018193823 -10.688703646664692 -0.6672261466363238
3339 112406.7230489254 66449748.680316165 -5.0017385905159415 -104.24499781723611 -29.033174454219257 18.251248045370815 -78.68395823648169 -11.474810257937918 9.136916184074607 -11.238500768512097 -0.9330320019903411
3340 112440.50240325928 68239847.52093045 -3.983515237027083 -101.11313685931958 -19.337260754383813 29.599946584791603 -73.85119329848764 -9.321820730602553 7.840428502092607 2.429036236201341 14.312925110472179
3341 112473.7098107338 68152821.28352812 -4.903643107961329 -101.9845002795797 -18.06069247318606 49.70012194391276 -55.736941195481535 -9.414330848003544 8.347946225788519 1.9140496017479336 13.488326693533281
3342 112507.58425545692 66376561.24437702 -0.532017398317846 -95.07574478661093 -37.955465178936805 1.4140813393563505 -86.45613994998534 -11.820117872888204 -0.6245646036596781 -11.361374356148644 -1.6028599291435626
3343 112541.1025557518 76383673.67634678 -1.642023598992722 -115.58665680449198 1.2481695562867579 36.7704802588884 -55.24790126329921 15.434364050608337 84.83019292793483 67.01699336019533 88.38373261732784
3344 112574.42420887947 66595704.19387971 -6.788709424374158 -106.70342301908703 -25.753934236724014 19.816493109320103 -76.9492116660554 -12.156970359030254 10.67100394711241 -11.203649352633136 -1.3569082752907775
3345 112607.3753247261 66447612.683803834 -2.613832957101783 -96.6910303639329 -37.31653551050947 1.6770670312309974 -86.23901727446898 -12.691251085584213 0.6490810930171733 -10.74755389396313 -0.8411088705207135
3346 112640.30851578712 66358513.97510693 -0.4071509698363496 -95.6039635474134 -37.947418716271414 1.4049897419338322 -86.43920820116884 -12.150221654185373 -0.5831884446776598 -11.211358512868799 -1.426957427096113
3347 112672.63275074959 66429546.128218375 -2.6982904423843337 -96.42310196235597 -37.469705578429455 1.621843514279199 -86.23845711252125 -12.822192527539016 0.08453406199782876 -10.786854311804461 -0.6168917034955825
3348 112704.98755812645 66890581.18651825 -2.717623462692906 -97.14612383270689 -34.1519482198254 15.763862393122452 -81.06851533656865 -10.55796060500677 3.4901732199925846 -7.857690816719014 2.533683132535657
3349 112738.04675984383 66489473.27527174 -1.7860104750701744 -95.82509233775956 -37.631423591894205 1.5349716483122293 -86.40198624178592 -12.169999514060578 0.06871973537101894 -10.43284513665094 -0.3474360314252749
3350 112772.0022277832 66990602.73477982 -3.862837366786186 -98.72280673739613 -30.859074928826637 17.403108728734594 -79.35699755216811 -11.929221701812764 2.3550451117499733 -7.569245446994785 2.8713017363813833
3351 112805.0787320137 66617616.41112908 -7.527436725306854 -107.96182034857827 -24.17572958536112 20.65317107338856 -76.44384163595788 -11.421091043504134 14.106417685737142 -11.266842747697694 -1.3398433336271864
3352 112838.42539215088 66457296.76145509 -2.882447025750537 -96.35826216292654 -36.620787578434054 21.664979362159748 -68.1569734379356 -11.982764143989073 0.9436293674796161 -10.576592552835848 -0.5783206562212513
3353 112871.37514305115 66666077.648519345 -7.884176976781028 -107.21070171817779 -25.383151266521025 19.937551672387844 -76.83181068882274 -13.008033793186371 10.573890372717074 -10.860901793147434 -0.7753598835623166
3354 112904.62542486191 66502520.125439785 -2.668271016373593 -96.54043697866378 -37.412840680144924 1.566788674959902 -86.40785144867088 -12.695906461927564 0.44860569630543523 -10.754658315760537 -0.7164008235632195
3355 112938.23711371422 66814997.334347665 -9.095596395736475 -108.72276003934772 -22.68148382770717 21.25484187262572 -75.46876753127708 -12.621520955627204 15.390813095666658 -10.402360154448274 -0.3503910481650223
3356 112971.81017756462 66383156.02694613 -0.9394044128870096 -95.41740389422586 -38.138739714757826 1.2732476017209677 -86.48864162655514 -12.184327221604065 -0.42550389546937595 -11.235099030122342 -1.5190390143982313
3357 113005.52096533775 75645017.60245213 -11.936184849596195 -130.09534478816687 3.226896576985837 48.912703468247784 -51.11441175396183 10.677025587244884 81.42746264504592 51.2024715398187 70.47977725790452
3358 113039.70733070374 68823476.25065292 -7.732704903437348 -106.85159287095367 -12.46395371640746 31.121912437265248 -59.92260349333458 -6.1104638091611605 24.78253117454085 3.8507337177287013 16.17142871987187
3359 113072.33334636688 75548329.51116319 -19.16904311855515 -144.9999670888227 14.105133956693948 93.66023736849759 2.7572351828656543 6.279392028063057 103.68898004719938 47.65279531858869 66.21057107815886
3360 113105.51355290413 66388688.446838304 -2.5409285634741536 -96.49539567206592 -37.1063926479782 1.7923570429402247 -86.15242227760663 -12.102471443826516 1.1059784646466255 -11.206034698611006 -1.3662902113214273
3361 113138.27534556389 66403891.49830498 -3.182944260179502 -96.92137362061275 -36.64964235127261 2.06166992084038 -85.97933991579778 -12.032769539926733 1.4639506721729276 -10.693012323687242 -0.9099527674935644
3362 113167.19620466232 66511540.19919609 -2.339305079800951 -96.07388496732531 -37.670360697365375 1.5186416633942343 -86.24459223278704 -12.384877720397924 0.7492302332187819 -10.414376734303005 -0.3457915918941694
3363 113196.5025947094 66349429.37298458 -0.5988771726426343 -95.9868708005642 -37.95601667982027 1.4117150758814958 -86.44233608140536 -12.286939748318048 -0.392612505026932 -11.44762354183689 -1.5726090467885
3364 113226.49192857742 66363682.88125475 -1.8799986057802016 -95.73902621835124 -37.62851959803725 21.1470316482306 -68.36206255911617 -12.044561039720747 0.5428304121261363 -11.25377213057476 -1.4214147095892713
3365 113258.21897625923 75390332.55329677 -10.24167923016483 -130.11806888649298 0.8692931896116072 35.17068939642789 -56.18780545510421 10.522434858793929 81.95802932698518 49.36198234486653 68.43546144146728
